;FLAVOR:Marlin
;TIME:1489
;Filament used: 0.61338m
;Layer height: 0.2
;MINX:97.476
;MINY:57.832
;MINZ:0.2
;MAXX:122.476
;MAXY:80.832
;MAXZ:26.4
;TARGET_MACHINE.NAME:Creality Ender-3 V3 SE
;Generated with Cura_SteamEngine 5.12.1
M220 S100 ;Reset Feedrate
M221 S100 ;Reset Flowrate

G28 ;Home

M420 S1; Use saved mesh leveling data

G92 E0 ;Reset Extruder
G1 Z2.0 F3000 ;Move Z Axis up
G1 X-3 Y20 Z0.28 F5000.0 ;Move to start position
M190 S60 ; Set bed temperature and wait
M109 S225.0 ; Set hotend temperature and wait
G1 X-3 Y100.0 Z0.28 F1500.0 E15 ;Draw the first line
G1 X-2 Y100.0 Z0.28 F5000.0 ;Move to side a little
G1 X-2 Y20 Z0.28 F1500.0 E30 ;Draw the second line
G92 E0 ;Reset Extruder
G1 E-1.0000 F1800 ;Retract a bit
G1 Z2.0 F3000 ;Move Z Axis up
G1 E0.0000 F1800 

M82 ;absolute extrusion mode
G92 E0
G92 E0
G1 F2400 E-0.8
;LAYER_COUNT:132
;LAYER:0
M107
G0 F9000 X98.067 Y59.003 Z0.2
;TYPE:SKIRT
G1 F2400 E0
G1 F1800 X98.654 Y58.458 E0.02664
G1 X99.447 Y57.985 E0.05735
G1 X100.278 Y57.847 E0.08537
G1 X119.774 Y57.832 E0.73381
G1 X120.512 Y58.013 E0.75908
G1 X121.305 Y58.423 E0.78877
G1 X121.85 Y59.01 E0.81542
G1 X122.323 Y59.803 E0.84613
G1 X122.461 Y60.634 E0.87414
G1 X122.476 Y78.13 E1.45606
G1 X122.295 Y78.868 E1.48134
G1 X121.885 Y79.661 E1.51103
G1 X121.298 Y80.206 E1.53767
G1 X120.505 Y80.679 E1.56838
G1 X119.674 Y80.817 E1.5964
G1 X100.178 Y80.832 E2.24484
G1 X99.44 Y80.651 E2.27011
G1 X98.647 Y80.241 E2.2998
G1 X98.102 Y79.654 E2.32645
G1 X97.629 Y78.861 E2.35716
G1 X97.491 Y78.03 E2.38517
G1 X97.476 Y60.534 E2.96709
G1 X97.657 Y59.796 E2.99237
G1 X98.067 Y59.003 E3.02206
G0 F9000 X98.39 Y59.248
G1 F1800 X98.893 Y58.782 E3.04487
G1 X99.587 Y58.368 E3.07174
G1 X100.344 Y58.242 E3.09727
G1 X119.724 Y58.232 E3.74185
G1 X120.373 Y58.391 E3.76407
G1 X121.06 Y58.746 E3.78979
G1 X121.526 Y59.249 E3.8126
G1 X121.94 Y59.943 E3.83948
G1 X122.066 Y60.7 E3.865
G1 X122.076 Y78.08 E4.44306
G1 X121.917 Y78.729 E4.46529
G1 X121.562 Y79.416 E4.49101
G1 X121.059 Y79.882 E4.51381
G1 X120.365 Y80.296 E4.54069
G1 X119.608 Y80.422 E4.56621
G1 X100.228 Y80.432 E5.2108
G1 X99.579 Y80.273 E5.23302
G1 X98.892 Y79.918 E5.25874
G1 X98.426 Y79.415 E5.28155
G1 X98.012 Y78.721 E5.30842
G1 X97.886 Y77.964 E5.33395
G1 X97.876 Y60.584 E5.91201
G1 X98.035 Y59.935 E5.93423
G1 X98.39 Y59.248 E5.95995
G0 F9000 X98.713 Y59.494
G1 F1800 X99.132 Y59.106 E5.97895
G1 X99.727 Y58.751 E6.00199
G1 X100.41 Y58.637 E6.02502
G1 X119.674 Y58.632 E6.66575
G1 X120.234 Y58.769 E6.68492
G1 X120.814 Y59.069 E6.70664
G1 X121.202 Y59.488 E6.72563
G1 X121.557 Y60.083 E6.74868
G1 X121.671 Y60.766 E6.77171
G1 X121.676 Y78.03 E7.34591
G1 X121.539 Y78.59 E7.36509
G1 X121.239 Y79.17 E7.3868
G1 X120.82 Y79.558 E7.4058
G1 X120.225 Y79.913 E7.42884
G1 X119.542 Y80.027 E7.45187
G1 X100.278 Y80.032 E8.0926
G1 X99.718 Y79.895 E8.11177
G1 X99.138 Y79.595 E8.13349
G1 X98.75 Y79.176 E8.15248
G1 X98.395 Y78.581 E8.17553
G1 X98.281 Y77.898 E8.19856
G1 X98.276 Y60.634 E8.77276
G1 X98.413 Y60.074 E8.79194
G1 X98.713 Y59.494 E8.81366
G0 F9000 X99.036 Y59.74
G1 F1800 X99.374 Y59.427 E8.82898
G1 X99.865 Y59.134 E8.848
G1 X100.476 Y59.032 E8.8686
G1 X119.624 Y59.032 E9.50546
G1 X120.095 Y59.147 E9.52159
G1 X120.568 Y59.392 E9.53931
G1 X120.881 Y59.73 E9.55463
G1 X121.174 Y60.221 E9.57365
G1 X121.276 Y60.832 E9.59425
G1 X121.276 Y77.98 E10.16459
G1 X121.161 Y78.451 E10.18072
G1 X120.916 Y78.924 E10.19844
G1 X120.578 Y79.237 E10.21376
G1 X120.087 Y79.53 E10.23278
G1 X119.476 Y79.632 E10.25338
G1 X100.328 Y79.632 E10.89024
G1 X99.857 Y79.517 E10.90637
G1 X99.384 Y79.272 E10.92409
G1 X99.071 Y78.934 E10.93941
G1 X98.778 Y78.443 E10.95843
G1 X98.676 Y77.832 E10.97903
G1 X98.676 Y60.684 E11.54937
G1 X98.791 Y60.213 E11.5655
G1 X99.036 Y59.74 E11.58322
G0 F9000 X99.359 Y59.986
G1 F1800 X99.616 Y59.748 E11.59487
G1 X100.003 Y59.517 E11.60986
G1 X100.476 Y59.432 E11.62584
G1 X119.574 Y59.432 E12.26104
G1 X119.956 Y59.525 E12.27412
G1 X120.322 Y59.715 E12.28784
G1 X120.56 Y59.972 E12.29949
G1 X120.791 Y60.359 E12.31448
G1 X120.876 Y60.832 E12.33046
G1 X120.876 Y77.93 E12.89914
G1 X120.783 Y78.312 E12.91222
G1 X120.593 Y78.678 E12.92593
G1 X120.336 Y78.916 E12.93758
G1 X119.949 Y79.147 E12.95257
G1 X119.476 Y79.232 E12.96856
G1 X100.378 Y79.232 E13.60376
G1 X99.996 Y79.139 E13.61684
G1 X99.63 Y78.949 E13.63055
G1 X99.392 Y78.692 E13.6422
G1 X99.161 Y78.305 E13.65719
G1 X99.076 Y77.832 E13.67318
G1 X99.076 Y60.734 E14.24186
G1 X99.169 Y60.352 E14.25494
G1 X99.359 Y59.986 E14.26865
G0 F9000 X99.683 Y60.231
G1 F1800 X99.821 Y60.092 E14.27517
G1 X100.148 Y59.897 E14.28783
G1 X100.476 Y59.832 E14.29895
G1 X119.525 Y59.832 E14.93252
G1 X119.814 Y59.902 E14.94241
G1 X120.077 Y60.039 E14.95228
G1 X120.216 Y60.177 E14.95879
G1 X120.411 Y60.504 E14.97145
G1 X120.476 Y60.832 E14.98258
G1 X120.476 Y77.881 E15.54963
G1 X120.406 Y78.17 E15.55952
G1 X120.269 Y78.433 E15.56938
G1 X120.131 Y78.572 E15.5759
G1 X119.804 Y78.767 E15.58856
G1 X119.476 Y78.832 E15.59968
G1 X100.427 Y78.832 E16.23325
G1 X100.138 Y78.762 E16.24314
G1 X99.875 Y78.625 E16.25301
G1 X99.736 Y78.487 E16.25952
G1 X99.541 Y78.16 E16.27218
G1 X99.476 Y77.832 E16.2833
G1 X99.476 Y60.783 E16.85036
G1 X99.546 Y60.494 E16.86025
G1 X99.683 Y60.231 E16.87011
G0 F9000 X100.315 Y60.713
G1 F1800 X100.476 Y60.632 E16.8761
G1 X119.476 Y60.632 E17.50805
G1 X119.595 Y60.671 E17.51221
G1 X119.676 Y60.832 E17.51821
G1 X119.676 Y77.832 E18.08363
G1 X119.637 Y77.951 E18.08779
G1 X119.476 Y78.032 E18.09379
G1 X100.476 Y78.032 E18.72573
G1 X100.357 Y77.993 E18.7299
G1 X100.276 Y77.832 E18.73589
G1 X100.276 Y60.832 E19.30131
G1 X100.315 Y60.713 E19.30548
G0 F9000 X99.935 Y60.588
G1 F1800 X100.026 Y60.436 E19.31137
G1 X100.296 Y60.275 E19.32183
G1 X100.476 Y60.232 E19.32798
G1 X119.476 Y60.232 E19.95992
G1 X119.72 Y60.291 E19.96827
G1 X119.872 Y60.382 E19.97417
G1 X120.033 Y60.652 E19.98462
G1 X120.076 Y60.832 E19.99078
G1 X120.076 Y77.832 E20.5562
G1 X120.017 Y78.076 E20.56455
G1 X119.926 Y78.228 E20.57044
G1 X119.656 Y78.389 E20.5809
G1 X119.476 Y78.432 E20.58705
G1 X100.476 Y78.432 E21.21899
G1 X100.232 Y78.373 E21.22734
G1 X100.08 Y78.282 E21.23324
G1 X99.919 Y78.012 E21.24369
G1 X99.876 Y77.832 E21.24985
G1 X99.876 Y60.832 E21.81527
G1 X99.935 Y60.588 E21.82362
G1 F2400 E21.02362
;MESH:nut_holder.stl
G0 F9000 X100.9 Y61.256
G0 X102.302 Y61.839
;TYPE:WALL-INNER
G1 F2400 E21.82362
G1 F1764.7 X102.476 Y61.832 E21.82953
G1 F1800 X117.476 Y61.832 E22.32843
G0 F9000 X118.314 Y61.994
G0 X118.476 Y62.832
G1 F1865.3 X118.49 Y61.818 E22.36098
G1 X117.476 Y61.832 E22.39352
G1 X118.173 Y62.135 E22.41792
G1 X118.476 Y62.832 E22.44231
G1 F1800 X118.476 Y73.832 E22.80817
G1 F1769 X118.469 Y74.006 E22.81407
G0 F9000 X118.314 Y74.67
G0 X109.977 Y74.742
G0 X109.977 Y74.432
G1 F1800 X102.476 Y74.432 E23.06355
G1 X102.244 Y74.386 E23.07142
G1 X101.995 Y74.192 E23.08192
G1 X101.876 Y73.918 E23.09185
G1 X101.876 Y62.832 E23.46057
G1 X102.051 Y62.407 E23.47586
G1 X102.387 Y62.232 E23.48846
G1 X117.476 Y62.232 E23.99032
G1 X117.9 Y62.408 E24.00559
G1 X118.076 Y62.832 E24.02086
G1 X118.076 Y73.917 E24.38955
G1 X117.958 Y74.192 E24.3995
G1 X117.708 Y74.386 E24.41003
G1 X117.476 Y74.432 E24.41789
G1 X109.977 Y74.432 E24.66731
G0 F9000 X109.977 Y74.742
G0 X118.293 Y74.643
G0 X118.304 Y76.66
G0 X109.977 Y76.832
G1 F1800 X118.476 Y76.832 E24.94999
G1 F1769 X118.469 Y74.006 E25.04563
G1 X118.278 Y74.432 E25.06143
G1 F1800 X117.862 Y74.756 E25.07896
G1 X117.476 Y74.832 E25.09205
G1 X102.476 Y74.832 E25.59095
G1 X102.09 Y74.756 E25.60404
G1 X101.675 Y74.431 E25.62157
G1 F1764.7 X101.483 Y74.006 E25.63739
G1 X101.475 Y74.498 E25.65408
G1 F1800 X101.476 Y76.832 E25.73171
G1 X109.977 Y76.832 E26.01446
G0 F9000 X101.648 Y76.66
G0 X101.483 Y74.006
G1 F1764.7 X101.476 Y73.832 E26.02036
G1 F1800 X101.476 Y62.832 E26.38623
G1 F1865.3 X101.779 Y62.135 E26.41062
G1 F1827.4 X102.302 Y61.839 E26.43031
G1 X101.462 Y61.818 E26.45784
G1 F1865.3 X101.476 Y62.832 E26.49038
G0 F9000 X101.638 Y74.67
G0 X101.648 Y76.66
G0 X109.977 Y76.922
G0 X109.977 Y77.232
G1 F1800 X118.876 Y77.232 E26.78637
G1 X118.876 Y61.432 E27.31188
G1 X101.077 Y61.433 E27.90387
G1 X101.076 Y77.232 E28.42935
G1 X109.977 Y77.232 E28.7254
G0 F9000 X109.977 Y77.632
;TYPE:WALL-OUTER
G1 F1800 X119.276 Y77.632 E29.03468
G1 X119.276 Y61.032 E29.5868
G1 X100.677 Y61.033 E30.20541
G1 X100.676 Y77.632 E30.75749
G1 X109.977 Y77.632 E31.06685
G1 F2400 E30.26685
G0 F9000 X109.977 Y76.922
G0 X118.558 Y76.914
G0 X118.451 Y74.319
G0 X109.977 Y74.742
G0 X109.977 Y74.032
G1 F2400 E31.06685
G1 F1800 X102.417 Y74.032 E31.31829
G1 X102.315 Y73.952 E31.3226
G1 X102.278 Y73.867 E31.32569
G1 X102.276 Y62.832 E31.69271
G1 X102.334 Y62.69 E31.69781
G1 X102.441 Y62.634 E31.70183
G1 X117.476 Y62.632 E32.2019
G1 X117.618 Y62.69 E32.207
G1 X117.676 Y62.832 E32.2121
G1 X117.674 Y73.867 E32.57913
G1 X117.637 Y73.952 E32.58221
G1 X117.535 Y74.032 E32.58652
G1 X109.977 Y74.032 E32.8379
G0 F9000 X109.977 Y74.742
G0 X118.451 Y74.319
G0 X118.558 Y76.914
G0 X109.977 Y76.732
G0 X109.977 Y76.472
;TYPE:SKIN
G1 F1800 X101.836 Y76.472 E33.10867
G1 X101.833 Y75.001 E33.1576
G1 X101.988 Y75.096 E33.16364
G1 X102.44 Y75.189 E33.17899
G1 X117.508 Y75.189 E33.68016
G1 X117.96 Y75.097 E33.6955
G1 X118.116 Y75 E33.70161
G1 X118.116 Y76.472 E33.75057
G1 X109.977 Y76.472 E34.02127
G0 F9000 X109.977 Y76.732
G0 X102.294 Y76.732
G0 X102.294 Y76.272
G1 F1800 X102.035 Y76.013 E34.03345
G0 F9000 X102.033 Y75.446
G1 F1800 X102.859 Y76.272 E34.07231
G0 F9000 X103.425 Y76.272
G1 F1800 X102.545 Y75.392 E34.1137
G0 F9000 X103.11 Y75.392
G1 F1800 X103.991 Y76.272 E34.15511
G0 F9000 X104.556 Y76.272
G1 F1800 X103.676 Y75.392 E34.19651
G0 F9000 X104.242 Y75.392
G1 F1800 X105.122 Y76.272 E34.2379
G0 F9000 X105.688 Y76.272
G1 F1800 X104.807 Y75.392 E34.27932
G0 F9000 X105.373 Y75.392
G1 F1800 X106.253 Y76.272 E34.32071
G0 F9000 X106.819 Y76.272
G1 F1800 X105.939 Y75.392 E34.3621
G0 F9000 X106.504 Y75.392
G1 F1800 X107.385 Y76.272 E34.40352
G0 F9000 X107.95 Y76.272
G1 F1800 X107.07 Y75.392 E34.44491
G0 F9000 X107.636 Y75.392
G1 F1800 X108.516 Y76.272 E34.4863
G0 F9000 X109.082 Y76.272
G1 F1800 X108.201 Y75.392 E34.52772
G0 F9000 X108.767 Y75.392
G1 F1800 X109.648 Y76.272 E34.56913
G0 F9000 X110.213 Y76.272
G1 F1800 X109.333 Y75.392 E34.61053
G0 F9000 X109.899 Y75.392
G1 F1800 X110.779 Y76.272 E34.65192
G0 F9000 X111.345 Y76.272
G1 F1800 X110.464 Y75.392 E34.69333
G0 F9000 X111.03 Y75.392
G1 F1800 X111.91 Y76.272 E34.73473
G0 F9000 X112.476 Y76.272
G1 F1800 X111.596 Y75.392 E34.77612
G0 F9000 X112.161 Y75.392
G1 F1800 X113.042 Y76.272 E34.81754
G0 F9000 X113.607 Y76.272
G1 F1800 X112.727 Y75.392 E34.85893
G0 F9000 X113.293 Y75.392
G1 F1800 X114.173 Y76.272 E34.90032
G0 F9000 X114.739 Y76.272
G1 F1800 X113.858 Y75.392 E34.94174
G0 F9000 X114.424 Y75.392
G1 F1800 X115.304 Y76.272 E34.98313
G0 F9000 X115.87 Y76.272
G1 F1800 X114.99 Y75.392 E35.02452
G0 F9000 X115.555 Y75.392
G1 F1800 X116.436 Y76.272 E35.06594
G0 F9000 X117.001 Y76.272
G1 F1800 X116.121 Y75.392 E35.10733
G0 F9000 X116.687 Y75.392
G1 F1800 X117.567 Y76.272 E35.14872
G0 F9000 X117.916 Y76.056
G1 F1800 X117.252 Y75.392 E35.17996
G0 F9000 X117.767 Y75.341
G1 F1800 X117.916 Y75.49 E35.18696
M104 S225
;MESH:NONMESH
G0 F300 Z0.4
G0 F9000 X118.376 Y75.49
G0 X118.293 Y74.643
G0 X101.638 Y74.67
G0 X101.476 Y62.832
;TIME_ELAPSED:46.406552
;LAYER:1
;note -- min layer time used
M106 S85
;TYPE:WALL-INNER
;MESH:nut_holder.stl
G1 F2711 X101.779 Y62.135 E35.21136
G1 F2656 X102.302 Y61.839 E35.23105
G1 X101.462 Y61.818 E35.25857
G1 F2711 X101.476 Y62.832 E35.29112
G1 F2616.1 X101.476 Y73.832 E35.65698
G1 F2564.8 X101.483 Y74.006 E35.66289
G0 F12000 X101.638 Y74.67
G0 X109.977 Y74.742
G0 X109.977 Y74.432
G1 F2616.1 X102.476 Y74.432 E35.91238
G1 X102.244 Y74.386 E35.92024
G1 X101.995 Y74.192 E35.93074
G1 X101.876 Y73.918 E35.94068
G1 X101.876 Y62.832 E36.3094
G1 X102.051 Y62.407 E36.32469
G1 X102.387 Y62.232 E36.33729
G1 X117.476 Y62.232 E36.83915
G1 X117.9 Y62.408 E36.85442
G1 X118.076 Y62.832 E36.86969
G1 X118.076 Y73.917 E37.23837
G1 X117.958 Y74.192 E37.24833
G1 X117.708 Y74.386 E37.25885
G1 X117.476 Y74.432 E37.26672
G1 X109.977 Y74.432 E37.51614
G0 F12000 X109.977 Y74.742
G0 X118.293 Y74.643
G0 X118.304 Y76.66
G0 X109.977 Y76.832
G1 F2616.1 X118.476 Y76.832 E37.79881
G1 F2571.1 X118.469 Y74.006 E37.89445
G1 X118.278 Y74.432 E37.91025
G1 F2616.1 X117.862 Y74.756 E37.92779
G1 X117.476 Y74.832 E37.94087
G1 X102.476 Y74.832 E38.43978
G1 X102.09 Y74.756 E38.45286
G1 X101.675 Y74.431 E38.47039
G1 F2564.8 X101.483 Y74.006 E38.48621
G1 X101.475 Y74.498 E38.50291
G1 F2616.1 X101.476 Y76.832 E38.58054
G1 X109.977 Y76.832 E38.86328
G0 F12000 X118.304 Y76.66
G0 X118.469 Y74.006
G1 F2571.1 X118.476 Y73.832 E38.86918
G1 F2616.1 X118.476 Y62.832 E39.23504
G1 F2711 X118.49 Y61.818 E39.26759
G1 X117.476 Y61.832 E39.30013
G1 X118.173 Y62.135 E39.32453
G1 X118.476 Y62.832 E39.34892
G0 F12000 X118.314 Y61.994
G0 X117.476 Y61.832
G1 F2616.1 X102.476 Y61.832 E39.84782
G1 F2564.8 X102.302 Y61.839 E39.85373
G0 F12000 X101.638 Y61.994
G0 X101.648 Y76.66
G0 X109.977 Y76.922
G0 X109.977 Y77.232
G1 F2616.1 X118.876 Y77.232 E40.14971
G1 X118.876 Y61.432 E40.67522
G1 X101.077 Y61.433 E41.26722
G1 X101.076 Y77.232 E41.7927
G1 X109.977 Y77.232 E42.08874
G0 F12000 X109.977 Y77.632
;TYPE:WALL-OUTER
G1 F2616.1 X119.276 Y77.632 E42.39803
G1 X119.276 Y61.032 E42.95015
G1 X100.677 Y61.033 E43.56875
G1 X100.676 Y77.632 E44.12084
G1 X109.977 Y77.632 E44.43019
G1 F2400 E43.63019
G0 F12000 X109.977 Y76.922
G0 X118.558 Y76.914
G0 X118.451 Y74.319
G0 X109.977 Y74.742
G0 X109.977 Y74.032
G1 F2400 E44.43019
G1 F2616.1 X102.417 Y74.032 E44.68164
G1 X102.315 Y73.952 E44.68595
G1 X102.278 Y73.867 E44.68903
G1 X102.276 Y62.832 E45.05606
G1 X102.334 Y62.69 E45.06116
G1 X102.441 Y62.634 E45.06518
G1 X117.476 Y62.632 E45.56524
G1 X117.618 Y62.69 E45.57035
G1 X117.676 Y62.832 E45.57545
G1 X117.674 Y73.867 E45.94247
G1 X117.637 Y73.952 E45.94556
G1 X117.535 Y74.032 E45.94987
G1 X109.977 Y74.032 E46.20125
G0 F12000 X109.977 Y74.742
G0 X118.451 Y74.319
G0 X118.558 Y76.914
G0 X109.977 Y76.732
G0 X109.977 Y76.472
;TYPE:SKIN
G1 F2616.1 X101.836 Y76.472 E46.47202
G1 X101.833 Y75.001 E46.52094
G1 X101.988 Y75.096 E46.52699
G1 X102.44 Y75.189 E46.54234
G1 X117.508 Y75.189 E47.0435
G1 X117.96 Y75.097 E47.05884
G1 X118.116 Y75 E47.06495
G1 X118.116 Y76.472 E47.11391
G1 X109.977 Y76.472 E47.38462
G0 F12000 X109.977 Y76.732
G0 X117.758 Y76.732
G0 X117.758 Y76.272
G1 F2616.1 X117.916 Y76.114 E47.39205
G0 F12000 X117.916 Y75.549
G1 F2616.1 X117.192 Y76.272 E47.42608
G0 F12000 X116.627 Y76.272
G1 F2616.1 X117.507 Y75.392 E47.46747
G0 F12000 X116.941 Y75.392
G1 F2616.1 X116.061 Y76.272 E47.50887
G0 F12000 X115.495 Y76.272
G1 F2616.1 X116.376 Y75.392 E47.55028
G0 F12000 X115.81 Y75.392
G1 F2616.1 X114.93 Y76.272 E47.59167
G0 F12000 X114.364 Y76.272
G1 F2616.1 X115.244 Y75.392 E47.63307
G0 F12000 X114.679 Y75.392
G1 F2616.1 X113.798 Y76.272 E47.67448
G0 F12000 X113.233 Y76.272
G1 F2616.1 X114.113 Y75.392 E47.71588
G0 F12000 X113.547 Y75.392
G1 F2616.1 X112.667 Y76.272 E47.75727
G0 F12000 X112.101 Y76.272
G1 F2616.1 X112.982 Y75.392 E47.79868
G0 F12000 X112.416 Y75.392
G1 F2616.1 X111.535 Y76.272 E47.8401
G0 F12000 X110.97 Y76.272
G1 F2616.1 X111.85 Y75.392 E47.88149
G0 F12000 X111.284 Y75.392
G1 F2616.1 X110.404 Y76.272 E47.92288
G0 F12000 X109.838 Y76.272
G1 F2616.1 X110.719 Y75.392 E47.9643
G0 F12000 X110.153 Y75.392
G1 F2616.1 X109.273 Y76.272 E48.00569
G0 F12000 X108.707 Y76.272
G1 F2616.1 X109.587 Y75.392 E48.04709
G0 F12000 X109.022 Y75.392
G1 F2616.1 X108.141 Y76.272 E48.0885
G0 F12000 X107.576 Y76.272
G1 F2616.1 X108.456 Y75.392 E48.12989
G0 F12000 X107.89 Y75.392
G1 F2616.1 X107.01 Y76.272 E48.17129
G0 F12000 X106.444 Y76.272
G1 F2616.1 X107.325 Y75.392 E48.2127
G0 F12000 X106.759 Y75.392
G1 F2616.1 X105.879 Y76.272 E48.2541
G0 F12000 X105.313 Y76.272
G1 F2616.1 X106.193 Y75.392 E48.29549
G0 F12000 X105.628 Y75.392
G1 F2616.1 X104.747 Y76.272 E48.3369
G0 F12000 X104.182 Y76.272
G1 F2616.1 X105.062 Y75.392 E48.3783
G0 F12000 X104.496 Y75.392
G1 F2616.1 X103.616 Y76.272 E48.41969
G0 F12000 X103.05 Y76.272
G1 F2616.1 X103.931 Y75.392 E48.4611
G0 F12000 X103.365 Y75.392
G1 F2616.1 X102.485 Y76.272 E48.5025
G0 F12000 X102.036 Y76.155
G1 F2616.1 X102.799 Y75.392 E48.53839
G0 F12000 X102.268 Y75.357
G1 F2616.1 X102.035 Y75.59 E48.54935
;MESH:NONMESH
G0 F300 Z0.6
G0 F12000 X101.575 Y75.59
G0 X101.476 Y62.832
;TIME_ELAPSED:64.811001
;LAYER:2
;note -- min layer time used
M106 S170
;TYPE:WALL-INNER
;MESH:nut_holder.stl
G1 F2657.8 X101.779 Y62.135 E48.57374
G1 F2603.8 X102.302 Y61.839 E48.59343
G1 X101.462 Y61.818 E48.62096
G1 F2657.8 X101.476 Y62.832 E48.6535
G1 F2564.8 X101.476 Y73.832 E49.01937
G1 F2514.5 X101.483 Y74.006 E49.02527
G0 F15000 X101.638 Y74.67
G0 X109.977 Y74.742
G0 X109.977 Y74.432
G1 F2564.8 X102.476 Y74.432 E49.27476
G1 X102.244 Y74.386 E49.28262
G1 X101.995 Y74.192 E49.29312
G1 X101.876 Y73.918 E49.30306
G1 X101.876 Y62.832 E49.67178
G1 X102.051 Y62.407 E49.68707
G1 X102.387 Y62.232 E49.69967
G1 X117.476 Y62.232 E50.20153
G1 X117.9 Y62.408 E50.2168
G1 X118.076 Y62.832 E50.23207
G1 X118.076 Y73.917 E50.60076
G1 X117.958 Y74.192 E50.61071
G1 X117.708 Y74.386 E50.62123
G1 X117.476 Y74.432 E50.6291
G1 X109.977 Y74.432 E50.87852
G0 F15000 X109.977 Y74.742
G0 X118.293 Y74.643
G0 X118.304 Y76.66
G0 X109.977 Y76.832
G1 F2564.8 X118.476 Y76.832 E51.1612
G1 F2520.7 X118.469 Y74.006 E51.25683
G1 X118.278 Y74.432 E51.27263
G1 F2564.8 X117.862 Y74.756 E51.29017
G1 X117.476 Y74.832 E51.30326
G1 X102.476 Y74.832 E51.80216
G1 X102.09 Y74.756 E51.81524
G1 X101.675 Y74.431 E51.83278
G1 F2514.5 X101.483 Y74.006 E51.8486
G1 X101.475 Y74.498 E51.86529
G1 F2564.8 X101.476 Y76.832 E51.94292
G1 X109.977 Y76.832 E52.22566
G0 F15000 X118.304 Y76.66
G0 X118.469 Y74.006
G1 F2520.7 X118.476 Y73.832 E52.23156
G1 F2564.8 X118.476 Y62.832 E52.59742
G1 F2657.8 X118.49 Y61.818 E52.62997
G1 X117.476 Y61.832 E52.66252
G1 X118.173 Y62.135 E52.68691
G1 X118.476 Y62.832 E52.7113
G0 F15000 X118.314 Y61.994
G0 X117.476 Y61.832
G1 F2564.8 X102.476 Y61.832 E53.2102
G1 F2514.5 X102.302 Y61.839 E53.21611
G0 F15000 X101.638 Y61.994
G0 X101.648 Y76.66
G0 X109.977 Y76.922
G0 X109.977 Y77.232
G1 F2564.8 X118.876 Y77.232 E53.51209
G1 X118.876 Y61.432 E54.0376
G1 X101.077 Y61.433 E54.6296
G1 X101.076 Y77.232 E55.15508
G1 X109.977 Y77.232 E55.45113
G0 F15000 X109.977 Y77.632
;TYPE:WALL-OUTER
G1 F2564.8 X119.276 Y77.632 E55.76041
G1 X119.276 Y61.032 E56.31253
G1 X100.677 Y61.033 E56.93114
G1 X100.676 Y77.632 E57.48322
G1 X109.977 Y77.632 E57.79257
G1 F2400 E56.99257
G0 F15000 X109.977 Y76.922
G0 X118.558 Y76.914
G0 X118.451 Y74.319
G0 X109.977 Y74.742
G0 X109.977 Y74.032
G1 F2400 E57.79257
G1 F2564.8 X102.417 Y74.032 E58.04402
G1 X102.315 Y73.952 E58.04833
G1 X102.278 Y73.867 E58.05142
G1 X102.276 Y62.832 E58.41844
G1 X102.334 Y62.69 E58.42354
G1 X102.441 Y62.634 E58.42756
G1 X117.476 Y62.632 E58.92763
G1 X117.618 Y62.69 E58.93273
G1 X117.676 Y62.832 E58.93783
G1 X117.674 Y73.867 E59.30485
G1 X117.637 Y73.952 E59.30794
G1 X117.535 Y74.032 E59.31225
G1 X109.977 Y74.032 E59.56363
G0 F15000 X109.977 Y74.742
G0 X118.451 Y74.319
G0 X118.558 Y76.914
G0 X109.977 Y76.732
G0 X109.977 Y76.472
;TYPE:SKIN
G1 F2564.8 X101.836 Y76.472 E59.8344
G1 X101.833 Y75.001 E59.88333
G1 X101.988 Y75.096 E59.88937
G1 X102.44 Y75.189 E59.90472
G1 X117.508 Y75.189 E60.40588
G1 X117.96 Y75.097 E60.42123
G1 X118.116 Y75 E60.42734
G1 X118.116 Y76.472 E60.4763
G1 X109.977 Y76.472 E60.747
G0 F15000 X109.977 Y76.732
G0 X102.294 Y76.732
G0 X102.294 Y76.272
G1 F2564.8 X102.035 Y76.013 E60.75918
G0 F15000 X102.033 Y75.446
G1 F2564.8 X102.859 Y76.272 E60.79803
G0 F15000 X103.425 Y76.272
G1 F2564.8 X102.545 Y75.392 E60.83943
G0 F15000 X103.11 Y75.392
G1 F2564.8 X103.991 Y76.272 E60.88084
G0 F15000 X104.556 Y76.272
G1 F2564.8 X103.676 Y75.392 E60.92224
G0 F15000 X104.242 Y75.392
G1 F2564.8 X105.122 Y76.272 E60.96363
G0 F15000 X105.688 Y76.272
G1 F2564.8 X104.807 Y75.392 E61.00504
G0 F15000 X105.373 Y75.392
G1 F2564.8 X106.253 Y76.272 E61.04644
G0 F15000 X106.819 Y76.272
G1 F2564.8 X105.939 Y75.392 E61.08783
G0 F15000 X106.504 Y75.392
G1 F2564.8 X107.385 Y76.272 E61.12925
G0 F15000 X107.95 Y76.272
G1 F2564.8 X107.07 Y75.392 E61.17064
G0 F15000 X107.636 Y75.392
G1 F2564.8 X108.516 Y76.272 E61.21203
G0 F15000 X109.082 Y76.272
G1 F2564.8 X108.201 Y75.392 E61.25345
G0 F15000 X108.767 Y75.392
G1 F2564.8 X109.648 Y76.272 E61.29486
G0 F15000 X110.213 Y76.272
G1 F2564.8 X109.333 Y75.392 E61.33625
G0 F15000 X109.899 Y75.392
G1 F2564.8 X110.779 Y76.272 E61.37765
G0 F15000 X111.345 Y76.272
G1 F2564.8 X110.464 Y75.392 E61.41906
G0 F15000 X111.03 Y75.392
G1 F2564.8 X111.91 Y76.272 E61.46046
G0 F15000 X112.476 Y76.272
G1 F2564.8 X111.596 Y75.392 E61.50185
G0 F15000 X112.161 Y75.392
G1 F2564.8 X113.042 Y76.272 E61.54326
G0 F15000 X113.607 Y76.272
G1 F2564.8 X112.727 Y75.392 E61.58466
G0 F15000 X113.293 Y75.392
G1 F2564.8 X114.173 Y76.272 E61.62605
G0 F15000 X114.739 Y76.272
G1 F2564.8 X113.858 Y75.392 E61.66747
G0 F15000 X114.424 Y75.392
G1 F2564.8 X115.304 Y76.272 E61.70886
G0 F15000 X115.87 Y76.272
G1 F2564.8 X114.99 Y75.392 E61.75025
G0 F15000 X115.555 Y75.392
G1 F2564.8 X116.436 Y76.272 E61.79167
G0 F15000 X117.001 Y76.272
G1 F2564.8 X116.121 Y75.392 E61.83306
G0 F15000 X116.687 Y75.392
G1 F2564.8 X117.567 Y76.272 E61.87445
G0 F15000 X117.916 Y76.056
G1 F2564.8 X117.252 Y75.392 E61.90568
G0 F15000 X117.767 Y75.341
G1 F2564.8 X117.916 Y75.49 E61.91269
;MESH:NONMESH
G0 F300 Z0.8
G0 F15000 X118.376 Y75.49
G0 X118.293 Y74.643
G0 X101.638 Y74.67
G0 X101.476 Y62.832
;TIME_ELAPSED:83.780503
;LAYER:3
;note -- min layer time used
M106 S255
;TYPE:WALL-INNER
;MESH:nut_holder.stl
G1 F2666.8 X101.779 Y62.135 E61.93709
G1 F2612.7 X102.302 Y61.839 E61.95677
G1 X101.462 Y61.818 E61.9843
G1 F2666.8 X101.476 Y62.832 E62.01685
G1 F2573.5 X101.476 Y73.832 E62.38271
G1 F2523 X101.483 Y74.006 E62.38862
G0 F15000 X101.638 Y74.67
G0 X109.977 Y74.742
G0 X109.977 Y74.432
G1 F2573.5 X102.476 Y74.432 E62.6381
G1 X102.244 Y74.386 E62.64597
G1 X101.995 Y74.192 E62.65647
G1 X101.876 Y73.918 E62.6664
G1 X101.876 Y62.832 E63.03513
G1 X102.051 Y62.407 E63.05041
G1 X102.387 Y62.232 E63.06301
G1 X117.476 Y62.232 E63.56488
G1 X117.9 Y62.408 E63.58015
G1 X118.076 Y62.832 E63.59541
G1 X118.076 Y73.917 E63.9641
G1 X117.958 Y74.192 E63.97406
G1 X117.708 Y74.386 E63.98458
G1 X117.476 Y74.432 E63.99245
G1 X109.977 Y74.432 E64.24187
G0 F15000 X109.977 Y74.742
G0 X118.293 Y74.643
G0 X118.304 Y76.66
G0 X109.977 Y76.832
G1 F2573.5 X118.476 Y76.832 E64.52454
G1 F2529.2 X118.469 Y74.006 E64.62018
G1 X118.278 Y74.432 E64.63598
G1 F2573.5 X117.862 Y74.756 E64.65352
G1 X117.476 Y74.832 E64.6666
G1 X102.476 Y74.832 E65.16551
G1 X102.09 Y74.756 E65.17859
G1 X101.675 Y74.431 E65.19612
G1 F2523 X101.483 Y74.006 E65.21194
G1 X101.475 Y74.498 E65.22864
G1 F2573.5 X101.476 Y76.832 E65.30627
G1 X109.977 Y76.832 E65.58901
G0 F15000 X118.304 Y76.66
G0 X118.469 Y74.006
G1 F2529.2 X118.476 Y73.832 E65.5949
G1 F2573.5 X118.476 Y62.832 E65.96077
G1 F2666.8 X118.49 Y61.818 E65.99331
G1 X117.476 Y61.832 E66.02586
G1 X118.173 Y62.135 E66.05026
G1 X118.476 Y62.832 E66.07465
G0 F15000 X118.314 Y61.994
G0 X117.476 Y61.832
G1 F2573.5 X102.476 Y61.832 E66.57355
G1 F2523 X102.302 Y61.839 E66.57946
G0 F15000 X101.638 Y61.994
G0 X101.648 Y76.66
G0 X109.977 Y76.922
G0 X109.977 Y77.232
G1 F2573.5 X118.876 Y77.232 E66.87544
G1 X118.876 Y61.432 E67.40095
G1 X101.077 Y61.433 E67.99295
G1 X101.076 Y77.232 E68.51842
G1 X109.977 Y77.232 E68.81447
G0 F15000 X109.977 Y77.632
;TYPE:WALL-OUTER
G1 F2573.5 X119.276 Y77.632 E69.12376
G1 X119.276 Y61.032 E69.67588
G1 X100.677 Y61.033 E70.29448
G1 X100.676 Y77.632 E70.84657
G1 X109.977 Y77.632 E71.15592
G1 F2400 E70.35592
G0 F15000 X109.977 Y76.922
G0 X118.558 Y76.914
G0 X118.451 Y74.319
G0 X109.977 Y74.742
G0 X109.977 Y74.032
G1 F2400 E71.15592
G1 F2573.5 X102.417 Y74.032 E71.40737
G1 X102.315 Y73.952 E71.41168
G1 X102.278 Y73.867 E71.41476
G1 X102.276 Y62.832 E71.78179
G1 X102.334 Y62.69 E71.78689
G1 X102.441 Y62.634 E71.79091
G1 X117.476 Y62.632 E72.29097
G1 X117.618 Y62.69 E72.29607
G1 X117.676 Y62.832 E72.30118
G1 X117.674 Y73.867 E72.6682
G1 X117.637 Y73.952 E72.67128
G1 X117.535 Y74.032 E72.6756
G1 X109.977 Y74.032 E72.92698
G0 F15000 X109.977 Y74.742
G0 X118.451 Y74.319
G0 X118.558 Y76.914
G0 X109.977 Y76.732
G0 X109.977 Y76.472
;TYPE:SKIN
G1 F2573.5 X101.836 Y76.472 E73.19775
G1 X101.833 Y75.001 E73.24667
G1 X101.988 Y75.096 E73.25272
G1 X102.44 Y75.189 E73.26807
G1 X117.508 Y75.189 E73.76923
G1 X117.96 Y75.097 E73.78457
G1 X118.116 Y75 E73.79068
G1 X118.116 Y76.472 E73.83964
G1 X109.977 Y76.472 E74.11035
G0 F15000 X109.977 Y76.732
G0 X117.758 Y76.732
G0 X117.758 Y76.272
G1 F2573.5 X117.916 Y76.114 E74.11778
G0 F15000 X117.916 Y75.549
G1 F2573.5 X117.192 Y76.272 E74.15181
G0 F15000 X116.627 Y76.272
G1 F2573.5 X117.507 Y75.392 E74.1932
G0 F15000 X116.941 Y75.392
G1 F2573.5 X116.061 Y76.272 E74.23459
G0 F15000 X115.495 Y76.272
G1 F2573.5 X116.376 Y75.392 E74.27601
G0 F15000 X115.81 Y75.392
G1 F2573.5 X114.93 Y76.272 E74.3174
G0 F15000 X114.364 Y76.272
G1 F2573.5 X115.244 Y75.392 E74.3588
G0 F15000 X114.679 Y75.392
G1 F2573.5 X113.798 Y76.272 E74.40021
G0 F15000 X113.233 Y76.272
G1 F2573.5 X114.113 Y75.392 E74.4416
G0 F15000 X113.547 Y75.392
G1 F2573.5 X112.667 Y76.272 E74.483
G0 F15000 X112.101 Y76.272
G1 F2573.5 X112.982 Y75.392 E74.52441
G0 F15000 X112.416 Y75.392
G1 F2573.5 X111.535 Y76.272 E74.56583
G0 F15000 X110.97 Y76.272
G1 F2573.5 X111.85 Y75.392 E74.60722
G0 F15000 X111.284 Y75.392
G1 F2573.5 X110.404 Y76.272 E74.64861
G0 F15000 X109.838 Y76.272
G1 F2573.5 X110.719 Y75.392 E74.69003
G0 F15000 X110.153 Y75.392
G1 F2573.5 X109.273 Y76.272 E74.73142
G0 F15000 X108.707 Y76.272
G1 F2573.5 X109.587 Y75.392 E74.77281
G0 F15000 X109.022 Y75.392
G1 F2573.5 X108.141 Y76.272 E74.81423
G0 F15000 X107.576 Y76.272
G1 F2573.5 X108.456 Y75.392 E74.85562
G0 F15000 X107.89 Y75.392
G1 F2573.5 X107.01 Y76.272 E74.89702
G0 F15000 X106.444 Y76.272
G1 F2573.5 X107.325 Y75.392 E74.93843
G0 F15000 X106.759 Y75.392
G1 F2573.5 X105.879 Y76.272 E74.97982
G0 F15000 X105.313 Y76.272
G1 F2573.5 X106.193 Y75.392 E75.02122
G0 F15000 X105.628 Y75.392
G1 F2573.5 X104.747 Y76.272 E75.06263
G0 F15000 X104.182 Y76.272
G1 F2573.5 X105.062 Y75.392 E75.10403
G0 F15000 X104.496 Y75.392
G1 F2573.5 X103.616 Y76.272 E75.14542
G0 F15000 X103.05 Y76.272
G1 F2573.5 X103.931 Y75.392 E75.18683
G0 F15000 X103.365 Y75.392
G1 F2573.5 X102.485 Y76.272 E75.22823
G0 F15000 X102.036 Y76.155
G1 F2573.5 X102.799 Y75.392 E75.26412
G0 F15000 X102.268 Y75.357
G1 F2573.5 X102.035 Y75.59 E75.27507
;MESH:NONMESH
G0 F300 Z1
G0 F15000 X101.575 Y75.59
G0 X101.476 Y62.832
;TIME_ELAPSED:102.349807
;LAYER:4
;note -- min layer time used
;TYPE:WALL-INNER
;MESH:nut_holder.stl
G1 F2218 X101.779 Y62.135 E75.29947
G1 F2172.9 X102.302 Y61.839 E75.31916
G1 X101.462 Y61.818 E75.34668
G1 F2218 X101.476 Y62.832 E75.37923
G1 F2140.3 X101.476 Y73.832 E75.74509
G1 F2098.4 X101.483 Y74.006 E75.751
G0 F15000 X101.638 Y74.67
G0 X109.977 Y74.742
G0 X109.977 Y74.432
G1 F2140.3 X102.476 Y74.432 E76.00049
G1 X102.244 Y74.386 E76.00835
G1 X101.995 Y74.192 E76.01885
G1 X101.876 Y73.918 E76.02879
G1 X101.876 Y62.832 E76.39751
G1 X102.051 Y62.407 E76.4128
G1 X102.387 Y62.232 E76.4254
G1 X117.476 Y62.232 E76.92726
G1 X117.9 Y62.408 E76.94253
G1 X118.076 Y62.832 E76.9578
G1 X118.076 Y73.917 E77.32649
G1 X117.958 Y74.192 E77.33644
G1 X117.708 Y74.386 E77.34696
G1 X117.476 Y74.432 E77.35483
G1 X109.977 Y74.432 E77.60425
G0 F15000 X109.977 Y74.742
G0 X109.977 Y76.832
G1 F2140.3 X118.476 Y76.832 E77.88693
G1 F2103.5 X118.469 Y74.006 E77.98256
G1 X118.278 Y74.432 E77.99836
G1 F2140.3 X117.862 Y74.756 E78.0159
G1 X117.476 Y74.832 E78.02899
G1 X102.476 Y74.832 E78.52789
G1 X102.09 Y74.756 E78.54097
G1 X101.675 Y74.431 E78.5585
G1 F2098.4 X101.483 Y74.006 E78.57433
G1 X101.475 Y74.498 E78.59102
G1 F2140.3 X101.476 Y76.832 E78.66865
G1 X109.977 Y76.832 E78.95139
G0 F15000 X118.314 Y74.67
G0 X118.469 Y74.006
G1 F2103.5 X118.476 Y73.832 E78.95729
G1 F2140.3 X118.476 Y62.832 E79.32315
G1 F2218 X118.49 Y61.818 E79.3557
G1 X117.476 Y61.832 E79.38824
G1 X118.173 Y62.135 E79.41264
G1 X118.476 Y62.832 E79.43703
G0 F15000 X118.314 Y61.994
G0 X117.476 Y61.832
G1 F2140.3 X102.476 Y61.832 E79.93593
G1 F2098.4 X102.302 Y61.839 E79.94184
G0 F15000 X101.638 Y61.994
G0 X101.638 Y74.67
G0 X109.977 Y76.922
G0 X109.977 Y77.232
G1 F2140.3 X118.876 Y77.232 E80.23782
G1 X118.876 Y61.432 E80.76333
G1 X101.077 Y61.433 E81.35533
G1 X101.076 Y77.232 E81.88081
G1 X109.977 Y77.232 E82.17686
G0 F15000 X109.977 Y77.632
;TYPE:WALL-OUTER
G1 F2140.3 X119.276 Y77.632 E82.48614
G1 X119.276 Y61.032 E83.03826
G1 X100.677 Y61.033 E83.65687
G1 X100.676 Y77.632 E84.20895
G1 X109.977 Y77.632 E84.5183
G1 F2400 E83.7183
G0 F15000 X109.977 Y76.922
G0 X109.977 Y74.742
G0 X109.977 Y74.032
G1 F2400 E84.5183
G1 F2140.3 X102.417 Y74.032 E84.76975
G1 X102.315 Y73.952 E84.77406
G1 X102.278 Y73.867 E84.77714
G1 X102.276 Y62.832 E85.14417
G1 X102.334 Y62.69 E85.14927
G1 X102.441 Y62.634 E85.15329
G1 X117.476 Y62.632 E85.65335
G1 X117.618 Y62.69 E85.65846
G1 X117.676 Y62.832 E85.66356
G1 X117.674 Y73.867 E86.03058
G1 X117.637 Y73.952 E86.03367
G1 X117.535 Y74.032 E86.03798
G1 X109.977 Y74.032 E86.28936
G0 F15000 X109.977 Y74.742
G0 X110.485 Y74.912
;TYPE:FILL
G1 F2140.3 X110.275 Y75.217 E86.30167
G1 X109.874 Y75.73 E86.32333
G1 X109.473 Y76.068 E86.34077
G1 X109.072 Y76.284 E86.35592
G1 X108.671 Y76.42 E86.37001
G1 X108.27 Y76.486 E86.38352
G1 X107.869 Y76.44 E86.39695
G1 X107.468 Y76.14 E86.41361
G1 X107.067 Y75.558 E86.43711
G1 X106.666 Y75.045 E86.45877
G1 X106.508 Y74.912 E86.46564
G0 F15000 X104.069 Y74.912
G1 F2140.3 X103.859 Y75.217 E86.47795
G1 X103.458 Y75.73 E86.49961
G1 X103.057 Y76.068 E86.51705
G1 X102.656 Y76.284 E86.5322
G1 X102.255 Y76.42 E86.54629
G1 X101.854 Y76.486 E86.5598
G1 X101.556 Y76.452 E86.56978
G0 F15000 X112.924 Y74.912
G1 F2140.3 X113.082 Y75.045 E86.57665
G1 X113.483 Y75.558 E86.59831
G1 X113.884 Y76.14 E86.62181
G1 X114.285 Y76.44 E86.63847
G1 X114.686 Y76.486 E86.65189
G1 X115.087 Y76.42 E86.66541
G1 X115.488 Y76.284 E86.67949
G1 X115.889 Y76.068 E86.69464
G1 X116.29 Y75.73 E86.71209
G1 X116.691 Y75.217 E86.73374
G1 X116.901 Y74.912 E86.74606
G0 F15000 X116.901 Y75.042
;MESH:NONMESH
G0 F300 Z1.2
G0 F15000 X101.638 Y74.67
G0 X101.476 Y62.832
;TIME_ELAPSED:116.496804
;LAYER:5
;note -- min layer time used
;TYPE:WALL-INNER
;MESH:nut_holder.stl
G1 F2223.7 X101.779 Y62.135 E86.77045
G1 F2178.5 X102.302 Y61.839 E86.79014
G1 X101.462 Y61.818 E86.81767
G1 F2223.7 X101.476 Y62.832 E86.85022
G1 F2145.8 X101.476 Y73.832 E87.21608
G1 F2103.8 X101.483 Y74.006 E87.22199
G0 F15000 X101.638 Y74.67
G0 X109.977 Y74.742
G0 X109.977 Y74.432
G1 F2145.8 X102.476 Y74.432 E87.47147
G1 X102.244 Y74.386 E87.47934
G1 X101.995 Y74.192 E87.48984
G1 X101.876 Y73.918 E87.49977
G1 X101.876 Y62.832 E87.86849
G1 X102.051 Y62.407 E87.88378
G1 X102.387 Y62.232 E87.89638
G1 X117.476 Y62.232 E88.39824
G1 X117.9 Y62.408 E88.41351
G1 X118.076 Y62.832 E88.42878
G1 X118.076 Y73.917 E88.79747
G1 X117.958 Y74.192 E88.80742
G1 X117.708 Y74.386 E88.81795
G1 X117.476 Y74.432 E88.82581
G1 X109.977 Y74.432 E89.07523
G0 F15000 X109.977 Y74.742
G0 X109.977 Y76.832
G1 F2145.8 X118.476 Y76.832 E89.35791
G1 F2108.9 X118.469 Y74.006 E89.45355
G1 X118.278 Y74.432 E89.46935
G1 F2145.8 X117.862 Y74.756 E89.48689
G1 X117.476 Y74.832 E89.49997
G1 X102.476 Y74.832 E89.99887
G1 X102.09 Y74.756 E90.01196
G1 X101.675 Y74.431 E90.02949
G1 F2103.8 X101.483 Y74.006 E90.04531
G1 X101.475 Y74.498 E90.062
G1 F2145.8 X101.476 Y76.832 E90.13963
G1 X109.977 Y76.832 E90.42238
G0 F15000 X118.314 Y74.67
G0 X118.469 Y74.006
G1 F2108.9 X118.476 Y73.832 E90.42827
G1 F2145.8 X118.476 Y62.832 E90.79413
G1 F2223.7 X118.49 Y61.818 E90.82668
G1 X117.476 Y61.832 E90.85923
G1 X118.173 Y62.135 E90.88362
G1 X118.476 Y62.832 E90.90802
G0 F15000 X118.314 Y61.994
G0 X117.476 Y61.832
G1 F2145.8 X102.476 Y61.832 E91.40692
G1 F2103.8 X102.302 Y61.839 E91.41283
G0 F15000 X101.638 Y61.994
G0 X101.638 Y74.67
G0 X109.977 Y76.922
G0 X109.977 Y77.232
G1 F2145.8 X118.876 Y77.232 E91.70881
G1 X118.876 Y61.432 E92.23432
G1 X101.077 Y61.433 E92.82632
G1 X101.076 Y77.232 E93.35179
G1 X109.977 Y77.232 E93.64784
G0 F15000 X109.977 Y77.632
;TYPE:WALL-OUTER
G1 F2145.8 X119.276 Y77.632 E93.95713
G1 X119.276 Y61.032 E94.50924
G1 X100.677 Y61.033 E95.12785
G1 X100.676 Y77.632 E95.67994
G1 X109.977 Y77.632 E95.98929
G1 F2400 E95.18929
G0 F15000 X109.977 Y76.922
G0 X109.977 Y74.742
G0 X109.977 Y74.032
G1 F2400 E95.98929
G1 F2145.8 X102.417 Y74.032 E96.24073
G1 X102.315 Y73.952 E96.24505
G1 X102.278 Y73.867 E96.24813
G1 X102.276 Y62.832 E96.61515
G1 X102.334 Y62.69 E96.62026
G1 X102.441 Y62.634 E96.62427
G1 X117.476 Y62.632 E97.12434
G1 X117.618 Y62.69 E97.12944
G1 X117.676 Y62.832 E97.13454
G1 X117.674 Y73.867 E97.50157
G1 X117.637 Y73.952 E97.50465
G1 X117.535 Y74.032 E97.50896
G1 X109.977 Y74.032 E97.76034
G0 F15000 X109.977 Y74.742
G0 X110.719 Y74.912
;TYPE:FILL
G1 F2145.8 X110.676 Y74.948 E97.76221
G1 X110.275 Y75.417 E97.78273
G1 X109.874 Y75.814 E97.8015
G1 X109.473 Y76.075 E97.81741
G1 X109.072 Y76.231 E97.83172
G1 X108.671 Y76.306 E97.84529
G1 X108.27 Y76.297 E97.85863
G1 X107.869 Y76.161 E97.87272
G1 X107.468 Y75.827 E97.89008
G1 X107.067 Y75.358 E97.9106
G1 X106.666 Y74.961 E97.92937
G1 X106.591 Y74.912 E97.93235
G0 F15000 X104.303 Y74.912
G1 F2145.8 X104.26 Y74.948 E97.93421
G1 X103.859 Y75.417 E97.95474
G1 X103.458 Y75.814 E97.9735
G1 X103.057 Y76.075 E97.98942
G1 X102.656 Y76.231 E98.00373
G1 X102.255 Y76.306 E98.0173
G1 X101.854 Y76.297 E98.03064
G1 X101.556 Y76.196 E98.0411
G0 F15000 X113.007 Y74.912
G1 F2145.8 X113.082 Y74.961 E98.04408
G1 X113.483 Y75.358 E98.06285
G1 X113.884 Y75.827 E98.08337
G1 X114.285 Y76.161 E98.10073
G1 X114.686 Y76.297 E98.11481
G1 X115.087 Y76.306 E98.12816
G1 X115.488 Y76.231 E98.14172
G1 X115.889 Y76.075 E98.15603
G1 X116.29 Y75.814 E98.17195
G1 X116.691 Y75.417 E98.19072
G1 X117.092 Y74.948 E98.21124
G1 X117.135 Y74.912 E98.21311
G0 F15000 X117.135 Y75.042
;MESH:NONMESH
G0 F300 Z1.4
G0 F15000 X101.638 Y74.67
G0 X101.476 Y62.832
;TIME_ELAPSED:130.610089
;LAYER:6
;note -- min layer time used
;TYPE:WALL-INNER
;MESH:nut_holder.stl
G1 F2226.5 X101.779 Y62.135 E98.2375
G1 F2181.3 X102.302 Y61.839 E98.25719
G1 X101.462 Y61.818 E98.28471
G1 F2226.5 X101.476 Y62.832 E98.31726
G1 F2148.6 X101.476 Y73.832 E98.68312
G1 F2106.5 X101.483 Y74.006 E98.68903
G0 F15000 X101.638 Y74.67
G0 X109.977 Y74.742
G0 X109.977 Y74.432
G1 F2148.6 X102.476 Y74.432 E98.93852
G1 X102.244 Y74.386 E98.94638
G1 X101.995 Y74.192 E98.95688
G1 X101.876 Y73.918 E98.96682
G1 X101.876 Y62.832 E99.33554
G1 X102.051 Y62.407 E99.35083
G1 X102.387 Y62.232 E99.36343
G1 X117.476 Y62.232 E99.86529
G1 X117.9 Y62.408 E99.88056
G1 X118.076 Y62.832 E99.89583
G1 X118.076 Y73.917 E100.26452
G1 X117.958 Y74.192 E100.27447
G1 X117.708 Y74.386 E100.28499
G1 X117.476 Y74.432 E100.29286
G1 X109.977 Y74.432 E100.54228
G0 F15000 X109.977 Y74.742
G0 X109.977 Y76.832
G1 F2148.6 X118.476 Y76.832 E100.82496
G1 F2111.6 X118.469 Y74.006 E100.92059
G1 X118.278 Y74.432 E100.93639
G1 F2148.6 X117.862 Y74.756 E100.95393
G1 X117.476 Y74.832 E100.96702
G1 X102.476 Y74.832 E101.46592
G1 X102.09 Y74.756 E101.479
G1 X101.675 Y74.431 E101.49653
G1 F2106.5 X101.483 Y74.006 E101.51236
G1 X101.475 Y74.498 E101.52905
G1 F2148.6 X101.476 Y76.832 E101.60668
G1 X109.977 Y76.832 E101.88942
G0 F15000 X118.314 Y74.67
G0 X118.469 Y74.006
G1 F2111.6 X118.476 Y73.832 E101.89532
G1 F2148.6 X118.476 Y62.832 E102.26118
G1 F2226.5 X118.49 Y61.818 E102.29373
G1 X117.476 Y61.832 E102.32627
G1 X118.173 Y62.135 E102.35067
G1 X118.476 Y62.832 E102.37506
G0 F15000 X118.314 Y61.994
G0 X117.476 Y61.832
G1 F2148.6 X102.476 Y61.832 E102.87396
G1 F2106.5 X102.302 Y61.839 E102.87987
G0 F15000 X101.638 Y61.994
G0 X101.638 Y74.67
G0 X109.977 Y76.922
G0 X109.977 Y77.232
G1 F2148.6 X118.876 Y77.232 E103.17585
G1 X118.876 Y61.432 E103.70136
G1 X101.077 Y61.433 E104.29336
G1 X101.076 Y77.232 E104.81884
G1 X109.977 Y77.232 E105.11489
G0 F15000 X109.977 Y77.632
;TYPE:WALL-OUTER
G1 F2148.6 X119.276 Y77.632 E105.42417
G1 X119.276 Y61.032 E105.97629
G1 X100.677 Y61.033 E106.5949
G1 X100.676 Y77.632 E107.14698
G1 X109.977 Y77.632 E107.45633
G1 F2400 E106.65633
G0 F15000 X109.977 Y76.922
G0 X109.977 Y74.742
G0 X109.977 Y74.032
G1 F2400 E107.45633
G1 F2148.6 X102.417 Y74.032 E107.70778
G1 X102.315 Y73.952 E107.71209
G1 X102.278 Y73.867 E107.71517
G1 X102.276 Y62.832 E108.0822
G1 X102.334 Y62.69 E108.0873
G1 X102.441 Y62.634 E108.09132
G1 X117.476 Y62.632 E108.59138
G1 X117.618 Y62.69 E108.59649
G1 X117.676 Y62.832 E108.60159
G1 X117.674 Y73.867 E108.96861
G1 X117.637 Y73.952 E108.9717
G1 X117.535 Y74.032 E108.97601
G1 X109.977 Y74.032 E109.22739
G0 F15000 X109.977 Y74.742
G0 X110.982 Y74.912
;TYPE:FILL
G1 F2148.6 X110.676 Y75.179 E109.2409
G1 X110.275 Y75.589 E109.25997
G1 X109.874 Y75.907 E109.27699
G1 X109.473 Y76.102 E109.29182
G1 X109.072 Y76.2 E109.30555
G1 X108.671 Y76.217 E109.3189
G1 X108.27 Y76.145 E109.33245
G1 X107.869 Y75.946 E109.34734
G1 X107.468 Y75.596 E109.36505
G1 X107.067 Y75.186 E109.38412
G1 X106.721 Y74.912 E109.3988
G0 F15000 X104.566 Y74.912
G1 F2148.6 X104.26 Y75.179 E109.41231
G1 X103.859 Y75.589 E109.43138
G1 X103.458 Y75.907 E109.4484
G1 X103.057 Y76.102 E109.46323
G1 X102.656 Y76.2 E109.47696
G1 X102.255 Y76.217 E109.49031
G1 X101.854 Y76.145 E109.50386
G1 X101.556 Y75.997 E109.51493
G0 F15000 X113.137 Y74.912
G1 F2148.6 X113.483 Y75.186 E109.52961
G1 X113.884 Y75.596 E109.54868
G1 X114.285 Y75.946 E109.56639
G1 X114.686 Y76.145 E109.58128
G1 X115.087 Y76.217 E109.59483
G1 X115.488 Y76.2 E109.60818
G1 X115.889 Y76.102 E109.62191
G1 X116.29 Y75.907 E109.63674
G1 X116.691 Y75.589 E109.65376
G1 X117.092 Y75.179 E109.67283
G1 X117.398 Y74.912 E109.68634
G0 F15000 X118.216 Y74.572
G1 F2148.6 X118.305 Y74.558 E109.68934
;MESH:NONMESH
G0 F300 Z1.6
G0 F15000 X118.386 Y74.558
G0 X101.638 Y74.67
G0 X101.476 Y62.832
;TIME_ELAPSED:144.808251
;LAYER:7
;note -- min layer time used
;TYPE:WALL-INNER
;MESH:nut_holder.stl
G1 F2233.3 X101.779 Y62.135 E109.71373
G1 F2187.9 X102.302 Y61.839 E109.73342
G1 X101.462 Y61.818 E109.76095
G1 F2233.3 X101.476 Y62.832 E109.7935
G1 F2155.1 X101.476 Y73.832 E110.15936
G1 F2112.9 X101.483 Y74.006 E110.16526
G0 F15000 X101.638 Y74.67
G0 X109.977 Y74.742
G0 X109.977 Y74.432
G1 F2155.1 X102.476 Y74.432 E110.41475
G1 X102.244 Y74.386 E110.42262
G1 X101.995 Y74.192 E110.43311
G1 X101.876 Y73.918 E110.44305
G1 X101.876 Y62.832 E110.81177
G1 X102.051 Y62.407 E110.82706
G1 X102.387 Y62.232 E110.83966
G1 X117.476 Y62.232 E111.34152
G1 X117.9 Y62.408 E111.35679
G1 X118.076 Y62.832 E111.37206
G1 X118.076 Y73.917 E111.74075
G1 X117.958 Y74.192 E111.7507
G1 X117.708 Y74.386 E111.76123
G1 X117.476 Y74.432 E111.76909
G1 X109.977 Y74.432 E112.01851
G0 F15000 X109.977 Y74.742
G0 X109.977 Y76.832
G1 F2155.1 X118.476 Y76.832 E112.30119
G1 F2118 X118.469 Y74.006 E112.39683
G1 X118.278 Y74.432 E112.41263
G1 F2155.1 X117.862 Y74.756 E112.43016
G1 X117.476 Y74.832 E112.44325
G1 X102.476 Y74.832 E112.94215
G1 X102.09 Y74.756 E112.95524
G1 X101.675 Y74.431 E112.97277
G1 F2112.9 X101.483 Y74.006 E112.98859
G1 X101.475 Y74.498 E113.00528
G1 F2155.1 X101.476 Y76.832 E113.08291
G1 X109.977 Y76.832 E113.36566
G0 F15000 X118.314 Y74.67
G0 X118.469 Y74.006
G1 F2118 X118.476 Y73.832 E113.37155
G1 F2155.1 X118.476 Y62.832 E113.73741
G1 F2233.3 X118.49 Y61.818 E113.76996
G1 X117.476 Y61.832 E113.80251
G1 X118.173 Y62.135 E113.8269
G1 X118.476 Y62.832 E113.85129
G0 F15000 X118.314 Y61.994
G0 X117.476 Y61.832
G1 F2155.1 X102.476 Y61.832 E114.3502
G1 F2112.9 X102.302 Y61.839 E114.3561
G0 F15000 X101.638 Y61.994
G0 X101.638 Y74.67
G0 X109.977 Y76.922
G0 X109.977 Y77.232
G1 F2155.1 X118.876 Y77.232 E114.65209
G1 X118.876 Y61.432 E115.1776
G1 X101.077 Y61.433 E115.76959
G1 X101.076 Y77.232 E116.29507
G1 X109.977 Y77.232 E116.59112
G0 F15000 X109.977 Y77.632
;TYPE:WALL-OUTER
G1 F2155.1 X119.276 Y77.632 E116.9004
G1 X119.276 Y61.032 E117.45252
G1 X100.677 Y61.033 E118.07113
G1 X100.676 Y77.632 E118.62321
G1 X109.977 Y77.632 E118.93257
G1 F2400 E118.13257
G0 F15000 X109.977 Y76.922
G0 X109.977 Y74.742
G0 X109.977 Y74.032
G1 F2400 E118.93257
G1 F2155.1 X102.417 Y74.032 E119.18401
G1 X102.315 Y73.952 E119.18832
G1 X102.278 Y73.867 E119.19141
G1 X102.276 Y62.832 E119.55843
G1 X102.334 Y62.69 E119.56353
G1 X102.441 Y62.634 E119.56755
G1 X117.476 Y62.632 E120.06762
G1 X117.618 Y62.69 E120.07272
G1 X117.676 Y62.832 E120.07782
G1 X117.674 Y73.867 E120.44485
G1 X117.637 Y73.952 E120.44793
G1 X117.535 Y74.032 E120.45224
G1 X109.977 Y74.032 E120.70362
G0 F15000 X109.977 Y74.742
G0 X111.233 Y74.912
;TYPE:FILL
G1 F2155.1 X111.077 Y75.011 E120.70977
G1 X110.275 Y75.757 E120.7462
G1 X109.874 Y76.014 E120.76204
G1 X109.473 Y76.148 E120.7761
G1 X109.072 Y76.19 E120.78951
G1 X108.671 Y76.15 E120.80291
G1 X108.27 Y76.018 E120.81696
G1 X107.869 Y75.764 E120.83274
G1 X107.067 Y75.018 E120.86917
G1 X106.902 Y74.912 E120.8757
G0 F15000 X104.817 Y74.912
G1 F2155.1 X104.661 Y75.011 E120.88184
G1 X103.859 Y75.757 E120.91827
G1 X103.458 Y76.014 E120.93411
G1 X103.057 Y76.148 E120.94818
G1 X102.656 Y76.19 E120.96159
G1 X102.255 Y76.15 E120.97499
G1 X101.854 Y76.018 E120.98903
G1 X101.556 Y75.829 E121.00077
G0 F15000 X113.318 Y74.912
G1 F2155.1 X113.483 Y75.018 E121.00729
G1 X114.285 Y75.764 E121.04372
G1 X114.686 Y76.018 E121.05951
G1 X115.087 Y76.15 E121.07355
G1 X115.488 Y76.19 E121.08695
G1 X115.889 Y76.148 E121.10036
G1 X116.29 Y76.014 E121.11443
G1 X116.691 Y75.757 E121.13027
G1 X117.493 Y75.011 E121.1667
G1 X117.734 Y74.858 E121.17619
G1 X118.04 Y74.709 E121.18751
G1 X118.295 Y74.625 E121.19644
G1 X118.396 Y74.615 E121.19982
;MESH:NONMESH
G0 F300 Z1.8
G0 F15000 X101.638 Y74.67
G0 X101.476 Y62.832
;TIME_ELAPSED:158.944113
;LAYER:8
;note -- min layer time used
;TYPE:WALL-INNER
;MESH:nut_holder.stl
G1 F2234.4 X101.779 Y62.135 E121.22421
G1 F2189 X102.302 Y61.839 E121.2439
G1 X101.462 Y61.818 E121.27143
G1 F2234.4 X101.476 Y62.832 E121.30398
G1 F2156.2 X101.476 Y73.832 E121.66984
G1 F2113.9 X101.483 Y74.006 E121.67575
G0 F15000 X101.638 Y74.67
G0 X109.977 Y74.742
G0 X109.977 Y74.432
G1 F2156.2 X102.476 Y74.432 E121.92523
G1 X102.244 Y74.386 E121.9331
G1 X101.995 Y74.192 E121.94359
G1 X101.876 Y73.918 E121.95353
G1 X101.876 Y62.832 E122.32225
G1 X102.051 Y62.407 E122.33754
G1 X102.387 Y62.232 E122.35014
G1 X117.476 Y62.232 E122.852
G1 X117.9 Y62.408 E122.86727
G1 X118.076 Y62.832 E122.88254
G1 X118.076 Y73.917 E123.25123
G1 X117.958 Y74.192 E123.26118
G1 X117.708 Y74.386 E123.27171
G1 X117.476 Y74.432 E123.27957
G1 X109.977 Y74.432 E123.52899
G0 F15000 X109.977 Y74.742
G0 X109.977 Y76.832
G1 F2156.2 X118.476 Y76.832 E123.81167
G1 F2119.1 X118.469 Y74.006 E123.90731
G1 X118.278 Y74.432 E123.92311
G1 F2156.2 X117.862 Y74.756 E123.94064
G1 X117.476 Y74.832 E123.95373
G1 X102.476 Y74.832 E124.45263
G1 X102.09 Y74.756 E124.46572
G1 X101.675 Y74.431 E124.48325
G1 F2113.9 X101.483 Y74.006 E124.49907
G1 X101.475 Y74.498 E124.51576
G1 F2156.2 X101.476 Y76.832 E124.59339
G1 X109.977 Y76.832 E124.87614
G0 F15000 X118.314 Y74.67
G0 X118.469 Y74.006
G1 F2119.1 X118.476 Y73.832 E124.88203
G1 F2156.2 X118.476 Y62.832 E125.24789
G1 F2234.4 X118.49 Y61.818 E125.28044
G1 X117.476 Y61.832 E125.31299
G1 X118.173 Y62.135 E125.33738
G1 X118.476 Y62.832 E125.36177
G0 F15000 X118.314 Y61.994
G0 X117.476 Y61.832
G1 F2156.2 X102.476 Y61.832 E125.86068
G1 F2113.9 X102.302 Y61.839 E125.86658
G0 F15000 X101.638 Y61.994
G0 X101.638 Y74.67
G0 X109.977 Y76.922
G0 X109.977 Y77.232
G1 F2156.2 X118.876 Y77.232 E126.16257
G1 X118.876 Y61.432 E126.68808
G1 X101.077 Y61.433 E127.28007
G1 X101.076 Y77.232 E127.80555
G1 X109.977 Y77.232 E128.1016
G0 F15000 X109.977 Y77.632
;TYPE:WALL-OUTER
G1 F2156.2 X119.276 Y77.632 E128.41088
G1 X119.276 Y61.032 E128.963
G1 X100.677 Y61.033 E129.58161
G1 X100.676 Y77.632 E130.13369
G1 X109.977 Y77.632 E130.44305
G1 F2400 E129.64305
G0 F15000 X109.977 Y76.922
G0 X109.977 Y74.742
G0 X109.977 Y74.032
G1 F2400 E130.44305
G1 F2156.2 X102.417 Y74.032 E130.69449
G1 X102.315 Y73.952 E130.6988
G1 X102.278 Y73.867 E130.70189
G1 X102.276 Y62.832 E131.06891
G1 X102.334 Y62.69 E131.07401
G1 X102.441 Y62.634 E131.07803
G1 X117.476 Y62.632 E131.5781
G1 X117.618 Y62.69 E131.5832
G1 X117.676 Y62.832 E131.5883
G1 X117.674 Y73.867 E131.95533
G1 X117.637 Y73.952 E131.95841
G1 X117.535 Y74.032 E131.96272
G1 X109.977 Y74.032 E132.2141
G0 F15000 X109.977 Y74.742
G0 X111.417 Y74.912
;TYPE:FILL
G1 F2156.2 X111.077 Y75.18 E132.2285
G1 X110.676 Y75.587 E132.2475
G1 X110.275 Y75.939 E132.26525
G1 X109.874 Y76.139 E132.28015
G1 X109.473 Y76.214 E132.29372
G1 X109.072 Y76.199 E132.30707
G1 X108.671 Y76.103 E132.32078
G1 X108.27 Y75.911 E132.33557
G1 X107.869 Y75.595 E132.35255
G1 X107.468 Y75.188 E132.37156
G1 X107.154 Y74.912 E132.38546
G0 F15000 X105.001 Y74.912
G1 F2156.2 X104.661 Y75.18 E132.39986
G1 X104.26 Y75.587 E132.41886
G1 X103.859 Y75.939 E132.43661
G1 X103.458 Y76.139 E132.45151
G1 X103.057 Y76.214 E132.46508
G1 X102.656 Y76.199 E132.47843
G1 X102.255 Y76.103 E132.49214
G1 X101.854 Y75.911 E132.50693
G1 X101.555 Y75.676 E132.51958
G0 F15000 X113.57 Y74.912
G1 F2156.2 X113.884 Y75.188 E132.53348
G1 X114.285 Y75.595 E132.55249
G1 X114.686 Y75.911 E132.56947
G1 X115.087 Y76.103 E132.58426
G1 X115.488 Y76.199 E132.59797
G1 X115.889 Y76.214 E132.61132
G1 X116.29 Y76.139 E132.62489
G1 X116.691 Y75.939 E132.63979
G1 X117.092 Y75.587 E132.65754
G1 X117.493 Y75.18 E132.67654
G1 X117.894 Y74.864 E132.69352
G1 X118.295 Y74.672 E132.70831
G1 X118.396 Y74.648 E132.71176
G0 F15000 X118.266 Y74.924
;MESH:NONMESH
G0 F300 Z2
G0 F15000 X101.638 Y74.67
G0 X101.476 Y62.832
;TIME_ELAPSED:173.110764
;LAYER:9
;note -- min layer time used
;TYPE:WALL-INNER
;MESH:nut_holder.stl
G1 F2236.3 X101.779 Y62.135 E132.73615
G1 F2190.9 X102.302 Y61.839 E132.75584
G1 X101.462 Y61.818 E132.78337
G1 F2236.3 X101.476 Y62.832 E132.81592
G1 F2158.1 X101.476 Y73.832 E133.18178
G1 F2115.8 X101.483 Y74.006 E133.18769
G0 F15000 X101.638 Y74.67
G0 X109.977 Y74.742
G0 X109.977 Y74.432
G1 F2158.1 X102.476 Y74.432 E133.43717
G1 X102.244 Y74.386 E133.44504
G1 X101.995 Y74.192 E133.45554
G1 X101.876 Y73.918 E133.46547
G1 X101.876 Y62.832 E133.83419
G1 X102.051 Y62.407 E133.84948
G1 X102.387 Y62.232 E133.86208
G1 X117.476 Y62.232 E134.36394
G1 X117.9 Y62.408 E134.37921
G1 X118.076 Y62.832 E134.39448
G1 X118.076 Y73.917 E134.76317
G1 X117.958 Y74.192 E134.77312
G1 X117.708 Y74.386 E134.78365
G1 X117.476 Y74.432 E134.79152
G1 X109.977 Y74.432 E135.04093
G0 F15000 X109.977 Y74.742
G0 X109.977 Y76.832
G1 F2158.1 X118.476 Y76.832 E135.32361
G1 F2121 X118.469 Y74.006 E135.41925
G1 X118.278 Y74.432 E135.43505
G1 F2158.1 X117.862 Y74.756 E135.45259
G1 X117.476 Y74.832 E135.46567
G1 X102.476 Y74.832 E135.96457
G1 X102.09 Y74.756 E135.97766
G1 X101.675 Y74.431 E135.99519
G1 F2115.8 X101.483 Y74.006 E136.01101
G1 X101.475 Y74.498 E136.0277
G1 F2158.1 X101.476 Y76.832 E136.10533
G1 X109.977 Y76.832 E136.38808
G0 F15000 X118.314 Y74.67
G0 X118.469 Y74.006
G1 F2121 X118.476 Y73.832 E136.39397
G1 F2158.1 X118.476 Y62.832 E136.75983
G1 F2236.3 X118.49 Y61.818 E136.79238
G1 X117.476 Y61.832 E136.82493
G1 X118.173 Y62.135 E136.84932
G1 X118.476 Y62.832 E136.87372
G0 F15000 X118.314 Y61.994
G0 X117.476 Y61.832
G1 F2158.1 X102.476 Y61.832 E137.37262
G1 F2115.8 X102.302 Y61.839 E137.37853
G0 F15000 X101.638 Y61.994
G0 X101.638 Y74.67
G0 X109.977 Y76.922
G0 X109.977 Y77.232
G1 F2158.1 X118.876 Y77.232 E137.67451
G1 X118.876 Y61.432 E138.20002
G1 X101.077 Y61.433 E138.79202
G1 X101.076 Y77.232 E139.31749
G1 X109.977 Y77.232 E139.61354
G0 F15000 X109.977 Y77.632
;TYPE:WALL-OUTER
G1 F2158.1 X119.276 Y77.632 E139.92283
G1 X119.276 Y61.032 E140.47495
G1 X100.677 Y61.033 E141.09355
G1 X100.676 Y77.632 E141.64564
G1 X109.977 Y77.632 E141.95499
G1 F2400 E141.15499
G0 F15000 X109.977 Y76.922
G0 X109.977 Y74.742
G0 X109.977 Y74.032
G1 F2400 E141.95499
G1 F2158.1 X102.417 Y74.032 E142.20643
G1 X102.315 Y73.952 E142.21075
G1 X102.278 Y73.867 E142.21383
G1 X102.276 Y62.832 E142.58086
G1 X102.334 Y62.69 E142.58596
G1 X102.441 Y62.634 E142.58997
G1 X117.476 Y62.632 E143.09004
G1 X117.618 Y62.69 E143.09514
G1 X117.676 Y62.832 E143.10024
G1 X117.674 Y73.867 E143.46727
G1 X117.637 Y73.952 E143.47035
G1 X117.535 Y74.032 E143.47466
G1 X109.977 Y74.032 E143.72604
G0 F15000 X109.977 Y74.742
G0 X111.549 Y74.912
;TYPE:FILL
G1 F2158.1 X111.478 Y74.958 E143.72886
G1 X111.077 Y75.351 E143.74753
G1 X110.676 Y75.817 E143.76798
G1 X110.275 Y76.152 E143.78536
G1 X109.874 Y76.29 E143.79946
G1 X109.473 Y76.302 E143.81281
G1 X109.072 Y76.229 E143.82636
G1 X108.671 Y76.075 E143.84065
G1 X108.27 Y75.817 E143.85651
G1 X107.869 Y75.424 E143.87519
G1 X107.468 Y74.958 E143.89563
G1 X107.413 Y74.912 E143.89802
G0 F15000 X105.133 Y74.912
G1 F2158.1 X105.062 Y74.958 E143.90083
G1 X104.661 Y75.351 E143.91951
G1 X104.26 Y75.817 E143.93995
G1 X103.859 Y76.152 E143.95733
G1 X103.458 Y76.29 E143.97144
G1 X103.057 Y76.302 E143.98478
G1 X102.656 Y76.229 E143.99834
G1 X102.255 Y76.075 E144.01262
G1 X101.854 Y75.817 E144.02848
G1 X101.555 Y75.524 E144.04241
G0 F15000 X113.829 Y74.912
G1 F2158.1 X113.884 Y74.958 E144.04479
G1 X114.285 Y75.424 E144.06524
G1 X114.686 Y75.817 E144.08391
G1 X115.087 Y76.075 E144.09977
G1 X115.488 Y76.229 E144.11406
G1 X115.889 Y76.302 E144.12762
G1 X116.29 Y76.29 E144.14096
G1 X116.691 Y76.152 E144.15507
G1 X117.092 Y75.817 E144.17244
G1 X117.493 Y75.351 E144.19289
G1 X117.894 Y74.958 E144.21157
G1 X118.295 Y74.7 E144.22743
G1 X118.396 Y74.661 E144.23103
G0 F15000 X118.266 Y74.924
;MESH:NONMESH
G0 F300 Z2.2
G0 F15000 X101.638 Y74.67
G0 X101.476 Y62.832
;TIME_ELAPSED:187.299932
;LAYER:10
;note -- min layer time used
;TYPE:WALL-INNER
;MESH:nut_holder.stl
G1 F2240.5 X101.779 Y62.135 E144.25542
G1 F2195 X102.302 Y61.839 E144.27511
G1 X101.462 Y61.818 E144.30264
G1 F2240.5 X101.476 Y62.832 E144.33519
G1 F2162.1 X101.476 Y73.832 E144.70105
G1 F2119.7 X101.483 Y74.006 E144.70695
G0 F15000 X101.638 Y74.67
G0 X109.977 Y74.742
G0 X109.977 Y74.432
G1 F2162.1 X102.476 Y74.432 E144.95644
G1 X102.244 Y74.386 E144.96431
G1 X101.995 Y74.192 E144.9748
G1 X101.876 Y73.918 E144.98474
G1 X101.876 Y62.832 E145.35346
G1 X102.051 Y62.407 E145.36875
G1 X102.387 Y62.232 E145.38135
G1 X117.476 Y62.232 E145.88321
G1 X117.9 Y62.408 E145.89848
G1 X118.076 Y62.832 E145.91375
G1 X118.076 Y73.917 E146.28244
G1 X117.958 Y74.192 E146.29239
G1 X117.708 Y74.386 E146.30292
G1 X117.476 Y74.432 E146.31078
G1 X109.977 Y74.432 E146.5602
G0 F15000 X109.977 Y74.742
G0 X109.977 Y76.832
G1 F2162.1 X118.476 Y76.832 E146.84288
G1 F2124.9 X118.469 Y74.006 E146.93852
G1 X118.278 Y74.432 E146.95432
G1 F2162.1 X117.862 Y74.756 E146.97185
G1 X117.476 Y74.832 E146.98494
G1 X102.476 Y74.832 E147.48384
G1 X102.09 Y74.756 E147.49693
G1 X101.675 Y74.431 E147.51446
G1 F2119.7 X101.483 Y74.006 E147.53028
G1 X101.475 Y74.498 E147.54697
G1 F2162.1 X101.476 Y76.832 E147.6246
G1 X109.977 Y76.832 E147.90735
G0 F15000 X118.314 Y74.67
G0 X118.469 Y74.006
G1 F2124.9 X118.476 Y73.832 E147.91324
G1 F2162.1 X118.476 Y62.832 E148.2791
G1 F2240.5 X118.49 Y61.818 E148.31165
G1 X117.476 Y61.832 E148.3442
G1 X118.173 Y62.135 E148.36859
G1 X118.476 Y62.832 E148.39298
G0 F15000 X118.314 Y61.994
G0 X117.476 Y61.832
G1 F2162.1 X102.476 Y61.832 E148.89189
G1 F2119.7 X102.302 Y61.839 E148.89779
G0 F15000 X101.638 Y61.994
G0 X101.638 Y74.67
G0 X109.977 Y76.922
G0 X109.977 Y77.232
G1 F2162.1 X118.876 Y77.232 E149.19378
G1 X118.876 Y61.432 E149.71929
G1 X101.077 Y61.433 E150.31128
G1 X101.076 Y77.232 E150.83676
G1 X109.977 Y77.232 E151.13281
G0 F15000 X109.977 Y77.632
;TYPE:WALL-OUTER
G1 F2162.1 X119.276 Y77.632 E151.44209
G1 X119.276 Y61.032 E151.99421
G1 X100.677 Y61.033 E152.61282
G1 X100.676 Y77.632 E153.1649
G1 X109.977 Y77.632 E153.47426
G1 F2400 E152.67426
G0 F15000 X109.977 Y76.922
G0 X109.977 Y74.742
G0 X109.977 Y74.032
G1 F2400 E153.47426
G1 F2162.1 X102.417 Y74.032 E153.7257
G1 X102.315 Y73.952 E153.73001
G1 X102.278 Y73.867 E153.7331
G1 X102.276 Y62.832 E154.10012
G1 X102.334 Y62.69 E154.10522
G1 X102.441 Y62.634 E154.10924
G1 X117.476 Y62.632 E154.60931
G1 X117.618 Y62.69 E154.61441
G1 X117.676 Y62.832 E154.61951
G1 X117.674 Y73.867 E154.98654
G1 X117.637 Y73.952 E154.98962
G1 X117.535 Y74.032 E154.99393
G1 X109.977 Y74.032 E155.24531
G0 F15000 X109.977 Y74.742
G0 X111.634 Y74.912
;TYPE:FILL
G1 F2162.1 X111.478 Y75.042 E155.25207
G1 X111.077 Y75.549 E155.27356
G1 X110.676 Y76.124 E155.29688
G1 X110.275 Y76.427 E155.3136
G1 X109.874 Y76.477 E155.32704
G1 X109.473 Y76.415 E155.34053
G1 X109.072 Y76.281 E155.3546
G1 X108.671 Y76.068 E155.3697
G1 X108.27 Y75.733 E155.38708
G1 X107.869 Y75.226 E155.40858
G1 X107.65 Y74.912 E155.42131
G0 F15000 X105.218 Y74.912
G1 F2162.1 X105.062 Y75.042 E155.42806
G1 X104.661 Y75.549 E155.44956
G1 X104.26 Y76.124 E155.47288
G1 X103.859 Y76.427 E155.4896
G1 X103.458 Y76.477 E155.50304
G1 X103.057 Y76.415 E155.51653
G1 X102.656 Y76.281 E155.5306
G1 X102.255 Y76.068 E155.5457
G1 X101.854 Y75.733 E155.56308
G1 X101.555 Y75.355 E155.57911
G0 F15000 X114.066 Y74.912
G1 F2162.1 X114.285 Y75.226 E155.59184
G1 X114.686 Y75.733 E155.61334
G1 X115.087 Y76.068 E155.63072
G1 X115.488 Y76.281 E155.64582
G1 X115.889 Y76.415 E155.65988
G1 X116.29 Y76.477 E155.67338
G1 X116.691 Y76.427 E155.68682
G1 X117.092 Y76.124 E155.70354
G1 X117.493 Y75.549 E155.72685
G1 X117.894 Y75.042 E155.74835
G1 X118.295 Y74.707 E155.76573
G1 X118.396 Y74.653 E155.76954
G0 F15000 X118.266 Y74.924
;MESH:NONMESH
G0 F300 Z2.4
G0 F15000 X101.638 Y74.67
G0 X101.476 Y62.832
;TIME_ELAPSED:201.537179
;LAYER:11
;note -- min layer time used
;TYPE:WALL-INNER
;MESH:nut_holder.stl
G1 F2239.2 X101.779 Y62.135 E155.79393
G1 F2193.7 X102.302 Y61.839 E155.81362
G1 X101.462 Y61.818 E155.84115
G1 F2239.2 X101.476 Y62.832 E155.8737
G1 F2160.8 X101.476 Y73.832 E156.23956
G1 F2118.4 X101.483 Y74.006 E156.24547
G0 F15000 X101.638 Y74.67
G0 X109.977 Y74.742
G0 X109.977 Y74.432
G1 F2160.8 X102.476 Y74.432 E156.49495
G1 X102.244 Y74.386 E156.50282
G1 X101.995 Y74.192 E156.51332
G1 X101.876 Y73.918 E156.52325
G1 X101.876 Y62.832 E156.89197
G1 X102.051 Y62.407 E156.90726
G1 X102.387 Y62.232 E156.91986
G1 X117.476 Y62.232 E157.42172
G1 X117.9 Y62.408 E157.43699
G1 X118.076 Y62.832 E157.45226
G1 X118.076 Y73.917 E157.82095
G1 X117.958 Y74.192 E157.8309
G1 X117.708 Y74.386 E157.84143
G1 X117.476 Y74.432 E157.84929
G1 X109.977 Y74.432 E158.09871
G0 F15000 X109.977 Y74.742
G0 X109.977 Y76.832
G1 F2160.8 X118.476 Y76.832 E158.38139
G1 F2123.6 X118.469 Y74.006 E158.47703
G1 X118.278 Y74.432 E158.49283
G1 F2160.8 X117.862 Y74.756 E158.51037
G1 X117.476 Y74.832 E158.52345
G1 X102.476 Y74.832 E159.02235
G1 X102.09 Y74.756 E159.03544
G1 X101.675 Y74.431 E159.05297
G1 F2118.4 X101.483 Y74.006 E159.06879
G1 X101.475 Y74.498 E159.08548
G1 F2160.8 X101.476 Y76.832 E159.16311
G1 X109.977 Y76.832 E159.44586
G0 F15000 X118.314 Y74.67
G0 X118.469 Y74.006
G1 F2123.6 X118.476 Y73.832 E159.45175
G1 F2160.8 X118.476 Y62.832 E159.81761
G1 F2239.2 X118.49 Y61.818 E159.85016
G1 X117.476 Y61.832 E159.88271
G1 X118.173 Y62.135 E159.9071
G1 X118.476 Y62.832 E159.9315
G0 F15000 X118.314 Y61.994
G0 X117.476 Y61.832
G1 F2160.8 X102.476 Y61.832 E160.4304
G1 F2118.4 X102.302 Y61.839 E160.43631
G0 F15000 X101.638 Y61.994
G0 X101.638 Y74.67
G0 X109.977 Y76.922
G0 X109.977 Y77.232
G1 F2160.8 X118.876 Y77.232 E160.73229
G1 X118.876 Y61.432 E161.2578
G1 X101.077 Y61.433 E161.84979
G1 X101.076 Y77.232 E162.37527
G1 X109.977 Y77.232 E162.67132
G0 F15000 X109.977 Y77.632
;TYPE:WALL-OUTER
G1 F2160.8 X119.276 Y77.632 E162.98061
G1 X119.276 Y61.032 E163.53272
G1 X100.677 Y61.033 E164.15133
G1 X100.676 Y77.632 E164.70341
G1 X109.977 Y77.632 E165.01277
G1 F2400 E164.21277
G0 F15000 X109.977 Y76.922
G0 X109.977 Y74.742
G0 X109.977 Y74.032
G1 F2400 E165.01277
G1 F2160.8 X102.417 Y74.032 E165.26421
G1 X102.315 Y73.952 E165.26853
G1 X102.278 Y73.867 E165.27161
G1 X102.276 Y62.832 E165.63863
G1 X102.334 Y62.69 E165.64374
G1 X102.441 Y62.634 E165.64775
G1 X117.476 Y62.632 E166.14782
G1 X117.618 Y62.69 E166.15292
G1 X117.676 Y62.832 E166.15802
G1 X117.674 Y73.867 E166.52505
G1 X117.637 Y73.952 E166.52813
G1 X117.535 Y74.032 E166.53244
G1 X109.977 Y74.032 E166.78382
G0 F15000 X109.977 Y74.742
G0 X111.671 Y74.912
;TYPE:FILL
G1 F2160.8 X111.478 Y75.118 E166.79321
G1 X111.077 Y75.837 E166.82059
G1 X110.709 Y76.752 E166.8534
G0 F15000 X109.986 Y76.752
G1 F2160.8 X109.473 Y76.559 E166.87163
G1 X109.072 Y76.36 E166.88651
G1 X108.671 Y76.084 E166.90271
G1 X108.27 Y75.657 E166.92219
G1 X107.859 Y74.912 E166.95049
G0 F15000 X105.255 Y74.912
G1 F2160.8 X105.062 Y75.118 E166.95988
G1 X104.661 Y75.837 E166.98726
G1 X104.293 Y76.752 E167.02006
G0 F15000 X103.57 Y76.752
G1 F2160.8 X103.057 Y76.559 E167.03829
G1 X102.656 Y76.36 E167.05318
G1 X102.255 Y76.084 E167.06937
G1 X101.854 Y75.657 E167.08885
G1 X101.555 Y75.121 E167.10927
G0 F15000 X114.275 Y74.912
G1 F2160.8 X114.686 Y75.657 E167.13757
G1 X115.087 Y76.084 E167.15705
G1 X115.488 Y76.36 E167.17324
G1 X115.889 Y76.559 E167.18813
G1 X116.402 Y76.752 E167.20636
G0 F15000 X117.125 Y76.752
G1 F2160.8 X117.493 Y75.837 E167.23916
G1 X117.894 Y75.118 E167.26654
G1 X118.295 Y74.691 E167.28603
G1 X118.396 Y74.621 E167.29011
;MESH:NONMESH
G0 F300 Z2.6
G0 F15000 X101.638 Y74.67
G0 X101.476 Y62.832
;TIME_ELAPSED:216.027961
;LAYER:12
;note -- min layer time used
;TYPE:WALL-INNER
;MESH:nut_holder.stl
G1 F2234.5 X101.779 Y62.135 E167.31451
G1 F2189.1 X102.302 Y61.839 E167.3342
G1 X101.462 Y61.818 E167.36172
G1 F2234.5 X101.476 Y62.832 E167.39427
G1 F2156.3 X101.476 Y73.832 E167.76013
G1 F2114 X101.483 Y74.006 E167.76604
G0 F15000 X101.638 Y74.67
G0 X109.977 Y74.742
G0 X109.977 Y74.432
G1 F2156.3 X102.476 Y74.432 E168.01553
G1 X102.244 Y74.386 E168.02339
G1 X101.995 Y74.192 E168.03389
G1 X101.876 Y73.918 E168.04383
G1 X101.876 Y62.832 E168.41255
G1 X102.051 Y62.407 E168.42784
G1 X102.387 Y62.232 E168.44044
G1 X117.476 Y62.232 E168.9423
G1 X117.9 Y62.408 E168.95757
G1 X118.076 Y62.832 E168.97284
G1 X118.076 Y73.917 E169.34153
G1 X117.958 Y74.192 E169.35148
G1 X117.708 Y74.386 E169.362
G1 X117.476 Y74.432 E169.36987
G1 X109.977 Y74.432 E169.61929
G0 F15000 X109.977 Y74.742
G0 X109.977 Y76.832
G1 F2156.3 X118.476 Y76.832 E169.90197
G1 F2119.2 X118.469 Y74.006 E169.9976
G1 X118.278 Y74.432 E170.0134
G1 F2156.3 X117.862 Y74.756 E170.03094
G1 X117.476 Y74.832 E170.04403
G1 X102.476 Y74.832 E170.54293
G1 X102.09 Y74.756 E170.55601
G1 X101.675 Y74.431 E170.57354
G1 F2114 X101.483 Y74.006 E170.58937
G1 X101.475 Y74.498 E170.60606
G1 F2156.3 X101.476 Y76.832 E170.68369
G1 X109.977 Y76.832 E170.96643
G0 F15000 X118.314 Y74.67
G0 X118.469 Y74.006
G1 F2119.2 X118.476 Y73.832 E170.97233
G1 F2156.3 X118.476 Y62.832 E171.33819
G1 F2234.5 X118.49 Y61.818 E171.37074
G1 X117.476 Y61.832 E171.40328
G1 X118.173 Y62.135 E171.42768
G1 X118.476 Y62.832 E171.45207
G0 F15000 X118.314 Y61.994
G0 X117.476 Y61.832
G1 F2156.3 X102.476 Y61.832 E171.95097
G1 F2114 X102.302 Y61.839 E171.95688
G0 F15000 X101.638 Y61.994
G0 X101.638 Y74.67
G0 X109.977 Y76.922
G0 X109.977 Y77.232
G1 F2156.3 X118.876 Y77.232 E172.25286
G1 X118.876 Y61.432 E172.77837
G1 X101.077 Y61.433 E173.37037
G1 X101.076 Y77.232 E173.89585
G1 X109.977 Y77.232 E174.1919
G0 F15000 X109.977 Y77.632
;TYPE:WALL-OUTER
G1 F2156.3 X119.276 Y77.632 E174.50118
G1 X119.276 Y61.032 E175.0533
G1 X100.677 Y61.033 E175.67191
G1 X100.676 Y77.632 E176.22399
G1 X109.977 Y77.632 E176.53334
G1 F2400 E175.73334
G0 F15000 X109.977 Y76.922
G0 X109.977 Y74.742
G0 X109.977 Y74.032
G1 F2400 E176.53334
G1 F2156.3 X102.417 Y74.032 E176.78479
G1 X102.315 Y73.952 E176.7891
G1 X102.278 Y73.867 E176.79218
G1 X102.276 Y62.832 E177.15921
G1 X102.334 Y62.69 E177.16431
G1 X102.441 Y62.634 E177.16833
G1 X117.476 Y62.632 E177.66839
G1 X117.618 Y62.69 E177.6735
G1 X117.676 Y62.832 E177.6786
G1 X117.674 Y73.867 E178.04562
G1 X117.637 Y73.952 E178.04871
G1 X117.535 Y74.032 E178.05302
G1 X109.977 Y74.032 E178.3044
G0 F15000 X109.977 Y74.742
G0 X111.663 Y74.912
;TYPE:FILL
G1 F2156.3 X111.6 Y74.987 E178.30766
G1 X111.383 Y75.388 E178.32282
G1 X111.245 Y75.789 E178.33693
G1 X111.178 Y76.19 E178.35045
G1 X111.221 Y76.591 E178.36386
G1 X111.341 Y76.752 E178.37054
G0 F15000 X109.482 Y76.752
G1 F2156.3 X109.247 Y76.591 E178.38002
G1 X108.731 Y76.19 E178.40175
G1 X108.392 Y75.789 E178.41922
G1 X108.175 Y75.388 E178.43438
G1 X108.037 Y74.987 E178.44849
G1 X108.024 Y74.912 E178.45102
G0 F15000 X105.247 Y74.912
G1 F2156.3 X105.184 Y74.987 E178.45427
G1 X104.967 Y75.388 E178.46944
G1 X104.829 Y75.789 E178.48354
G1 X104.762 Y76.19 E178.49707
G1 X104.805 Y76.591 E178.51048
G1 X104.925 Y76.752 E178.51716
G0 F15000 X103.066 Y76.752
G1 F2156.3 X102.831 Y76.591 E178.52663
G1 X102.315 Y76.19 E178.54837
G1 X101.976 Y75.789 E178.56583
G1 X101.759 Y75.388 E178.581
G1 X101.621 Y74.987 E178.5951
G1 X101.556 Y74.599 E178.60819
G0 F15000 X114.44 Y74.912
G1 F2156.3 X114.453 Y74.987 E178.61072
G1 X114.591 Y75.388 E178.62483
G1 X114.808 Y75.789 E178.63999
G1 X115.147 Y76.19 E178.65745
G1 X115.663 Y76.591 E178.67919
G1 X115.898 Y76.752 E178.68866
G0 F15000 X117.757 Y76.752
G1 F2156.3 X117.637 Y76.591 E178.69534
G1 X117.594 Y76.19 E178.70876
G1 X117.661 Y75.789 E178.72228
G1 X117.799 Y75.388 E178.73638
G1 X118.016 Y74.987 E178.75155
G1 X118.357 Y74.584 E178.76911
;MESH:NONMESH
G0 F300 Z2.8
G0 F15000 X118.386 Y74.584
G0 X101.638 Y74.67
G0 X101.476 Y62.832
;TIME_ELAPSED:230.650606
;LAYER:13
;note -- min layer time used
;TYPE:WALL-INNER
;MESH:nut_holder.stl
G1 F2231.6 X101.779 Y62.135 E178.7935
G1 F2186.3 X102.302 Y61.839 E178.81319
G1 X101.462 Y61.818 E178.84072
G1 F2231.6 X101.476 Y62.832 E178.87327
G1 F2153.5 X101.476 Y73.832 E179.23913
G1 F2111.3 X101.483 Y74.006 E179.24503
G0 F15000 X101.638 Y74.67
G0 X109.977 Y74.742
G0 X109.977 Y74.432
G1 F2153.5 X102.476 Y74.432 E179.49452
G1 X102.244 Y74.386 E179.50239
G1 X101.995 Y74.192 E179.51288
G1 X101.876 Y73.918 E179.52282
G1 X101.876 Y62.832 E179.89154
G1 X102.051 Y62.407 E179.90683
G1 X102.387 Y62.232 E179.91943
G1 X117.476 Y62.232 E180.42129
G1 X117.9 Y62.408 E180.43656
G1 X118.076 Y62.832 E180.45183
G1 X118.076 Y73.917 E180.82052
G1 X117.958 Y74.192 E180.83047
G1 X117.708 Y74.386 E180.841
G1 X117.476 Y74.432 E180.84886
G1 X109.977 Y74.432 E181.09828
G0 F15000 X109.977 Y74.742
G0 X109.977 Y76.832
G1 F2153.5 X118.476 Y76.832 E181.38096
G1 F2116.5 X118.469 Y74.006 E181.4766
G1 X118.278 Y74.432 E181.4924
G1 F2153.5 X117.862 Y74.756 E181.50993
G1 X117.476 Y74.832 E181.52302
G1 X102.476 Y74.832 E182.02192
G1 X102.09 Y74.756 E182.03501
G1 X101.675 Y74.431 E182.05254
G1 F2111.3 X101.483 Y74.006 E182.06836
G1 X101.475 Y74.498 E182.08505
G1 F2153.5 X101.476 Y76.832 E182.16268
G1 X109.977 Y76.832 E182.44543
G0 F15000 X118.314 Y74.67
G0 X118.469 Y74.006
G1 F2116.5 X118.476 Y73.832 E182.45132
G1 F2153.5 X118.476 Y62.832 E182.81718
G1 F2231.6 X118.49 Y61.818 E182.84973
G1 X117.476 Y61.832 E182.88228
G1 X118.173 Y62.135 E182.90667
G1 X118.476 Y62.832 E182.93106
G0 F15000 X118.314 Y61.994
G0 X117.476 Y61.832
G1 F2153.5 X102.476 Y61.832 E183.42997
G1 F2111.3 X102.302 Y61.839 E183.43587
G0 F15000 X101.638 Y61.994
G0 X101.638 Y74.67
G0 X109.977 Y76.922
G0 X109.977 Y77.232
G1 F2153.5 X118.876 Y77.232 E183.73186
G1 X118.876 Y61.432 E184.25737
G1 X101.077 Y61.433 E184.84936
G1 X101.076 Y77.232 E185.37484
G1 X109.977 Y77.232 E185.67089
G0 F15000 X109.977 Y77.632
;TYPE:WALL-OUTER
G1 F2153.5 X119.276 Y77.632 E185.98017
G1 X119.276 Y61.032 E186.53229
G1 X100.677 Y61.033 E187.1509
G1 X100.676 Y77.632 E187.70298
G1 X109.977 Y77.632 E188.01234
G1 F2400 E187.21234
G0 F15000 X109.977 Y76.922
G0 X109.977 Y74.742
G0 X109.977 Y74.032
G1 F2400 E188.01234
G1 F2153.5 X102.417 Y74.032 E188.26378
G1 X102.315 Y73.952 E188.26809
G1 X102.278 Y73.867 E188.27118
G1 X102.276 Y62.832 E188.6382
G1 X102.334 Y62.69 E188.6433
G1 X102.441 Y62.634 E188.64732
G1 X117.476 Y62.632 E189.14739
G1 X117.618 Y62.69 E189.15249
G1 X117.676 Y62.832 E189.15759
G1 X117.674 Y73.867 E189.52462
G1 X117.637 Y73.952 E189.5277
G1 X117.535 Y74.032 E189.53201
G1 X109.977 Y74.032 E189.78339
G0 F15000 X109.977 Y74.742
G0 X111.643 Y74.912
;TYPE:FILL
G1 F2153.5 X111.594 Y74.987 E189.78637
G1 X111.437 Y75.388 E189.80069
G1 X111.36 Y75.789 E189.81428
G1 X111.368 Y76.19 E189.82761
G1 X111.502 Y76.591 E189.84168
G1 X111.636 Y76.752 E189.84864
G0 F15000 X109.236 Y76.752
G1 F2153.5 X109.047 Y76.591 E189.8569
G1 X108.648 Y76.19 E189.87572
G1 X108.386 Y75.789 E189.89165
G1 X108.229 Y75.388 E189.90597
G1 X108.152 Y74.987 E189.91955
G1 X108.153 Y74.912 E189.92205
G0 F15000 X105.227 Y74.912
G1 F2153.5 X105.178 Y74.987 E189.92503
G1 X105.021 Y75.388 E189.93935
G1 X104.944 Y75.789 E189.95293
G1 X104.952 Y76.19 E189.96627
G1 X105.086 Y76.591 E189.98033
G1 X105.22 Y76.752 E189.9873
G0 F15000 X102.82 Y76.752
G1 F2153.5 X102.631 Y76.591 E189.99556
G1 X102.232 Y76.19 E190.01437
G1 X101.97 Y75.789 E190.0303
G1 X101.813 Y75.388 E190.04463
G1 X101.736 Y74.987 E190.05821
G1 X101.747 Y74.578 E190.07182
G0 F15000 X101.747 Y74.742
G0 X114.569 Y74.912
G1 F2153.5 X114.568 Y74.987 E190.07431
G1 X114.645 Y75.388 E190.08789
G1 X114.802 Y75.789 E190.10222
G1 X115.064 Y76.19 E190.11815
G1 X115.463 Y76.591 E190.13696
G1 X115.652 Y76.752 E190.14522
G0 F15000 X118.052 Y76.752
G1 F2153.5 X117.918 Y76.591 E190.15219
G1 X117.784 Y76.19 E190.16625
G1 X117.776 Y75.789 E190.17959
G1 X117.853 Y75.388 E190.19317
G1 X118.01 Y74.987 E190.20749
G1 X118.272 Y74.586 E190.22343
G1 X118.301 Y74.557 E190.22479
;MESH:NONMESH
G0 F300 Z3
G0 F15000 X118.386 Y74.557
G0 X101.638 Y74.67
G0 X101.476 Y62.832
;TIME_ELAPSED:245.345502
;LAYER:14
;note -- min layer time used
;TYPE:WALL-INNER
;MESH:nut_holder.stl
G1 F2319.5 X101.779 Y62.135 E190.24918
G1 F2272.4 X102.302 Y61.839 E190.26887
G1 X101.462 Y61.818 E190.2964
G1 F2319.5 X101.476 Y62.832 E190.32895
G1 F2238.4 X101.476 Y73.832 E190.69481
G1 F2194.5 X101.483 Y74.006 E190.70072
G0 F15000 X101.638 Y74.67
G0 X109.977 Y74.742
G0 X109.977 Y74.432
G1 F2238.4 X102.476 Y74.432 E190.9502
G1 X102.244 Y74.386 E190.95807
G1 X101.995 Y74.192 E190.96857
G1 X101.876 Y73.918 E190.9785
G1 X101.876 Y62.832 E191.34722
G1 X102.051 Y62.407 E191.36251
G1 X102.387 Y62.232 E191.37511
G1 X117.476 Y62.232 E191.87697
G1 X117.9 Y62.408 E191.89224
G1 X118.076 Y62.832 E191.90751
G1 X118.076 Y73.917 E192.2762
G1 X117.958 Y74.192 E192.28615
G1 X117.708 Y74.386 E192.29668
G1 X117.476 Y74.432 E192.30454
G1 X109.977 Y74.432 E192.55396
G0 F15000 X109.977 Y74.742
G0 X109.977 Y76.832
G1 F2238.4 X118.476 Y76.832 E192.83664
G1 F2199.9 X118.469 Y74.006 E192.93228
G1 X118.278 Y74.432 E192.94808
G1 F2238.4 X117.862 Y74.756 E192.96562
G1 X117.476 Y74.832 E192.9787
G1 X102.476 Y74.832 E193.4776
G1 X102.09 Y74.756 E193.49069
G1 X101.675 Y74.431 E193.50822
G1 F2194.5 X101.483 Y74.006 E193.52404
G1 X101.475 Y74.498 E193.54073
G1 F2238.4 X101.476 Y76.832 E193.61836
G1 X109.977 Y76.832 E193.90111
G0 F15000 X117.296 Y74.661
G0 X118.314 Y74.67
G0 X118.469 Y74.006
G1 F2199.9 X118.476 Y73.832 E193.907
G1 F2238.4 X118.476 Y62.832 E194.27286
G1 F2319.5 X118.49 Y61.818 E194.30541
G1 X117.476 Y61.832 E194.33796
G1 X118.173 Y62.135 E194.36235
G1 X118.476 Y62.832 E194.38675
G0 F15000 X118.314 Y61.994
G0 X117.476 Y61.832
G1 F2238.4 X102.476 Y61.832 E194.88565
G1 F2194.5 X102.302 Y61.839 E194.89156
G0 F15000 X101.638 Y61.994
G0 X101.638 Y74.67
G0 X103.678 Y74.672
G0 X109.977 Y76.922
G0 X109.977 Y77.232
G1 F2238.4 X118.876 Y77.232 E195.18754
G1 X118.876 Y61.432 E195.71305
G1 X101.077 Y61.433 E196.30504
G1 X101.076 Y77.232 E196.83052
G1 X109.977 Y77.232 E197.12657
G0 F15000 X109.977 Y77.632
;TYPE:WALL-OUTER
G1 F2238.4 X119.276 Y77.632 E197.43586
G1 X119.276 Y61.032 E197.98797
G1 X100.677 Y61.033 E198.60658
G1 X100.676 Y77.632 E199.15866
G1 X109.977 Y77.632 E199.46802
G1 F2400 E198.66802
G0 F15000 X109.977 Y76.922
G0 X109.977 Y74.742
G0 X109.977 Y74.032
G1 F2400 E199.46802
G1 F2238.4 X102.417 Y74.032 E199.71946
G1 X102.315 Y73.952 E199.72378
G1 X102.278 Y73.867 E199.72686
G1 X102.276 Y62.832 E200.09388
G1 X102.334 Y62.69 E200.09899
G1 X102.441 Y62.634 E200.103
G1 X117.476 Y62.632 E200.60307
G1 X117.618 Y62.69 E200.60817
G1 X117.676 Y62.832 E200.61327
G1 X117.674 Y73.867 E200.9803
G1 X117.637 Y73.952 E200.98338
G1 X117.535 Y74.032 E200.98769
G1 X109.977 Y74.032 E201.23907
G0 F15000 X109.977 Y74.742
G0 X111.604 Y74.912
;TYPE:FILL
G1 F2238.4 X111.567 Y74.987 E201.24185
G1 X111.468 Y75.388 E201.25559
G1 X111.449 Y75.789 E201.26894
G1 X111.521 Y76.19 E201.28249
G1 X111.718 Y76.591 E201.29735
G1 X111.859 Y76.752 E201.30447
G0 F15000 X109.04 Y76.752
G1 F2238.4 X108.875 Y76.591 E201.31214
G1 X108.555 Y76.19 E201.3292
G1 X108.359 Y75.789 E201.34405
G1 X108.26 Y75.388 E201.35779
G1 X108.241 Y74.987 E201.37114
G1 X108.254 Y74.912 E201.37367
G0 F15000 X105.188 Y74.912
G1 F2238.4 X105.151 Y74.987 E201.37645
G1 X105.052 Y75.388 E201.39019
G1 X105.033 Y75.789 E201.40354
G1 X105.105 Y76.19 E201.41709
G1 X105.302 Y76.591 E201.43195
G1 X105.443 Y76.752 E201.43907
G0 F15000 X114.67 Y74.912
G1 F2238.4 X114.657 Y74.987 E201.4416
G1 X114.676 Y75.388 E201.45496
G1 X114.775 Y75.789 E201.46869
G1 X114.971 Y76.19 E201.48354
G1 X115.291 Y76.591 E201.5006
G1 X115.456 Y76.752 E201.50827
G0 F15000 X116.176 Y76.052
G0 X116.856 Y76.052
;TYPE:SKIN
G1 F2034.9 X116.856 Y75.612 E201.52437
G1 X117.562 Y75.608 E201.5502
G1 X117.696 Y75.58 E201.55521
G1 X117.696 Y76.052 E201.57247
G1 X116.856 Y76.052 E201.60321
G0 F15000 X116.436 Y76.472
G1 F2238.4 X116.436 Y75.192 E201.64578
G1 X117.508 Y75.189 E201.68143
G1 X117.96 Y75.097 E201.69678
G1 X118.116 Y75 E201.70289
G1 X118.116 Y76.472 E201.75185
G1 X116.436 Y76.472 E201.80772
G0 F15000 X116.176 Y76.472
G0 X103.776 Y76.052
G0 X103.096 Y76.052
G1 F2034.9 X102.255 Y76.052 E201.83849
G1 X102.254 Y75.58 E201.85576
G1 X102.386 Y75.608 E201.8607
G1 X103.096 Y75.612 E201.88667
G1 X103.096 Y76.052 E201.90277
G0 F15000 X103.516 Y76.472
G1 F2238.4 X101.836 Y76.472 E201.95865
G1 X101.833 Y75.001 E202.00757
G1 X101.988 Y75.096 E202.01362
G1 X102.44 Y75.189 E202.02897
G1 X103.516 Y75.192 E202.06476
G1 X103.516 Y76.472 E202.10733
;MESH:NONMESH
G0 F300 Z3.2
G0 F15000 X103.776 Y76.472
G0 X103.704 Y75.004
G0 X103.474 Y74.681
G0 X101.638 Y74.67
G0 X101.476 Y62.832
;TIME_ELAPSED:260.727720
;LAYER:15
;note -- min layer time used
;TYPE:WALL-INNER
;MESH:nut_holder.stl
G1 F2313 X101.779 Y62.135 E202.13172
G1 F2266 X102.302 Y61.839 E202.15141
G1 X101.462 Y61.818 E202.17894
G1 F2313 X101.476 Y62.832 E202.21149
G1 F2232 X101.476 Y73.832 E202.57735
G1 F2188.3 X101.483 Y74.006 E202.58326
G0 F15000 X101.638 Y74.67
G0 X109.977 Y74.742
G0 X109.977 Y74.432
G1 F2232 X102.476 Y74.432 E202.83274
G1 X102.244 Y74.386 E202.84061
G1 X101.995 Y74.192 E202.85111
G1 X101.876 Y73.918 E202.86104
G1 X101.876 Y62.832 E203.22976
G1 X102.051 Y62.407 E203.24505
G1 X102.387 Y62.232 E203.25765
G1 X117.476 Y62.232 E203.75951
G1 X117.9 Y62.408 E203.77478
G1 X118.076 Y62.832 E203.79005
G1 X118.076 Y73.917 E204.15874
G1 X117.958 Y74.192 E204.16869
G1 X117.708 Y74.386 E204.17922
G1 X117.476 Y74.432 E204.18709
G1 X109.977 Y74.432 E204.4365
G0 F15000 X109.977 Y74.742
G0 X109.977 Y76.832
G1 F2232 X118.476 Y76.832 E204.71918
G1 F2193.6 X118.469 Y74.006 E204.81482
G1 X118.278 Y74.432 E204.83062
G1 F2232 X117.862 Y74.756 E204.84816
G1 X117.476 Y74.832 E204.86124
G1 X102.476 Y74.832 E205.36014
G1 X102.09 Y74.756 E205.37323
G1 X101.675 Y74.431 E205.39076
G1 F2188.3 X101.483 Y74.006 E205.40658
G1 X101.475 Y74.498 E205.42327
G1 F2232 X101.476 Y76.832 E205.5009
G1 X109.977 Y76.832 E205.78365
G0 F15000 X117.296 Y74.661
G0 X118.314 Y74.67
G0 X118.469 Y74.006
G1 F2193.6 X118.476 Y73.832 E205.78954
G1 F2232 X118.476 Y62.832 E206.1554
G1 F2313 X118.49 Y61.818 E206.18795
G1 X117.476 Y61.832 E206.2205
G1 X118.173 Y62.135 E206.24489
G1 X118.476 Y62.832 E206.26929
G0 F15000 X118.314 Y61.994
G0 X117.476 Y61.832
G1 F2232 X102.476 Y61.832 E206.76819
G1 F2188.3 X102.302 Y61.839 E206.7741
G0 F15000 X101.638 Y61.994
G0 X101.638 Y74.67
G0 X103.678 Y74.672
G0 X109.977 Y76.922
G0 X109.977 Y77.232
G1 F2232 X118.876 Y77.232 E207.07008
G1 X118.876 Y61.432 E207.59559
G1 X101.077 Y61.433 E208.18759
G1 X101.076 Y77.232 E208.71306
G1 X109.977 Y77.232 E209.00911
G0 F15000 X109.977 Y77.632
;TYPE:WALL-OUTER
G1 F2232 X119.276 Y77.632 E209.3184
G1 X119.276 Y61.032 E209.87052
G1 X100.677 Y61.033 E210.48912
G1 X100.676 Y77.632 E211.04121
G1 X109.977 Y77.632 E211.35056
G1 F2400 E210.55056
G0 F15000 X109.977 Y76.922
G0 X109.977 Y74.742
G0 X109.977 Y74.032
G1 F2400 E211.35056
G1 F2232 X102.417 Y74.032 E211.602
G1 X102.315 Y73.952 E211.60632
G1 X102.278 Y73.867 E211.6094
G1 X102.276 Y62.832 E211.97643
G1 X102.334 Y62.69 E211.98153
G1 X102.441 Y62.634 E211.98554
G1 X117.476 Y62.632 E212.48561
G1 X117.618 Y62.69 E212.49071
G1 X117.676 Y62.832 E212.49581
G1 X117.674 Y73.867 E212.86284
G1 X117.637 Y73.952 E212.86592
G1 X117.535 Y74.032 E212.87023
G1 X109.977 Y74.032 E213.12161
G0 F15000 X109.977 Y74.742
G0 X111.546 Y74.912
;TYPE:FILL
G1 F2232 X111.521 Y74.987 E213.12424
G1 X111.478 Y75.388 E213.13766
G1 X111.517 Y75.789 E213.15106
G1 X111.647 Y76.19 E213.16508
G1 X111.9 Y76.591 E213.18085
G1 X112.049 Y76.752 E213.18814
G0 F15000 X108.857 Y76.752
G1 F2232 X108.706 Y76.591 E213.19549
G1 X108.449 Y76.19 E213.21133
G1 X108.313 Y75.789 E213.22541
G1 X108.27 Y75.388 E213.23882
G1 X108.309 Y74.987 E213.25222
G1 X108.333 Y74.912 E213.25484
G0 F15000 X105.13 Y74.912
G1 F2232 X105.105 Y74.987 E213.25747
G1 X105.062 Y75.388 E213.27089
G1 X105.101 Y75.789 E213.28429
G1 X105.231 Y76.19 E213.29831
G1 X105.484 Y76.591 E213.31408
G1 X105.633 Y76.752 E213.32137
G0 F15000 X114.749 Y74.912
G1 F2232 X114.725 Y74.987 E213.32399
G1 X114.686 Y75.388 E213.33739
G1 X114.729 Y75.789 E213.35081
G1 X114.865 Y76.19 E213.36489
G1 X115.122 Y76.591 E213.38073
G1 X115.273 Y76.752 E213.38807
G0 F15000 X116.176 Y76.052
G0 X116.856 Y76.052
;TYPE:SKIN
G1 F2029.1 X116.856 Y75.612 E213.40417
G1 X117.562 Y75.608 E213.43
G1 X117.696 Y75.58 E213.43501
G1 X117.696 Y76.052 E213.45228
G1 X116.856 Y76.052 E213.48301
G0 F15000 X116.436 Y76.472
G1 F2232 X116.436 Y75.192 E213.52558
G1 X117.508 Y75.189 E213.56124
G1 X117.96 Y75.097 E213.57658
G1 X118.116 Y75 E213.58269
G1 X118.116 Y76.472 E213.63165
G1 X116.436 Y76.472 E213.68753
G0 F15000 X116.176 Y76.472
G0 X103.776 Y76.052
G0 X103.096 Y76.052
G1 F2029.1 X102.255 Y76.052 E213.7183
G1 X102.254 Y75.58 E213.73556
G1 X102.386 Y75.608 E213.7405
G1 X103.096 Y75.612 E213.76648
G1 X103.096 Y76.052 E213.78258
G0 F15000 X103.516 Y76.472
G1 F2232 X101.836 Y76.472 E213.83845
G1 X101.833 Y75.001 E213.88738
G1 X101.988 Y75.096 E213.89343
G1 X102.44 Y75.189 E213.90877
G1 X103.516 Y75.192 E213.94456
G1 X103.516 Y76.472 E213.98713
;MESH:NONMESH
G0 F300 Z3.4
G0 F15000 X103.776 Y76.472
G0 X103.704 Y75.004
G0 X103.474 Y74.681
G0 X101.638 Y74.67
G0 X101.476 Y62.832
;TIME_ELAPSED:276.138600
;LAYER:16
;note -- min layer time used
;TYPE:WALL-INNER
;MESH:nut_holder.stl
G1 F2311.3 X101.779 Y62.135 E214.01153
G1 F2264.3 X102.302 Y61.839 E214.03122
G1 X101.462 Y61.818 E214.05874
G1 F2311.3 X101.476 Y62.832 E214.09129
G1 F2230.4 X101.476 Y73.832 E214.45715
G1 F2186.6 X101.483 Y74.006 E214.46306
G0 F15000 X101.638 Y74.67
G0 X109.977 Y74.742
G0 X109.977 Y74.432
G1 F2230.4 X102.476 Y74.432 E214.71255
G1 X102.244 Y74.386 E214.72041
G1 X101.995 Y74.192 E214.73091
G1 X101.876 Y73.918 E214.74085
G1 X101.876 Y62.832 E215.10957
G1 X102.051 Y62.407 E215.12486
G1 X102.387 Y62.232 E215.13746
G1 X117.476 Y62.232 E215.63932
G1 X117.9 Y62.408 E215.65459
G1 X118.076 Y62.832 E215.66986
G1 X118.076 Y73.917 E216.03854
G1 X117.958 Y74.192 E216.0485
G1 X117.708 Y74.386 E216.05902
G1 X117.476 Y74.432 E216.06689
G1 X109.977 Y74.432 E216.31631
G0 F15000 X109.977 Y74.742
G0 X109.977 Y76.832
G1 F2230.4 X118.476 Y76.832 E216.59898
G1 F2192 X118.469 Y74.006 E216.69462
G1 X118.278 Y74.432 E216.71042
G1 F2230.4 X117.862 Y74.756 E216.72796
G1 X117.476 Y74.832 E216.74105
G1 X102.476 Y74.832 E217.23995
G1 X102.09 Y74.756 E217.25303
G1 X101.675 Y74.431 E217.27056
G1 F2186.6 X101.483 Y74.006 E217.28639
G1 X101.475 Y74.498 E217.30308
G1 F2230.4 X101.476 Y76.832 E217.38071
G1 X109.977 Y76.832 E217.66345
G0 F15000 X117.296 Y74.661
G0 X118.314 Y74.67
G0 X118.469 Y74.006
G1 F2192 X118.476 Y73.832 E217.66935
G1 F2230.4 X118.476 Y62.832 E218.03521
G1 F2311.3 X118.49 Y61.818 E218.06776
G1 X117.476 Y61.832 E218.1003
G1 X118.173 Y62.135 E218.1247
G1 X118.476 Y62.832 E218.14909
G0 F15000 X118.314 Y61.994
G0 X117.476 Y61.832
G1 F2230.4 X102.476 Y61.832 E218.64799
G1 F2186.6 X102.302 Y61.839 E218.6539
G0 F15000 X101.638 Y61.994
G0 X101.638 Y74.67
G0 X103.678 Y74.672
G0 X109.977 Y76.922
G0 X109.977 Y77.232
G1 F2230.4 X118.876 Y77.232 E218.94988
G1 X118.876 Y61.432 E219.47539
G1 X101.077 Y61.433 E220.06739
G1 X101.076 Y77.232 E220.59287
G1 X109.977 Y77.232 E220.88892
G0 F15000 X109.977 Y77.632
;TYPE:WALL-OUTER
G1 F2230.4 X119.276 Y77.632 E221.1982
G1 X119.276 Y61.032 E221.75032
G1 X100.677 Y61.033 E222.36892
G1 X100.676 Y77.632 E222.92101
G1 X109.977 Y77.632 E223.23036
G1 F2400 E222.43036
G0 F15000 X109.977 Y76.922
G0 X109.977 Y74.742
G0 X109.977 Y74.032
G1 F2400 E223.23036
G1 F2230.4 X102.417 Y74.032 E223.48181
G1 X102.315 Y73.952 E223.48612
G1 X102.278 Y73.867 E223.4892
G1 X102.276 Y62.832 E223.85623
G1 X102.334 Y62.69 E223.86133
G1 X102.441 Y62.634 E223.86535
G1 X117.476 Y62.632 E224.36541
G1 X117.618 Y62.69 E224.37052
G1 X117.676 Y62.832 E224.37562
G1 X117.674 Y73.867 E224.74264
G1 X117.637 Y73.952 E224.74573
G1 X117.535 Y74.032 E224.75004
G1 X109.977 Y74.032 E225.00142
G0 F15000 X109.977 Y74.742
G0 X111.47 Y74.912
;TYPE:FILL
G1 F2230.4 X111.456 Y74.987 E225.00396
G1 X111.469 Y75.388 E225.0173
G1 X111.564 Y75.789 E225.03101
G1 X111.755 Y76.19 E225.04578
G1 X112.069 Y76.591 E225.06272
G1 X112.232 Y76.752 E225.07034
G0 F15000 X115.082 Y76.752
G1 F2230.4 X114.941 Y76.591 E225.07746
G1 X114.74 Y76.19 E225.09238
G1 X114.664 Y75.789 E225.10595
G1 X114.677 Y75.388 E225.1193
G1 X114.772 Y74.987 E225.133
G1 X114.808 Y74.912 E225.13577
G0 F15000 X108.666 Y76.752
G1 F2230.4 X108.525 Y76.591 E225.14289
G1 X108.324 Y76.19 E225.15781
G1 X108.248 Y75.789 E225.17138
G1 X108.261 Y75.388 E225.18473
G1 X108.356 Y74.987 E225.19843
G1 X108.392 Y74.912 E225.2012
G0 F15000 X105.816 Y76.752
G1 F2230.4 X105.653 Y76.591 E225.20882
G1 X105.339 Y76.19 E225.22576
G1 X105.148 Y75.789 E225.24053
G1 X105.053 Y75.388 E225.25424
G1 X105.04 Y74.987 E225.26758
G1 X105.054 Y74.912 E225.27012
G0 F15000 X103.776 Y76.052
G0 X103.096 Y76.052
;TYPE:SKIN
G1 F2027.6 X102.255 Y76.052 E225.30089
G1 X102.254 Y75.58 E225.31816
G1 X102.386 Y75.608 E225.32309
G1 X103.096 Y75.612 E225.34907
G1 X103.096 Y76.052 E225.36517
G0 F15000 X103.516 Y76.472
G1 F2230.4 X101.836 Y76.472 E225.42105
G1 X101.833 Y75.001 E225.46997
G1 X101.988 Y75.096 E225.47602
G1 X102.44 Y75.189 E225.49137
G1 X103.516 Y75.192 E225.52715
G1 X103.516 Y76.472 E225.56973
G0 F15000 X103.776 Y76.472
G0 X116.176 Y76.052
G0 X116.856 Y76.052
G1 F2027.6 X116.856 Y75.612 E225.58583
G1 X117.562 Y75.608 E225.61166
G1 X117.696 Y75.58 E225.61666
G1 X117.696 Y76.052 E225.63393
G1 X116.856 Y76.052 E225.66467
G0 F15000 X116.436 Y76.472
G1 F2230.4 X116.436 Y75.192 E225.70724
G1 X117.508 Y75.189 E225.74289
G1 X117.96 Y75.097 E225.75824
G1 X118.116 Y75 E225.76434
G1 X118.116 Y76.472 E225.8133
G1 X116.436 Y76.472 E225.86918
G0 F15000 X115.876 Y76.472
;MESH:NONMESH
G0 F300 Z3.6
G0 F15000 X101.638 Y74.67
G0 X101.476 Y62.832
;TIME_ELAPSED:291.663414
;LAYER:17
;note -- min layer time used
;TYPE:WALL-INNER
;MESH:nut_holder.stl
G1 F2317.4 X101.779 Y62.135 E225.89357
G1 F2270.3 X102.302 Y61.839 E225.91326
G1 X101.462 Y61.818 E225.94079
G1 F2317.4 X101.476 Y62.832 E225.97334
G1 F2236.2 X101.476 Y73.832 E226.3392
G1 F2192.4 X101.483 Y74.006 E226.34511
G0 F15000 X101.638 Y74.67
G0 X109.977 Y74.742
G0 X109.977 Y74.432
G1 F2236.2 X102.476 Y74.432 E226.59459
G1 X102.244 Y74.386 E226.60246
G1 X101.995 Y74.192 E226.61296
G1 X101.876 Y73.918 E226.62289
G1 X101.876 Y62.832 E226.99161
G1 X102.051 Y62.407 E227.0069
G1 X102.387 Y62.232 E227.0195
G1 X117.476 Y62.232 E227.52136
G1 X117.9 Y62.408 E227.53663
G1 X118.076 Y62.832 E227.5519
G1 X118.076 Y73.917 E227.92059
G1 X117.958 Y74.192 E227.93054
G1 X117.708 Y74.386 E227.94107
G1 X117.476 Y74.432 E227.94894
G1 X109.977 Y74.432 E228.19835
G0 F15000 X109.977 Y74.742
G0 X109.977 Y76.832
G1 F2236.2 X118.476 Y76.832 E228.48103
G1 F2197.8 X118.469 Y74.006 E228.57667
G1 X118.278 Y74.432 E228.59247
G1 F2236.2 X117.862 Y74.756 E228.61001
G1 X117.476 Y74.832 E228.62309
G1 X102.476 Y74.832 E229.12199
G1 X102.09 Y74.756 E229.13508
G1 X101.675 Y74.431 E229.15261
G1 F2192.4 X101.483 Y74.006 E229.16843
G1 X101.475 Y74.498 E229.18513
G1 F2236.2 X101.476 Y76.832 E229.26275
G1 X109.977 Y76.832 E229.5455
G0 F15000 X117.296 Y74.661
G0 X118.314 Y74.67
G0 X118.469 Y74.006
G1 F2197.8 X118.476 Y73.832 E229.55139
G1 F2236.2 X118.476 Y62.832 E229.91725
G1 F2317.4 X118.49 Y61.818 E229.9498
G1 X117.476 Y61.832 E229.98235
G1 X118.173 Y62.135 E230.00674
G1 X118.476 Y62.832 E230.03114
G0 F15000 X118.314 Y61.994
G0 X117.476 Y61.832
G1 F2236.2 X102.476 Y61.832 E230.53004
G1 F2192.4 X102.302 Y61.839 E230.53595
G0 F15000 X101.638 Y61.994
G0 X101.638 Y74.67
G0 X103.678 Y74.672
G0 X109.977 Y76.922
G0 X109.977 Y77.232
G1 F2236.2 X118.876 Y77.232 E230.83193
G1 X118.876 Y61.432 E231.35744
G1 X101.077 Y61.433 E231.94944
G1 X101.076 Y77.232 E232.47491
G1 X109.977 Y77.232 E232.77096
G0 F15000 X109.977 Y77.632
;TYPE:WALL-OUTER
G1 F2236.2 X119.276 Y77.632 E233.08025
G1 X119.276 Y61.032 E233.63237
G1 X100.677 Y61.033 E234.25097
G1 X100.676 Y77.632 E234.80306
G1 X109.977 Y77.632 E235.11241
G1 F2400 E234.31241
G0 F15000 X109.977 Y76.922
G0 X109.977 Y74.742
G0 X109.977 Y74.032
G1 F2400 E235.11241
G1 F2236.2 X102.417 Y74.032 E235.36386
G1 X102.315 Y73.952 E235.36817
G1 X102.278 Y73.867 E235.37125
G1 X102.276 Y62.832 E235.73828
G1 X102.334 Y62.69 E235.74338
G1 X102.441 Y62.634 E235.74739
G1 X117.476 Y62.632 E236.24746
G1 X117.618 Y62.69 E236.25256
G1 X117.676 Y62.832 E236.25766
G1 X117.674 Y73.867 E236.62469
G1 X117.637 Y73.952 E236.62777
G1 X117.535 Y74.032 E236.63208
G1 X109.977 Y74.032 E236.88346
G0 F15000 X109.977 Y74.742
G0 X111.37 Y74.912
;TYPE:FILL
G1 F2236.2 X111.368 Y74.987 E236.88596
G1 X111.44 Y75.388 E236.89951
G1 X111.592 Y75.789 E236.91377
G1 X111.849 Y76.19 E236.92961
G1 X112.24 Y76.591 E236.94824
G1 X112.427 Y76.752 E236.95645
G0 F15000 X114.864 Y76.752
G1 F2236.2 X114.729 Y76.591 E236.96344
G1 X114.589 Y76.19 E236.97757
G1 X114.576 Y75.789 E236.99091
G1 X114.648 Y75.388 E237.00446
G1 X114.8 Y74.987 E237.01872
G1 X114.848 Y74.912 E237.02169
G0 F15000 X108.432 Y74.912
G1 F2236.2 X108.384 Y74.987 E237.02465
G1 X108.232 Y75.388 E237.03891
G1 X108.16 Y75.789 E237.05246
G1 X108.173 Y76.19 E237.06581
G1 X108.313 Y76.591 E237.07993
G1 X108.448 Y76.752 E237.08692
G0 F15000 X106.011 Y76.752
G1 F2236.2 X105.824 Y76.591 E237.09513
G1 X105.433 Y76.19 E237.11376
G1 X105.176 Y75.789 E237.1296
G1 X105.024 Y75.388 E237.14386
G1 X104.952 Y74.987 E237.15741
G1 X104.954 Y74.912 E237.15991
G0 F15000 X103.776 Y76.052
G0 X103.096 Y76.052
;TYPE:SKIN
G1 F2032.9 X102.255 Y76.052 E237.19068
G1 X102.254 Y75.58 E237.20794
G1 X102.386 Y75.608 E237.21288
G1 X103.096 Y75.612 E237.23886
G1 X103.096 Y76.052 E237.25496
G0 F15000 X103.516 Y76.472
G1 F2236.2 X101.836 Y76.472 E237.31083
G1 X101.833 Y75.001 E237.35976
G1 X101.988 Y75.096 E237.3658
G1 X102.44 Y75.189 E237.38115
G1 X103.516 Y75.192 E237.41694
G1 X103.516 Y76.472 E237.45951
G0 F15000 X103.776 Y76.472
G0 X116.176 Y76.052
G0 X116.856 Y76.052
G1 F2032.9 X116.856 Y75.612 E237.47561
G1 X117.562 Y75.608 E237.50144
G1 X117.696 Y75.58 E237.50645
G1 X117.696 Y76.052 E237.52372
G1 X116.856 Y76.052 E237.55445
G0 F15000 X116.436 Y76.472
G1 F2236.2 X116.436 Y75.192 E237.59702
G1 X117.508 Y75.189 E237.63268
G1 X117.96 Y75.097 E237.64802
G1 X118.116 Y75 E237.65413
G1 X118.116 Y76.472 E237.70309
G1 X116.436 Y76.472 E237.75897
G0 F15000 X115.876 Y76.472
;MESH:NONMESH
G0 F300 Z3.8
G0 F15000 X101.638 Y74.67
G0 X101.476 Y62.832
;TIME_ELAPSED:307.139405
;LAYER:18
;note -- min layer time used
;TYPE:WALL-INNER
;MESH:nut_holder.stl
G1 F2319.1 X101.779 Y62.135 E237.78336
G1 F2272 X102.302 Y61.839 E237.80305
G1 X101.462 Y61.818 E237.83058
G1 F2319.1 X101.476 Y62.832 E237.86313
G1 F2237.9 X101.476 Y73.832 E238.22899
G1 F2194 X101.483 Y74.006 E238.23489
G0 F15000 X101.638 Y74.67
G0 X109.977 Y74.742
G0 X109.977 Y74.432
G1 F2237.9 X102.476 Y74.432 E238.48438
G1 X102.244 Y74.386 E238.49225
G1 X101.995 Y74.192 E238.50274
G1 X101.876 Y73.918 E238.51268
G1 X101.876 Y62.832 E238.8814
G1 X102.051 Y62.407 E238.89669
G1 X102.387 Y62.232 E238.90929
G1 X117.476 Y62.232 E239.41115
G1 X117.9 Y62.408 E239.42642
G1 X118.076 Y62.832 E239.44169
G1 X118.076 Y73.917 E239.81038
G1 X117.958 Y74.192 E239.82033
G1 X117.708 Y74.386 E239.83086
G1 X117.476 Y74.432 E239.83872
G1 X109.977 Y74.432 E240.08814
G0 F15000 X109.977 Y74.742
G0 X109.977 Y76.832
G1 F2237.9 X118.476 Y76.832 E240.37082
G1 F2199.4 X118.469 Y74.006 E240.46646
G1 X118.278 Y74.432 E240.48226
G1 F2237.9 X117.862 Y74.756 E240.49979
G1 X117.476 Y74.832 E240.51288
G1 X102.476 Y74.832 E241.01178
G1 X102.09 Y74.756 E241.02486
G1 X101.675 Y74.431 E241.0424
G1 F2194 X101.483 Y74.006 E241.05822
G1 X101.475 Y74.498 E241.07491
G1 F2237.9 X101.476 Y76.832 E241.15254
G1 X109.977 Y76.832 E241.43529
G0 F15000 X117.296 Y74.661
G0 X118.314 Y74.67
G0 X118.469 Y74.006
G1 F2199.4 X118.476 Y73.832 E241.44118
G1 F2237.9 X118.476 Y62.832 E241.80704
G1 F2319.1 X118.49 Y61.818 E241.83959
G1 X117.476 Y61.832 E241.87214
G1 X118.173 Y62.135 E241.89653
G1 X118.476 Y62.832 E241.92092
G0 F15000 X118.314 Y61.994
G0 X117.476 Y61.832
G1 F2237.9 X102.476 Y61.832 E242.41983
G1 F2194 X102.302 Y61.839 E242.42573
G0 F15000 X101.638 Y61.994
G0 X101.638 Y74.67
G0 X103.678 Y74.672
G0 X109.977 Y76.922
G0 X109.977 Y77.232
G1 F2237.9 X118.876 Y77.232 E242.72172
G1 X118.876 Y61.432 E243.24723
G1 X101.077 Y61.433 E243.83922
G1 X101.076 Y77.232 E244.3647
G1 X109.977 Y77.232 E244.66075
G0 F15000 X109.977 Y77.632
;TYPE:WALL-OUTER
G1 F2237.9 X119.276 Y77.632 E244.97003
G1 X119.276 Y61.032 E245.52215
G1 X100.677 Y61.033 E246.14076
G1 X100.676 Y77.632 E246.69284
G1 X109.977 Y77.632 E247.0022
G1 F2400 E246.2022
G0 F15000 X109.977 Y76.922
G0 X109.977 Y74.742
G0 X109.977 Y74.032
G1 F2400 E247.0022
G1 F2237.9 X102.417 Y74.032 E247.25364
G1 X102.315 Y73.952 E247.25795
G1 X102.278 Y73.867 E247.26104
G1 X102.276 Y62.832 E247.62806
G1 X102.334 Y62.69 E247.63316
G1 X102.441 Y62.634 E247.63718
G1 X117.476 Y62.632 E248.13725
G1 X117.618 Y62.69 E248.14235
G1 X117.676 Y62.832 E248.14745
G1 X117.674 Y73.867 E248.51448
G1 X117.637 Y73.952 E248.51756
G1 X117.535 Y74.032 E248.52187
G1 X109.977 Y74.032 E248.77325
G0 F15000 X109.977 Y74.742
G0 X111.244 Y74.912
;TYPE:FILL
G1 F2237.9 X111.255 Y74.987 E248.77577
G1 X111.388 Y75.388 E248.78982
G1 X111.6 Y75.789 E248.80491
G1 X111.933 Y76.19 E248.82225
G1 X112.437 Y76.591 E248.84367
G1 X112.667 Y76.752 E248.85301
G0 F15000 X114.578 Y76.752
G1 F2237.9 X114.456 Y76.591 E248.85972
G1 X114.403 Y76.19 E248.87318
G1 X114.463 Y75.789 E248.88666
G1 X114.596 Y75.388 E248.90072
G1 X114.808 Y74.987 E248.9158
G1 X114.87 Y74.912 E248.91904
G0 F15000 X108.454 Y74.912
G1 F2237.9 X108.392 Y74.987 E248.92228
G1 X108.18 Y75.388 E248.93736
G1 X108.047 Y75.789 E248.95141
G1 X107.987 Y76.19 E248.9649
G1 X108.04 Y76.591 E248.97835
G1 X108.162 Y76.752 E248.98507
G0 F15000 X106.251 Y76.752
G1 F2237.9 X106.021 Y76.591 E248.99441
G1 X105.517 Y76.19 E249.01583
G1 X105.184 Y75.789 E249.03317
G1 X104.972 Y75.388 E249.04825
G1 X104.839 Y74.987 E249.06231
G1 X104.828 Y74.912 E249.06483
G0 F15000 X103.776 Y76.052
G0 X103.096 Y76.052
;TYPE:SKIN
G1 F2034.5 X102.255 Y76.052 E249.0956
G1 X102.254 Y75.58 E249.11286
G1 X102.386 Y75.608 E249.1178
G1 X103.096 Y75.612 E249.14378
G1 X103.096 Y76.052 E249.15988
G0 F15000 X103.516 Y76.472
G1 F2237.9 X101.836 Y76.472 E249.21575
G1 X101.833 Y75.001 E249.26468
G1 X101.988 Y75.096 E249.27072
G1 X102.44 Y75.189 E249.28607
G1 X103.516 Y75.192 E249.32186
G1 X103.516 Y76.472 E249.36443
G0 F15000 X103.776 Y76.472
G0 X116.176 Y76.052
G0 X116.856 Y76.052
G1 F2034.5 X116.856 Y75.612 E249.38053
G1 X117.562 Y75.608 E249.40636
G1 X117.696 Y75.58 E249.41137
G1 X117.696 Y76.052 E249.42864
G1 X116.856 Y76.052 E249.45937
G0 F15000 X116.436 Y76.472
G1 F2237.9 X116.436 Y75.192 E249.50194
G1 X117.508 Y75.189 E249.5376
G1 X117.96 Y75.097 E249.55294
G1 X118.116 Y75 E249.55905
G1 X118.116 Y76.472 E249.60801
G1 X116.436 Y76.472 E249.66389
G0 F15000 X115.876 Y76.472
;MESH:NONMESH
G0 F300 Z4
G0 F15000 X101.638 Y74.67
G0 X101.476 Y62.832
;TIME_ELAPSED:322.585406
;LAYER:19
;note -- min layer time used
;TYPE:WALL-INNER
;MESH:nut_holder.stl
G1 F2333.5 X101.779 Y62.135 E249.68828
G1 F2286.1 X102.302 Y61.839 E249.70797
G1 X101.462 Y61.818 E249.7355
G1 F2333.5 X101.476 Y62.832 E249.76805
G1 F2251.8 X101.476 Y73.832 E250.13391
G1 F2207.6 X101.483 Y74.006 E250.13981
G0 F15000 X101.638 Y74.67
G0 X109.977 Y74.742
G0 X109.977 Y74.432
G1 F2251.8 X102.476 Y74.432 E250.3893
G1 X102.244 Y74.386 E250.39717
G1 X101.995 Y74.192 E250.40766
G1 X101.876 Y73.918 E250.4176
G1 X101.876 Y62.832 E250.78632
G1 X102.051 Y62.407 E250.80161
G1 X102.387 Y62.232 E250.81421
G1 X117.476 Y62.232 E251.31607
G1 X117.9 Y62.408 E251.33134
G1 X118.076 Y62.832 E251.34661
G1 X118.076 Y73.917 E251.7153
G1 X117.958 Y74.192 E251.72525
G1 X117.708 Y74.386 E251.73578
G1 X117.476 Y74.432 E251.74364
G1 X109.977 Y74.432 E251.99306
G0 F15000 X109.977 Y74.742
G0 X109.977 Y76.832
G1 F2251.8 X118.476 Y76.832 E252.27574
G1 F2213.1 X118.469 Y74.006 E252.37138
G1 X118.278 Y74.432 E252.38718
G1 F2251.8 X117.862 Y74.756 E252.40471
G1 X117.476 Y74.832 E252.4178
G1 X102.476 Y74.832 E252.9167
G1 X102.09 Y74.756 E252.92979
G1 X101.675 Y74.431 E252.94732
G1 F2207.6 X101.483 Y74.006 E252.96314
G1 X101.475 Y74.498 E252.97983
G1 F2251.8 X101.476 Y76.832 E253.05746
G1 X109.977 Y76.832 E253.34021
G0 F15000 X117.296 Y74.661
G0 X118.314 Y74.67
G0 X118.469 Y74.006
G1 F2213.1 X118.476 Y73.832 E253.3461
G1 F2251.8 X118.476 Y62.832 E253.71196
G1 F2333.5 X118.49 Y61.818 E253.74451
G1 X117.476 Y61.832 E253.77706
G1 X118.173 Y62.135 E253.80145
G1 X118.476 Y62.832 E253.82584
G0 F15000 X118.314 Y61.994
G0 X117.476 Y61.832
G1 F2251.8 X102.476 Y61.832 E254.32475
G1 F2207.6 X102.302 Y61.839 E254.33065
G0 F15000 X101.638 Y61.994
G0 X101.638 Y74.67
G0 X103.678 Y74.672
G0 X109.977 Y76.922
G0 X109.977 Y77.232
G1 F2251.8 X118.876 Y77.232 E254.62664
G1 X118.876 Y61.432 E255.15215
G1 X101.077 Y61.433 E255.74414
G1 X101.076 Y77.232 E256.26962
G1 X109.977 Y77.232 E256.56567
G0 F15000 X109.977 Y77.632
;TYPE:WALL-OUTER
G1 F2251.8 X119.276 Y77.632 E256.87495
G1 X119.276 Y61.032 E257.42707
G1 X100.677 Y61.033 E258.04568
G1 X100.676 Y77.632 E258.59776
G1 X109.977 Y77.632 E258.90712
G1 F2400 E258.10712
G0 F15000 X109.977 Y76.922
G0 X109.977 Y74.742
G0 X109.977 Y74.032
G1 F2400 E258.90712
G1 F2251.8 X102.417 Y74.032 E259.15856
G1 X102.315 Y73.952 E259.16287
G1 X102.278 Y73.867 E259.16596
G1 X102.276 Y62.832 E259.53298
G1 X102.334 Y62.69 E259.53808
G1 X102.441 Y62.634 E259.5421
G1 X117.476 Y62.632 E260.04217
G1 X117.618 Y62.69 E260.04727
G1 X117.676 Y62.832 E260.05237
G1 X117.674 Y73.867 E260.4194
G1 X117.637 Y73.952 E260.42248
G1 X117.535 Y74.032 E260.42679
G1 X109.977 Y74.032 E260.67817
G0 F15000 X109.977 Y74.742
G0 X111.083 Y74.912
;TYPE:FILL
G1 F2251.8 X111.112 Y74.987 E260.68085
G1 X111.31 Y75.388 E260.69572
G1 X111.585 Y75.789 E260.71189
G1 X112.009 Y76.19 E260.7313
G1 X112.722 Y76.591 E260.75851
G1 X113.108 Y76.752 E260.77242
G0 F15000 X114.06 Y76.752
G1 F2251.8 X114.042 Y76.591 E260.77781
G1 X114.165 Y76.19 E260.79176
G1 X114.32 Y75.789 E260.80606
G1 X114.518 Y75.388 E260.82093
G1 X114.793 Y74.987 E260.83711
G1 X114.872 Y74.912 E260.84073
G0 F15000 X108.456 Y74.912
G1 F2251.8 X108.377 Y74.987 E260.84435
G1 X108.102 Y75.388 E260.86052
G1 X107.904 Y75.789 E260.8754
G1 X107.749 Y76.19 E260.8897
G1 X107.626 Y76.591 E260.90365
G1 X107.644 Y76.752 E260.90904
G0 F15000 X106.692 Y76.752
G1 F2251.8 X106.306 Y76.591 E260.92295
G1 X105.593 Y76.19 E260.95015
G1 X105.169 Y75.789 E260.96956
G1 X104.894 Y75.388 E260.98574
G1 X104.696 Y74.987 E261.00061
G1 X104.667 Y74.912 E261.00329
G0 F15000 X103.776 Y76.472
G0 X103.516 Y76.472
;TYPE:SKIN
G1 F2251.8 X101.836 Y76.472 E261.05916
G1 X101.833 Y75.001 E261.10809
G1 X101.988 Y75.096 E261.11414
G1 X102.44 Y75.189 E261.12948
G1 X103.516 Y75.192 E261.16527
G1 X103.516 Y76.472 E261.20784
G0 F15000 X103.05 Y76.272
G1 F2251.8 X103.316 Y76.006 E261.22036
G0 F15000 X103.316 Y75.441
G1 F2251.8 X102.485 Y76.272 E261.25944
G0 F15000 X102.036 Y76.155
G1 F2251.8 X102.799 Y75.392 E261.29533
G0 F15000 X102.268 Y75.357
G1 F2251.8 X102.035 Y75.59 E261.30629
G0 F15000 X101.575 Y75.59
G0 X101.658 Y74.64
G0 X102.479 Y74.993
G0 X103.471 Y75.002
G0 X116.176 Y76.472
G0 X116.436 Y76.472
G1 F2251.8 X116.436 Y75.192 E261.34887
G1 X117.508 Y75.189 E261.38452
G1 X117.96 Y75.097 E261.39986
G1 X118.116 Y75 E261.40597
G1 X118.116 Y76.472 E261.45493
G1 X116.436 Y76.472 E261.51081
G0 F15000 X116.637 Y75.696
G1 F2251.8 X116.941 Y75.392 E261.52511
G0 F15000 X117.507 Y75.392
G1 F2251.8 X116.637 Y76.262 E261.56603
G0 F15000 X117.192 Y76.272
G1 F2251.8 X117.916 Y75.549 E261.60006
G0 F15000 X117.916 Y76.114
G1 F2251.8 X117.758 Y76.272 E261.60749
;MESH:NONMESH
G0 F300 Z4.2
G0 F15000 X117.758 Y76.732
G0 X109.977 Y76.832
;TIME_ELAPSED:338.040082
;LAYER:20
;note -- min layer time used
;TYPE:WALL-INNER
;MESH:nut_holder.stl
G1 F666.1 X116.476 Y76.832 E261.82365
G1 X116.476 Y74.832 E261.89017
G1 X103.476 Y74.832 E262.32255
G1 X103.476 Y76.832 E262.38907
G1 X109.977 Y76.832 E262.6053
G0 F15000 X109.977 Y77.232
G1 F666.1 X116.876 Y77.232 E262.83476
G1 X116.876 Y74.432 E262.92789
G1 X103.076 Y74.432 E263.38688
G1 X103.076 Y77.232 E263.48001
G1 X109.977 Y77.232 E263.70953
G0 F15000 X109.977 Y77.632
;TYPE:WALL-OUTER
G1 F666.1 X117.276 Y77.632 E263.9523
G1 X117.276 Y74.032 E264.07204
G1 X102.676 Y74.032 E264.55763
G1 X102.676 Y77.632 E264.67737
G1 X109.977 Y77.632 E264.9202
G0 F15000 X109.977 Y76.922
G0 X110.875 Y74.912
;TYPE:FILL
G1 F666.1 X111.077 Y75.208 E264.93212
G1 X111.478 Y75.727 E264.95394
G1 X111.879 Y76.068 E264.97144
G1 X112.28 Y76.287 E264.98664
G1 X112.681 Y76.426 E265.00076
G1 X113.082 Y76.494 E265.01428
G1 X113.483 Y76.453 E265.02769
G1 X113.884 Y76.155 E265.04431
G1 X114.285 Y75.567 E265.06798
G1 X114.686 Y75.048 E265.08979
G1 X114.846 Y74.912 E265.09678
G0 F15000 X108.43 Y74.912
G1 F666.1 X108.27 Y75.048 E265.10376
G1 X107.869 Y75.567 E265.12558
G1 X107.468 Y76.155 E265.14925
G1 X107.067 Y76.453 E265.16587
G1 X106.666 Y76.494 E265.17927
G1 X106.265 Y76.426 E265.1928
G1 X105.864 Y76.287 E265.20692
G1 X105.463 Y76.068 E265.22211
G1 X105.062 Y75.727 E265.23962
G1 X104.661 Y75.208 E265.26143
G1 X104.459 Y74.912 E265.27335
G0 F15000 X104.459 Y75.042
;MESH:NONMESH
G0 F300 Z4.4
G0 F15000 X109.977 Y76.832
;TIME_ELAPSED:348.751146
;LAYER:21
;note -- min layer time used
;TYPE:WALL-INNER
;MESH:nut_holder.stl
G1 F663.9 X116.476 Y76.832 E265.48951
G1 X116.476 Y74.832 E265.55603
G1 X103.476 Y74.832 E265.98841
G1 X103.476 Y76.832 E266.05493
G1 X109.977 Y76.832 E266.27116
G0 F15000 X109.977 Y77.232
G1 F663.9 X116.876 Y77.232 E266.50062
G1 X116.876 Y74.432 E266.59375
G1 X103.076 Y74.432 E267.05274
G1 X103.076 Y77.232 E267.14587
G1 X109.977 Y77.232 E267.37539
G0 F15000 X109.977 Y77.632
;TYPE:WALL-OUTER
G1 F663.9 X117.276 Y77.632 E267.61816
G1 X117.276 Y74.032 E267.7379
G1 X102.676 Y74.032 E268.22349
G1 X102.676 Y77.632 E268.34323
G1 X109.977 Y77.632 E268.58606
G0 F15000 X109.977 Y76.922
G0 X110.646 Y74.912
;TYPE:FILL
G1 F663.9 X110.676 Y74.937 E268.58736
G1 X111.077 Y75.41 E268.60799
G1 X111.478 Y75.81 E268.62682
G1 X111.879 Y76.074 E268.64279
G1 X112.28 Y76.232 E268.65713
G1 X112.681 Y76.31 E268.67072
G1 X113.082 Y76.304 E268.68405
G1 X113.483 Y76.171 E268.69811
G1 X113.884 Y75.838 E268.71544
G1 X114.285 Y75.365 E268.73607
G1 X114.686 Y74.965 E268.75491
G1 X114.767 Y74.912 E268.75813
G0 F15000 X108.351 Y74.912
G1 F663.9 X108.27 Y74.965 E268.76134
G1 X107.869 Y75.365 E268.78018
G1 X107.468 Y75.838 E268.80081
G1 X107.067 Y76.171 E268.81814
G1 X106.666 Y76.304 E268.8322
G1 X106.265 Y76.31 E268.84554
G1 X105.864 Y76.232 E268.85912
G1 X105.463 Y76.074 E268.87346
G1 X105.062 Y75.81 E268.88943
G1 X104.661 Y75.41 E268.90826
G1 X104.26 Y74.937 E268.92889
G1 X104.23 Y74.912 E268.93019
G0 F15000 X104.23 Y75.042
;MESH:NONMESH
G0 F300 Z4.6
G0 F15000 X109.977 Y76.832
;TIME_ELAPSED:359.468520
;LAYER:22
;note -- min layer time used
;TYPE:WALL-INNER
;MESH:nut_holder.stl
G1 F663.7 X116.476 Y76.832 E269.14635
G1 X116.476 Y74.832 E269.21287
G1 X103.476 Y74.832 E269.64525
G1 X103.476 Y76.832 E269.71177
G1 X109.977 Y76.832 E269.92799
G0 F15000 X109.977 Y77.232
G1 F663.7 X116.876 Y77.232 E270.15745
G1 X116.876 Y74.432 E270.25058
G1 X103.076 Y74.432 E270.70957
G1 X103.076 Y77.232 E270.8027
G1 X109.977 Y77.232 E271.03223
G0 F15000 X109.977 Y77.632
;TYPE:WALL-OUTER
G1 F663.7 X117.276 Y77.632 E271.27499
G1 X117.276 Y74.032 E271.39473
G1 X102.676 Y74.032 E271.88033
G1 X102.676 Y77.632 E272.00006
G1 X109.977 Y77.632 E272.2429
G0 F15000 X109.977 Y76.922
G0 X110.379 Y74.912
;TYPE:FILL
G1 F663.7 X110.676 Y75.171 E272.256
G1 X111.077 Y75.582 E272.2751
G1 X111.478 Y75.903 E272.29219
G1 X111.879 Y76.1 E272.30705
G1 X112.28 Y76.201 E272.3208
G1 X112.681 Y76.22 E272.33415
G1 X113.082 Y76.15 E272.34769
G1 X113.483 Y75.954 E272.36254
G1 X113.884 Y75.604 E272.38024
G1 X114.285 Y75.193 E272.39934
G1 X114.636 Y74.912 E272.41429
G0 F15000 X108.22 Y74.912
G1 F663.7 X107.869 Y75.193 E272.42925
G1 X107.468 Y75.604 E272.44835
G1 X107.067 Y75.954 E272.46605
G1 X106.666 Y76.15 E272.48089
G1 X106.265 Y76.22 E272.49443
G1 X105.864 Y76.201 E272.50779
G1 X105.463 Y76.1 E272.52154
G1 X105.062 Y75.903 E272.5364
G1 X104.661 Y75.582 E272.55348
G1 X104.26 Y75.171 E272.57258
G1 X103.963 Y74.912 E272.58569
G0 F15000 X103.963 Y75.042
;MESH:NONMESH
G0 F300 Z4.8
G0 F15000 X109.977 Y76.832
;TIME_ELAPSED:370.187999
;LAYER:23
;note -- min layer time used
;TYPE:WALL-INNER
;MESH:nut_holder.stl
G1 F664 X116.476 Y76.832 E272.80185
G1 X116.476 Y74.832 E272.86837
G1 X103.476 Y74.832 E273.30075
G1 X103.476 Y76.832 E273.36727
G1 X109.977 Y76.832 E273.58349
G0 F15000 X109.977 Y77.232
G1 F664 X116.876 Y77.232 E273.81295
G1 X116.876 Y74.432 E273.90608
G1 X103.076 Y74.432 E274.36507
G1 X103.076 Y77.232 E274.4582
G1 X109.977 Y77.232 E274.68773
G0 F15000 X109.977 Y77.632
;TYPE:WALL-OUTER
G1 F664 X117.276 Y77.632 E274.9305
G1 X117.276 Y74.032 E275.05023
G1 X102.676 Y74.032 E275.53583
G1 X102.676 Y77.632 E275.65557
G1 X109.977 Y77.632 E275.8984
G0 F15000 X109.977 Y76.922
G0 X110.129 Y74.912
;TYPE:FILL
G1 F664 X110.275 Y75.004 E275.90414
G1 X111.077 Y75.75 E275.94057
G1 X111.478 Y76.009 E275.95645
G1 X111.879 Y76.146 E275.97054
G1 X112.28 Y76.19 E275.98396
G1 X112.681 Y76.153 E275.99735
G1 X113.082 Y76.023 E276.01137
G1 X113.483 Y75.771 E276.02712
G1 X114.285 Y75.025 E276.06355
G1 X114.46 Y74.912 E276.07048
G0 F15000 X108.044 Y74.912
G1 F664 X107.869 Y75.025 E276.07741
G1 X107.067 Y75.771 E276.11384
G1 X106.666 Y76.023 E276.12959
G1 X106.265 Y76.153 E276.14361
G1 X105.864 Y76.19 E276.15701
G1 X105.463 Y76.146 E276.17043
G1 X105.062 Y76.009 E276.18452
G1 X104.661 Y75.75 E276.2004
G1 X103.859 Y75.004 E276.23683
G1 X103.713 Y74.912 E276.24257
G0 F15000 X103.713 Y75.042
;MESH:NONMESH
G0 F300 Z5
G0 F15000 X109.977 Y76.832
;TIME_ELAPSED:380.910043
;LAYER:24
;note -- min layer time used
;TYPE:WALL-INNER
;MESH:nut_holder.stl
G1 F665.1 X116.476 Y76.832 E276.45873
G1 X116.476 Y74.832 E276.52525
G1 X103.476 Y74.832 E276.95763
G1 X103.476 Y76.832 E277.02415
G1 X109.977 Y76.832 E277.24037
G0 F15000 X109.977 Y77.232
G1 F665.1 X116.876 Y77.232 E277.46983
G1 X116.876 Y74.432 E277.56296
G1 X103.076 Y74.432 E278.02195
G1 X103.076 Y77.232 E278.11508
G1 X109.977 Y77.232 E278.34461
G0 F15000 X109.977 Y77.632
;TYPE:WALL-OUTER
G1 F665.1 X117.276 Y77.632 E278.58737
G1 X117.276 Y74.032 E278.70711
G1 X102.676 Y74.032 E279.19271
G1 X102.676 Y77.632 E279.31245
G1 X109.977 Y77.632 E279.55528
G0 F15000 X109.977 Y76.922
G0 X109.941 Y74.912
;TYPE:FILL
G1 F665.1 X110.275 Y75.173 E279.56938
G1 X110.676 Y75.579 E279.58836
G1 X111.077 Y75.931 E279.6061
G1 X111.478 Y76.134 E279.62105
G1 X111.879 Y76.211 E279.63463
G1 X112.28 Y76.198 E279.64798
G1 X112.681 Y76.105 E279.66167
G1 X113.082 Y75.915 E279.67643
G1 X113.483 Y75.602 E279.69335
G1 X113.884 Y75.196 E279.71233
G1 X114.208 Y74.912 E279.72666
G0 F15000 X116.357 Y74.912
G1 F665.1 X116.396 Y74.943 E279.72831
G0 F15000 X107.792 Y74.912
G1 F665.1 X107.468 Y75.196 E279.74264
G1 X107.067 Y75.602 E279.76162
G1 X106.666 Y75.915 E279.77854
G1 X106.265 Y76.105 E279.7933
G1 X105.864 Y76.198 E279.80699
G1 X105.463 Y76.211 E279.82034
G1 X105.062 Y76.134 E279.83392
G1 X104.661 Y75.931 E279.84887
G1 X104.26 Y75.579 E279.86661
G1 X103.859 Y75.173 E279.88559
G1 X103.556 Y74.936 E279.89839
G0 F15000 X103.686 Y75.042
;MESH:NONMESH
G0 F300 Z5.2
G0 F15000 X109.977 Y76.832
;TIME_ELAPSED:391.779243
;LAYER:25
;note -- min layer time used
;TYPE:WALL-INNER
;MESH:nut_holder.stl
G1 F665.4 X116.476 Y76.832 E280.11454
G1 X116.476 Y74.832 E280.18107
G1 X103.476 Y74.832 E280.61345
G1 X103.476 Y76.832 E280.67997
G1 X109.977 Y76.832 E280.89619
G0 F15000 X109.977 Y77.232
G1 F665.4 X116.876 Y77.232 E281.12565
G1 X116.876 Y74.432 E281.21878
G1 X103.076 Y74.432 E281.67777
G1 X103.076 Y77.232 E281.7709
G1 X109.977 Y77.232 E282.00043
G0 F15000 X109.977 Y77.632
;TYPE:WALL-OUTER
G1 F665.4 X117.276 Y77.632 E282.24319
G1 X117.276 Y74.032 E282.36293
G1 X102.676 Y74.032 E282.84853
G1 X102.676 Y77.632 E282.96826
G1 X109.977 Y77.632 E283.2111
G0 F15000 X109.977 Y76.922
G0 X109.808 Y74.912
;TYPE:FILL
G1 F665.4 X109.874 Y74.954 E283.2137
G1 X110.275 Y75.344 E283.2323
G1 X110.676 Y75.807 E283.25268
G1 X111.077 Y76.142 E283.27005
G1 X111.478 Y76.283 E283.28419
G1 X111.879 Y76.298 E283.29754
G1 X112.28 Y76.227 E283.31108
G1 X112.681 Y76.076 E283.32534
G1 X113.082 Y75.821 E283.34114
G1 X113.483 Y75.431 E283.35975
G1 X113.884 Y74.968 E283.38012
G1 X113.951 Y74.912 E283.38302
G0 F15000 X116.224 Y74.912
G1 F665.4 X116.396 Y75.057 E283.3905
G0 F15000 X107.535 Y74.912
G1 F665.4 X107.468 Y74.968 E283.39341
G1 X107.067 Y75.431 E283.41378
G1 X106.666 Y75.821 E283.43239
G1 X106.265 Y76.076 E283.44819
G1 X105.864 Y76.227 E283.46244
G1 X105.463 Y76.298 E283.47599
G1 X105.062 Y76.283 E283.48933
G1 X104.661 Y76.142 E283.50347
G1 X104.26 Y75.807 E283.52085
G1 X103.859 Y75.344 E283.54122
G1 X103.556 Y75.049 E283.55529
G0 F15000 X103.686 Y75.049
;MESH:NONMESH
G0 F300 Z5.4
G0 F15000 X109.977 Y76.832
;TIME_ELAPSED:402.648316
;LAYER:26
;note -- min layer time used
;TYPE:WALL-INNER
;MESH:nut_holder.stl
G1 F666.9 X116.476 Y76.832 E283.77145
G1 X116.476 Y74.832 E283.83797
G1 X103.476 Y74.832 E284.27035
G1 X103.476 Y76.832 E284.33687
G1 X109.977 Y76.832 E284.55309
G0 F15000 X109.977 Y77.232
G1 F666.9 X116.876 Y77.232 E284.78256
G1 X116.876 Y74.432 E284.87568
G1 X103.076 Y74.432 E285.33467
G1 X103.076 Y77.232 E285.4278
G1 X109.977 Y77.232 E285.65733
G0 F15000 X109.977 Y77.632
;TYPE:WALL-OUTER
G1 F666.9 X117.276 Y77.632 E285.9001
G1 X117.276 Y74.032 E286.01983
G1 X102.676 Y74.032 E286.50543
G1 X102.676 Y77.632 E286.62517
G1 X109.977 Y77.632 E286.868
G0 F15000 X109.977 Y76.922
G0 X109.721 Y74.912
;TYPE:FILL
G1 F666.9 X109.874 Y75.038 E286.87459
G1 X110.275 Y75.54 E286.89596
G1 X110.676 Y76.109 E286.91911
G1 X111.077 Y76.414 E286.93587
G1 X111.478 Y76.469 E286.94933
G1 X111.879 Y76.41 E286.96281
G1 X112.28 Y76.279 E286.97684
G1 X112.681 Y76.067 E286.99193
G1 X113.082 Y75.737 E287.0092
G1 X113.483 Y75.235 E287.03057
G1 X113.711 Y74.912 E287.04372
G0 F15000 X116.137 Y74.912
G1 F666.9 X116.396 Y75.171 E287.05591
G0 F15000 X107.295 Y74.912
G1 F666.9 X107.067 Y75.235 E287.06906
G1 X106.666 Y75.737 E287.09043
G1 X106.265 Y76.067 E287.1077
G1 X105.864 Y76.279 E287.12278
G1 X105.463 Y76.41 E287.13682
G1 X105.062 Y76.469 E287.1503
G1 X104.661 Y76.414 E287.16376
G1 X104.26 Y76.109 E287.18052
G1 X103.859 Y75.54 E287.20367
G1 X103.556 Y75.161 E287.21981
G0 F15000 X103.686 Y75.161
;MESH:NONMESH
G0 F300 Z5.6
G0 F15000 X109.977 Y76.832
;TIME_ELAPSED:413.524100
;LAYER:27
;note -- min layer time used
;TYPE:WALL-INNER
;MESH:nut_holder.stl
G1 F664.9 X116.476 Y76.832 E287.43596
G1 X116.476 Y74.832 E287.50248
G1 X103.476 Y74.832 E287.93487
G1 X103.476 Y76.832 E288.00139
G1 X109.977 Y76.832 E288.21761
G0 F15000 X109.977 Y77.232
G1 F664.9 X116.876 Y77.232 E288.44707
G1 X116.876 Y74.432 E288.5402
G1 X103.076 Y74.432 E288.99919
G1 X103.076 Y77.232 E289.09232
G1 X109.977 Y77.232 E289.32185
G0 F15000 X109.977 Y77.632
;TYPE:WALL-OUTER
G1 F664.9 X117.276 Y77.632 E289.56461
G1 X117.276 Y74.032 E289.68435
G1 X102.676 Y74.032 E290.16995
G1 X102.676 Y77.632 E290.28968
G1 X109.977 Y77.632 E290.53252
G0 F15000 X109.977 Y76.922
G0 X110.676 Y76.752
;TYPE:FILL
G1 F664.9 X110.275 Y75.822 E290.5662
G1 X109.874 Y75.115 E290.59324
G1 X109.682 Y74.912 E290.60253
G0 F15000 X111.318 Y76.752
G1 F664.9 X111.478 Y76.705 E290.60807
G1 X111.879 Y76.553 E290.62234
G1 X112.28 Y76.356 E290.6372
G1 X112.681 Y76.083 E290.65333
G1 X113.082 Y75.66 E290.67272
G1 X113.501 Y74.912 E290.70123
G0 F15000 X116.098 Y74.912
G1 F664.9 X116.29 Y75.115 E290.71053
G1 X116.396 Y75.302 E290.71768
G0 F15000 X107.085 Y74.912
G1 F664.9 X106.666 Y75.66 E290.74619
G1 X106.265 Y76.083 E290.76558
G1 X105.864 Y76.356 E290.78171
G1 X105.463 Y76.553 E290.79657
G1 X105.062 Y76.705 E290.81084
G1 X104.902 Y76.752 E290.81638
G0 F15000 X104.26 Y76.752
G1 F664.9 X103.859 Y75.822 E290.85007
G1 X103.556 Y75.288 E290.87049
G0 F15000 X103.686 Y75.288
;MESH:NONMESH
G0 F300 Z5.8
G0 F15000 X109.977 Y76.832
;TIME_ELAPSED:424.576980
;LAYER:28
;note -- min layer time used
;TYPE:WALL-INNER
;MESH:nut_holder.stl
G1 F657.1 X116.476 Y76.832 E291.08665
G1 X116.476 Y74.832 E291.15317
G1 X103.476 Y74.832 E291.58555
G1 X103.476 Y76.832 E291.65207
G1 X109.977 Y76.832 E291.86829
G0 F15000 X109.977 Y77.232
G1 F657.1 X116.876 Y77.232 E292.09776
G1 X116.876 Y74.432 E292.19088
G1 X103.076 Y74.432 E292.64987
G1 X103.076 Y77.232 E292.743
G1 X109.977 Y77.232 E292.97253
G0 F15000 X109.977 Y77.632
;TYPE:WALL-OUTER
G1 F657.1 X117.276 Y77.632 E293.2153
G1 X117.276 Y74.032 E293.33503
G1 X102.676 Y74.032 E293.82063
G1 X102.676 Y77.632 E293.94037
G1 X109.977 Y77.632 E294.1832
G0 F15000 X110.026 Y76.752
;TYPE:FILL
G1 F657.1 X110.145 Y76.591 E294.18986
G1 X110.184 Y76.19 E294.20326
G1 X110.113 Y75.789 E294.2168
G1 X109.973 Y75.388 E294.23093
G1 X109.753 Y74.987 E294.24614
G1 X109.689 Y74.912 E294.24942
G0 F15000 X106.918 Y74.912
G1 F657.1 X106.905 Y74.987 E294.25195
G1 X106.765 Y75.388 E294.26608
G1 X106.545 Y75.789 E294.28129
G1 X106.202 Y76.19 E294.29884
G1 X105.68 Y76.591 E294.32074
G1 X105.442 Y76.752 E294.33029
G0 F15000 X103.61 Y76.752
G1 F657.1 X103.729 Y76.591 E294.33695
G1 X103.768 Y76.19 E294.35035
G1 X103.697 Y75.789 E294.3639
G1 X103.556 Y75.386 E294.3781
G0 F15000 X111.858 Y76.752
G1 F657.1 X112.096 Y76.591 E294.38766
G1 X112.618 Y76.19 E294.40955
G1 X112.961 Y75.789 E294.4271
G1 X113.181 Y75.388 E294.44231
G1 X113.321 Y74.987 E294.45644
G1 X113.334 Y74.912 E294.45897
G0 F15000 X116.105 Y74.912
G1 F657.1 X116.169 Y74.987 E294.46225
G1 X116.396 Y75.408 E294.47816
G0 F15000 X116.266 Y75.408
;MESH:NONMESH
G0 F300 Z6
G0 F15000 X109.977 Y76.832
;TIME_ELAPSED:435.629441
;LAYER:29
;note -- min layer time used
;TYPE:WALL-INNER
;MESH:nut_holder.stl
G1 F654.8 X116.476 Y76.832 E294.69432
G1 X116.476 Y74.832 E294.76084
G1 X103.476 Y74.832 E295.19322
G1 X103.476 Y76.832 E295.25974
G1 X109.977 Y76.832 E295.47596
G0 F15000 X109.977 Y77.232
G1 F654.8 X116.876 Y77.232 E295.70542
G1 X116.876 Y74.432 E295.79855
G1 X103.076 Y74.432 E296.25754
G1 X103.076 Y77.232 E296.35067
G1 X109.977 Y77.232 E296.5802
G0 F15000 X109.977 Y77.632
;TYPE:WALL-OUTER
G1 F654.8 X117.276 Y77.632 E296.82296
G1 X117.276 Y74.032 E296.9427
G1 X102.676 Y74.032 E297.4283
G1 X102.676 Y77.632 E297.54804
G1 X109.977 Y77.632 E297.79087
G0 F15000 X109.727 Y76.752
;TYPE:FILL
G1 F654.8 X109.861 Y76.591 E297.79783
G1 X109.992 Y76.19 E297.81187
G1 X109.997 Y75.789 E297.8252
G1 X109.918 Y75.388 E297.8388
G1 X109.759 Y74.987 E297.85315
G1 X109.709 Y74.912 E297.85614
G0 F15000 X106.788 Y74.912
G1 F654.8 X106.789 Y74.987 E297.85864
G1 X106.71 Y75.388 E297.87223
G1 X106.551 Y75.789 E297.88658
G1 X106.285 Y76.19 E297.90258
G1 X105.883 Y76.591 E297.92147
G1 X105.693 Y76.752 E297.92975
G0 F15000 X103.556 Y76.251
G1 F654.8 X103.576 Y76.19 E297.93189
G1 X103.581 Y75.789 E297.94523
G1 X103.556 Y75.662 E297.94953
G0 F15000 X112.109 Y76.752
G1 F654.8 X112.299 Y76.591 E297.95781
G1 X112.701 Y76.19 E297.9767
G1 X112.967 Y75.789 E297.9927
G1 X113.126 Y75.388 E298.00705
G1 X113.205 Y74.987 E298.02065
G1 X113.204 Y74.912 E298.02314
G0 F15000 X116.125 Y74.912
G1 F654.8 X116.175 Y74.987 E298.02614
G1 X116.334 Y75.388 E298.04049
G1 X116.396 Y75.703 E298.05116
G0 F15000 X116.396 Y76.227
G1 F654.8 X116.277 Y76.591 E298.0639
G1 X116.143 Y76.752 E298.07087
G0 F15000 X116.143 Y76.622
;MESH:NONMESH
G0 F300 Z6.2
G0 F15000 X109.977 Y76.832
;TIME_ELAPSED:446.754040
;LAYER:30
;note -- min layer time used
;TYPE:WALL-INNER
;MESH:nut_holder.stl
G1 F651.6 X116.476 Y76.832 E298.28703
G1 X116.476 Y74.832 E298.35355
G1 X103.476 Y74.832 E298.78593
G1 X103.476 Y76.832 E298.85245
G1 X109.977 Y76.832 E299.06867
G0 F15000 X109.977 Y77.232
G1 F651.6 X116.876 Y77.232 E299.29813
G1 X116.876 Y74.432 E299.39126
G1 X103.076 Y74.432 E299.85025
G1 X103.076 Y77.232 E299.94338
G1 X109.977 Y77.232 E300.17291
G0 F15000 X109.977 Y77.632
;TYPE:WALL-OUTER
G1 F651.6 X117.276 Y77.632 E300.41567
G1 X117.276 Y74.032 E300.53541
G1 X102.676 Y74.032 E301.02101
G1 X102.676 Y77.632 E301.14075
G1 X109.977 Y77.632 E301.38358
G0 F15000 X109.503 Y76.752
;TYPE:FILL
G1 F651.6 X109.643 Y76.591 E301.39067
G1 X109.838 Y76.19 E301.4055
G1 X109.907 Y75.789 E301.41904
G1 X109.886 Y75.388 E301.43239
G1 X109.785 Y74.987 E301.44615
G1 X109.748 Y74.912 E301.44893
G0 F15000 X106.686 Y74.912
G1 F651.6 X106.699 Y74.987 E301.45146
G1 X106.678 Y75.388 E301.46482
G1 X106.577 Y75.789 E301.47857
G1 X106.378 Y76.19 E301.49346
G1 X106.056 Y76.591 E301.51056
G1 X105.89 Y76.752 E301.51826
G0 F15000 X112.306 Y76.752
G1 F651.6 X112.472 Y76.591 E301.52595
G1 X112.794 Y76.19 E301.54305
G1 X112.993 Y75.789 E301.55794
G1 X113.094 Y75.388 E301.5717
G1 X113.115 Y74.987 E301.58505
G1 X113.102 Y74.912 E301.58758
G0 F15000 X116.164 Y74.912
G1 F651.6 X116.201 Y74.987 E301.59036
G1 X116.302 Y75.388 E301.60412
G1 X116.323 Y75.789 E301.61747
G1 X116.254 Y76.19 E301.63101
G1 X116.059 Y76.591 E301.64584
G1 X115.919 Y76.752 E301.65293
G0 F15000 X115.919 Y76.622
;MESH:NONMESH
G0 F300 Z6.4
G0 F15000 X109.977 Y76.832
;TIME_ELAPSED:457.684677
;LAYER:31
;note -- min layer time used
;TYPE:WALL-INNER
;MESH:nut_holder.stl
G1 F651.2 X116.476 Y76.832 E301.86909
G1 X116.476 Y74.832 E301.93561
G1 X103.476 Y74.832 E302.36799
G1 X103.476 Y76.832 E302.43451
G1 X109.977 Y76.832 E302.65074
G0 F15000 X109.977 Y77.232
G1 F651.2 X116.876 Y77.232 E302.8802
G1 X116.876 Y74.432 E302.97333
G1 X103.076 Y74.432 E303.43232
G1 X103.076 Y77.232 E303.52545
G1 X109.977 Y77.232 E303.75497
G0 F15000 X109.977 Y77.632
;TYPE:WALL-OUTER
G1 F651.2 X117.276 Y77.632 E303.99774
G1 X117.276 Y74.032 E304.11748
G1 X102.676 Y74.032 E304.60307
G1 X102.676 Y77.632 E304.72281
G1 X109.977 Y77.632 E304.96564
G0 F15000 X109.977 Y76.922
G0 X109.311 Y76.752
;TYPE:FILL
G1 F651.2 X109.46 Y76.591 E304.97294
G1 X109.71 Y76.19 E304.98866
G1 X109.839 Y75.789 E305.00267
G1 X109.875 Y75.388 E305.01606
G1 X109.83 Y74.987 E305.02948
G1 X109.804 Y74.912 E305.03212
G0 F15000 X106.607 Y74.912
G1 F651.2 X106.631 Y74.987 E305.03474
G1 X106.667 Y75.388 E305.04813
G1 X106.622 Y75.789 E305.06155
G1 X106.484 Y76.19 E305.07566
G1 X106.224 Y76.591 E305.09155
G1 X106.073 Y76.752 E305.09889
G0 F15000 X112.489 Y76.752
G1 F651.2 X112.64 Y76.591 E305.10623
G1 X112.9 Y76.19 E305.12213
G1 X113.038 Y75.789 E305.13623
G1 X113.083 Y75.388 E305.14966
G1 X113.047 Y74.987 E305.16305
G1 X113.023 Y74.912 E305.16567
G0 F15000 X116.22 Y74.912
G1 F651.2 X116.246 Y74.987 E305.16831
G1 X116.291 Y75.388 E305.18173
G1 X116.255 Y75.789 E305.19512
G1 X116.126 Y76.19 E305.20913
G1 X115.876 Y76.591 E305.22485
G1 X115.727 Y76.752 E305.23214
G0 F15000 X115.727 Y76.622
;MESH:NONMESH
G0 F300 Z6.6
G0 F15000 X109.977 Y76.832
;TIME_ELAPSED:468.651543
;LAYER:32
;note -- min layer time used
;TYPE:WALL-INNER
;MESH:nut_holder.stl
G1 F652.3 X116.476 Y76.832 E305.4483
G1 X116.476 Y74.832 E305.51482
G1 X103.476 Y74.832 E305.9472
G1 X103.476 Y76.832 E306.01372
G1 X109.977 Y76.832 E306.22995
G0 F15000 X109.977 Y77.232
G1 F652.3 X116.876 Y77.232 E306.45941
G1 X116.876 Y74.432 E306.55254
G1 X103.076 Y74.432 E307.01153
G1 X103.076 Y77.232 E307.10465
G1 X109.977 Y77.232 E307.33418
G0 F15000 X109.977 Y77.632
;TYPE:WALL-OUTER
G1 F652.3 X117.276 Y77.632 E307.57695
G1 X117.276 Y74.032 E307.69668
G1 X102.676 Y74.032 E308.18228
G1 X102.676 Y77.632 E308.30202
G1 X109.977 Y77.632 E308.54485
G0 F15000 X109.977 Y76.922
G0 X109.127 Y76.752
;TYPE:FILL
G1 F652.3 X109.29 Y76.591 E308.55247
G1 X109.602 Y76.19 E308.56937
G1 X109.791 Y75.789 E308.58411
G1 X109.883 Y75.388 E308.5978
G1 X109.894 Y74.987 E308.61114
G1 X109.879 Y74.912 E308.61368
G0 F15000 X112.964 Y74.912
G1 F652.3 X112.999 Y74.987 E308.61644
G1 X113.091 Y75.388 E308.63012
G1 X113.102 Y75.789 E308.64346
G1 X113.024 Y76.19 E308.65705
G1 X112.82 Y76.591 E308.67201
G1 X112.679 Y76.752 E308.67913
G0 F15000 X115.543 Y76.752
G1 F652.3 X115.706 Y76.591 E308.68675
G1 X116.018 Y76.19 E308.70365
G1 X116.207 Y75.789 E308.7184
G1 X116.299 Y75.388 E308.73208
G1 X116.31 Y74.987 E308.74542
G1 X116.295 Y74.912 E308.74797
G0 F15000 X106.548 Y74.912
G1 F652.3 X106.583 Y74.987 E308.75072
G1 X106.675 Y75.388 E308.7644
G1 X106.686 Y75.789 E308.77774
G1 X106.608 Y76.19 E308.79133
G1 X106.404 Y76.591 E308.8063
G1 X106.263 Y76.752 E308.81341
G0 F15000 X106.263 Y76.622
;MESH:NONMESH
G0 F300 Z6.8
G0 F15000 X109.977 Y76.832
;TIME_ELAPSED:479.615889
;LAYER:33
;note -- min layer time used
;TYPE:WALL-INNER
;MESH:nut_holder.stl
G1 F654.7 X116.476 Y76.832 E309.02957
G1 X116.476 Y74.832 E309.09609
G1 X103.476 Y74.832 E309.52847
G1 X103.476 Y76.832 E309.59499
G1 X109.977 Y76.832 E309.81122
G0 F15000 X109.977 Y77.232
G1 F654.7 X116.876 Y77.232 E310.04068
G1 X116.876 Y74.432 E310.13381
G1 X103.076 Y74.432 E310.5928
G1 X103.076 Y77.232 E310.68593
G1 X109.977 Y77.232 E310.91545
G0 F15000 X109.977 Y77.632
;TYPE:WALL-OUTER
G1 F654.7 X117.276 Y77.632 E311.15822
G1 X117.276 Y74.032 E311.27796
G1 X102.676 Y74.032 E311.76356
G1 X102.676 Y77.632 E311.88329
G1 X109.977 Y77.632 E312.12612
G0 F15000 X109.977 Y76.922
G0 X108.935 Y76.752
;TYPE:FILL
G1 F654.7 X109.12 Y76.591 E312.13428
G1 X109.507 Y76.19 E312.15282
G1 X109.761 Y75.789 E312.1686
G1 X109.911 Y75.388 E312.18284
G1 X109.981 Y74.987 E312.19638
G1 X109.978 Y74.912 E312.19888
G0 F15000 X112.921 Y74.912
G1 F654.7 X112.969 Y74.987 E312.20184
G1 X113.119 Y75.388 E312.21608
G1 X113.189 Y75.789 E312.22962
G1 X113.173 Y76.19 E312.24297
G1 X113.03 Y76.591 E312.25713
G1 X112.895 Y76.752 E312.26412
G0 F15000 X115.351 Y76.752
G1 F654.7 X115.536 Y76.591 E312.27227
G1 X115.923 Y76.19 E312.29081
G1 X116.177 Y75.789 E312.3066
G1 X116.327 Y75.388 E312.32084
G1 X116.396 Y74.993 E312.33417
G1 X116.394 Y74.912 E312.33687
G0 F15000 X106.505 Y74.912
G1 F654.7 X106.553 Y74.987 E312.33983
G1 X106.703 Y75.388 E312.35407
G1 X106.773 Y75.789 E312.36761
G1 X106.757 Y76.19 E312.38096
G1 X106.614 Y76.591 E312.39512
G1 X106.479 Y76.752 E312.4021
G0 F15000 X103.556 Y75.039
G1 F654.7 X103.562 Y74.912 E312.40633
G0 F15000 X103.686 Y75.042
;MESH:NONMESH
G0 F300 Z7
G0 F15000 X109.977 Y76.832
;TIME_ELAPSED:490.789258
;LAYER:34
;note -- min layer time used
;TYPE:WALL-INNER
;MESH:nut_holder.stl
G1 F657.2 X116.476 Y76.832 E312.62249
G1 X116.476 Y74.832 E312.68901
G1 X103.476 Y74.832 E313.12139
G1 X103.476 Y76.832 E313.18791
G1 X109.977 Y76.832 E313.40414
G0 F15000 X109.977 Y77.232
G1 F657.2 X116.876 Y77.232 E313.6336
G1 X116.876 Y74.432 E313.72673
G1 X103.076 Y74.432 E314.18572
G1 X103.076 Y77.232 E314.27885
G1 X109.977 Y77.232 E314.50837
G0 F15000 X109.977 Y77.632
;TYPE:WALL-OUTER
G1 F657.2 X117.276 Y77.632 E314.75114
G1 X117.276 Y74.032 E314.87088
G1 X102.676 Y74.032 E315.35647
G1 X102.676 Y77.632 E315.47621
G1 X109.977 Y77.632 E315.71904
G0 F15000 X109.977 Y76.922
G0 X108.697 Y76.752
;TYPE:FILL
G1 F657.2 X108.925 Y76.591 E315.72833
G1 X109.423 Y76.19 E315.74959
G1 X109.752 Y75.789 E315.76684
G1 X109.963 Y75.388 E315.78191
G1 X110.093 Y74.987 E315.79594
G1 X110.104 Y74.912 E315.79846
G0 F15000 X112.898 Y74.912
G1 F657.2 X112.96 Y74.987 E315.80169
G1 X113.171 Y75.388 E315.81676
G1 X113.301 Y75.789 E315.83078
G1 X113.358 Y76.19 E315.84426
G1 X113.301 Y76.591 E315.85773
G1 X113.178 Y76.752 E315.86447
G0 F15000 X115.113 Y76.752
G1 F657.2 X115.341 Y76.591 E315.87375
G1 X115.839 Y76.19 E315.89502
G1 X116.168 Y75.789 E315.91227
G1 X116.379 Y75.388 E315.92734
G1 X116.396 Y75.336 E315.92916
G0 F15000 X106.762 Y76.752
G1 F657.2 X106.885 Y76.591 E315.9359
G1 X106.942 Y76.19 E315.94937
G1 X106.885 Y75.789 E315.96284
G1 X106.755 Y75.388 E315.97686
G1 X106.544 Y74.987 E315.99193
G1 X106.482 Y74.912 E315.99517
G0 F15000 X103.688 Y74.912
G1 F657.2 X103.677 Y74.987 E315.99769
G1 X103.556 Y75.36 E316.01073
G0 F15000 X103.686 Y75.36
;MESH:NONMESH
G0 F300 Z7.2
G0 F15000 X109.977 Y76.832
;TIME_ELAPSED:501.924734
;LAYER:35
;note -- min layer time used
;TYPE:WALL-INNER
;MESH:nut_holder.stl
G1 F662.6 X116.476 Y76.832 E316.22689
G1 X116.476 Y74.832 E316.29341
G1 X103.476 Y74.832 E316.72579
G1 X103.476 Y76.832 E316.79231
G1 X109.977 Y76.832 E317.00854
G0 F15000 X109.977 Y77.232
G1 F662.6 X116.876 Y77.232 E317.238
G1 X116.876 Y74.432 E317.33113
G1 X103.076 Y74.432 E317.79012
G1 X103.076 Y77.232 E317.88324
G1 X109.977 Y77.232 E318.11277
G0 F15000 X109.977 Y77.632
;TYPE:WALL-OUTER
G1 F662.6 X117.276 Y77.632 E318.35554
G1 X117.276 Y74.032 E318.47527
G1 X102.676 Y74.032 E318.96087
G1 X102.676 Y77.632 E319.08061
G1 X109.977 Y77.632 E319.32344
G0 F15000 X109.977 Y76.922
G0 X108.281 Y76.752
;TYPE:FILL
G1 F662.6 X108.646 Y76.591 E319.33671
G1 X109.346 Y76.19 E319.36354
G1 X109.767 Y75.789 E319.38288
G1 X110.04 Y75.388 E319.39901
G1 X110.235 Y74.987 E319.41384
G1 X110.263 Y74.912 E319.41651
G0 F15000 X112.896 Y74.912
G1 F662.6 X112.975 Y74.987 E319.42013
G1 X113.248 Y75.388 E319.43626
G1 X113.443 Y75.789 E319.4511
G1 X113.593 Y76.19 E319.46534
G1 X113.705 Y76.591 E319.47918
G1 X113.669 Y76.752 E319.48467
G0 F15000 X114.697 Y76.752
G1 F662.6 X115.062 Y76.591 E319.49794
G1 X115.762 Y76.19 E319.52477
G1 X116.183 Y75.789 E319.54411
G1 X116.396 Y75.476 E319.5567
G0 F15000 X107.253 Y76.752
G1 F662.6 X107.289 Y76.591 E319.56219
G1 X107.177 Y76.19 E319.57604
G1 X107.027 Y75.789 E319.59028
G1 X106.832 Y75.388 E319.60511
G1 X106.559 Y74.987 E319.62124
G1 X106.48 Y74.912 E319.62486
G0 F15000 X103.847 Y74.912
G1 F662.6 X103.819 Y74.987 E319.62753
G1 X103.624 Y75.388 E319.64236
G1 X103.556 Y75.488 E319.64638
G0 F15000 X103.686 Y75.488
;MESH:NONMESH
G0 F300 Z7.4
G0 F15000 X109.977 Y76.832
;TIME_ELAPSED:513.033709
;LAYER:36
;note -- min layer time used
;TYPE:WALL-INNER
;MESH:nut_holder.stl
G1 F667.4 X116.476 Y76.832 E319.86254
G1 X116.476 Y74.832 E319.92906
G1 X103.476 Y74.832 E320.36144
G1 X103.476 Y76.832 E320.42796
G1 X109.977 Y76.832 E320.64418
G0 F15000 X109.977 Y77.232
G1 F667.4 X116.876 Y77.232 E320.87364
G1 X116.876 Y74.432 E320.96677
G1 X103.076 Y74.432 E321.42576
G1 X103.076 Y77.232 E321.51889
G1 X109.977 Y77.232 E321.74842
G0 F15000 X109.977 Y77.632
;TYPE:WALL-OUTER
G1 F667.4 X117.276 Y77.632 E321.99119
G1 X117.276 Y74.032 E322.11092
G1 X102.676 Y74.032 E322.59652
G1 X102.676 Y77.632 E322.71626
G1 X109.977 Y77.632 E322.95909
G0 F15000 X109.977 Y76.922
G0 X110.468 Y74.912
;TYPE:FILL
G1 F667.4 X110.275 Y75.199 E322.97059
G1 X109.874 Y75.724 E322.99256
G1 X109.473 Y76.068 E323.01014
G1 X109.072 Y76.289 E323.02537
G1 X108.671 Y76.431 E323.03951
G1 X108.27 Y76.503 E323.05307
G1 X107.869 Y76.467 E323.06646
G1 X107.468 Y76.172 E323.08301
G1 X107.067 Y75.576 E323.10691
G1 X106.666 Y75.051 E323.12888
G1 X106.504 Y74.912 E323.13598
G0 F15000 X104.052 Y74.912
G1 F667.4 X103.859 Y75.199 E323.14748
G1 X103.556 Y75.596 E323.16409
G0 F15000 X112.92 Y74.912
G1 F667.4 X113.082 Y75.051 E323.17119
G1 X113.483 Y75.576 E323.19316
G1 X113.884 Y76.172 E323.21706
G1 X114.285 Y76.467 E323.23361
G1 X114.686 Y76.503 E323.247
G1 X115.087 Y76.431 E323.26056
G1 X115.488 Y76.289 E323.2747
G1 X115.889 Y76.068 E323.28993
G1 X116.29 Y75.724 E323.30751
G1 X116.396 Y75.585 E323.31332
G0 F15000 X116.266 Y75.585
;MESH:NONMESH
G0 F300 Z7.6
G0 F15000 X109.977 Y76.832
;TIME_ELAPSED:523.912805
;LAYER:37
;note -- min layer time used
;TYPE:WALL-INNER
;MESH:nut_holder.stl
G1 F665.6 X116.476 Y76.832 E323.52948
G1 X116.476 Y74.832 E323.596
G1 X103.476 Y74.832 E324.02838
G1 X103.476 Y76.832 E324.0949
G1 X109.977 Y76.832 E324.31112
G0 F15000 X109.977 Y77.232
G1 F665.6 X116.876 Y77.232 E324.54059
G1 X116.876 Y74.432 E324.63371
G1 X103.076 Y74.432 E325.0927
G1 X103.076 Y77.232 E325.18583
G1 X109.977 Y77.232 E325.41536
G0 F15000 X109.977 Y77.632
;TYPE:WALL-OUTER
G1 F665.6 X117.276 Y77.632 E325.65813
G1 X117.276 Y74.032 E325.77786
G1 X102.676 Y74.032 E326.26346
G1 X102.676 Y77.632 E326.3832
G1 X109.977 Y77.632 E326.62603
G0 F15000 X109.977 Y76.922
G0 X110.694 Y74.912
;TYPE:FILL
G1 F665.6 X110.275 Y75.402 E326.64747
G1 X109.874 Y75.807 E326.66643
G1 X109.473 Y76.073 E326.68243
G1 X109.072 Y76.234 E326.69681
G1 X108.671 Y76.314 E326.71041
G1 X108.27 Y76.31 E326.72374
G1 X107.869 Y76.18 E326.73776
G1 X107.468 Y75.848 E326.75508
G1 X107.067 Y75.373 E326.77576
G1 X106.666 Y74.968 E326.79471
G1 X106.582 Y74.912 E326.79807
G0 F15000 X104.278 Y74.912
G1 F665.6 X103.859 Y75.402 E326.81951
G1 X103.556 Y75.708 E326.83384
G0 F15000 X112.998 Y74.912
G1 F665.6 X113.082 Y74.968 E326.83719
G1 X113.483 Y75.373 E326.85615
G1 X113.884 Y75.848 E326.87682
G1 X114.285 Y76.18 E326.89414
G1 X114.686 Y76.31 E326.90816
G1 X115.087 Y76.314 E326.9215
G1 X115.488 Y76.234 E326.9351
G1 X115.889 Y76.073 E326.94947
G1 X116.29 Y75.807 E326.96548
G1 X116.396 Y75.7 E326.97049
G0 F15000 X116.266 Y75.7
;MESH:NONMESH
G0 F300 Z7.8
G0 F15000 X109.977 Y76.832
;TIME_ELAPSED:534.789769
;LAYER:38
;note -- min layer time used
;TYPE:WALL-INNER
;MESH:nut_holder.stl
G1 F665.4 X116.476 Y76.832 E327.18664
G1 X116.476 Y74.832 E327.25316
G1 X103.476 Y74.832 E327.68555
G1 X103.476 Y76.832 E327.75207
G1 X109.977 Y76.832 E327.96829
G0 F15000 X109.977 Y77.232
G1 F665.4 X116.876 Y77.232 E328.19775
G1 X116.876 Y74.432 E328.29088
G1 X103.076 Y74.432 E328.74987
G1 X103.076 Y77.232 E328.843
G1 X109.977 Y77.232 E329.07253
G0 F15000 X109.977 Y77.632
;TYPE:WALL-OUTER
G1 F665.4 X117.276 Y77.632 E329.31529
G1 X117.276 Y74.032 E329.43503
G1 X102.676 Y74.032 E329.92063
G1 X102.676 Y77.632 E330.04036
G1 X109.977 Y77.632 E330.28319
G0 F15000 X109.977 Y76.922
G0 X110.963 Y74.912
;TYPE:FILL
G1 F665.4 X110.676 Y75.162 E330.29585
G1 X110.275 Y75.575 E330.315
G1 X109.874 Y75.899 E330.33215
G1 X109.473 Y76.099 E330.34705
G1 X109.072 Y76.201 E330.36081
G1 X108.671 Y76.223 E330.37417
G1 X108.27 Y76.156 E330.38769
G1 X107.869 Y75.962 E330.40251
G1 X107.468 Y75.613 E330.42019
G1 X107.067 Y75.2 E330.43934
G1 X106.711 Y74.912 E330.45457
G0 F15000 X104.547 Y74.912
G1 F665.4 X104.26 Y75.162 E330.46723
G1 X103.859 Y75.575 E330.48637
G1 X103.556 Y75.82 E330.49933
G0 F15000 X113.127 Y74.912
G1 F665.4 X113.483 Y75.2 E330.51456
G1 X113.884 Y75.613 E330.53371
G1 X114.285 Y75.962 E330.55139
G1 X114.686 Y76.156 E330.56621
G1 X115.087 Y76.223 E330.57973
G1 X115.488 Y76.201 E330.59309
G1 X115.889 Y76.099 E330.60685
G1 X116.29 Y75.899 E330.62175
G1 X116.396 Y75.813 E330.62629
G0 F15000 X116.266 Y75.813
;MESH:NONMESH
G0 F300 Z8
G0 F15000 X109.977 Y76.832
;TIME_ELAPSED:545.671739
;LAYER:39
;note -- min layer time used
;TYPE:WALL-INNER
;MESH:nut_holder.stl
G1 F665.7 X116.476 Y76.832 E330.84245
G1 X116.476 Y74.832 E330.90897
G1 X103.476 Y74.832 E331.34135
G1 X103.476 Y76.832 E331.40787
G1 X109.977 Y76.832 E331.6241
G0 F15000 X109.977 Y77.232
G1 F665.7 X116.876 Y77.232 E331.85356
G1 X116.876 Y74.432 E331.94669
G1 X103.076 Y74.432 E332.40568
G1 X103.076 Y77.232 E332.4988
G1 X109.977 Y77.232 E332.72833
G0 F15000 X109.977 Y77.632
;TYPE:WALL-OUTER
G1 F665.7 X117.276 Y77.632 E332.9711
G1 X117.276 Y74.032 E333.09083
G1 X102.676 Y74.032 E333.57643
G1 X102.676 Y77.632 E333.69617
G1 X109.977 Y77.632 E333.939
G0 F15000 X109.977 Y76.922
G0 X111.213 Y74.912
;TYPE:FILL
G1 F665.7 X111.077 Y74.997 E333.94433
G1 X110.275 Y75.744 E333.98079
G1 X109.874 Y76.005 E333.9967
G1 X109.473 Y76.144 E334.01082
G1 X109.072 Y76.19 E334.02424
G1 X108.671 Y76.155 E334.03763
G1 X108.27 Y76.028 E334.05162
G1 X107.869 Y75.778 E334.06734
G1 X107.067 Y75.031 E334.10379
G1 X106.884 Y74.912 E334.11105
G0 F15000 X104.797 Y74.912
G1 F665.7 X104.661 Y74.997 E334.11639
G1 X103.859 Y75.744 E334.15284
G1 X103.556 Y75.941 E334.16486
G0 F15000 X113.3 Y74.912
G1 F665.7 X113.483 Y75.031 E334.17212
G1 X114.285 Y75.778 E334.20857
G1 X114.686 Y76.028 E334.22429
G1 X115.087 Y76.155 E334.23828
G1 X115.488 Y76.19 E334.25167
G1 X115.889 Y76.144 E334.26509
G1 X116.29 Y76.005 E334.27921
G1 X116.396 Y75.936 E334.28341
G0 F15000 X116.266 Y75.936
;MESH:NONMESH
G0 F300 Z8.2
G0 F15000 X109.977 Y76.832
;TIME_ELAPSED:556.560983
;LAYER:40
;note -- min layer time used
;TYPE:WALL-INNER
;MESH:nut_holder.stl
G1 F665.5 X116.476 Y76.832 E334.49957
G1 X116.476 Y74.832 E334.56609
G1 X103.476 Y74.832 E334.99847
G1 X103.476 Y76.832 E335.06499
G1 X109.977 Y76.832 E335.28122
G0 F15000 X109.977 Y77.232
G1 F665.5 X116.876 Y77.232 E335.51068
G1 X116.876 Y74.432 E335.60381
G1 X103.076 Y74.432 E336.0628
G1 X103.076 Y77.232 E336.15593
G1 X109.977 Y77.232 E336.38546
G0 F15000 X109.977 Y77.632
;TYPE:WALL-OUTER
G1 F665.5 X117.276 Y77.632 E336.62822
G1 X117.276 Y74.032 E336.74796
G1 X102.676 Y74.032 E337.23356
G1 X102.676 Y77.632 E337.35329
G1 X109.977 Y77.632 E337.59612
G0 F15000 X109.977 Y76.922
G0 X111.406 Y74.912
;TYPE:FILL
G1 F665.5 X111.077 Y75.166 E337.60995
G1 X110.676 Y75.57 E337.62888
G1 X110.275 Y75.923 E337.64665
G1 X109.874 Y76.128 E337.66163
G1 X109.473 Y76.208 E337.67523
G1 X109.072 Y76.197 E337.68857
G1 X108.671 Y76.106 E337.70225
G1 X108.27 Y75.919 E337.71696
G1 X107.869 Y75.609 E337.73382
G1 X107.468 Y75.205 E337.75275
G1 X107.135 Y74.912 E337.76751
G0 F15000 X104.99 Y74.912
G1 F665.5 X104.661 Y75.166 E337.78133
G1 X104.26 Y75.57 E337.80026
G1 X103.859 Y75.923 E337.81803
G1 X103.556 Y76.078 E337.82935
G0 F15000 X113.551 Y74.912
G1 F665.5 X113.884 Y75.205 E337.84411
G1 X114.285 Y75.609 E337.86304
G1 X114.686 Y75.919 E337.8799
G1 X115.087 Y76.106 E337.89461
G1 X115.488 Y76.197 E337.90829
G1 X115.889 Y76.208 E337.92163
G1 X116.29 Y76.128 E337.93523
G1 X116.396 Y76.074 E337.93919
G0 F15000 X116.266 Y76.074
;MESH:NONMESH
G0 F300 Z8.4
G0 F15000 X109.977 Y76.832
;TIME_ELAPSED:567.459764
;LAYER:41
;note -- min layer time used
;TYPE:WALL-INNER
;MESH:nut_holder.stl
G1 F665.8 X116.476 Y76.832 E338.15535
G1 X116.476 Y74.832 E338.22187
G1 X103.476 Y74.832 E338.65425
G1 X103.476 Y76.832 E338.72077
G1 X109.977 Y76.832 E338.93699
G0 F15000 X109.977 Y77.232
G1 F665.8 X116.876 Y77.232 E339.16645
G1 X116.876 Y74.432 E339.25958
G1 X103.076 Y74.432 E339.71857
G1 X103.076 Y77.232 E339.8117
G1 X109.977 Y77.232 E340.04123
G0 F15000 X109.977 Y77.632
;TYPE:WALL-OUTER
G1 F665.8 X117.276 Y77.632 E340.28399
G1 X117.276 Y74.032 E340.40373
G1 X102.676 Y74.032 E340.88933
G1 X102.676 Y77.632 E341.00906
G1 X109.977 Y77.632 E341.2519
G0 F15000 X109.977 Y76.922
G0 X111.54 Y74.912
;TYPE:FILL
G1 F665.8 X111.478 Y74.951 E341.25433
G1 X111.077 Y75.337 E341.27285
G1 X110.676 Y75.797 E341.29314
G1 X110.275 Y76.133 E341.31054
G1 X109.874 Y76.277 E341.32471
G1 X109.473 Y76.294 E341.33806
G1 X109.072 Y76.226 E341.35159
G1 X108.671 Y76.077 E341.36582
G1 X108.27 Y75.824 E341.38159
G1 X107.869 Y75.438 E341.4001
G1 X107.468 Y74.978 E341.4204
G1 X107.389 Y74.912 E341.42382
G0 F15000 X105.124 Y74.912
G1 F665.8 X105.062 Y74.951 E341.42626
G1 X104.661 Y75.337 E341.44477
G1 X104.26 Y75.797 E341.46507
G1 X103.859 Y76.133 E341.48247
G1 X103.556 Y76.242 E341.49318
G0 F15000 X113.805 Y74.912
G1 F665.8 X113.884 Y74.978 E341.4966
G1 X114.285 Y75.438 E341.5169
G1 X114.686 Y75.824 E341.53541
G1 X115.087 Y76.077 E341.55118
G1 X115.488 Y76.226 E341.56541
G1 X115.889 Y76.294 E341.57894
G1 X116.29 Y76.277 E341.59229
G1 X116.396 Y76.239 E341.59603
G0 F15000 X116.266 Y76.239
;MESH:NONMESH
G0 F300 Z8.6
G0 F15000 X109.977 Y76.832
;TIME_ELAPSED:578.367840
;LAYER:42
;note -- min layer time used
;TYPE:WALL-INNER
;MESH:nut_holder.stl
G1 F667.2 X116.476 Y76.832 E341.81219
G1 X116.476 Y74.832 E341.87871
G1 X103.476 Y74.832 E342.31109
G1 X103.476 Y76.832 E342.37761
G1 X109.977 Y76.832 E342.59384
G0 F15000 X109.977 Y77.232
G1 F667.2 X116.876 Y77.232 E342.8233
G1 X116.876 Y74.432 E342.91643
G1 X103.076 Y74.432 E343.37542
G1 X103.076 Y77.232 E343.46854
G1 X109.977 Y77.232 E343.69807
G0 F15000 X109.977 Y77.632
;TYPE:WALL-OUTER
G1 F667.2 X117.276 Y77.632 E343.94084
G1 X117.276 Y74.032 E344.06057
G1 X102.676 Y74.032 E344.54617
G1 X102.676 Y77.632 E344.66591
G1 X109.977 Y77.632 E344.90874
G0 F15000 X109.977 Y76.922
G0 X111.629 Y74.912
;TYPE:FILL
G1 F667.2 X111.478 Y75.035 E344.91522
G1 X111.077 Y75.531 E344.93643
G1 X110.676 Y76.094 E344.95942
G1 X110.275 Y76.401 E344.97622
G1 X109.874 Y76.461 E344.98971
G1 X109.473 Y76.405 E345.00317
G1 X109.072 Y76.276 E345.01718
G1 X108.671 Y76.067 E345.03222
G1 X108.27 Y75.74 E345.04943
G1 X107.869 Y75.244 E345.07065
G1 X107.633 Y74.912 E345.08419
G0 F15000 X105.213 Y74.912
G1 F667.2 X105.062 Y75.035 E345.09067
G1 X104.661 Y75.531 E345.11189
G1 X104.26 Y76.094 E345.13488
G1 X103.859 Y76.401 E345.15167
G1 X103.556 Y76.446 E345.16186
G0 F15000 X114.049 Y74.912
G1 F667.2 X114.285 Y75.244 E345.17541
G1 X114.686 Y75.74 E345.19662
G1 X115.087 Y76.067 E345.21383
G1 X115.488 Y76.276 E345.22887
G1 X115.889 Y76.405 E345.24288
G1 X116.29 Y76.461 E345.25635
G1 X116.396 Y76.445 E345.25992
G0 F15000 X116.266 Y76.445
;MESH:NONMESH
G0 F300 Z8.8
G0 F15000 X109.977 Y76.832
;TIME_ELAPSED:589.285171
;LAYER:43
;note -- min layer time used
;TYPE:WALL-INNER
;MESH:nut_holder.stl
G1 F672.2 X116.476 Y76.832 E345.47607
G1 X116.476 Y74.832 E345.54259
G1 X103.476 Y74.832 E345.97498
G1 X103.476 Y76.832 E346.0415
G1 X109.977 Y76.832 E346.25772
G0 F15000 X109.977 Y77.232
G1 F672.2 X116.876 Y77.232 E346.48718
G1 X116.876 Y74.432 E346.58031
G1 X103.076 Y74.432 E347.0393
G1 X103.076 Y77.232 E347.13243
G1 X109.977 Y77.232 E347.36196
G0 F15000 X109.977 Y77.632
;TYPE:WALL-OUTER
G1 F672.2 X117.276 Y77.632 E347.60472
G1 X117.276 Y74.032 E347.72446
G1 X102.676 Y74.032 E348.21006
G1 X102.676 Y77.632 E348.32979
G1 X109.977 Y77.632 E348.57263
G0 F15000 X109.977 Y76.922
G0 X111.67 Y74.912
;TYPE:FILL
G1 F672.2 X111.478 Y75.112 E348.58185
G1 X111.077 Y75.807 E348.60853
G1 X110.676 Y76.694 E348.64091
G1 X110.461 Y76.752 E348.64832
G1 X110.028 Y76.752 E348.66272
G1 X109.473 Y76.547 E348.6824
G1 X109.072 Y76.353 E348.69721
G1 X108.671 Y76.081 E348.71333
G1 X108.27 Y75.663 E348.7326
G1 X107.844 Y74.912 E348.76131
G0 F15000 X105.254 Y74.912
G1 F672.2 X105.062 Y75.112 E348.77053
G1 X104.661 Y75.807 E348.79722
G1 X104.26 Y76.694 E348.8296
G1 X104.045 Y76.752 E348.837
G1 X103.672 Y76.752 E348.84941
G1 X103.556 Y76.721 E348.8534
G0 F15000 X114.26 Y74.912
G1 F672.2 X114.686 Y75.663 E348.88212
G1 X115.087 Y76.081 E348.90139
G1 X115.488 Y76.353 E348.9175
G1 X115.889 Y76.547 E348.93232
G1 X116.29 Y76.695 E348.94654
G1 X116.396 Y76.723 E348.95018
G0 F15000 X116.266 Y76.622
;MESH:NONMESH
G0 F300 Z9
G0 F15000 X109.977 Y76.832
;TIME_ELAPSED:600.214645
;LAYER:44
;note -- min layer time used
;TYPE:WALL-INNER
;MESH:nut_holder.stl
G1 F656.1 X116.476 Y76.832 E349.16634
G1 X116.476 Y74.832 E349.23286
G1 X103.476 Y74.832 E349.66524
G1 X103.476 Y76.832 E349.73176
G1 X109.977 Y76.832 E349.94799
G0 F15000 X109.977 Y77.232
G1 F656.1 X116.876 Y77.232 E350.17745
G1 X116.876 Y74.432 E350.27058
G1 X103.076 Y74.432 E350.72957
G1 X103.076 Y77.232 E350.82269
G1 X109.977 Y77.232 E351.05222
G0 F15000 X109.977 Y77.632
;TYPE:WALL-OUTER
G1 F656.1 X117.276 Y77.632 E351.29499
G1 X117.276 Y74.032 E351.41472
G1 X102.676 Y74.032 E351.90032
G1 X102.676 Y77.632 E352.02006
G1 X109.977 Y77.632 E352.26289
G0 F15000 X109.506 Y76.752
;TYPE:FILL
G1 F656.1 X109.266 Y76.591 E352.2725
G1 X108.738 Y76.19 E352.29456
G1 X108.392 Y75.789 E352.31217
G1 X108.169 Y75.388 E352.32743
G1 X108.027 Y74.987 E352.34158
G1 X108.013 Y74.912 E352.34412
G0 F15000 X105.249 Y74.912
G1 F656.1 X105.184 Y74.987 E352.34742
G1 X104.961 Y75.388 E352.36268
G1 X104.819 Y75.789 E352.37683
G1 X104.745 Y76.19 E352.39039
G1 X104.778 Y76.591 E352.40377
G1 X104.896 Y76.752 E352.41041
G0 F15000 X111.312 Y76.752
G1 F656.1 X111.194 Y76.591 E352.41705
G1 X111.161 Y76.19 E352.43044
G1 X111.235 Y75.789 E352.444
G1 X111.377 Y75.388 E352.45815
G1 X111.6 Y74.987 E352.47341
G1 X111.665 Y74.912 E352.47671
G0 F15000 X114.429 Y74.912
G1 F656.1 X114.443 Y74.987 E352.47925
G1 X114.585 Y75.388 E352.49339
G1 X114.808 Y75.789 E352.50866
G1 X115.154 Y76.19 E352.52627
G1 X115.682 Y76.591 E352.54832
G1 X115.922 Y76.752 E352.55794
G0 F15000 X115.922 Y76.622
;MESH:NONMESH
G0 F300 Z9.2
G0 F15000 X109.977 Y76.832
;TIME_ELAPSED:611.131944
;LAYER:45
;note -- min layer time used
;TYPE:WALL-INNER
;MESH:nut_holder.stl
G1 F653.2 X116.476 Y76.832 E352.77409
G1 X116.476 Y74.832 E352.84061
G1 X103.476 Y74.832 E353.273
G1 X103.476 Y76.832 E353.33952
G1 X109.977 Y76.832 E353.55574
G0 F15000 X109.977 Y77.232
G1 F653.2 X116.876 Y77.232 E353.7852
G1 X116.876 Y74.432 E353.87833
G1 X103.076 Y74.432 E354.33732
G1 X103.076 Y77.232 E354.43045
G1 X109.977 Y77.232 E354.65998
G0 F15000 X109.977 Y77.632
;TYPE:WALL-OUTER
G1 F653.2 X117.276 Y77.632 E354.90274
G1 X117.276 Y74.032 E355.02248
G1 X102.676 Y74.032 E355.50808
G1 X102.676 Y77.632 E355.62781
G1 X109.977 Y77.632 E355.87065
G0 F15000 X109.977 Y76.922
G0 X109.253 Y76.752
;TYPE:FILL
G1 F653.2 X109.061 Y76.591 E355.87898
G1 X108.655 Y76.19 E355.89796
G1 X108.387 Y75.789 E355.914
G1 X108.225 Y75.388 E355.92839
G1 X108.144 Y74.987 E355.94199
G1 X108.144 Y74.912 E355.94449
G0 F15000 X105.229 Y74.912
G1 F653.2 X105.179 Y74.987 E355.94748
G1 X105.017 Y75.388 E355.96187
G1 X104.936 Y75.789 E355.97548
G1 X104.938 Y76.19 E355.98881
G1 X105.067 Y76.591 E356.00282
G1 X105.2 Y76.752 E356.00977
G0 F15000 X111.616 Y76.752
G1 F653.2 X111.483 Y76.591 E356.01672
G1 X111.354 Y76.19 E356.03073
G1 X111.352 Y75.789 E356.04406
G1 X111.433 Y75.388 E356.05767
G1 X111.595 Y74.987 E356.07205
G1 X111.645 Y74.912 E356.07505
G0 F15000 X114.56 Y74.912
G1 F653.2 X114.56 Y74.987 E356.07755
G1 X114.641 Y75.388 E356.09115
G1 X114.803 Y75.789 E356.10554
G1 X115.071 Y76.19 E356.12158
G1 X115.477 Y76.591 E356.14056
G1 X115.669 Y76.752 E356.14889
G0 F15000 X115.669 Y76.622
;MESH:NONMESH
G0 F300 Z9.4
G0 F15000 X109.977 Y76.832
;TIME_ELAPSED:622.087855
;LAYER:46
;note -- min layer time used
;TYPE:WALL-INNER
;MESH:nut_holder.stl
G1 F651.7 X116.476 Y76.832 E356.36505
G1 X116.476 Y74.832 E356.43157
G1 X103.476 Y74.832 E356.86395
G1 X103.476 Y76.832 E356.93047
G1 X109.977 Y76.832 E357.1467
G0 F15000 X109.977 Y77.232
G1 F651.7 X116.876 Y77.232 E357.37616
G1 X116.876 Y74.432 E357.46929
G1 X103.076 Y74.432 E357.92828
G1 X103.076 Y77.232 E358.02141
G1 X109.977 Y77.232 E358.25093
G0 F15000 X109.977 Y77.632
;TYPE:WALL-OUTER
G1 F651.7 X117.276 Y77.632 E358.4937
G1 X117.276 Y74.032 E358.61344
G1 X102.676 Y74.032 E359.09903
G1 X102.676 Y77.632 E359.21877
G1 X109.977 Y77.632 E359.4616
G0 F15000 X109.977 Y76.922
G0 X109.054 Y76.752
;TYPE:FILL
G1 F651.7 X108.888 Y76.591 E359.46929
G1 X108.563 Y76.19 E359.48646
G1 X108.362 Y75.789 E359.50138
G1 X108.258 Y75.388 E359.51516
G1 X108.235 Y74.987 E359.52852
G1 X108.248 Y74.912 E359.53105
G0 F15000 X105.192 Y74.912
G1 F651.7 X105.154 Y74.987 E359.53385
G1 X105.05 Y75.388 E359.54763
G1 X105.027 Y75.789 E359.56099
G1 X105.094 Y76.19 E359.57451
G1 X105.286 Y76.591 E359.58929
G1 X105.426 Y76.752 E359.59639
G0 F15000 X111.842 Y76.752
G1 F651.7 X111.702 Y76.591 E359.60349
G1 X111.51 Y76.19 E359.61827
G1 X111.443 Y75.789 E359.6318
G1 X111.466 Y75.388 E359.64516
G1 X111.57 Y74.987 E359.65893
G1 X111.608 Y74.912 E359.66173
G0 F15000 X114.664 Y74.912
G1 F651.7 X114.651 Y74.987 E359.66426
G1 X114.674 Y75.388 E359.67762
G1 X114.778 Y75.789 E359.6914
G1 X114.979 Y76.19 E359.70632
G1 X115.304 Y76.591 E359.72349
G1 X115.47 Y76.752 E359.73118
G0 F15000 X115.47 Y76.622
;MESH:NONMESH
G0 F300 Z9.6
G0 F15000 X109.977 Y76.832
;TIME_ELAPSED:633.055755
;LAYER:47
;note -- min layer time used
;TYPE:WALL-INNER
;MESH:nut_holder.stl
G1 F651.1 X116.476 Y76.832 E359.94734
G1 X116.476 Y74.832 E360.01386
G1 X103.476 Y74.832 E360.44624
G1 X103.476 Y76.832 E360.51276
G1 X109.977 Y76.832 E360.72898
G0 F15000 X109.977 Y77.232
G1 F651.1 X116.876 Y77.232 E360.95844
G1 X116.876 Y74.432 E361.05157
G1 X103.076 Y74.432 E361.51056
G1 X103.076 Y77.232 E361.60369
G1 X109.977 Y77.232 E361.83322
G0 F15000 X109.977 Y77.632
;TYPE:WALL-OUTER
G1 F651.1 X117.276 Y77.632 E362.07598
G1 X117.276 Y74.032 E362.19572
G1 X102.676 Y74.032 E362.68132
G1 X102.676 Y77.632 E362.80106
G1 X109.977 Y77.632 E363.04389
G0 F15000 X109.977 Y76.922
G0 X108.871 Y76.752
;TYPE:FILL
G1 F651.1 X108.72 Y76.591 E363.05123
G1 X108.458 Y76.19 E363.06716
G1 X108.317 Y75.789 E363.0813
G1 X108.27 Y75.388 E363.09473
G1 X108.304 Y74.987 E363.10811
G1 X108.328 Y74.912 E363.11073
G0 F15000 X105.135 Y74.912
G1 F651.1 X105.109 Y74.987 E363.11337
G1 X105.062 Y75.388 E363.1268
G1 X105.096 Y75.789 E363.14019
G1 X105.222 Y76.19 E363.15417
G1 X105.47 Y76.591 E363.16985
G1 X105.619 Y76.752 E363.17714
G0 F15000 X111.551 Y74.912
G1 F651.1 X111.525 Y74.987 E363.17978
G1 X111.478 Y75.388 E363.19321
G1 X111.512 Y75.789 E363.2066
G1 X111.638 Y76.19 E363.22058
G1 X111.886 Y76.591 E363.23626
G1 X112.035 Y76.752 E363.24356
G0 F15000 X115.287 Y76.752
G1 F651.1 X115.136 Y76.591 E363.2509
G1 X114.874 Y76.19 E363.26683
G1 X114.733 Y75.789 E363.28097
G1 X114.686 Y75.388 E363.2944
G1 X114.72 Y74.987 E363.30778
G1 X114.744 Y74.912 E363.3104
G0 F15000 X114.744 Y75.042
;MESH:NONMESH
G0 F300 Z9.8
G0 F15000 X109.977 Y76.832
;TIME_ELAPSED:644.028113
;LAYER:48
;note -- min layer time used
;TYPE:WALL-INNER
;MESH:nut_holder.stl
G1 F652.1 X116.476 Y76.832 E363.52656
G1 X116.476 Y74.832 E363.59308
G1 X103.476 Y74.832 E364.02546
G1 X103.476 Y76.832 E364.09198
G1 X109.977 Y76.832 E364.3082
G0 F15000 X109.977 Y77.232
G1 F652.1 X116.876 Y77.232 E364.53767
G1 X116.876 Y74.432 E364.63079
G1 X103.076 Y74.432 E365.08978
G1 X103.076 Y77.232 E365.18291
G1 X109.977 Y77.232 E365.41244
G0 F15000 X109.977 Y77.632
;TYPE:WALL-OUTER
G1 F652.1 X117.276 Y77.632 E365.65521
G1 X117.276 Y74.032 E365.77494
G1 X102.676 Y74.032 E366.26054
G1 X102.676 Y77.632 E366.38028
G1 X109.977 Y77.632 E366.62311
G0 F15000 X109.977 Y76.922
G0 X108.683 Y76.752
;TYPE:FILL
G1 F652.1 X108.541 Y76.591 E366.63025
G1 X108.335 Y76.19 E366.64524
G1 X108.254 Y75.789 E366.65885
G1 X108.263 Y75.388 E366.67219
G1 X108.353 Y74.987 E366.68586
G1 X108.388 Y74.912 E366.68861
G0 F15000 X111.477 Y74.912
G1 F652.1 X111.462 Y74.987 E366.69116
G1 X111.471 Y75.388 E366.7045
G1 X111.561 Y75.789 E366.71817
G1 X111.747 Y76.19 E366.73287
G1 X112.056 Y76.591 E366.74971
G1 X112.218 Y76.752 E366.7573
G0 F15000 X115.099 Y76.752
G1 F652.1 X114.957 Y76.591 E366.76444
G1 X114.751 Y76.19 E366.77944
G1 X114.67 Y75.789 E366.79304
G1 X114.679 Y75.388 E366.80639
G1 X114.769 Y74.987 E366.82005
G1 X114.804 Y74.912 E366.82281
G0 F15000 X105.802 Y76.752
G1 F652.1 X105.64 Y76.591 E366.8304
G1 X105.331 Y76.19 E366.84724
G1 X105.145 Y75.789 E366.86194
G1 X105.055 Y75.388 E366.87561
G1 X105.046 Y74.987 E366.88895
G1 X105.061 Y74.912 E366.8915
G0 F15000 X105.061 Y75.042
;MESH:NONMESH
G0 F300 Z10
G0 F15000 X109.977 Y76.832
;TIME_ELAPSED:655.038272
;LAYER:49
;note -- min layer time used
;TYPE:WALL-INNER
;MESH:nut_holder.stl
G1 F653.3 X116.476 Y76.832 E367.10765
G1 X116.476 Y74.832 E367.17418
G1 X103.476 Y74.832 E367.60656
G1 X103.476 Y76.832 E367.67308
G1 X109.977 Y76.832 E367.8893
G0 F15000 X109.977 Y77.232
G1 F653.3 X116.876 Y77.232 E368.11876
G1 X116.876 Y74.432 E368.21189
G1 X103.076 Y74.432 E368.67088
G1 X103.076 Y77.232 E368.76401
G1 X109.977 Y77.232 E368.99354
G0 F15000 X109.977 Y77.632
;TYPE:WALL-OUTER
G1 F653.3 X117.276 Y77.632 E369.2363
G1 X117.276 Y74.032 E369.35604
G1 X102.676 Y74.032 E369.84164
G1 X102.676 Y77.632 E369.96137
G1 X109.977 Y77.632 E370.20421
G0 F15000 X109.977 Y76.922
G0 X108.467 Y76.752
;TYPE:FILL
G1 F653.3 X108.332 Y76.591 E370.21119
G1 X108.186 Y76.19 E370.22539
G1 X108.168 Y75.789 E370.23874
G1 X108.235 Y75.388 E370.25226
G1 X108.383 Y74.987 E370.26648
G1 X108.43 Y74.912 E370.26942
G0 F15000 X111.379 Y74.912
G1 F653.3 X111.376 Y74.987 E370.27192
G1 X111.443 Y75.388 E370.28544
G1 X111.591 Y75.789 E370.29966
G1 X111.842 Y76.19 E370.31539
G1 X112.226 Y76.591 E370.33386
G1 X112.41 Y76.752 E370.34199
G0 F15000 X114.883 Y76.752
G1 F653.3 X114.748 Y76.591 E370.34898
G1 X114.602 Y76.19 E370.36317
G1 X114.584 Y75.789 E370.37652
G1 X114.651 Y75.388 E370.39005
G1 X114.799 Y74.987 E370.40426
G1 X114.846 Y74.912 E370.40721
G0 F15000 X105.994 Y76.752
G1 F653.3 X105.81 Y76.591 E370.41534
G1 X105.426 Y76.19 E370.4338
G1 X105.175 Y75.789 E370.44954
G1 X105.027 Y75.388 E370.46376
G1 X104.96 Y74.987 E370.47728
G1 X104.963 Y74.912 E370.47977
G0 F15000 X104.963 Y75.042
;MESH:NONMESH
G0 F300 Z10.2
G0 F15000 X109.977 Y76.832
;TIME_ELAPSED:666.043437
;LAYER:50
;note -- min layer time used
;TYPE:WALL-INNER
;MESH:nut_holder.stl
G1 F655.8 X116.476 Y76.832 E370.69593
G1 X116.476 Y74.832 E370.76245
G1 X103.476 Y74.832 E371.19483
G1 X103.476 Y76.832 E371.26135
G1 X109.977 Y76.832 E371.47758
G0 F15000 X109.977 Y77.232
G1 F655.8 X116.876 Y77.232 E371.70704
G1 X116.876 Y74.432 E371.80017
G1 X103.076 Y74.432 E372.25916
G1 X103.076 Y77.232 E372.35229
G1 X109.977 Y77.232 E372.58181
G0 F15000 X109.977 Y77.632
;TYPE:WALL-OUTER
G1 F655.8 X117.276 Y77.632 E372.82458
G1 X117.276 Y74.032 E372.94432
G1 X102.676 Y74.032 E373.42992
G1 X102.676 Y77.632 E373.54965
G1 X109.977 Y77.632 E373.79248
G0 F15000 X109.977 Y76.922
G0 X108.189 Y76.752
;TYPE:FILL
G1 F655.8 X108.065 Y76.591 E373.79924
G1 X108.003 Y76.19 E373.81274
G1 X108.057 Y75.789 E373.8262
G1 X108.185 Y75.388 E373.8402
G1 X108.393 Y74.987 E373.85522
G1 X108.454 Y74.912 E373.85844
G0 F15000 X111.255 Y74.912
G1 F655.8 X111.265 Y74.987 E373.86095
G1 X111.393 Y75.388 E373.87495
G1 X111.601 Y75.789 E373.88998
G1 X111.927 Y76.19 E373.90717
G1 X112.42 Y76.591 E373.9283
G1 X112.645 Y76.752 E373.93751
G0 F15000 X114.605 Y76.752
G1 F655.8 X114.481 Y76.591 E373.94426
G1 X114.419 Y76.19 E373.95776
G1 X114.473 Y75.789 E373.97122
G1 X114.601 Y75.388 E373.98522
G1 X114.809 Y74.987 E374.00024
G1 X114.87 Y74.912 E374.00346
G0 F15000 X106.229 Y76.752
G1 F655.8 X106.004 Y76.591 E374.01266
G1 X105.511 Y76.19 E374.0338
G1 X105.185 Y75.789 E374.05099
G1 X104.977 Y75.388 E374.06601
G1 X104.849 Y74.987 E374.08001
G1 X104.839 Y74.912 E374.08253
G0 F15000 X104.839 Y75.042
;MESH:NONMESH
G0 F300 Z10.4
G0 F15000 X109.977 Y76.832
;TIME_ELAPSED:677.041319
;LAYER:51
;note -- min layer time used
;TYPE:WALL-INNER
;MESH:nut_holder.stl
G1 F660.5 X116.476 Y76.832 E374.29869
G1 X116.476 Y74.832 E374.36521
G1 X103.476 Y74.832 E374.79759
G1 X103.476 Y76.832 E374.86411
G1 X109.977 Y76.832 E375.08033
G0 F15000 X109.977 Y77.232
G1 F660.5 X116.876 Y77.232 E375.30979
G1 X116.876 Y74.432 E375.40292
G1 X103.076 Y74.432 E375.86191
G1 X103.076 Y77.232 E375.95504
G1 X109.977 Y77.232 E376.18457
G0 F15000 X109.977 Y77.632
;TYPE:WALL-OUTER
G1 F660.5 X117.276 Y77.632 E376.42733
G1 X117.276 Y74.032 E376.54707
G1 X102.676 Y74.032 E377.03267
G1 X102.676 Y77.632 E377.1524
G1 X109.977 Y77.632 E377.39524
G0 F15000 X109.977 Y76.922
G0 X107.718 Y76.752
;TYPE:FILL
G1 F660.5 X107.669 Y76.591 E377.40083
G1 X107.771 Y76.19 E377.4146
G1 X107.917 Y75.789 E377.42879
G1 X108.109 Y75.388 E377.44358
G1 X108.379 Y74.987 E377.45966
G1 X108.457 Y74.912 E377.46326
G0 F15000 X106.625 Y76.752
G1 F660.5 X106.276 Y76.591 E377.47604
G1 X105.588 Y76.19 E377.50253
G1 X105.171 Y75.789 E377.52177
G1 X104.901 Y75.388 E377.53785
G1 X104.709 Y74.987 E377.55263
G1 X104.682 Y74.912 E377.55528
G0 F15000 X111.098 Y74.912
G1 F660.5 X111.125 Y74.987 E377.55794
G1 X111.317 Y75.388 E377.57272
G1 X111.587 Y75.789 E377.5888
G1 X112.004 Y76.19 E377.60804
G1 X112.692 Y76.591 E377.63453
G1 X113.041 Y76.752 E377.64731
G0 F15000 X114.134 Y76.752
G1 F660.5 X114.085 Y76.591 E377.65291
G1 X114.187 Y76.19 E377.66667
G1 X114.333 Y75.789 E377.68087
G1 X114.525 Y75.388 E377.69565
G1 X114.795 Y74.987 E377.71173
G1 X114.873 Y74.912 E377.71533
G0 F15000 X114.873 Y75.042
;MESH:NONMESH
G0 F300 Z10.6
G0 F15000 X109.977 Y76.832
;TIME_ELAPSED:687.988443
;LAYER:52
;note -- min layer time used
;TYPE:WALL-INNER
;MESH:nut_holder.stl
G1 F665.7 X116.476 Y76.832 E377.93149
G1 X116.476 Y74.832 E377.99801
G1 X103.476 Y74.832 E378.43039
G1 X103.476 Y76.832 E378.49691
G1 X109.977 Y76.832 E378.71314
G0 F15000 X109.977 Y77.232
G1 F665.7 X116.876 Y77.232 E378.9426
G1 X116.876 Y74.432 E379.03573
G1 X103.076 Y74.432 E379.49472
G1 X103.076 Y77.232 E379.58784
G1 X109.977 Y77.232 E379.81737
G0 F15000 X109.977 Y77.632
;TYPE:WALL-OUTER
G1 F665.7 X117.276 Y77.632 E380.06014
G1 X117.276 Y74.032 E380.17987
G1 X102.676 Y74.032 E380.66547
G1 X102.676 Y77.632 E380.78521
G1 X109.977 Y77.632 E381.02804
G0 F15000 X109.977 Y76.922
G0 X110.892 Y74.912
;TYPE:FILL
G1 F665.7 X111.077 Y75.189 E381.03912
G1 X111.478 Y75.721 E381.06128
G1 X111.879 Y76.068 E381.07892
G1 X112.28 Y76.292 E381.09419
G1 X112.681 Y76.436 E381.10836
G1 X113.082 Y76.512 E381.12194
G1 X113.483 Y76.481 E381.13532
G1 X113.884 Y76.188 E381.15183
G1 X114.285 Y75.586 E381.17589
G1 X114.686 Y75.054 E381.19805
G1 X114.85 Y74.912 E381.20526
G0 F15000 X108.434 Y74.912
G1 F665.7 X108.27 Y75.054 E381.21248
G1 X107.869 Y75.586 E381.23464
G1 X107.468 Y76.188 E381.2587
G1 X107.067 Y76.481 E381.27521
G1 X106.666 Y76.512 E381.28859
G1 X106.265 Y76.436 E381.30217
G1 X105.864 Y76.292 E381.31634
G1 X105.463 Y76.068 E381.33161
G1 X105.062 Y75.721 E381.34925
G1 X104.661 Y75.189 E381.37141
G1 X104.476 Y74.912 E381.38249
G0 F15000 X104.476 Y75.042
;MESH:NONMESH
G0 F300 Z10.8
G0 F15000 X109.977 Y76.832
;TIME_ELAPSED:698.709921
;LAYER:53
;note -- min layer time used
;TYPE:WALL-INNER
;MESH:nut_holder.stl
G1 F663.9 X116.476 Y76.832 E381.59865
G1 X116.476 Y74.832 E381.66517
G1 X103.476 Y74.832 E382.09755
G1 X103.476 Y76.832 E382.16407
G1 X109.977 Y76.832 E382.38029
G0 F15000 X109.977 Y77.232
G1 F663.9 X116.876 Y77.232 E382.60975
G1 X116.876 Y74.432 E382.70288
G1 X103.076 Y74.432 E383.16187
G1 X103.076 Y77.232 E383.255
G1 X109.977 Y77.232 E383.48453
G0 F15000 X109.977 Y77.632
;TYPE:WALL-OUTER
G1 F663.9 X117.276 Y77.632 E383.7273
G1 X117.276 Y74.032 E383.84703
G1 X102.676 Y74.032 E384.33263
G1 X102.676 Y77.632 E384.45237
G1 X109.977 Y77.632 E384.6952
G0 F15000 X109.977 Y76.922
G0 X110.671 Y74.912
;TYPE:FILL
G1 F663.9 X111.077 Y75.395 E384.71618
G1 X111.478 Y75.803 E384.73521
G1 X111.879 Y76.073 E384.75129
G1 X112.28 Y76.236 E384.76569
G1 X112.681 Y76.318 E384.7793
G1 X113.082 Y76.317 E384.79264
G1 X113.483 Y76.19 E384.80663
G1 X113.884 Y75.859 E384.82392
G1 X114.285 Y75.38 E384.8447
G1 X114.686 Y74.972 E384.86373
G1 X114.775 Y74.912 E384.8673
G0 F15000 X108.359 Y74.912
G1 F663.9 X108.27 Y74.972 E384.87087
G1 X107.869 Y75.38 E384.88989
G1 X107.468 Y75.859 E384.91067
G1 X107.067 Y76.19 E384.92797
G1 X106.666 Y76.317 E384.94196
G1 X106.265 Y76.318 E384.95529
G1 X105.864 Y76.236 E384.96891
G1 X105.463 Y76.073 E384.9833
G1 X105.062 Y75.803 E384.99938
G1 X104.661 Y75.395 E385.01841
G1 X104.255 Y74.912 E385.0394
G0 F15000 X104.255 Y75.042
;MESH:NONMESH
G0 F300 Z11
G0 F15000 X109.977 Y76.832
;TIME_ELAPSED:709.427133
;LAYER:54
;note -- min layer time used
;TYPE:WALL-INNER
;MESH:nut_holder.stl
G1 F663.7 X116.476 Y76.832 E385.25555
G1 X116.476 Y74.832 E385.32207
G1 X103.476 Y74.832 E385.75446
G1 X103.476 Y76.832 E385.82098
G1 X109.977 Y76.832 E386.0372
G0 F15000 X109.977 Y77.232
G1 F663.7 X116.876 Y77.232 E386.26666
G1 X116.876 Y74.432 E386.35979
G1 X103.076 Y74.432 E386.81878
G1 X103.076 Y77.232 E386.91191
G1 X109.977 Y77.232 E387.14144
G0 F15000 X109.977 Y77.632
;TYPE:WALL-OUTER
G1 F663.7 X117.276 Y77.632 E387.3842
G1 X117.276 Y74.032 E387.50394
G1 X102.676 Y74.032 E387.98954
G1 X102.676 Y77.632 E388.10927
G1 X109.977 Y77.632 E388.35211
G0 F15000 X109.977 Y76.922
G0 X110.398 Y74.912
;TYPE:FILL
G1 F663.7 X110.676 Y75.154 E388.36436
G1 X111.077 Y75.569 E388.38356
G1 X111.478 Y75.895 E388.40075
G1 X111.879 Y76.097 E388.41568
G1 X112.28 Y76.202 E388.42947
G1 X112.681 Y76.226 E388.44283
G1 X113.082 Y76.161 E388.45634
G1 X113.483 Y75.97 E388.47111
G1 X113.884 Y75.621 E388.48879
G1 X114.285 Y75.206 E388.50799
G1 X114.647 Y74.912 E388.5235
G0 F15000 X108.231 Y74.912
G1 F663.7 X107.869 Y75.206 E388.53901
G1 X107.468 Y75.621 E388.5582
G1 X107.067 Y75.97 E388.57588
G1 X106.666 Y76.161 E388.59066
G1 X106.265 Y76.226 E388.60417
G1 X105.864 Y76.202 E388.61753
G1 X105.463 Y76.097 E388.63132
G1 X105.062 Y75.895 E388.64625
G1 X104.661 Y75.569 E388.66344
G1 X104.26 Y75.154 E388.68263
G1 X103.982 Y74.912 E388.69489
G0 F15000 X103.982 Y75.042
;MESH:NONMESH
G0 F300 Z11.2
G0 F15000 X109.977 Y76.832
;TIME_ELAPSED:720.146463
;LAYER:55
;note -- min layer time used
;TYPE:WALL-INNER
;MESH:nut_holder.stl
G1 F664 X116.476 Y76.832 E388.91105
G1 X116.476 Y74.832 E388.97757
G1 X103.476 Y74.832 E389.40995
G1 X103.476 Y76.832 E389.47647
G1 X109.977 Y76.832 E389.6927
G0 F15000 X109.977 Y77.232
G1 F664 X116.876 Y77.232 E389.92216
G1 X116.876 Y74.432 E390.01529
G1 X103.076 Y74.432 E390.47428
G1 X103.076 Y77.232 E390.56741
G1 X109.977 Y77.232 E390.79693
G0 F15000 X109.977 Y77.632
;TYPE:WALL-OUTER
G1 F664 X117.276 Y77.632 E391.0397
G1 X117.276 Y74.032 E391.15944
G1 X102.676 Y74.032 E391.64503
G1 X102.676 Y77.632 E391.76477
G1 X109.977 Y77.632 E392.0076
G0 F15000 X109.977 Y76.922
G0 X110.148 Y74.912
;TYPE:FILL
G1 F664 X110.275 Y74.99 E392.01256
G1 X111.077 Y75.737 E392.04901
G1 X111.478 Y76 E392.06496
G1 X111.879 Y76.141 E392.0791
G1 X112.28 Y76.19 E392.09254
G1 X112.681 Y76.157 E392.10592
G1 X113.082 Y76.032 E392.11989
G1 X113.483 Y75.785 E392.13555
G1 X114.285 Y75.038 E392.17201
G1 X114.477 Y74.912 E392.17965
G0 F15000 X108.061 Y74.912
G1 F664 X107.869 Y75.038 E392.18728
G1 X107.067 Y75.785 E392.22374
G1 X106.666 Y76.032 E392.2394
G1 X106.265 Y76.157 E392.25337
G1 X105.864 Y76.19 E392.26675
G1 X105.463 Y76.141 E392.28019
G1 X105.062 Y76 E392.29433
G1 X104.661 Y75.737 E392.31028
G1 X103.859 Y74.99 E392.34673
G1 X103.732 Y74.912 E392.35169
G0 F15000 X103.732 Y75.042
;MESH:NONMESH
G0 F300 Z11.4
G0 F15000 X109.977 Y76.832
;TIME_ELAPSED:730.868283
;LAYER:56
;note -- min layer time used
;TYPE:WALL-INNER
;MESH:nut_holder.stl
G1 F665.1 X116.476 Y76.832 E392.56785
G1 X116.476 Y74.832 E392.63437
G1 X103.476 Y74.832 E393.06675
G1 X103.476 Y76.832 E393.13327
G1 X109.977 Y76.832 E393.34949
G0 F15000 X109.977 Y77.232
G1 F665.1 X116.876 Y77.232 E393.57895
G1 X116.876 Y74.432 E393.67208
G1 X103.076 Y74.432 E394.13107
G1 X103.076 Y77.232 E394.2242
G1 X109.977 Y77.232 E394.45373
G0 F15000 X109.977 Y77.632
;TYPE:WALL-OUTER
G1 F665.1 X117.276 Y77.632 E394.69649
G1 X117.276 Y74.032 E394.81623
G1 X102.676 Y74.032 E395.30183
G1 X102.676 Y77.632 E395.42157
G1 X109.977 Y77.632 E395.6644
G0 F15000 X109.977 Y76.922
G0 X109.952 Y74.912
;TYPE:FILL
G1 F665.1 X110.275 Y75.159 E395.67792
G1 X110.676 Y75.562 E395.69683
G1 X111.077 Y75.916 E395.71462
G1 X111.478 Y76.123 E395.72963
G1 X111.879 Y76.205 E395.74324
G1 X112.28 Y76.197 E395.75658
G1 X112.681 Y76.108 E395.77025
G1 X113.082 Y75.923 E395.78493
G1 X113.483 Y75.616 E395.80173
G1 X113.884 Y75.213 E395.82064
G1 X114.225 Y74.912 E395.83577
G0 F15000 X116.368 Y74.912
G1 F665.1 X116.396 Y74.933 E395.83693
G0 F15000 X107.809 Y74.912
G1 F665.1 X107.468 Y75.213 E395.85206
G1 X107.067 Y75.616 E395.87097
G1 X106.666 Y75.923 E395.88777
G1 X106.265 Y76.108 E395.90245
G1 X105.864 Y76.197 E395.91612
G1 X105.463 Y76.205 E395.92946
G1 X105.062 Y76.123 E395.94307
G1 X104.661 Y75.916 E395.95808
G1 X104.26 Y75.562 E395.97587
G1 X103.859 Y75.159 E395.99478
G1 X103.556 Y74.927 E396.00747
G0 F15000 X103.686 Y75.042
;MESH:NONMESH
G0 F300 Z11.6
G0 F15000 X109.977 Y76.832
;TIME_ELAPSED:741.738796
;LAYER:57
;note -- min layer time used
;TYPE:WALL-INNER
;MESH:nut_holder.stl
G1 F665.3 X116.476 Y76.832 E396.22363
G1 X116.476 Y74.832 E396.29015
G1 X103.476 Y74.832 E396.72253
G1 X103.476 Y76.832 E396.78905
G1 X109.977 Y76.832 E397.00528
G0 F15000 X109.977 Y77.232
G1 F665.3 X116.876 Y77.232 E397.23474
G1 X116.876 Y74.432 E397.32787
G1 X103.076 Y74.432 E397.78686
G1 X103.076 Y77.232 E397.87998
G1 X109.977 Y77.232 E398.10951
G0 F15000 X109.977 Y77.632
;TYPE:WALL-OUTER
G1 F665.3 X117.276 Y77.632 E398.35228
G1 X117.276 Y74.032 E398.47201
G1 X102.676 Y74.032 E398.95761
G1 X102.676 Y77.632 E399.07735
G1 X109.977 Y77.632 E399.32018
G0 F15000 X109.977 Y76.922
G0 X109.818 Y74.912
;TYPE:FILL
G1 F665.3 X109.874 Y74.947 E399.32238
G1 X110.275 Y75.33 E399.34082
G1 X110.676 Y75.787 E399.36104
G1 X111.077 Y76.124 E399.37846
G1 X111.478 Y76.27 E399.39266
G1 X111.879 Y76.29 E399.40601
G1 X112.28 Y76.224 E399.41953
G1 X112.681 Y76.078 E399.43372
G1 X113.082 Y75.828 E399.44944
G1 X113.483 Y75.445 E399.46788
G1 X113.884 Y74.988 E399.48811
G1 X113.974 Y74.912 E399.49202
G0 F15000 X116.234 Y74.912
G1 F665.3 X116.396 Y75.048 E399.49906
G0 F15000 X107.558 Y74.912
G1 F665.3 X107.468 Y74.988 E399.50298
G1 X107.067 Y75.445 E399.5232
G1 X106.666 Y75.828 E399.54164
G1 X106.265 Y76.078 E399.55736
G1 X105.864 Y76.224 E399.57155
G1 X105.463 Y76.29 E399.58507
G1 X105.062 Y76.27 E399.59842
G1 X104.661 Y76.124 E399.61262
G1 X104.26 Y75.787 E399.63004
G1 X103.859 Y75.33 E399.65026
G1 X103.556 Y75.041 E399.66419
G0 F15000 X103.686 Y75.042
;MESH:NONMESH
G0 F300 Z11.8
G0 F15000 X109.977 Y76.832
;TIME_ELAPSED:752.607295
;LAYER:58
;note -- min layer time used
;TYPE:WALL-INNER
;MESH:nut_holder.stl
G1 F666.7 X116.476 Y76.832 E399.88034
G1 X116.476 Y74.832 E399.94686
G1 X103.476 Y74.832 E400.37925
G1 X103.476 Y76.832 E400.44577
G1 X109.977 Y76.832 E400.66199
G0 F15000 X109.977 Y77.232
G1 F666.7 X116.876 Y77.232 E400.89145
G1 X116.876 Y74.432 E400.98458
G1 X103.076 Y74.432 E401.44357
G1 X103.076 Y77.232 E401.5367
G1 X109.977 Y77.232 E401.76623
G0 F15000 X109.977 Y77.632
;TYPE:WALL-OUTER
G1 F666.7 X117.276 Y77.632 E402.00899
G1 X117.276 Y74.032 E402.12873
G1 X102.676 Y74.032 E402.61433
G1 X102.676 Y77.632 E402.73406
G1 X109.977 Y77.632 E402.9769
G0 F15000 X109.977 Y76.922
G0 X109.725 Y74.912
;TYPE:FILL
G1 F666.7 X109.874 Y75.032 E402.98326
G1 X110.275 Y75.522 E403.00432
G1 X110.676 Y76.08 E403.02717
G1 X111.077 Y76.389 E403.04401
G1 X111.478 Y76.452 E403.05751
G1 X111.879 Y76.4 E403.07096
G1 X112.28 Y76.274 E403.08494
G1 X112.681 Y76.067 E403.09995
G1 X113.082 Y75.743 E403.1171
G1 X113.483 Y75.253 E403.13816
G1 X113.728 Y74.912 E403.15212
G0 F15000 X116.141 Y74.912
G1 F666.7 X116.396 Y75.162 E403.164
G0 F15000 X107.312 Y74.912
G1 F666.7 X107.067 Y75.253 E403.17797
G1 X106.666 Y75.743 E403.19902
G1 X106.265 Y76.067 E403.21617
G1 X105.864 Y76.274 E403.23118
G1 X105.463 Y76.4 E403.24516
G1 X105.062 Y76.452 E403.25861
G1 X104.661 Y76.389 E403.27211
G1 X104.26 Y76.08 E403.28895
G1 X103.859 Y75.522 E403.3118
G1 X103.556 Y75.152 E403.32771
G0 F15000 X103.686 Y75.152
;MESH:NONMESH
G0 F300 Z12
G0 F15000 X109.977 Y76.832
;TIME_ELAPSED:763.482537
;LAYER:59
;note -- min layer time used
;TYPE:WALL-INNER
;MESH:nut_holder.stl
G1 F671.3 X116.476 Y76.832 E403.54387
G1 X116.476 Y74.832 E403.61039
G1 X103.476 Y74.832 E404.04277
G1 X103.476 Y76.832 E404.10929
G1 X109.977 Y76.832 E404.32551
G0 F15000 X109.977 Y77.232
G1 F671.3 X116.876 Y77.232 E404.55497
G1 X116.876 Y74.432 E404.6481
G1 X103.076 Y74.432 E405.10709
G1 X103.076 Y77.232 E405.20022
G1 X109.977 Y77.232 E405.42975
G0 F15000 X109.977 Y77.632
;TYPE:WALL-OUTER
G1 F671.3 X117.276 Y77.632 E405.67252
G1 X117.276 Y74.032 E405.79225
G1 X102.676 Y74.032 E406.27785
G1 X102.676 Y77.632 E406.39759
G1 X109.977 Y77.632 E406.64042
G0 F15000 X109.977 Y76.922
G0 X109.683 Y74.912
;TYPE:FILL
G1 F671.3 X109.874 Y75.109 E406.64954
G1 X110.275 Y75.792 E406.67589
G1 X110.676 Y76.645 E406.70724
G1 X110.991 Y76.752 E406.7183
G1 X111.197 Y76.752 E406.72515
G1 X111.478 Y76.684 E406.73477
G1 X111.879 Y76.54 E406.74894
G1 X112.28 Y76.349 E406.76371
G1 X112.681 Y76.08 E406.77977
G1 X113.082 Y75.666 E406.79894
G1 X113.483 Y74.983 E406.82529
G1 X113.516 Y74.912 E406.82789
G0 F15000 X116.099 Y74.912
G1 F671.3 X116.29 Y75.109 E406.83702
G1 X116.396 Y75.29 E406.84399
G0 F15000 X107.1 Y74.912
G1 F671.3 X107.067 Y74.983 E406.8466
G1 X106.666 Y75.666 E406.87294
G1 X106.265 Y76.08 E406.89211
G1 X105.864 Y76.349 E406.90817
G1 X105.463 Y76.54 E406.92294
G1 X105.062 Y76.684 E406.93711
G1 X104.781 Y76.752 E406.94673
G1 X104.575 Y76.752 E406.95358
G1 X104.26 Y76.645 E406.96465
G1 X103.859 Y75.792 E406.996
G1 X103.556 Y75.276 E407.0159
G0 F15000 X103.686 Y75.276
;MESH:NONMESH
G0 F300 Z12.2
G0 F15000 X109.977 Y76.832
;TIME_ELAPSED:774.365367
;LAYER:60
;note -- min layer time used
;TYPE:WALL-INNER
;MESH:nut_holder.stl
G1 F657.4 X116.476 Y76.832 E407.23206
G1 X116.476 Y74.832 E407.29858
G1 X103.476 Y74.832 E407.73096
G1 X103.476 Y76.832 E407.79748
G1 X109.977 Y76.832 E408.0137
G0 F15000 X109.977 Y77.232
G1 F657.4 X116.876 Y77.232 E408.24316
G1 X116.876 Y74.432 E408.33629
G1 X103.076 Y74.432 E408.79528
G1 X103.076 Y77.232 E408.88841
G1 X109.977 Y77.232 E409.11794
G0 F15000 X109.977 Y77.632
;TYPE:WALL-OUTER
G1 F657.4 X117.276 Y77.632 E409.3607
G1 X117.276 Y74.032 E409.48044
G1 X102.676 Y74.032 E409.96604
G1 X102.676 Y77.632 E410.08578
G1 X109.977 Y77.632 E410.32861
G0 F15000 X110.056 Y76.752
;TYPE:FILL
G1 F657.4 X110.173 Y76.591 E410.33523
G1 X110.201 Y76.19 E410.3486
G1 X110.124 Y75.789 E410.36218
G1 X109.979 Y75.388 E410.37636
G1 X109.754 Y74.987 E410.39165
G1 X109.689 Y74.912 E410.39495
G0 F15000 X106.93 Y74.912
G1 F657.4 X106.916 Y74.987 E410.39749
G1 X106.771 Y75.388 E410.41167
G1 X106.546 Y75.789 E410.42697
G1 X106.196 Y76.19 E410.44467
G1 X105.662 Y76.591 E410.46688
G1 X105.418 Y76.752 E410.47661
G0 F15000 X103.64 Y76.752
G1 F657.4 X103.757 Y76.591 E410.48322
G1 X103.785 Y76.19 E410.49659
G1 X103.708 Y75.789 E410.51018
G1 X103.556 Y75.376 E410.52481
G0 F15000 X111.834 Y76.752
G1 F657.4 X112.078 Y76.591 E410.53454
G1 X112.612 Y76.19 E410.55675
G1 X112.962 Y75.789 E410.57445
G1 X113.187 Y75.388 E410.58974
G1 X113.332 Y74.987 E410.60393
G1 X113.346 Y74.912 E410.60646
G0 F15000 X116.105 Y74.912
G1 F657.4 X116.17 Y74.987 E410.60976
G1 X116.396 Y75.391 E410.62516
G0 F15000 X116.266 Y75.391
;MESH:NONMESH
G0 F300 Z12.4
G0 F15000 X109.977 Y76.832
;TIME_ELAPSED:785.415725
;LAYER:61
;note -- min layer time used
;TYPE:WALL-INNER
;MESH:nut_holder.stl
G1 F655 X116.476 Y76.832 E410.84132
G1 X116.476 Y74.832 E410.90784
G1 X103.476 Y74.832 E411.34022
G1 X103.476 Y76.832 E411.40674
G1 X109.977 Y76.832 E411.62297
G0 F15000 X109.977 Y77.232
G1 F655 X116.876 Y77.232 E411.85243
G1 X116.876 Y74.432 E411.94556
G1 X103.076 Y74.432 E412.40455
G1 X103.076 Y77.232 E412.49767
G1 X109.977 Y77.232 E412.7272
G0 F15000 X109.977 Y77.632
;TYPE:WALL-OUTER
G1 F655 X117.276 Y77.632 E412.96997
G1 X117.276 Y74.032 E413.0897
G1 X102.676 Y74.032 E413.5753
G1 X102.676 Y77.632 E413.69504
G1 X109.977 Y77.632 E413.93787
G0 F15000 X109.747 Y76.752
;TYPE:FILL
G1 F655 X109.88 Y76.591 E413.94482
G1 X110.006 Y76.19 E413.9588
G1 X110.005 Y75.789 E413.97213
G1 X109.922 Y75.388 E413.98575
G1 X109.757 Y74.987 E414.00018
G1 X109.706 Y74.912 E414.00319
G0 F15000 X106.797 Y74.912
G1 F655 X106.797 Y74.987 E414.00569
G1 X106.714 Y75.388 E414.01931
G1 X106.549 Y75.789 E414.03373
G1 X106.278 Y76.19 E414.04983
G1 X105.868 Y76.591 E414.0689
G1 X105.675 Y76.752 E414.07726
G0 F15000 X103.556 Y76.298
G1 F655 X103.59 Y76.19 E414.08103
G1 X103.589 Y75.789 E414.09436
G1 X103.556 Y75.63 E414.09977
G0 F15000 X112.091 Y76.752
G1 F655 X112.284 Y76.591 E414.10812
G1 X112.694 Y76.19 E414.1272
G1 X112.965 Y75.789 E414.1433
G1 X113.13 Y75.388 E414.15772
G1 X113.213 Y74.987 E414.17134
G1 X113.213 Y74.912 E414.17383
G0 F15000 X116.122 Y74.912
G1 F655 X116.173 Y74.987 E414.17685
G1 X116.338 Y75.388 E414.19127
G1 X116.396 Y75.668 E414.20078
G0 F15000 X116.396 Y76.273
G1 F655 X116.296 Y76.591 E414.21187
G1 X116.163 Y76.752 E414.21882
G0 F15000 X116.163 Y76.622
;MESH:NONMESH
G0 F300 Z12.6
G0 F15000 X109.977 Y76.832
;TIME_ELAPSED:796.543191
;LAYER:62
;note -- min layer time used
;TYPE:WALL-INNER
;MESH:nut_holder.stl
G1 F651.7 X116.476 Y76.832 E414.43497
G1 X116.476 Y74.832 E414.50149
G1 X103.476 Y74.832 E414.93388
G1 X103.476 Y76.832 E415.0004
G1 X109.977 Y76.832 E415.21662
G0 F15000 X109.977 Y77.232
G1 F651.7 X116.876 Y77.232 E415.44608
G1 X116.876 Y74.432 E415.53921
G1 X103.076 Y74.432 E415.9982
G1 X103.076 Y77.232 E416.09133
G1 X109.977 Y77.232 E416.32086
G0 F15000 X109.977 Y77.632
;TYPE:WALL-OUTER
G1 F651.7 X117.276 Y77.632 E416.56362
G1 X117.276 Y74.032 E416.68336
G1 X102.676 Y74.032 E417.16896
G1 X102.676 Y77.632 E417.28869
G1 X109.977 Y77.632 E417.53153
G0 F15000 X109.519 Y76.752
;TYPE:FILL
G1 F651.7 X109.659 Y76.591 E417.53862
G1 X109.849 Y76.19 E417.55338
G1 X109.913 Y75.789 E417.56689
G1 X109.888 Y75.388 E417.58025
G1 X109.782 Y74.987 E417.59405
G1 X109.744 Y74.912 E417.59684
G0 F15000 X106.693 Y74.912
G1 F651.7 X106.705 Y74.987 E417.59937
G1 X106.68 Y75.388 E417.61273
G1 X106.574 Y75.789 E417.62653
G1 X106.37 Y76.19 E417.64149
G1 X106.042 Y76.591 E417.65872
G1 X105.875 Y76.752 E417.66644
G0 F15000 X112.291 Y76.752
G1 F651.7 X112.458 Y76.591 E417.67415
G1 X112.786 Y76.19 E417.69138
G1 X112.99 Y75.789 E417.70635
G1 X113.096 Y75.388 E417.72014
G1 X113.121 Y74.987 E417.73351
G1 X113.109 Y74.912 E417.73603
G0 F15000 X116.16 Y74.912
G1 F651.7 X116.198 Y74.987 E417.73883
G1 X116.304 Y75.388 E417.75262
G1 X116.329 Y75.789 E417.76599
G1 X116.265 Y76.19 E417.77949
G1 X116.075 Y76.591 E417.79425
G1 X115.935 Y76.752 E417.80135
G0 F15000 X115.935 Y76.622
;MESH:NONMESH
G0 F300 Z12.8
G0 F15000 X109.977 Y76.832
;TIME_ELAPSED:807.473289
;LAYER:63
;note -- min layer time used
;TYPE:WALL-INNER
;MESH:nut_holder.stl
G1 F651.2 X116.476 Y76.832 E418.01751
G1 X116.476 Y74.832 E418.08403
G1 X103.476 Y74.832 E418.51641
G1 X103.476 Y76.832 E418.58293
G1 X109.977 Y76.832 E418.79915
G0 F15000 X109.977 Y77.232
G1 F651.2 X116.876 Y77.232 E419.02861
G1 X116.876 Y74.432 E419.12174
G1 X103.076 Y74.432 E419.58073
G1 X103.076 Y77.232 E419.67386
G1 X109.977 Y77.232 E419.90339
G0 F15000 X109.977 Y77.632
;TYPE:WALL-OUTER
G1 F651.2 X117.276 Y77.632 E420.14615
G1 X117.276 Y74.032 E420.26589
G1 X102.676 Y74.032 E420.75149
G1 X102.676 Y77.632 E420.87122
G1 X109.977 Y77.632 E421.11406
G0 F15000 X109.977 Y76.922
G0 X109.326 Y76.752
;TYPE:FILL
G1 F651.2 X109.474 Y76.591 E421.12133
G1 X109.72 Y76.19 E421.13698
G1 X109.843 Y75.789 E421.15093
G1 X109.875 Y75.388 E421.16431
G1 X109.825 Y74.987 E421.17775
G1 X109.798 Y74.912 E421.1804
G0 F15000 X106.612 Y74.912
G1 F651.2 X106.635 Y74.987 E421.18301
G1 X106.667 Y75.388 E421.19639
G1 X106.617 Y75.789 E421.20983
G1 X106.475 Y76.19 E421.22398
G1 X106.21 Y76.591 E421.23996
G1 X106.058 Y76.752 E421.24733
G0 F15000 X112.474 Y76.752
G1 F651.2 X112.626 Y76.591 E421.25469
G1 X112.891 Y76.19 E421.27068
G1 X113.033 Y75.789 E421.28483
G1 X113.083 Y75.388 E421.29827
G1 X113.051 Y74.987 E421.31165
G1 X113.028 Y74.912 E421.31426
G0 F15000 X116.214 Y74.912
G1 F651.2 X116.241 Y74.987 E421.31691
G1 X116.291 Y75.388 E421.33035
G1 X116.259 Y75.789 E421.34373
G1 X116.136 Y76.19 E421.35768
G1 X115.89 Y76.591 E421.37333
G1 X115.742 Y76.752 E421.3806
G0 F15000 X115.742 Y76.622
;MESH:NONMESH
G0 F300 Z13
G0 F15000 X109.977 Y76.832
;TIME_ELAPSED:818.439138
;LAYER:64
;note -- min layer time used
;TYPE:WALL-INNER
;MESH:nut_holder.stl
G1 F652.2 X116.476 Y76.832 E421.59676
G1 X116.476 Y74.832 E421.66328
G1 X103.476 Y74.832 E422.09566
G1 X103.476 Y76.832 E422.16218
G1 X109.977 Y76.832 E422.37841
G0 F15000 X109.977 Y77.232
G1 F652.2 X116.876 Y77.232 E422.60787
G1 X116.876 Y74.432 E422.701
G1 X103.076 Y74.432 E423.15999
G1 X103.076 Y77.232 E423.25311
G1 X109.977 Y77.232 E423.48264
G0 F15000 X109.977 Y77.632
;TYPE:WALL-OUTER
G1 F652.2 X117.276 Y77.632 E423.72541
G1 X117.276 Y74.032 E423.84514
G1 X102.676 Y74.032 E424.33074
G1 X102.676 Y77.632 E424.45048
G1 X109.977 Y77.632 E424.69331
G0 F15000 X109.977 Y76.922
G0 X109.143 Y76.752
;TYPE:FILL
G1 F652.2 X109.304 Y76.591 E424.70088
G1 X109.61 Y76.19 E424.71766
G1 X109.794 Y75.789 E424.73233
G1 X109.881 Y75.388 E424.74598
G1 X109.888 Y74.987 E424.75932
G1 X109.872 Y74.912 E424.76187
G0 F15000 X112.968 Y74.912
G1 F652.2 X113.002 Y74.987 E424.76461
G1 X113.089 Y75.388 E424.77826
G1 X113.096 Y75.789 E424.7916
G1 X113.013 Y76.19 E424.80522
G1 X112.805 Y76.591 E424.82024
G1 X112.663 Y76.752 E424.82738
G0 F15000 X115.559 Y76.752
G1 F652.2 X115.72 Y76.591 E424.83496
G1 X116.026 Y76.19 E424.85173
G1 X116.21 Y75.789 E424.86641
G1 X116.297 Y75.388 E424.88006
G1 X116.304 Y74.987 E424.89339
G1 X116.288 Y74.912 E424.89595
G0 F15000 X106.552 Y74.912
G1 F652.2 X106.586 Y74.987 E424.89868
G1 X106.673 Y75.388 E424.91233
G1 X106.68 Y75.789 E424.92567
G1 X106.597 Y76.19 E424.93929
G1 X106.389 Y76.591 E424.95432
G1 X106.247 Y76.752 E424.96146
G0 F15000 X106.247 Y76.622
;MESH:NONMESH
G0 F300 Z13.2
G0 F15000 X109.977 Y76.832
;TIME_ELAPSED:829.403876
;LAYER:65
;note -- min layer time used
;TYPE:WALL-INNER
;MESH:nut_holder.stl
G1 F654 X116.476 Y76.832 E425.17761
G1 X116.476 Y74.832 E425.24413
G1 X103.476 Y74.832 E425.67652
G1 X103.476 Y76.832 E425.74304
G1 X109.977 Y76.832 E425.95926
G0 F15000 X109.977 Y77.232
G1 F654 X116.876 Y77.232 E426.18872
G1 X116.876 Y74.432 E426.28185
G1 X103.076 Y74.432 E426.74084
G1 X103.076 Y77.232 E426.83397
G1 X109.977 Y77.232 E427.0635
G0 F15000 X109.977 Y77.632
;TYPE:WALL-OUTER
G1 F654 X117.276 Y77.632 E427.30626
G1 X117.276 Y74.032 E427.426
G1 X102.676 Y74.032 E427.9116
G1 X102.676 Y77.632 E428.03133
G1 X109.977 Y77.632 E428.27417
G0 F15000 X109.977 Y76.922
G0 X108.951 Y76.752
;TYPE:FILL
G1 F654 X109.134 Y76.591 E428.28227
G1 X109.515 Y76.19 E428.30067
G1 X109.763 Y75.789 E428.31635
G1 X109.908 Y75.388 E428.33053
G1 X109.973 Y74.987 E428.34405
G1 X109.969 Y74.912 E428.34654
G0 F15000 X112.925 Y74.912
G1 F654 X112.971 Y74.987 E428.34947
G1 X113.116 Y75.388 E428.36365
G1 X113.181 Y75.789 E428.37716
G1 X113.16 Y76.19 E428.39052
G1 X113.012 Y76.591 E428.40474
G1 X112.877 Y76.752 E428.41172
G0 F15000 X115.367 Y76.752
G1 F654 X115.55 Y76.591 E428.41983
G1 X115.931 Y76.19 E428.43823
G1 X116.179 Y75.789 E428.45391
G1 X116.324 Y75.388 E428.46809
G1 X116.389 Y74.987 E428.4816
G1 X116.385 Y74.912 E428.4841
G0 F15000 X106.509 Y74.912
G1 F654 X106.555 Y74.987 E428.48703
G1 X106.7 Y75.388 E428.50121
G1 X106.765 Y75.789 E428.51472
G1 X106.744 Y76.19 E428.52808
G1 X106.596 Y76.591 E428.54229
G1 X106.461 Y76.752 E428.54928
G0 F15000 X103.556 Y74.993
G1 F654 X103.556 Y74.968 E428.55011
G0 F15000 X103.686 Y75.042
;MESH:NONMESH
G0 F300 Z13.4
G0 F15000 X109.977 Y76.832
;TIME_ELAPSED:840.574180
;LAYER:66
;note -- min layer time used
;TYPE:WALL-INNER
;MESH:nut_holder.stl
G1 F657 X116.476 Y76.832 E428.76627
G1 X116.476 Y74.832 E428.83279
G1 X103.476 Y74.832 E429.26517
G1 X103.476 Y76.832 E429.33169
G1 X109.977 Y76.832 E429.54792
G0 F15000 X109.977 Y77.232
G1 F657 X116.876 Y77.232 E429.77738
G1 X116.876 Y74.432 E429.87051
G1 X103.076 Y74.432 E430.3295
G1 X103.076 Y77.232 E430.42263
G1 X109.977 Y77.232 E430.65216
G0 F15000 X109.977 Y77.632
;TYPE:WALL-OUTER
G1 F657 X117.276 Y77.632 E430.89492
G1 X117.276 Y74.032 E431.01466
G1 X102.676 Y74.032 E431.50026
G1 X102.676 Y77.632 E431.61999
G1 X109.977 Y77.632 E431.86282
G0 F15000 X109.977 Y76.922
G0 X108.719 Y76.752
;TYPE:FILL
G1 F657 X108.942 Y76.591 E431.87197
G1 X109.43 Y76.19 E431.89298
G1 X109.752 Y75.789 E431.91008
G1 X109.958 Y75.388 E431.92508
G1 X110.083 Y74.987 E431.93905
G1 X110.092 Y74.912 E431.94156
G0 F15000 X112.9 Y74.912
G1 F657 X112.96 Y74.987 E431.94476
G1 X113.166 Y75.388 E431.95975
G1 X113.291 Y75.789 E431.97372
G1 X113.341 Y76.19 E431.98716
G1 X113.276 Y76.591 E432.00067
G1 X113.152 Y76.752 E432.00743
G0 F15000 X115.135 Y76.752
G1 F657 X115.358 Y76.591 E432.01658
G1 X115.846 Y76.19 E432.03759
G1 X116.168 Y75.789 E432.05469
G1 X116.374 Y75.388 E432.06969
G1 X116.396 Y75.317 E432.07216
G0 F15000 X106.736 Y76.752
G1 F657 X106.86 Y76.591 E432.07892
G1 X106.925 Y76.19 E432.09243
G1 X106.875 Y75.789 E432.10587
G1 X106.75 Y75.388 E432.11984
G1 X106.544 Y74.987 E432.13483
G1 X106.484 Y74.912 E432.13803
G0 F15000 X103.676 Y74.912
G1 F657 X103.667 Y74.987 E432.14054
G1 X103.556 Y75.343 E432.15294
G0 F15000 X103.686 Y75.343
;MESH:NONMESH
G0 F300 Z13.6
G0 F15000 X109.977 Y76.832
;TIME_ELAPSED:851.711087
;LAYER:67
;note -- min layer time used
;TYPE:WALL-INNER
;MESH:nut_holder.stl
G1 F661.8 X116.476 Y76.832 E432.3691
G1 X116.476 Y74.832 E432.43562
G1 X103.476 Y74.832 E432.868
G1 X103.476 Y76.832 E432.93452
G1 X109.977 Y76.832 E433.15075
G0 F15000 X109.977 Y77.232
G1 F661.8 X116.876 Y77.232 E433.38021
G1 X116.876 Y74.432 E433.47334
G1 X103.076 Y74.432 E433.93233
G1 X103.076 Y77.232 E434.02546
G1 X109.977 Y77.232 E434.25499
G0 F15000 X109.977 Y77.632
;TYPE:WALL-OUTER
G1 F661.8 X117.276 Y77.632 E434.49775
G1 X117.276 Y74.032 E434.61749
G1 X102.676 Y74.032 E435.10309
G1 X102.676 Y77.632 E435.22282
G1 X109.977 Y77.632 E435.46565
G0 F15000 X109.977 Y76.922
G0 X108.339 Y76.752
;TYPE:FILL
G1 F661.8 X108.675 Y76.591 E435.47805
G1 X109.352 Y76.19 E435.50422
G1 X109.765 Y75.789 E435.52336
G1 X110.032 Y75.388 E435.53939
G1 X110.222 Y74.987 E435.55415
G1 X110.249 Y74.912 E435.5568
G0 F15000 X112.896 Y74.912
G1 F661.8 X112.973 Y74.987 E435.56037
G1 X113.24 Y75.388 E435.57639
G1 X113.43 Y75.789 E435.59115
G1 X113.572 Y76.19 E435.6053
G1 X113.664 Y76.591 E435.61899
G1 X113.605 Y76.752 E435.62469
G0 F15000 X114.755 Y76.752
G1 F661.8 X115.091 Y76.591 E435.63708
G1 X115.768 Y76.19 E435.66325
G1 X116.181 Y75.789 E435.6824
G1 X116.396 Y75.466 E435.6953
G0 F15000 X107.189 Y76.752
G1 F661.8 X107.248 Y76.591 E435.70101
G1 X107.156 Y76.19 E435.71469
G1 X107.014 Y75.789 E435.72884
G1 X106.824 Y75.388 E435.7436
G1 X106.557 Y74.987 E435.75962
G1 X106.48 Y74.912 E435.7632
G0 F15000 X103.833 Y74.912
G1 F661.8 X103.806 Y74.987 E435.76585
G1 X103.616 Y75.388 E435.78061
G1 X103.556 Y75.478 E435.7842
G0 F15000 X103.686 Y75.478
;MESH:NONMESH
G0 F300 Z13.8
G0 F15000 X109.977 Y76.832
;TIME_ELAPSED:862.823977
;LAYER:68
;note -- min layer time used
;TYPE:WALL-INNER
;MESH:nut_holder.stl
G1 F667.6 X116.476 Y76.832 E436.00036
G1 X116.476 Y74.832 E436.06688
G1 X103.476 Y74.832 E436.49926
G1 X103.476 Y76.832 E436.56578
G1 X109.977 Y76.832 E436.78201
G0 F15000 X109.977 Y77.232
G1 F667.6 X116.876 Y77.232 E437.01147
G1 X116.876 Y74.432 E437.1046
G1 X103.076 Y74.432 E437.56359
G1 X103.076 Y77.232 E437.65672
G1 X109.977 Y77.232 E437.88624
G0 F15000 X109.977 Y77.632
;TYPE:WALL-OUTER
G1 F667.6 X117.276 Y77.632 E438.12901
G1 X117.276 Y74.032 E438.24875
G1 X102.676 Y74.032 E438.73434
G1 X102.676 Y77.632 E438.85408
G1 X109.977 Y77.632 E439.09691
G0 F15000 X109.977 Y76.922
G0 X110.451 Y74.912
;TYPE:FILL
G1 F667.6 X110.275 Y75.18 E439.10758
G1 X109.874 Y75.718 E439.1299
G1 X109.473 Y76.069 E439.14762
G1 X109.072 Y76.295 E439.16293
G1 X108.671 Y76.441 E439.17712
G1 X108.27 Y76.52 E439.19072
G1 X107.869 Y76.495 E439.20408
G1 X107.468 Y76.206 E439.22052
G1 X107.067 Y75.595 E439.24483
G1 X106.666 Y75.057 E439.26715
G1 X106.5 Y74.912 E439.27448
G0 F15000 X104.035 Y74.912
G1 F667.6 X103.859 Y75.18 E439.28514
G1 X103.556 Y75.587 E439.30202
G0 F15000 X112.916 Y74.912
G1 F667.6 X113.082 Y75.057 E439.30935
G1 X113.483 Y75.595 E439.33167
G1 X113.884 Y76.206 E439.35597
G1 X114.285 Y76.495 E439.37241
G1 X114.686 Y76.52 E439.38578
G1 X115.087 Y76.441 E439.39937
G1 X115.488 Y76.295 E439.41356
G1 X115.889 Y76.069 E439.42887
G1 X116.29 Y75.718 E439.4466
G1 X116.396 Y75.576 E439.45249
G0 F15000 X116.266 Y75.576
;MESH:NONMESH
G0 F300 Z14
G0 F15000 X109.977 Y76.832
;TIME_ELAPSED:873.703350
;LAYER:69
;note -- min layer time used
;TYPE:WALL-INNER
;MESH:nut_holder.stl
G1 F750.9 X116.476 Y76.832 E439.66865
G1 X116.476 Y74.832 E439.73517
G1 X103.476 Y74.832 E440.16755
G1 X103.476 Y76.832 E440.23407
G1 X109.977 Y76.832 E440.4503
G0 F15000 X109.977 Y77.232
G1 F750.9 X116.876 Y77.232 E440.67976
G1 X116.876 Y74.432 E440.77289
G1 X103.076 Y74.432 E441.23188
G1 X103.076 Y77.232 E441.325
G1 X109.977 Y77.232 E441.55453
G0 F15000 X109.977 Y77.632
;TYPE:WALL-OUTER
G1 F750.9 X117.276 Y77.632 E441.7973
G1 X117.276 Y74.032 E441.91704
G1 X102.676 Y74.032 E442.40263
G1 X102.676 Y77.632 E442.52237
G1 X109.977 Y77.632 E442.7652
G0 F15000 X109.977 Y76.922
G0 X108.637 Y76.322
;TYPE:FILL
G1 F750.9 X108.27 Y76.324 E442.77741
G1 X107.869 Y76.2 E442.79137
G1 X107.468 Y75.87 E442.80864
G1 X107.067 Y75.387 E442.82952
G1 X106.666 Y74.975 E442.84864
G1 X106.573 Y74.912 E442.85238
G0 F15000 X104.254 Y74.912
G1 F750.9 X103.859 Y75.388 E442.87295
G1 X103.556 Y75.699 E442.88739
G0 F15000 X112.989 Y74.912
G1 F750.9 X113.082 Y74.975 E442.89113
G1 X113.483 Y75.387 E442.91025
G1 X113.884 Y75.87 E442.93113
G1 X114.285 Y76.2 E442.94841
G1 X114.686 Y76.324 E442.96237
G1 X115.087 Y76.322 E442.9757
G1 X115.488 Y76.237 E442.98934
G1 X115.889 Y76.072 E443.00376
G1 X116.29 Y75.8 E443.01988
G1 X116.396 Y75.691 E443.02493
G0 F15000 X112.668 Y76.551
G1 F750.9 X111.229 Y75.112 E443.06554
G0 F15000 X110.664 Y75.112
G1 F750.9 X112.103 Y76.551 E443.10616
G0 F15000 X111.537 Y76.551
G1 F750.9 X110.098 Y75.112 E443.14677
G0 F15000 X109.532 Y75.112
G1 F750.9 X110.973 Y76.552 E443.18742
G0 F15000 X110.407 Y76.552
G1 F750.9 X108.967 Y75.112 E443.22806
G0 F15000 X108.401 Y75.112
G1 F750.9 X109.841 Y76.552 E443.2687
G0 F15000 X109.276 Y76.552
G1 F750.9 X107.835 Y75.112 E443.30936
G0 F15000 X107.27 Y75.112
G1 F750.9 X108.71 Y76.552 E443.34999
;MESH:NONMESH
G0 F300 Z14.2
G0 F15000 X109.977 Y76.832
;TIME_ELAPSED:885.070989
;LAYER:70
;note -- min layer time used
;TYPE:WALL-INNER
;MESH:nut_holder.stl
G1 F722 X116.476 Y76.832 E443.56615
G1 X116.476 Y74.832 E443.63267
G1 X103.476 Y74.832 E444.06505
G1 X103.476 Y76.832 E444.13157
G1 X109.977 Y76.832 E444.3478
G0 F15000 X109.977 Y77.232
G1 F722 X116.876 Y77.232 E444.57726
G1 X116.876 Y74.432 E444.67039
G1 X103.076 Y74.432 E445.12938
G1 X103.076 Y77.232 E445.22251
G1 X109.977 Y77.232 E445.45204
G0 F15000 X109.977 Y77.632
;TYPE:WALL-OUTER
G1 F722 X117.276 Y77.632 E445.6948
G1 X117.276 Y74.032 E445.81454
G1 X102.676 Y74.032 E446.30014
G1 X102.676 Y77.632 E446.41987
G1 X109.977 Y77.632 E446.6627
G0 F15000 X109.977 Y76.922
G0 X108.321 Y76.915
G0 X108.502 Y76.227
G0 X108.722 Y76.227
;TYPE:FILL
G1 F722 X108.671 Y76.23 E446.6644
G1 X108.27 Y76.167 E446.6779
G1 X107.869 Y75.978 E446.69265
G1 X107.468 Y75.63 E446.71031
G1 X107.067 Y75.213 E446.72955
G1 X106.7 Y74.912 E446.74534
G0 F15000 X104.528 Y74.912
G1 F722 X104.26 Y75.145 E446.75715
G1 X103.859 Y75.562 E446.77639
G1 X103.556 Y75.811 E446.78943
G0 F15000 X108.573 Y75.004
G0 X113.116 Y74.912
G1 F722 X113.483 Y75.213 E446.80522
G1 X113.884 Y75.63 E446.82446
G1 X114.285 Y75.978 E446.84212
G1 X114.686 Y76.167 E446.85687
G1 X115.087 Y76.23 E446.87037
G1 X115.488 Y76.203 E446.88374
G1 X115.889 Y76.096 E446.89754
G1 X116.29 Y75.891 E446.91252
G1 X116.396 Y75.804 E446.91708
G0 F15000 X111.378 Y76.66
G0 X109.977 Y76.732
G0 X109.977 Y76.472
;TYPE:SKIN
G1 F722 X108.76 Y76.472 E446.95756
G1 X108.76 Y75.192 E447.00013
G1 X111.188 Y75.192 E447.08089
G1 X111.188 Y76.472 E447.12346
G1 X109.977 Y76.472 E447.16374
G0 F15000 X109.082 Y76.272
G1 F722 X108.96 Y76.15 E447.16948
G0 F15000 X108.96 Y75.585
G1 F722 X109.648 Y76.272 E447.20181
G0 F15000 X110.213 Y76.272
G1 F722 X109.334 Y75.392 E447.24318
G0 F15000 X109.899 Y75.392
G1 F722 X110.779 Y76.272 E447.28457
G0 F15000 X110.988 Y75.916
G1 F722 X110.465 Y75.392 E447.3092
;MESH:NONMESH
G0 F300 Z14.4
G0 F15000 X110.465 Y74.932
G0 X111.376 Y75.004
G0 X111.378 Y76.66
G0 X109.977 Y76.832
;TIME_ELAPSED:896.678531
;LAYER:71
;note -- min layer time used
;TYPE:WALL-INNER
;MESH:nut_holder.stl
G1 F738.5 X116.476 Y76.832 E447.52536
G1 X116.476 Y74.832 E447.59188
G1 X103.476 Y74.832 E448.02426
G1 X103.476 Y76.832 E448.09078
G1 X109.977 Y76.832 E448.307
G0 F15000 X109.977 Y77.232
G1 F738.5 X116.876 Y77.232 E448.53646
G1 X116.876 Y74.432 E448.62959
G1 X103.076 Y74.432 E449.08858
G1 X103.076 Y77.232 E449.18171
G1 X109.977 Y77.232 E449.41124
G0 F15000 X109.977 Y77.632
;TYPE:WALL-OUTER
G1 F738.5 X117.276 Y77.632 E449.654
G1 X117.276 Y74.032 E449.77374
G1 X102.676 Y74.032 E450.25934
G1 X102.676 Y77.632 E450.37908
G1 X109.977 Y77.632 E450.62191
G0 F15000 X109.977 Y76.922
G0 X107.975 Y76.915
G0 X108.156 Y76.07
G0 X108.376 Y76.07
;TYPE:FILL
G1 F738.5 X108.27 Y76.037 E450.6256
G1 X107.869 Y75.792 E450.64123
G1 X107.067 Y75.045 E450.67768
G1 X106.866 Y74.912 E450.6857
G0 F15000 X104.777 Y74.912
G1 F738.5 X104.661 Y74.983 E450.69022
G1 X103.859 Y75.73 E450.72668
G1 X103.556 Y75.93 E450.73875
G0 F15000 X108.227 Y75.004
G0 X113.282 Y74.912
G1 F738.5 X113.483 Y75.045 E450.74677
G1 X114.285 Y75.792 E450.78322
G1 X114.686 Y76.037 E450.79885
G1 X115.087 Y76.16 E450.8128
G1 X115.488 Y76.19 E450.82618
G1 X115.889 Y76.139 E450.83962
G1 X116.29 Y75.995 E450.85379
G1 X116.396 Y75.925 E450.85802
G0 F15000 X111.724 Y76.66
G0 X109.977 Y76.732
G0 X109.977 Y76.472
;TYPE:SKIN
G1 F738.5 X108.416 Y76.472 E450.90994
G1 X108.413 Y75.192 E450.95251
G1 X111.532 Y75.192 E451.05625
G1 X111.535 Y76.472 E451.09882
G1 X109.977 Y76.472 E451.15064
G0 F15000 X109.977 Y76.732
G0 X111.724 Y76.66
G0 X111.796 Y75.909
G0 X111.333 Y75.909
G1 F738.5 X110.97 Y76.272 E451.16771
G0 F15000 X110.404 Y76.272
G1 F738.5 X111.284 Y75.392 E451.20911
G0 F15000 X110.719 Y75.392
G1 F738.5 X109.838 Y76.272 E451.25052
G0 F15000 X109.273 Y76.272
G1 F738.5 X110.153 Y75.392 E451.29191
G0 F15000 X109.587 Y75.392
G1 F738.5 X108.707 Y76.272 E451.33331
G0 F15000 X108.615 Y75.798
G1 F738.5 X109.022 Y75.392 E451.35243
;MESH:NONMESH
G0 F300 Z14.6
G0 F15000 X109.022 Y74.932
G0 X108.227 Y75.004
G0 X108.229 Y76.66
G0 X109.977 Y76.832
;TIME_ELAPSED:908.528970
;LAYER:72
;note -- min layer time used
;TYPE:WALL-INNER
;MESH:nut_holder.stl
G1 F752 X116.476 Y76.832 E451.56859
G1 X116.476 Y74.832 E451.63511
G1 X103.476 Y74.832 E452.06749
G1 X103.476 Y76.832 E452.13401
G1 X109.977 Y76.832 E452.35023
G0 F15000 X109.977 Y77.232
G1 F752 X116.876 Y77.232 E452.57969
G1 X116.876 Y74.432 E452.67282
G1 X103.076 Y74.432 E453.13181
G1 X103.076 Y77.232 E453.22494
G1 X109.977 Y77.232 E453.45447
G0 F15000 X109.977 Y77.632
;TYPE:WALL-OUTER
G1 F752 X117.276 Y77.632 E453.69723
G1 X117.276 Y74.032 E453.81697
G1 X102.676 Y74.032 E454.30257
G1 X102.676 Y77.632 E454.4223
G1 X109.977 Y77.632 E454.66514
G0 F15000 X109.977 Y76.922
G0 X107.628 Y76.915
G0 X107.808 Y75.744
G0 X108.029 Y75.744
;TYPE:FILL
G1 F752 X107.869 Y75.622 E454.67183
G1 X107.468 Y75.221 E454.69069
G1 X107.118 Y74.912 E454.70622
G0 F15000 X104.978 Y74.912
G1 F752 X104.661 Y75.153 E454.71946
G1 X104.26 Y75.554 E454.73833
G1 X103.859 Y75.908 E454.75612
G1 X103.556 Y76.066 E454.76748
G0 F15000 X107.88 Y75.004
G0 X113.534 Y74.912
G1 F752 X113.884 Y75.221 E454.78301
G1 X114.285 Y75.622 E454.80187
G1 X114.686 Y75.927 E454.81863
G1 X115.087 Y76.109 E454.83328
G1 X115.488 Y76.196 E454.84692
G1 X115.889 Y76.202 E454.86026
G1 X116.29 Y76.117 E454.8739
G1 X116.396 Y76.062 E454.87787
G0 F15000 X112.071 Y76.66
G0 X109.977 Y76.732
G0 X109.977 Y76.472
;TYPE:SKIN
G1 F752 X108.068 Y76.472 E454.94136
G1 X108.068 Y75.192 E454.98393
G1 X111.88 Y75.192 E455.11072
G1 X111.88 Y76.472 E455.1533
G1 X109.977 Y76.472 E455.21659
G0 F15000 X109.977 Y76.732
G0 X108.515 Y76.732
G0 X108.515 Y76.271
G1 F752 X108.268 Y76.024 E455.22821
G0 F15000 X108.268 Y75.458
G1 F752 X109.081 Y76.271 E455.26645
G0 F15000 X109.647 Y76.271
G1 F752 X108.768 Y75.392 E455.30779
G0 F15000 X109.334 Y75.392
G1 F752 X110.212 Y76.271 E455.34912
G0 F15000 X110.778 Y76.271
G1 F752 X109.899 Y75.392 E455.39046
G0 F15000 X110.465 Y75.392
G1 F752 X111.344 Y76.271 E455.43181
G0 F15000 X111.68 Y76.042
G1 F752 X111.031 Y75.392 E455.46236
G0 F15000 X111.596 Y75.392
G1 F752 X111.68 Y75.476 E455.46631
G0 F15000 X112.442 Y75.476
;MESH:NONMESH
G0 F300 Z14.8
G0 F15000 X112.071 Y76.66
G0 X109.977 Y76.832
;TIME_ELAPSED:920.425541
;LAYER:73
;note -- min layer time used
;TYPE:WALL-INNER
;MESH:nut_holder.stl
G1 F765.3 X116.476 Y76.832 E455.68247
G1 X116.476 Y74.832 E455.74899
G1 X103.476 Y74.832 E456.18137
G1 X103.476 Y76.832 E456.24789
G1 X109.977 Y76.832 E456.46411
G0 F15000 X109.977 Y77.232
G1 F765.3 X116.876 Y77.232 E456.69357
G1 X116.876 Y74.432 E456.7867
G1 X103.076 Y74.432 E457.24569
G1 X103.076 Y77.232 E457.33882
G1 X109.977 Y77.232 E457.56835
G0 F15000 X109.977 Y77.632
;TYPE:WALL-OUTER
G1 F765.3 X117.276 Y77.632 E457.81111
G1 X117.276 Y74.032 E457.93085
G1 X102.676 Y74.032 E458.41645
G1 X102.676 Y77.632 E458.53619
G1 X109.977 Y77.632 E458.77902
G0 F15000 X109.977 Y76.922
G0 X107.282 Y76.915
G0 X107.462 Y75.241
G0 X107.682 Y75.241
;TYPE:FILL
G1 F765.3 X107.468 Y74.998 E458.78979
G1 X107.366 Y74.912 E458.79423
G0 F15000 X105.114 Y74.912
G1 F765.3 X105.062 Y74.944 E458.79626
G1 X104.661 Y75.323 E458.81461
G1 X104.26 Y75.777 E458.83475
G1 X103.859 Y76.114 E458.85218
G1 X103.556 Y76.227 E458.86293
G0 F15000 X107.534 Y75.004
G0 X113.782 Y74.912
G1 F765.3 X113.884 Y74.998 E458.86737
G1 X114.285 Y75.452 E458.88752
G1 X114.686 Y75.831 E458.90587
G1 X115.087 Y76.078 E458.92153
G1 X115.488 Y76.223 E458.93572
G1 X115.889 Y76.286 E458.94922
G1 X116.29 Y76.264 E458.96257
G1 X116.396 Y76.224 E458.96634
G0 F15000 X112.815 Y76.616
G0 X109.977 Y76.732
G0 X109.977 Y76.472
;TYPE:SKIN
G1 F765.3 X107.724 Y76.472 E459.04128
G1 X107.721 Y75.192 E459.08385
G1 X112.224 Y75.192 E459.23362
G1 X112.227 Y76.472 E459.27619
G1 X109.977 Y76.472 E459.35103
G0 F15000 X109.977 Y76.732
G0 X112.417 Y76.66
G0 X112.488 Y75.783
G0 X112.025 Y75.783
G1 F765.3 X111.535 Y76.272 E459.37405
G0 F15000 X110.97 Y76.272
G1 F765.3 X111.85 Y75.392 E459.41545
G0 F15000 X111.284 Y75.392
G1 F765.3 X110.404 Y76.272 E459.45684
G0 F15000 X109.838 Y76.272
G1 F765.3 X110.719 Y75.392 E459.49825
G0 F15000 X110.153 Y75.392
G1 F765.3 X109.273 Y76.272 E459.53965
G0 F15000 X108.707 Y76.272
G1 F765.3 X109.587 Y75.392 E459.58104
G0 F15000 X109.022 Y75.392
G1 F765.3 X108.141 Y76.272 E459.62246
G0 F15000 X107.923 Y75.925
G1 F765.3 X108.456 Y75.392 E459.64753
;MESH:NONMESH
G0 F300 Z15
G0 F15000 X108.456 Y74.932
G0 X107.534 Y75.004
G0 X107.536 Y76.66
G0 X109.977 Y76.832
;TIME_ELAPSED:932.534390
;LAYER:74
;note -- min layer time used
;TYPE:WALL-INNER
;MESH:nut_holder.stl
G1 F781.9 X116.476 Y76.832 E459.86368
G1 X116.476 Y74.832 E459.9302
G1 X103.476 Y74.832 E460.36259
G1 X103.476 Y76.832 E460.42911
G1 X109.977 Y76.832 E460.64533
G0 F15000 X109.977 Y77.232
G1 F781.9 X116.876 Y77.232 E460.87479
G1 X116.876 Y74.432 E460.96792
G1 X103.076 Y74.432 E461.42691
G1 X103.076 Y77.232 E461.52004
G1 X109.977 Y77.232 E461.74957
G0 F15000 X109.977 Y77.632
;TYPE:WALL-OUTER
G1 F781.9 X117.276 Y77.632 E461.99233
G1 X117.276 Y74.032 E462.11207
G1 X102.676 Y74.032 E462.59767
G1 X102.676 Y77.632 E462.7174
G1 X109.977 Y77.632 E462.96024
G0 F15000 X109.977 Y76.922
G0 X113.019 Y76.914
G0 X114.031 Y74.912
;TYPE:FILL
G1 F781.9 X114.285 Y75.261 E462.97459
G1 X114.686 Y75.746 E462.99552
G1 X115.087 Y76.067 E463.01261
G1 X115.488 Y76.271 E463.02757
G1 X115.889 Y76.395 E463.04153
G1 X116.29 Y76.444 E463.05497
G1 X116.396 Y76.426 E463.05854
G0 F15000 X112.762 Y75.004
G0 X105.208 Y74.912
G1 F781.9 X105.062 Y75.029 E463.06477
G1 X104.661 Y75.514 E463.0857
G1 X104.26 Y76.066 E463.10839
G1 X103.859 Y76.377 E463.12527
G1 X103.556 Y76.428 E463.13549
G0 F15000 X106.499 Y76.616
G0 X109.977 Y76.732
G0 X109.977 Y76.472
;TYPE:SKIN
G1 F781.9 X107.376 Y76.472 E463.222
G1 X107.373 Y75.192 E463.26457
G1 X112.572 Y75.192 E463.43749
G1 X112.575 Y76.472 E463.48006
G1 X109.977 Y76.472 E463.56647
G0 F15000 X109.977 Y76.732
G0 X107.95 Y76.732
G0 X107.95 Y76.272
G1 F781.9 X107.574 Y75.896 E463.58416
G0 F15000 X107.637 Y75.392
G1 F781.9 X108.516 Y76.272 E463.62553
G0 F15000 X109.082 Y76.272
G1 F781.9 X108.202 Y75.392 E463.66692
G0 F15000 X108.768 Y75.392
G1 F781.9 X109.648 Y76.272 E463.70831
G0 F15000 X110.213 Y76.272
G1 F781.9 X109.334 Y75.392 E463.74968
G0 F15000 X109.899 Y75.392
G1 F781.9 X110.779 Y76.272 E463.79107
G0 F15000 X111.345 Y76.272
G1 F781.9 X110.465 Y75.392 E463.83247
G0 F15000 X111.031 Y75.392
G1 F781.9 X111.91 Y76.272 E463.87384
G0 F15000 X112.376 Y76.172
G1 F781.9 X111.596 Y75.392 E463.91053
G0 F15000 X112.162 Y75.392
G1 F781.9 X112.373 Y75.604 E463.92047
G0 F15000 X113.135 Y75.604
;MESH:NONMESH
G0 F300 Z15.2
G0 F15000 X112.764 Y76.66
G0 X109.977 Y76.832
;TIME_ELAPSED:944.549604
;LAYER:75
;note -- min layer time used
;TYPE:WALL-INNER
;MESH:nut_holder.stl
G1 F803.1 X116.476 Y76.832 E464.13663
G1 X116.476 Y74.832 E464.20315
G1 X103.476 Y74.832 E464.63553
G1 X103.476 Y76.832 E464.70205
G1 X109.977 Y76.832 E464.91828
G0 F15000 X109.977 Y77.232
G1 F803.1 X116.876 Y77.232 E465.14774
G1 X116.876 Y74.432 E465.24087
G1 X103.076 Y74.432 E465.69986
G1 X103.076 Y77.232 E465.79299
G1 X109.977 Y77.232 E466.02251
G0 F15000 X109.977 Y77.632
;TYPE:WALL-OUTER
G1 F803.1 X117.276 Y77.632 E466.26528
G1 X117.276 Y74.032 E466.38502
G1 X102.676 Y74.032 E466.87061
G1 X102.676 Y77.632 E466.99035
G1 X109.977 Y77.632 E467.23318
G0 F15000 X109.977 Y76.922
G0 X113.365 Y76.914
G0 X114.244 Y74.912
;TYPE:FILL
G1 F803.1 X114.285 Y74.997 E467.23632
G1 X114.686 Y75.669 E467.26235
G1 X115.087 Y76.079 E467.28142
G1 X115.488 Y76.346 E467.29745
G1 X115.889 Y76.534 E467.31218
G1 X116.29 Y76.674 E467.3263
G1 X116.396 Y76.697 E467.32991
G0 F15000 X113.108 Y75.004
G0 X105.252 Y74.912
G1 F803.1 X105.062 Y75.106 E467.33894
G1 X104.661 Y75.778 E467.36497
G1 X104.26 Y76.602 E467.39545
G1 X103.882 Y76.752 E467.40898
G1 X103.556 Y76.695 E467.41998
G1 X103.818 Y76.752 E467.4289
G0 F15000 X109.977 Y76.732
G0 X109.977 Y76.472
;TYPE:SKIN
G1 F803.1 X107.028 Y76.472 E467.52699
G1 X107.028 Y75.192 E467.56956
G1 X112.92 Y75.192 E467.76553
G1 X112.92 Y76.472 E467.8081
G1 X109.977 Y76.472 E467.90599
G0 F15000 X109.977 Y76.732
G0 X113.11 Y76.66
G0 X113.181 Y75.653
G0 X112.72 Y75.653
G1 F803.1 X112.101 Y76.272 E467.9351
G0 F15000 X111.535 Y76.272
G1 F803.1 X112.416 Y75.392 E467.97652
G0 F15000 X111.85 Y75.392
G1 F803.1 X110.97 Y76.272 E468.01791
G0 F15000 X110.404 Y76.272
G1 F803.1 X111.284 Y75.392 E468.0593
G0 F15000 X110.719 Y75.392
G1 F803.1 X109.838 Y76.272 E468.10072
G0 F15000 X109.273 Y76.272
G1 F803.1 X110.153 Y75.392 E468.14211
G0 F15000 X109.587 Y75.392
G1 F803.1 X108.707 Y76.272 E468.1835
G0 F15000 X108.141 Y76.272
G1 F803.1 X109.022 Y75.392 E468.22492
G0 F15000 X108.456 Y75.392
G1 F803.1 X107.576 Y76.272 E468.26631
G0 F15000 X107.228 Y76.054
G1 F803.1 X107.89 Y75.392 E468.29745
G0 F15000 X107.325 Y75.392
G1 F803.1 X107.228 Y75.489 E468.30201
G0 F15000 X106.469 Y75.489
;MESH:NONMESH
G0 F300 Z15.4
G0 F15000 X106.843 Y76.66
G0 X108.8 Y76.832
;TIME_ELAPSED:956.729640
;LAYER:76
;note -- min layer time used
;TYPE:WALL-INNER
;MESH:nut_holder.stl
G1 F793.7 X108.8 Y74.832 E468.36853
G1 X103.476 Y74.832 E468.54561
G1 X103.476 Y76.832 E468.61213
G1 X108.8 Y76.832 E468.78921
G0 F15000 X109.2 Y77.232
G1 F793.7 X109.2 Y74.432 E468.88234
G1 X103.076 Y74.432 E469.08602
G1 X103.076 Y77.232 E469.17915
G1 X109.2 Y77.232 E469.38283
G0 F15000 X109.6 Y77.632
;TYPE:WALL-OUTER
G1 F793.7 X109.6 Y74.032 E469.50257
G1 X102.676 Y74.032 E469.73286
G1 X102.676 Y77.632 E469.8526
G1 X109.6 Y77.632 E470.08289
G1 F2400 E469.28289
G0 F15000 X109.323 Y77.352
G0 X104.866 Y76.752
;TYPE:FILL
G1 F2400 E470.08289
G1 F793.7 X104.75 Y76.591 E470.08949
G1 X104.727 Y76.19 E470.10285
G1 X104.808 Y75.789 E470.11646
G1 X104.956 Y75.388 E470.13068
G1 X105.183 Y74.987 E470.146
G1 X105.249 Y74.912 E470.14933
G0 F15000 X106.497 Y76.66
G0 X108.628 Y76.66
G0 X108.44 Y76.472
;TYPE:SKIN
G1 F793.7 X106.684 Y76.472 E470.20773
G1 X106.681 Y75.192 E470.2503
G1 X108.44 Y75.192 E470.30881
G1 X108.44 Y76.472 E470.35138
G0 F15000 X108.7 Y76.472
G0 X108.628 Y75.004
G0 X107.636 Y74.932
G0 X107.636 Y75.392
G1 F793.7 X108.24 Y75.996 E470.37979
G0 F15000 X107.95 Y76.272
G1 F793.7 X107.07 Y75.392 E470.42118
G0 F15000 X106.882 Y75.769
G1 F793.7 X107.385 Y76.272 E470.44484
G1 F2400 E469.64484
G0 F15000 X107.385 Y76.732
G0 X109.392 Y76.832
G0 X110.56 Y76.832
G0 X111.148 Y76.832
;TYPE:WALL-INNER
G1 F2400 E470.44484
G1 F793.7 X116.476 Y76.832 E470.62205
G1 X116.476 Y74.832 E470.68857
G1 X111.148 Y74.832 E470.86578
G1 X111.148 Y76.832 E470.9323
G0 F15000 X110.748 Y77.232
G1 F793.7 X116.876 Y77.232 E471.13612
G1 X116.876 Y74.432 E471.22925
G1 X110.748 Y74.432 E471.43307
G1 X110.748 Y77.232 E471.5262
G0 F15000 X110.348 Y77.632
;TYPE:WALL-OUTER
G1 F793.7 X117.276 Y77.632 E471.75662
G1 X117.276 Y74.032 E471.87636
G1 X110.348 Y74.032 E472.10679
G1 X110.348 Y77.632 E472.22652
G1 F2400 E471.42652
G0 F15000 X110.63 Y77.352
G0 X113.711 Y76.914
G0 X114.417 Y74.912
;TYPE:FILL
G1 F2400 E472.22652
G1 F793.7 X114.432 Y74.987 E472.22907
G1 X114.58 Y75.388 E472.24328
G1 X114.807 Y75.789 E472.25861
G1 X115.16 Y76.19 E472.27638
G1 X115.701 Y76.591 E472.29878
G1 X115.948 Y76.752 E472.30858
G0 F15000 X111.32 Y76.66
G0 X111.508 Y76.472
;TYPE:SKIN
G1 F793.7 X111.508 Y75.192 E472.35115
G1 X113.264 Y75.192 E472.40956
G1 X113.267 Y76.472 E472.45213
G1 X111.508 Y76.472 E472.51064
G0 F15000 X111.708 Y76.07
G1 F793.7 X111.91 Y76.272 E472.52014
G0 F15000 X112.476 Y76.272
G1 F793.7 X111.708 Y75.504 E472.55626
G0 F15000 X112.162 Y75.392
G1 F793.7 X113.042 Y76.272 E472.59766
G0 F15000 X113.066 Y75.73
G1 F793.7 X112.728 Y75.392 E472.61355
G1 F2400 E471.81355
;MESH:NONMESH
G0 F300 Z15.6
G0 F15000 X112.728 Y74.932
G0 X111.32 Y75.004
G0 X111.32 Y75.334
G0 X110.56 Y76.832
G0 X109.392 Y76.832
G0 X108.456 Y76.832
;TIME_ELAPSED:969.504310
;LAYER:77
;note -- min layer time used
;TYPE:WALL-INNER
;MESH:nut_holder.stl
G1 F2400 E472.61355
G1 F769.1 X108.456 Y74.832 E472.68007
G1 X103.476 Y74.832 E472.84571
G1 X103.476 Y76.832 E472.91223
G1 X108.456 Y76.832 E473.07787
G0 F15000 X108.856 Y77.232
G1 F769.1 X108.856 Y74.432 E473.17099
G1 X103.076 Y74.432 E473.36324
G1 X103.076 Y77.232 E473.45637
G1 X108.856 Y77.232 E473.64861
G0 F15000 X109.256 Y77.632
;TYPE:WALL-OUTER
G1 F769.1 X109.256 Y74.032 E473.76835
G1 X102.676 Y74.032 E473.9872
G1 X102.676 Y77.632 E474.10693
G1 X109.256 Y77.632 E474.32579
G1 F2400 E473.52579
G0 F15000 X108.977 Y77.352
G0 X105.179 Y76.752
;TYPE:FILL
G1 F2400 E474.32579
G1 F769.1 X105.047 Y76.591 E474.33271
G1 X104.924 Y76.19 E474.34666
G1 X104.928 Y75.789 E474.36
G1 X105.014 Y75.388 E474.37364
G1 X105.18 Y74.987 E474.38807
G1 X105.231 Y74.912 E474.39109
G0 F15000 X106.15 Y76.66
G0 X108.284 Y76.66
G0 X108.096 Y76.472
;TYPE:SKIN
G1 F769.1 X106.336 Y76.472 E474.44963
G1 X106.336 Y75.192 E474.4922
G1 X108.096 Y75.192 E474.55074
G1 X108.096 Y76.472 E474.59331
G0 F15000 X107.576 Y76.272
G1 F769.1 X107.896 Y75.952 E474.60836
G0 F15000 X107.89 Y75.392
G1 F769.1 X107.01 Y76.272 E474.64976
G0 F15000 X106.536 Y76.18
G1 F769.1 X107.325 Y75.392 E474.68685
G0 F15000 X106.759 Y75.392
G1 F769.1 X106.536 Y75.614 E474.69731
G0 F15000 X105.776 Y75.614
G1 F2400 E473.89731
G0 F15000 X106.15 Y76.66
G0 X108.284 Y76.66
G0 X109.046 Y76.832
G0 X110.906 Y76.832
G0 X111.495 Y76.832
;TYPE:WALL-INNER
G1 F2400 E474.69731
G1 F769.1 X116.476 Y76.832 E474.86298
G1 X116.476 Y74.832 E474.9295
G1 X111.493 Y74.832 E475.09524
G1 X111.495 Y76.832 E475.16176
G0 F15000 X111.096 Y77.232
G1 F769.1 X116.876 Y77.232 E475.354
G1 X116.876 Y74.432 E475.44713
G1 X111.093 Y74.432 E475.63947
G1 X111.096 Y77.232 E475.7326
G0 F15000 X110.696 Y77.632
;TYPE:WALL-OUTER
G1 F769.1 X117.276 Y77.632 E475.95145
G1 X117.276 Y74.032 E476.07119
G1 X110.693 Y74.032 E476.29014
G1 X110.696 Y77.632 E476.40988
G1 F2400 E475.60988
G0 F15000 X110.976 Y77.352
G0 X114.058 Y76.914
G0 X114.551 Y74.912
;TYPE:FILL
G1 F2400 E476.40988
G1 F769.1 X114.552 Y74.987 E476.41237
G1 X114.638 Y75.388 E476.42601
G1 X114.804 Y75.789 E476.44045
G1 X115.078 Y76.19 E476.4566
G1 X115.492 Y76.591 E476.47577
G1 X115.686 Y76.752 E476.48415
G0 F15000 X111.667 Y76.66
G0 X111.852 Y76.472
;TYPE:SKIN
G1 F769.1 X111.852 Y75.192 E476.52673
G1 X113.612 Y75.192 E476.58527
G1 X113.612 Y76.472 E476.62784
G1 X111.852 Y76.472 E476.68638
G0 F15000 X112.052 Y75.755
G1 F769.1 X112.416 Y75.392 E476.70347
G0 F15000 X112.982 Y75.392
G1 F769.1 X112.101 Y76.272 E476.74489
G0 F15000 X112.667 Y76.272
G1 F769.1 X113.412 Y75.527 E476.77993
G0 F15000 X113.412 Y76.092
G1 F769.1 X113.233 Y76.272 E476.78838
G1 F2400 E475.98838
;MESH:NONMESH
G0 F300 Z15.8
G0 F15000 X113.233 Y76.732
G0 X110.906 Y76.832
G0 X109.046 Y76.832
G0 X108.108 Y76.832
;TIME_ELAPSED:982.244956
;LAYER:78
;note -- min layer time used
;TYPE:WALL-INNER
;MESH:nut_holder.stl
G1 F2400 E476.78838
G1 F740.8 X108.108 Y74.832 E476.8549
G1 X103.476 Y74.832 E477.00896
G1 X103.476 Y76.832 E477.07548
G1 X108.108 Y76.832 E477.22954
G0 F15000 X108.508 Y77.232
G1 F740.8 X108.508 Y74.432 E477.32267
G1 X103.076 Y74.432 E477.50334
G1 X103.076 Y77.232 E477.59646
G1 X108.508 Y77.232 E477.77713
G0 F15000 X108.908 Y77.632
;TYPE:WALL-OUTER
G1 F740.8 X108.908 Y74.032 E477.89687
G1 X102.676 Y74.032 E478.10415
G1 X102.676 Y77.632 E478.22388
G1 X108.908 Y77.632 E478.43116
G1 F2400 E477.63116
G0 F15000 X108.63 Y77.352
G0 X105.41 Y76.752
;TYPE:FILL
G1 F2400 E478.43116
G1 F740.8 X105.27 Y76.591 E478.43826
G1 X105.082 Y76.19 E478.45299
G1 X105.021 Y75.789 E478.46648
G1 X105.048 Y75.388 E478.47985
G1 X105.157 Y74.987 E478.49367
G1 X105.196 Y74.912 E478.49648
G0 F15000 X105.804 Y76.66
G0 X107.936 Y76.66
G0 X107.748 Y76.472
;TYPE:SKIN
G1 F740.8 X105.992 Y76.472 E478.55488
G1 X105.989 Y75.192 E478.59746
G1 X107.748 Y75.192 E478.65596
G1 X107.748 Y76.472 E478.69853
G0 F15000 X108.008 Y76.472
G0 X107.936 Y75.004
G0 X107.07 Y74.932
G0 X107.07 Y75.392
G1 F740.8 X107.548 Y75.87 E478.72102
G0 F15000 X107.385 Y76.272
G1 F740.8 X106.504 Y75.392 E478.76243
G0 F15000 X106.19 Y75.643
G1 F740.8 X106.819 Y76.272 E478.79202
G0 F15000 X106.253 Y76.272
G1 F740.8 X106.192 Y76.211 E478.79489
G0 F15000 X105.431 Y76.211
G1 F2400 E477.99489
G0 F15000 X105.804 Y76.66
G0 X107.685 Y76.639
G0 X108.699 Y76.832
G0 X109.774 Y76.831
G0 X110.178 Y76.833
G0 X111.253 Y76.832
G0 X111.84 Y76.832
;TYPE:WALL-INNER
G1 F2400 E478.79489
G1 F740.8 X116.476 Y76.832 E478.94908
G1 X116.476 Y74.832 E479.0156
G1 X111.84 Y74.832 E479.1698
G1 X111.84 Y76.832 E479.23632
G0 F15000 X111.44 Y77.232
G1 F740.8 X116.876 Y77.232 E479.41712
G1 X116.876 Y74.432 E479.51025
G1 X111.44 Y74.432 E479.69105
G1 X111.44 Y77.232 E479.78418
G0 F15000 X111.04 Y77.632
;TYPE:WALL-OUTER
G1 F740.8 X117.276 Y77.632 E479.99159
G1 X117.276 Y74.032 E480.11132
G1 X111.04 Y74.032 E480.31873
G1 X111.04 Y77.632 E480.43847
G1 F2400 E479.63847
G0 F15000 X111.323 Y77.352
G0 X114.404 Y76.914
G0 X114.656 Y74.912
;TYPE:FILL
G1 F2400 E480.43847
G1 F740.8 X114.645 Y74.987 E480.44099
G1 X114.672 Y75.388 E480.45436
G1 X114.781 Y75.789 E480.46818
G1 X114.987 Y76.19 E480.48318
G1 X115.317 Y76.591 E480.50045
G1 X115.485 Y76.752 E480.50819
G0 F15000 X112.012 Y76.66
G0 X112.2 Y76.472
;TYPE:SKIN
G1 F740.8 X112.2 Y75.192 E480.55076
G1 X113.956 Y75.192 E480.60917
G1 X113.959 Y76.472 E480.65174
G1 X112.2 Y76.472 E480.71024
G0 F15000 X112.4 Y76.196
G1 F740.8 X112.476 Y76.272 E480.71382
G0 F15000 X113.042 Y76.272
G1 F740.8 X112.4 Y75.63 E480.74402
G0 F15000 X112.728 Y75.392
G1 F740.8 X113.607 Y76.272 E480.78538
G0 F15000 X113.758 Y75.857
G1 F740.8 X113.293 Y75.392 E480.80726
G1 F2400 E480.00726
;MESH:NONMESH
G0 F300 Z16
G0 F15000 X113.293 Y74.932
G0 X112.012 Y75.004
G0 X111.253 Y76.831
G0 X110.178 Y76.832
G0 X109.774 Y76.83
G0 X108.699 Y76.831
G0 X107.763 Y76.832
;TIME_ELAPSED:995.151321
;LAYER:79
;note -- min layer time used
;TYPE:WALL-INNER
;MESH:nut_holder.stl
G1 F2400 E480.80726
G1 F716.5 X107.761 Y74.832 E480.87378
G1 X103.476 Y74.832 E481.0163
G1 X103.476 Y76.832 E481.08282
G1 X107.763 Y76.832 E481.2254
G0 F15000 X108.163 Y77.232
G1 F716.5 X108.16 Y74.432 E481.31853
G1 X103.076 Y74.432 E481.48763
G1 X103.076 Y77.232 E481.58075
G1 X108.163 Y77.232 E481.74995
G0 F15000 X108.563 Y77.632
;TYPE:WALL-OUTER
G1 F716.5 X108.56 Y74.032 E481.86969
G1 X102.676 Y74.032 E482.06539
G1 X102.676 Y77.632 E482.18512
G1 X108.563 Y77.632 E482.38093
G1 F2400 E481.58093
G0 F15000 X108.284 Y77.352
G0 X105.604 Y76.752
;TYPE:FILL
G1 F2400 E482.38093
G1 F716.5 X105.456 Y76.591 E482.3882
G1 X105.213 Y76.19 E482.4038
G1 X105.091 Y75.789 E482.41774
G1 X105.062 Y75.388 E482.43111
G1 X105.114 Y74.987 E482.44456
G1 X105.141 Y74.912 E482.44721
G0 F15000 X105.457 Y76.66
G0 X107.4 Y76.732
G0 X107.4 Y76.472
;TYPE:SKIN
G1 F716.5 X105.644 Y76.472 E482.50561
G1 X105.641 Y75.192 E482.54819
G1 X107.4 Y75.192 E482.60669
G1 X107.4 Y76.472 E482.64926
G0 F15000 X107.2 Y76.083
G1 F716.5 X107.01 Y76.272 E482.65818
G0 F15000 X106.444 Y76.272
G1 F716.5 X107.2 Y75.517 E482.69371
G0 F15000 X106.759 Y75.392
G1 F716.5 X105.879 Y76.272 E482.73511
G0 F15000 X105.843 Y75.742
G1 F716.5 X106.193 Y75.392 E482.75157
G1 F2400 E481.95157
G0 F15000 X106.193 Y74.932
G0 X107.589 Y75.004
G0 X108.353 Y76.833
G0 X109.428 Y76.832
G0 X110.524 Y76.833
G0 X111.599 Y76.832
G0 X112.188 Y76.832
;TYPE:WALL-INNER
G1 F2400 E482.75157
G1 F716.5 X116.476 Y76.832 E482.89419
G1 X116.476 Y74.832 E482.96071
G1 X112.188 Y74.832 E483.10333
G1 X112.188 Y76.832 E483.16985
G0 F15000 X111.788 Y77.232
G1 F716.5 X116.876 Y77.232 E483.33908
G1 X116.876 Y74.432 E483.43221
G1 X111.788 Y74.432 E483.60143
G1 X111.788 Y77.232 E483.69456
G0 F15000 X111.388 Y77.632
;TYPE:WALL-OUTER
G1 F716.5 X117.276 Y77.632 E483.8904
G1 X117.276 Y74.032 E484.01013
G1 X111.388 Y74.032 E484.20597
G1 X111.388 Y77.632 E484.32571
G1 F2400 E483.52571
G0 F15000 X111.669 Y77.352
G0 X115.302 Y76.752
;TYPE:FILL
G1 F2400 E484.32571
G1 F716.5 X115.15 Y76.591 E484.33307
G1 X114.883 Y76.19 E484.34909
G1 X114.738 Y75.789 E484.36328
G1 X114.686 Y75.388 E484.37672
G1 X114.715 Y74.987 E484.3901
G1 X114.738 Y74.912 E484.39271
G0 F15000 X112.36 Y75.004
G0 X112.288 Y76.472
G0 X112.548 Y76.472
;TYPE:SKIN
G1 F716.5 X112.548 Y75.192 E484.43528
G1 X114.304 Y75.192 E484.49368
G1 X114.307 Y76.472 E484.53626
G1 X112.548 Y76.472 E484.59476
G0 F15000 X112.748 Y75.625
G1 F716.5 X112.982 Y75.392 E484.60574
G0 F15000 X113.547 Y75.392
G1 F716.5 X112.748 Y76.191 E484.64333
G0 F15000 X113.233 Y76.272
G1 F716.5 X114.104 Y75.4 E484.68432
G0 F15000 X114.105 Y75.965
G1 F716.5 X113.798 Y76.272 E484.69876
G1 F2400 E483.89876
;MESH:NONMESH
G0 F300 Z16.2
G0 F15000 X113.798 Y76.732
G0 X111.599 Y76.831
G0 X110.524 Y76.832
G0 X109.428 Y76.831
G0 X108.353 Y76.832
G0 X107.416 Y76.832
;TIME_ELAPSED:1007.829948
;LAYER:80
;note -- min layer time used
;TYPE:WALL-INNER
;MESH:nut_holder.stl
G1 F2400 E484.69876
G1 F682.6 X107.416 Y74.832 E484.76528
G1 X103.476 Y74.832 E484.89633
G1 X103.476 Y76.832 E484.96285
G1 X107.416 Y76.832 E485.09389
G0 F15000 X107.816 Y77.232
G1 F682.6 X107.816 Y74.432 E485.18702
G1 X103.076 Y74.432 E485.34467
G1 X103.076 Y77.232 E485.4378
G1 X107.816 Y77.232 E485.59545
G0 F15000 X108.216 Y77.632
;TYPE:WALL-OUTER
G1 F682.6 X108.216 Y74.032 E485.71519
G1 X102.676 Y74.032 E485.89945
G1 X102.676 Y77.632 E486.01919
G1 X108.216 Y77.632 E486.20345
G1 F2400 E485.40345
G0 F15000 X107.937 Y77.352
G0 X104.857 Y76.915
G0 X105.038 Y76.047
G0 X105.258 Y76.047
;TYPE:FILL
G1 F2400 E486.20345
G1 F682.6 X105.142 Y75.789 E486.21286
G1 X105.056 Y75.388 E486.2265
G1 X105.052 Y74.987 E486.23984
G1 X105.068 Y74.912 E486.24239
G0 F15000 X107.244 Y75.004
G0 X107.316 Y76.472
G0 X107.056 Y76.472
;TYPE:SKIN
G1 F682.6 X105.296 Y76.472 E486.30092
G1 X105.296 Y75.192 E486.3435
G1 X107.056 Y75.192 E486.40204
G1 X107.056 Y76.472 E486.44461
G0 F15000 X107.316 Y76.472
G0 X107.244 Y75.004
G0 X106.505 Y74.932
G0 X106.505 Y75.392
G1 F682.6 X106.856 Y75.743 E486.46112
G0 F15000 X106.819 Y76.272
G1 F682.6 X105.939 Y75.392 E486.50251
G0 F15000 X105.495 Y75.514
G1 F682.6 X106.253 Y76.272 E486.53816
G0 F15000 X105.688 Y76.272
G1 F682.6 X105.495 Y76.08 E486.54722
G0 F15000 X104.738 Y76.08
G1 F2400 E485.74722
G0 F15000 X105.111 Y76.66
G0 X107.174 Y76.641
G0 X108.006 Y76.833
G0 X109.081 Y76.832
G0 X110.871 Y76.833
G0 X111.946 Y76.832
G0 X112.535 Y76.832
;TYPE:WALL-INNER
G1 F2400 E486.54722
G1 F682.6 X116.476 Y76.832 E486.6783
G1 X116.476 Y74.832 E486.74482
G1 X112.533 Y74.832 E486.87596
G1 X112.535 Y76.832 E486.94248
G0 F15000 X112.136 Y77.232
G1 F682.6 X116.876 Y77.232 E487.10014
G1 X116.876 Y74.432 E487.19326
G1 X112.133 Y74.432 E487.35102
G1 X112.136 Y77.232 E487.44415
G0 F15000 X111.736 Y77.632
;TYPE:WALL-OUTER
G1 F682.6 X117.276 Y77.632 E487.62841
G1 X117.276 Y74.032 E487.74814
G1 X111.733 Y74.032 E487.9325
G1 X111.736 Y77.632 E488.05224
G1 F2400 E487.25224
G0 F15000 X112.016 Y77.352
G0 X115.097 Y76.914
G0 X114.914 Y75.869
G0 X114.693 Y75.869
;TYPE:FILL
G1 F2400 E488.05224
G1 F682.6 X114.761 Y76.19 E488.06315
G1 X114.972 Y76.591 E488.07822
G1 X115.114 Y76.752 E488.08536
G0 F15000 X114.913 Y75.33
G0 X114.692 Y75.33
G1 F682.6 X114.766 Y74.987 E488.09704
G1 X114.8 Y74.912 E488.09977
G0 F15000 X112.706 Y75.004
G0 X112.634 Y76.472
G0 X112.892 Y76.472
;TYPE:SKIN
G1 F682.6 X112.892 Y75.192 E488.14235
G1 X114.652 Y75.192 E488.20089
G1 X114.652 Y76.472 E488.24346
G1 X112.892 Y76.472 E488.302
G0 F15000 X113.607 Y76.272
G1 F682.6 X113.092 Y75.757 E488.32622
G0 F15000 X113.293 Y75.392
G1 F682.6 X114.173 Y76.272 E488.36761
G0 F15000 X114.452 Y75.986
G1 F682.6 X113.858 Y75.392 E488.39555
G1 F2400 E487.59555
;MESH:NONMESH
G0 F300 Z16.4
G0 F15000 X113.858 Y74.932
G0 X112.706 Y75.004
G0 X111.946 Y76.831
G0 X110.871 Y76.832
G0 X109.081 Y76.831
G0 X108.006 Y76.832
G0 X107.068 Y76.832
;TIME_ELAPSED:1020.908399
;LAYER:81
;note -- min layer time used
;TYPE:WALL-INNER
;MESH:nut_holder.stl
G1 F2400 E488.39555
G1 F630.7 X107.068 Y74.832 E488.46207
G1 X103.476 Y74.832 E488.58154
G1 X103.476 Y76.832 E488.64806
G1 X107.068 Y76.832 E488.76753
G0 F15000 X107.468 Y77.232
G1 F630.7 X107.468 Y74.432 E488.86066
G1 X103.076 Y74.432 E489.00674
G1 X103.076 Y77.232 E489.09987
G1 X107.468 Y77.232 E489.24595
G0 F15000 X107.868 Y77.632
;TYPE:WALL-OUTER
G1 F630.7 X107.868 Y74.032 E489.36568
G1 X102.676 Y74.032 E489.53837
G1 X102.676 Y77.632 E489.65811
G1 X107.868 Y77.632 E489.83079
G1 F2400 E489.03079
G0 F15000 X107.591 Y77.352
G0 X104.77 Y76.914
G0 X104.952 Y75.786
G0 X105.172 Y75.786
;TYPE:FILL
G1 F2400 E489.83079
G1 F630.7 X105.03 Y75.388 E489.84485
G1 X104.968 Y74.987 E489.85834
G1 X104.972 Y74.912 E489.86084
G0 F15000 X106.896 Y75.004
G0 X106.968 Y76.472
G0 X106.708 Y76.472
;TYPE:SKIN
G1 F630.7 X105.212 Y76.472 E489.9106
G1 X105.212 Y75.192 E489.95317
G1 X106.708 Y75.192 E490.00293
G1 X106.708 Y76.472 E490.0455
G0 F15000 X106.288 Y76.052
G1 F573.4 X105.632 Y76.052 E490.0695
G1 X105.632 Y75.612 E490.0856
G1 X106.288 Y75.612 E490.1096
G1 X106.288 Y76.052 E490.1257
G1 F2400 E489.3257
G0 F15000 X106.968 Y76.052
G0 X107.66 Y76.833
G0 X108.735 Y76.832
G0 X111.217 Y76.833
G0 X112.292 Y76.832
G0 X112.88 Y76.832
;TYPE:WALL-INNER
G1 F2400 E490.1257
G1 F630.7 X116.476 Y76.832 E490.2453
G1 X116.476 Y74.832 E490.31182
G1 X112.88 Y74.832 E490.43143
G1 X112.88 Y76.832 E490.49795
G0 F15000 X112.48 Y77.232
G1 F630.7 X116.876 Y77.232 E490.64416
G1 X116.876 Y74.432 E490.73729
G1 X112.48 Y74.432 E490.8835
G1 X112.48 Y77.232 E490.97663
G0 F15000 X112.08 Y77.632
;TYPE:WALL-OUTER
G1 F630.7 X117.276 Y77.632 E491.14945
G1 X117.276 Y74.032 E491.26918
G1 X112.08 Y74.032 E491.442
G1 X112.08 Y77.632 E491.56174
G1 F2400 E490.76174
G0 F15000 X112.362 Y77.352
G0 X114.78 Y76.732
G0 X114.78 Y76.608
;TYPE:FILL
G1 F2400 E491.56174
G1 F630.7 X114.902 Y76.752 E491.56802
G0 F15000 X114.928 Y75.004
G0 X114.78 Y75.035
G1 F630.7 X114.843 Y74.912 E491.57261
G0 F15000 X113.052 Y75.004
G0 X112.98 Y76.472
G0 X113.24 Y76.472
;TYPE:SKIN
G1 F630.7 X113.24 Y75.192 E491.61519
G1 X114.74 Y75.192 E491.66508
G1 X114.74 Y76.472 E491.70765
G1 X113.24 Y76.472 E491.75754
G0 F15000 X113.66 Y76.052
G1 F573.4 X113.66 Y75.612 E491.77364
G1 X114.32 Y75.612 E491.79778
G1 X114.32 Y76.052 E491.81388
G1 X113.66 Y76.052 E491.83803
G1 F2400 E491.03803
;MESH:NONMESH
G0 F300 Z16.6
G0 F15000 X112.98 Y76.052
G0 X112.292 Y76.831
G0 X111.217 Y76.832
G0 X108.735 Y76.831
G0 X107.66 Y76.832
G0 X106.724 Y76.832
;TIME_ELAPSED:1033.325714
;LAYER:82
;note -- min layer time used
;TYPE:WALL-INNER
;MESH:nut_holder.stl
G1 F2400 E491.83803
G1 F600 X106.724 Y74.832 E491.90455
G1 X103.476 Y74.832 E492.01258
G1 X103.476 Y76.832 E492.0791
G1 X106.724 Y76.832 E492.18713
G0 F15000 X107.124 Y77.232
G1 F600 X107.124 Y74.432 E492.28026
G1 X103.076 Y74.432 E492.41489
G1 X103.076 Y77.232 E492.50802
G1 X107.124 Y77.232 E492.64266
G0 F15000 X107.524 Y77.632
;TYPE:WALL-OUTER
G1 F600 X107.524 Y74.032 E492.76239
G1 X102.676 Y74.032 E492.92364
G1 X102.676 Y77.632 E493.04338
G1 X107.524 Y77.632 E493.20462
G1 F2400 E492.40462
G0 F15000 X107.245 Y77.352
G0 X104.77 Y76.914
G0 X104.952 Y75.763
G0 X105.172 Y75.763
;TYPE:FILL
G1 F2400 E493.20462
G1 F600 X104.982 Y75.388 E493.2186
G1 X104.859 Y74.987 E493.23255
G1 X104.85 Y74.912 E493.23507
G0 F15000 X106.552 Y75.004
G0 X106.624 Y76.472
G0 X106.364 Y76.472
;TYPE:SKIN
G1 F600 X105.212 Y76.472 E493.27338
G1 X105.212 Y75.192 E493.31596
G1 X106.364 Y75.192 E493.35427
G1 X106.364 Y76.472 E493.39684
G0 F15000 X105.976 Y76.084
G1 F638.3 X105.6 Y76.084 E493.4086
G1 X105.6 Y75.58 E493.42436
G1 X105.976 Y75.58 E493.43611
G1 X105.976 Y76.084 E493.45187
G1 F2400 E492.65187
G0 F15000 X106.624 Y76.084
G0 X107.314 Y76.833
G0 X108.389 Y76.832
G0 X111.563 Y76.833
G0 X112.638 Y76.832
G0 X113.227 Y76.832
;TYPE:WALL-INNER
G1 F2400 E493.45187
G1 F600 X116.476 Y76.832 E493.55993
G1 X116.476 Y74.832 E493.62645
G1 X113.225 Y74.832 E493.73458
G1 X113.227 Y76.832 E493.8011
G0 F15000 X112.828 Y77.232
G1 F600 X116.876 Y77.232 E493.93574
G1 X116.876 Y74.432 E494.02887
G1 X112.825 Y74.432 E494.1636
G1 X112.828 Y77.232 E494.25673
G0 F15000 X112.428 Y77.632
;TYPE:WALL-OUTER
G1 F600 X117.276 Y77.632 E494.41798
G1 X117.276 Y74.032 E494.53771
G1 X112.425 Y74.032 E494.69906
G1 X112.428 Y77.632 E494.81879
G1 F2400 E494.01879
G0 F15000 X112.708 Y77.352
G0 X113.144 Y74.75
G0 X114.78 Y74.932
G0 X114.78 Y75.044
;TYPE:FILL
G1 F2400 E494.81879
G1 F600 X114.869 Y74.912 E494.82409
G0 F15000 X113.398 Y75.004
G0 X113.326 Y76.472
G0 X113.584 Y76.472
;TYPE:SKIN
G1 F600 X113.584 Y75.192 E494.86666
G1 X114.74 Y75.192 E494.90511
G1 X114.74 Y76.472 E494.94768
G1 X113.584 Y76.472 E494.98613
G0 F15000 X113.973 Y76.083
G1 F634.9 X113.973 Y75.581 E495.00191
G1 X114.351 Y75.581 E495.01379
G1 X114.351 Y76.083 E495.02957
G1 X113.973 Y76.083 E495.04145
G1 F2400 E494.24145
;MESH:NONMESH
G0 F300 Z16.8
G0 F15000 X113.326 Y76.083
G0 X112.638 Y76.831
G0 X111.563 Y76.832
G0 X108.389 Y76.831
G0 X107.314 Y76.832
G0 X106.376 Y76.832
;TIME_ELAPSED:1045.478830
;LAYER:83
;note -- min layer time used
;TYPE:WALL-INNER
;MESH:nut_holder.stl
G1 F2400 E495.04145
G1 F600 X106.376 Y74.832 E495.10797
G1 X103.476 Y74.832 E495.20443
G1 X103.476 Y76.832 E495.27095
G1 X106.376 Y76.832 E495.3674
G0 F15000 X106.776 Y77.232
G1 F600 X106.776 Y74.432 E495.46053
G1 X103.076 Y74.432 E495.58359
G1 X103.076 Y77.232 E495.67672
G1 X106.776 Y77.232 E495.79978
G0 F15000 X107.176 Y77.632
;TYPE:WALL-OUTER
G1 F600 X107.176 Y74.032 E495.91952
G1 X102.676 Y74.032 E496.06919
G1 X102.676 Y77.632 E496.18893
G1 X107.176 Y77.632 E496.3386
G0 F15000 X106.898 Y77.352
G0 X106.296 Y76.615
;TYPE:FILL
G1 F600 X105.582 Y76.19 E496.36623
G1 X105.173 Y75.789 E496.38528
G1 X104.908 Y75.388 E496.40127
G1 X104.721 Y74.987 E496.41599
G1 X104.695 Y74.912 E496.41863
G0 F15000 X104.695 Y75.042
G1 F2400 E495.61863
G0 F15000 X106.967 Y76.834
G0 X108.042 Y76.833
G0 X111.91 Y76.834
G0 X112.985 Y76.833
G0 X113.572 Y76.832
;TYPE:WALL-INNER
G1 F2400 E496.41863
G1 F600 X116.476 Y76.832 E496.51521
G1 X116.476 Y74.832 E496.58173
G1 X113.572 Y74.832 E496.67832
G1 X113.572 Y76.832 E496.74484
G0 F15000 X113.172 Y77.232
G1 F600 X116.876 Y77.232 E496.86804
G1 X116.876 Y74.432 E496.96117
G1 X113.172 Y74.432 E497.08436
G1 X113.172 Y77.232 E497.17749
G0 F15000 X112.772 Y77.632
;TYPE:WALL-OUTER
G1 F600 X117.276 Y77.632 E497.32729
G1 X117.276 Y74.032 E497.44703
G1 X112.772 Y74.032 E497.59683
G1 X112.772 Y77.632 E497.71657
G1 F2400 E496.91657
G0 F15000 X113.055 Y77.352
G0 X114.192 Y76.752
;TYPE:FILL
G1 F2400 E497.71657
G1 F600 X114.125 Y76.591 E497.72237
G1 X114.208 Y76.19 E497.73599
G1 X114.345 Y75.789 E497.75008
G1 X114.532 Y75.388 E497.7648
G1 X114.797 Y74.987 E497.78079
G1 X114.873 Y74.912 E497.78434
G0 F15000 X114.873 Y75.042
G1 F2400 E496.98434
;MESH:NONMESH
G0 F300 Z17
G0 F15000 X112.985 Y76.83
G0 X111.91 Y76.831
G0 X108.042 Y76.83
G0 X106.967 Y76.831
G0 X106.031 Y76.832
;TIME_ELAPSED:1055.355450
;LAYER:84
;note -- min layer time used
;TYPE:WALL-INNER
;MESH:nut_holder.stl
G1 F2400 E497.78434
G1 F600 X106.029 Y74.832 E497.85086
G1 X103.476 Y74.832 E497.93577
G1 X103.476 Y76.832 E498.00229
G1 X106.031 Y76.832 E498.08727
G0 F15000 X106.431 Y77.232
G1 F600 X106.428 Y74.432 E498.1804
G1 X103.076 Y74.432 E498.29189
G1 X103.076 Y77.232 E498.38502
G1 X106.431 Y77.232 E498.4966
G0 F15000 X106.831 Y77.632
;TYPE:WALL-OUTER
G1 F600 X106.828 Y74.032 E498.61634
G1 X102.676 Y74.032 E498.75444
G1 X102.676 Y77.632 E498.87417
G1 X106.831 Y77.632 E499.01237
G1 F2400 E498.21237
G0 F15000 X106.552 Y77.352
G0 X105.95 Y76.33
;TYPE:FILL
G1 F2400 E499.01237
G1 F600 X105.864 Y76.298 E499.01542
G1 X105.463 Y76.069 E499.03078
G1 X105.062 Y75.714 E499.04859
G1 X104.661 Y75.17 E499.07107
G1 X104.494 Y74.912 E499.08129
G0 F15000 X104.494 Y75.042
G1 F2400 E498.28129
G0 F15000 X106.621 Y76.834
G0 X107.696 Y76.833
G0 X112.256 Y76.833
G0 X113.331 Y76.832
G0 X113.92 Y76.832
;TYPE:WALL-INNER
G1 F2400 E499.08129
G1 F600 X116.476 Y76.832 E499.16631
G1 X116.476 Y74.832 E499.23283
G1 X113.92 Y74.832 E499.31784
G1 X113.92 Y76.832 E499.38436
G0 F15000 X113.52 Y77.232
G1 F600 X116.876 Y77.232 E499.49598
G1 X116.876 Y74.432 E499.58911
G1 X113.52 Y74.432 E499.70073
G1 X113.52 Y77.232 E499.79386
G0 F15000 X113.12 Y77.632
;TYPE:WALL-OUTER
G1 F600 X117.276 Y77.632 E499.93209
G1 X117.276 Y74.032 E500.05182
G1 X113.12 Y74.032 E500.19005
G1 X113.12 Y77.632 E500.30979
G1 F2400 E499.50979
G0 F15000 X113.401 Y77.352
G0 X114 Y76.044
;TYPE:FILL
G1 F2400 E500.30979
G1 F600 X114.285 Y75.605 E500.3272
G1 X114.686 Y75.061 E500.34968
G1 X114.854 Y74.912 E500.35714
G0 F15000 X114.854 Y75.042
G1 F2400 E499.55714
;MESH:NONMESH
G0 F300 Z17.2
G0 F15000 X113.331 Y76.83
G0 X112.256 Y76.831
G0 X107.696 Y76.831
G0 X106.621 Y76.832
G0 X105.684 Y76.832
;TIME_ELAPSED:1064.882633
;LAYER:85
;note -- min layer time used
;TYPE:WALL-INNER
;MESH:nut_holder.stl
G1 F2400 E500.35714
G1 F600 X105.684 Y74.832 E500.42366
G1 X103.476 Y74.832 E500.4971
G1 X103.476 Y76.832 E500.56362
G1 X105.684 Y76.832 E500.63706
G0 F15000 X106.084 Y77.232
G1 F600 X106.084 Y74.432 E500.73019
G1 X103.076 Y74.432 E500.83024
G1 X103.076 Y77.232 E500.92336
G1 X106.084 Y77.232 E501.02341
G0 F15000 X106.484 Y77.632
;TYPE:WALL-OUTER
G1 F600 X106.484 Y74.032 E501.14315
G1 X102.676 Y74.032 E501.2698
G1 X102.676 Y77.632 E501.38954
G1 X106.484 Y77.632 E501.51619
G1 F2400 E500.71619
G0 F15000 X106.205 Y77.352
G0 X105.604 Y76.13
;TYPE:FILL
G1 F2400 E501.51619
G1 F600 X105.463 Y76.071 E501.52128
G1 X105.062 Y75.796 E501.53745
G1 X104.661 Y75.38 E501.55667
G1 X104.275 Y74.912 E501.57684
G0 F15000 X104.275 Y75.042
G1 F2400 E500.77684
G0 F15000 X106.274 Y76.834
G0 X107.349 Y76.833
G0 X112.603 Y76.833
G0 X113.678 Y76.832
G0 X114.267 Y76.832
;TYPE:WALL-INNER
G1 F2400 E501.57684
G1 F600 X116.476 Y76.832 E501.65032
G1 X116.476 Y74.832 E501.71684
G1 X114.265 Y74.832 E501.79037
G1 X114.267 Y76.832 E501.85689
G0 F15000 X113.868 Y77.232
G1 F600 X116.876 Y77.232 E501.95694
G1 X116.876 Y74.432 E502.05007
G1 X113.865 Y74.432 E502.15022
G1 X113.868 Y77.232 E502.24334
G0 F15000 X113.468 Y77.632
;TYPE:WALL-OUTER
G1 F600 X117.276 Y77.632 E502.37
G1 X117.276 Y74.032 E502.48974
G1 X113.465 Y74.032 E502.61649
G1 X113.468 Y77.632 E502.73623
G1 F2400 E501.93623
G0 F15000 X113.748 Y77.352
G0 X114.346 Y75.331
;TYPE:FILL
G1 F2400 E502.73623
G1 F600 X114.686 Y74.979 E502.7525
G1 X114.784 Y74.912 E502.75645
G0 F15000 X114.784 Y75.042
G1 F2400 E501.95645
;MESH:NONMESH
G0 F300 Z17.4
G0 F15000 X113.678 Y76.83
G0 X112.603 Y76.831
G0 X107.349 Y76.831
G0 X106.274 Y76.832
G0 X105.336 Y76.832
;TIME_ELAPSED:1073.934612
;LAYER:86
;note -- min layer time used
;TYPE:WALL-INNER
;MESH:nut_holder.stl
G1 F2400 E502.75645
G1 F600 X105.336 Y74.832 E502.82297
G1 X103.476 Y74.832 E502.88484
G1 X103.476 Y76.832 E502.95136
G1 X105.336 Y76.832 E503.01322
G0 F15000 X105.736 Y77.232
G1 F600 X105.736 Y74.432 E503.10635
G1 X103.076 Y74.432 E503.19482
G1 X103.076 Y77.232 E503.28795
G1 X105.736 Y77.232 E503.37642
G0 F15000 X106.136 Y77.632
;TYPE:WALL-OUTER
G1 F600 X106.136 Y74.032 E503.49616
G1 X102.676 Y74.032 E503.61124
G1 X102.676 Y77.632 E503.73097
G1 X106.136 Y77.632 E503.84605
G1 F2400 E503.04605
G0 F15000 X105.859 Y77.352
G0 X105.256 Y75.988
;TYPE:FILL
G1 F2400 E503.84605
G1 F600 X105.062 Y75.887 E503.85333
G1 X104.661 Y75.555 E503.87064
G1 X104.26 Y75.136 E503.88993
G1 X104.001 Y74.912 E503.90132
G0 F15000 X104.001 Y75.042
G1 F2400 E503.10132
G0 F15000 X105.928 Y76.834
G0 X107.003 Y76.833
G0 X112.949 Y76.833
G0 X114.024 Y76.832
G0 X114.612 Y76.832
;TYPE:WALL-INNER
G1 F2400 E503.90132
G1 F600 X116.476 Y76.832 E503.96332
G1 X116.476 Y74.832 E504.02984
G1 X114.612 Y74.832 E504.09184
G1 X114.612 Y76.832 E504.15836
G0 F15000 X114.212 Y77.232
G1 F600 X116.876 Y77.232 E504.24696
G1 X116.876 Y74.432 E504.34009
G1 X114.212 Y74.432 E504.4287
G1 X114.212 Y77.232 E504.52182
G0 F15000 X113.812 Y77.632
;TYPE:WALL-OUTER
G1 F600 X117.276 Y77.632 E504.63704
G1 X117.276 Y74.032 E504.75677
G1 X113.812 Y74.032 E504.87199
G1 X113.812 Y77.632 E504.99172
G0 F15000 X114.706 Y76.622
G1 F2400 E504.19172
;MESH:NONMESH
G0 F300 Z17.6
G0 F15000 X114.024 Y76.83
G0 X112.949 Y76.831
G0 X107.003 Y76.831
G0 X105.928 Y76.832
G0 X105.252 Y76.832
;TIME_ELAPSED:1082.232322
;LAYER:87
;note -- min layer time used
;TYPE:WALL-INNER
;MESH:nut_holder.stl
G1 F2400 E504.99172
G1 F600 X105.252 Y74.832 E505.05824
G1 X103.476 Y74.832 E505.11731
G1 X103.476 Y76.832 E505.18383
G1 X105.252 Y76.832 E505.2429
G0 F15000 X105.652 Y77.232
G1 F600 X105.652 Y74.432 E505.33603
G1 X103.076 Y74.432 E505.42171
G1 X103.076 Y77.232 E505.51484
G1 X105.652 Y77.232 E505.60052
G0 F15000 X106.052 Y77.632
;TYPE:WALL-OUTER
G1 F600 X106.052 Y74.032 E505.72025
G1 X102.676 Y74.032 E505.83254
G1 X102.676 Y77.632 E505.95228
G1 X106.052 Y77.632 E506.06456
G1 F2400 E505.26456
G0 F15000 X105.772 Y77.352
G0 X105.172 Y76.031
;TYPE:FILL
G1 F2400 E506.06456
G1 F600 X105.062 Y75.991 E506.06846
G1 X104.661 Y75.723 E506.0845
G1 X103.859 Y74.976 E506.12095
G1 X103.753 Y74.912 E506.12507
G0 F15000 X103.753 Y75.042
G1 F2400 E505.32507
G0 F15000 X105.822 Y76.832
G0 X106.917 Y76.832
G0 X113.035 Y76.832
G0 X114.13 Y76.832
G0 X114.7 Y76.832
;TYPE:WALL-INNER
G1 F2400 E506.12507
G1 F600 X116.476 Y76.832 E506.18414
G1 X116.476 Y74.832 E506.25066
G1 X114.7 Y74.832 E506.30973
G1 X114.7 Y76.832 E506.37625
G0 F15000 X114.3 Y77.232
G1 F600 X116.876 Y77.232 E506.46193
G1 X116.876 Y74.432 E506.55506
G1 X114.3 Y74.432 E506.64073
G1 X114.3 Y77.232 E506.73386
G0 F15000 X113.9 Y77.632
;TYPE:WALL-OUTER
G1 F600 X117.276 Y77.632 E506.84615
G1 X117.276 Y74.032 E506.96588
G1 X113.9 Y74.032 E507.07817
G1 X113.9 Y77.632 E507.19791
G0 F15000 X114.792 Y76.622
G1 F2400 E506.39791
;MESH:NONMESH
G0 F300 Z17.8
G0 F15000 X114.13 Y76.832
G0 X113.035 Y76.832
G0 X106.917 Y76.832
G0 X105.822 Y76.832
G0 X105.252 Y76.832
;TIME_ELAPSED:1090.446242
;LAYER:88
;note -- min layer time used
;TYPE:WALL-INNER
;MESH:nut_holder.stl
G1 F2400 E507.19791
G1 F600 X105.252 Y74.832 E507.26443
G1 X103.476 Y74.832 E507.3235
G1 X103.476 Y76.832 E507.39002
G1 X105.252 Y76.832 E507.44909
G0 F15000 X105.652 Y77.232
G1 F600 X105.652 Y74.432 E507.54222
G1 X103.076 Y74.432 E507.62789
G1 X103.076 Y77.232 E507.72102
G1 X105.652 Y77.232 E507.8067
G0 F15000 X106.052 Y77.632
;TYPE:WALL-OUTER
G1 F600 X106.052 Y74.032 E507.92644
G1 X102.676 Y74.032 E508.03872
G1 X102.676 Y77.632 E508.15846
G1 X106.052 Y77.632 E508.27075
G1 F2400 E507.47075
G0 F15000 X105.772 Y77.352
G0 X105.172 Y76.136
;TYPE:FILL
G1 F2400 E508.27075
G1 F600 X105.062 Y76.112 E508.27449
G1 X104.661 Y75.901 E508.28956
G1 X104.26 Y75.545 E508.3074
G1 X103.859 Y75.146 E508.32621
G1 X103.556 Y74.918 E508.33882
G0 F15000 X103.686 Y75.042
G1 F2400 E507.53882
G0 F15000 X105.822 Y76.832
G0 X106.917 Y76.832
G0 X113.035 Y76.832
G0 X114.13 Y76.832
G0 X114.7 Y76.832
;TYPE:WALL-INNER
G1 F2400 E508.33882
G1 F600 X116.476 Y76.832 E508.39789
G1 X116.476 Y74.832 E508.46441
G1 X114.7 Y74.832 E508.52348
G1 X114.7 Y76.832 E508.59
G0 F15000 X114.3 Y77.232
G1 F600 X116.876 Y77.232 E508.67568
G1 X116.876 Y74.432 E508.76881
G1 X114.3 Y74.432 E508.85449
G1 X114.3 Y77.232 E508.94762
G0 F15000 X113.9 Y77.632
;TYPE:WALL-OUTER
G1 F600 X117.276 Y77.632 E509.0599
G1 X117.276 Y74.032 E509.17964
G1 X113.9 Y74.032 E509.29193
G1 X113.9 Y77.632 E509.41166
G1 F2400 E508.61166
G0 F15000 X114.18 Y77.352
G0 X116.38 Y74.912
;TYPE:FILL
G1 F2400 E509.41166
G1 F600 X116.396 Y74.924 E509.41233
G0 F15000 X116.266 Y75.042
G1 F2400 E508.61233
;MESH:NONMESH
G0 F300 Z18
G0 F15000 X114.13 Y76.832
G0 X113.035 Y76.832
G0 X106.917 Y76.832
G0 X105.822 Y76.832
G0 X105.252 Y76.832
;TIME_ELAPSED:1099.007693
;LAYER:89
;note -- min layer time used
;TYPE:WALL-INNER
;MESH:nut_holder.stl
G1 F2400 E509.41233
G1 F600 X105.252 Y74.832 E509.47885
G1 X103.476 Y74.832 E509.53792
G1 X103.476 Y76.832 E509.60444
G1 X105.252 Y76.832 E509.66351
G0 F15000 X105.652 Y77.232
G1 F600 X105.652 Y74.432 E509.75664
G1 X103.076 Y74.432 E509.84231
G1 X103.076 Y77.232 E509.93544
G1 X105.652 Y77.232 E510.02112
G0 F15000 X106.052 Y77.632
;TYPE:WALL-OUTER
G1 F600 X106.052 Y74.032 E510.14086
G1 X102.676 Y74.032 E510.25314
G1 X102.676 Y77.632 E510.37288
G1 X106.052 Y77.632 E510.48517
G1 F2400 E509.68517
G0 F15000 X105.772 Y77.352
G0 X105.172 Y76.264
;TYPE:FILL
G1 F2400 E510.48517
G1 F600 X105.062 Y76.257 E510.48883
G1 X104.661 Y76.105 E510.5031
G1 X104.26 Y75.767 E510.52054
G1 X103.859 Y75.316 E510.54061
G1 X103.556 Y75.032 E510.55442
G0 F15000 X103.686 Y75.042
G1 F2400 E509.75442
G0 F15000 X105.822 Y76.832
G0 X106.917 Y76.832
G0 X113.035 Y76.832
G0 X114.13 Y76.832
G0 X114.7 Y76.832
;TYPE:WALL-INNER
G1 F2400 E510.55442
G1 F600 X116.476 Y76.832 E510.61349
G1 X116.476 Y74.832 E510.68001
G1 X114.7 Y74.832 E510.73908
G1 X114.7 Y76.832 E510.8056
G0 F15000 X114.3 Y77.232
G1 F600 X116.876 Y77.232 E510.89128
G1 X116.876 Y74.432 E510.98441
G1 X114.3 Y74.432 E511.07009
G1 X114.3 Y77.232 E511.16322
G0 F15000 X113.9 Y77.632
;TYPE:WALL-OUTER
G1 F600 X117.276 Y77.632 E511.2755
G1 X117.276 Y74.032 E511.39524
G1 X113.9 Y74.032 E511.50753
G1 X113.9 Y77.632 E511.62726
G1 F2400 E510.82726
G0 F15000 X114.18 Y77.352
G0 X116.244 Y74.912
;TYPE:FILL
G1 F2400 E511.62726
G1 F600 X116.396 Y75.039 E511.63385
G0 F15000 X116.266 Y75.042
G1 F2400 E510.83385
;MESH:NONMESH
G0 F300 Z18.2
G0 F15000 X114.13 Y76.832
G0 X113.035 Y76.832
G0 X106.917 Y76.832
G0 X105.822 Y76.832
G0 X105.252 Y76.832
;TIME_ELAPSED:1107.575592
;LAYER:90
;note -- min layer time used
;TYPE:WALL-INNER
;MESH:nut_holder.stl
G1 F2400 E511.63385
G1 F600 X105.252 Y74.832 E511.70037
G1 X103.476 Y74.832 E511.75944
G1 X103.476 Y76.832 E511.82596
G1 X105.252 Y76.832 E511.88503
G0 F15000 X105.652 Y77.232
G1 F600 X105.652 Y74.432 E511.97816
G1 X103.076 Y74.432 E512.06384
G1 X103.076 Y77.232 E512.15697
G1 X105.652 Y77.232 E512.24264
G0 F15000 X106.052 Y77.632
;TYPE:WALL-OUTER
G1 F600 X106.052 Y74.032 E512.36238
G1 X102.676 Y74.032 E512.47467
G1 X102.676 Y77.632 E512.5944
G1 X106.052 Y77.632 E512.70669
G0 F15000 X105.772 Y77.352
G0 X105.172 Y76.423
;TYPE:FILL
G1 F600 X105.062 Y76.436 E512.71037
G1 X104.661 Y76.364 E512.72392
G1 X104.26 Y76.052 E512.74082
G1 X103.859 Y75.505 E512.76338
G1 X103.556 Y75.143 E512.77908
G0 F15000 X103.686 Y75.143
G1 F2400 E511.97908
G0 F15000 X105.822 Y76.832
G0 X106.917 Y76.832
G0 X113.035 Y76.832
G0 X114.13 Y76.832
G0 X114.7 Y76.832
;TYPE:WALL-INNER
G1 F2400 E512.77908
G1 F600 X116.476 Y76.832 E512.83815
G1 X116.476 Y74.832 E512.90467
G1 X114.7 Y74.832 E512.96374
G1 X114.7 Y76.832 E513.03026
G0 F15000 X114.3 Y77.232
G1 F600 X116.876 Y77.232 E513.11594
G1 X116.876 Y74.432 E513.20907
G1 X114.3 Y74.432 E513.29475
G1 X114.3 Y77.232 E513.38788
G0 F15000 X113.9 Y77.632
;TYPE:WALL-OUTER
G1 F600 X117.276 Y77.632 E513.50016
G1 X117.276 Y74.032 E513.6199
G1 X113.9 Y74.032 E513.73219
G1 X113.9 Y77.632 E513.85192
G1 F2400 E513.05192
G0 F15000 X114.18 Y77.352
G0 X116.396 Y75.153
;TYPE:FILL
G1 F2400 E513.85192
G1 F600 X116.146 Y74.912 E513.86347
G0 F15000 X116.146 Y75.042
G1 F2400 E513.06347
;MESH:NONMESH
G0 F300 Z18.4
G0 F15000 X114.13 Y76.832
G0 X113.035 Y76.832
G0 X106.917 Y76.832
G0 X105.822 Y76.832
G0 X105.252 Y76.832
;TIME_ELAPSED:1116.028360
;LAYER:91
;note -- min layer time used
;TYPE:WALL-INNER
;MESH:nut_holder.stl
G1 F2400 E513.86347
G1 F600 X105.252 Y74.832 E513.92999
G1 X103.476 Y74.832 E513.98906
G1 X103.476 Y76.832 E514.05558
G1 X105.252 Y76.832 E514.11465
G0 F15000 X105.652 Y77.232
G1 F600 X105.652 Y74.432 E514.20778
G1 X103.076 Y74.432 E514.29346
G1 X103.076 Y77.232 E514.38659
G1 X105.652 Y77.232 E514.47226
G0 F15000 X106.052 Y77.632
;TYPE:WALL-OUTER
G1 F600 X106.052 Y74.032 E514.592
G1 X102.676 Y74.032 E514.70429
G1 X102.676 Y77.632 E514.82402
G1 X106.052 Y77.632 E514.93631
G0 F15000 X105.772 Y77.352
G0 X105.172 Y76.626
;TYPE:FILL
G1 F600 X105.062 Y76.663 E514.94017
G1 X104.661 Y76.741 E514.95376
G1 X104.26 Y76.564 E514.96834
G1 X103.859 Y75.764 E514.9981
G1 X103.556 Y75.265 E515.01752
G0 F15000 X103.686 Y75.265
G1 F2400 E514.21752
G0 F15000 X105.822 Y76.832
G0 X106.917 Y76.832
G0 X113.035 Y76.832
G0 X114.13 Y76.832
G0 X114.7 Y76.832
;TYPE:WALL-INNER
G1 F2400 E515.01752
G1 F600 X116.476 Y76.832 E515.07659
G1 X116.476 Y74.832 E515.14311
G1 X114.7 Y74.832 E515.20218
G1 X114.7 Y76.832 E515.2687
G0 F15000 X114.3 Y77.232
G1 F600 X116.876 Y77.232 E515.35438
G1 X116.876 Y74.432 E515.4475
G1 X114.3 Y74.432 E515.53318
G1 X114.3 Y77.232 E515.62631
G0 F15000 X113.9 Y77.632
;TYPE:WALL-OUTER
G1 F600 X117.276 Y77.632 E515.7386
G1 X117.276 Y74.032 E515.85833
G1 X113.9 Y74.032 E515.97062
G1 X113.9 Y77.632 E516.09036
G1 F2400 E515.29036
G0 F15000 X114.18 Y77.352
G0 X116.396 Y75.278
;TYPE:FILL
G1 F2400 E516.09036
G1 F600 X116.29 Y75.103 E516.09716
G1 X116.101 Y74.912 E516.1061
G0 F15000 X116.101 Y75.042
G1 F2400 E515.3061
;MESH:NONMESH
G0 F300 Z18.6
G0 F15000 X114.13 Y76.832
G0 X113.035 Y76.832
G0 X106.917 Y76.832
G0 X105.822 Y76.832
G0 X105.252 Y76.832
;TIME_ELAPSED:1124.507730
;LAYER:92
;note -- min layer time used
;TYPE:WALL-INNER
;MESH:nut_holder.stl
G1 F2400 E516.1061
G1 F600 X105.252 Y74.832 E516.17262
G1 X103.476 Y74.832 E516.23169
G1 X103.476 Y76.832 E516.29821
G1 X105.252 Y76.832 E516.35728
G0 F15000 X105.652 Y77.232
G1 F600 X105.652 Y74.432 E516.45041
G1 X103.076 Y74.432 E516.53609
G1 X103.076 Y77.232 E516.62921
G1 X105.652 Y77.232 E516.71489
G0 F15000 X106.052 Y77.632
;TYPE:WALL-OUTER
G1 F600 X106.052 Y74.032 E516.83463
G1 X102.676 Y74.032 E516.94691
G1 X102.676 Y77.632 E517.06665
G1 X106.052 Y77.632 E517.17894
G1 F2400 E516.37894
G0 F15000 X105.772 Y77.352
G0 X103.671 Y76.752
;TYPE:FILL
G1 F2400 E517.17894
G1 F600 X103.785 Y76.591 E517.1855
G1 X103.803 Y76.19 E517.19885
G1 X103.719 Y75.789 E517.21248
G1 X103.556 Y75.367 E517.22752
G0 F15000 X103.686 Y75.367
G1 F2400 E516.42752
G0 F15000 X105.822 Y76.832
G0 X106.917 Y76.832
G0 X113.035 Y76.832
G0 X114.13 Y76.832
G0 X114.7 Y76.832
;TYPE:WALL-INNER
G1 F2400 E517.22752
G1 F600 X116.476 Y76.832 E517.28659
G1 X116.476 Y74.832 E517.35311
G1 X114.7 Y74.832 E517.41218
G1 X114.7 Y76.832 E517.4787
G0 F15000 X114.3 Y77.232
G1 F600 X116.876 Y77.232 E517.56438
G1 X116.876 Y74.432 E517.65751
G1 X114.3 Y74.432 E517.74319
G1 X114.3 Y77.232 E517.83632
G0 F15000 X113.9 Y77.632
;TYPE:WALL-OUTER
G1 F600 X117.276 Y77.632 E517.9486
G1 X117.276 Y74.032 E518.06834
G1 X113.9 Y74.032 E518.18062
G1 X113.9 Y77.632 E518.30036
G1 F2400 E517.50036
G0 F15000 X114.18 Y77.352
G0 X116.396 Y75.381
;TYPE:FILL
G1 F2400 E518.30036
G1 F600 X116.17 Y74.987 E518.31547
G1 X116.103 Y74.912 E518.31881
G0 F15000 X116.103 Y75.042
G1 F2400 E517.51881
;MESH:NONMESH
G0 F300 Z18.8
G0 F15000 X114.13 Y76.832
G0 X113.035 Y76.832
G0 X106.917 Y76.832
G0 X105.822 Y76.832
G0 X105.252 Y76.832
;TIME_ELAPSED:1133.061955
;LAYER:93
;note -- min layer time used
;TYPE:WALL-INNER
;MESH:nut_holder.stl
G1 F2400 E518.31881
G1 F600 X105.252 Y74.832 E518.38533
G1 X103.476 Y74.832 E518.4444
G1 X103.476 Y76.832 E518.51092
G1 X105.252 Y76.832 E518.56999
G0 F15000 X105.652 Y77.232
G1 F600 X105.652 Y74.432 E518.66312
G1 X103.076 Y74.432 E518.7488
G1 X103.076 Y77.232 E518.84193
G1 X105.652 Y77.232 E518.92761
G0 F15000 X106.052 Y77.632
;TYPE:WALL-OUTER
G1 F600 X106.052 Y74.032 E519.04734
G1 X102.676 Y74.032 E519.15963
G1 X102.676 Y77.632 E519.27937
G1 X106.052 Y77.632 E519.39165
G1 F2400 E518.59165
G0 F15000 X105.772 Y77.352
G0 X103.556 Y76.35
;TYPE:FILL
G1 F2400 E519.39165
G1 F600 X103.604 Y76.19 E519.39721
G1 X103.598 Y75.789 E519.41055
G1 X103.556 Y75.6 E519.41699
G0 F15000 X103.686 Y75.6
G1 F2400 E518.61699
G0 F15000 X105.822 Y76.832
G0 X106.917 Y76.832
G0 X113.035 Y76.832
G0 X114.13 Y76.832
G0 X114.7 Y76.832
;TYPE:WALL-INNER
G1 F2400 E519.41699
G1 F600 X116.476 Y76.832 E519.47606
G1 X116.476 Y74.832 E519.54258
G1 X114.7 Y74.832 E519.60165
G1 X114.7 Y76.832 E519.66817
G0 F15000 X114.3 Y77.232
G1 F600 X116.876 Y77.232 E519.75385
G1 X116.876 Y74.432 E519.84697
G1 X114.3 Y74.432 E519.93265
G1 X114.3 Y77.232 E520.02578
G0 F15000 X113.9 Y77.632
;TYPE:WALL-OUTER
G1 F600 X117.276 Y77.632 E520.13807
G1 X117.276 Y74.032 E520.2578
G1 X113.9 Y74.032 E520.37009
G1 X113.9 Y77.632 E520.48983
G1 F2400 E519.68983
G0 F15000 X114.18 Y77.352
G0 X116.184 Y76.752
;TYPE:FILL
G1 F2400 E520.48983
G1 F600 X116.316 Y76.591 E520.49675
G1 X116.396 Y76.324 E520.50602
G0 F15000 X116.396 Y75.636
G1 F600 X116.341 Y75.388 E520.51447
G1 X116.172 Y74.987 E520.52894
G1 X116.12 Y74.912 E520.53198
G0 F15000 X116.12 Y75.042
G1 F2400 E519.73198
;MESH:NONMESH
G0 F300 Z19
G0 F15000 X114.13 Y76.832
G0 X113.035 Y76.832
G0 X106.917 Y76.832
G0 X105.822 Y76.832
G0 X105.252 Y76.832
;TIME_ELAPSED:1141.659535
;LAYER:94
;note -- min layer time used
;TYPE:WALL-INNER
;MESH:nut_holder.stl
G1 F2400 E520.53198
G1 F600 X105.252 Y74.832 E520.5985
G1 X103.476 Y74.832 E520.65757
G1 X103.476 Y76.832 E520.72409
G1 X105.252 Y76.832 E520.78316
G0 F15000 X105.652 Y77.232
G1 F600 X105.652 Y74.432 E520.87629
G1 X103.076 Y74.432 E520.96197
G1 X103.076 Y77.232 E521.05509
G1 X105.652 Y77.232 E521.14077
G0 F15000 X106.052 Y77.632
;TYPE:WALL-OUTER
G1 F600 X106.052 Y74.032 E521.26051
G1 X102.676 Y74.032 E521.37279
G1 X102.676 Y77.632 E521.49253
G1 X106.052 Y77.632 E521.60482
G0 F15000 X105.042 Y76.74
G1 F2400 E520.80482
G0 F15000 X105.822 Y76.832
G0 X106.917 Y76.832
G0 X113.035 Y76.832
G0 X114.13 Y76.832
G0 X114.7 Y76.832
;TYPE:WALL-INNER
G1 F2400 E521.60482
G1 F600 X116.476 Y76.832 E521.66389
G1 X116.476 Y74.832 E521.73041
G1 X114.7 Y74.832 E521.78948
G1 X114.7 Y76.832 E521.856
G0 F15000 X114.3 Y77.232
G1 F600 X116.876 Y77.232 E521.94168
G1 X116.876 Y74.432 E522.0348
G1 X114.3 Y74.432 E522.12048
G1 X114.3 Y77.232 E522.21361
G0 F15000 X113.9 Y77.632
;TYPE:WALL-OUTER
G1 F600 X117.276 Y77.632 E522.3259
G1 X117.276 Y74.032 E522.44563
G1 X113.9 Y74.032 E522.55792
G1 X113.9 Y77.632 E522.67766
G1 F2400 E521.87766
G0 F15000 X114.18 Y77.352
G0 X115.952 Y76.752
;TYPE:FILL
G1 F2400 E522.67766
G1 F600 X116.091 Y76.591 E522.68473
G1 X116.276 Y76.19 E522.69942
G1 X116.335 Y75.789 E522.7129
G1 X116.306 Y75.388 E522.72627
G1 X116.195 Y74.987 E522.74011
G1 X116.156 Y74.912 E522.74292
G0 F15000 X116.156 Y75.042
G1 F2400 E521.94292
;MESH:NONMESH
G0 F300 Z19.2
G0 F15000 X114.13 Y76.832
G0 X113.035 Y76.832
G0 X106.917 Y76.832
G0 X105.822 Y76.832
G0 X105.252 Y76.832
;TIME_ELAPSED:1149.900964
;LAYER:95
;note -- min layer time used
;TYPE:WALL-INNER
;MESH:nut_holder.stl
G1 F2400 E522.74292
G1 F600 X105.252 Y74.832 E522.80944
G1 X103.476 Y74.832 E522.86851
G1 X103.476 Y76.832 E522.93503
G1 X105.252 Y76.832 E522.9941
G0 F15000 X105.652 Y77.232
G1 F600 X105.652 Y74.432 E523.08723
G1 X103.076 Y74.432 E523.17291
G1 X103.076 Y77.232 E523.26604
G1 X105.652 Y77.232 E523.35172
G0 F15000 X106.052 Y77.632
;TYPE:WALL-OUTER
G1 F600 X106.052 Y74.032 E523.47145
G1 X102.676 Y74.032 E523.58374
G1 X102.676 Y77.632 E523.70348
G1 X106.052 Y77.632 E523.81576
G0 F15000 X105.042 Y76.74
G1 F2400 E523.01576
G0 F15000 X105.822 Y76.832
G0 X106.917 Y76.832
G0 X113.035 Y76.832
G0 X114.13 Y76.832
G0 X114.7 Y76.832
;TYPE:WALL-INNER
G1 F2400 E523.81576
G1 F600 X116.476 Y76.832 E523.87483
G1 X116.476 Y74.832 E523.94135
G1 X114.7 Y74.832 E524.00042
G1 X114.7 Y76.832 E524.06694
G0 F15000 X114.3 Y77.232
G1 F600 X116.876 Y77.232 E524.15262
G1 X116.876 Y74.432 E524.24575
G1 X114.3 Y74.432 E524.33143
G1 X114.3 Y77.232 E524.42455
G0 F15000 X113.9 Y77.632
;TYPE:WALL-OUTER
G1 F600 X117.276 Y77.632 E524.53684
G1 X117.276 Y74.032 E524.65658
G1 X113.9 Y74.032 E524.76886
G1 X113.9 Y77.632 E524.8886
G1 F2400 E524.0886
G0 F15000 X114.18 Y77.352
G0 X115.757 Y76.752
;TYPE:FILL
G1 F2400 E524.8886
G1 F600 X115.904 Y76.591 E524.89585
G1 X116.145 Y76.19 E524.91141
G1 X116.264 Y75.789 E524.92532
G1 X116.291 Y75.388 E524.93869
G1 X116.237 Y74.987 E524.95215
G1 X116.21 Y74.912 E524.9548
G0 F15000 X116.21 Y75.042
G1 F2400 E524.1548
;MESH:NONMESH
G0 F300 Z19.4
G0 F15000 X114.13 Y76.832
G0 X113.035 Y76.832
G0 X106.917 Y76.832
G0 X105.822 Y76.832
G0 X105.252 Y76.832
;TIME_ELAPSED:1158.139916
;LAYER:96
;note -- min layer time used
;TYPE:WALL-INNER
;MESH:nut_holder.stl
G1 F2400 E524.9548
G1 F600 X105.252 Y74.832 E525.02132
G1 X103.476 Y74.832 E525.08039
G1 X103.476 Y76.832 E525.14691
G1 X105.252 Y76.832 E525.20598
G0 F15000 X105.652 Y77.232
G1 F600 X105.652 Y74.432 E525.29911
G1 X103.076 Y74.432 E525.38479
G1 X103.076 Y77.232 E525.47792
G1 X105.652 Y77.232 E525.56359
G0 F15000 X106.052 Y77.632
;TYPE:WALL-OUTER
G1 F600 X106.052 Y74.032 E525.68333
G1 X102.676 Y74.032 E525.79562
G1 X102.676 Y77.632 E525.91535
G1 X106.052 Y77.632 E526.02764
G0 F15000 X105.042 Y76.74
G1 F2400 E525.22764
G0 F15000 X105.822 Y76.832
G0 X106.917 Y76.832
G0 X113.035 Y76.832
G0 X114.13 Y76.832
G0 X114.7 Y76.832
;TYPE:WALL-INNER
G1 F2400 E526.02764
G1 F600 X116.476 Y76.832 E526.08671
G1 X116.476 Y74.832 E526.15323
G1 X114.7 Y74.832 E526.2123
G1 X114.7 Y76.832 E526.27882
G0 F15000 X114.3 Y77.232
G1 F600 X116.876 Y77.232 E526.3645
G1 X116.876 Y74.432 E526.45763
G1 X114.3 Y74.432 E526.5433
G1 X114.3 Y77.232 E526.63643
G0 F15000 X113.9 Y77.632
;TYPE:WALL-OUTER
G1 F600 X117.276 Y77.632 E526.74872
G1 X117.276 Y74.032 E526.86846
G1 X113.9 Y74.032 E526.98074
G1 X113.9 Y77.632 E527.10048
G1 F2400 E526.30048
G0 F15000 X114.18 Y77.352
G0 X115.573 Y76.752
;TYPE:FILL
G1 F2400 E527.10048
G1 F600 X115.733 Y76.591 E527.10803
G1 X116.034 Y76.19 E527.1247
G1 X116.213 Y75.789 E527.13931
G1 X116.296 Y75.388 E527.15293
G1 X116.299 Y74.987 E527.16627
G1 X116.283 Y74.912 E527.16882
G0 F15000 X116.266 Y75.042
G1 F2400 E526.36882
;MESH:NONMESH
G0 F300 Z19.6
G0 F15000 X114.13 Y76.832
G0 X113.035 Y76.832
G0 X106.917 Y76.832
G0 X105.822 Y76.832
G0 X105.252 Y76.832
;TIME_ELAPSED:1166.380515
;LAYER:97
;note -- min layer time used
;TYPE:WALL-INNER
;MESH:nut_holder.stl
G1 F2400 E527.16882
G1 F600 X105.252 Y74.832 E527.23534
G1 X103.476 Y74.832 E527.29441
G1 X103.476 Y76.832 E527.36093
G1 X105.252 Y76.832 E527.42
G0 F15000 X105.652 Y77.232
G1 F600 X105.652 Y74.432 E527.51313
G1 X103.076 Y74.432 E527.59881
G1 X103.076 Y77.232 E527.69193
G1 X105.652 Y77.232 E527.77761
G0 F15000 X106.052 Y77.632
;TYPE:WALL-OUTER
G1 F600 X106.052 Y74.032 E527.89735
G1 X102.676 Y74.032 E528.00964
G1 X102.676 Y77.632 E528.12937
G1 X106.052 Y77.632 E528.24166
G0 F15000 X105.042 Y76.74
G1 F2400 E527.44166
G0 F15000 X105.822 Y76.83
G0 X106.917 Y76.83
G0 X113.035 Y76.83
G0 X114.13 Y76.83
G0 X114.7 Y76.83
;TYPE:WALL-INNER
G1 F2400 E528.24166
G1 F600 X116.472 Y76.829 E528.30059
G1 X116.472 Y74.832 E528.36702
G1 X114.7 Y74.832 E528.42595
G1 X114.7 Y76.83 E528.49241
G0 F15000 X114.3 Y77.231
G1 F600 X116.872 Y77.228 E528.57795
G1 X116.872 Y74.432 E528.67095
G1 X114.3 Y74.432 E528.75649
G1 X114.3 Y77.231 E528.84959
G0 F15000 X113.9 Y77.631
;TYPE:WALL-OUTER
G1 F600 X117.272 Y77.628 E528.96174
G1 X117.272 Y74.032 E529.08134
G1 X113.9 Y74.032 E529.1935
G1 X113.9 Y77.631 E529.3132
G1 F2400 E528.5132
G0 F15000 X114.18 Y77.352
G0 X115.386 Y76.75
;TYPE:FILL
G1 F2400 E529.3132
G1 F600 X115.564 Y76.591 E529.32114
G1 X115.938 Y76.19 E529.33938
G1 X116.181 Y75.789 E529.35497
G1 X116.321 Y75.388 E529.3691
G1 X116.381 Y74.987 E529.38258
G1 X116.376 Y74.912 E529.38508
G0 F15000 X116.265 Y75.042
G1 F2400 E528.58508
;MESH:NONMESH
G0 F300 Z19.8
G0 F15000 X114.13 Y76.832
G0 X113.035 Y76.832
G0 X106.917 Y76.832
G0 X105.822 Y76.832
G0 X105.252 Y76.832
;TIME_ELAPSED:1174.625988
;LAYER:98
;note -- min layer time used
;TYPE:WALL-INNER
;MESH:nut_holder.stl
G1 F2400 E529.38508
G1 F600 X105.252 Y74.832 E529.4516
G1 X103.552 Y74.832 E529.50815
G1 X103.552 Y76.832 E529.57467
G1 X105.252 Y76.832 E529.63121
G0 F15000 X105.652 Y77.232
G1 F600 X105.652 Y74.432 E529.72434
G1 X103.152 Y74.432 E529.80749
G1 X103.152 Y77.232 E529.90062
G1 X105.652 Y77.232 E529.98377
G0 F15000 X106.052 Y77.632
;TYPE:WALL-OUTER
G1 F600 X106.052 Y74.032 E530.1035
G1 X102.752 Y74.032 E530.21326
G1 X102.752 Y77.632 E530.333
G1 X106.052 Y77.632 E530.44276
G1 F2400 E529.64276
G0 F15000 X105.772 Y77.352
G0 X103.632 Y75.071
;TYPE:FILL
G1 F2400 E530.44276
G1 F600 X103.665 Y74.912 E530.44816
G0 F15000 X103.763 Y75.042
G1 F2400 E529.64816
G0 F15000 X105.822 Y76.832
G0 X106.917 Y76.832
G0 X113.035 Y76.832
G0 X114.13 Y76.832
G0 X114.7 Y76.832
;TYPE:WALL-INNER
G1 F2400 E530.44816
G1 F600 X116.396 Y76.832 E530.50457
G1 X116.396 Y74.832 E530.57109
G1 X114.7 Y74.832 E530.6275
G1 X114.7 Y76.832 E530.69402
G0 F15000 X114.3 Y77.232
G1 F600 X116.796 Y77.232 E530.77703
G1 X116.796 Y74.432 E530.87016
G1 X114.3 Y74.432 E530.95318
G1 X114.3 Y77.232 E531.04631
G0 F15000 X113.9 Y77.632
;TYPE:WALL-OUTER
G1 F600 X117.196 Y77.632 E531.15593
G1 X117.196 Y74.032 E531.27567
G1 X113.9 Y74.032 E531.38529
G1 X113.9 Y77.632 E531.50503
G1 F2400 E530.70503
G0 F15000 X114.18 Y77.352
G0 X115.157 Y76.752
;TYPE:FILL
G1 F2400 E531.50503
G1 F600 X115.375 Y76.591 E531.51404
G1 X115.852 Y76.19 E531.53477
G1 X116.168 Y75.789 E531.55175
G1 X116.316 Y75.494 E531.56273
G0 F15000 X116.189 Y75.494
G1 F2400 E530.76273
;MESH:NONMESH
G0 F300 Z20
G0 F15000 X114.13 Y76.832
G0 X113.035 Y76.832
G0 X106.917 Y76.832
G0 X105.822 Y76.832
G0 X105.252 Y76.832
;TIME_ELAPSED:1183.042573
;LAYER:99
;note -- min layer time used
;TYPE:WALL-INNER
;MESH:nut_holder.stl
G1 F2400 E531.56273
G1 F600 X105.252 Y74.832 E531.62925
G1 X103.628 Y74.832 E531.68326
G1 X103.628 Y76.832 E531.74978
G1 X105.252 Y76.832 E531.8038
G0 F15000 X105.652 Y77.232
G1 F600 X105.652 Y74.432 E531.89693
G1 X103.228 Y74.432 E531.97755
G1 X103.228 Y77.232 E532.07068
G1 X105.652 Y77.232 E532.1513
G0 F15000 X106.052 Y77.632
;TYPE:WALL-OUTER
G1 F600 X106.052 Y74.032 E532.27104
G1 X102.828 Y74.032 E532.37827
G1 X102.828 Y77.632 E532.498
G1 X106.052 Y77.632 E532.60523
G1 F2400 E531.80523
G0 F15000 X105.772 Y77.352
G0 X103.708 Y75.173
;TYPE:FILL
G1 F2400 E532.60523
G1 F600 X103.819 Y74.912 E532.61467
G0 F15000 X103.84 Y75.042
G1 F2400 E531.81467
G0 F15000 X105.822 Y76.832
G0 X106.917 Y76.832
G0 X113.035 Y76.832
G0 X114.13 Y76.832
G0 X114.7 Y76.832
;TYPE:WALL-INNER
G1 F2400 E532.61467
G1 F600 X116.32 Y76.832 E532.66855
G1 X116.32 Y74.832 E532.73507
G1 X114.7 Y74.832 E532.78895
G1 X114.7 Y76.832 E532.85547
G0 F15000 X114.3 Y77.232
G1 F600 X116.72 Y77.232 E532.93596
G1 X116.72 Y74.432 E533.02909
G1 X114.3 Y74.432 E533.10958
G1 X114.3 Y77.232 E533.20271
G0 F15000 X113.9 Y77.632
;TYPE:WALL-OUTER
G1 F600 X117.12 Y77.632 E533.3098
G1 X117.12 Y74.032 E533.42954
G1 X113.9 Y74.032 E533.53664
G1 X113.9 Y77.632 E533.65638
G0 F15000 X114.18 Y77.352
G0 X114.801 Y76.752
;TYPE:FILL
G1 F600 X115.118 Y76.591 E533.6682
G1 X115.774 Y76.19 E533.69377
G1 X116.179 Y75.789 E533.71273
G1 X116.24 Y75.696 E533.71643
G0 F15000 X116.112 Y75.696
G1 F2400 E532.91643
;MESH:NONMESH
G0 F300 Z20.2
G0 F15000 X114.13 Y76.832
G0 X113.035 Y76.832
G0 X106.917 Y76.832
G0 X105.822 Y76.832
G0 X105.252 Y76.832
;TIME_ELAPSED:1191.232584
;LAYER:100
;note -- min layer time used
;TYPE:WALL-INNER
;MESH:nut_holder.stl
G1 F2400 E533.71643
G1 F600 X105.252 Y74.832 E533.78295
G1 X103.704 Y74.832 E533.83444
G1 X103.704 Y76.832 E533.90096
G1 X105.252 Y76.832 E533.95244
G0 F15000 X105.652 Y77.232
G1 F600 X105.652 Y74.432 E534.04557
G1 X103.304 Y74.432 E534.12367
G1 X103.304 Y77.232 E534.21679
G1 X105.652 Y77.232 E534.29489
G0 F15000 X106.052 Y77.632
;TYPE:WALL-OUTER
G1 F600 X106.052 Y74.032 E534.41463
G1 X102.904 Y74.032 E534.51933
G1 X102.904 Y77.632 E534.63906
G1 X106.052 Y77.632 E534.74377
G1 F2400 E533.94377
G0 F15000 X105.772 Y77.352
G0 X103.784 Y75.263
;TYPE:FILL
G1 F2400 E534.74377
G1 F600 X104.018 Y74.912 E534.7578
G0 F15000 X104.018 Y75.042
G1 F2400 E533.9578
G0 F15000 X105.822 Y76.832
G0 X106.917 Y76.832
G0 X113.035 Y76.832
G0 X114.13 Y76.832
G0 X114.7 Y76.832
;TYPE:WALL-INNER
G1 F2400 E534.7578
G1 F600 X116.244 Y76.832 E534.80915
G1 X116.244 Y74.832 E534.87567
G1 X114.7 Y74.832 E534.92703
G1 X114.7 Y76.832 E534.99355
G0 F15000 X114.3 Y77.232
G1 F600 X116.644 Y77.232 E535.07151
G1 X116.644 Y74.432 E535.16464
G1 X114.3 Y74.432 E535.2426
G1 X114.3 Y77.232 E535.33573
G0 F15000 X113.9 Y77.632
;TYPE:WALL-OUTER
G1 F600 X117.044 Y77.632 E535.4403
G1 X117.044 Y74.032 E535.56003
G1 X113.9 Y74.032 E535.6646
G1 X113.9 Y77.632 E535.78434
G0 F15000 X114.18 Y77.352
G0 X114.78 Y76.518
;TYPE:FILL
G1 F600 X115.087 Y76.452 E535.79478
G1 X115.488 Y76.301 E535.80903
G1 X115.889 Y76.069 E535.82444
G1 X116.164 Y75.823 E535.83672
G0 F15000 X116.035 Y75.823
G1 F2400 E535.03672
;MESH:NONMESH
G0 F300 Z20.4
G0 F15000 X114.13 Y76.832
G0 X113.035 Y76.832
G0 X106.917 Y76.832
G0 X105.822 Y76.832
G0 X105.252 Y76.832
;TIME_ELAPSED:1199.317747
;LAYER:101
;note -- min layer time used
;TYPE:WALL-INNER
;MESH:nut_holder.stl
G1 F2400 E535.83672
G1 F600 X105.252 Y74.832 E535.90324
G1 X103.784 Y74.832 E535.95206
G1 X103.784 Y76.832 E536.01858
G1 X105.252 Y76.832 E536.06741
G0 F15000 X105.652 Y77.232
G1 F600 X105.652 Y74.432 E536.16054
G1 X103.384 Y74.432 E536.23597
G1 X103.384 Y77.232 E536.3291
G1 X105.652 Y77.232 E536.40453
G0 F15000 X106.052 Y77.632
;TYPE:WALL-OUTER
G1 F600 X106.052 Y74.032 E536.52427
G1 X102.984 Y74.032 E536.62631
G1 X102.984 Y77.632 E536.74605
G1 X106.052 Y77.632 E536.84809
G1 F2400 E536.04809
G0 F15000 X105.772 Y77.352
G0 X103.864 Y75.367
;TYPE:FILL
G1 F2400 E536.84809
G1 F600 X104.236 Y74.912 E536.86764
G0 F15000 X104.236 Y75.042
G1 F2400 E536.06764
G0 F15000 X105.822 Y76.832
G0 X106.917 Y76.832
G0 X113.035 Y76.832
G0 X114.13 Y76.832
G0 X114.7 Y76.832
;TYPE:WALL-INNER
G1 F2400 E536.86764
G1 F600 X116.168 Y76.832 E536.91646
G1 X116.168 Y74.832 E536.98298
G1 X114.7 Y74.832 E537.03181
G1 X114.7 Y76.832 E537.09833
G0 F15000 X114.3 Y77.232
G1 F600 X116.568 Y77.232 E537.17376
G1 X116.568 Y74.432 E537.26689
G1 X114.3 Y74.432 E537.34233
G1 X114.3 Y77.232 E537.43545
G0 F15000 X113.9 Y77.632
;TYPE:WALL-OUTER
G1 F600 X116.968 Y77.632 E537.5375
G1 X116.968 Y74.032 E537.65723
G1 X113.9 Y74.032 E537.75927
G1 X113.9 Y77.632 E537.87901
G1 F2400 E537.07901
G0 F15000 X114.18 Y77.352
G0 X114.78 Y76.336
;TYPE:FILL
G1 F2400 E537.87901
G1 F600 X115.087 Y76.331 E537.88922
G1 X115.488 Y76.241 E537.90289
G1 X115.889 Y76.071 E537.91738
G1 X116.088 Y75.933 E537.92543
G0 F15000 X115.958 Y75.933
G1 F2400 E537.12543
;MESH:NONMESH
G0 F300 Z20.6
G0 F15000 X114.13 Y76.832
G0 X113.035 Y76.832
G0 X106.917 Y76.832
G0 X105.822 Y76.832
G0 X105.252 Y76.832
;TIME_ELAPSED:1207.431678
;LAYER:102
;note -- min layer time used
;TYPE:WALL-INNER
;MESH:nut_holder.stl
G1 F2400 E537.92543
G1 F600 X105.252 Y74.832 E537.99195
G1 X103.86 Y74.832 E538.03825
G1 X103.86 Y76.832 E538.10477
G1 X105.252 Y76.832 E538.15107
G0 F15000 X105.652 Y77.232
G1 F600 X105.652 Y74.432 E538.2442
G1 X103.46 Y74.432 E538.3171
G1 X103.46 Y77.232 E538.41023
G1 X105.652 Y77.232 E538.48314
G0 F15000 X106.052 Y77.632
;TYPE:WALL-OUTER
G1 F600 X106.052 Y74.032 E538.60288
G1 X103.06 Y74.032 E538.70239
G1 X103.06 Y77.632 E538.82213
G1 X106.052 Y77.632 E538.92164
G1 F2400 E538.12164
G0 F15000 X105.772 Y77.352
G0 X103.94 Y75.463
;TYPE:FILL
G1 F2400 E538.92164
G1 F600 X104.26 Y75.127 E538.93707
G1 X104.509 Y74.912 E538.94802
G0 F15000 X104.509 Y75.042
G1 F2400 E538.14802
G0 F15000 X105.822 Y76.832
G0 X106.917 Y76.832
G0 X113.035 Y76.832
G0 X114.13 Y76.832
G0 X114.7 Y76.832
;TYPE:WALL-INNER
G1 F2400 E538.94802
G1 F600 X116.088 Y76.832 E538.99418
G1 X116.088 Y74.832 E539.0607
G1 X114.7 Y74.832 E539.10687
G1 X114.7 Y76.832 E539.17339
G0 F15000 X114.3 Y77.232
G1 F600 X116.488 Y77.232 E539.24616
G1 X116.488 Y74.432 E539.33929
G1 X114.3 Y74.432 E539.41206
G1 X114.3 Y77.232 E539.50519
G0 F15000 X113.9 Y77.632
;TYPE:WALL-OUTER
G1 F600 X116.888 Y77.632 E539.60457
G1 X116.888 Y74.032 E539.72431
G1 X113.9 Y74.032 E539.82369
G1 X113.9 Y77.632 E539.94343
G1 F2400 E539.14343
G0 F15000 X114.18 Y77.352
G0 X114.78 Y76.192
;TYPE:FILL
G1 F2400 E539.94343
G1 F600 X115.087 Y76.236 E539.95374
G1 X115.488 Y76.205 E539.96712
G1 X115.889 Y76.093 E539.98097
G1 X116.008 Y76.031 E539.98543
G0 F15000 X115.881 Y76.031
G1 F2400 E539.18543
;MESH:NONMESH
G0 F300 Z20.8
G0 F15000 X114.13 Y76.832
G0 X113.035 Y76.832
G0 X106.917 Y76.832
G0 X105.822 Y76.832
G0 X105.252 Y76.832
;TIME_ELAPSED:1215.452680
;LAYER:103
;note -- min layer time used
;TYPE:WALL-INNER
;MESH:nut_holder.stl
G1 F2400 E539.98543
G1 F600 X105.252 Y74.832 E540.05195
G1 X103.936 Y74.832 E540.09572
G1 X103.936 Y76.832 E540.16224
G1 X105.252 Y76.832 E540.20601
G0 F15000 X105.652 Y77.232
G1 F600 X105.652 Y74.432 E540.29914
G1 X103.536 Y74.432 E540.36952
G1 X103.536 Y77.232 E540.46264
G1 X105.652 Y77.232 E540.53302
G0 F15000 X106.052 Y77.632
;TYPE:WALL-OUTER
G1 F600 X106.052 Y74.032 E540.65276
G1 X103.136 Y74.032 E540.74975
G1 X103.136 Y77.632 E540.86948
G1 X106.052 Y77.632 E540.96647
G1 F2400 E540.16647
G0 F15000 X105.772 Y77.352
G0 X104.016 Y75.567
;TYPE:FILL
G1 F2400 E540.96647
G1 F600 X104.661 Y74.969 E540.99572
G1 X104.756 Y74.912 E540.99941
G0 F15000 X104.756 Y75.042
G1 F2400 E540.19941
G0 F15000 X105.822 Y76.832
G0 X106.917 Y76.832
G0 X113.035 Y76.832
G0 X114.13 Y76.832
G0 X114.7 Y76.832
;TYPE:WALL-INNER
G1 F2400 E540.99941
G1 F600 X116.012 Y76.832 E541.04305
G1 X116.012 Y74.832 E541.10957
G1 X114.7 Y74.832 E541.1532
G1 X114.7 Y76.832 E541.21972
G0 F15000 X114.3 Y77.232
G1 F600 X116.412 Y77.232 E541.28997
G1 X116.412 Y74.432 E541.3831
G1 X114.3 Y74.432 E541.45334
G1 X114.3 Y77.232 E541.54647
G0 F15000 X113.9 Y77.632
;TYPE:WALL-OUTER
G1 F600 X116.812 Y77.632 E541.64332
G1 X116.812 Y74.032 E541.76306
G1 X113.9 Y74.032 E541.85991
G1 X113.9 Y77.632 E541.97965
G1 F2400 E541.17965
G0 F15000 X114.18 Y77.352
G0 X114.78 Y76.074
;TYPE:FILL
G1 F2400 E541.97965
G1 F600 X115.087 Y76.164 E541.99029
G1 X115.488 Y76.19 E542.00366
G1 X115.889 Y76.135 E542.01712
G1 X115.932 Y76.119 E542.01864
G0 F15000 X115.804 Y76.119
G1 F2400 E541.21864
;MESH:NONMESH
G0 F300 Z21
G0 F15000 X114.13 Y76.832
G0 X113.035 Y76.832
G0 X106.917 Y76.832
G0 X105.822 Y76.832
G0 X105.252 Y76.832
;TIME_ELAPSED:1223.386485
;LAYER:104
;note -- min layer time used
;TYPE:WALL-INNER
;MESH:nut_holder.stl
G1 F2400 E542.01864
G1 F600 X105.252 Y74.832 E542.08517
G1 X104.016 Y74.832 E542.12627
G1 X104.016 Y76.832 E542.1928
G1 X105.252 Y76.832 E542.2339
G0 F15000 X105.652 Y77.232
G1 F600 X105.652 Y74.432 E542.32703
G1 X103.616 Y74.432 E542.39475
G1 X103.616 Y77.232 E542.48788
G1 X105.652 Y77.232 E542.5556
G0 F15000 X106.052 Y77.632
;TYPE:WALL-OUTER
G1 F600 X106.052 Y74.032 E542.67533
G1 X103.216 Y74.032 E542.76966
G1 X103.216 Y77.632 E542.8894
G1 X106.052 Y77.632 E542.98372
G1 F2400 E542.18372
G0 F15000 X105.772 Y77.352
G0 X104.096 Y75.683
;TYPE:FILL
G1 F2400 E542.98372
G1 F600 X104.26 Y75.537 E542.99102
G1 X104.661 Y75.139 E543.00982
G1 X104.965 Y74.912 E543.02243
G0 F15000 X104.965 Y75.042
G1 F2400 E542.22243
G0 F15000 X105.822 Y76.832
G0 X106.917 Y76.832
G0 X113.035 Y76.832
G0 X114.13 Y76.832
G0 X114.7 Y76.832
;TYPE:WALL-INNER
G1 F2400 E543.02243
G1 F600 X115.936 Y76.832 E543.06354
G1 X115.936 Y74.832 E543.13006
G1 X114.7 Y74.832 E543.17117
G1 X114.7 Y76.832 E543.23769
G0 F15000 X114.3 Y77.232
G1 F600 X116.336 Y77.232 E543.30541
G1 X116.336 Y74.432 E543.39854
G1 X114.3 Y74.432 E543.46626
G1 X114.3 Y77.232 E543.55939
G0 F15000 X113.9 Y77.632
;TYPE:WALL-OUTER
G1 F600 X116.736 Y77.632 E543.65371
G1 X116.736 Y74.032 E543.77345
G1 X113.9 Y74.032 E543.86777
G1 X113.9 Y77.632 E543.98751
G1 F2400 E543.18751
G0 F15000 X114.18 Y77.352
G0 X114.78 Y75.977
;TYPE:FILL
G1 F2400 E543.98751
G1 F600 X115.087 Y76.113 E543.99868
G1 X115.488 Y76.195 E544.01229
G1 X115.856 Y76.196 E544.02453
G0 F15000 X115.726 Y76.196
G1 F2400 E543.22453
;MESH:NONMESH
G0 F300 Z21.2
G0 F15000 X114.13 Y76.832
G0 X113.035 Y76.832
G0 X106.917 Y76.832
G0 X105.822 Y76.832
G0 X105.252 Y76.832
;TIME_ELAPSED:1231.231256
;LAYER:105
;note -- min layer time used
;TYPE:WALL-INNER
;MESH:nut_holder.stl
G1 F2400 E544.02453
G1 F600 X105.252 Y74.832 E544.09105
G1 X104.092 Y74.832 E544.12963
G1 X104.092 Y76.832 E544.19615
G1 X105.252 Y76.832 E544.23474
G0 F15000 X105.652 Y77.232
G1 F600 X105.652 Y74.432 E544.32786
G1 X103.692 Y74.432 E544.39305
G1 X103.692 Y77.232 E544.48618
G1 X105.652 Y77.232 E544.55137
G0 F15000 X106.052 Y77.632
;TYPE:WALL-OUTER
G1 F600 X106.052 Y74.032 E544.67111
G1 X103.292 Y74.032 E544.76291
G1 X103.292 Y77.632 E544.88264
G1 X106.052 Y77.632 E544.97444
G1 F2400 E544.17444
G0 F15000 X105.772 Y77.352
G0 X104.172 Y75.832
;TYPE:FILL
G1 F2400 E544.97444
G1 F600 X104.26 Y75.758 E544.97827
G1 X104.661 Y75.309 E544.99829
G1 X105.062 Y74.936 E545.0165
G1 X105.102 Y74.912 E545.01805
G0 F15000 X105.042 Y75.042
G1 F2400 E544.21805
G0 F15000 X105.822 Y76.832
G0 X106.917 Y76.832
G0 X113.035 Y76.832
G0 X114.13 Y76.832
G0 X114.7 Y76.832
;TYPE:WALL-INNER
G1 F2400 E545.01805
G1 F600 X115.856 Y76.832 E545.0565
G1 X115.856 Y74.832 E545.12302
G1 X114.7 Y74.832 E545.16147
G1 X114.7 Y76.832 E545.22799
G0 F15000 X114.3 Y77.232
G1 F600 X116.256 Y77.232 E545.29305
G1 X116.256 Y74.432 E545.38618
G1 X114.3 Y74.432 E545.45123
G1 X114.3 Y77.232 E545.54436
G0 F15000 X113.9 Y77.632
;TYPE:WALL-OUTER
G1 F600 X116.656 Y77.632 E545.63603
G1 X116.656 Y74.032 E545.75576
G1 X113.9 Y74.032 E545.84743
G1 X113.9 Y77.632 E545.96717
G1 F2400 E545.16717
G0 F15000 X114.18 Y77.352
G0 X114.78 Y75.895
;TYPE:FILL
G1 F2400 E545.96717
G1 F600 X115.087 Y76.08 E545.97909
G1 X115.488 Y76.22 E545.99321
G1 X115.776 Y76.262 E546.00289
G0 F15000 X115.649 Y76.262
G1 F2400 E545.20289
;MESH:NONMESH
G0 F300 Z21.4
G0 F15000 X114.13 Y76.832
G0 X113.035 Y76.832
G0 X106.917 Y76.832
G0 X105.822 Y76.832
G0 X105.252 Y76.832
;TIME_ELAPSED:1238.987007
;LAYER:106
;note -- min layer time used
;TYPE:WALL-INNER
;MESH:nut_holder.stl
G1 F2400 E546.00289
G1 F600 X105.252 Y74.832 E546.06941
G1 X104.168 Y74.832 E546.10547
G1 X104.168 Y76.832 E546.17199
G1 X105.252 Y76.832 E546.20804
G0 F15000 X105.652 Y77.232
G1 F600 X105.652 Y74.432 E546.30117
G1 X103.768 Y74.432 E546.36383
G1 X103.768 Y77.232 E546.45696
G1 X105.652 Y77.232 E546.51962
G0 F15000 X106.052 Y77.632
;TYPE:WALL-OUTER
G1 F600 X106.052 Y74.032 E546.63936
G1 X103.368 Y74.032 E546.72863
G1 X103.368 Y77.632 E546.84837
G1 X106.052 Y77.632 E546.93764
G1 F2400 E546.13764
G0 F15000 X105.772 Y77.352
G0 X104.248 Y76.047
;TYPE:FILL
G1 F2400 E546.93764
G1 F600 X104.661 Y75.497 E546.96051
G1 X105.062 Y75.022 E546.98119
G1 X105.172 Y74.936 E546.98583
G0 F15000 X105.042 Y75.042
G1 F2400 E546.18583
G0 F15000 X105.822 Y76.832
G0 X106.917 Y76.832
G0 X113.035 Y76.832
G0 X114.13 Y76.832
G0 X114.7 Y76.832
;TYPE:WALL-INNER
G1 F2400 E546.98583
G1 F600 X115.78 Y76.832 E547.02175
G1 X115.78 Y74.832 E547.08827
G1 X114.7 Y74.832 E547.1242
G1 X114.7 Y76.832 E547.19072
G0 F15000 X114.3 Y77.232
G1 F600 X116.18 Y77.232 E547.25324
G1 X116.18 Y74.432 E547.34637
G1 X114.3 Y74.432 E547.4089
G1 X114.3 Y77.232 E547.50203
G0 F15000 X113.9 Y77.632
;TYPE:WALL-OUTER
G1 F600 X116.58 Y77.632 E547.59117
G1 X116.58 Y74.032 E547.7109
G1 X113.9 Y74.032 E547.80004
G1 X113.9 Y77.632 E547.91978
G1 F2400 E547.11978
G0 F15000 X114.18 Y77.352
G0 X114.78 Y75.827
;TYPE:FILL
G1 F2400 E547.91978
G1 F600 X115.087 Y76.067 E547.93274
G1 X115.488 Y76.267 E547.94764
G1 X115.7 Y76.329 E547.95499
G0 F15000 X115.572 Y76.329
G1 F2400 E547.15499
;MESH:NONMESH
G0 F300 Z21.6
G0 F15000 X114.13 Y76.832
G0 X113.035 Y76.832
G0 X106.917 Y76.832
G0 X105.822 Y76.832
G0 X105.252 Y76.832
;TIME_ELAPSED:1246.656836
;LAYER:107
;note -- min layer time used
;TYPE:WALL-INNER
;MESH:nut_holder.stl
G1 F2400 E547.95499
G1 F600 X105.252 Y74.832 E548.02151
G1 X104.244 Y74.832 E548.05504
G1 X104.244 Y76.832 E548.12156
G1 X105.252 Y76.832 E548.15508
G0 F15000 X105.652 Y77.232
G1 F600 X105.652 Y74.432 E548.24821
G1 X103.844 Y74.432 E548.30834
G1 X103.844 Y77.232 E548.40147
G1 X105.652 Y77.232 E548.46161
G0 F15000 X106.052 Y77.632
;TYPE:WALL-OUTER
G1 F600 X106.052 Y74.032 E548.58134
G1 X103.444 Y74.032 E548.66809
G1 X103.444 Y77.632 E548.78782
G1 X106.052 Y77.632 E548.87457
G1 F2400 E548.07457
G0 F15000 X105.772 Y77.352
G0 X104.324 Y76.406
;TYPE:FILL
G1 F2400 E548.87457
G1 F600 X104.661 Y75.751 E548.89906
G1 X105.062 Y75.1 E548.9245
G1 X105.172 Y74.99 E548.92967
G0 F15000 X105.042 Y75.042
G1 F2400 E548.12967
G0 F15000 X105.822 Y76.832
G0 X106.917 Y76.832
G0 X113.035 Y76.832
G0 X114.13 Y76.832
G0 X114.7 Y76.832
;TYPE:WALL-INNER
G1 F2400 E548.92967
G1 F600 X115.704 Y76.832 E548.96306
G1 X115.704 Y74.832 E549.02958
G1 X114.7 Y74.832 E549.06298
G1 X114.7 Y76.832 E549.1295
G0 F15000 X114.3 Y77.232
G1 F600 X116.104 Y77.232 E549.1895
G1 X116.104 Y74.432 E549.28263
G1 X114.3 Y74.432 E549.34263
G1 X114.3 Y77.232 E549.43576
G0 F15000 X113.9 Y77.632
;TYPE:WALL-OUTER
G1 F600 X116.504 Y77.632 E549.52236
G1 X116.504 Y74.032 E549.6421
G1 X113.9 Y74.032 E549.72871
G1 X113.9 Y77.632 E549.84845
G1 F2400 E549.04845
G0 F15000 X114.18 Y77.352
G0 X114.78 Y75.769
;TYPE:FILL
G1 F2400 E549.84845
G1 F600 X115.087 Y76.077 E549.86291
G1 X115.488 Y76.339 E549.87884
G1 X115.624 Y76.401 E549.88381
G0 F15000 X115.495 Y76.401
G1 F2400 E549.08381
;MESH:NONMESH
G0 F300 Z21.8
G0 F15000 X114.13 Y76.832
G0 X113.035 Y76.832
G0 X106.917 Y76.832
G0 X105.822 Y76.832
G0 X105.336 Y76.832
;TIME_ELAPSED:1254.240150
;LAYER:108
;note -- min layer time used
;TYPE:WALL-INNER
;MESH:nut_holder.stl
G1 F2400 E549.88381
G1 F600 X105.336 Y74.832 E549.95033
G1 X104.324 Y74.832 E549.98399
G1 X104.324 Y76.832 E550.05051
G1 X105.336 Y76.832 E550.08417
G0 F15000 X105.736 Y77.232
G1 F600 X105.736 Y74.432 E550.1773
G1 X103.924 Y74.432 E550.23757
G1 X103.924 Y77.232 E550.3307
G1 X105.736 Y77.232 E550.39096
G0 F15000 X106.136 Y77.632
;TYPE:WALL-OUTER
G1 F600 X106.136 Y74.032 E550.5107
G1 X103.524 Y74.032 E550.59758
G1 X103.524 Y77.632 E550.71731
G1 X106.136 Y77.632 E550.80419
G1 F2400 E550.00419
G0 F15000 X105.858 Y77.352
G0 X104.833 Y76.752
;TYPE:FILL
G1 F2400 E550.80419
G1 F600 X104.721 Y76.591 E550.81071
G1 X104.709 Y76.19 E550.82406
G1 X104.797 Y75.789 E550.83771
G1 X104.95 Y75.388 E550.85198
G1 X105.182 Y74.987 E550.86739
G1 X105.249 Y74.912 E550.87074
G0 F15000 X105.128 Y75.042
G1 F2400 E550.07074
G0 F15000 X105.908 Y76.832
G0 X107.003 Y76.832
G0 X112.949 Y76.832
G0 X114.044 Y76.832
G0 X114.612 Y76.832
;TYPE:WALL-INNER
G1 F2400 E550.87074
G1 F600 X115.628 Y76.832 E550.90453
G1 X115.628 Y74.832 E550.97105
G1 X114.612 Y74.832 E551.00484
G1 X114.612 Y76.832 E551.07136
G0 F15000 X114.212 Y77.232
G1 F600 X116.028 Y77.232 E551.13176
G1 X116.028 Y74.432 E551.22489
G1 X114.212 Y74.432 E551.28529
G1 X114.212 Y77.232 E551.37842
G0 F15000 X113.812 Y77.632
;TYPE:WALL-OUTER
G1 F600 X116.428 Y77.632 E551.46543
G1 X116.428 Y74.032 E551.58517
G1 X113.812 Y74.032 E551.67217
G1 X113.812 Y77.632 E551.79191
G1 F2400 E550.99191
G0 F15000 X114.094 Y77.352
G0 X115.548 Y76.466
;TYPE:FILL
G1 F2400 E551.79191
G1 F600 X115.166 Y76.19 E551.80759
G1 X114.806 Y75.789 E551.82551
G1 X114.692 Y75.592 E551.83308
G0 F15000 X114.824 Y75.592
G1 F2400 E551.03308
;MESH:NONMESH
G0 F300 Z22
G0 F15000 X114.044 Y76.832
G0 X112.949 Y76.832
G0 X107.003 Y76.832
G0 X105.908 Y76.832
G0 X105.428 Y76.832
G0 X105.684 Y76.832
;TIME_ELAPSED:1261.940346
;LAYER:109
;note -- min layer time used
;TYPE:WALL-INNER
;MESH:nut_holder.stl
G1 F2400 E551.83308
G1 F600 X105.684 Y74.832 E551.8996
G1 X104.4 Y74.832 E551.94231
G1 X104.4 Y76.832 E552.00883
G1 X105.684 Y76.832 E552.05153
G0 F15000 X106.084 Y77.232
G1 F600 X106.084 Y74.432 E552.14466
G1 X104 Y74.432 E552.21397
G1 X104 Y77.232 E552.3071
G1 X106.084 Y77.232 E552.37642
G1 F2400 E551.57642
G0 F15000 X105.775 Y76.952
G0 X103.881 Y77.352
G0 X103.6 Y77.632
;TYPE:WALL-OUTER
G1 F2400 E552.37642
G1 F600 X106.484 Y77.632 E552.47234
G1 X106.484 Y74.032 E552.59208
G1 X103.6 Y74.032 E552.688
G1 X103.6 Y77.632 E552.80773
G1 F2400 E552.00773
G0 F15000 X103.881 Y77.352
G0 X105.158 Y76.752
;TYPE:FILL
G1 F2400 E552.80773
G1 F600 X105.026 Y76.591 E552.81466
G1 X104.91 Y76.19 E552.82854
G1 X104.919 Y75.789 E552.84188
G1 X105.01 Y75.388 E552.85556
G1 X105.181 Y74.987 E552.87006
G1 X105.233 Y74.912 E552.8731
G0 F15000 X105.233 Y75.042
G1 F2400 E552.0731
G0 F15000 X106.255 Y76.832
G0 X107.35 Y76.832
G0 X112.602 Y76.832
G0 X113.697 Y76.832
G0 X114.264 Y76.832
;TYPE:WALL-INNER
G1 F2400 E552.8731
G1 F600 X115.548 Y76.832 E552.9158
G1 X115.548 Y74.832 E552.98232
G1 X114.264 Y74.832 E553.02503
G1 X114.264 Y76.832 E553.09155
G0 F15000 X113.864 Y77.232
G1 F600 X115.948 Y77.232 E553.16086
G1 X115.948 Y74.432 E553.25399
G1 X113.864 Y74.432 E553.3233
G1 X113.864 Y77.232 E553.41643
G1 F2400 E552.61643
G0 F15000 X114.177 Y76.952
G0 X116.071 Y77.352
G0 X116.348 Y77.632
;TYPE:WALL-OUTER
G1 F2400 E553.41643
G1 F600 X116.348 Y74.032 E553.53617
G1 X113.464 Y74.032 E553.63209
G1 X113.464 Y77.632 E553.75183
G1 X116.348 Y77.632 E553.84775
G0 F15000 X116.071 Y77.352
G0 X115.468 Y76.554
;TYPE:FILL
G1 F600 X115.085 Y76.19 E553.86532
G1 X114.805 Y75.789 E553.88159
G1 X114.634 Y75.388 E553.89609
G1 X114.543 Y74.987 E553.90977
G1 X114.541 Y74.912 E553.91226
G0 F15000 X114.541 Y75.042
G1 F2400 E553.11226
;MESH:NONMESH
G0 F300 Z22.2
G0 F15000 X113.697 Y76.832
G0 X112.602 Y76.832
G0 X107.35 Y76.832
G0 X106.255 Y76.832
G0 X105.775 Y76.832
G0 X106.028 Y76.832
;TIME_ELAPSED:1270.333226
;LAYER:110
;note -- min layer time used
;TYPE:WALL-INNER
;MESH:nut_holder.stl
G1 F2400 E553.91226
G1 F600 X106.028 Y74.832 E553.97878
G1 X104.476 Y74.832 E554.0304
G1 X104.476 Y76.832 E554.09692
G1 X106.028 Y76.832 E554.14854
G0 F15000 X106.428 Y77.232
G1 F600 X106.428 Y74.432 E554.24167
G1 X104.076 Y74.432 E554.3199
G1 X104.076 Y77.232 E554.41303
G1 X106.428 Y77.232 E554.49125
G1 F2400 E553.69125
G0 F15000 X106.121 Y76.952
G0 X103.958 Y77.352
G0 X103.676 Y77.632
;TYPE:WALL-OUTER
G1 F2400 E554.49125
G1 F600 X106.828 Y77.632 E554.59609
G1 X106.828 Y74.032 E554.71583
G1 X103.676 Y74.032 E554.82066
G1 X103.676 Y77.632 E554.9404
G1 F2400 E554.1404
G0 F15000 X103.958 Y77.352
G0 X105.393 Y76.752
;TYPE:FILL
G1 F2400 E554.9404
G1 F600 X105.254 Y76.591 E554.94747
G1 X105.071 Y76.19 E554.96213
G1 X105.014 Y75.789 E554.97561
G1 X105.046 Y75.388 E554.98899
G1 X105.159 Y74.987 E555.00284
G1 X105.199 Y74.912 E555.00567
G0 F15000 X105.199 Y75.042
G1 F2400 E554.20567
G0 F15000 X106.601 Y76.832
G0 X107.696 Y76.832
G0 X112.256 Y76.832
G0 X113.351 Y76.832
G0 X113.92 Y76.832
;TYPE:WALL-INNER
G1 F2400 E555.00567
G1 F600 X115.472 Y76.832 E555.05729
G1 X115.472 Y74.832 E555.12381
G1 X113.92 Y74.832 E555.17543
G1 X113.92 Y76.832 E555.24195
G0 F15000 X113.52 Y77.232
G1 F600 X115.872 Y77.232 E555.32018
G1 X115.872 Y74.432 E555.41331
G1 X113.52 Y74.432 E555.49153
G1 X113.52 Y77.232 E555.58466
G1 F2400 E554.78466
G0 F15000 X113.831 Y76.952
G0 X115.994 Y77.352
G0 X116.272 Y77.632
;TYPE:WALL-OUTER
G1 F2400 E555.58466
G1 F600 X116.272 Y74.032 E555.7044
G1 X113.12 Y74.032 E555.80923
G1 X113.12 Y77.632 E555.92897
G1 X116.272 Y77.632 E556.03381
G0 F15000 X115.994 Y77.352
G0 X115.392 Y76.649
;TYPE:FILL
G1 F600 X115.331 Y76.591 E556.03661
G1 X114.995 Y76.19 E556.05401
G1 X114.783 Y75.789 E556.06909
G1 X114.67 Y75.388 E556.08295
G1 X114.638 Y74.987 E556.09633
G1 X114.649 Y74.912 E556.09885
G0 F15000 X114.649 Y75.042
G1 F2400 E555.29885
;MESH:NONMESH
G0 F300 Z22.4
G0 F15000 X113.351 Y76.832
G0 X112.256 Y76.832
G0 X107.696 Y76.832
G0 X106.601 Y76.832
G0 X106.121 Y76.832
G0 X106.376 Y76.832
;TIME_ELAPSED:1279.047841
;LAYER:111
;note -- min layer time used
;TYPE:WALL-INNER
;MESH:nut_holder.stl
G1 F2400 E556.09885
G1 F600 X106.376 Y74.832 E556.16537
G1 X104.564 Y74.832 E556.22564
G1 X104.564 Y76.832 E556.29216
G1 X106.376 Y76.832 E556.35243
G0 F15000 X106.776 Y77.232
G1 F600 X106.776 Y74.432 E556.44555
G1 X104.164 Y74.432 E556.53243
G1 X104.164 Y77.232 E556.62556
G1 X106.776 Y77.232 E556.71243
G1 F2400 E555.91243
G0 F15000 X106.468 Y76.952
G0 X104.045 Y77.352
G0 X103.764 Y77.632
;TYPE:WALL-OUTER
G1 F2400 E556.71243
G1 F600 X107.176 Y77.632 E556.82592
G1 X107.176 Y74.032 E556.94565
G1 X103.764 Y74.032 E557.05914
G1 X103.764 Y77.632 E557.17887
G1 F2400 E556.37887
G0 F15000 X104.045 Y77.352
G0 X105.589 Y76.752
;TYPE:FILL
G1 F2400 E557.17887
G1 F600 X105.442 Y76.591 E557.18613
G1 X105.203 Y76.19 E557.20165
G1 X105.086 Y75.789 E557.21555
G1 X105.062 Y75.388 E557.22891
G1 X105.118 Y74.987 E557.24237
G1 X105.146 Y74.912 E557.24504
G0 F15000 X105.146 Y75.042
G1 F2400 E556.44504
G0 F15000 X106.948 Y76.832
G0 X108.043 Y76.832
G0 X111.909 Y76.832
G0 X113.004 Y76.832
G0 X113.572 Y76.832
;TYPE:WALL-INNER
G1 F2400 E557.24504
G1 F600 X115.384 Y76.832 E557.3053
G1 X115.384 Y74.832 E557.37182
G1 X113.572 Y74.832 E557.43209
G1 X113.572 Y76.832 E557.49861
G0 F15000 X113.172 Y77.232
G1 F600 X115.784 Y77.232 E557.58549
G1 X115.784 Y74.432 E557.67861
G1 X113.172 Y74.432 E557.76549
G1 X113.172 Y77.232 E557.85862
G1 F2400 E557.05862
G0 F15000 X113.484 Y76.952
G0 X115.907 Y77.352
G0 X116.184 Y77.632
;TYPE:WALL-OUTER
G1 F2400 E557.85862
G1 F600 X116.184 Y74.032 E557.97836
G1 X112.772 Y74.032 E558.09184
G1 X112.772 Y77.632 E558.21158
G1 X116.184 Y77.632 E558.32506
G0 F15000 X115.907 Y77.352
G0 X115.304 Y76.739
;TYPE:FILL
G1 F600 X115.163 Y76.591 E558.33186
G1 X114.892 Y76.19 E558.34796
G1 X114.742 Y75.789 E558.3622
G1 X114.686 Y75.388 E558.37566
G1 X114.71 Y74.987 E558.38902
G1 X114.732 Y74.912 E558.39162
G0 F15000 X114.732 Y75.042
G1 F2400 E557.59162
;MESH:NONMESH
G0 F300 Z22.6
G0 F15000 X113.004 Y76.832
G0 X111.909 Y76.832
G0 X108.043 Y76.832
G0 X106.948 Y76.832
G0 X106.468 Y76.832
G0 X106.724 Y76.832
;TIME_ELAPSED:1288.078208
;LAYER:112
;note -- min layer time used
;TYPE:WALL-INNER
;MESH:nut_holder.stl
G1 F2400 E558.39162
G1 F600 X106.724 Y74.832 E558.45814
G1 X104.656 Y74.832 E558.52692
G1 X104.656 Y76.832 E558.59345
G1 X106.724 Y76.832 E558.66223
G0 F15000 X107.124 Y77.232
G1 F600 X107.124 Y74.432 E558.75536
G1 X104.256 Y74.432 E558.85075
G1 X104.256 Y77.232 E558.94387
G1 X107.124 Y77.232 E559.03926
G1 F2400 E558.23926
G0 F15000 X106.814 Y76.952
G0 X104.137 Y77.352
G0 X103.856 Y77.632
;TYPE:WALL-OUTER
G1 F2400 E559.03926
G1 F600 X107.524 Y77.632 E559.16126
G1 X107.524 Y74.032 E559.281
G1 X103.856 Y74.032 E559.403
G1 X103.856 Y77.632 E559.52273
G1 F2400 E558.72273
G0 F15000 X104.137 Y77.352
G0 X105.038 Y76.061
G0 X105.258 Y76.061
;TYPE:FILL
G1 F2400 E559.52273
G1 F600 X105.138 Y75.789 E559.53262
G1 X105.057 Y75.388 E559.54623
G1 X105.057 Y74.987 E559.55957
G1 X105.074 Y74.912 E559.56212
G0 F15000 X106.552 Y75.004
G0 X106.624 Y76.472
G0 X106.364 Y76.472
;TYPE:SKIN
G1 F600 X105.296 Y76.472 E559.59764
G1 X105.296 Y75.192 E559.64022
G1 X106.364 Y75.192 E559.67574
G1 X106.364 Y76.472 E559.71831
G0 F15000 X105.913 Y75.832
G1 F359.3 X105.872 Y75.904 E559.72291
G1 X105.789 Y75.904 E559.72753
G1 X105.747 Y75.832 E559.73215
G1 X105.788 Y75.76 E559.73676
G1 X105.871 Y75.76 E559.74137
G1 X105.913 Y75.832 E559.746
G1 F2400 E558.946
G0 F15000 X106.624 Y75.832
G0 X107.294 Y76.832
G0 X108.389 Y76.832
G0 X111.563 Y76.832
G0 X112.658 Y76.832
G0 X113.228 Y76.832
;TYPE:WALL-INNER
G1 F2400 E559.746
G1 F600 X115.292 Y76.832 E559.81465
G1 X115.292 Y74.832 E559.88117
G1 X113.228 Y74.832 E559.94982
G1 X113.228 Y76.832 E560.01634
G0 F15000 X112.828 Y77.232
G1 F600 X115.692 Y77.232 E560.11159
G1 X115.692 Y74.432 E560.20472
G1 X112.828 Y74.432 E560.29998
G1 X112.828 Y77.232 E560.39311
G1 F2400 E559.59311
G0 F15000 X113.138 Y76.952
G0 X115.815 Y77.352
G0 X116.092 Y77.632
;TYPE:WALL-OUTER
G1 F2400 E560.39311
G1 F600 X116.092 Y74.032 E560.51284
G1 X112.428 Y74.032 E560.63471
G1 X112.428 Y77.632 E560.75444
G1 X116.092 Y77.632 E560.87631
G0 F15000 X115.815 Y77.352
G0 X115.13 Y76.752
;TYPE:FILL
G1 F600 X114.987 Y76.591 E560.88347
G1 X114.772 Y76.19 E560.89861
G1 X114.694 Y75.846 E560.91034
G0 F15000 X114.694 Y75.324
G1 F600 X114.762 Y74.987 E560.92177
G1 X114.795 Y74.912 E560.9245
G0 F15000 X113.4 Y75.004
G0 X113.328 Y76.472
G0 X113.588 Y76.472
;TYPE:SKIN
G1 F600 X113.588 Y75.192 E560.96707
G1 X114.652 Y75.192 E561.00246
G1 X114.652 Y76.472 E561.04503
G1 X113.588 Y76.472 E561.08042
G0 F15000 X114.203 Y75.832
G1 F361.4 X114.162 Y75.904 E561.08499
G1 X114.079 Y75.904 E561.08958
G1 X114.037 Y75.832 E561.09418
G1 X114.078 Y75.76 E561.09875
G1 X114.161 Y75.76 E561.10334
G1 X114.203 Y75.832 E561.10794
G0 F15000 X115.084 Y75.831
G1 F2400 E560.30794
;MESH:NONMESH
G0 F300 Z22.8
G0 F15000 X114.842 Y76.66
G0 X112.658 Y76.832
G0 X111.563 Y76.832
G0 X108.389 Y76.832
G0 X107.294 Y76.832
G0 X106.814 Y76.832
G0 X107.068 Y76.832
;TIME_ELAPSED:1299.034125
;LAYER:113
;note -- min layer time used
;TYPE:WALL-INNER
;MESH:nut_holder.stl
G1 F2400 E561.10794
G1 F600 X107.068 Y74.832 E561.17446
G1 X104.748 Y74.832 E561.25162
G1 X104.748 Y76.832 E561.31814
G1 X107.068 Y76.832 E561.39531
G0 F15000 X107.468 Y77.232
G1 F600 X107.468 Y74.432 E561.48843
G1 X104.348 Y74.432 E561.59221
G1 X104.348 Y77.232 E561.68533
G1 X107.468 Y77.232 E561.78911
G1 F2400 E560.98911
G0 F15000 X107.16 Y76.952
G0 X104.231 Y77.352
G0 X103.948 Y77.632
;TYPE:WALL-OUTER
G1 F2400 E561.78911
G1 F600 X107.868 Y77.632 E561.91949
G1 X107.868 Y74.032 E562.03922
G1 X103.948 Y74.032 E562.1696
G1 X103.948 Y77.632 E562.28934
G1 F2400 E561.48934
G0 F15000 X104.231 Y77.352
G0 X105.385 Y76.399
G0 X105.605 Y76.399
;TYPE:FILL
G1 F2400 E562.28934
G1 F600 X105.412 Y76.19 E562.2988
G1 X105.171 Y75.789 E562.31436
G1 X105.033 Y75.388 E562.32847
G1 X104.975 Y74.987 E562.34194
G1 X104.98 Y74.912 E562.34444
G0 F15000 X105.457 Y76.66
G0 X106.896 Y76.66
G0 X106.708 Y76.472
;TYPE:SKIN
G1 F600 X105.644 Y76.472 E562.37983
G1 X105.644 Y75.192 E562.4224
G1 X106.708 Y75.192 E562.45779
G1 X106.708 Y76.472 E562.50037
G0 F15000 X106.259 Y75.832
G1 F361.4 X106.218 Y75.904 E562.50494
G1 X106.135 Y75.904 E562.50952
G1 X106.093 Y75.832 E562.51413
G1 X106.134 Y75.76 E562.5187
G1 X106.217 Y75.76 E562.52328
G1 X106.259 Y75.832 E562.52788
G1 F2400 E561.72788
G0 F15000 X106.968 Y75.832
G0 X107.64 Y76.832
G0 X108.735 Y76.832
G0 X111.217 Y76.832
G0 X112.312 Y76.832
G0 X112.88 Y76.832
;TYPE:WALL-INNER
G1 F2400 E562.52788
G1 F600 X115.2 Y76.832 E562.60505
G1 X115.2 Y74.832 E562.67157
G1 X112.88 Y74.832 E562.74873
G1 X112.88 Y76.832 E562.81525
G0 F15000 X112.48 Y77.232
G1 F600 X115.6 Y77.232 E562.91902
G1 X115.6 Y74.432 E563.01215
G1 X112.48 Y74.432 E563.11592
G1 X112.48 Y77.232 E563.20905
G1 F2400 E562.40905
G0 F15000 X112.792 Y76.952
G0 X115.72 Y77.352
G0 X116 Y77.632
;TYPE:WALL-OUTER
G1 F2400 E563.20905
G1 F600 X116 Y74.032 E563.32879
G1 X112.08 Y74.032 E563.45917
G1 X112.08 Y77.632 E563.57891
G1 X116 Y77.632 E563.70928
G0 F15000 X115.72 Y77.352
G0 X114.92 Y76.752
;TYPE:FILL
G1 F600 X114.784 Y76.591 E563.71629
G1 X114.628 Y76.19 E563.73061
G1 X114.599 Y75.789 E563.74398
G1 X114.657 Y75.388 E563.75745
G1 X114.795 Y74.987 E563.77156
G1 X114.84 Y74.912 E563.77447
G0 F15000 X113.052 Y75.004
G0 X112.98 Y76.472
G0 X113.24 Y76.472
;TYPE:SKIN
G1 F600 X113.24 Y75.192 E563.81704
G1 X114.304 Y75.192 E563.85243
G1 X114.304 Y76.472 E563.895
G1 X113.24 Y76.472 E563.93039
G0 F15000 X113.855 Y75.832
G1 F361.4 X113.814 Y75.904 E563.93497
G1 X113.731 Y75.904 E563.93955
G1 X113.689 Y75.832 E563.94415
G1 X113.73 Y75.76 E563.94873
G1 X113.813 Y75.76 E563.95331
G1 X113.855 Y75.832 E563.95791
G0 F15000 X114.867 Y75.832
G1 F2400 E563.15791
;MESH:NONMESH
G0 F300 Z23
G0 F15000 X114.495 Y76.66
G0 X112.312 Y76.832
G0 X111.217 Y76.832
G0 X108.735 Y76.832
G0 X107.64 Y76.832
G0 X107.16 Y76.832
G0 X107.416 Y76.832
;TIME_ELAPSED:1310.348124
;LAYER:114
;note -- min layer time used
;TYPE:WALL-INNER
;MESH:nut_holder.stl
G1 F2400 E563.95791
G1 F600 X107.416 Y74.832 E564.02443
G1 X104.86 Y74.832 E564.10944
G1 X104.86 Y76.832 E564.17596
G1 X107.416 Y76.832 E564.26098
G0 F15000 X107.816 Y77.232
G1 F600 X107.816 Y74.432 E564.3541
G1 X104.46 Y74.432 E564.46573
G1 X104.46 Y77.232 E564.55885
G1 X107.816 Y77.232 E564.67048
G1 F2400 E563.87048
G0 F15000 X107.507 Y76.952
G0 X104.343 Y77.352
G0 X104.06 Y77.632
;TYPE:WALL-OUTER
G1 F2400 E564.67048
G1 F600 X108.216 Y77.632 E564.8087
G1 X108.216 Y74.032 E564.92844
G1 X104.06 Y74.032 E565.06667
G1 X104.06 Y77.632 E565.18641
G1 F2400 E564.38641
G0 F15000 X104.343 Y77.352
G0 X105.951 Y76.732
G0 X105.951 Y76.575
;TYPE:FILL
G1 F2400 E565.18641
G1 F600 X105.498 Y76.19 E565.20618
G1 X105.185 Y75.789 E565.2231
G1 X104.987 Y75.388 E565.23797
G1 X104.94 Y75.228 E565.24352
G0 F15000 X105.803 Y76.66
G0 X107.244 Y76.66
G0 X107.056 Y76.472
;TYPE:SKIN
G1 F600 X105.988 Y76.472 E565.27904
G1 X105.988 Y75.192 E565.32161
G1 X107.056 Y75.192 E565.35714
G1 X107.056 Y76.472 E565.39971
G0 F15000 X106.605 Y75.832
G1 F359.3 X106.564 Y75.904 E565.40431
G1 X106.481 Y75.904 E565.40892
G1 X106.439 Y75.832 E565.41355
G1 X106.48 Y75.76 E565.41815
G1 X106.563 Y75.76 E565.42276
G1 X106.605 Y75.832 E565.42739
G1 F2400 E564.62739
G0 F15000 X107.316 Y75.832
G0 X107.987 Y76.832
G0 X109.082 Y76.832
G0 X110.87 Y76.832
G0 X111.965 Y76.832
G0 X112.532 Y76.832
;TYPE:WALL-INNER
G1 F2400 E565.42739
G1 F600 X115.088 Y76.832 E565.51241
G1 X115.088 Y74.832 E565.57893
G1 X112.532 Y74.832 E565.66394
G1 X112.532 Y76.832 E565.73046
G0 F15000 X112.132 Y77.232
G1 F600 X115.488 Y77.232 E565.84208
G1 X115.488 Y74.432 E565.93521
G1 X112.132 Y74.432 E566.04683
G1 X112.132 Y77.232 E566.13996
G1 F2400 E565.33996
G0 F15000 X112.445 Y76.952
G0 X115.608 Y77.352
G0 X115.888 Y77.632
;TYPE:WALL-OUTER
G1 F2400 E566.13996
G1 F600 X115.888 Y74.032 E566.2597
G1 X111.732 Y74.032 E566.39792
G1 X111.732 Y77.632 E566.51766
G1 X115.888 Y77.632 E566.65589
G1 F2400 E565.85589
G0 F15000 X115.608 Y77.352
G0 X114.656 Y76.752
;TYPE:FILL
G1 F2400 E566.65589
G1 F600 X114.53 Y76.591 E566.66269
G1 X114.452 Y76.19 E566.67628
G1 X114.493 Y75.789 E566.68968
G1 X114.611 Y75.388 E566.70359
G1 X114.809 Y74.987 E566.71846
G1 X114.868 Y74.912 E566.72164
G0 F15000 X114.149 Y76.66
G0 X112.704 Y76.66
G0 X112.892 Y76.472
;TYPE:SKIN
G1 F600 X112.892 Y75.192 E566.76421
G1 X113.96 Y75.192 E566.79973
G1 X113.96 Y76.472 E566.8423
G1 X112.892 Y76.472 E566.87783
G0 F15000 X113.509 Y75.832
G1 F359.3 X113.468 Y75.904 E566.88243
G1 X113.385 Y75.904 E566.88704
G1 X113.343 Y75.832 E566.89167
G1 X113.384 Y75.76 E566.89627
G1 X113.467 Y75.76 E566.90088
G1 X113.509 Y75.832 E566.90551
G0 F15000 X114.521 Y75.832
G1 F2400 E566.10551
;MESH:NONMESH
G0 F300 Z23.2
G0 F15000 X114.149 Y76.66
G0 X111.965 Y76.832
G0 X110.87 Y76.832
G0 X109.082 Y76.832
G0 X107.987 Y76.832
G0 X107.507 Y76.832
G0 X107.76 Y76.832
;TIME_ELAPSED:1322.077973
;LAYER:115
;note -- min layer time used
;TYPE:WALL-INNER
;MESH:nut_holder.stl
G1 F2400 E566.90551
G1 F600 X107.76 Y74.832 E566.97203
G1 X104.972 Y74.832 E567.06476
G1 X104.972 Y76.832 E567.13128
G1 X107.76 Y76.832 E567.22401
G0 F15000 X108.16 Y77.232
G1 F600 X108.16 Y74.432 E567.31714
G1 X104.572 Y74.432 E567.43647
G1 X104.572 Y77.232 E567.5296
G1 X108.16 Y77.232 E567.64894
G1 F2400 E566.84894
G0 F15000 X107.853 Y76.952
G0 X104.455 Y77.352
G0 X104.172 Y77.632
;TYPE:WALL-OUTER
G1 F2400 E567.64894
G1 F600 X108.56 Y77.632 E567.79489
G1 X108.56 Y74.032 E567.91462
G1 X104.172 Y74.032 E568.06057
G1 X104.172 Y77.632 E568.1803
G1 F2400 E567.3803
G0 F15000 X104.455 Y77.352
G0 X105.052 Y75.599
;TYPE:FILL
G1 F2400 E568.1803
G1 F600 X105.175 Y75.789 E568.18783
G1 X105.576 Y76.19 E568.20669
G1 X106.298 Y76.631 E568.23483
G0 F15000 X106.298 Y76.732
G0 X107.588 Y76.66
G0 X107.4 Y76.472
;TYPE:SKIN
G1 F600 X106.336 Y76.472 E568.27022
G1 X106.336 Y75.192 E568.31279
G1 X107.4 Y75.192 E568.34818
G1 X107.4 Y76.472 E568.39076
G0 F15000 X106.951 Y75.832
G1 F361.4 X106.91 Y75.904 E568.39533
G1 X106.827 Y75.904 E568.39991
G1 X106.785 Y75.832 E568.40452
G1 X106.826 Y75.76 E568.40909
G1 X106.909 Y75.76 E568.41367
G1 X106.951 Y75.832 E568.41828
G1 F2400 E567.61828
G0 F15000 X107.66 Y75.832
G0 X108.333 Y76.832
G0 X109.428 Y76.832
G0 X110.524 Y76.832
G0 X111.619 Y76.832
G0 X112.188 Y76.832
;TYPE:WALL-INNER
G1 F2400 E568.41828
G1 F600 X114.972 Y76.831 E568.51087
G1 X114.974 Y74.833 E568.57733
G1 X112.188 Y74.832 E568.66999
G1 X112.188 Y76.832 E568.73651
G0 F15000 X111.788 Y77.232
G1 F600 X115.372 Y77.231 E568.85571
G1 X115.375 Y74.433 E568.94877
G1 X111.788 Y74.432 E569.06808
G1 X111.788 Y77.232 E569.16121
G1 F2400 E568.36121
G0 F15000 X112.099 Y76.952
G0 X115.495 Y77.352
G0 X115.772 Y77.631
;TYPE:WALL-OUTER
G1 F2400 E569.16121
G1 F600 X115.775 Y74.033 E569.28088
G1 X111.388 Y74.032 E569.42679
G1 X111.388 Y77.632 E569.54653
G1 X115.772 Y77.631 E569.69234
G1 F2400 E568.89234
G0 F15000 X115.495 Y77.352
G0 X114.243 Y76.751
;TYPE:FILL
G1 F2400 E569.69234
G1 F600 X114.164 Y76.591 E569.69827
G1 X114.228 Y76.19 E569.71178
G1 X114.357 Y75.789 E569.72579
G1 X114.539 Y75.388 E569.74044
G1 X114.799 Y74.987 E569.75633
G1 X114.873 Y74.913 E569.75981
G0 F15000 X113.802 Y76.659
G0 X112.36 Y76.66
G0 X112.548 Y76.471
;TYPE:SKIN
G1 F600 X112.548 Y75.192 E569.80235
G1 X113.612 Y75.192 E569.83774
G1 X113.612 Y76.468 E569.88018
G1 X112.548 Y76.471 E569.91557
G0 F15000 X113.163 Y75.83
G1 F361.4 X113.122 Y75.902 E569.92014
G1 X113.039 Y75.902 E569.92473
G1 X112.997 Y75.83 E569.92933
G1 X113.038 Y75.758 E569.9339
G1 X113.121 Y75.758 E569.93849
G1 X113.163 Y75.83 E569.94309
G0 F15000 X114.174 Y75.83
G1 F2400 E569.14309
;MESH:NONMESH
G0 F300 Z23.4
G0 F15000 X113.802 Y76.659
G0 X111.619 Y76.832
G0 X110.524 Y76.832
G0 X109.428 Y76.832
G0 X108.333 Y76.832
G0 X107.853 Y76.832
G0 X108.108 Y76.832
;TIME_ELAPSED:1333.992896
;LAYER:116
;note -- min layer time used
;TYPE:WALL-INNER
;MESH:nut_holder.stl
G1 F2400 E569.94309
G1 F600 X108.108 Y74.832 E570.00961
G1 X105.1 Y74.832 E570.10966
G1 X105.1 Y76.832 E570.17618
G1 X108.108 Y76.832 E570.27622
G0 F15000 X108.508 Y77.232
G1 F600 X108.508 Y74.432 E570.36935
G1 X104.7 Y74.432 E570.49601
G1 X104.7 Y77.232 E570.58913
G1 X108.508 Y77.232 E570.71579
G1 F2400 E569.91579
G0 F15000 X108.2 Y76.952
G0 X104.583 Y77.352
G0 X104.3 Y77.632
;TYPE:WALL-OUTER
G1 F2400 E570.71579
G1 F600 X108.908 Y77.632 E570.86905
G1 X108.908 Y74.032 E570.98879
G1 X104.3 Y74.032 E571.14205
G1 X104.3 Y77.632 E571.26179
G1 F2400 E570.46179
G0 F15000 X104.583 Y77.352
G0 X105.18 Y75.815
;TYPE:FILL
G1 F2400 E571.26179
G1 F600 X105.463 Y76.07 E571.27446
G1 X105.864 Y76.304 E571.2899
G1 X106.265 Y76.458 E571.30419
G1 X106.644 Y76.542 E571.3171
G0 F15000 X106.644 Y76.732
G0 X107.936 Y76.66
G0 X107.748 Y76.472
;TYPE:SKIN
G1 F600 X106.684 Y76.472 E571.35249
G1 X106.684 Y75.192 E571.39506
G1 X107.748 Y75.192 E571.43045
G1 X107.748 Y76.472 E571.47302
G0 F15000 X107.299 Y75.832
G1 F361.4 X107.258 Y75.904 E571.4776
G1 X107.175 Y75.904 E571.48218
G1 X107.133 Y75.832 E571.48678
G1 X107.174 Y75.76 E571.49135
G1 X107.257 Y75.76 E571.49594
G1 X107.299 Y75.832 E571.50054
G1 F2400 E570.70054
G0 F15000 X108.008 Y75.832
G0 X108.68 Y76.832
G0 X109.775 Y76.832
G0 X110.177 Y76.832
G0 X111.272 Y76.832
G0 X111.84 Y76.832
;TYPE:WALL-INNER
G1 F2400 E571.50054
G1 F600 X114.848 Y76.832 E571.60059
G1 X114.848 Y74.832 E571.66711
G1 X111.84 Y74.832 E571.76715
G1 X111.84 Y76.832 E571.83367
G0 F15000 X111.44 Y77.232
G1 F600 X115.248 Y77.232 E571.96033
G1 X115.248 Y74.432 E572.05346
G1 X111.44 Y74.432 E572.18011
G1 X111.44 Y77.232 E572.27324
G1 F2400 E571.47324
G0 F15000 X111.752 Y76.952
G0 X115.369 Y77.352
G0 X115.648 Y77.632
;TYPE:WALL-OUTER
G1 F2400 E572.27324
G1 F600 X115.648 Y74.032 E572.39298
G1 X111.04 Y74.032 E572.54624
G1 X111.04 Y77.632 E572.66597
G1 X115.648 Y77.632 E572.81924
G1 F2400 E572.01924
G0 F15000 X115.369 Y77.352
G0 X113.308 Y76.732
G0 X113.308 Y76.542
;TYPE:FILL
G1 F2400 E572.81924
G1 F600 X113.483 Y76.538 E572.82506
G1 X113.884 Y76.26 E572.84129
G1 X114.285 Y75.625 E572.86627
G1 X114.686 Y75.067 E572.88912
G1 X114.768 Y74.993 E572.8928
G0 F15000 X113.456 Y76.66
G0 X112.012 Y76.66
G0 X112.2 Y76.472
;TYPE:SKIN
G1 F600 X112.2 Y75.192 E572.93537
G1 X113.268 Y75.192 E572.97089
G1 X113.268 Y76.472 E573.01346
G1 X112.2 Y76.472 E573.04898
G0 F15000 X112.817 Y75.832
G1 F359.3 X112.776 Y75.904 E573.05359
G1 X112.693 Y75.904 E573.0582
G1 X112.651 Y75.832 E573.06283
G1 X112.692 Y75.76 E573.06743
G1 X112.775 Y75.76 E573.07204
G1 X112.817 Y75.832 E573.07667
G0 F15000 X113.828 Y75.832
G1 F2400 E572.27667
;MESH:NONMESH
G0 F300 Z23.6
G0 F15000 X113.456 Y76.66
G0 X111.272 Y76.832
G0 X110.177 Y76.832
G0 X109.775 Y76.832
G0 X108.68 Y76.832
G0 X108.2 Y76.832
G0 X108.456 Y76.832
;TIME_ELAPSED:1346.216021
;LAYER:117
;note -- min layer time used
;TYPE:WALL-INNER
;MESH:nut_holder.stl
G1 F2400 E573.07667
G1 F600 X108.456 Y74.832 E573.14319
G1 X105.236 Y74.832 E573.25029
G1 X105.236 Y76.832 E573.31681
G1 X108.456 Y76.832 E573.4239
G0 F15000 X108.856 Y77.232
G1 F600 X108.856 Y74.432 E573.51703
G1 X104.836 Y74.432 E573.65074
G1 X104.836 Y77.232 E573.74387
G1 X108.856 Y77.232 E573.87757
G1 F2400 E573.07757
G0 F15000 X108.546 Y76.952
G0 X104.717 Y77.352
G0 X104.436 Y77.632
;TYPE:WALL-OUTER
G1 F2400 E573.87757
G1 F600 X109.256 Y77.632 E574.03789
G1 X109.256 Y74.032 E574.15762
G1 X104.436 Y74.032 E574.31794
G1 X104.436 Y77.632 E574.43767
G1 F2400 E573.63767
G0 F15000 X104.717 Y77.352
G0 X105.316 Y75.967
;TYPE:FILL
G1 F2400 E574.43767
G1 F600 X105.463 Y76.07 E574.44364
G1 X105.864 Y76.243 E574.45817
G1 X106.265 Y76.335 E574.47185
G1 X106.666 Y76.345 E574.48519
G1 X106.99 Y76.253 E574.4964
G0 F15000 X106.77 Y76.253
G0 X106.842 Y76.66
G0 X108.284 Y76.66
G0 X108.096 Y76.472
;TYPE:SKIN
G1 F600 X107.028 Y76.472 E574.53192
G1 X107.028 Y75.192 E574.57449
G1 X108.096 Y75.192 E574.61001
G1 X108.096 Y76.472 E574.65259
G0 F15000 X107.645 Y75.832
G1 F359.3 X107.604 Y75.904 E574.65719
G1 X107.521 Y75.904 E574.6618
G1 X107.479 Y75.832 E574.66643
G1 X107.52 Y75.76 E574.67103
G1 X107.603 Y75.76 E574.67564
G1 X107.645 Y75.832 E574.68027
G1 F2400 E573.88027
G0 F15000 X108.356 Y75.832
G0 X109.026 Y76.832
G0 X110.926 Y76.832
G0 X111.496 Y76.832
;TYPE:WALL-INNER
G1 F2400 E574.68027
G1 F600 X114.712 Y76.832 E574.78724
G1 X114.712 Y74.832 E574.85376
G1 X111.496 Y74.832 E574.96072
G1 X111.496 Y76.832 E575.02724
G0 F15000 X111.096 Y77.232
G1 F600 X115.112 Y77.232 E575.16081
G1 X115.112 Y74.432 E575.25394
G1 X111.096 Y74.432 E575.38751
G1 X111.096 Y77.232 E575.48064
G1 F2400 E574.68064
G0 F15000 X111.406 Y76.952
G0 X115.235 Y77.352
G0 X115.512 Y77.632
;TYPE:WALL-OUTER
G1 F2400 E575.48064
G1 F600 X115.512 Y74.032 E575.60038
G1 X110.696 Y74.032 E575.76056
G1 X110.696 Y77.632 E575.8803
G1 X115.512 Y77.632 E576.04048
G1 F2400 E575.24048
G0 F15000 X115.235 Y77.352
G0 X114.632 Y75.043
;TYPE:FILL
G1 F2400 E576.04048
G1 F600 X114.285 Y75.41 E576.05728
G1 X113.884 Y75.903 E576.07841
G1 X113.483 Y76.231 E576.09564
G1 X113.082 Y76.345 E576.10951
G1 X112.962 Y76.342 E576.1135
G0 F15000 X113.182 Y76.342
G0 X113.11 Y76.66
G0 X111.668 Y76.66
G0 X111.856 Y76.472
;TYPE:SKIN
G1 F600 X111.856 Y75.192 E576.15607
G1 X112.92 Y75.192 E576.19146
G1 X112.92 Y76.472 E576.23404
G1 X111.856 Y76.472 E576.26943
G0 F15000 X112.471 Y75.832
G1 F361.4 X112.43 Y75.904 E576.274
G1 X112.347 Y75.904 E576.27858
G1 X112.305 Y75.832 E576.28318
G1 X112.346 Y75.76 E576.28776
G1 X112.429 Y75.76 E576.29234
G1 X112.471 Y75.832 E576.29694
G0 F15000 X113.482 Y75.832
G1 F2400 E575.49694
;MESH:NONMESH
G0 F300 Z23.8
G0 F15000 X113.11 Y76.66
G0 X110.926 Y76.832
G0 X109.026 Y76.832
G0 X108.546 Y76.832
G0 X108.8 Y76.832
;TIME_ELAPSED:1358.669691
;LAYER:118
;note -- min layer time used
;TYPE:WALL-INNER
;MESH:nut_holder.stl
G1 F2400 E576.29694
G1 F608 X108.8 Y74.832 E576.36346
G1 X105.38 Y74.832 E576.47721
G1 X105.38 Y76.832 E576.54373
G1 X108.8 Y76.832 E576.65748
G0 F15000 X109.2 Y77.232
G1 F608 X109.2 Y74.432 E576.75061
G1 X104.98 Y74.432 E576.89097
G1 X104.98 Y77.232 E576.9841
G1 X109.2 Y77.232 E577.12446
G1 F2400 E576.32446
G0 F15000 X108.893 Y76.952
G0 X104.86 Y77.352
G0 X104.58 Y77.632
;TYPE:WALL-OUTER
G1 F2400 E577.12446
G1 F608 X109.6 Y77.632 E577.29142
G1 X109.6 Y74.032 E577.41116
G1 X104.58 Y74.032 E577.57812
G1 X104.58 Y77.632 E577.69786
G1 F2400 E576.89786
G0 F15000 X104.86 Y77.352
G0 X105.46 Y76.09
;TYPE:FILL
G1 F2400 E577.69786
G1 F608 X105.864 Y76.206 E577.71184
G1 X106.265 Y76.239 E577.72522
G1 X106.666 Y76.184 E577.73869
G1 X107.067 Y76.002 E577.75333
G1 X107.337 Y75.769 E577.76519
G0 F15000 X107.117 Y75.769
G0 X107.189 Y76.66
G0 X108.628 Y76.66
G0 X108.44 Y76.472
;TYPE:SKIN
G1 F608 X107.376 Y76.472 E577.80058
G1 X107.376 Y75.192 E577.84316
G1 X108.44 Y75.192 E577.87854
G1 X108.44 Y76.472 E577.92112
G0 F15000 X107.991 Y75.832
G1 F366.3 X107.95 Y75.904 E577.92569
G1 X107.867 Y75.904 E577.93027
G1 X107.825 Y75.832 E577.93488
G1 X107.866 Y75.76 E577.93945
G1 X107.949 Y75.76 E577.94403
G1 X107.991 Y75.832 E577.94864
G1 F2400 E577.14864
G0 F15000 X107.117 Y75.832
G0 X107.189 Y76.66
G0 X109.373 Y76.832
G0 X110.579 Y76.832
G0 X111.148 Y76.832
;TYPE:WALL-INNER
G1 F2400 E577.94864
G1 F608 X114.572 Y76.832 E578.06252
G1 X114.572 Y74.832 E578.12904
G1 X111.148 Y74.832 E578.24292
G1 X111.148 Y76.832 E578.30944
G0 F15000 X110.748 Y77.232
G1 F608 X114.972 Y77.232 E578.44993
G1 X114.972 Y74.432 E578.54306
G1 X110.748 Y74.432 E578.68355
G1 X110.748 Y77.232 E578.77668
G1 F2400 E577.97668
G0 F15000 X111.059 Y76.952
G0 X115.092 Y77.352
G0 X115.372 Y77.632
;TYPE:WALL-OUTER
G1 F2400 E578.77668
G1 F608 X115.372 Y74.032 E578.89642
G1 X110.348 Y74.032 E579.06352
G1 X110.348 Y77.632 E579.18325
G1 X115.372 Y77.632 E579.35035
G1 F2400 E578.55035
G0 F15000 X115.092 Y77.352
G0 X114.492 Y75.059
;TYPE:FILL
G1 F2400 E579.35035
G1 F608 X114.285 Y75.233 E579.35935
G1 X113.884 Y75.656 E579.37873
G1 X113.483 Y76.002 E579.39635
G1 X113.082 Y76.184 E579.41099
G1 X112.681 Y76.239 E579.42446
G1 X112.615 Y76.234 E579.42666
G0 F15000 X112.835 Y76.234
G0 X112.763 Y76.66
G0 X111.32 Y76.66
G0 X111.508 Y76.472
;TYPE:SKIN
G1 F608 X111.508 Y75.192 E579.46923
G1 X112.572 Y75.192 E579.50462
G1 X112.572 Y76.472 E579.54719
G1 X111.508 Y76.472 E579.58258
G0 F15000 X112.123 Y75.832
G1 F366.3 X112.082 Y75.904 E579.58716
G1 X111.999 Y75.904 E579.59174
G1 X111.957 Y75.832 E579.59634
G1 X111.998 Y75.76 E579.60092
G1 X112.081 Y75.76 E579.6055
G1 X112.123 Y75.832 E579.6101
G0 F15000 X113.135 Y75.832
;MESH:NONMESH
G0 F300 Z24
G0 F15000 X114.412 Y76.832
;TIME_ELAPSED:1371.129022
;LAYER:119
;note -- min layer time used
;TYPE:WALL-INNER
;MESH:nut_holder.stl
G1 F651.5 X114.412 Y74.832 E579.67662
G1 X105.536 Y74.832 E579.97184
G1 X105.536 Y76.832 E580.03836
G1 X109.977 Y76.832 E580.18607
G1 X114.412 Y76.832 E580.33357
G0 F15000 X114.812 Y77.232
G1 F651.5 X114.812 Y74.432 E580.4267
G1 X105.136 Y74.432 E580.74853
G1 X105.136 Y77.232 E580.84166
G1 X109.977 Y77.232 E581.00267
G1 X114.812 Y77.232 E581.16348
G0 F15000 X115.212 Y77.632
;TYPE:WALL-OUTER
G1 F651.5 X115.212 Y74.032 E581.28322
G1 X104.736 Y74.032 E581.63165
G1 X104.736 Y77.632 E581.75139
G1 X109.977 Y77.632 E581.9257
G1 X115.212 Y77.632 E582.09982
G1 F2400 E581.29982
G0 F15000 X114.934 Y77.352
G0 X112.688 Y76.915
G0 X112.869 Y76.047
G0 X113.089 Y76.047
;TYPE:FILL
G1 F2400 E582.09982
G1 F651.5 X112.681 Y76.167 E582.11397
G1 X112.269 Y76.188 E582.12769
G0 F15000 X112.489 Y76.188
G0 X112.417 Y75.004
G0 X107.535 Y75.004
G0 X107.683 Y75.243
G1 F651.5 X107.067 Y75.813 E582.1556
G1 X106.862 Y75.935 E582.16353
G0 F15000 X106.82 Y76.472
;TYPE:SKIN
G1 F651.5 X105.896 Y76.472 E582.19427
G1 X105.896 Y75.192 E582.23684
G1 X106.82 Y75.192 E582.26757
G1 X106.82 Y76.472 E582.31015
G0 F15000 X106.358 Y75.654
G1 F497.3 X106.358 Y76.01 E582.32566
G0 F15000 X105.636 Y76.01
G0 X105.454 Y76.914
G0 X109.977 Y76.732
G0 X109.977 Y76.472
G1 F651.5 X107.72 Y76.472 E582.40072
G1 X107.72 Y75.192 E582.4433
G1 X112.228 Y75.192 E582.59323
G1 X112.228 Y76.472 E582.63581
G1 X109.977 Y76.472 E582.71068
G0 F15000 X109.977 Y76.732
G0 X112.417 Y76.66
G0 X112.489 Y75.78
G0 X112.028 Y75.78
G1 F651.5 X111.535 Y76.272 E582.73384
G0 F15000 X110.97 Y76.272
G1 F651.5 X111.85 Y75.392 E582.77523
G0 F15000 X111.284 Y75.392
G1 F651.5 X110.404 Y76.272 E582.81663
G0 F15000 X109.838 Y76.272
G1 F651.5 X110.719 Y75.392 E582.85804
G0 F15000 X110.153 Y75.392
G1 F651.5 X109.273 Y76.272 E582.89944
G0 F15000 X108.707 Y76.272
G1 F651.5 X109.587 Y75.392 E582.94083
G0 F15000 X109.022 Y75.392
G1 F651.5 X108.141 Y76.272 E582.98224
G0 F15000 X107.92 Y75.928
G1 F651.5 X108.456 Y75.392 E583.00746
G0 F15000 X108.456 Y74.932
G0 X113.59 Y74.932
G0 X113.59 Y75.654
G1 F497.3 X113.59 Y76.01 E583.02297
G0 F15000 X113.128 Y76.472
G1 F651.5 X113.128 Y75.192 E583.06554
G1 X114.052 Y75.192 E583.09627
G1 X114.052 Y76.472 E583.13885
G1 X113.128 Y76.472 E583.16958
G0 F15000 X112.789 Y76.472
;MESH:NONMESH
G0 F300 Z24.2
G0 F15000 X112.454 Y76.641
G0 X109.977 Y76.832
;TIME_ELAPSED:1383.549991
;LAYER:120
;note -- min layer time used
;TYPE:WALL-INNER
;MESH:nut_holder.stl
G1 F623.8 X114.248 Y76.832 E583.31163
G1 X114.248 Y74.832 E583.37815
G1 X105.704 Y74.832 E583.66233
G1 X105.704 Y76.832 E583.72885
G1 X109.977 Y76.832 E583.87097
G0 F15000 X109.977 Y77.232
G1 F623.8 X114.648 Y77.232 E584.02633
G1 X114.648 Y74.432 E584.11945
G1 X105.304 Y74.432 E584.43024
G1 X105.304 Y77.232 E584.52336
G1 X109.977 Y77.232 E584.67879
G0 F15000 X109.977 Y77.632
;TYPE:WALL-OUTER
G1 F623.8 X115.048 Y77.632 E584.84745
G1 X115.048 Y74.032 E584.96719
G1 X104.904 Y74.032 E585.30458
G1 X104.904 Y77.632 E585.42432
G1 X109.977 Y77.632 E585.59304
G0 F15000 X109.977 Y76.922
G0 X112.324 Y76.914
G0 X112.142 Y76.193
G0 X111.922 Y76.193
;TYPE:FILL
G1 F623.8 X112.28 Y76.194 E585.60495
G1 X112.681 Y76.114 E585.61855
G1 X112.805 Y76.06 E585.62305
G0 F15000 X112.585 Y76.06
G0 X112.07 Y75.004
G0 X107.843 Y74.912
G1 F623.8 X107.468 Y75.246 E585.63975
G1 X107.147 Y75.563 E585.65476
G0 F15000 X107.104 Y76.471
;TYPE:SKIN
G1 F623.8 X106.065 Y76.471 E585.68931
G1 X106.064 Y75.192 E585.73185
G1 X107.107 Y75.192 E585.76654
G1 X107.104 Y76.471 E585.80908
G0 F15000 X106.663 Y75.83
G1 F388.7 X106.623 Y75.899 E585.81334
G1 X106.543 Y75.899 E585.81761
G1 X106.503 Y75.83 E585.82187
G1 X106.543 Y75.761 E585.82613
G1 X106.623 Y75.761 E585.8304
G1 X106.663 Y75.83 E585.83466
G0 F15000 X107.367 Y75.831
G0 X107.628 Y76.914
G0 X109.977 Y76.732
G0 X109.977 Y76.472
G1 F623.8 X108.068 Y76.472 E585.89815
G1 X108.068 Y75.192 E585.94072
G1 X111.88 Y75.192 E586.06751
G1 X111.88 Y76.472 E586.11008
G1 X109.977 Y76.472 E586.17338
G0 F15000 X109.977 Y76.732
G0 X108.515 Y76.732
G0 X108.515 Y76.271
G1 F623.8 X108.268 Y76.024 E586.185
G0 F15000 X108.268 Y75.458
G1 F623.8 X109.081 Y76.271 E586.22324
G0 F15000 X109.647 Y76.271
G1 F623.8 X108.768 Y75.392 E586.26458
G0 F15000 X109.334 Y75.392
G1 F623.8 X110.212 Y76.271 E586.3059
G0 F15000 X110.778 Y76.271
G1 F623.8 X109.899 Y75.392 E586.34725
G0 F15000 X110.465 Y75.392
G1 F623.8 X111.344 Y76.271 E586.38859
G0 F15000 X111.68 Y76.042
G1 F623.8 X111.031 Y75.392 E586.41914
G0 F15000 X111.596 Y75.392
G1 F623.8 X111.68 Y75.476 E586.4231
G0 F15000 X112.142 Y75.476
G0 X112.403 Y74.75
G0 X114.33 Y74.75
G0 X114.148 Y75.832
G0 X113.446 Y75.832
G1 F387.5 X113.406 Y75.901 E586.42737
G1 X113.326 Y75.901 E586.43165
G1 X113.286 Y75.832 E586.43592
G1 X113.326 Y75.763 E586.44019
G1 X113.406 Y75.763 E586.44448
G1 X113.446 Y75.832 E586.44875
G0 F15000 X112.844 Y76.472
G1 F623.8 X112.844 Y75.192 E586.49132
G1 X113.888 Y75.192 E586.52604
G1 X113.888 Y76.472 E586.56862
G1 X112.844 Y76.472 E586.60334
G0 F15000 X112.442 Y76.472
;MESH:NONMESH
G0 F300 Z24.4
G0 F15000 X112.14 Y76.624
G0 X109.977 Y76.832
;TIME_ELAPSED:1395.779965
;LAYER:121
;note -- min layer time used
;TYPE:WALL-INNER
;MESH:nut_holder.stl
G1 F607.2 X114.063 Y76.832 E586.73924
G1 X114.061 Y74.832 E586.80576
G1 X105.888 Y74.832 E587.0776
G1 X105.888 Y76.832 E587.14412
G1 X109.977 Y76.832 E587.28012
G0 F15000 X109.977 Y77.232
G1 F607.2 X114.463 Y77.232 E587.42932
G1 X114.46 Y74.432 E587.52245
G1 X105.488 Y74.432 E587.82086
G1 X105.488 Y77.232 E587.91399
G1 X109.977 Y77.232 E588.06329
G0 F15000 X109.977 Y77.632
;TYPE:WALL-OUTER
G1 F607.2 X114.863 Y77.632 E588.2258
G1 X114.86 Y74.032 E588.34554
G1 X105.088 Y74.032 E588.67056
G1 X105.088 Y77.632 E588.79029
G1 X109.977 Y77.632 E588.9529
G0 F15000 X109.977 Y76.922
G0 X111.978 Y76.914
G0 X111.796 Y76.252
G0 X111.576 Y76.252
;TYPE:FILL
G1 F607.2 X111.879 Y76.275 E588.96301
G1 X112.28 Y76.218 E588.97648
G1 X112.495 Y76.145 E588.98403
G0 F15000 X112.275 Y76.145
G0 X111.724 Y75.004
G0 X107.604 Y74.912
G1 F607.2 X107.454 Y75.042 E588.99063
G0 F15000 X107.454 Y74.932
G0 X107.604 Y76.66
G0 X107.415 Y76.472
;TYPE:SKIN
G1 F607.2 X106.248 Y76.472 E589.02945
G1 X106.248 Y75.192 E589.07202
G1 X107.412 Y75.192 E589.11074
G1 X107.415 Y76.472 E589.15331
G0 F15000 X107.021 Y76.081
G1 F635.8 X106.639 Y76.081 E589.16544
G1 X106.639 Y75.583 E589.18126
G1 X107.021 Y75.583 E589.1934
G1 X107.021 Y76.081 E589.20921
G0 F15000 X107.021 Y76.732
G0 X109.977 Y76.732
G0 X109.977 Y76.472
G1 F607.2 X108.416 Y76.472 E589.26113
G1 X108.416 Y75.192 E589.30371
G1 X111.536 Y75.192 E589.40748
G1 X111.536 Y76.472 E589.45005
G1 X109.977 Y76.472 E589.5019
G0 F15000 X109.977 Y76.732
G0 X110.97 Y76.732
G0 X110.97 Y76.272
G1 F607.2 X111.336 Y75.906 E589.51912
G0 F15000 X111.284 Y75.392
G1 F607.2 X110.404 Y76.272 E589.56051
G0 F15000 X109.838 Y76.272
G1 F607.2 X110.719 Y75.392 E589.60193
G0 F15000 X110.153 Y75.392
G1 F607.2 X109.273 Y76.272 E589.64332
G0 F15000 X108.707 Y76.272
G1 F607.2 X109.587 Y75.392 E589.68471
G0 F15000 X109.022 Y75.392
G1 F607.2 X108.617 Y75.797 E589.70376
G0 F15000 X108.156 Y75.797
G0 X108.228 Y76.66
G0 X111.724 Y76.66
G0 X112.275 Y76.08
G0 X112.924 Y76.08
G1 F632.5 X112.924 Y75.584 E589.7196
G1 X113.308 Y75.584 E589.73186
G1 X113.308 Y76.08 E589.7477
G1 X112.924 Y76.08 E589.75996
G0 F15000 X112.532 Y76.472
G1 F607.2 X112.532 Y75.192 E589.80253
G1 X113.7 Y75.192 E589.84138
G1 X113.7 Y76.472 E589.88395
G1 X112.532 Y76.472 E589.9228
G0 F15000 X112.096 Y76.472
;MESH:NONMESH
G0 F300 Z24.6
G0 F15000 X111.794 Y76.624
G0 X109.977 Y76.832
;TIME_ELAPSED:1407.803698
;LAYER:122
;note -- min layer time used
;TYPE:WALL-INNER
;MESH:nut_holder.stl
G1 F600 X113.868 Y76.832 E590.05222
G1 X113.868 Y74.832 E590.11874
G1 X106.08 Y74.832 E590.37777
G1 X106.08 Y76.832 E590.44429
G1 X109.977 Y76.832 E590.5739
G0 F15000 X109.977 Y77.232
G1 F600 X114.268 Y77.232 E590.71662
G1 X114.268 Y74.432 E590.80975
G1 X105.68 Y74.432 E591.09539
G1 X105.68 Y77.232 E591.18851
G1 X109.977 Y77.232 E591.33143
G0 F15000 X109.977 Y77.632
;TYPE:WALL-OUTER
G1 F600 X114.668 Y77.632 E591.48746
G1 X114.668 Y74.032 E591.60719
G1 X105.28 Y74.032 E591.91944
G1 X105.28 Y77.632 E592.03918
G1 X109.977 Y77.632 E592.1954
G0 F15000 X109.977 Y76.922
G0 X111.631 Y76.914
G0 X111.449 Y76.371
G0 X111.229 Y76.371
;TYPE:FILL
G1 F600 X111.478 Y76.42 E592.20384
G1 X111.879 Y76.381 E592.21724
G1 X112.139 Y76.305 E592.22625
G0 F15000 X112.596 Y76.052
;TYPE:SKIN
G1 F545.5 X112.596 Y75.612 E592.24235
G1 X113.088 Y75.612 E592.26035
G1 X113.088 Y76.052 E592.27645
G1 X112.596 Y76.052 E592.29445
G0 F15000 X112.176 Y76.472
G1 F600 X112.176 Y75.192 E592.33702
G1 X113.508 Y75.192 E592.38132
G1 X113.508 Y76.472 E592.42389
G1 X112.176 Y76.472 E592.4682
G0 F15000 X111.919 Y76.472
G0 X111.48 Y76.624
G0 X109.977 Y76.732
G0 X109.977 Y76.472
G1 F600 X108.76 Y76.472 E592.50867
G1 X108.76 Y75.192 E592.55125
G1 X111.188 Y75.192 E592.632
G1 X111.188 Y76.472 E592.67458
G1 X109.977 Y76.472 E592.71485
G0 F15000 X109.082 Y76.272
G1 F600 X108.96 Y76.15 E592.72059
G0 F15000 X108.96 Y75.585
G1 F600 X109.648 Y76.272 E592.75293
G0 F15000 X110.213 Y76.272
G1 F600 X109.334 Y75.392 E592.7943
G0 F15000 X109.899 Y75.392
G1 F600 X110.779 Y76.272 E592.83569
G0 F15000 X110.988 Y75.916
G1 F600 X110.465 Y75.392 E592.86032
G0 F15000 X110.465 Y74.932
G0 X108.575 Y75.004
G0 X107.961 Y76.66
G0 X107.348 Y76.732
G0 X107.348 Y76.052
G1 F545.5 X106.86 Y76.052 E592.87817
G1 X106.86 Y75.612 E592.89427
G1 X107.348 Y75.612 E592.91212
G1 X107.348 Y76.052 E592.92822
G0 F15000 X107.771 Y76.472
G1 F600 X106.44 Y76.472 E592.97249
G1 X106.44 Y75.192 E593.01506
G1 X107.768 Y75.192 E593.05923
G1 X107.771 Y76.472 E593.1018
;MESH:NONMESH
G0 F300 Z24.8
G0 F15000 X107.771 Y76.732
G0 X109.977 Y76.832
;TIME_ELAPSED:1418.920235
;LAYER:123
;note -- min layer time used
;TYPE:WALL-INNER
;MESH:nut_holder.stl
G1 F600 X113.652 Y76.832 E593.22404
G1 X113.652 Y74.832 E593.29056
G1 X106.296 Y74.832 E593.53522
G1 X106.296 Y76.832 E593.60174
G1 X109.977 Y76.832 E593.72417
G0 F15000 X109.977 Y77.232
G1 F600 X114.052 Y77.232 E593.8597
G1 X114.052 Y74.432 E593.95283
G1 X105.896 Y74.432 E594.2241
G1 X105.896 Y77.232 E594.31723
G1 X109.977 Y77.232 E594.45296
G0 F15000 X109.977 Y77.632
;TYPE:WALL-OUTER
G1 F600 X114.452 Y77.632 E594.6018
G1 X114.452 Y74.032 E594.72154
G1 X105.496 Y74.032 E595.01942
G1 X105.496 Y77.632 E595.13915
G1 X109.977 Y77.632 E595.28819
G0 F15000 X109.977 Y76.922
G0 X111.72 Y76.732
G0 X111.72 Y76.566
;TYPE:FILL
G1 F600 X111.478 Y76.643 E595.29664
G1 X111.077 Y76.703 E595.31012
G1 X110.676 Y76.498 E595.3251
G1 X110.275 Y75.738 E595.35368
G1 X109.874 Y75.097 E595.37883
G1 X109.688 Y74.912 E595.38756
G0 F15000 X106.468 Y75.004
G0 X106.396 Y76.051
G0 X107.076 Y76.051
;TYPE:SKIN
G1 F545.5 X107.076 Y75.612 E595.40362
G1 X107.769 Y75.611 E595.42897
G1 F546.7 X107.769 Y76.049 E595.44496
G1 F545.5 X107.076 Y76.051 E595.47032
G0 F15000 X106.396 Y76.051
G0 X106.468 Y76.66
G0 X108.188 Y76.732
G0 X108.188 Y76.471
G1 F600 X106.656 Y76.472 E595.52127
G1 X106.656 Y75.192 E595.56384
G1 X108.191 Y75.193 E595.6149
G1 X108.188 Y76.471 E595.6574
G0 F15000 X108.188 Y76.732
G0 X111.499 Y76.052
G0 X112.179 Y76.052
G1 F545.5 X112.177 Y75.612 E595.6735
G1 X112.872 Y75.612 E595.69893
G1 X112.872 Y76.052 E595.71503
G1 X112.179 Y76.052 E595.74038
G0 F15000 X111.76 Y76.472
G1 F600 X111.757 Y75.192 E595.78295
G1 X113.292 Y75.192 E595.83401
G1 X113.292 Y76.472 E595.87658
G1 X111.76 Y76.472 E595.92754
;MESH:NONMESH
G0 F300 Z25
G0 F15000 X111.76 Y76.732
G0 X109.977 Y76.832
;TIME_ELAPSED:1428.684323
;LAYER:124
;note -- min layer time used
;TYPE:WALL-INNER
;MESH:nut_holder.stl
G1 F600 X113.423 Y76.832 E596.04215
G1 X113.421 Y74.832 E596.10867
G1 X106.528 Y74.832 E596.33793
G1 X106.528 Y76.832 E596.40445
G1 X109.977 Y76.832 E596.51917
G0 F15000 X109.977 Y77.232
G1 F600 X113.823 Y77.232 E596.64709
G1 X113.82 Y74.432 E596.74021
G1 X106.128 Y74.432 E596.99605
G1 X106.128 Y77.232 E597.08918
G1 X109.977 Y77.232 E597.2172
G0 F15000 X109.977 Y77.632
;TYPE:WALL-OUTER
G1 F600 X114.223 Y77.632 E597.35842
G1 X114.22 Y74.032 E597.47816
G1 X105.728 Y74.032 E597.7606
G1 X105.728 Y77.632 E597.88034
G1 X109.977 Y77.632 E598.02166
G0 F15000 X110.12 Y76.752
;TYPE:FILL
G1 F600 X110.23 Y76.591 E598.02815
G1 X110.237 Y76.19 E598.04149
G1 X110.146 Y75.789 E598.05516
G1 X109.99 Y75.388 E598.06947
G1 X109.755 Y74.987 E598.08493
G1 X109.687 Y74.912 E598.0883
G0 F15000 X108.887 Y76.66
G0 X108.696 Y76.472
;TYPE:SKIN
G1 F600 X106.888 Y76.472 E598.14843
G1 X106.888 Y75.192 E598.19101
G1 X108.696 Y75.192 E598.25114
G1 X108.696 Y76.472 E598.29371
G0 F15000 X108.696 Y76.732
G0 X108.885 Y75.004
G0 X108.202 Y74.932
G0 X108.202 Y75.392
G1 F600 X108.496 Y75.687 E598.30757
G0 F15000 X108.496 Y76.252
G1 F600 X107.637 Y75.392 E598.34799
G0 F15000 X107.088 Y75.409
G1 F600 X107.95 Y76.272 E598.38856
G0 F15000 X107.385 Y76.272
G1 F600 X107.088 Y75.975 E598.40253
G0 F15000 X106.628 Y75.975
G0 X106.7 Y76.66
G0 X108.668 Y76.66
G0 X110.994 Y76.471
G0 X111.252 Y76.472
G1 F600 X111.252 Y75.192 E598.44511
G1 X113.06 Y75.192 E598.50524
G1 X113.06 Y76.472 E598.54781
G1 X111.252 Y76.472 E598.60795
G0 F15000 X111.91 Y76.272
G1 F600 X111.452 Y75.814 E598.62949
G0 F15000 X111.596 Y75.392
G1 F600 X112.476 Y76.272 E598.67088
G0 F15000 X112.861 Y76.091
G1 F600 X112.162 Y75.392 E598.70376
G0 F15000 X112.728 Y75.392
G1 F600 X112.861 Y75.525 E598.71002
;MESH:NONMESH
G0 F300 Z25.2
G0 F15000 X113.322 Y75.525
G0 X113.25 Y76.66
G0 X109.977 Y76.832
;TIME_ELAPSED:1438.646234
;LAYER:125
;note -- min layer time used
;TYPE:WALL-INNER
;MESH:nut_holder.stl
G1 F600 X113.168 Y76.832 E598.81615
G1 X113.168 Y74.832 E598.88267
G1 X106.78 Y74.832 E599.09514
G1 X106.78 Y76.832 E599.16166
G1 X109.977 Y76.832 E599.26799
G0 F15000 X109.977 Y77.232
G1 F600 X113.568 Y77.232 E599.38743
G1 X113.568 Y74.432 E599.48056
G1 X106.38 Y74.432 E599.71963
G1 X106.38 Y77.232 E599.81276
G1 X109.977 Y77.232 E599.9324
G0 F15000 X109.977 Y77.632
;TYPE:WALL-OUTER
G1 F600 X113.968 Y77.632 E600.06514
G1 X113.968 Y74.032 E600.18487
G1 X105.98 Y74.032 E600.45055
G1 X105.98 Y77.632 E600.57029
G1 X109.977 Y77.632 E600.70323
G0 F15000 X109.79 Y76.752
;TYPE:FILL
G1 F600 X109.921 Y76.591 E600.71014
G1 X110.034 Y76.19 E600.72399
G1 X110.022 Y75.789 E600.73734
G1 X109.929 Y75.388 E600.75103
G1 X109.755 Y74.987 E600.76557
G1 X109.702 Y74.912 E600.76862
G0 F15000 X109.545 Y76.66
G0 X109.356 Y76.472
;TYPE:SKIN
G1 F600 X107.14 Y76.472 E600.84232
G1 X107.14 Y75.192 E600.8849
G1 X109.356 Y75.192 E600.9586
G1 X109.356 Y76.472 E601.00118
G0 F15000 X109.155 Y75.824
G1 F600 X108.707 Y76.272 E601.02225
G0 F15000 X108.141 Y76.272
G1 F600 X109.022 Y75.392 E601.06366
G0 F15000 X108.456 Y75.392
G1 F600 X107.576 Y76.272 E601.10506
G0 F15000 X107.34 Y75.942
G1 F600 X107.89 Y75.392 E601.13093
G0 F15000 X107.89 Y74.932
G0 X109.547 Y75.004
G0 X110.334 Y76.472
G0 X110.592 Y76.472
G1 F600 X110.592 Y75.192 E601.1735
G1 X112.808 Y75.192 E601.2472
G1 X112.808 Y76.472 E601.28978
G1 X110.592 Y76.472 E601.36348
G0 F15000 X110.334 Y76.472
G0 X110.405 Y75.004
G0 X111.284 Y74.932
G0 X111.284 Y75.392
G1 F600 X110.792 Y75.884 E601.38662
G0 F15000 X110.97 Y76.272
G1 F600 X111.85 Y75.392 E601.42802
G0 F15000 X112.416 Y75.392
G1 F600 X111.535 Y76.272 E601.46943
G0 F15000 X112.101 Y76.272
G1 F600 X112.607 Y75.766 E601.49323
;MESH:NONMESH
G0 F300 Z25.4
G0 F15000 X113.068 Y75.766
G0 X112.996 Y76.66
G0 X109.977 Y76.832
;TIME_ELAPSED:1448.555521
;LAYER:126
;note -- min layer time used
;TYPE:WALL-INNER
;MESH:nut_holder.stl
G1 F600 X112.884 Y76.832 E601.58992
G1 X112.884 Y74.832 E601.65644
G1 X107.064 Y74.832 E601.85001
G1 X107.064 Y76.832 E601.91653
G1 X109.977 Y76.832 E602.01342
G0 F15000 X109.977 Y77.232
G1 F600 X113.284 Y77.232 E602.12341
G1 X113.284 Y74.432 E602.21654
G1 X106.664 Y74.432 E602.43672
G1 X106.664 Y77.232 E602.52985
G1 X109.977 Y77.232 E602.64004
G0 F15000 X109.977 Y77.632
;TYPE:WALL-OUTER
G1 F600 X113.684 Y77.632 E602.76334
G1 X113.684 Y74.032 E602.88307
G1 X106.264 Y74.032 E603.12986
G1 X106.264 Y77.632 E603.2496
G1 X109.977 Y77.632 E603.3731
G0 F15000 X109.977 Y76.922
G0 X109.977 Y76.472
;TYPE:SKIN
G1 F600 X107.424 Y76.472 E603.45801
G1 X107.424 Y75.192 E603.50058
G1 X112.524 Y75.192 E603.67021
G1 X112.524 Y76.472 E603.71278
G1 X109.977 Y76.472 E603.7975
G0 F15000 X109.977 Y76.732
G0 X107.95 Y76.732
G0 X107.95 Y76.272
G1 F600 X107.624 Y75.945 E603.81285
G0 F15000 X107.637 Y75.392
G1 F600 X108.516 Y76.272 E603.85422
G0 F15000 X109.082 Y76.272
G1 F600 X108.202 Y75.392 E603.89561
G0 F15000 X108.768 Y75.392
G1 F600 X109.648 Y76.272 E603.93701
G0 F15000 X110.213 Y76.272
G1 F600 X109.334 Y75.392 E603.97838
G0 F15000 X109.899 Y75.392
G1 F600 X110.779 Y76.272 E604.01977
G0 F15000 X111.345 Y76.272
G1 F600 X110.465 Y75.392 E604.06116
G0 F15000 X111.031 Y75.392
G1 F600 X111.91 Y76.272 E604.10253
G0 F15000 X112.325 Y76.121
G1 F600 X111.596 Y75.392 E604.13682
G0 F15000 X112.162 Y75.392
G1 F600 X112.325 Y75.555 E604.14449
;MESH:NONMESH
G0 F300 Z25.6
G0 F15000 X112.784 Y75.555
G0 X112.712 Y76.66
G0 X109.977 Y76.832
;TIME_ELAPSED:1457.777079
;LAYER:127
;note -- min layer time used
;TYPE:WALL-INNER
;MESH:nut_holder.stl
G1 F600 X112.572 Y76.832 E604.2308
G1 X112.572 Y74.832 E604.29732
G1 X107.373 Y74.832 E604.47024
G1 X107.375 Y76.832 E604.53676
G1 X109.977 Y76.832 E604.6233
G0 F15000 X109.977 Y77.232
G1 F600 X112.972 Y77.232 E604.72291
G1 X112.972 Y74.432 E604.81604
G1 X106.973 Y74.432 E605.01557
G1 X106.976 Y77.232 E605.1087
G1 X109.977 Y77.232 E605.20851
G0 F15000 X109.977 Y77.632
;TYPE:WALL-OUTER
G1 F600 X113.372 Y77.632 E605.32143
G1 X113.372 Y74.032 E605.44117
G1 X106.573 Y74.032 E605.6673
G1 X106.576 Y77.632 E605.78704
G1 X109.977 Y77.632 E605.90016
G0 F15000 X109.977 Y76.922
G0 X109.977 Y76.472
;TYPE:SKIN
G1 F600 X107.732 Y76.472 E605.97483
G1 X107.732 Y75.192 E606.0174
G1 X112.212 Y75.192 E606.1664
G1 X112.212 Y76.472 E606.20898
G1 X109.977 Y76.472 E606.28331
G0 F15000 X109.977 Y76.732
G0 X111.535 Y76.732
G0 X111.535 Y76.272
G1 F600 X112.012 Y75.795 E606.30575
G0 F15000 X111.849 Y75.392
G1 F600 X110.97 Y76.272 E606.34712
G0 F15000 X110.404 Y76.272
G1 F600 X111.284 Y75.392 E606.38851
G0 F15000 X110.718 Y75.392
G1 F600 X109.838 Y76.272 E606.4299
G0 F15000 X109.273 Y76.272
G1 F600 X110.152 Y75.392 E606.47127
G0 F15000 X109.587 Y75.392
G1 F600 X108.707 Y76.272 E606.51267
G0 F15000 X108.141 Y76.272
G1 F600 X109.021 Y75.392 E606.55406
G0 F15000 X108.455 Y75.392
G1 F600 X107.932 Y75.916 E606.57868
;MESH:NONMESH
G0 F300 Z25.8
G0 F15000 X107.474 Y75.916
G0 X107.547 Y76.66
G0 X109.977 Y76.832
;TIME_ELAPSED:1466.183354
;LAYER:128
;note -- min layer time used
;TYPE:WALL-INNER
;MESH:nut_holder.stl
G1 F600 X112.216 Y76.832 E606.65315
G1 X112.216 Y74.832 E606.71967
G1 X107.732 Y74.832 E606.86881
G1 X107.732 Y76.832 E606.93533
G1 X109.977 Y76.832 E607.01
G0 F15000 X109.977 Y77.232
G1 F600 X112.616 Y77.232 E607.09777
G1 X112.616 Y74.432 E607.1909
G1 X107.332 Y74.432 E607.36665
G1 X107.332 Y77.232 E607.45978
G1 X109.977 Y77.232 E607.54775
G0 F15000 X109.977 Y77.632
;TYPE:WALL-OUTER
G1 F600 X113.016 Y77.632 E607.64883
G1 X113.016 Y74.032 E607.76856
G1 X106.932 Y74.032 E607.97092
G1 X106.932 Y77.632 E608.09065
G1 X109.977 Y77.632 E608.19193
G0 F15000 X109.977 Y76.922
G0 X109.977 Y76.472
;TYPE:SKIN
G1 F600 X108.092 Y76.472 E608.25463
G1 X108.092 Y75.192 E608.2972
G1 X111.856 Y75.192 E608.42239
G1 X111.856 Y76.472 E608.46496
G1 X109.977 Y76.472 E608.52746
G0 F15000 X109.977 Y76.732
G0 X108.515 Y76.732
G0 X108.515 Y76.271
G1 F600 X108.292 Y76.048 E608.53795
G0 F15000 X108.292 Y75.482
G1 F600 X109.081 Y76.271 E608.57506
G0 F15000 X109.647 Y76.271
G1 F600 X108.767 Y75.392 E608.61643
G0 F15000 X109.333 Y75.392
G1 F600 X110.212 Y76.271 E608.65778
G0 F15000 X110.778 Y76.271
G1 F600 X109.899 Y75.392 E608.69912
G0 F15000 X110.464 Y75.392
G1 F600 X111.344 Y76.271 E608.74049
G0 F15000 X111.656 Y76.018
G1 F600 X111.03 Y75.392 E608.76993
G0 F15000 X111.596 Y75.392
G1 F600 X111.656 Y75.453 E608.77278
;MESH:NONMESH
G0 F300 Z26
G0 F15000 X112.116 Y75.453
G0 X112.044 Y76.66
G0 X109.977 Y76.832
;TIME_ELAPSED:1473.869487
;LAYER:129
;note -- min layer time used
;TYPE:WALL-INNER
;MESH:nut_holder.stl
G1 F600 X111.799 Y76.832 E608.83338
G1 X111.797 Y74.832 E608.8999
G1 X108.151 Y74.832 E609.02117
G1 X108.149 Y76.832 E609.08769
G1 X109.977 Y76.832 E609.14849
G0 F15000 X109.977 Y77.232
G1 F600 X112.199 Y77.232 E609.22239
G1 X112.196 Y74.432 E609.31552
G1 X107.752 Y74.432 E609.46333
G1 X107.749 Y77.232 E609.55646
G1 X109.977 Y77.232 E609.63056
G0 F15000 X109.977 Y77.632
;TYPE:WALL-OUTER
G1 F600 X112.599 Y77.632 E609.71777
G1 X112.596 Y74.032 E609.8375
G1 X107.352 Y74.032 E610.01192
G1 X107.349 Y77.632 E610.13166
G1 X109.977 Y77.632 E610.21906
G0 F15000 X109.977 Y76.922
G0 X109.977 Y76.472
;TYPE:SKIN
G1 F600 X108.508 Y76.472 E610.26792
G1 X108.508 Y75.192 E610.3105
G1 X111.436 Y75.192 E610.40788
G1 X111.436 Y76.472 E610.45046
G1 X109.977 Y76.472 E610.49898
G0 F15000 X109.977 Y76.732
G0 X111.626 Y76.66
G0 X111.698 Y76.006
G0 X111.236 Y76.006
G1 F600 X110.97 Y76.272 E610.51149
G0 F15000 X110.404 Y76.272
G1 F600 X111.236 Y75.441 E610.5506
G0 F15000 X110.719 Y75.392
G1 F600 X109.838 Y76.272 E610.59202
G0 F15000 X109.273 Y76.272
G1 F600 X110.153 Y75.392 E610.63341
G0 F15000 X109.587 Y75.392
G1 F600 X108.708 Y76.271 E610.67476
G0 F15000 X108.708 Y75.705
G1 F600 X109.022 Y75.392 E610.6895
;MESH:NONMESH
G0 F300 Z26.2
G0 F15000 X109.022 Y74.932
G0 X108.323 Y75.004
G0 X108.322 Y76.66
G0 X109.977 Y76.832
;TIME_ELAPSED:1480.718401
;LAYER:130
;note -- min layer time used
;TYPE:WALL-INNER
;MESH:nut_holder.stl
G1 F600 X111.292 Y76.832 E610.73324
G1 X111.292 Y74.832 E610.79976
G1 X108.656 Y74.832 E610.88744
G1 X108.656 Y76.832 E610.95396
G1 X109.977 Y76.832 E610.99789
G0 F15000 X109.977 Y77.232
G1 F600 X111.692 Y77.232 E611.05493
G1 X111.692 Y74.432 E611.14806
G1 X108.256 Y74.432 E611.26234
G1 X108.256 Y77.232 E611.35547
G1 X109.977 Y77.232 E611.41271
G0 F15000 X109.977 Y77.632
;TYPE:WALL-OUTER
G1 F600 X112.092 Y77.632 E611.48306
G1 X112.092 Y74.032 E611.60279
G1 X107.856 Y74.032 E611.74368
G1 X107.856 Y77.632 E611.86342
G1 X109.977 Y77.632 E611.93397
G0 F15000 X109.977 Y76.922
G0 X109.977 Y76.472
;TYPE:SKIN
G1 F600 X109.016 Y76.472 E611.96593
G1 X109.016 Y75.192 E612.0085
G1 X110.932 Y75.192 E612.07223
G1 X110.932 Y76.472 E612.1148
G1 X109.977 Y76.472 E612.14656
G0 F15000 X109.216 Y75.841
G1 F600 X109.648 Y76.272 E612.16686
G0 F15000 X110.213 Y76.272
G1 F600 X109.334 Y75.392 E612.20823
G0 F15000 X109.899 Y75.392
G1 F600 X110.732 Y76.225 E612.24741
G0 F15000 X110.732 Y75.66
G1 F600 X110.465 Y75.392 E612.25999
;MESH:NONMESH
G0 F300 Z26.4
G0 F15000 X110.465 Y74.932
G0 X111.12 Y75.004
G0 X111.12 Y76.66
G0 X109.977 Y76.832
;TIME_ELAPSED:1486.245322
;LAYER:131
;note -- min layer time used
;TYPE:WALL-INNER
;MESH:nut_holder.stl
G1 F600 X110.632 Y76.832 E612.28178
G1 X110.632 Y74.832 E612.3483
G1 X109.316 Y74.832 E612.39207
G1 X109.316 Y76.832 E612.45859
G1 X109.977 Y76.832 E612.48058
G0 F15000 X109.977 Y77.232
G1 F600 X111.032 Y77.232 E612.51567
G1 X111.032 Y74.432 E612.60879
G1 X108.916 Y74.432 E612.67917
G1 X108.916 Y77.232 E612.7723
G1 X109.977 Y77.232 E612.80759
G0 F15000 X109.977 Y77.632
;TYPE:WALL-OUTER
G1 F600 X111.432 Y77.632 E612.85598
G1 X111.432 Y74.032 E612.97572
G1 X108.516 Y74.032 E613.07271
G1 X108.516 Y77.632 E613.19244
G1 X109.977 Y77.632 E613.24104
G0 F15000 X109.977 Y76.922
G0 X109.977 Y76.423
;TYPE:SKIN
G1 F481.9 X109.725 Y76.423 E613.25147
G1 X109.725 Y75.241 E613.30042
G1 X110.223 Y75.241 E613.32104
G1 X110.223 Y76.423 E613.36998
G1 X109.977 Y76.423 E613.38017
;TIME_ELAPSED:1489.837647
G1 F2400 E612.58017
M140 S0
M107
G91 ;Relative positioning
G1 E-2 F2700 ;Retract a bit
G1 E-2 Z0.2 F2400 ;Retract and raise Z
G1 X5 Y5 F3000 ;Wipe out
G1 Z10 ;Raise Z more
G90 ;Absolute positioning

G1 X0 Y220 ;Present print
M106 S0 ;Turn-off fan
M104 S0 ;Turn-off hotend
M140 S0 ;Turn-off bed

M84 X Y E ;Disable all steppers but Z

M82 ;absolute extrusion mode
M104 S0
;End of Gcode
;SETTING_3 {"global_quality": "[general]\\nversion = 4\\nname = Standard Quality
;SETTING_3  #2\\ndefinition = creality_ender3v3se\\n\\n[metadata]\\ntype = quali
;SETTING_3 ty_changes\\nquality_type = standard\\nsetting_version = 26\\n\\n[val
;SETTING_3 ues]\\nadhesion_type = brim\\nsupport_enable = False\\nsupport_struct
;SETTING_3 ure = tree\\nsupport_type = buildplate\\n\\n", "extruder_quality": ["
;SETTING_3 [general]\\nversion = 4\\nname = Standard Quality #2\\ndefinition = c
;SETTING_3 reality_ender3v3se\\n\\n[metadata]\\ntype = quality_changes\\nquality
;SETTING_3 _type = standard\\nsetting_version = 26\\nposition = 0\\n\\n[values]\
;SETTING_3 \nbrim_line_count = 8\\nbrim_width = 4.0\\ncool_fan_speed = 100.0\\ni
;SETTING_3 nfill_pattern = gyroid\\ninfill_sparse_density = 15.0\\nmaterial_prin
;SETTING_3 t_temperature = 225.0\\nspeed_print = 200.0\\nspeed_wall = 200.0\\nsu
;SETTING_3 pport_pattern = honeycomb\\ntop_layers = 6\\nwall_thickness = 1.2\\n\
;SETTING_3 \n"]}
