solid OpenSCAD_Model
  facet normal -0.8314696123025462 -0.5555702330196007 0
    outer loop
      vertex -24.087084643003102 -14.760584453225553 2.5
      vertex -22.854730091092264 -16.604933377262366 2.5
      vertex -24.087084643003102 -14.760584453225553 15
    endloop
  endfacet
  facet normal -0.7853169308807452 -0.6190939493098339 0
    outer loop
      vertex -21.481468528200875 -18.346907365327688 2.5
      vertex -22.854730091092264 -16.604933377262366 15
      vertex -22.854730091092264 -16.604933377262366 2.5
    endloop
  endfacet
  facet normal -0.6190939493098339 -0.7853169308807452 0
    outer loop
      vertex -18.346907365327688 -21.481468528200875 2.5
      vertex -16.604933377262366 -22.854730091092264 2.5
      vertex -16.604933377262366 -22.854730091092264 15
    endloop
  endfacet
  facet normal -0.5555702330196007 -0.8314696123025462 0
    outer loop
      vertex -16.604933377262366 -22.854730091092264 2.5
      vertex -14.760584453225553 -24.087084643003102 2.5
      vertex -14.760584453225553 -24.087084643003102 15
    endloop
  endfacet
  facet normal -0.734322509435686 -0.6788007455329411 0
    outer loop
      vertex -21.481468528200875 -18.346907365327688 2.5
      vertex -19.97576656851997 -19.97576656851997 2.5
      vertex -21.481468528200875 -18.346907365327688 15
    endloop
  endfacet
  facet normal -0.6788007455329411 -0.734322509435686 0
    outer loop
      vertex -18.346907365327688 -21.481468528200875 2.5
      vertex -18.346907365327688 -21.481468528200875 15
      vertex -19.97576656851997 -19.97576656851997 2.5
    endloop
  endfacet
  facet normal 0 0 -1
    outer loop
      vertex -25.170934308321392 -12.825231617642196 2.5
      vertex -26.09959679344385 -10.810806964313786 2.5
      vertex -25.170934308321392 12.825231617642196 2.5
    endloop
  endfacet
  facet normal 0 0 -1
    outer loop
      vertex -26.867346585338087 -8.729730091092264 2.5
      vertex -27.469450251234363 -6.594831528929327 2.5
      vertex -26.867346585338087 8.729730091092264 2.5
    endloop
  endfacet
  facet normal 0 0 -1
    outer loop
      vertex -27.469450251234363 -6.594831528929327 2.5
      vertex -27.90219562181264 -4.419273637386522 2.5
      vertex -27.469450251234363 6.594831528929327 2.5
    endloop
  endfacet
  facet normal 0 0 -1
    outer loop
      vertex -27.90219562181264 -4.419273637386522 2.5
      vertex -28.162914677960863 -2.2164694543116195 2.5
      vertex -27.90219562181264 4.419273637386522 2.5
    endloop
  endfacet
  facet normal 0 0 -1
    outer loop
      vertex -26.09959679344385 -10.810806964313786 2.5
      vertex -26.867346585338087 -8.729730091092264 2.5
      vertex -26.09959679344385 10.810806964313786 2.5
    endloop
  endfacet
  facet normal 0 0 -1
    outer loop
      vertex -24.087084643003102 -14.760584453225553 2.5
      vertex -25.170934308321392 -12.825231617642196 2.5
      vertex -24.087084643003102 14.760584453225553 2.5
    endloop
  endfacet
  facet normal 0 0 -1
    outer loop
      vertex -24.087084643003102 -14.760584453225553 2.5
      vertex -22.854730091092264 16.604933377262366 2.5
      vertex -22.854730091092264 -16.604933377262366 2.5
    endloop
  endfacet
  facet normal 0 0 -1
    outer loop
      vertex -21.481468528200875 -18.346907365327688 2.5
      vertex -22.854730091092264 -16.604933377262366 2.5
      vertex -21.481468528200875 18.346907365327688 2.5
    endloop
  endfacet
  facet normal 0 0 -1
    outer loop
      vertex -18.346907365327688 -21.481468528200875 2.5
      vertex -16.604933377262366 22.854730091092264 2.5
      vertex -16.604933377262366 -22.854730091092264 2.5
    endloop
  endfacet
  facet normal 0 0 -1
    outer loop
      vertex -16.604933377262366 -22.854730091092264 2.5
      vertex -14.760584453225553 24.087084643003102 2.5
      vertex -14.760584453225553 -24.087084643003102 2.5
    endloop
  endfacet
  facet normal 0 0 -1
    outer loop
      vertex -21.481468528200875 -18.346907365327688 2.5
      vertex -19.97576656851997 19.97576656851997 2.5
      vertex -19.97576656851997 -19.97576656851997 2.5
    endloop
  endfacet
  facet normal 0 0 -1
    outer loop
      vertex -18.346907365327688 -21.481468528200875 2.5
      vertex -19.97576656851997 -19.97576656851997 2.5
      vertex -18.346907365327688 21.481468528200875 2.5
    endloop
  endfacet
  facet normal -0.8724960070727963 -0.4886212414969563 0
    outer loop
      vertex -24.087084643003102 -14.760584453225553 2.5
      vertex -25.170934308321392 -12.825231617642196 15
      vertex -25.170934308321392 -12.825231617642196 2.5
    endloop
  endfacet
  facet normal -0.9081431738250811 -0.4186597375374282 0
    outer loop
      vertex -25.170934308321392 -12.825231617642196 2.5
      vertex -26.09959679344385 -10.810806964313786 15
      vertex -26.09959679344385 -10.810806964313786 2.5
    endloop
  endfacet
  facet normal -0.9381913359224844 -0.3461170570774923 0
    outer loop
      vertex -26.09959679344385 -10.810806964313786 2.5
      vertex -26.867346585338087 -8.729730091092264 15
      vertex -26.867346585338087 -8.729730091092264 2.5
    endloop
  endfacet
  facet normal -0.9624552364536472 -0.27144044986507454 0
    outer loop
      vertex -26.867346585338087 -8.729730091092264 2.5
      vertex -27.469450251234363 -6.594831528929327 15
      vertex -27.469450251234363 -6.594831528929327 2.5
    endloop
  endfacet
  facet normal -0.9807852804032303 -0.19509032201612883 0
    outer loop
      vertex -27.469450251234363 -6.594831528929327 2.5
      vertex -27.90219562181264 -4.419273637386522 15
      vertex -27.90219562181264 -4.419273637386522 2.5
    endloop
  endfacet
  facet normal -0.9930684569549265 -0.1175373974578365 0
    outer loop
      vertex -27.90219562181264 -4.419273637386522 2.5
      vertex -28.162914677960863 -2.2164694543116195 15
      vertex -28.162914677960863 -2.2164694543116195 2.5
    endloop
  endfacet
  facet normal -0.9992290362407229 -0.039259815759069554 0
    outer loop
      vertex -28.162914677960863 -2.2164694543116195 2.5
      vertex -28.25 0 15
      vertex -28.25 0 2.5
    endloop
  endfacet
  facet normal 0 0 -1
    outer loop
      vertex -10.810806964313786 -26.09959679344385 2.5
      vertex -8.292424192343212 -6.024798835997849 2.5
      vertex -8.729730091092264 -26.867346585338087 2.5
    endloop
  endfacet
  facet normal 0 0 -1
    outer loop
      vertex -8.729730091092264 -26.867346585338087 2.5
      vertex -6.024798835997849 -8.292424192343212 2.5
      vertex -6.594831528929327 -27.469450251234363 2.5
    endloop
  endfacet
  facet normal 0 0 -1
    outer loop
      vertex -8.729730091092264 -26.867346585338087 2.5
      vertex -6.6568424953843826 -7.794161147400317 2.5
      vertex -6.024798835997849 -8.292424192343212 2.5
    endloop
  endfacet
  facet normal 0 0 -1
    outer loop
      vertex -6.594831528929327 -27.469450251234363 2.5
      vertex -3.9225051817421703 -9.46976520824069 2.5
      vertex -4.419273637386522 -27.90219562181264 2.5
    endloop
  endfacet
  facet normal 0 0 -1
    outer loop
      vertex -4.419273637386522 -27.90219562181264 2.5
      vertex -1.6034532666623664 -10.123805491100162 2.5
      vertex -2.2164694543116195 -28.162914677960863 2.5
    endloop
  endfacet
  facet normal 0 0 -1
    outer loop
      vertex -2.2164694543116195 -28.162914677960863 2.5
      vertex -0.8042057312104107 -10.218402670764561 2.5
      vertex 0 -28.25 2.5
    endloop
  endfacet
  facet normal 0 0 -1
    outer loop
      vertex -6.594831528929327 -27.469450251234363 2.5
      vertex -5.355610288338475 -8.739561684629445 2.5
      vertex -4.653402622330354 -9.132816872930771 2.5
    endloop
  endfacet
  facet normal 0 0 -1
    outer loop
      vertex -6.594831528929327 -27.469450251234363 2.5
      vertex -6.024798835997849 -8.292424192343212 2.5
      vertex -5.355610288338475 -8.739561684629445 2.5
    endloop
  endfacet
  facet normal 0 0 -1
    outer loop
      vertex -6.594831528929327 -27.469450251234363 2.5
      vertex -4.653402622330354 -9.132816872930771 2.5
      vertex -3.9225051817421703 -9.46976520824069 2.5
    endloop
  endfacet
  facet normal 0 0 -1
    outer loop
      vertex -4.419273637386522 -27.90219562181264 2.5
      vertex -3.9225051817421703 -9.46976520824069 2.5
      vertex -3.1674241923432107 -9.748329292025323 2.5
    endloop
  endfacet
  facet normal 0 0 -1
    outer loop
      vertex -4.419273637386522 -27.90219562181264 2.5
      vertex -2.3928149795230302 -9.966791684076185 2.5
      vertex -1.6034532666623664 -10.123805491100162 2.5
    endloop
  endfacet
  facet normal 0 0 -1
    outer loop
      vertex -4.419273637386522 -27.90219562181264 2.5
      vertex -3.1674241923432107 -9.748329292025323 2.5
      vertex -2.3928149795230302 -9.966791684076185 2.5
    endloop
  endfacet
  facet normal 0 0 -1
    outer loop
      vertex -2.2164694543116195 -28.162914677960863 2.5
      vertex -1.6034532666623664 -10.123805491100162 2.5
      vertex -0.8042057312104107 -10.218402670764561 2.5
    endloop
  endfacet
  facet normal 0 0 -1
    outer loop
      vertex 0 -28.25 2.5
      vertex -0.8042057312104107 -10.218402670764561 2.5
      vertex 0 -10.25 2.5
    endloop
  endfacet
  facet normal -0.4886212414969563 -0.8724960070727963 0
    outer loop
      vertex -14.760584453225553 -24.087084643003102 2.5
      vertex -12.825231617642196 -25.170934308321392 2.5
      vertex -12.825231617642196 -25.170934308321392 15
    endloop
  endfacet
  facet normal -0.4186597375374282 -0.9081431738250811 0
    outer loop
      vertex -12.825231617642196 -25.170934308321392 2.5
      vertex -10.810806964313786 -26.09959679344385 2.5
      vertex -10.810806964313786 -26.09959679344385 15
    endloop
  endfacet
  facet normal -0.3461170570774923 -0.9381913359224844 0
    outer loop
      vertex -10.810806964313786 -26.09959679344385 2.5
      vertex -8.729730091092264 -26.867346585338087 2.5
      vertex -8.729730091092264 -26.867346585338087 15
    endloop
  endfacet
  facet normal -0.27144044986507454 -0.9624552364536472 0
    outer loop
      vertex -8.729730091092264 -26.867346585338087 2.5
      vertex -6.594831528929327 -27.469450251234363 2.5
      vertex -6.594831528929327 -27.469450251234363 15
    endloop
  endfacet
  facet normal -0.19509032201612883 -0.9807852804032303 0
    outer loop
      vertex -6.594831528929327 -27.469450251234363 2.5
      vertex -4.419273637386522 -27.90219562181264 2.5
      vertex -4.419273637386522 -27.90219562181264 15
    endloop
  endfacet
  facet normal -0.1175373974578365 -0.9930684569549265 0
    outer loop
      vertex -4.419273637386522 -27.90219562181264 2.5
      vertex -2.2164694543116195 -28.162914677960863 2.5
      vertex -2.2164694543116195 -28.162914677960863 15
    endloop
  endfacet
  facet normal -0.039259815759069554 -0.9992290362407229 0
    outer loop
      vertex -2.2164694543116195 -28.162914677960863 2.5
      vertex 0 -28.25 2.5
      vertex 0 -28.25 15
    endloop
  endfacet
  facet normal 0 0 -1
    outer loop
      vertex -14.760584453225553 -24.087084643003102 2.5
      vertex -12.825231617642196 25.170934308321392 2.5
      vertex -12.825231617642196 -25.170934308321392 2.5
    endloop
  endfacet
  facet normal 0 0 -1
    outer loop
      vertex -12.825231617642196 -25.170934308321392 2.5
      vertex -10.810806964313786 26.09959679344385 2.5
      vertex -10.810806964313786 -26.09959679344385 2.5
    endloop
  endfacet
  facet normal 0 0 -1
    outer loop
      vertex -10.810806964313786 -26.09959679344385 2.5
      vertex -8.739561684629445 -5.355610288338475 2.5
      vertex -8.292424192343212 -6.024798835997849 2.5
    endloop
  endfacet
  facet normal 0 0 -1
    outer loop
      vertex -10.810806964313786 -26.09959679344385 2.5
      vertex -9.46976520824069 -3.9225051817421703 2.5
      vertex -9.132816872930771 -4.653402622330354 2.5
    endloop
  endfacet
  facet normal 0 0 -1
    outer loop
      vertex -10.810806964313786 -26.09959679344385 2.5
      vertex -9.748329292025323 -3.1674241923432107 2.5
      vertex -9.46976520824069 -3.9225051817421703 2.5
    endloop
  endfacet
  facet normal 0 0 -1
    outer loop
      vertex -10.810806964313786 -26.09959679344385 2.5
      vertex -9.132816872930771 -4.653402622330354 2.5
      vertex -8.739561684629445 -5.355610288338475 2.5
    endloop
  endfacet
  facet normal 0 0 -1
    outer loop
      vertex -8.729730091092264 -26.867346585338087 2.5
      vertex -8.292424192343212 -6.024798835997849 2.5
      vertex -7.794161147400317 -6.6568424953843826 2.5
    endloop
  endfacet
  facet normal 0 0 -1
    outer loop
      vertex -8.729730091092264 -26.867346585338087 2.5
      vertex -7.247844507162113 -7.247844507162113 2.5
      vertex -6.6568424953843826 -7.794161147400317 2.5
    endloop
  endfacet
  facet normal 0 0 -1
    outer loop
      vertex -8.729730091092264 -26.867346585338087 2.5
      vertex -7.794161147400317 -6.6568424953843826 2.5
      vertex -7.247844507162113 -7.247844507162113 2.5
    endloop
  endfacet
  facet normal 0 0 -1
    outer loop
      vertex -10.810806964313786 -26.09959679344385 2.5
      vertex -9.966791684076185 -2.3928149795230302 2.5
      vertex -9.748329292025323 -3.1674241923432107 2.5
    endloop
  endfacet
  facet normal 0 0 -1
    outer loop
      vertex -10.810806964313786 -26.09959679344385 2.5
      vertex -10.123805491100162 -1.6034532666623664 2.5
      vertex -9.966791684076185 -2.3928149795230302 2.5
    endloop
  endfacet
  facet normal 0 0 -1
    outer loop
      vertex -10.810806964313786 -26.09959679344385 2.5
      vertex -10.218402670764561 -0.8042057312104107 2.5
      vertex -10.123805491100162 -1.6034532666623664 2.5
    endloop
  endfacet
  facet normal 0 0 -1
    outer loop
      vertex -10.810806964313786 -26.09959679344385 2.5
      vertex -10.25 0 2.5
      vertex -10.218402670764561 -0.8042057312104107 2.5
    endloop
  endfacet
  facet normal 0.8724960070727965 0.48862124149695607 0
    outer loop
      vertex -8.739561684629445 -5.355610288338475 2.5
      vertex -9.132816872930771 -4.653402622330354 2.5
      vertex -9.132816872930771 -4.653402622330354 15
    endloop
  endfacet
  facet normal 0.9081431738250814 0.41865973753742775 0
    outer loop
      vertex -9.132816872930771 -4.653402622330354 2.5
      vertex -9.46976520824069 -3.9225051817421703 2.5
      vertex -9.46976520824069 -3.9225051817421703 15
    endloop
  endfacet
  facet normal 0.7853169308807443 0.6190939493098347 0
    outer loop
      vertex -7.794161147400317 -6.6568424953843826 2.5
      vertex -8.292424192343212 -6.024798835997849 2.5
      vertex -8.292424192343212 -6.024798835997849 15
    endloop
  endfacet
  facet normal 0.8314696123025461 0.555570233019601 0
    outer loop
      vertex -8.292424192343212 -6.024798835997849 2.5
      vertex -8.739561684629445 -5.355610288338475 2.5
      vertex -8.739561684629445 -5.355610288338475 15
    endloop
  endfacet
  facet normal 0.7343225094356867 0.6788007455329405 0
    outer loop
      vertex -7.247844507162113 -7.247844507162113 2.5
      vertex -7.794161147400317 -6.6568424953843826 2.5
      vertex -7.794161147400317 -6.6568424953843826 15
    endloop
  endfacet
  facet normal 0.9624552364536472 0.2714404498650751 0
    outer loop
      vertex -9.748329292025323 -3.1674241923432107 2.5
      vertex -9.966791684076185 -2.3928149795230302 2.5
      vertex -9.966791684076185 -2.3928149795230302 15
    endloop
  endfacet
  facet normal 0.9807852804032302 0.19509032201612947 0
    outer loop
      vertex -10.123805491100162 -1.6034532666623664 15
      vertex -9.966791684076185 -2.3928149795230302 2.5
      vertex -10.123805491100162 -1.6034532666623664 2.5
    endloop
  endfacet
  facet normal 0.9381913359224846 0.34611705707749146 0
    outer loop
      vertex -9.46976520824069 -3.9225051817421703 2.5
      vertex -9.748329292025323 -3.1674241923432107 2.5
      vertex -9.748329292025323 -3.1674241923432107 15
    endloop
  endfacet
  facet normal 0.9930684569549265 0.11753739745783656 0
    outer loop
      vertex -10.218402670764561 -0.8042057312104107 15
      vertex -10.123805491100162 -1.6034532666623664 2.5
      vertex -10.218402670764561 -0.8042057312104107 2.5
    endloop
  endfacet
  facet normal 0.9992290362407228 0.039259815759069 0
    outer loop
      vertex -10.25 0 15
      vertex -10.218402670764561 -0.8042057312104107 2.5
      vertex -10.25 0 2.5
    endloop
  endfacet
  facet normal 0.6190939493098347 0.7853169308807443 0
    outer loop
      vertex -6.024798835997849 -8.292424192343212 2.5
      vertex -6.6568424953843826 -7.794161147400317 2.5
      vertex -6.024798835997849 -8.292424192343212 15
    endloop
  endfacet
  facet normal 0.6788007455329405 0.7343225094356867 0
    outer loop
      vertex -6.6568424953843826 -7.794161147400317 2.5
      vertex -7.247844507162113 -7.247844507162113 2.5
      vertex -6.6568424953843826 -7.794161147400317 15
    endloop
  endfacet
  facet normal 0.555570233019601 0.8314696123025461 0
    outer loop
      vertex -5.355610288338475 -8.739561684629445 2.5
      vertex -6.024798835997849 -8.292424192343212 2.5
      vertex -5.355610288338475 -8.739561684629445 15
    endloop
  endfacet
  facet normal 0.48862124149695607 0.8724960070727965 0
    outer loop
      vertex -4.653402622330354 -9.132816872930771 2.5
      vertex -5.355610288338475 -8.739561684629445 2.5
      vertex -4.653402622330354 -9.132816872930771 15
    endloop
  endfacet
  facet normal 0.41865973753742775 0.9081431738250814 0
    outer loop
      vertex -3.9225051817421703 -9.46976520824069 2.5
      vertex -4.653402622330354 -9.132816872930771 2.5
      vertex -3.9225051817421703 -9.46976520824069 15
    endloop
  endfacet
  facet normal 0.2714404498650751 0.9624552364536472 0
    outer loop
      vertex -2.3928149795230302 -9.966791684076185 2.5
      vertex -3.1674241923432107 -9.748329292025323 2.5
      vertex -2.3928149795230302 -9.966791684076185 15
    endloop
  endfacet
  facet normal 0.34611705707749146 0.9381913359224846 0
    outer loop
      vertex -3.1674241923432107 -9.748329292025323 2.5
      vertex -3.9225051817421703 -9.46976520824069 2.5
      vertex -3.1674241923432107 -9.748329292025323 15
    endloop
  endfacet
  facet normal 0.19509032201612947 0.9807852804032302 0
    outer loop
      vertex -1.6034532666623664 -10.123805491100162 2.5
      vertex -2.3928149795230302 -9.966791684076185 2.5
      vertex -1.6034532666623664 -10.123805491100162 15
    endloop
  endfacet
  facet normal 0.11753739745783656 0.9930684569549265 0
    outer loop
      vertex -0.8042057312104107 -10.218402670764561 2.5
      vertex -1.6034532666623664 -10.123805491100162 2.5
      vertex -0.8042057312104107 -10.218402670764561 15
    endloop
  endfacet
  facet normal 0.039259815759069 0.9992290362407228 0
    outer loop
      vertex 0 -10.25 2.5
      vertex -0.8042057312104107 -10.218402670764561 2.5
      vertex 0 -10.25 15
    endloop
  endfacet
  facet normal -0.7853169308807452 -0.6190939493098339 0
    outer loop
      vertex -21.481468528200875 -18.346907365327688 2.5
      vertex -21.481468528200875 -18.346907365327688 15
      vertex -22.854730091092264 -16.604933377262366 15
    endloop
  endfacet
  facet normal -0.8314696123025462 -0.5555702330196007 0
    outer loop
      vertex -22.854730091092264 -16.604933377262366 2.5
      vertex -22.854730091092264 -16.604933377262366 15
      vertex -24.087084643003102 -14.760584453225553 15
    endloop
  endfacet
  facet normal -0.6190939493098339 -0.7853169308807452 0
    outer loop
      vertex -18.346907365327688 -21.481468528200875 2.5
      vertex -16.604933377262366 -22.854730091092264 15
      vertex -18.346907365327688 -21.481468528200875 15
    endloop
  endfacet
  facet normal -0.5555702330196007 -0.8314696123025462 0
    outer loop
      vertex -16.604933377262366 -22.854730091092264 2.5
      vertex -14.760584453225553 -24.087084643003102 15
      vertex -16.604933377262366 -22.854730091092264 15
    endloop
  endfacet
  facet normal -0.734322509435686 -0.6788007455329411 0
    outer loop
      vertex -19.97576656851997 -19.97576656851997 2.5
      vertex -19.97576656851997 -19.97576656851997 15
      vertex -21.481468528200875 -18.346907365327688 15
    endloop
  endfacet
  facet normal -0.6788007455329411 -0.734322509435686 0
    outer loop
      vertex -19.97576656851997 -19.97576656851997 2.5
      vertex -18.346907365327688 -21.481468528200875 15
      vertex -19.97576656851997 -19.97576656851997 15
    endloop
  endfacet
  facet normal -0.9081431738250811 -0.4186597375374282 0
    outer loop
      vertex -25.170934308321392 -12.825231617642196 2.5
      vertex -25.170934308321392 -12.825231617642196 15
      vertex -26.09959679344385 -10.810806964313786 15
    endloop
  endfacet
  facet normal -0.9624552364536472 -0.27144044986507454 0
    outer loop
      vertex -26.867346585338087 -8.729730091092264 2.5
      vertex -26.867346585338087 -8.729730091092264 15
      vertex -27.469450251234363 -6.594831528929327 15
    endloop
  endfacet
  facet normal -0.9381913359224844 -0.3461170570774923 0
    outer loop
      vertex -26.09959679344385 -10.810806964313786 2.5
      vertex -26.09959679344385 -10.810806964313786 15
      vertex -26.867346585338087 -8.729730091092264 15
    endloop
  endfacet
  facet normal -0.8724960070727963 -0.4886212414969563 0
    outer loop
      vertex -24.087084643003102 -14.760584453225553 2.5
      vertex -24.087084643003102 -14.760584453225553 15
      vertex -25.170934308321392 -12.825231617642196 15
    endloop
  endfacet
  facet normal -0.9807852804032303 -0.19509032201612883 0
    outer loop
      vertex -27.469450251234363 -6.594831528929327 2.5
      vertex -27.469450251234363 -6.594831528929327 15
      vertex -27.90219562181264 -4.419273637386522 15
    endloop
  endfacet
  facet normal -0.9930684569549265 -0.1175373974578365 0
    outer loop
      vertex -27.90219562181264 -4.419273637386522 2.5
      vertex -27.90219562181264 -4.419273637386522 15
      vertex -28.162914677960863 -2.2164694543116195 15
    endloop
  endfacet
  facet normal -0.9992290362407229 -0.039259815759069554 0
    outer loop
      vertex -28.162914677960863 -2.2164694543116195 2.5
      vertex -28.162914677960863 -2.2164694543116195 15
      vertex -28.25 0 15
    endloop
  endfacet
  facet normal 0 0 1
    outer loop
      vertex -26.09959679344385 -10.810806964313786 15
      vertex -26.867346585338087 8.729730091092264 15
      vertex -26.867346585338087 -8.729730091092264 15
    endloop
  endfacet
  facet normal 0 0 1
    outer loop
      vertex -25.170934308321392 -12.825231617642196 15
      vertex -26.09959679344385 10.810806964313786 15
      vertex -26.09959679344385 -10.810806964313786 15
    endloop
  endfacet
  facet normal 0 0 1
    outer loop
      vertex -24.087084643003102 -14.760584453225553 15
      vertex -25.170934308321392 12.825231617642196 15
      vertex -25.170934308321392 -12.825231617642196 15
    endloop
  endfacet
  facet normal 0 0 1
    outer loop
      vertex -27.469450251234363 -6.594831528929327 15
      vertex -27.90219562181264 4.419273637386522 15
      vertex -27.90219562181264 -4.419273637386522 15
    endloop
  endfacet
  facet normal 0 0 1
    outer loop
      vertex -26.867346585338087 -8.729730091092264 15
      vertex -27.469450251234363 6.594831528929327 15
      vertex -27.469450251234363 -6.594831528929327 15
    endloop
  endfacet
  facet normal 0 0 1
    outer loop
      vertex -27.90219562181264 -4.419273637386522 15
      vertex -28.162914677960863 2.2164694543116195 15
      vertex -28.162914677960863 -2.2164694543116195 15
    endloop
  endfacet
  facet normal 0 0 1
    outer loop
      vertex -24.087084643003102 -14.760584453225553 15
      vertex -22.854730091092264 -16.604933377262366 15
      vertex -24.087084643003102 14.760584453225553 15
    endloop
  endfacet
  facet normal 0 0 1
    outer loop
      vertex -21.481468528200875 -18.346907365327688 15
      vertex -22.854730091092264 16.604933377262366 15
      vertex -22.854730091092264 -16.604933377262366 15
    endloop
  endfacet
  facet normal 0 0 1
    outer loop
      vertex -18.346907365327688 -21.481468528200875 15
      vertex -19.97576656851997 19.97576656851997 15
      vertex -19.97576656851997 -19.97576656851997 15
    endloop
  endfacet
  facet normal 0 0 1
    outer loop
      vertex -18.346907365327688 -21.481468528200875 15
      vertex -16.604933377262366 -22.854730091092264 15
      vertex -18.346907365327688 21.481468528200875 15
    endloop
  endfacet
  facet normal 0 0 1
    outer loop
      vertex -16.604933377262366 -22.854730091092264 15
      vertex -14.760584453225553 -24.087084643003102 15
      vertex -16.604933377262366 22.854730091092264 15
    endloop
  endfacet
  facet normal 0 0 1
    outer loop
      vertex -21.481468528200875 -18.346907365327688 15
      vertex -19.97576656851997 -19.97576656851997 15
      vertex -21.481468528200875 18.346907365327688 15
    endloop
  endfacet
  facet normal -0.4186597375374282 -0.9081431738250811 0
    outer loop
      vertex -12.825231617642196 -25.170934308321392 2.5
      vertex -10.810806964313786 -26.09959679344385 15
      vertex -12.825231617642196 -25.170934308321392 15
    endloop
  endfacet
  facet normal -0.4886212414969563 -0.8724960070727963 0
    outer loop
      vertex -14.760584453225553 -24.087084643003102 2.5
      vertex -12.825231617642196 -25.170934308321392 15
      vertex -14.760584453225553 -24.087084643003102 15
    endloop
  endfacet
  facet normal -0.3461170570774923 -0.9381913359224844 0
    outer loop
      vertex -10.810806964313786 -26.09959679344385 2.5
      vertex -8.729730091092264 -26.867346585338087 15
      vertex -10.810806964313786 -26.09959679344385 15
    endloop
  endfacet
  facet normal -0.27144044986507454 -0.9624552364536472 0
    outer loop
      vertex -8.729730091092264 -26.867346585338087 2.5
      vertex -6.594831528929327 -27.469450251234363 15
      vertex -8.729730091092264 -26.867346585338087 15
    endloop
  endfacet
  facet normal -0.19509032201612883 -0.9807852804032303 0
    outer loop
      vertex -6.594831528929327 -27.469450251234363 2.5
      vertex -4.419273637386522 -27.90219562181264 15
      vertex -6.594831528929327 -27.469450251234363 15
    endloop
  endfacet
  facet normal -0.1175373974578365 -0.9930684569549265 0
    outer loop
      vertex -4.419273637386522 -27.90219562181264 2.5
      vertex -2.2164694543116195 -28.162914677960863 15
      vertex -4.419273637386522 -27.90219562181264 15
    endloop
  endfacet
  facet normal -0.039259815759069554 -0.9992290362407229 0
    outer loop
      vertex -2.2164694543116195 -28.162914677960863 2.5
      vertex 0 -28.25 15
      vertex -2.2164694543116195 -28.162914677960863 15
    endloop
  endfacet
  facet normal 0 0 1
    outer loop
      vertex -10.810806964313786 -26.09959679344385 15
      vertex -8.729730091092264 -26.867346585338087 15
      vertex -9.748329292025323 -3.1674241923432107 15
    endloop
  endfacet
  facet normal 0 0 1
    outer loop
      vertex -8.729730091092264 -26.867346585338087 15
      vertex -6.594831528929327 -27.469450251234363 15
      vertex -7.794161147400317 -6.6568424953843826 15
    endloop
  endfacet
  facet normal 0 0 1
    outer loop
      vertex -6.594831528929327 -27.469450251234363 15
      vertex -4.419273637386522 -27.90219562181264 15
      vertex -5.355610288338475 -8.739561684629445 15
    endloop
  endfacet
  facet normal 0 0 1
    outer loop
      vertex -4.419273637386522 -27.90219562181264 15
      vertex -2.2164694543116195 -28.162914677960863 15
      vertex -3.1674241923432107 -9.748329292025323 15
    endloop
  endfacet
  facet normal 0 0 1
    outer loop
      vertex -2.2164694543116195 -28.162914677960863 15
      vertex 0 -28.25 15
      vertex -0.8042057312104107 -10.218402670764561 15
    endloop
  endfacet
  facet normal 0 0 1
    outer loop
      vertex -6.594831528929327 -27.469450251234363 15
      vertex -6.6568424953843826 -7.794161147400317 15
      vertex -7.247844507162113 -7.247844507162113 15
    endloop
  endfacet
  facet normal 0 0 1
    outer loop
      vertex -6.594831528929327 -27.469450251234363 15
      vertex -6.024798835997849 -8.292424192343212 15
      vertex -6.6568424953843826 -7.794161147400317 15
    endloop
  endfacet
  facet normal 0 0 1
    outer loop
      vertex -6.594831528929327 -27.469450251234363 15
      vertex -5.355610288338475 -8.739561684629445 15
      vertex -6.024798835997849 -8.292424192343212 15
    endloop
  endfacet
  facet normal 0 0 1
    outer loop
      vertex -4.419273637386522 -27.90219562181264 15
      vertex -4.653402622330354 -9.132816872930771 15
      vertex -5.355610288338475 -8.739561684629445 15
    endloop
  endfacet
  facet normal 0 0 1
    outer loop
      vertex -4.419273637386522 -27.90219562181264 15
      vertex -3.9225051817421703 -9.46976520824069 15
      vertex -4.653402622330354 -9.132816872930771 15
    endloop
  endfacet
  facet normal 0 0 1
    outer loop
      vertex -4.419273637386522 -27.90219562181264 15
      vertex -3.1674241923432107 -9.748329292025323 15
      vertex -3.9225051817421703 -9.46976520824069 15
    endloop
  endfacet
  facet normal 0 0 1
    outer loop
      vertex -2.2164694543116195 -28.162914677960863 15
      vertex -2.3928149795230302 -9.966791684076185 15
      vertex -3.1674241923432107 -9.748329292025323 15
    endloop
  endfacet
  facet normal 0 0 1
    outer loop
      vertex -2.2164694543116195 -28.162914677960863 15
      vertex -1.6034532666623664 -10.123805491100162 15
      vertex -2.3928149795230302 -9.966791684076185 15
    endloop
  endfacet
  facet normal 0 0 1
    outer loop
      vertex -2.2164694543116195 -28.162914677960863 15
      vertex -0.8042057312104107 -10.218402670764561 15
      vertex -1.6034532666623664 -10.123805491100162 15
    endloop
  endfacet
  facet normal 0 0 1
    outer loop
      vertex 0 -28.25 15
      vertex 0 -10.25 15
      vertex -0.8042057312104107 -10.218402670764561 15
    endloop
  endfacet
  facet normal 0.8724960070727965 0.48862124149695607 0
    outer loop
      vertex -8.739561684629445 -5.355610288338475 2.5
      vertex -9.132816872930771 -4.653402622330354 15
      vertex -8.739561684629445 -5.355610288338475 15
    endloop
  endfacet
  facet normal 0.9381913359224846 0.34611705707749146 0
    outer loop
      vertex -9.748329292025323 -3.1674241923432107 15
      vertex -9.46976520824069 -3.9225051817421703 15
      vertex -9.46976520824069 -3.9225051817421703 2.5
    endloop
  endfacet
  facet normal 0.9081431738250814 0.41865973753742775 0
    outer loop
      vertex -9.132816872930771 -4.653402622330354 2.5
      vertex -9.46976520824069 -3.9225051817421703 15
      vertex -9.132816872930771 -4.653402622330354 15
    endloop
  endfacet
  facet normal 0.7853169308807443 0.6190939493098347 0
    outer loop
      vertex -7.794161147400317 -6.6568424953843826 2.5
      vertex -8.292424192343212 -6.024798835997849 15
      vertex -7.794161147400317 -6.6568424953843826 15
    endloop
  endfacet
  facet normal 0.8314696123025461 0.555570233019601 0
    outer loop
      vertex -8.739561684629445 -5.355610288338475 15
      vertex -8.292424192343212 -6.024798835997849 15
      vertex -8.292424192343212 -6.024798835997849 2.5
    endloop
  endfacet
  facet normal 0.7343225094356867 0.6788007455329405 0
    outer loop
      vertex -7.794161147400317 -6.6568424953843826 15
      vertex -7.247844507162113 -7.247844507162113 15
      vertex -7.247844507162113 -7.247844507162113 2.5
    endloop
  endfacet
  facet normal 0.9624552364536472 0.2714404498650751 0
    outer loop
      vertex -9.748329292025323 -3.1674241923432107 2.5
      vertex -9.966791684076185 -2.3928149795230302 15
      vertex -9.748329292025323 -3.1674241923432107 15
    endloop
  endfacet
  facet normal 0.9807852804032302 0.19509032201612947 0
    outer loop
      vertex -10.123805491100162 -1.6034532666623664 15
      vertex -9.966791684076185 -2.3928149795230302 15
      vertex -9.966791684076185 -2.3928149795230302 2.5
    endloop
  endfacet
  facet normal 0.9930684569549265 0.11753739745783656 0
    outer loop
      vertex -10.218402670764561 -0.8042057312104107 15
      vertex -10.123805491100162 -1.6034532666623664 15
      vertex -10.123805491100162 -1.6034532666623664 2.5
    endloop
  endfacet
  facet normal 0.9992290362407228 0.039259815759069 0
    outer loop
      vertex -10.25 0 15
      vertex -10.218402670764561 -0.8042057312104107 15
      vertex -10.218402670764561 -0.8042057312104107 2.5
    endloop
  endfacet
  facet normal 0.6190939493098347 0.7853169308807443 0
    outer loop
      vertex -6.6568424953843826 -7.794161147400317 15
      vertex -6.024798835997849 -8.292424192343212 15
      vertex -6.6568424953843826 -7.794161147400317 2.5
    endloop
  endfacet
  facet normal 0.6788007455329405 0.7343225094356867 0
    outer loop
      vertex -7.247844507162113 -7.247844507162113 15
      vertex -6.6568424953843826 -7.794161147400317 15
      vertex -7.247844507162113 -7.247844507162113 2.5
    endloop
  endfacet
  facet normal 0.555570233019601 0.8314696123025461 0
    outer loop
      vertex -6.024798835997849 -8.292424192343212 15
      vertex -5.355610288338475 -8.739561684629445 15
      vertex -6.024798835997849 -8.292424192343212 2.5
    endloop
  endfacet
  facet normal 0.48862124149695607 0.8724960070727965 0
    outer loop
      vertex -5.355610288338475 -8.739561684629445 15
      vertex -4.653402622330354 -9.132816872930771 15
      vertex -5.355610288338475 -8.739561684629445 2.5
    endloop
  endfacet
  facet normal 0.41865973753742775 0.9081431738250814 0
    outer loop
      vertex -4.653402622330354 -9.132816872930771 15
      vertex -3.9225051817421703 -9.46976520824069 15
      vertex -4.653402622330354 -9.132816872930771 2.5
    endloop
  endfacet
  facet normal 0.34611705707749146 0.9381913359224846 0
    outer loop
      vertex -3.9225051817421703 -9.46976520824069 15
      vertex -3.1674241923432107 -9.748329292025323 15
      vertex -3.9225051817421703 -9.46976520824069 2.5
    endloop
  endfacet
  facet normal 0.2714404498650751 0.9624552364536472 0
    outer loop
      vertex -3.1674241923432107 -9.748329292025323 15
      vertex -2.3928149795230302 -9.966791684076185 15
      vertex -3.1674241923432107 -9.748329292025323 2.5
    endloop
  endfacet
  facet normal 0.19509032201612947 0.9807852804032302 0
    outer loop
      vertex -2.3928149795230302 -9.966791684076185 15
      vertex -1.6034532666623664 -10.123805491100162 15
      vertex -2.3928149795230302 -9.966791684076185 2.5
    endloop
  endfacet
  facet normal 0.11753739745783656 0.9930684569549265 0
    outer loop
      vertex -1.6034532666623664 -10.123805491100162 15
      vertex -0.8042057312104107 -10.218402670764561 15
      vertex -1.6034532666623664 -10.123805491100162 2.5
    endloop
  endfacet
  facet normal 0.039259815759069 0.9992290362407228 0
    outer loop
      vertex -0.8042057312104107 -10.218402670764561 15
      vertex 0 -10.25 15
      vertex -0.8042057312104107 -10.218402670764561 2.5
    endloop
  endfacet
  facet normal 0 0 1
    outer loop
      vertex -14.760584453225553 -24.087084643003102 15
      vertex -12.825231617642196 -25.170934308321392 15
      vertex -14.760584453225553 24.087084643003102 15
    endloop
  endfacet
  facet normal 0 0 1
    outer loop
      vertex -12.825231617642196 -25.170934308321392 15
      vertex -10.810806964313786 -26.09959679344385 15
      vertex -12.825231617642196 25.170934308321392 15
    endloop
  endfacet
  facet normal 0 0 1
    outer loop
      vertex -8.729730091092264 -26.867346585338087 15
      vertex -8.739561684629445 -5.355610288338475 15
      vertex -9.132816872930771 -4.653402622330354 15
    endloop
  endfacet
  facet normal 0 0 1
    outer loop
      vertex -8.729730091092264 -26.867346585338087 15
      vertex -9.132816872930771 -4.653402622330354 15
      vertex -9.46976520824069 -3.9225051817421703 15
    endloop
  endfacet
  facet normal 0 0 1
    outer loop
      vertex -8.729730091092264 -26.867346585338087 15
      vertex -9.46976520824069 -3.9225051817421703 15
      vertex -9.748329292025323 -3.1674241923432107 15
    endloop
  endfacet
  facet normal 0 0 1
    outer loop
      vertex -8.729730091092264 -26.867346585338087 15
      vertex -8.292424192343212 -6.024798835997849 15
      vertex -8.739561684629445 -5.355610288338475 15
    endloop
  endfacet
  facet normal 0 0 1
    outer loop
      vertex -8.729730091092264 -26.867346585338087 15
      vertex -7.794161147400317 -6.6568424953843826 15
      vertex -8.292424192343212 -6.024798835997849 15
    endloop
  endfacet
  facet normal 0 0 1
    outer loop
      vertex -6.594831528929327 -27.469450251234363 15
      vertex -7.247844507162113 -7.247844507162113 15
      vertex -7.794161147400317 -6.6568424953843826 15
    endloop
  endfacet
  facet normal 0 0 1
    outer loop
      vertex -10.810806964313786 -26.09959679344385 15
      vertex -9.748329292025323 -3.1674241923432107 15
      vertex -9.966791684076185 -2.3928149795230302 15
    endloop
  endfacet
  facet normal 0 0 1
    outer loop
      vertex -10.810806964313786 -26.09959679344385 15
      vertex -9.966791684076185 -2.3928149795230302 15
      vertex -10.123805491100162 -1.6034532666623664 15
    endloop
  endfacet
  facet normal 0 0 1
    outer loop
      vertex -10.810806964313786 -26.09959679344385 15
      vertex -10.123805491100162 -1.6034532666623664 15
      vertex -10.218402670764561 -0.8042057312104107 15
    endloop
  endfacet
  facet normal 0 0 1
    outer loop
      vertex -10.810806964313786 -26.09959679344385 15
      vertex -10.218402670764561 -0.8042057312104107 15
      vertex -10.25 0 15
    endloop
  endfacet
  facet normal 0 0 -1
    outer loop
      vertex -28.162914677960863 -2.2164694543116195 2.5
      vertex -28.25 0 2.5
      vertex -28.162914677960863 2.2164694543116195 2.5
    endloop
  endfacet
  facet normal 0 0 -1
    outer loop
      vertex -28.162914677960863 -2.2164694543116195 2.5
      vertex -28.162914677960863 2.2164694543116195 2.5
      vertex -27.90219562181264 4.419273637386522 2.5
    endloop
  endfacet
  facet normal 0 0 -1
    outer loop
      vertex -27.90219562181264 -4.419273637386522 2.5
      vertex -27.90219562181264 4.419273637386522 2.5
      vertex -27.469450251234363 6.594831528929327 2.5
    endloop
  endfacet
  facet normal 0 0 -1
    outer loop
      vertex -27.469450251234363 -6.594831528929327 2.5
      vertex -27.469450251234363 6.594831528929327 2.5
      vertex -26.867346585338087 8.729730091092264 2.5
    endloop
  endfacet
  facet normal 0 0 -1
    outer loop
      vertex -26.867346585338087 -8.729730091092264 2.5
      vertex -26.867346585338087 8.729730091092264 2.5
      vertex -26.09959679344385 10.810806964313786 2.5
    endloop
  endfacet
  facet normal 0 0 -1
    outer loop
      vertex -26.09959679344385 -10.810806964313786 2.5
      vertex -26.09959679344385 10.810806964313786 2.5
      vertex -25.170934308321392 12.825231617642196 2.5
    endloop
  endfacet
  facet normal 0 0 -1
    outer loop
      vertex -25.170934308321392 -12.825231617642196 2.5
      vertex -25.170934308321392 12.825231617642196 2.5
      vertex -24.087084643003102 14.760584453225553 2.5
    endloop
  endfacet
  facet normal 0 0 -1
    outer loop
      vertex -24.087084643003102 -14.760584453225553 2.5
      vertex -24.087084643003102 14.760584453225553 2.5
      vertex -22.854730091092264 16.604933377262366 2.5
    endloop
  endfacet
  facet normal 0 0 -1
    outer loop
      vertex -22.854730091092264 -16.604933377262366 2.5
      vertex -22.854730091092264 16.604933377262366 2.5
      vertex -21.481468528200875 18.346907365327688 2.5
    endloop
  endfacet
  facet normal 0 0 -1
    outer loop
      vertex -21.481468528200875 -18.346907365327688 2.5
      vertex -21.481468528200875 18.346907365327688 2.5
      vertex -19.97576656851997 19.97576656851997 2.5
    endloop
  endfacet
  facet normal 0 0 -1
    outer loop
      vertex -19.97576656851997 -19.97576656851997 2.5
      vertex -19.97576656851997 19.97576656851997 2.5
      vertex -18.346907365327688 21.481468528200875 2.5
    endloop
  endfacet
  facet normal 0 0 -1
    outer loop
      vertex -18.346907365327688 -21.481468528200875 2.5
      vertex -18.346907365327688 21.481468528200875 2.5
      vertex -16.604933377262366 22.854730091092264 2.5
    endloop
  endfacet
  facet normal 0 0 -1
    outer loop
      vertex -16.604933377262366 -22.854730091092264 2.5
      vertex -16.604933377262366 22.854730091092264 2.5
      vertex -14.760584453225553 24.087084643003102 2.5
    endloop
  endfacet
  facet normal -0.9992290362407229 0.039259815759069554 0
    outer loop
      vertex -28.25 0 2.5
      vertex -28.162914677960863 2.2164694543116195 15
      vertex -28.162914677960863 2.2164694543116195 2.5
    endloop
  endfacet
  facet normal -0.9930684569549265 0.1175373974578365 0
    outer loop
      vertex -28.162914677960863 2.2164694543116195 2.5
      vertex -27.90219562181264 4.419273637386522 15
      vertex -27.90219562181264 4.419273637386522 2.5
    endloop
  endfacet
  facet normal -0.9807852804032303 0.19509032201612883 0
    outer loop
      vertex -27.90219562181264 4.419273637386522 2.5
      vertex -27.469450251234363 6.594831528929327 15
      vertex -27.469450251234363 6.594831528929327 2.5
    endloop
  endfacet
  facet normal -0.9624552364536472 0.27144044986507454 0
    outer loop
      vertex -27.469450251234363 6.594831528929327 2.5
      vertex -26.867346585338087 8.729730091092264 15
      vertex -26.867346585338087 8.729730091092264 2.5
    endloop
  endfacet
  facet normal -0.9381913359224844 0.3461170570774923 0
    outer loop
      vertex -26.867346585338087 8.729730091092264 2.5
      vertex -26.09959679344385 10.810806964313786 15
      vertex -26.09959679344385 10.810806964313786 2.5
    endloop
  endfacet
  facet normal -0.9081431738250811 0.4186597375374282 0
    outer loop
      vertex -26.09959679344385 10.810806964313786 2.5
      vertex -25.170934308321392 12.825231617642196 15
      vertex -25.170934308321392 12.825231617642196 2.5
    endloop
  endfacet
  facet normal -0.8724960070727963 0.4886212414969563 0
    outer loop
      vertex -25.170934308321392 12.825231617642196 2.5
      vertex -24.087084643003102 14.760584453225553 15
      vertex -24.087084643003102 14.760584453225553 2.5
    endloop
  endfacet
  facet normal -0.8314696123025462 0.5555702330196007 0
    outer loop
      vertex -24.087084643003102 14.760584453225553 2.5
      vertex -22.854730091092264 16.604933377262366 15
      vertex -22.854730091092264 16.604933377262366 2.5
    endloop
  endfacet
  facet normal -0.7853169308807452 0.6190939493098339 0
    outer loop
      vertex -22.854730091092264 16.604933377262366 2.5
      vertex -21.481468528200875 18.346907365327688 15
      vertex -21.481468528200875 18.346907365327688 2.5
    endloop
  endfacet
  facet normal -0.734322509435686 0.6788007455329411 0
    outer loop
      vertex -21.481468528200875 18.346907365327688 2.5
      vertex -19.97576656851997 19.97576656851997 15
      vertex -19.97576656851997 19.97576656851997 2.5
    endloop
  endfacet
  facet normal -0.6788007455329411 0.734322509435686 0
    outer loop
      vertex -19.97576656851997 19.97576656851997 2.5
      vertex -19.97576656851997 19.97576656851997 15
      vertex -18.346907365327688 21.481468528200875 2.5
    endloop
  endfacet
  facet normal -0.6190939493098339 0.7853169308807452 0
    outer loop
      vertex -18.346907365327688 21.481468528200875 2.5
      vertex -18.346907365327688 21.481468528200875 15
      vertex -16.604933377262366 22.854730091092264 2.5
    endloop
  endfacet
  facet normal -0.5555702330196007 0.8314696123025462 0
    outer loop
      vertex -16.604933377262366 22.854730091092264 2.5
      vertex -16.604933377262366 22.854730091092264 15
      vertex -14.760584453225553 24.087084643003102 2.5
    endloop
  endfacet
  facet normal 0 0 -1
    outer loop
      vertex -10.810806964313786 -26.09959679344385 2.5
      vertex -10.810806964313786 26.09959679344385 2.5
      vertex -10.25 0 2.5
    endloop
  endfacet
  facet normal 0 0 -1
    outer loop
      vertex -14.760584453225553 -24.087084643003102 2.5
      vertex -14.760584453225553 24.087084643003102 2.5
      vertex -12.825231617642196 25.170934308321392 2.5
    endloop
  endfacet
  facet normal 0 0 -1
    outer loop
      vertex -12.825231617642196 -25.170934308321392 2.5
      vertex -12.825231617642196 25.170934308321392 2.5
      vertex -10.810806964313786 26.09959679344385 2.5
    endloop
  endfacet
  facet normal 0 0 -1
    outer loop
      vertex -10.810806964313786 26.09959679344385 2.5
      vertex -10.218402670764561 0.8042057312104107 2.5
      vertex -10.25 0 2.5
    endloop
  endfacet
  facet normal 0 0 -1
    outer loop
      vertex -10.810806964313786 26.09959679344385 2.5
      vertex -10.123805491100162 1.6034532666623664 2.5
      vertex -10.218402670764561 0.8042057312104107 2.5
    endloop
  endfacet
  facet normal 0 0 -1
    outer loop
      vertex -10.810806964313786 26.09959679344385 2.5
      vertex -9.966791684076185 2.3928149795230302 2.5
      vertex -10.123805491100162 1.6034532666623664 2.5
    endloop
  endfacet
  facet normal 0 0 -1
    outer loop
      vertex -10.810806964313786 26.09959679344385 2.5
      vertex -9.748329292025323 3.1674241923432107 2.5
      vertex -9.966791684076185 2.3928149795230302 2.5
    endloop
  endfacet
  facet normal 0 0 -1
    outer loop
      vertex -8.729730091092264 26.867346585338087 2.5
      vertex -9.46976520824069 3.9225051817421703 2.5
      vertex -9.748329292025323 3.1674241923432107 2.5
    endloop
  endfacet
  facet normal 0 0 -1
    outer loop
      vertex -8.729730091092264 26.867346585338087 2.5
      vertex -9.132816872930771 4.653402622330354 2.5
      vertex -9.46976520824069 3.9225051817421703 2.5
    endloop
  endfacet
  facet normal 0 0 -1
    outer loop
      vertex -8.729730091092264 26.867346585338087 2.5
      vertex -8.739561684629445 5.355610288338475 2.5
      vertex -9.132816872930771 4.653402622330354 2.5
    endloop
  endfacet
  facet normal 0 0 -1
    outer loop
      vertex -8.729730091092264 26.867346585338087 2.5
      vertex -8.292424192343212 6.024798835997849 2.5
      vertex -8.739561684629445 5.355610288338475 2.5
    endloop
  endfacet
  facet normal 0 0 -1
    outer loop
      vertex -8.729730091092264 26.867346585338087 2.5
      vertex -7.794161147400317 6.6568424953843826 2.5
      vertex -8.292424192343212 6.024798835997849 2.5
    endloop
  endfacet
  facet normal 0 0 -1
    outer loop
      vertex -6.594831528929327 27.469450251234363 2.5
      vertex -7.247844507162113 7.247844507162113 2.5
      vertex -7.794161147400317 6.6568424953843826 2.5
    endloop
  endfacet
  facet normal 0.9992290362407228 -0.039259815759069 0
    outer loop
      vertex -10.218402670764561 0.8042057312104107 15
      vertex -10.25 0 2.5
      vertex -10.218402670764561 0.8042057312104107 2.5
    endloop
  endfacet
  facet normal 0.9930684569549265 -0.11753739745783656 0
    outer loop
      vertex -10.123805491100162 1.6034532666623664 15
      vertex -10.218402670764561 0.8042057312104107 2.5
      vertex -10.123805491100162 1.6034532666623664 2.5
    endloop
  endfacet
  facet normal 0.9807852804032302 -0.19509032201612947 0
    outer loop
      vertex -9.966791684076185 2.3928149795230302 15
      vertex -10.123805491100162 1.6034532666623664 2.5
      vertex -9.966791684076185 2.3928149795230302 2.5
    endloop
  endfacet
  facet normal 0.9624552364536472 -0.2714404498650751 0
    outer loop
      vertex -9.966791684076185 2.3928149795230302 2.5
      vertex -9.748329292025323 3.1674241923432107 2.5
      vertex -9.748329292025323 3.1674241923432107 15
    endloop
  endfacet
  facet normal 0.9381913359224846 -0.34611705707749146 0
    outer loop
      vertex -9.748329292025323 3.1674241923432107 2.5
      vertex -9.46976520824069 3.9225051817421703 2.5
      vertex -9.46976520824069 3.9225051817421703 15
    endloop
  endfacet
  facet normal 0.9081431738250814 -0.41865973753742775 0
    outer loop
      vertex -9.46976520824069 3.9225051817421703 2.5
      vertex -9.132816872930771 4.653402622330354 2.5
      vertex -9.132816872930771 4.653402622330354 15
    endloop
  endfacet
  facet normal 0.8724960070727965 -0.48862124149695607 0
    outer loop
      vertex -9.132816872930771 4.653402622330354 2.5
      vertex -8.739561684629445 5.355610288338475 2.5
      vertex -8.739561684629445 5.355610288338475 15
    endloop
  endfacet
  facet normal 0.8314696123025461 -0.555570233019601 0
    outer loop
      vertex -8.739561684629445 5.355610288338475 2.5
      vertex -8.292424192343212 6.024798835997849 2.5
      vertex -8.292424192343212 6.024798835997849 15
    endloop
  endfacet
  facet normal 0.7853169308807443 -0.6190939493098347 0
    outer loop
      vertex -8.292424192343212 6.024798835997849 2.5
      vertex -7.794161147400317 6.6568424953843826 2.5
      vertex -7.794161147400317 6.6568424953843826 15
    endloop
  endfacet
  facet normal 0.7343225094356867 -0.6788007455329405 0
    outer loop
      vertex -7.794161147400317 6.6568424953843826 2.5
      vertex -7.247844507162113 7.247844507162113 2.5
      vertex -7.247844507162113 7.247844507162113 15
    endloop
  endfacet
  facet normal 0.6788007455329405 -0.7343225094356867 0
    outer loop
      vertex -7.247844507162113 7.247844507162113 2.5
      vertex -6.6568424953843826 7.794161147400317 2.5
      vertex -7.247844507162113 7.247844507162113 15
    endloop
  endfacet
  facet normal 0.6190939493098347 -0.7853169308807443 0
    outer loop
      vertex -6.6568424953843826 7.794161147400317 2.5
      vertex -6.024798835997849 8.292424192343212 2.5
      vertex -6.6568424953843826 7.794161147400317 15
    endloop
  endfacet
  facet normal 0.555570233019601 -0.8314696123025461 0
    outer loop
      vertex -6.024798835997849 8.292424192343212 2.5
      vertex -5.355610288338475 8.739561684629445 2.5
      vertex -6.024798835997849 8.292424192343212 15
    endloop
  endfacet
  facet normal 0.48862124149695607 -0.8724960070727965 0
    outer loop
      vertex -5.355610288338475 8.739561684629445 2.5
      vertex -4.653402622330354 9.132816872930771 2.5
      vertex -5.355610288338475 8.739561684629445 15
    endloop
  endfacet
  facet normal 0.41865973753742775 -0.9081431738250814 0
    outer loop
      vertex -4.653402622330354 9.132816872930771 2.5
      vertex -3.9225051817421703 9.46976520824069 2.5
      vertex -4.653402622330354 9.132816872930771 15
    endloop
  endfacet
  facet normal 0.34611705707749146 -0.9381913359224846 0
    outer loop
      vertex -3.9225051817421703 9.46976520824069 2.5
      vertex -3.1674241923432107 9.748329292025323 2.5
      vertex -3.9225051817421703 9.46976520824069 15
    endloop
  endfacet
  facet normal 0.2714404498650751 -0.9624552364536472 0
    outer loop
      vertex -3.1674241923432107 9.748329292025323 2.5
      vertex -2.3928149795230302 9.966791684076185 2.5
      vertex -3.1674241923432107 9.748329292025323 15
    endloop
  endfacet
  facet normal 0.19509032201612947 -0.9807852804032302 0
    outer loop
      vertex -2.3928149795230302 9.966791684076185 2.5
      vertex -1.6034532666623664 10.123805491100162 2.5
      vertex -2.3928149795230302 9.966791684076185 15
    endloop
  endfacet
  facet normal 0.11753739745783656 -0.9930684569549265 0
    outer loop
      vertex -1.6034532666623664 10.123805491100162 2.5
      vertex -0.8042057312104107 10.218402670764561 2.5
      vertex -1.6034532666623664 10.123805491100162 15
    endloop
  endfacet
  facet normal 0.039259815759069 -0.9992290362407228 0
    outer loop
      vertex -0.8042057312104107 10.218402670764561 2.5
      vertex 0 10.25 2.5
      vertex -0.8042057312104107 10.218402670764561 15
    endloop
  endfacet
  facet normal 0 0 -1
    outer loop
      vertex -10.810806964313786 26.09959679344385 2.5
      vertex -8.729730091092264 26.867346585338087 2.5
      vertex -9.748329292025323 3.1674241923432107 2.5
    endloop
  endfacet
  facet normal 0 0 -1
    outer loop
      vertex -8.729730091092264 26.867346585338087 2.5
      vertex -6.594831528929327 27.469450251234363 2.5
      vertex -7.794161147400317 6.6568424953843826 2.5
    endloop
  endfacet
  facet normal 0 0 -1
    outer loop
      vertex -6.594831528929327 27.469450251234363 2.5
      vertex -6.6568424953843826 7.794161147400317 2.5
      vertex -7.247844507162113 7.247844507162113 2.5
    endloop
  endfacet
  facet normal 0 0 -1
    outer loop
      vertex -6.594831528929327 27.469450251234363 2.5
      vertex -6.024798835997849 8.292424192343212 2.5
      vertex -6.6568424953843826 7.794161147400317 2.5
    endloop
  endfacet
  facet normal 0 0 -1
    outer loop
      vertex -6.594831528929327 27.469450251234363 2.5
      vertex -5.355610288338475 8.739561684629445 2.5
      vertex -6.024798835997849 8.292424192343212 2.5
    endloop
  endfacet
  facet normal 0 0 -1
    outer loop
      vertex -4.419273637386522 27.90219562181264 2.5
      vertex -4.653402622330354 9.132816872930771 2.5
      vertex -5.355610288338475 8.739561684629445 2.5
    endloop
  endfacet
  facet normal 0 0 -1
    outer loop
      vertex -4.419273637386522 27.90219562181264 2.5
      vertex -3.9225051817421703 9.46976520824069 2.5
      vertex -4.653402622330354 9.132816872930771 2.5
    endloop
  endfacet
  facet normal 0 0 -1
    outer loop
      vertex -4.419273637386522 27.90219562181264 2.5
      vertex -3.1674241923432107 9.748329292025323 2.5
      vertex -3.9225051817421703 9.46976520824069 2.5
    endloop
  endfacet
  facet normal 0 0 -1
    outer loop
      vertex -2.2164694543116195 28.162914677960863 2.5
      vertex -2.3928149795230302 9.966791684076185 2.5
      vertex -3.1674241923432107 9.748329292025323 2.5
    endloop
  endfacet
  facet normal 0 0 -1
    outer loop
      vertex -2.2164694543116195 28.162914677960863 2.5
      vertex -1.6034532666623664 10.123805491100162 2.5
      vertex -2.3928149795230302 9.966791684076185 2.5
    endloop
  endfacet
  facet normal 0 0 -1
    outer loop
      vertex -2.2164694543116195 28.162914677960863 2.5
      vertex -0.8042057312104107 10.218402670764561 2.5
      vertex -1.6034532666623664 10.123805491100162 2.5
    endloop
  endfacet
  facet normal 0 0 -1
    outer loop
      vertex 0 28.25 2.5
      vertex 0 10.25 2.5
      vertex -0.8042057312104107 10.218402670764561 2.5
    endloop
  endfacet
  facet normal 0 0 -1
    outer loop
      vertex -6.594831528929327 27.469450251234363 2.5
      vertex -4.419273637386522 27.90219562181264 2.5
      vertex -5.355610288338475 8.739561684629445 2.5
    endloop
  endfacet
  facet normal 0 0 -1
    outer loop
      vertex -4.419273637386522 27.90219562181264 2.5
      vertex -2.2164694543116195 28.162914677960863 2.5
      vertex -3.1674241923432107 9.748329292025323 2.5
    endloop
  endfacet
  facet normal 0 0 -1
    outer loop
      vertex -2.2164694543116195 28.162914677960863 2.5
      vertex 0 28.25 2.5
      vertex -0.8042057312104107 10.218402670764561 2.5
    endloop
  endfacet
  facet normal -0.4886212414969563 0.8724960070727963 0
    outer loop
      vertex -14.760584453225553 24.087084643003102 2.5
      vertex -14.760584453225553 24.087084643003102 15
      vertex -12.825231617642196 25.170934308321392 2.5
    endloop
  endfacet
  facet normal -0.4186597375374282 0.9081431738250811 0
    outer loop
      vertex -12.825231617642196 25.170934308321392 2.5
      vertex -12.825231617642196 25.170934308321392 15
      vertex -10.810806964313786 26.09959679344385 2.5
    endloop
  endfacet
  facet normal -0.3461170570774923 0.9381913359224844 0
    outer loop
      vertex -10.810806964313786 26.09959679344385 2.5
      vertex -10.810806964313786 26.09959679344385 15
      vertex -8.729730091092264 26.867346585338087 2.5
    endloop
  endfacet
  facet normal -0.27144044986507454 0.9624552364536472 0
    outer loop
      vertex -8.729730091092264 26.867346585338087 2.5
      vertex -8.729730091092264 26.867346585338087 15
      vertex -6.594831528929327 27.469450251234363 2.5
    endloop
  endfacet
  facet normal -0.19509032201612883 0.9807852804032303 0
    outer loop
      vertex -6.594831528929327 27.469450251234363 2.5
      vertex -6.594831528929327 27.469450251234363 15
      vertex -4.419273637386522 27.90219562181264 2.5
    endloop
  endfacet
  facet normal -0.1175373974578365 0.9930684569549265 0
    outer loop
      vertex -4.419273637386522 27.90219562181264 2.5
      vertex -4.419273637386522 27.90219562181264 15
      vertex -2.2164694543116195 28.162914677960863 2.5
    endloop
  endfacet
  facet normal -0.039259815759069554 0.9992290362407229 0
    outer loop
      vertex -2.2164694543116195 28.162914677960863 2.5
      vertex -2.2164694543116195 28.162914677960863 15
      vertex 0 28.25 2.5
    endloop
  endfacet
  facet normal -0.9992290362407229 0.039259815759069554 0
    outer loop
      vertex -28.25 0 2.5
      vertex -28.25 0 15
      vertex -28.162914677960863 2.2164694543116195 15
    endloop
  endfacet
  facet normal -0.9930684569549265 0.1175373974578365 0
    outer loop
      vertex -28.162914677960863 2.2164694543116195 2.5
      vertex -28.162914677960863 2.2164694543116195 15
      vertex -27.90219562181264 4.419273637386522 15
    endloop
  endfacet
  facet normal -0.9807852804032303 0.19509032201612883 0
    outer loop
      vertex -27.90219562181264 4.419273637386522 2.5
      vertex -27.90219562181264 4.419273637386522 15
      vertex -27.469450251234363 6.594831528929327 15
    endloop
  endfacet
  facet normal -0.9624552364536472 0.27144044986507454 0
    outer loop
      vertex -27.469450251234363 6.594831528929327 2.5
      vertex -27.469450251234363 6.594831528929327 15
      vertex -26.867346585338087 8.729730091092264 15
    endloop
  endfacet
  facet normal -0.9381913359224844 0.3461170570774923 0
    outer loop
      vertex -26.867346585338087 8.729730091092264 2.5
      vertex -26.867346585338087 8.729730091092264 15
      vertex -26.09959679344385 10.810806964313786 15
    endloop
  endfacet
  facet normal -0.9081431738250811 0.4186597375374282 0
    outer loop
      vertex -26.09959679344385 10.810806964313786 2.5
      vertex -26.09959679344385 10.810806964313786 15
      vertex -25.170934308321392 12.825231617642196 15
    endloop
  endfacet
  facet normal -0.8724960070727963 0.4886212414969563 0
    outer loop
      vertex -25.170934308321392 12.825231617642196 2.5
      vertex -25.170934308321392 12.825231617642196 15
      vertex -24.087084643003102 14.760584453225553 15
    endloop
  endfacet
  facet normal 0 0 1
    outer loop
      vertex -28.162914677960863 -2.2164694543116195 15
      vertex -28.162914677960863 2.2164694543116195 15
      vertex -28.25 0 15
    endloop
  endfacet
  facet normal 0 0 1
    outer loop
      vertex -27.90219562181264 -4.419273637386522 15
      vertex -27.90219562181264 4.419273637386522 15
      vertex -28.162914677960863 2.2164694543116195 15
    endloop
  endfacet
  facet normal 0 0 1
    outer loop
      vertex -27.469450251234363 -6.594831528929327 15
      vertex -27.469450251234363 6.594831528929327 15
      vertex -27.90219562181264 4.419273637386522 15
    endloop
  endfacet
  facet normal 0 0 1
    outer loop
      vertex -26.867346585338087 -8.729730091092264 15
      vertex -26.867346585338087 8.729730091092264 15
      vertex -27.469450251234363 6.594831528929327 15
    endloop
  endfacet
  facet normal 0 0 1
    outer loop
      vertex -26.09959679344385 -10.810806964313786 15
      vertex -26.09959679344385 10.810806964313786 15
      vertex -26.867346585338087 8.729730091092264 15
    endloop
  endfacet
  facet normal 0 0 1
    outer loop
      vertex -25.170934308321392 -12.825231617642196 15
      vertex -25.170934308321392 12.825231617642196 15
      vertex -26.09959679344385 10.810806964313786 15
    endloop
  endfacet
  facet normal 0 0 1
    outer loop
      vertex -24.087084643003102 -14.760584453225553 15
      vertex -24.087084643003102 14.760584453225553 15
      vertex -25.170934308321392 12.825231617642196 15
    endloop
  endfacet
  facet normal 0 0 1
    outer loop
      vertex -22.854730091092264 -16.604933377262366 15
      vertex -22.854730091092264 16.604933377262366 15
      vertex -24.087084643003102 14.760584453225553 15
    endloop
  endfacet
  facet normal 0 0 1
    outer loop
      vertex -21.481468528200875 -18.346907365327688 15
      vertex -21.481468528200875 18.346907365327688 15
      vertex -22.854730091092264 16.604933377262366 15
    endloop
  endfacet
  facet normal 0 0 1
    outer loop
      vertex -19.97576656851997 -19.97576656851997 15
      vertex -19.97576656851997 19.97576656851997 15
      vertex -21.481468528200875 18.346907365327688 15
    endloop
  endfacet
  facet normal 0 0 1
    outer loop
      vertex -18.346907365327688 -21.481468528200875 15
      vertex -18.346907365327688 21.481468528200875 15
      vertex -19.97576656851997 19.97576656851997 15
    endloop
  endfacet
  facet normal 0 0 1
    outer loop
      vertex -16.604933377262366 -22.854730091092264 15
      vertex -16.604933377262366 22.854730091092264 15
      vertex -18.346907365327688 21.481468528200875 15
    endloop
  endfacet
  facet normal 0 0 1
    outer loop
      vertex -14.760584453225553 -24.087084643003102 15
      vertex -14.760584453225553 24.087084643003102 15
      vertex -16.604933377262366 22.854730091092264 15
    endloop
  endfacet
  facet normal -0.8314696123025462 0.5555702330196007 0
    outer loop
      vertex -24.087084643003102 14.760584453225553 2.5
      vertex -24.087084643003102 14.760584453225553 15
      vertex -22.854730091092264 16.604933377262366 15
    endloop
  endfacet
  facet normal -0.7853169308807452 0.6190939493098339 0
    outer loop
      vertex -22.854730091092264 16.604933377262366 2.5
      vertex -22.854730091092264 16.604933377262366 15
      vertex -21.481468528200875 18.346907365327688 15
    endloop
  endfacet
  facet normal -0.734322509435686 0.6788007455329411 0
    outer loop
      vertex -21.481468528200875 18.346907365327688 2.5
      vertex -21.481468528200875 18.346907365327688 15
      vertex -19.97576656851997 19.97576656851997 15
    endloop
  endfacet
  facet normal -0.6788007455329411 0.734322509435686 0
    outer loop
      vertex -18.346907365327688 21.481468528200875 2.5
      vertex -19.97576656851997 19.97576656851997 15
      vertex -18.346907365327688 21.481468528200875 15
    endloop
  endfacet
  facet normal -0.6190939493098339 0.7853169308807452 0
    outer loop
      vertex -16.604933377262366 22.854730091092264 2.5
      vertex -18.346907365327688 21.481468528200875 15
      vertex -16.604933377262366 22.854730091092264 15
    endloop
  endfacet
  facet normal -0.5555702330196007 0.8314696123025462 0
    outer loop
      vertex -14.760584453225553 24.087084643003102 2.5
      vertex -16.604933377262366 22.854730091092264 15
      vertex -14.760584453225553 24.087084643003102 15
    endloop
  endfacet
  facet normal 0.9992290362407228 -0.039259815759069 0
    outer loop
      vertex -10.218402670764561 0.8042057312104107 15
      vertex -10.25 0 15
      vertex -10.25 0 2.5
    endloop
  endfacet
  facet normal 0.9930684569549265 -0.11753739745783656 0
    outer loop
      vertex -10.123805491100162 1.6034532666623664 15
      vertex -10.218402670764561 0.8042057312104107 15
      vertex -10.218402670764561 0.8042057312104107 2.5
    endloop
  endfacet
  facet normal 0.9807852804032302 -0.19509032201612947 0
    outer loop
      vertex -9.966791684076185 2.3928149795230302 15
      vertex -10.123805491100162 1.6034532666623664 15
      vertex -10.123805491100162 1.6034532666623664 2.5
    endloop
  endfacet
  facet normal 0.9624552364536472 -0.2714404498650751 0
    outer loop
      vertex -9.748329292025323 3.1674241923432107 15
      vertex -9.966791684076185 2.3928149795230302 15
      vertex -9.966791684076185 2.3928149795230302 2.5
    endloop
  endfacet
  facet normal 0.9381913359224846 -0.34611705707749146 0
    outer loop
      vertex -9.748329292025323 3.1674241923432107 2.5
      vertex -9.46976520824069 3.9225051817421703 15
      vertex -9.748329292025323 3.1674241923432107 15
    endloop
  endfacet
  facet normal 0.9081431738250814 -0.41865973753742775 0
    outer loop
      vertex -9.46976520824069 3.9225051817421703 2.5
      vertex -9.132816872930771 4.653402622330354 15
      vertex -9.46976520824069 3.9225051817421703 15
    endloop
  endfacet
  facet normal 0.8724960070727965 -0.48862124149695607 0
    outer loop
      vertex -9.132816872930771 4.653402622330354 2.5
      vertex -8.739561684629445 5.355610288338475 15
      vertex -9.132816872930771 4.653402622330354 15
    endloop
  endfacet
  facet normal 0.8314696123025461 -0.555570233019601 0
    outer loop
      vertex -8.292424192343212 6.024798835997849 15
      vertex -8.739561684629445 5.355610288338475 15
      vertex -8.739561684629445 5.355610288338475 2.5
    endloop
  endfacet
  facet normal 0.7853169308807443 -0.6190939493098347 0
    outer loop
      vertex -7.794161147400317 6.6568424953843826 15
      vertex -8.292424192343212 6.024798835997849 15
      vertex -8.292424192343212 6.024798835997849 2.5
    endloop
  endfacet
  facet normal 0.7343225094356867 -0.6788007455329405 0
    outer loop
      vertex -7.794161147400317 6.6568424953843826 2.5
      vertex -7.247844507162113 7.247844507162113 15
      vertex -7.794161147400317 6.6568424953843826 15
    endloop
  endfacet
  facet normal 0.6788007455329405 -0.7343225094356867 0
    outer loop
      vertex -6.6568424953843826 7.794161147400317 15
      vertex -7.247844507162113 7.247844507162113 15
      vertex -6.6568424953843826 7.794161147400317 2.5
    endloop
  endfacet
  facet normal 0.6190939493098347 -0.7853169308807443 0
    outer loop
      vertex -6.024798835997849 8.292424192343212 15
      vertex -6.6568424953843826 7.794161147400317 15
      vertex -6.024798835997849 8.292424192343212 2.5
    endloop
  endfacet
  facet normal 0.555570233019601 -0.8314696123025461 0
    outer loop
      vertex -5.355610288338475 8.739561684629445 15
      vertex -6.024798835997849 8.292424192343212 15
      vertex -5.355610288338475 8.739561684629445 2.5
    endloop
  endfacet
  facet normal 0.48862124149695607 -0.8724960070727965 0
    outer loop
      vertex -4.653402622330354 9.132816872930771 15
      vertex -5.355610288338475 8.739561684629445 15
      vertex -4.653402622330354 9.132816872930771 2.5
    endloop
  endfacet
  facet normal 0.41865973753742775 -0.9081431738250814 0
    outer loop
      vertex -3.9225051817421703 9.46976520824069 15
      vertex -4.653402622330354 9.132816872930771 15
      vertex -3.9225051817421703 9.46976520824069 2.5
    endloop
  endfacet
  facet normal 0.34611705707749146 -0.9381913359224846 0
    outer loop
      vertex -3.1674241923432107 9.748329292025323 15
      vertex -3.9225051817421703 9.46976520824069 15
      vertex -3.1674241923432107 9.748329292025323 2.5
    endloop
  endfacet
  facet normal 0.2714404498650751 -0.9624552364536472 0
    outer loop
      vertex -2.3928149795230302 9.966791684076185 15
      vertex -3.1674241923432107 9.748329292025323 15
      vertex -2.3928149795230302 9.966791684076185 2.5
    endloop
  endfacet
  facet normal 0.19509032201612947 -0.9807852804032302 0
    outer loop
      vertex -1.6034532666623664 10.123805491100162 15
      vertex -2.3928149795230302 9.966791684076185 15
      vertex -1.6034532666623664 10.123805491100162 2.5
    endloop
  endfacet
  facet normal 0.11753739745783656 -0.9930684569549265 0
    outer loop
      vertex -0.8042057312104107 10.218402670764561 15
      vertex -1.6034532666623664 10.123805491100162 15
      vertex -0.8042057312104107 10.218402670764561 2.5
    endloop
  endfacet
  facet normal 0.039259815759069 -0.9992290362407228 0
    outer loop
      vertex 0 10.25 2.5
      vertex 0 10.25 15
      vertex -0.8042057312104107 10.218402670764561 15
    endloop
  endfacet
  facet normal 0 0 1
    outer loop
      vertex -10.810806964313786 -26.09959679344385 15
      vertex -10.25 0 15
      vertex -10.810806964313786 26.09959679344385 15
    endloop
  endfacet
  facet normal 0 0 1
    outer loop
      vertex -12.825231617642196 -25.170934308321392 15
      vertex -12.825231617642196 25.170934308321392 15
      vertex -14.760584453225553 24.087084643003102 15
    endloop
  endfacet
  facet normal 0 0 1
    outer loop
      vertex -10.810806964313786 -26.09959679344385 15
      vertex -10.810806964313786 26.09959679344385 15
      vertex -12.825231617642196 25.170934308321392 15
    endloop
  endfacet
  facet normal 0 0 1
    outer loop
      vertex -10.810806964313786 26.09959679344385 15
      vertex -10.25 0 15
      vertex -10.218402670764561 0.8042057312104107 15
    endloop
  endfacet
  facet normal 0 0 1
    outer loop
      vertex -10.810806964313786 26.09959679344385 15
      vertex -10.218402670764561 0.8042057312104107 15
      vertex -10.123805491100162 1.6034532666623664 15
    endloop
  endfacet
  facet normal 0 0 1
    outer loop
      vertex -10.810806964313786 26.09959679344385 15
      vertex -10.123805491100162 1.6034532666623664 15
      vertex -9.966791684076185 2.3928149795230302 15
    endloop
  endfacet
  facet normal 0 0 1
    outer loop
      vertex -10.810806964313786 26.09959679344385 15
      vertex -9.966791684076185 2.3928149795230302 15
      vertex -9.748329292025323 3.1674241923432107 15
    endloop
  endfacet
  facet normal 0 0 1
    outer loop
      vertex -10.810806964313786 26.09959679344385 15
      vertex -9.748329292025323 3.1674241923432107 15
      vertex -9.46976520824069 3.9225051817421703 15
    endloop
  endfacet
  facet normal 0 0 1
    outer loop
      vertex -10.810806964313786 26.09959679344385 15
      vertex -9.46976520824069 3.9225051817421703 15
      vertex -9.132816872930771 4.653402622330354 15
    endloop
  endfacet
  facet normal 0 0 1
    outer loop
      vertex -10.810806964313786 26.09959679344385 15
      vertex -9.132816872930771 4.653402622330354 15
      vertex -8.739561684629445 5.355610288338475 15
    endloop
  endfacet
  facet normal 0 0 1
    outer loop
      vertex -10.810806964313786 26.09959679344385 15
      vertex -8.739561684629445 5.355610288338475 15
      vertex -8.292424192343212 6.024798835997849 15
    endloop
  endfacet
  facet normal 0 0 1
    outer loop
      vertex -8.729730091092264 26.867346585338087 15
      vertex -8.292424192343212 6.024798835997849 15
      vertex -7.794161147400317 6.6568424953843826 15
    endloop
  endfacet
  facet normal 0 0 1
    outer loop
      vertex -8.729730091092264 26.867346585338087 15
      vertex -7.794161147400317 6.6568424953843826 15
      vertex -7.247844507162113 7.247844507162113 15
    endloop
  endfacet
  facet normal 0 0 1
    outer loop
      vertex -8.729730091092264 26.867346585338087 15
      vertex -7.247844507162113 7.247844507162113 15
      vertex -6.6568424953843826 7.794161147400317 15
    endloop
  endfacet
  facet normal -0.4886212414969563 0.8724960070727963 0
    outer loop
      vertex -12.825231617642196 25.170934308321392 2.5
      vertex -14.760584453225553 24.087084643003102 15
      vertex -12.825231617642196 25.170934308321392 15
    endloop
  endfacet
  facet normal -0.4186597375374282 0.9081431738250811 0
    outer loop
      vertex -10.810806964313786 26.09959679344385 2.5
      vertex -12.825231617642196 25.170934308321392 15
      vertex -10.810806964313786 26.09959679344385 15
    endloop
  endfacet
  facet normal -0.3461170570774923 0.9381913359224844 0
    outer loop
      vertex -8.729730091092264 26.867346585338087 2.5
      vertex -10.810806964313786 26.09959679344385 15
      vertex -8.729730091092264 26.867346585338087 15
    endloop
  endfacet
  facet normal -0.27144044986507454 0.9624552364536472 0
    outer loop
      vertex -6.594831528929327 27.469450251234363 2.5
      vertex -8.729730091092264 26.867346585338087 15
      vertex -6.594831528929327 27.469450251234363 15
    endloop
  endfacet
  facet normal -0.19509032201612883 0.9807852804032303 0
    outer loop
      vertex -4.419273637386522 27.90219562181264 2.5
      vertex -6.594831528929327 27.469450251234363 15
      vertex -4.419273637386522 27.90219562181264 15
    endloop
  endfacet
  facet normal -0.1175373974578365 0.9930684569549265 0
    outer loop
      vertex -2.2164694543116195 28.162914677960863 2.5
      vertex -4.419273637386522 27.90219562181264 15
      vertex -2.2164694543116195 28.162914677960863 15
    endloop
  endfacet
  facet normal -0.039259815759069554 0.9992290362407229 0
    outer loop
      vertex -2.2164694543116195 28.162914677960863 15
      vertex 0 28.25 15
      vertex 0 28.25 2.5
    endloop
  endfacet
  facet normal 0 0 1
    outer loop
      vertex -8.729730091092264 26.867346585338087 15
      vertex -6.6568424953843826 7.794161147400317 15
      vertex -6.024798835997849 8.292424192343212 15
    endloop
  endfacet
  facet normal 0 0 1
    outer loop
      vertex -10.810806964313786 26.09959679344385 15
      vertex -8.292424192343212 6.024798835997849 15
      vertex -8.729730091092264 26.867346585338087 15
    endloop
  endfacet
  facet normal 0 0 1
    outer loop
      vertex -8.729730091092264 26.867346585338087 15
      vertex -6.024798835997849 8.292424192343212 15
      vertex -6.594831528929327 27.469450251234363 15
    endloop
  endfacet
  facet normal 0 0 1
    outer loop
      vertex -6.594831528929327 27.469450251234363 15
      vertex -6.024798835997849 8.292424192343212 15
      vertex -5.355610288338475 8.739561684629445 15
    endloop
  endfacet
  facet normal 0 0 1
    outer loop
      vertex -6.594831528929327 27.469450251234363 15
      vertex -5.355610288338475 8.739561684629445 15
      vertex -4.653402622330354 9.132816872930771 15
    endloop
  endfacet
  facet normal 0 0 1
    outer loop
      vertex -6.594831528929327 27.469450251234363 15
      vertex -4.653402622330354 9.132816872930771 15
      vertex -3.9225051817421703 9.46976520824069 15
    endloop
  endfacet
  facet normal 0 0 1
    outer loop
      vertex -4.419273637386522 27.90219562181264 15
      vertex -3.9225051817421703 9.46976520824069 15
      vertex -3.1674241923432107 9.748329292025323 15
    endloop
  endfacet
  facet normal 0 0 1
    outer loop
      vertex -4.419273637386522 27.90219562181264 15
      vertex -3.1674241923432107 9.748329292025323 15
      vertex -2.3928149795230302 9.966791684076185 15
    endloop
  endfacet
  facet normal 0 0 1
    outer loop
      vertex -4.419273637386522 27.90219562181264 15
      vertex -2.3928149795230302 9.966791684076185 15
      vertex -1.6034532666623664 10.123805491100162 15
    endloop
  endfacet
  facet normal 0 0 1
    outer loop
      vertex -2.2164694543116195 28.162914677960863 15
      vertex -1.6034532666623664 10.123805491100162 15
      vertex -0.8042057312104107 10.218402670764561 15
    endloop
  endfacet
  facet normal 0 0 1
    outer loop
      vertex 0 28.25 15
      vertex -0.8042057312104107 10.218402670764561 15
      vertex 0 10.25 15
    endloop
  endfacet
  facet normal 0 0 1
    outer loop
      vertex -6.594831528929327 27.469450251234363 15
      vertex -3.9225051817421703 9.46976520824069 15
      vertex -4.419273637386522 27.90219562181264 15
    endloop
  endfacet
  facet normal 0 0 1
    outer loop
      vertex -4.419273637386522 27.90219562181264 15
      vertex -1.6034532666623664 10.123805491100162 15
      vertex -2.2164694543116195 28.162914677960863 15
    endloop
  endfacet
  facet normal 0 0 1
    outer loop
      vertex -2.2164694543116195 28.162914677960863 15
      vertex -0.8042057312104107 10.218402670764561 15
      vertex 0 28.25 15
    endloop
  endfacet
  facet normal 0 0 -1
    outer loop
      vertex 0 -28.25 2.5
      vertex 0.8042057312104107 -10.218402670764561 2.5
      vertex 2.2164694543116195 -28.162914677960863 2.5
    endloop
  endfacet
  facet normal 0 0 -1
    outer loop
      vertex 2.2164694543116195 -28.162914677960863 2.5
      vertex 3.1674241923432107 -9.748329292025323 2.5
      vertex 4.419273637386522 -27.90219562181264 2.5
    endloop
  endfacet
  facet normal 0 0 -1
    outer loop
      vertex 4.419273637386522 -27.90219562181264 2.5
      vertex 5.355610288338475 -8.739561684629445 2.5
      vertex 6.594831528929327 -27.469450251234363 2.5
    endloop
  endfacet
  facet normal 0 0 -1
    outer loop
      vertex 0 -28.25 2.5
      vertex 0 -10.25 2.5
      vertex 0.8042057312104107 -10.218402670764561 2.5
    endloop
  endfacet
  facet normal 0 0 -1
    outer loop
      vertex 2.2164694543116195 -28.162914677960863 2.5
      vertex 0.8042057312104107 -10.218402670764561 2.5
      vertex 1.6034532666623664 -10.123805491100162 2.5
    endloop
  endfacet
  facet normal 0 0 -1
    outer loop
      vertex 2.2164694543116195 -28.162914677960863 2.5
      vertex 1.6034532666623664 -10.123805491100162 2.5
      vertex 2.3928149795230302 -9.966791684076185 2.5
    endloop
  endfacet
  facet normal 0 0 -1
    outer loop
      vertex 2.2164694543116195 -28.162914677960863 2.5
      vertex 2.3928149795230302 -9.966791684076185 2.5
      vertex 3.1674241923432107 -9.748329292025323 2.5
    endloop
  endfacet
  facet normal 0 0 -1
    outer loop
      vertex 4.419273637386522 -27.90219562181264 2.5
      vertex 3.1674241923432107 -9.748329292025323 2.5
      vertex 3.9225051817421703 -9.46976520824069 2.5
    endloop
  endfacet
  facet normal 0 0 -1
    outer loop
      vertex 4.419273637386522 -27.90219562181264 2.5
      vertex 3.9225051817421703 -9.46976520824069 2.5
      vertex 4.653402622330354 -9.132816872930771 2.5
    endloop
  endfacet
  facet normal 0 0 -1
    outer loop
      vertex 4.419273637386522 -27.90219562181264 2.5
      vertex 4.653402622330354 -9.132816872930771 2.5
      vertex 5.355610288338475 -8.739561684629445 2.5
    endloop
  endfacet
  facet normal 0 0 -1
    outer loop
      vertex 6.594831528929327 -27.469450251234363 2.5
      vertex 5.355610288338475 -8.739561684629445 2.5
      vertex 6.024798835997849 -8.292424192343212 2.5
    endloop
  endfacet
  facet normal 0 0 -1
    outer loop
      vertex 6.594831528929327 -27.469450251234363 2.5
      vertex 6.024798835997849 -8.292424192343212 2.5
      vertex 6.6568424953843826 -7.794161147400317 2.5
    endloop
  endfacet
  facet normal 0 0 -1
    outer loop
      vertex 6.594831528929327 -27.469450251234363 2.5
      vertex 6.6568424953843826 -7.794161147400317 2.5
      vertex 7.247844507162113 -7.247844507162113 2.5
    endloop
  endfacet
  facet normal 0 0 -1
    outer loop
      vertex 6.594831528929327 -27.469450251234363 2.5
      vertex 7.794161147400317 -6.6568424953843826 2.5
      vertex 8.729730091092264 -26.867346585338087 2.5
    endloop
  endfacet
  facet normal 0 0 -1
    outer loop
      vertex 8.729730091092264 -26.867346585338087 2.5
      vertex 9.748329292025323 -3.1674241923432107 2.5
      vertex 10.810806964313786 -26.09959679344385 2.5
    endloop
  endfacet
  facet normal 0.039259815759069554 -0.9992290362407229 0
    outer loop
      vertex 0 -28.25 2.5
      vertex 2.2164694543116195 -28.162914677960863 2.5
      vertex 2.2164694543116195 -28.162914677960863 15
    endloop
  endfacet
  facet normal 0.1175373974578365 -0.9930684569549265 0
    outer loop
      vertex 2.2164694543116195 -28.162914677960863 2.5
      vertex 4.419273637386522 -27.90219562181264 2.5
      vertex 4.419273637386522 -27.90219562181264 15
    endloop
  endfacet
  facet normal 0.19509032201612883 -0.9807852804032303 0
    outer loop
      vertex 4.419273637386522 -27.90219562181264 2.5
      vertex 6.594831528929327 -27.469450251234363 2.5
      vertex 6.594831528929327 -27.469450251234363 15
    endloop
  endfacet
  facet normal 0.27144044986507454 -0.9624552364536472 0
    outer loop
      vertex 6.594831528929327 -27.469450251234363 2.5
      vertex 8.729730091092264 -26.867346585338087 2.5
      vertex 8.729730091092264 -26.867346585338087 15
    endloop
  endfacet
  facet normal 0.3461170570774923 -0.9381913359224844 0
    outer loop
      vertex 8.729730091092264 -26.867346585338087 2.5
      vertex 10.810806964313786 -26.09959679344385 2.5
      vertex 10.810806964313786 -26.09959679344385 15
    endloop
  endfacet
  facet normal 0.4186597375374282 -0.9081431738250811 0
    outer loop
      vertex 10.810806964313786 -26.09959679344385 2.5
      vertex 12.825231617642196 -25.170934308321392 2.5
      vertex 12.825231617642196 -25.170934308321392 15
    endloop
  endfacet
  facet normal 0.4886212414969563 -0.8724960070727963 0
    outer loop
      vertex 12.825231617642196 -25.170934308321392 2.5
      vertex 14.760584453225553 -24.087084643003102 2.5
      vertex 14.760584453225553 -24.087084643003102 15
    endloop
  endfacet
  facet normal 0 0 -1
    outer loop
      vertex 6.594831528929327 -27.469450251234363 2.5
      vertex 7.247844507162113 -7.247844507162113 2.5
      vertex 7.794161147400317 -6.6568424953843826 2.5
    endloop
  endfacet
  facet normal 0 0 -1
    outer loop
      vertex 8.729730091092264 -26.867346585338087 2.5
      vertex 7.794161147400317 -6.6568424953843826 2.5
      vertex 8.292424192343212 -6.024798835997849 2.5
    endloop
  endfacet
  facet normal 0 0 -1
    outer loop
      vertex 8.729730091092264 -26.867346585338087 2.5
      vertex 8.292424192343212 -6.024798835997849 2.5
      vertex 8.739561684629445 -5.355610288338475 2.5
    endloop
  endfacet
  facet normal 0 0 -1
    outer loop
      vertex 8.729730091092264 -26.867346585338087 2.5
      vertex 8.739561684629445 -5.355610288338475 2.5
      vertex 9.132816872930771 -4.653402622330354 2.5
    endloop
  endfacet
  facet normal 0 0 -1
    outer loop
      vertex 8.729730091092264 -26.867346585338087 2.5
      vertex 9.132816872930771 -4.653402622330354 2.5
      vertex 9.46976520824069 -3.9225051817421703 2.5
    endloop
  endfacet
  facet normal 0 0 -1
    outer loop
      vertex 8.729730091092264 -26.867346585338087 2.5
      vertex 9.46976520824069 -3.9225051817421703 2.5
      vertex 9.748329292025323 -3.1674241923432107 2.5
    endloop
  endfacet
  facet normal 0 0 -1
    outer loop
      vertex 10.810806964313786 -26.09959679344385 2.5
      vertex 9.748329292025323 -3.1674241923432107 2.5
      vertex 9.966791684076185 -2.3928149795230302 2.5
    endloop
  endfacet
  facet normal 0 0 -1
    outer loop
      vertex 10.810806964313786 -26.09959679344385 2.5
      vertex 9.966791684076185 -2.3928149795230302 2.5
      vertex 10.123805491100162 -1.6034532666623664 2.5
    endloop
  endfacet
  facet normal 0 0 -1
    outer loop
      vertex 10.810806964313786 -26.09959679344385 2.5
      vertex 10.123805491100162 -1.6034532666623664 2.5
      vertex 10.218402670764561 -0.8042057312104107 2.5
    endloop
  endfacet
  facet normal 0 0 -1
    outer loop
      vertex 10.810806964313786 -26.09959679344385 2.5
      vertex 10.218402670764561 -0.8042057312104107 2.5
      vertex 10.25 0 2.5
    endloop
  endfacet
  facet normal 0 0 -1
    outer loop
      vertex 10.810806964313786 -26.09959679344385 2.5
      vertex 12.825231617642196 25.170934308321392 2.5
      vertex 12.825231617642196 -25.170934308321392 2.5
    endloop
  endfacet
  facet normal 0 0 -1
    outer loop
      vertex 12.825231617642196 -25.170934308321392 2.5
      vertex 14.760584453225553 24.087084643003102 2.5
      vertex 14.760584453225553 -24.087084643003102 2.5
    endloop
  endfacet
  facet normal -0.039259815759069 0.9992290362407228 0
    outer loop
      vertex 0.8042057312104107 -10.218402670764561 2.5
      vertex 0 -10.25 2.5
      vertex 0.8042057312104107 -10.218402670764561 15
    endloop
  endfacet
  facet normal -0.11753739745783656 0.9930684569549265 0
    outer loop
      vertex 1.6034532666623664 -10.123805491100162 2.5
      vertex 0.8042057312104107 -10.218402670764561 2.5
      vertex 1.6034532666623664 -10.123805491100162 15
    endloop
  endfacet
  facet normal -0.19509032201612947 0.9807852804032302 0
    outer loop
      vertex 2.3928149795230302 -9.966791684076185 2.5
      vertex 1.6034532666623664 -10.123805491100162 2.5
      vertex 2.3928149795230302 -9.966791684076185 15
    endloop
  endfacet
  facet normal -0.2714404498650751 0.9624552364536472 0
    outer loop
      vertex 3.1674241923432107 -9.748329292025323 2.5
      vertex 2.3928149795230302 -9.966791684076185 2.5
      vertex 3.1674241923432107 -9.748329292025323 15
    endloop
  endfacet
  facet normal -0.34611705707749146 0.9381913359224846 0
    outer loop
      vertex 3.9225051817421703 -9.46976520824069 2.5
      vertex 3.1674241923432107 -9.748329292025323 2.5
      vertex 3.9225051817421703 -9.46976520824069 15
    endloop
  endfacet
  facet normal -0.41865973753742775 0.9081431738250814 0
    outer loop
      vertex 4.653402622330354 -9.132816872930771 2.5
      vertex 3.9225051817421703 -9.46976520824069 2.5
      vertex 4.653402622330354 -9.132816872930771 15
    endloop
  endfacet
  facet normal -0.48862124149695607 0.8724960070727965 0
    outer loop
      vertex 5.355610288338475 -8.739561684629445 2.5
      vertex 4.653402622330354 -9.132816872930771 2.5
      vertex 5.355610288338475 -8.739561684629445 15
    endloop
  endfacet
  facet normal -0.555570233019601 0.8314696123025461 0
    outer loop
      vertex 6.024798835997849 -8.292424192343212 2.5
      vertex 5.355610288338475 -8.739561684629445 2.5
      vertex 6.024798835997849 -8.292424192343212 15
    endloop
  endfacet
  facet normal -0.6190939493098347 0.7853169308807443 0
    outer loop
      vertex 6.6568424953843826 -7.794161147400317 2.5
      vertex 6.024798835997849 -8.292424192343212 2.5
      vertex 6.6568424953843826 -7.794161147400317 15
    endloop
  endfacet
  facet normal -0.6788007455329405 0.7343225094356867 0
    outer loop
      vertex 7.247844507162113 -7.247844507162113 2.5
      vertex 6.6568424953843826 -7.794161147400317 2.5
      vertex 7.247844507162113 -7.247844507162113 15
    endloop
  endfacet
  facet normal -0.7343225094356867 0.6788007455329405 0
    outer loop
      vertex 7.794161147400317 -6.6568424953843826 2.5
      vertex 7.247844507162113 -7.247844507162113 2.5
      vertex 7.247844507162113 -7.247844507162113 15
    endloop
  endfacet
  facet normal -0.7853169308807443 0.6190939493098347 0
    outer loop
      vertex 8.292424192343212 -6.024798835997849 2.5
      vertex 7.794161147400317 -6.6568424953843826 2.5
      vertex 7.794161147400317 -6.6568424953843826 15
    endloop
  endfacet
  facet normal -0.8314696123025461 0.555570233019601 0
    outer loop
      vertex 8.739561684629445 -5.355610288338475 2.5
      vertex 8.292424192343212 -6.024798835997849 2.5
      vertex 8.292424192343212 -6.024798835997849 15
    endloop
  endfacet
  facet normal -0.8724960070727965 0.48862124149695607 0
    outer loop
      vertex 8.739561684629445 -5.355610288338475 15
      vertex 9.132816872930771 -4.653402622330354 2.5
      vertex 8.739561684629445 -5.355610288338475 2.5
    endloop
  endfacet
  facet normal -0.9081431738250814 0.41865973753742775 0
    outer loop
      vertex 9.132816872930771 -4.653402622330354 15
      vertex 9.46976520824069 -3.9225051817421703 2.5
      vertex 9.132816872930771 -4.653402622330354 2.5
    endloop
  endfacet
  facet normal -0.9381913359224846 0.34611705707749146 0
    outer loop
      vertex 9.748329292025323 -3.1674241923432107 2.5
      vertex 9.46976520824069 -3.9225051817421703 2.5
      vertex 9.46976520824069 -3.9225051817421703 15
    endloop
  endfacet
  facet normal -0.9624552364536472 0.2714404498650751 0
    outer loop
      vertex 9.966791684076185 -2.3928149795230302 2.5
      vertex 9.748329292025323 -3.1674241923432107 2.5
      vertex 9.748329292025323 -3.1674241923432107 15
    endloop
  endfacet
  facet normal -0.9807852804032302 0.19509032201612947 0
    outer loop
      vertex 10.123805491100162 -1.6034532666623664 2.5
      vertex 9.966791684076185 -2.3928149795230302 2.5
      vertex 9.966791684076185 -2.3928149795230302 15
    endloop
  endfacet
  facet normal -0.9930684569549265 0.11753739745783656 0
    outer loop
      vertex 10.218402670764561 -0.8042057312104107 2.5
      vertex 10.123805491100162 -1.6034532666623664 2.5
      vertex 10.123805491100162 -1.6034532666623664 15
    endloop
  endfacet
  facet normal -0.9992290362407228 0.039259815759069 0
    outer loop
      vertex 10.218402670764561 -0.8042057312104107 2.5
      vertex 10.218402670764561 -0.8042057312104107 15
      vertex 10.25 0 2.5
    endloop
  endfacet
  facet normal 0.5555702330196007 -0.8314696123025462 0
    outer loop
      vertex 14.760584453225553 -24.087084643003102 2.5
      vertex 16.604933377262366 -22.854730091092264 2.5
      vertex 16.604933377262366 -22.854730091092264 15
    endloop
  endfacet
  facet normal 0.6190939493098339 -0.7853169308807452 0
    outer loop
      vertex 16.604933377262366 -22.854730091092264 2.5
      vertex 18.346907365327688 -21.481468528200875 2.5
      vertex 18.346907365327688 -21.481468528200875 15
    endloop
  endfacet
  facet normal 0.6788007455329411 -0.734322509435686 0
    outer loop
      vertex 18.346907365327688 -21.481468528200875 2.5
      vertex 19.97576656851997 -19.97576656851997 2.5
      vertex 19.97576656851997 -19.97576656851997 15
    endloop
  endfacet
  facet normal 0.734322509435686 -0.6788007455329411 0
    outer loop
      vertex 19.97576656851997 -19.97576656851997 2.5
      vertex 21.481468528200875 -18.346907365327688 2.5
      vertex 19.97576656851997 -19.97576656851997 15
    endloop
  endfacet
  facet normal 0.7853169308807452 -0.6190939493098339 0
    outer loop
      vertex 21.481468528200875 -18.346907365327688 2.5
      vertex 22.854730091092264 -16.604933377262366 2.5
      vertex 21.481468528200875 -18.346907365327688 15
    endloop
  endfacet
  facet normal 0.8314696123025462 -0.5555702330196007 0
    outer loop
      vertex 22.854730091092264 -16.604933377262366 2.5
      vertex 24.087084643003102 -14.760584453225553 2.5
      vertex 22.854730091092264 -16.604933377262366 15
    endloop
  endfacet
  facet normal 0 0 -1
    outer loop
      vertex 14.760584453225553 -24.087084643003102 2.5
      vertex 16.604933377262366 22.854730091092264 2.5
      vertex 16.604933377262366 -22.854730091092264 2.5
    endloop
  endfacet
  facet normal 0 0 -1
    outer loop
      vertex 16.604933377262366 -22.854730091092264 2.5
      vertex 18.346907365327688 21.481468528200875 2.5
      vertex 18.346907365327688 -21.481468528200875 2.5
    endloop
  endfacet
  facet normal 0 0 -1
    outer loop
      vertex 18.346907365327688 -21.481468528200875 2.5
      vertex 19.97576656851997 19.97576656851997 2.5
      vertex 19.97576656851997 -19.97576656851997 2.5
    endloop
  endfacet
  facet normal 0 0 -1
    outer loop
      vertex 19.97576656851997 -19.97576656851997 2.5
      vertex 21.481468528200875 18.346907365327688 2.5
      vertex 21.481468528200875 -18.346907365327688 2.5
    endloop
  endfacet
  facet normal 0 0 -1
    outer loop
      vertex 21.481468528200875 -18.346907365327688 2.5
      vertex 22.854730091092264 16.604933377262366 2.5
      vertex 22.854730091092264 -16.604933377262366 2.5
    endloop
  endfacet
  facet normal 0 0 -1
    outer loop
      vertex 22.854730091092264 -16.604933377262366 2.5
      vertex 24.087084643003102 14.760584453225553 2.5
      vertex 24.087084643003102 -14.760584453225553 2.5
    endloop
  endfacet
  facet normal 0 0 -1
    outer loop
      vertex 24.087084643003102 -14.760584453225553 2.5
      vertex 25.170934308321392 12.825231617642196 2.5
      vertex 25.170934308321392 -12.825231617642196 2.5
    endloop
  endfacet
  facet normal 0 0 -1
    outer loop
      vertex 25.170934308321392 -12.825231617642196 2.5
      vertex 26.09959679344385 10.810806964313786 2.5
      vertex 26.09959679344385 -10.810806964313786 2.5
    endloop
  endfacet
  facet normal 0 0 -1
    outer loop
      vertex 26.09959679344385 -10.810806964313786 2.5
      vertex 26.867346585338087 8.729730091092264 2.5
      vertex 26.867346585338087 -8.729730091092264 2.5
    endloop
  endfacet
  facet normal 0 0 -1
    outer loop
      vertex 26.867346585338087 -8.729730091092264 2.5
      vertex 27.469450251234363 6.594831528929327 2.5
      vertex 27.469450251234363 -6.594831528929327 2.5
    endloop
  endfacet
  facet normal 0 0 -1
    outer loop
      vertex 27.469450251234363 -6.594831528929327 2.5
      vertex 27.90219562181264 4.419273637386522 2.5
      vertex 27.90219562181264 -4.419273637386522 2.5
    endloop
  endfacet
  facet normal 0 0 -1
    outer loop
      vertex 27.90219562181264 -4.419273637386522 2.5
      vertex 28.162914677960863 2.2164694543116195 2.5
      vertex 28.162914677960863 -2.2164694543116195 2.5
    endloop
  endfacet
  facet normal 0.8724960070727963 -0.4886212414969563 0
    outer loop
      vertex 24.087084643003102 -14.760584453225553 2.5
      vertex 25.170934308321392 -12.825231617642196 2.5
      vertex 24.087084643003102 -14.760584453225553 15
    endloop
  endfacet
  facet normal 0.9081431738250811 -0.4186597375374282 0
    outer loop
      vertex 25.170934308321392 -12.825231617642196 2.5
      vertex 26.09959679344385 -10.810806964313786 2.5
      vertex 25.170934308321392 -12.825231617642196 15
    endloop
  endfacet
  facet normal 0.9381913359224844 -0.3461170570774923 0
    outer loop
      vertex 26.09959679344385 -10.810806964313786 2.5
      vertex 26.867346585338087 -8.729730091092264 2.5
      vertex 26.09959679344385 -10.810806964313786 15
    endloop
  endfacet
  facet normal 0.9624552364536472 -0.27144044986507454 0
    outer loop
      vertex 26.867346585338087 -8.729730091092264 2.5
      vertex 27.469450251234363 -6.594831528929327 2.5
      vertex 26.867346585338087 -8.729730091092264 15
    endloop
  endfacet
  facet normal 0.9807852804032303 -0.19509032201612883 0
    outer loop
      vertex 27.469450251234363 -6.594831528929327 2.5
      vertex 27.90219562181264 -4.419273637386522 2.5
      vertex 27.469450251234363 -6.594831528929327 15
    endloop
  endfacet
  facet normal 0.9930684569549265 -0.1175373974578365 0
    outer loop
      vertex 27.90219562181264 -4.419273637386522 2.5
      vertex 28.162914677960863 -2.2164694543116195 2.5
      vertex 27.90219562181264 -4.419273637386522 15
    endloop
  endfacet
  facet normal 0.9992290362407229 -0.039259815759069554 0
    outer loop
      vertex 28.162914677960863 -2.2164694543116195 2.5
      vertex 28.25 0 2.5
      vertex 28.162914677960863 -2.2164694543116195 15
    endloop
  endfacet
  facet normal 0.039259815759069554 -0.9992290362407229 0
    outer loop
      vertex 0 -28.25 2.5
      vertex 2.2164694543116195 -28.162914677960863 15
      vertex 0 -28.25 15
    endloop
  endfacet
  facet normal 0.1175373974578365 -0.9930684569549265 0
    outer loop
      vertex 2.2164694543116195 -28.162914677960863 2.5
      vertex 4.419273637386522 -27.90219562181264 15
      vertex 2.2164694543116195 -28.162914677960863 15
    endloop
  endfacet
  facet normal 0.19509032201612883 -0.9807852804032303 0
    outer loop
      vertex 4.419273637386522 -27.90219562181264 2.5
      vertex 6.594831528929327 -27.469450251234363 15
      vertex 4.419273637386522 -27.90219562181264 15
    endloop
  endfacet
  facet normal 0.27144044986507454 -0.9624552364536472 0
    outer loop
      vertex 6.594831528929327 -27.469450251234363 2.5
      vertex 8.729730091092264 -26.867346585338087 15
      vertex 6.594831528929327 -27.469450251234363 15
    endloop
  endfacet
  facet normal 0.3461170570774923 -0.9381913359224844 0
    outer loop
      vertex 8.729730091092264 -26.867346585338087 2.5
      vertex 10.810806964313786 -26.09959679344385 15
      vertex 8.729730091092264 -26.867346585338087 15
    endloop
  endfacet
  facet normal 0.4186597375374282 -0.9081431738250811 0
    outer loop
      vertex 10.810806964313786 -26.09959679344385 2.5
      vertex 12.825231617642196 -25.170934308321392 15
      vertex 10.810806964313786 -26.09959679344385 15
    endloop
  endfacet
  facet normal 0.4886212414969563 -0.8724960070727963 0
    outer loop
      vertex 12.825231617642196 -25.170934308321392 2.5
      vertex 14.760584453225553 -24.087084643003102 15
      vertex 12.825231617642196 -25.170934308321392 15
    endloop
  endfacet
  facet normal 0 0 1
    outer loop
      vertex 0 -28.25 15
      vertex 2.2164694543116195 -28.162914677960863 15
      vertex 0.8042057312104107 -10.218402670764561 15
    endloop
  endfacet
  facet normal 0 0 1
    outer loop
      vertex 2.2164694543116195 -28.162914677960863 15
      vertex 4.419273637386522 -27.90219562181264 15
      vertex 1.6034532666623664 -10.123805491100162 15
    endloop
  endfacet
  facet normal 0 0 1
    outer loop
      vertex 4.419273637386522 -27.90219562181264 15
      vertex 6.594831528929327 -27.469450251234363 15
      vertex 3.9225051817421703 -9.46976520824069 15
    endloop
  endfacet
  facet normal 0 0 1
    outer loop
      vertex 0 -28.25 15
      vertex 0.8042057312104107 -10.218402670764561 15
      vertex 0 -10.25 15
    endloop
  endfacet
  facet normal 0 0 1
    outer loop
      vertex 2.2164694543116195 -28.162914677960863 15
      vertex 1.6034532666623664 -10.123805491100162 15
      vertex 0.8042057312104107 -10.218402670764561 15
    endloop
  endfacet
  facet normal 0 0 1
    outer loop
      vertex 4.419273637386522 -27.90219562181264 15
      vertex 2.3928149795230302 -9.966791684076185 15
      vertex 1.6034532666623664 -10.123805491100162 15
    endloop
  endfacet
  facet normal 0 0 1
    outer loop
      vertex 4.419273637386522 -27.90219562181264 15
      vertex 3.1674241923432107 -9.748329292025323 15
      vertex 2.3928149795230302 -9.966791684076185 15
    endloop
  endfacet
  facet normal 0 0 1
    outer loop
      vertex 4.419273637386522 -27.90219562181264 15
      vertex 3.9225051817421703 -9.46976520824069 15
      vertex 3.1674241923432107 -9.748329292025323 15
    endloop
  endfacet
  facet normal 0 0 1
    outer loop
      vertex 6.594831528929327 -27.469450251234363 15
      vertex 4.653402622330354 -9.132816872930771 15
      vertex 3.9225051817421703 -9.46976520824069 15
    endloop
  endfacet
  facet normal 0 0 1
    outer loop
      vertex 6.594831528929327 -27.469450251234363 15
      vertex 5.355610288338475 -8.739561684629445 15
      vertex 4.653402622330354 -9.132816872930771 15
    endloop
  endfacet
  facet normal 0 0 1
    outer loop
      vertex 6.594831528929327 -27.469450251234363 15
      vertex 6.024798835997849 -8.292424192343212 15
      vertex 5.355610288338475 -8.739561684629445 15
    endloop
  endfacet
  facet normal 0 0 1
    outer loop
      vertex 6.594831528929327 -27.469450251234363 15
      vertex 8.729730091092264 -26.867346585338087 15
      vertex 6.024798835997849 -8.292424192343212 15
    endloop
  endfacet
  facet normal 0 0 1
    outer loop
      vertex 8.729730091092264 -26.867346585338087 15
      vertex 10.810806964313786 -26.09959679344385 15
      vertex 8.292424192343212 -6.024798835997849 15
    endloop
  endfacet
  facet normal 0 0 1
    outer loop
      vertex 8.729730091092264 -26.867346585338087 15
      vertex 6.6568424953843826 -7.794161147400317 15
      vertex 6.024798835997849 -8.292424192343212 15
    endloop
  endfacet
  facet normal -0.039259815759069 0.9992290362407228 0
    outer loop
      vertex 0 -10.25 15
      vertex 0.8042057312104107 -10.218402670764561 15
      vertex 0 -10.25 2.5
    endloop
  endfacet
  facet normal -0.11753739745783656 0.9930684569549265 0
    outer loop
      vertex 0.8042057312104107 -10.218402670764561 15
      vertex 1.6034532666623664 -10.123805491100162 15
      vertex 0.8042057312104107 -10.218402670764561 2.5
    endloop
  endfacet
  facet normal -0.19509032201612947 0.9807852804032302 0
    outer loop
      vertex 1.6034532666623664 -10.123805491100162 15
      vertex 2.3928149795230302 -9.966791684076185 15
      vertex 1.6034532666623664 -10.123805491100162 2.5
    endloop
  endfacet
  facet normal -0.2714404498650751 0.9624552364536472 0
    outer loop
      vertex 2.3928149795230302 -9.966791684076185 15
      vertex 3.1674241923432107 -9.748329292025323 15
      vertex 2.3928149795230302 -9.966791684076185 2.5
    endloop
  endfacet
  facet normal -0.34611705707749146 0.9381913359224846 0
    outer loop
      vertex 3.1674241923432107 -9.748329292025323 15
      vertex 3.9225051817421703 -9.46976520824069 15
      vertex 3.1674241923432107 -9.748329292025323 2.5
    endloop
  endfacet
  facet normal -0.41865973753742775 0.9081431738250814 0
    outer loop
      vertex 3.9225051817421703 -9.46976520824069 15
      vertex 4.653402622330354 -9.132816872930771 15
      vertex 3.9225051817421703 -9.46976520824069 2.5
    endloop
  endfacet
  facet normal -0.48862124149695607 0.8724960070727965 0
    outer loop
      vertex 4.653402622330354 -9.132816872930771 15
      vertex 5.355610288338475 -8.739561684629445 15
      vertex 4.653402622330354 -9.132816872930771 2.5
    endloop
  endfacet
  facet normal -0.555570233019601 0.8314696123025461 0
    outer loop
      vertex 5.355610288338475 -8.739561684629445 15
      vertex 6.024798835997849 -8.292424192343212 15
      vertex 5.355610288338475 -8.739561684629445 2.5
    endloop
  endfacet
  facet normal -0.6190939493098347 0.7853169308807443 0
    outer loop
      vertex 6.024798835997849 -8.292424192343212 15
      vertex 6.6568424953843826 -7.794161147400317 15
      vertex 6.024798835997849 -8.292424192343212 2.5
    endloop
  endfacet
  facet normal -0.6788007455329405 0.7343225094356867 0
    outer loop
      vertex 6.6568424953843826 -7.794161147400317 15
      vertex 7.247844507162113 -7.247844507162113 15
      vertex 6.6568424953843826 -7.794161147400317 2.5
    endloop
  endfacet
  facet normal -0.7343225094356867 0.6788007455329405 0
    outer loop
      vertex 7.794161147400317 -6.6568424953843826 2.5
      vertex 7.247844507162113 -7.247844507162113 15
      vertex 7.794161147400317 -6.6568424953843826 15
    endloop
  endfacet
  facet normal -0.7853169308807443 0.6190939493098347 0
    outer loop
      vertex 7.794161147400317 -6.6568424953843826 15
      vertex 8.292424192343212 -6.024798835997849 15
      vertex 8.292424192343212 -6.024798835997849 2.5
    endloop
  endfacet
  facet normal -0.8314696123025461 0.555570233019601 0
    outer loop
      vertex 8.292424192343212 -6.024798835997849 15
      vertex 8.739561684629445 -5.355610288338475 15
      vertex 8.739561684629445 -5.355610288338475 2.5
    endloop
  endfacet
  facet normal -0.8724960070727965 0.48862124149695607 0
    outer loop
      vertex 8.739561684629445 -5.355610288338475 15
      vertex 9.132816872930771 -4.653402622330354 15
      vertex 9.132816872930771 -4.653402622330354 2.5
    endloop
  endfacet
  facet normal -0.9081431738250814 0.41865973753742775 0
    outer loop
      vertex 9.132816872930771 -4.653402622330354 15
      vertex 9.46976520824069 -3.9225051817421703 15
      vertex 9.46976520824069 -3.9225051817421703 2.5
    endloop
  endfacet
  facet normal -0.9381913359224846 0.34611705707749146 0
    outer loop
      vertex 9.748329292025323 -3.1674241923432107 2.5
      vertex 9.46976520824069 -3.9225051817421703 15
      vertex 9.748329292025323 -3.1674241923432107 15
    endloop
  endfacet
  facet normal -0.9624552364536472 0.2714404498650751 0
    outer loop
      vertex 9.748329292025323 -3.1674241923432107 15
      vertex 9.966791684076185 -2.3928149795230302 15
      vertex 9.966791684076185 -2.3928149795230302 2.5
    endloop
  endfacet
  facet normal -0.9807852804032302 0.19509032201612947 0
    outer loop
      vertex 10.123805491100162 -1.6034532666623664 2.5
      vertex 9.966791684076185 -2.3928149795230302 15
      vertex 10.123805491100162 -1.6034532666623664 15
    endloop
  endfacet
  facet normal -0.9930684569549265 0.11753739745783656 0
    outer loop
      vertex 10.218402670764561 -0.8042057312104107 2.5
      vertex 10.123805491100162 -1.6034532666623664 15
      vertex 10.218402670764561 -0.8042057312104107 15
    endloop
  endfacet
  facet normal -0.9992290362407228 0.039259815759069 0
    outer loop
      vertex 10.25 0 2.5
      vertex 10.218402670764561 -0.8042057312104107 15
      vertex 10.25 0 15
    endloop
  endfacet
  facet normal 0 0 1
    outer loop
      vertex 8.729730091092264 -26.867346585338087 15
      vertex 7.247844507162113 -7.247844507162113 15
      vertex 6.6568424953843826 -7.794161147400317 15
    endloop
  endfacet
  facet normal 0 0 1
    outer loop
      vertex 8.729730091092264 -26.867346585338087 15
      vertex 7.794161147400317 -6.6568424953843826 15
      vertex 7.247844507162113 -7.247844507162113 15
    endloop
  endfacet
  facet normal 0 0 1
    outer loop
      vertex 8.729730091092264 -26.867346585338087 15
      vertex 8.292424192343212 -6.024798835997849 15
      vertex 7.794161147400317 -6.6568424953843826 15
    endloop
  endfacet
  facet normal 0 0 1
    outer loop
      vertex 10.810806964313786 -26.09959679344385 15
      vertex 8.739561684629445 -5.355610288338475 15
      vertex 8.292424192343212 -6.024798835997849 15
    endloop
  endfacet
  facet normal 0 0 1
    outer loop
      vertex 10.810806964313786 -26.09959679344385 15
      vertex 9.132816872930771 -4.653402622330354 15
      vertex 8.739561684629445 -5.355610288338475 15
    endloop
  endfacet
  facet normal 0 0 1
    outer loop
      vertex 10.810806964313786 -26.09959679344385 15
      vertex 9.46976520824069 -3.9225051817421703 15
      vertex 9.132816872930771 -4.653402622330354 15
    endloop
  endfacet
  facet normal 0 0 1
    outer loop
      vertex 10.810806964313786 -26.09959679344385 15
      vertex 9.748329292025323 -3.1674241923432107 15
      vertex 9.46976520824069 -3.9225051817421703 15
    endloop
  endfacet
  facet normal 0 0 1
    outer loop
      vertex 10.810806964313786 -26.09959679344385 15
      vertex 9.966791684076185 -2.3928149795230302 15
      vertex 9.748329292025323 -3.1674241923432107 15
    endloop
  endfacet
  facet normal 0 0 1
    outer loop
      vertex 10.810806964313786 -26.09959679344385 15
      vertex 10.123805491100162 -1.6034532666623664 15
      vertex 9.966791684076185 -2.3928149795230302 15
    endloop
  endfacet
  facet normal 0 0 1
    outer loop
      vertex 10.810806964313786 -26.09959679344385 15
      vertex 10.218402670764561 -0.8042057312104107 15
      vertex 10.123805491100162 -1.6034532666623664 15
    endloop
  endfacet
  facet normal 0 0 1
    outer loop
      vertex 10.810806964313786 -26.09959679344385 15
      vertex 10.25 0 15
      vertex 10.218402670764561 -0.8042057312104107 15
    endloop
  endfacet
  facet normal 0 0 1
    outer loop
      vertex 10.810806964313786 -26.09959679344385 15
      vertex 12.825231617642196 -25.170934308321392 15
      vertex 10.810806964313786 26.09959679344385 15
    endloop
  endfacet
  facet normal 0 0 1
    outer loop
      vertex 12.825231617642196 -25.170934308321392 15
      vertex 14.760584453225553 -24.087084643003102 15
      vertex 12.825231617642196 25.170934308321392 15
    endloop
  endfacet
  facet normal 0.5555702330196007 -0.8314696123025462 0
    outer loop
      vertex 14.760584453225553 -24.087084643003102 2.5
      vertex 16.604933377262366 -22.854730091092264 15
      vertex 14.760584453225553 -24.087084643003102 15
    endloop
  endfacet
  facet normal 0.6190939493098339 -0.7853169308807452 0
    outer loop
      vertex 16.604933377262366 -22.854730091092264 2.5
      vertex 18.346907365327688 -21.481468528200875 15
      vertex 16.604933377262366 -22.854730091092264 15
    endloop
  endfacet
  facet normal 0.6788007455329411 -0.734322509435686 0
    outer loop
      vertex 18.346907365327688 -21.481468528200875 2.5
      vertex 19.97576656851997 -19.97576656851997 15
      vertex 18.346907365327688 -21.481468528200875 15
    endloop
  endfacet
  facet normal 0.734322509435686 -0.6788007455329411 0
    outer loop
      vertex 21.481468528200875 -18.346907365327688 2.5
      vertex 21.481468528200875 -18.346907365327688 15
      vertex 19.97576656851997 -19.97576656851997 15
    endloop
  endfacet
  facet normal 0.7853169308807452 -0.6190939493098339 0
    outer loop
      vertex 22.854730091092264 -16.604933377262366 2.5
      vertex 22.854730091092264 -16.604933377262366 15
      vertex 21.481468528200875 -18.346907365327688 15
    endloop
  endfacet
  facet normal 0.8314696123025462 -0.5555702330196007 0
    outer loop
      vertex 24.087084643003102 -14.760584453225553 2.5
      vertex 24.087084643003102 -14.760584453225553 15
      vertex 22.854730091092264 -16.604933377262366 15
    endloop
  endfacet
  facet normal 0.8724960070727963 -0.4886212414969563 0
    outer loop
      vertex 25.170934308321392 -12.825231617642196 2.5
      vertex 25.170934308321392 -12.825231617642196 15
      vertex 24.087084643003102 -14.760584453225553 15
    endloop
  endfacet
  facet normal 0.9081431738250811 -0.4186597375374282 0
    outer loop
      vertex 26.09959679344385 -10.810806964313786 2.5
      vertex 26.09959679344385 -10.810806964313786 15
      vertex 25.170934308321392 -12.825231617642196 15
    endloop
  endfacet
  facet normal 0.9381913359224844 -0.3461170570774923 0
    outer loop
      vertex 26.867346585338087 -8.729730091092264 2.5
      vertex 26.867346585338087 -8.729730091092264 15
      vertex 26.09959679344385 -10.810806964313786 15
    endloop
  endfacet
  facet normal 0.9624552364536472 -0.27144044986507454 0
    outer loop
      vertex 27.469450251234363 -6.594831528929327 2.5
      vertex 27.469450251234363 -6.594831528929327 15
      vertex 26.867346585338087 -8.729730091092264 15
    endloop
  endfacet
  facet normal 0.9807852804032303 -0.19509032201612883 0
    outer loop
      vertex 27.90219562181264 -4.419273637386522 2.5
      vertex 27.90219562181264 -4.419273637386522 15
      vertex 27.469450251234363 -6.594831528929327 15
    endloop
  endfacet
  facet normal 0.9930684569549265 -0.1175373974578365 0
    outer loop
      vertex 28.162914677960863 -2.2164694543116195 2.5
      vertex 28.162914677960863 -2.2164694543116195 15
      vertex 27.90219562181264 -4.419273637386522 15
    endloop
  endfacet
  facet normal 0.9992290362407229 -0.039259815759069554 0
    outer loop
      vertex 28.162914677960863 -2.2164694543116195 15
      vertex 28.25 0 2.5
      vertex 28.25 0 15
    endloop
  endfacet
  facet normal 0 0 1
    outer loop
      vertex 14.760584453225553 -24.087084643003102 15
      vertex 16.604933377262366 -22.854730091092264 15
      vertex 14.760584453225553 24.087084643003102 15
    endloop
  endfacet
  facet normal 0 0 1
    outer loop
      vertex 16.604933377262366 -22.854730091092264 15
      vertex 18.346907365327688 -21.481468528200875 15
      vertex 16.604933377262366 22.854730091092264 15
    endloop
  endfacet
  facet normal 0 0 1
    outer loop
      vertex 18.346907365327688 -21.481468528200875 15
      vertex 19.97576656851997 -19.97576656851997 15
      vertex 18.346907365327688 21.481468528200875 15
    endloop
  endfacet
  facet normal 0 0 1
    outer loop
      vertex 19.97576656851997 -19.97576656851997 15
      vertex 21.481468528200875 -18.346907365327688 15
      vertex 19.97576656851997 19.97576656851997 15
    endloop
  endfacet
  facet normal 0 0 1
    outer loop
      vertex 21.481468528200875 -18.346907365327688 15
      vertex 22.854730091092264 -16.604933377262366 15
      vertex 21.481468528200875 18.346907365327688 15
    endloop
  endfacet
  facet normal 0 0 1
    outer loop
      vertex 22.854730091092264 -16.604933377262366 15
      vertex 24.087084643003102 -14.760584453225553 15
      vertex 22.854730091092264 16.604933377262366 15
    endloop
  endfacet
  facet normal 0 0 1
    outer loop
      vertex 24.087084643003102 -14.760584453225553 15
      vertex 25.170934308321392 -12.825231617642196 15
      vertex 24.087084643003102 14.760584453225553 15
    endloop
  endfacet
  facet normal 0 0 1
    outer loop
      vertex 25.170934308321392 -12.825231617642196 15
      vertex 26.09959679344385 -10.810806964313786 15
      vertex 25.170934308321392 12.825231617642196 15
    endloop
  endfacet
  facet normal 0 0 1
    outer loop
      vertex 26.09959679344385 -10.810806964313786 15
      vertex 26.867346585338087 -8.729730091092264 15
      vertex 26.09959679344385 10.810806964313786 15
    endloop
  endfacet
  facet normal 0 0 1
    outer loop
      vertex 26.867346585338087 -8.729730091092264 15
      vertex 27.469450251234363 -6.594831528929327 15
      vertex 26.867346585338087 8.729730091092264 15
    endloop
  endfacet
  facet normal 0 0 1
    outer loop
      vertex 27.469450251234363 -6.594831528929327 15
      vertex 27.90219562181264 -4.419273637386522 15
      vertex 27.469450251234363 6.594831528929327 15
    endloop
  endfacet
  facet normal 0 0 1
    outer loop
      vertex 27.90219562181264 -4.419273637386522 15
      vertex 28.162914677960863 -2.2164694543116195 15
      vertex 27.90219562181264 4.419273637386522 15
    endloop
  endfacet
  facet normal 0 0 -1
    outer loop
      vertex 10.810806964313786 -26.09959679344385 2.5
      vertex 10.25 0 2.5
      vertex 10.810806964313786 26.09959679344385 2.5
    endloop
  endfacet
  facet normal 0 0 -1
    outer loop
      vertex 10.810806964313786 26.09959679344385 2.5
      vertex 10.25 0 2.5
      vertex 10.218402670764561 0.8042057312104107 2.5
    endloop
  endfacet
  facet normal 0 0 -1
    outer loop
      vertex 10.810806964313786 26.09959679344385 2.5
      vertex 10.218402670764561 0.8042057312104107 2.5
      vertex 10.123805491100162 1.6034532666623664 2.5
    endloop
  endfacet
  facet normal 0 0 -1
    outer loop
      vertex 10.810806964313786 26.09959679344385 2.5
      vertex 10.123805491100162 1.6034532666623664 2.5
      vertex 9.966791684076185 2.3928149795230302 2.5
    endloop
  endfacet
  facet normal 0 0 -1
    outer loop
      vertex 10.810806964313786 26.09959679344385 2.5
      vertex 9.966791684076185 2.3928149795230302 2.5
      vertex 9.748329292025323 3.1674241923432107 2.5
    endloop
  endfacet
  facet normal 0 0 -1
    outer loop
      vertex 8.729730091092264 26.867346585338087 2.5
      vertex 7.794161147400317 6.6568424953843826 2.5
      vertex 7.247844507162113 7.247844507162113 2.5
    endloop
  endfacet
  facet normal 0 0 -1
    outer loop
      vertex 8.729730091092264 26.867346585338087 2.5
      vertex 7.247844507162113 7.247844507162113 2.5
      vertex 6.6568424953843826 7.794161147400317 2.5
    endloop
  endfacet
  facet normal 0 0 -1
    outer loop
      vertex 8.729730091092264 26.867346585338087 2.5
      vertex 8.292424192343212 6.024798835997849 2.5
      vertex 7.794161147400317 6.6568424953843826 2.5
    endloop
  endfacet
  facet normal 0 0 -1
    outer loop
      vertex 10.810806964313786 26.09959679344385 2.5
      vertex 9.132816872930771 4.653402622330354 2.5
      vertex 8.739561684629445 5.355610288338475 2.5
    endloop
  endfacet
  facet normal 0 0 -1
    outer loop
      vertex 10.810806964313786 26.09959679344385 2.5
      vertex 9.748329292025323 3.1674241923432107 2.5
      vertex 9.46976520824069 3.9225051817421703 2.5
    endloop
  endfacet
  facet normal 0 0 -1
    outer loop
      vertex 10.810806964313786 26.09959679344385 2.5
      vertex 9.46976520824069 3.9225051817421703 2.5
      vertex 9.132816872930771 4.653402622330354 2.5
    endloop
  endfacet
  facet normal 0 0 -1
    outer loop
      vertex 10.810806964313786 26.09959679344385 2.5
      vertex 8.739561684629445 5.355610288338475 2.5
      vertex 8.292424192343212 6.024798835997849 2.5
    endloop
  endfacet
  facet normal 0 0 -1
    outer loop
      vertex 10.810806964313786 -26.09959679344385 2.5
      vertex 10.810806964313786 26.09959679344385 2.5
      vertex 12.825231617642196 25.170934308321392 2.5
    endloop
  endfacet
  facet normal 0 0 -1
    outer loop
      vertex 12.825231617642196 -25.170934308321392 2.5
      vertex 12.825231617642196 25.170934308321392 2.5
      vertex 14.760584453225553 24.087084643003102 2.5
    endloop
  endfacet
  facet normal -0.039259815759069 -0.9992290362407228 0
    outer loop
      vertex 0 10.25 2.5
      vertex 0.8042057312104107 10.218402670764561 2.5
      vertex 0 10.25 15
    endloop
  endfacet
  facet normal -0.11753739745783656 -0.9930684569549265 0
    outer loop
      vertex 0.8042057312104107 10.218402670764561 2.5
      vertex 1.6034532666623664 10.123805491100162 2.5
      vertex 0.8042057312104107 10.218402670764561 15
    endloop
  endfacet
  facet normal -0.19509032201612947 -0.9807852804032302 0
    outer loop
      vertex 1.6034532666623664 10.123805491100162 2.5
      vertex 2.3928149795230302 9.966791684076185 2.5
      vertex 1.6034532666623664 10.123805491100162 15
    endloop
  endfacet
  facet normal -0.34611705707749146 -0.9381913359224846 0
    outer loop
      vertex 3.1674241923432107 9.748329292025323 2.5
      vertex 3.9225051817421703 9.46976520824069 2.5
      vertex 3.1674241923432107 9.748329292025323 15
    endloop
  endfacet
  facet normal -0.2714404498650751 -0.9624552364536472 0
    outer loop
      vertex 2.3928149795230302 9.966791684076185 2.5
      vertex 3.1674241923432107 9.748329292025323 2.5
      vertex 2.3928149795230302 9.966791684076185 15
    endloop
  endfacet
  facet normal -0.41865973753742775 -0.9081431738250814 0
    outer loop
      vertex 3.9225051817421703 9.46976520824069 2.5
      vertex 4.653402622330354 9.132816872930771 2.5
      vertex 3.9225051817421703 9.46976520824069 15
    endloop
  endfacet
  facet normal -0.48862124149695607 -0.8724960070727965 0
    outer loop
      vertex 4.653402622330354 9.132816872930771 2.5
      vertex 5.355610288338475 8.739561684629445 2.5
      vertex 4.653402622330354 9.132816872930771 15
    endloop
  endfacet
  facet normal -0.555570233019601 -0.8314696123025461 0
    outer loop
      vertex 5.355610288338475 8.739561684629445 2.5
      vertex 6.024798835997849 8.292424192343212 2.5
      vertex 5.355610288338475 8.739561684629445 15
    endloop
  endfacet
  facet normal -0.6788007455329405 -0.7343225094356867 0
    outer loop
      vertex 6.6568424953843826 7.794161147400317 2.5
      vertex 7.247844507162113 7.247844507162113 2.5
      vertex 6.6568424953843826 7.794161147400317 15
    endloop
  endfacet
  facet normal -0.6190939493098347 -0.7853169308807443 0
    outer loop
      vertex 6.024798835997849 8.292424192343212 2.5
      vertex 6.6568424953843826 7.794161147400317 2.5
      vertex 6.024798835997849 8.292424192343212 15
    endloop
  endfacet
  facet normal -0.9992290362407228 -0.039259815759069 0
    outer loop
      vertex 10.25 0 2.5
      vertex 10.25 0 15
      vertex 10.218402670764561 0.8042057312104107 2.5
    endloop
  endfacet
  facet normal -0.9930684569549265 -0.11753739745783656 0
    outer loop
      vertex 10.123805491100162 1.6034532666623664 2.5
      vertex 10.218402670764561 0.8042057312104107 2.5
      vertex 10.218402670764561 0.8042057312104107 15
    endloop
  endfacet
  facet normal -0.9381913359224846 -0.34611705707749146 0
    outer loop
      vertex 9.46976520824069 3.9225051817421703 2.5
      vertex 9.748329292025323 3.1674241923432107 2.5
      vertex 9.748329292025323 3.1674241923432107 15
    endloop
  endfacet
  facet normal -0.9807852804032302 -0.19509032201612947 0
    outer loop
      vertex 9.966791684076185 2.3928149795230302 2.5
      vertex 10.123805491100162 1.6034532666623664 2.5
      vertex 10.123805491100162 1.6034532666623664 15
    endloop
  endfacet
  facet normal -0.9624552364536472 -0.2714404498650751 0
    outer loop
      vertex 9.748329292025323 3.1674241923432107 2.5
      vertex 9.966791684076185 2.3928149795230302 2.5
      vertex 9.966791684076185 2.3928149795230302 15
    endloop
  endfacet
  facet normal -0.7343225094356867 -0.6788007455329405 0
    outer loop
      vertex 7.247844507162113 7.247844507162113 2.5
      vertex 7.794161147400317 6.6568424953843826 2.5
      vertex 7.794161147400317 6.6568424953843826 15
    endloop
  endfacet
  facet normal -0.8314696123025461 -0.555570233019601 0
    outer loop
      vertex 8.292424192343212 6.024798835997849 2.5
      vertex 8.739561684629445 5.355610288338475 2.5
      vertex 8.739561684629445 5.355610288338475 15
    endloop
  endfacet
  facet normal -0.7853169308807443 -0.6190939493098347 0
    outer loop
      vertex 7.794161147400317 6.6568424953843826 2.5
      vertex 8.292424192343212 6.024798835997849 2.5
      vertex 8.292424192343212 6.024798835997849 15
    endloop
  endfacet
  facet normal -0.9081431738250814 -0.41865973753742775 0
    outer loop
      vertex 9.46976520824069 3.9225051817421703 15
      vertex 9.132816872930771 4.653402622330354 2.5
      vertex 9.46976520824069 3.9225051817421703 2.5
    endloop
  endfacet
  facet normal -0.8724960070727965 -0.48862124149695607 0
    outer loop
      vertex 9.132816872930771 4.653402622330354 15
      vertex 8.739561684629445 5.355610288338475 2.5
      vertex 9.132816872930771 4.653402622330354 2.5
    endloop
  endfacet
  facet normal 0 0 -1
    outer loop
      vertex 0 28.25 2.5
      vertex 0.8042057312104107 10.218402670764561 2.5
      vertex 0 10.25 2.5
    endloop
  endfacet
  facet normal 0 0 -1
    outer loop
      vertex 2.2164694543116195 28.162914677960863 2.5
      vertex 1.6034532666623664 10.123805491100162 2.5
      vertex 0.8042057312104107 10.218402670764561 2.5
    endloop
  endfacet
  facet normal 0 0 -1
    outer loop
      vertex 4.419273637386522 27.90219562181264 2.5
      vertex 3.1674241923432107 9.748329292025323 2.5
      vertex 2.3928149795230302 9.966791684076185 2.5
    endloop
  endfacet
  facet normal 0 0 -1
    outer loop
      vertex 4.419273637386522 27.90219562181264 2.5
      vertex 2.3928149795230302 9.966791684076185 2.5
      vertex 1.6034532666623664 10.123805491100162 2.5
    endloop
  endfacet
  facet normal 0 0 -1
    outer loop
      vertex 4.419273637386522 27.90219562181264 2.5
      vertex 3.9225051817421703 9.46976520824069 2.5
      vertex 3.1674241923432107 9.748329292025323 2.5
    endloop
  endfacet
  facet normal 0 0 -1
    outer loop
      vertex 6.594831528929327 27.469450251234363 2.5
      vertex 4.653402622330354 9.132816872930771 2.5
      vertex 3.9225051817421703 9.46976520824069 2.5
    endloop
  endfacet
  facet normal 0 0 -1
    outer loop
      vertex 6.594831528929327 27.469450251234363 2.5
      vertex 6.024798835997849 8.292424192343212 2.5
      vertex 5.355610288338475 8.739561684629445 2.5
    endloop
  endfacet
  facet normal 0 0 -1
    outer loop
      vertex 6.594831528929327 27.469450251234363 2.5
      vertex 5.355610288338475 8.739561684629445 2.5
      vertex 4.653402622330354 9.132816872930771 2.5
    endloop
  endfacet
  facet normal 0 0 -1
    outer loop
      vertex 0 28.25 2.5
      vertex 2.2164694543116195 28.162914677960863 2.5
      vertex 0.8042057312104107 10.218402670764561 2.5
    endloop
  endfacet
  facet normal 0 0 -1
    outer loop
      vertex 2.2164694543116195 28.162914677960863 2.5
      vertex 4.419273637386522 27.90219562181264 2.5
      vertex 1.6034532666623664 10.123805491100162 2.5
    endloop
  endfacet
  facet normal 0 0 -1
    outer loop
      vertex 4.419273637386522 27.90219562181264 2.5
      vertex 6.594831528929327 27.469450251234363 2.5
      vertex 3.9225051817421703 9.46976520824069 2.5
    endloop
  endfacet
  facet normal 0 0 -1
    outer loop
      vertex 8.729730091092264 26.867346585338087 2.5
      vertex 6.6568424953843826 7.794161147400317 2.5
      vertex 6.024798835997849 8.292424192343212 2.5
    endloop
  endfacet
  facet normal 0 0 -1
    outer loop
      vertex 6.594831528929327 27.469450251234363 2.5
      vertex 8.729730091092264 26.867346585338087 2.5
      vertex 6.024798835997849 8.292424192343212 2.5
    endloop
  endfacet
  facet normal 0 0 -1
    outer loop
      vertex 8.729730091092264 26.867346585338087 2.5
      vertex 10.810806964313786 26.09959679344385 2.5
      vertex 8.292424192343212 6.024798835997849 2.5
    endloop
  endfacet
  facet normal 0.039259815759069554 0.9992290362407229 0
    outer loop
      vertex 0 28.25 2.5
      vertex 0 28.25 15
      vertex 2.2164694543116195 28.162914677960863 2.5
    endloop
  endfacet
  facet normal 0.1175373974578365 0.9930684569549265 0
    outer loop
      vertex 2.2164694543116195 28.162914677960863 2.5
      vertex 2.2164694543116195 28.162914677960863 15
      vertex 4.419273637386522 27.90219562181264 2.5
    endloop
  endfacet
  facet normal 0.19509032201612883 0.9807852804032303 0
    outer loop
      vertex 4.419273637386522 27.90219562181264 2.5
      vertex 4.419273637386522 27.90219562181264 15
      vertex 6.594831528929327 27.469450251234363 2.5
    endloop
  endfacet
  facet normal 0.27144044986507454 0.9624552364536472 0
    outer loop
      vertex 6.594831528929327 27.469450251234363 2.5
      vertex 6.594831528929327 27.469450251234363 15
      vertex 8.729730091092264 26.867346585338087 2.5
    endloop
  endfacet
  facet normal 0.3461170570774923 0.9381913359224844 0
    outer loop
      vertex 8.729730091092264 26.867346585338087 2.5
      vertex 8.729730091092264 26.867346585338087 15
      vertex 10.810806964313786 26.09959679344385 2.5
    endloop
  endfacet
  facet normal 0.4186597375374282 0.9081431738250811 0
    outer loop
      vertex 10.810806964313786 26.09959679344385 2.5
      vertex 10.810806964313786 26.09959679344385 15
      vertex 12.825231617642196 25.170934308321392 2.5
    endloop
  endfacet
  facet normal 0.4886212414969563 0.8724960070727963 0
    outer loop
      vertex 12.825231617642196 25.170934308321392 2.5
      vertex 12.825231617642196 25.170934308321392 15
      vertex 14.760584453225553 24.087084643003102 2.5
    endloop
  endfacet
  facet normal 0 0 -1
    outer loop
      vertex 18.346907365327688 -21.481468528200875 2.5
      vertex 18.346907365327688 21.481468528200875 2.5
      vertex 19.97576656851997 19.97576656851997 2.5
    endloop
  endfacet
  facet normal 0 0 -1
    outer loop
      vertex 19.97576656851997 -19.97576656851997 2.5
      vertex 19.97576656851997 19.97576656851997 2.5
      vertex 21.481468528200875 18.346907365327688 2.5
    endloop
  endfacet
  facet normal 0 0 -1
    outer loop
      vertex 14.760584453225553 -24.087084643003102 2.5
      vertex 14.760584453225553 24.087084643003102 2.5
      vertex 16.604933377262366 22.854730091092264 2.5
    endloop
  endfacet
  facet normal 0 0 -1
    outer loop
      vertex 16.604933377262366 -22.854730091092264 2.5
      vertex 16.604933377262366 22.854730091092264 2.5
      vertex 18.346907365327688 21.481468528200875 2.5
    endloop
  endfacet
  facet normal 0 0 -1
    outer loop
      vertex 21.481468528200875 -18.346907365327688 2.5
      vertex 21.481468528200875 18.346907365327688 2.5
      vertex 22.854730091092264 16.604933377262366 2.5
    endloop
  endfacet
  facet normal 0 0 -1
    outer loop
      vertex 22.854730091092264 -16.604933377262366 2.5
      vertex 22.854730091092264 16.604933377262366 2.5
      vertex 24.087084643003102 14.760584453225553 2.5
    endloop
  endfacet
  facet normal 0 0 -1
    outer loop
      vertex 24.087084643003102 -14.760584453225553 2.5
      vertex 24.087084643003102 14.760584453225553 2.5
      vertex 25.170934308321392 12.825231617642196 2.5
    endloop
  endfacet
  facet normal 0 0 -1
    outer loop
      vertex 26.09959679344385 -10.810806964313786 2.5
      vertex 26.09959679344385 10.810806964313786 2.5
      vertex 26.867346585338087 8.729730091092264 2.5
    endloop
  endfacet
  facet normal 0 0 -1
    outer loop
      vertex 28.162914677960863 -2.2164694543116195 2.5
      vertex 28.162914677960863 2.2164694543116195 2.5
      vertex 28.25 0 2.5
    endloop
  endfacet
  facet normal 0 0 -1
    outer loop
      vertex 27.90219562181264 -4.419273637386522 2.5
      vertex 27.90219562181264 4.419273637386522 2.5
      vertex 28.162914677960863 2.2164694543116195 2.5
    endloop
  endfacet
  facet normal 0 0 -1
    outer loop
      vertex 27.469450251234363 -6.594831528929327 2.5
      vertex 27.469450251234363 6.594831528929327 2.5
      vertex 27.90219562181264 4.419273637386522 2.5
    endloop
  endfacet
  facet normal 0 0 -1
    outer loop
      vertex 26.867346585338087 -8.729730091092264 2.5
      vertex 26.867346585338087 8.729730091092264 2.5
      vertex 27.469450251234363 6.594831528929327 2.5
    endloop
  endfacet
  facet normal 0 0 -1
    outer loop
      vertex 25.170934308321392 -12.825231617642196 2.5
      vertex 25.170934308321392 12.825231617642196 2.5
      vertex 26.09959679344385 10.810806964313786 2.5
    endloop
  endfacet
  facet normal 0.9992290362407229 0.039259815759069554 0
    outer loop
      vertex 28.25 0 2.5
      vertex 28.162914677960863 2.2164694543116195 2.5
      vertex 28.25 0 15
    endloop
  endfacet
  facet normal 0.9930684569549265 0.1175373974578365 0
    outer loop
      vertex 28.162914677960863 2.2164694543116195 2.5
      vertex 27.90219562181264 4.419273637386522 2.5
      vertex 28.162914677960863 2.2164694543116195 15
    endloop
  endfacet
  facet normal 0.9807852804032303 0.19509032201612883 0
    outer loop
      vertex 27.90219562181264 4.419273637386522 2.5
      vertex 27.469450251234363 6.594831528929327 2.5
      vertex 27.90219562181264 4.419273637386522 15
    endloop
  endfacet
  facet normal 0.9624552364536472 0.27144044986507454 0
    outer loop
      vertex 27.469450251234363 6.594831528929327 2.5
      vertex 26.867346585338087 8.729730091092264 2.5
      vertex 27.469450251234363 6.594831528929327 15
    endloop
  endfacet
  facet normal 0.9381913359224844 0.3461170570774923 0
    outer loop
      vertex 26.867346585338087 8.729730091092264 2.5
      vertex 26.09959679344385 10.810806964313786 2.5
      vertex 26.867346585338087 8.729730091092264 15
    endloop
  endfacet
  facet normal 0.9081431738250811 0.4186597375374282 0
    outer loop
      vertex 26.09959679344385 10.810806964313786 2.5
      vertex 25.170934308321392 12.825231617642196 2.5
      vertex 26.09959679344385 10.810806964313786 15
    endloop
  endfacet
  facet normal 0.8724960070727963 0.4886212414969563 0
    outer loop
      vertex 25.170934308321392 12.825231617642196 2.5
      vertex 24.087084643003102 14.760584453225553 2.5
      vertex 25.170934308321392 12.825231617642196 15
    endloop
  endfacet
  facet normal 0.6788007455329411 0.734322509435686 0
    outer loop
      vertex 19.97576656851997 19.97576656851997 2.5
      vertex 18.346907365327688 21.481468528200875 2.5
      vertex 18.346907365327688 21.481468528200875 15
    endloop
  endfacet
  facet normal 0.734322509435686 0.6788007455329411 0
    outer loop
      vertex 19.97576656851997 19.97576656851997 2.5
      vertex 21.481468528200875 18.346907365327688 15
      vertex 21.481468528200875 18.346907365327688 2.5
    endloop
  endfacet
  facet normal 0.5555702330196007 0.8314696123025462 0
    outer loop
      vertex 14.760584453225553 24.087084643003102 2.5
      vertex 14.760584453225553 24.087084643003102 15
      vertex 16.604933377262366 22.854730091092264 2.5
    endloop
  endfacet
  facet normal 0.6190939493098339 0.7853169308807452 0
    outer loop
      vertex 16.604933377262366 22.854730091092264 2.5
      vertex 16.604933377262366 22.854730091092264 15
      vertex 18.346907365327688 21.481468528200875 2.5
    endloop
  endfacet
  facet normal 0.7853169308807452 0.6190939493098339 0
    outer loop
      vertex 22.854730091092264 16.604933377262366 2.5
      vertex 21.481468528200875 18.346907365327688 2.5
      vertex 22.854730091092264 16.604933377262366 15
    endloop
  endfacet
  facet normal 0.8314696123025462 0.5555702330196007 0
    outer loop
      vertex 22.854730091092264 16.604933377262366 2.5
      vertex 24.087084643003102 14.760584453225553 15
      vertex 24.087084643003102 14.760584453225553 2.5
    endloop
  endfacet
  facet normal -0.039259815759069 -0.9992290362407228 0
    outer loop
      vertex 0.8042057312104107 10.218402670764561 15
      vertex 0 10.25 15
      vertex 0.8042057312104107 10.218402670764561 2.5
    endloop
  endfacet
  facet normal -0.11753739745783656 -0.9930684569549265 0
    outer loop
      vertex 1.6034532666623664 10.123805491100162 15
      vertex 0.8042057312104107 10.218402670764561 15
      vertex 1.6034532666623664 10.123805491100162 2.5
    endloop
  endfacet
  facet normal -0.19509032201612947 -0.9807852804032302 0
    outer loop
      vertex 2.3928149795230302 9.966791684076185 15
      vertex 1.6034532666623664 10.123805491100162 15
      vertex 2.3928149795230302 9.966791684076185 2.5
    endloop
  endfacet
  facet normal -0.2714404498650751 -0.9624552364536472 0
    outer loop
      vertex 3.1674241923432107 9.748329292025323 15
      vertex 2.3928149795230302 9.966791684076185 15
      vertex 3.1674241923432107 9.748329292025323 2.5
    endloop
  endfacet
  facet normal -0.34611705707749146 -0.9381913359224846 0
    outer loop
      vertex 3.9225051817421703 9.46976520824069 15
      vertex 3.1674241923432107 9.748329292025323 15
      vertex 3.9225051817421703 9.46976520824069 2.5
    endloop
  endfacet
  facet normal -0.41865973753742775 -0.9081431738250814 0
    outer loop
      vertex 4.653402622330354 9.132816872930771 15
      vertex 3.9225051817421703 9.46976520824069 15
      vertex 4.653402622330354 9.132816872930771 2.5
    endloop
  endfacet
  facet normal -0.48862124149695607 -0.8724960070727965 0
    outer loop
      vertex 5.355610288338475 8.739561684629445 15
      vertex 4.653402622330354 9.132816872930771 15
      vertex 5.355610288338475 8.739561684629445 2.5
    endloop
  endfacet
  facet normal -0.555570233019601 -0.8314696123025461 0
    outer loop
      vertex 6.024798835997849 8.292424192343212 15
      vertex 5.355610288338475 8.739561684629445 15
      vertex 6.024798835997849 8.292424192343212 2.5
    endloop
  endfacet
  facet normal -0.6788007455329405 -0.7343225094356867 0
    outer loop
      vertex 6.6568424953843826 7.794161147400317 15
      vertex 7.247844507162113 7.247844507162113 2.5
      vertex 7.247844507162113 7.247844507162113 15
    endloop
  endfacet
  facet normal -0.6190939493098347 -0.7853169308807443 0
    outer loop
      vertex 6.6568424953843826 7.794161147400317 15
      vertex 6.024798835997849 8.292424192343212 15
      vertex 6.6568424953843826 7.794161147400317 2.5
    endloop
  endfacet
  facet normal -0.9992290362407228 -0.039259815759069 0
    outer loop
      vertex 10.218402670764561 0.8042057312104107 2.5
      vertex 10.25 0 15
      vertex 10.218402670764561 0.8042057312104107 15
    endloop
  endfacet
  facet normal -0.9930684569549265 -0.11753739745783656 0
    outer loop
      vertex 10.123805491100162 1.6034532666623664 2.5
      vertex 10.218402670764561 0.8042057312104107 15
      vertex 10.123805491100162 1.6034532666623664 15
    endloop
  endfacet
  facet normal -0.9807852804032302 -0.19509032201612947 0
    outer loop
      vertex 9.966791684076185 2.3928149795230302 2.5
      vertex 10.123805491100162 1.6034532666623664 15
      vertex 9.966791684076185 2.3928149795230302 15
    endloop
  endfacet
  facet normal -0.9624552364536472 -0.2714404498650751 0
    outer loop
      vertex 9.748329292025323 3.1674241923432107 2.5
      vertex 9.966791684076185 2.3928149795230302 15
      vertex 9.748329292025323 3.1674241923432107 15
    endloop
  endfacet
  facet normal -0.7343225094356867 -0.6788007455329405 0
    outer loop
      vertex 7.794161147400317 6.6568424953843826 15
      vertex 7.247844507162113 7.247844507162113 15
      vertex 7.247844507162113 7.247844507162113 2.5
    endloop
  endfacet
  facet normal -0.8314696123025461 -0.555570233019601 0
    outer loop
      vertex 8.739561684629445 5.355610288338475 15
      vertex 8.292424192343212 6.024798835997849 15
      vertex 8.292424192343212 6.024798835997849 2.5
    endloop
  endfacet
  facet normal -0.7853169308807443 -0.6190939493098347 0
    outer loop
      vertex 7.794161147400317 6.6568424953843826 2.5
      vertex 8.292424192343212 6.024798835997849 15
      vertex 7.794161147400317 6.6568424953843826 15
    endloop
  endfacet
  facet normal -0.9081431738250814 -0.41865973753742775 0
    outer loop
      vertex 9.46976520824069 3.9225051817421703 15
      vertex 9.132816872930771 4.653402622330354 15
      vertex 9.132816872930771 4.653402622330354 2.5
    endloop
  endfacet
  facet normal -0.9381913359224846 -0.34611705707749146 0
    outer loop
      vertex 9.748329292025323 3.1674241923432107 15
      vertex 9.46976520824069 3.9225051817421703 15
      vertex 9.46976520824069 3.9225051817421703 2.5
    endloop
  endfacet
  facet normal -0.8724960070727965 -0.48862124149695607 0
    outer loop
      vertex 9.132816872930771 4.653402622330354 15
      vertex 8.739561684629445 5.355610288338475 15
      vertex 8.739561684629445 5.355610288338475 2.5
    endloop
  endfacet
  facet normal 0 0 1
    outer loop
      vertex 10.810806964313786 -26.09959679344385 15
      vertex 10.810806964313786 26.09959679344385 15
      vertex 10.25 0 15
    endloop
  endfacet
  facet normal 0 0 1
    outer loop
      vertex 10.810806964313786 26.09959679344385 15
      vertex 10.218402670764561 0.8042057312104107 15
      vertex 10.25 0 15
    endloop
  endfacet
  facet normal 0 0 1
    outer loop
      vertex 10.810806964313786 26.09959679344385 15
      vertex 10.123805491100162 1.6034532666623664 15
      vertex 10.218402670764561 0.8042057312104107 15
    endloop
  endfacet
  facet normal 0 0 1
    outer loop
      vertex 10.810806964313786 26.09959679344385 15
      vertex 9.966791684076185 2.3928149795230302 15
      vertex 10.123805491100162 1.6034532666623664 15
    endloop
  endfacet
  facet normal 0 0 1
    outer loop
      vertex 10.810806964313786 26.09959679344385 15
      vertex 9.748329292025323 3.1674241923432107 15
      vertex 9.966791684076185 2.3928149795230302 15
    endloop
  endfacet
  facet normal 0 0 1
    outer loop
      vertex 6.594831528929327 27.469450251234363 15
      vertex 7.247844507162113 7.247844507162113 15
      vertex 7.794161147400317 6.6568424953843826 15
    endloop
  endfacet
  facet normal 0 0 1
    outer loop
      vertex 8.729730091092264 26.867346585338087 15
      vertex 7.794161147400317 6.6568424953843826 15
      vertex 8.292424192343212 6.024798835997849 15
    endloop
  endfacet
  facet normal 0 0 1
    outer loop
      vertex 8.729730091092264 26.867346585338087 15
      vertex 8.292424192343212 6.024798835997849 15
      vertex 8.739561684629445 5.355610288338475 15
    endloop
  endfacet
  facet normal 0 0 1
    outer loop
      vertex 8.729730091092264 26.867346585338087 15
      vertex 9.46976520824069 3.9225051817421703 15
      vertex 9.748329292025323 3.1674241923432107 15
    endloop
  endfacet
  facet normal 0 0 1
    outer loop
      vertex 8.729730091092264 26.867346585338087 15
      vertex 9.132816872930771 4.653402622330354 15
      vertex 9.46976520824069 3.9225051817421703 15
    endloop
  endfacet
  facet normal 0 0 1
    outer loop
      vertex 8.729730091092264 26.867346585338087 15
      vertex 8.739561684629445 5.355610288338475 15
      vertex 9.132816872930771 4.653402622330354 15
    endloop
  endfacet
  facet normal 0 0 1
    outer loop
      vertex 12.825231617642196 -25.170934308321392 15
      vertex 12.825231617642196 25.170934308321392 15
      vertex 10.810806964313786 26.09959679344385 15
    endloop
  endfacet
  facet normal 0 0 1
    outer loop
      vertex 14.760584453225553 -24.087084643003102 15
      vertex 14.760584453225553 24.087084643003102 15
      vertex 12.825231617642196 25.170934308321392 15
    endloop
  endfacet
  facet normal 0.039259815759069554 0.9992290362407229 0
    outer loop
      vertex 2.2164694543116195 28.162914677960863 2.5
      vertex 0 28.25 15
      vertex 2.2164694543116195 28.162914677960863 15
    endloop
  endfacet
  facet normal 0.1175373974578365 0.9930684569549265 0
    outer loop
      vertex 4.419273637386522 27.90219562181264 2.5
      vertex 2.2164694543116195 28.162914677960863 15
      vertex 4.419273637386522 27.90219562181264 15
    endloop
  endfacet
  facet normal 0.19509032201612883 0.9807852804032303 0
    outer loop
      vertex 6.594831528929327 27.469450251234363 2.5
      vertex 4.419273637386522 27.90219562181264 15
      vertex 6.594831528929327 27.469450251234363 15
    endloop
  endfacet
  facet normal 0.27144044986507454 0.9624552364536472 0
    outer loop
      vertex 8.729730091092264 26.867346585338087 2.5
      vertex 6.594831528929327 27.469450251234363 15
      vertex 8.729730091092264 26.867346585338087 15
    endloop
  endfacet
  facet normal 0.3461170570774923 0.9381913359224844 0
    outer loop
      vertex 10.810806964313786 26.09959679344385 2.5
      vertex 8.729730091092264 26.867346585338087 15
      vertex 10.810806964313786 26.09959679344385 15
    endloop
  endfacet
  facet normal 0.4886212414969563 0.8724960070727963 0
    outer loop
      vertex 14.760584453225553 24.087084643003102 2.5
      vertex 12.825231617642196 25.170934308321392 15
      vertex 14.760584453225553 24.087084643003102 15
    endloop
  endfacet
  facet normal 0.4186597375374282 0.9081431738250811 0
    outer loop
      vertex 12.825231617642196 25.170934308321392 2.5
      vertex 10.810806964313786 26.09959679344385 15
      vertex 12.825231617642196 25.170934308321392 15
    endloop
  endfacet
  facet normal 0 0 1
    outer loop
      vertex 0 28.25 15
      vertex 0 10.25 15
      vertex 0.8042057312104107 10.218402670764561 15
    endloop
  endfacet
  facet normal 0 0 1
    outer loop
      vertex 2.2164694543116195 28.162914677960863 15
      vertex 0.8042057312104107 10.218402670764561 15
      vertex 1.6034532666623664 10.123805491100162 15
    endloop
  endfacet
  facet normal 0 0 1
    outer loop
      vertex 2.2164694543116195 28.162914677960863 15
      vertex 1.6034532666623664 10.123805491100162 15
      vertex 2.3928149795230302 9.966791684076185 15
    endloop
  endfacet
  facet normal 0 0 1
    outer loop
      vertex 2.2164694543116195 28.162914677960863 15
      vertex 2.3928149795230302 9.966791684076185 15
      vertex 3.1674241923432107 9.748329292025323 15
    endloop
  endfacet
  facet normal 0 0 1
    outer loop
      vertex 4.419273637386522 27.90219562181264 15
      vertex 3.1674241923432107 9.748329292025323 15
      vertex 3.9225051817421703 9.46976520824069 15
    endloop
  endfacet
  facet normal 0 0 1
    outer loop
      vertex 4.419273637386522 27.90219562181264 15
      vertex 3.9225051817421703 9.46976520824069 15
      vertex 4.653402622330354 9.132816872930771 15
    endloop
  endfacet
  facet normal 0 0 1
    outer loop
      vertex 4.419273637386522 27.90219562181264 15
      vertex 4.653402622330354 9.132816872930771 15
      vertex 5.355610288338475 8.739561684629445 15
    endloop
  endfacet
  facet normal 0 0 1
    outer loop
      vertex 6.594831528929327 27.469450251234363 15
      vertex 5.355610288338475 8.739561684629445 15
      vertex 6.024798835997849 8.292424192343212 15
    endloop
  endfacet
  facet normal 0 0 1
    outer loop
      vertex 6.594831528929327 27.469450251234363 15
      vertex 6.024798835997849 8.292424192343212 15
      vertex 6.6568424953843826 7.794161147400317 15
    endloop
  endfacet
  facet normal 0 0 1
    outer loop
      vertex 6.594831528929327 27.469450251234363 15
      vertex 6.6568424953843826 7.794161147400317 15
      vertex 7.247844507162113 7.247844507162113 15
    endloop
  endfacet
  facet normal 0 0 1
    outer loop
      vertex 0 28.25 15
      vertex 0.8042057312104107 10.218402670764561 15
      vertex 2.2164694543116195 28.162914677960863 15
    endloop
  endfacet
  facet normal 0 0 1
    outer loop
      vertex 2.2164694543116195 28.162914677960863 15
      vertex 3.1674241923432107 9.748329292025323 15
      vertex 4.419273637386522 27.90219562181264 15
    endloop
  endfacet
  facet normal 0 0 1
    outer loop
      vertex 4.419273637386522 27.90219562181264 15
      vertex 5.355610288338475 8.739561684629445 15
      vertex 6.594831528929327 27.469450251234363 15
    endloop
  endfacet
  facet normal 0 0 1
    outer loop
      vertex 6.594831528929327 27.469450251234363 15
      vertex 7.794161147400317 6.6568424953843826 15
      vertex 8.729730091092264 26.867346585338087 15
    endloop
  endfacet
  facet normal 0 0 1
    outer loop
      vertex 8.729730091092264 26.867346585338087 15
      vertex 9.748329292025323 3.1674241923432107 15
      vertex 10.810806964313786 26.09959679344385 15
    endloop
  endfacet
  facet normal 0.9992290362407229 0.039259815759069554 0
    outer loop
      vertex 28.162914677960863 2.2164694543116195 2.5
      vertex 28.162914677960863 2.2164694543116195 15
      vertex 28.25 0 15
    endloop
  endfacet
  facet normal 0.9930684569549265 0.1175373974578365 0
    outer loop
      vertex 27.90219562181264 4.419273637386522 2.5
      vertex 27.90219562181264 4.419273637386522 15
      vertex 28.162914677960863 2.2164694543116195 15
    endloop
  endfacet
  facet normal 0.9807852804032303 0.19509032201612883 0
    outer loop
      vertex 27.469450251234363 6.594831528929327 2.5
      vertex 27.469450251234363 6.594831528929327 15
      vertex 27.90219562181264 4.419273637386522 15
    endloop
  endfacet
  facet normal 0.8724960070727963 0.4886212414969563 0
    outer loop
      vertex 24.087084643003102 14.760584453225553 2.5
      vertex 24.087084643003102 14.760584453225553 15
      vertex 25.170934308321392 12.825231617642196 15
    endloop
  endfacet
  facet normal 0.9381913359224844 0.3461170570774923 0
    outer loop
      vertex 26.09959679344385 10.810806964313786 2.5
      vertex 26.09959679344385 10.810806964313786 15
      vertex 26.867346585338087 8.729730091092264 15
    endloop
  endfacet
  facet normal 0.9624552364536472 0.27144044986507454 0
    outer loop
      vertex 26.867346585338087 8.729730091092264 2.5
      vertex 26.867346585338087 8.729730091092264 15
      vertex 27.469450251234363 6.594831528929327 15
    endloop
  endfacet
  facet normal 0.9081431738250811 0.4186597375374282 0
    outer loop
      vertex 25.170934308321392 12.825231617642196 2.5
      vertex 25.170934308321392 12.825231617642196 15
      vertex 26.09959679344385 10.810806964313786 15
    endloop
  endfacet
  facet normal 0 0 1
    outer loop
      vertex 21.481468528200875 -18.346907365327688 15
      vertex 21.481468528200875 18.346907365327688 15
      vertex 19.97576656851997 19.97576656851997 15
    endloop
  endfacet
  facet normal 0 0 1
    outer loop
      vertex 16.604933377262366 -22.854730091092264 15
      vertex 16.604933377262366 22.854730091092264 15
      vertex 14.760584453225553 24.087084643003102 15
    endloop
  endfacet
  facet normal 0 0 1
    outer loop
      vertex 18.346907365327688 -21.481468528200875 15
      vertex 18.346907365327688 21.481468528200875 15
      vertex 16.604933377262366 22.854730091092264 15
    endloop
  endfacet
  facet normal 0 0 1
    outer loop
      vertex 19.97576656851997 -19.97576656851997 15
      vertex 19.97576656851997 19.97576656851997 15
      vertex 18.346907365327688 21.481468528200875 15
    endloop
  endfacet
  facet normal 0 0 1
    outer loop
      vertex 22.854730091092264 -16.604933377262366 15
      vertex 22.854730091092264 16.604933377262366 15
      vertex 21.481468528200875 18.346907365327688 15
    endloop
  endfacet
  facet normal 0 0 1
    outer loop
      vertex 24.087084643003102 -14.760584453225553 15
      vertex 24.087084643003102 14.760584453225553 15
      vertex 22.854730091092264 16.604933377262366 15
    endloop
  endfacet
  facet normal 0 0 1
    outer loop
      vertex 28.162914677960863 -2.2164694543116195 15
      vertex 28.25 0 15
      vertex 28.162914677960863 2.2164694543116195 15
    endloop
  endfacet
  facet normal 0 0 1
    outer loop
      vertex 28.162914677960863 -2.2164694543116195 15
      vertex 28.162914677960863 2.2164694543116195 15
      vertex 27.90219562181264 4.419273637386522 15
    endloop
  endfacet
  facet normal 0 0 1
    outer loop
      vertex 27.469450251234363 -6.594831528929327 15
      vertex 27.469450251234363 6.594831528929327 15
      vertex 26.867346585338087 8.729730091092264 15
    endloop
  endfacet
  facet normal 0 0 1
    outer loop
      vertex 27.90219562181264 -4.419273637386522 15
      vertex 27.90219562181264 4.419273637386522 15
      vertex 27.469450251234363 6.594831528929327 15
    endloop
  endfacet
  facet normal 0 0 1
    outer loop
      vertex 25.170934308321392 -12.825231617642196 15
      vertex 25.170934308321392 12.825231617642196 15
      vertex 24.087084643003102 14.760584453225553 15
    endloop
  endfacet
  facet normal 0 0 1
    outer loop
      vertex 26.09959679344385 -10.810806964313786 15
      vertex 26.09959679344385 10.810806964313786 15
      vertex 25.170934308321392 12.825231617642196 15
    endloop
  endfacet
  facet normal 0 0 1
    outer loop
      vertex 26.867346585338087 -8.729730091092264 15
      vertex 26.867346585338087 8.729730091092264 15
      vertex 26.09959679344385 10.810806964313786 15
    endloop
  endfacet
  facet normal 0.6788007455329411 0.734322509435686 0
    outer loop
      vertex 19.97576656851997 19.97576656851997 2.5
      vertex 18.346907365327688 21.481468528200875 15
      vertex 19.97576656851997 19.97576656851997 15
    endloop
  endfacet
  facet normal 0.734322509435686 0.6788007455329411 0
    outer loop
      vertex 19.97576656851997 19.97576656851997 2.5
      vertex 19.97576656851997 19.97576656851997 15
      vertex 21.481468528200875 18.346907365327688 15
    endloop
  endfacet
  facet normal 0.5555702330196007 0.8314696123025462 0
    outer loop
      vertex 16.604933377262366 22.854730091092264 2.5
      vertex 14.760584453225553 24.087084643003102 15
      vertex 16.604933377262366 22.854730091092264 15
    endloop
  endfacet
  facet normal 0.6190939493098339 0.7853169308807452 0
    outer loop
      vertex 18.346907365327688 21.481468528200875 2.5
      vertex 16.604933377262366 22.854730091092264 15
      vertex 18.346907365327688 21.481468528200875 15
    endloop
  endfacet
  facet normal 0.8314696123025462 0.5555702330196007 0
    outer loop
      vertex 22.854730091092264 16.604933377262366 2.5
      vertex 22.854730091092264 16.604933377262366 15
      vertex 24.087084643003102 14.760584453225553 15
    endloop
  endfacet
  facet normal 0.7853169308807452 0.6190939493098339 0
    outer loop
      vertex 21.481468528200875 18.346907365327688 2.5
      vertex 21.481468528200875 18.346907365327688 15
      vertex 22.854730091092264 16.604933377262366 15
    endloop
  endfacet
endsolid OpenSCAD_Model
