solid OpenSCAD_Model
  facet normal -0.9820668375141247 -0.18201532972377926 -0.0491441390254204
    outer loop
      vertex 1.8393360748020884 387.5511610081322 -54.666666666666664
      vertex 1.8870397741087492 387.29377487924455 -54.666666666666664
      vertex 1.8870397741087492 360.29377487924455 45.333333333333336
    endloop
  endfacet
  facet normal -0.9908297452376409 -0.13044521064441145 -0.03522020687399109
    outer loop
      vertex 1.805168300936411 387.8106910169951 -54.666666666666664
      vertex 1.8393360748020884 387.5511610081322 -54.666666666666664
      vertex 1.8393360748020884 360.5511610081322 45.333333333333336
    endloop
  endfacet
  facet normal -0.9704441350512727 -0.23298302369972185 -0.0629054163989249
    outer loop
      vertex 1.9481486463324371 387.0392381078208 -54.666666666666664
      vertex 1.9481486463324371 360.0392381078208 45.333333333333336
      vertex 1.8870397741087492 387.29377487924455 -54.666666666666664
    endloop
  endfacet
  facet normal -0.9560129581752091 -0.2831839395700747 -0.07645966368392018
    outer loop
      vertex 1.9481486463324371 387.0392381078208 -54.666666666666664
      vertex 2.0224951963020095 386.7882483614586 -54.666666666666664
      vertex 2.0224951963020095 359.7882483614586 45.333333333333336
    endloop
  endfacet
  facet normal -0.9388361064848212 -0.33245930186871286 -0.08976401150455246
    outer loop
      vertex 2.0224951963020095 386.7882483614586 -54.666666666666664
      vertex 2.109875645291768 386.5414935856069 -54.666666666666664
      vertex 2.109875645291768 359.5414935856069 45.333333333333336
    endloop
  endfacet
  facet normal -0.9189870225541811 -0.3806568883867716 -0.10277735986442832
    outer loop
      vertex 2.109875645291768 386.5414935856069 -54.666666666666664
      vertex 2.2100504895647743 386.29965011795434 -54.666666666666664
      vertex 2.2100504895647743 359.29965011795434 45.333333333333336
    endloop
  endfacet
  facet normal -0.8965488483574133 -0.4276318645351929 -0.1154606034245021
    outer loop
      vertex 2.2100504895647743 386.29965011795434 -54.666666666666664
      vertex 2.3227451568359383 386.0633808346356 -54.666666666666664
      vertex 2.3227451568359383 359.0633808346356 45.333333333333336
    endloop
  endfacet
  facet normal -0.8716134021061379 -0.47324746455483646 -0.12777681542980585
    outer loop
      vertex 2.3227451568359383 386.0633808346356 -54.666666666666664
      vertex 2.447650758855585 385.83333333333337 -54.666666666666664
      vertex 2.447650758855585 358.83333333333337 45.333333333333336
    endloop
  endfacet
  facet normal -0.8442801041503677 -0.5173755132341767 -0.13969138857322771
    outer loop
      vertex 2.447650758855585 385.83333333333337 -54.666666666666664
      vertex 2.584424938050657 385.6101381582582 -54.666666666666664
      vertex 2.584424938050657 358.6101381582582 45.333333333333336
    endloop
  endfacet
  facet normal -0.8146548803791426 -0.5598967871164844 -0.15117213252145079
    outer loop
      vertex 2.584424938050657 385.6101381582582 -54.666666666666664
      vertex 2.7326928059030413 385.394407071871 -54.666666666666664
      vertex 2.7326928059030413 358.394407071871 45.333333333333336
    endloop
  endfacet
  facet normal -0.7828490702758762 -0.6007012191369068 -0.16218932916696482
    outer loop
      vertex 2.7326928059030413 385.394407071871 -54.666666666666664
      vertex 2.892047970492924 385.1867313780842 -54.666666666666664
      vertex 2.892047970492924 358.1867313780842 45.333333333333336
    endloop
  endfacet
  facet normal -0.7131617947340884 -0.6767652735374136 -0.18272662385510166
    outer loop
      vertex 3.0620536503908076 384.98768030153906 -54.666666666666664
      vertex 3.24224387184504 384.7977994274006 -54.666666666666664
      vertex 3.24224387184504 357.7977994274006 45.333333333333336
    endloop
  endfacet
  facet normal -0.7489783645946944 -0.6396879550302994 -0.17271574785818083
    outer loop
      vertex 2.892047970492924 385.1867313780842 -54.666666666666664
      vertex 3.0620536503908076 384.98768030153906 -54.666666666666664
      vertex 3.0620536503908076 357.98768030153906 45.333333333333336
    endloop
  endfacet
  facet normal -0.6755207924937185 -0.7118503853440112 -0.19219960404288305
    outer loop
      vertex 3.24224387184504 384.7977994274006 -54.666666666666664
      vertex 3.4321247459834856 384.6176092059464 -54.666666666666664
      vertex 3.4321247459834856 357.6176092059464 45.333333333333336
    endloop
  endfacet
  facet normal -0.6361783352288084 -0.7448691277728519 -0.20111466449867002
    outer loop
      vertex 3.631175822528591 384.4476035260485 -54.666666666666664
      vertex 3.631175822528591 357.4476035260485 45.333333333333336
      vertex 3.4321247459834856 384.6176092059464 -54.666666666666664
    endloop
  endfacet
  facet normal -0.5952581876536694 -0.7757555735416586 -0.20945400485624782
    outer loop
      vertex 3.631175822528591 384.4476035260485 -54.666666666666664
      vertex 3.838851516315411 384.2882483614586 -54.666666666666664
      vertex 3.838851516315411 357.2882483614586 45.333333333333336
    endloop
  endfacet
  facet normal -0.5528842478663094 -0.8044515724562613 -0.21720192456319054
    outer loop
      vertex 3.838851516315411 384.2882483614586 -54.666666666666664
      vertex 4.054582602702642 384.13998049360623 -54.666666666666664
      vertex 4.054582602702642 357.13998049360623 45.333333333333336
    endloop
  endfacet
  facet normal -0.5091800016986211 -0.8309062448241407 -0.22434468610251798
    outer loop
      vertex 4.054582602702642 384.13998049360623 -54.666666666666664
      vertex 4.277777777777778 384.00320631441116 -54.666666666666664
      vertex 4.277777777777778 357.00320631441116 45.333333333333336
    endloop
  endfacet
  facet normal -0.46426808634838257 -0.8550754447510737 -0.2308703700827899
    outer loop
      vertex 4.277777777777778 384.00320631441116 -54.666666666666664
      vertex 4.507825279080044 383.87830071239154 -54.666666666666664
      vertex 4.507825279080044 356.87830071239154 45.333333333333336
    endloop
  endfacet
  facet normal -0.41826996148422085 -0.8769212104405516 -0.23676872681894895
    outer loop
      vertex 4.507825279080044 383.87830071239154 -54.666666666666664
      vertex 4.744094562398776 383.76560604512036 -54.666666666666664
      vertex 4.744094562398776 356.76560604512036 45.333333333333336
    endloop
  endfacet
  facet normal -0.9966937206877353 -0.07844149699950151 -0.021179204189865408
    outer loop
      vertex 1.805168300936411 387.8106910169951 -54.666666666666664
      vertex 1.805168300936411 360.8106910169951 45.333333333333336
      vertex 1.7846301040049086 388.0716535521187 -54.666666666666664
    endloop
  endfacet
  facet normal -0.9996323577407564 -0.026176294517824415 -0.007067599519812607
    outer loop
      vertex 1.7846301040049086 388.0716535521187 -54.666666666666664
      vertex 1.7846301040049086 361.0716535521186 45.333333333333336
      vertex 1.7777777777777777 388.33333333333337 -54.666666666666664
    endloop
  endfacet
  facet normal -1 0 0
    outer loop
      vertex 1.7777777777777777 388.33333333333337 -54.666666666666664
      vertex 1.7777777777777777 361.33333333333337 45.333333333333336
      vertex 1.7777777777777777 403.83333333333337 -42.666666666666664
    endloop
  endfacet
  facet normal -0.3713056836568124 -0.8964112172705421 -0.24203102866304635
    outer loop
      vertex 4.744094562398776 383.76560604512036 -54.666666666666664
      vertex 4.985938030051277 383.66543120084737 -54.666666666666664
      vertex 4.985938030051277 356.66543120084737 45.333333333333336
    endloop
  endfacet
  facet normal -0.32349377791732264 -0.9135182478726755 -0.2466499269256224
    outer loop
      vertex 4.985938030051277 383.66543120084737 -54.666666666666664
      vertex 5.232692805903041 383.57805075185763 -54.666666666666664
      vertex 5.232692805903041 356.57805075185763 45.333333333333336
    endloop
  endfacet
  facet normal -0.2749511989976268 -0.9282196917890546 -0.2506193167830447
    outer loop
      vertex 5.232692805903041 383.57805075185763 -54.666666666666664
      vertex 5.483682552265175 383.503704201888 -54.666666666666664
      vertex 5.483682552265175 356.503704201888 45.333333333333336
    endloop
  endfacet
  facet normal -0.22579337322862164 -0.9404970855975899 -0.2539342131113493
    outer loop
      vertex 5.483682552265175 383.503704201888 -54.666666666666664
      vertex 5.738219323688981 383.44259532966436 -54.666666666666664
      vertex 5.483682552265175 356.503704201888 45.333333333333336
    endloop
  endfacet
  facet normal -0.17613431151063166 -0.9503357027420921 -0.2565906397403649
    outer loop
      vertex 5.738219323688981 383.44259532966436 -54.666666666666664
      vertex 5.995605452576624 383.3948916303577 -54.666666666666664
      vertex 5.995605452576624 356.3948916303577 45.333333333333336
    endloop
  endfacet
  facet normal -0.12608678302522358 -0.9577242007233984 -0.25858553419531755
    outer loop
      vertex 5.995605452576624 383.3948916303577 -54.666666666666664
      vertex 6.255135461439511 383.360723856492 -54.666666666666664
      vertex 6.255135461439511 356.360723856492 45.333333333333336
    endloop
  endfacet
  facet normal -0.07576253899547021 -0.9626543318111236 -0.25991666958900334
    outer loop
      vertex 6.255135461439511 383.360723856492 -54.666666666666664
      vertex 6.516097996563058 383.3401856595605 -54.666666666666664
      vertex 6.516097996563058 356.3401856595605 45.333333333333336
    endloop
  endfacet
  facet normal -0.025272575532495626 -0.9651207220514202 -0.2605825949538834
    outer loop
      vertex 6.516097996563058 383.3401856595605 -54.666666666666664
      vertex 6.777777777777778 383.33333333333337 -54.666666666666664
      vertex 6.777777777777778 356.33333333333337 45.333333333333336
    endloop
  endfacet
  facet normal -1 0 0
    outer loop
      vertex 1.7777777777777777 388.33333333333337 -54.666666666666664
      vertex 1.7777777777777777 403.83333333333337 -42.666666666666664
      vertex 1.7777777777777777 488.83333333333337 -42.666666666666664
    endloop
  endfacet
  facet normal 0 0 -1
    outer loop
      vertex 2.0224951963020095 386.7882483614586 -54.666666666666664
      vertex 25.77777777777778 388.33333333333337 -54.666666666666664
      vertex 2.109875645291768 386.5414935856069 -54.666666666666664
    endloop
  endfacet
  facet normal 0 0 -1
    outer loop
      vertex 1.805168300936411 387.8106910169951 -54.666666666666664
      vertex 25.77777777777778 388.33333333333337 -54.666666666666664
      vertex 1.8393360748020884 387.5511610081322 -54.666666666666664
    endloop
  endfacet
  facet normal 0 0 -1
    outer loop
      vertex 1.8393360748020884 387.5511610081322 -54.666666666666664
      vertex 25.77777777777778 388.33333333333337 -54.666666666666664
      vertex 1.8870397741087492 387.29377487924455 -54.666666666666664
    endloop
  endfacet
  facet normal 0 0 -1
    outer loop
      vertex 1.805168300936411 387.8106910169951 -54.666666666666664
      vertex 1.7846301040049086 388.0716535521187 -54.666666666666664
      vertex 25.77777777777778 388.33333333333337 -54.666666666666664
    endloop
  endfacet
  facet normal 0 0 -1
    outer loop
      vertex 1.7846301040049086 388.0716535521187 -54.666666666666664
      vertex 1.7777777777777777 388.33333333333337 -54.666666666666664
      vertex 25.77777777777778 388.33333333333337 -54.666666666666664
    endloop
  endfacet
  facet normal 0 0 -1
    outer loop
      vertex 1.9481486463324371 387.0392381078208 -54.666666666666664
      vertex 1.8870397741087492 387.29377487924455 -54.666666666666664
      vertex 25.77777777777778 388.33333333333337 -54.666666666666664
    endloop
  endfacet
  facet normal 0 0 -1
    outer loop
      vertex 1.9481486463324371 387.0392381078208 -54.666666666666664
      vertex 25.77777777777778 388.33333333333337 -54.666666666666664
      vertex 2.0224951963020095 386.7882483614586 -54.666666666666664
    endloop
  endfacet
  facet normal 0 0 -1
    outer loop
      vertex 2.109875645291768 386.5414935856069 -54.666666666666664
      vertex 25.77777777777778 388.33333333333337 -54.666666666666664
      vertex 2.2100504895647743 386.29965011795434 -54.666666666666664
    endloop
  endfacet
  facet normal 0 0 -1
    outer loop
      vertex 2.2100504895647743 386.29965011795434 -54.666666666666664
      vertex 25.77777777777778 388.33333333333337 -54.666666666666664
      vertex 2.3227451568359383 386.0633808346356 -54.666666666666664
    endloop
  endfacet
  facet normal 0 0 -1
    outer loop
      vertex 2.3227451568359383 386.0633808346356 -54.666666666666664
      vertex 25.77777777777778 388.33333333333337 -54.666666666666664
      vertex 2.447650758855585 385.83333333333337 -54.666666666666664
    endloop
  endfacet
  facet normal 0 0 -1
    outer loop
      vertex 2.447650758855585 385.83333333333337 -54.666666666666664
      vertex 25.77777777777778 388.33333333333337 -54.666666666666664
      vertex 2.584424938050657 385.6101381582582 -54.666666666666664
    endloop
  endfacet
  facet normal 0 0 -1
    outer loop
      vertex 2.584424938050657 385.6101381582582 -54.666666666666664
      vertex 25.77777777777778 388.33333333333337 -54.666666666666664
      vertex 2.7326928059030413 385.394407071871 -54.666666666666664
    endloop
  endfacet
  facet normal 0 0 -1
    outer loop
      vertex 2.7326928059030413 385.394407071871 -54.666666666666664
      vertex 25.77777777777778 388.33333333333337 -54.666666666666664
      vertex 2.892047970492924 385.1867313780842 -54.666666666666664
    endloop
  endfacet
  facet normal 0 0 -1
    outer loop
      vertex 2.892047970492924 385.1867313780842 -54.666666666666664
      vertex 25.77777777777778 388.33333333333337 -54.666666666666664
      vertex 3.0620536503908076 384.98768030153906 -54.666666666666664
    endloop
  endfacet
  facet normal 0 0 -1
    outer loop
      vertex 3.0620536503908076 384.98768030153906 -54.666666666666664
      vertex 25.77777777777778 388.33333333333337 -54.666666666666664
      vertex 3.24224387184504 384.7977994274006 -54.666666666666664
    endloop
  endfacet
  facet normal 0 0 -1
    outer loop
      vertex 3.631175822528591 384.4476035260485 -54.666666666666664
      vertex 3.4321247459834856 384.6176092059464 -54.666666666666664
      vertex 25.77777777777778 388.33333333333337 -54.666666666666664
    endloop
  endfacet
  facet normal 0 0 -1
    outer loop
      vertex 3.24224387184504 384.7977994274006 -54.666666666666664
      vertex 25.77777777777778 388.33333333333337 -54.666666666666664
      vertex 3.4321247459834856 384.6176092059464 -54.666666666666664
    endloop
  endfacet
  facet normal 0 0 -1
    outer loop
      vertex 3.631175822528591 384.4476035260485 -54.666666666666664
      vertex 25.77777777777778 388.33333333333337 -54.666666666666664
      vertex 3.838851516315411 384.2882483614586 -54.666666666666664
    endloop
  endfacet
  facet normal 0 0 -1
    outer loop
      vertex 3.838851516315411 384.2882483614586 -54.666666666666664
      vertex 25.77777777777778 388.33333333333337 -54.666666666666664
      vertex 4.054582602702642 384.13998049360623 -54.666666666666664
    endloop
  endfacet
  facet normal 0 0 -1
    outer loop
      vertex 4.054582602702642 384.13998049360623 -54.666666666666664
      vertex 25.77777777777778 388.33333333333337 -54.666666666666664
      vertex 4.277777777777778 384.00320631441116 -54.666666666666664
    endloop
  endfacet
  facet normal 0 0 -1
    outer loop
      vertex 4.277777777777778 384.00320631441116 -54.666666666666664
      vertex 25.77777777777778 388.33333333333337 -54.666666666666664
      vertex 4.507825279080044 383.87830071239154 -54.666666666666664
    endloop
  endfacet
  facet normal 0 0 -1
    outer loop
      vertex 4.507825279080044 383.87830071239154 -54.666666666666664
      vertex 25.77777777777778 388.33333333333337 -54.666666666666664
      vertex 4.744094562398776 383.76560604512036 -54.666666666666664
    endloop
  endfacet
  facet normal 0 0 -1
    outer loop
      vertex 4.744094562398776 383.76560604512036 -54.666666666666664
      vertex 25.77777777777778 388.33333333333337 -54.666666666666664
      vertex 4.985938030051277 383.66543120084737 -54.666666666666664
    endloop
  endfacet
  facet normal 0 0 -1
    outer loop
      vertex 4.985938030051277 383.66543120084737 -54.666666666666664
      vertex 25.77777777777778 388.33333333333337 -54.666666666666664
      vertex 5.232692805903041 383.57805075185763 -54.666666666666664
    endloop
  endfacet
  facet normal 0 0 -1
    outer loop
      vertex 5.232692805903041 383.57805075185763 -54.666666666666664
      vertex 25.77777777777778 388.33333333333337 -54.666666666666664
      vertex 5.483682552265175 383.503704201888 -54.666666666666664
    endloop
  endfacet
  facet normal 0 0 -1
    outer loop
      vertex 5.483682552265175 383.503704201888 -54.666666666666664
      vertex 25.77777777777778 388.33333333333337 -54.666666666666664
      vertex 5.738219323688981 383.44259532966436 -54.666666666666664
    endloop
  endfacet
  facet normal 0 0 -1
    outer loop
      vertex 5.738219323688981 383.44259532966436 -54.666666666666664
      vertex 25.77777777777778 388.33333333333337 -54.666666666666664
      vertex 5.995605452576624 383.3948916303577 -54.666666666666664
    endloop
  endfacet
  facet normal 0 0 -1
    outer loop
      vertex 5.995605452576624 383.3948916303577 -54.666666666666664
      vertex 25.77777777777778 388.33333333333337 -54.666666666666664
      vertex 6.255135461439511 383.360723856492 -54.666666666666664
    endloop
  endfacet
  facet normal 0 0 -1
    outer loop
      vertex 6.255135461439511 383.360723856492 -54.666666666666664
      vertex 25.77777777777778 388.33333333333337 -54.666666666666664
      vertex 6.516097996563058 383.3401856595605 -54.666666666666664
    endloop
  endfacet
  facet normal 0 0 -1
    outer loop
      vertex 6.516097996563058 383.3401856595605 -54.666666666666664
      vertex 25.77777777777778 388.33333333333337 -54.666666666666664
      vertex 6.777777777777778 383.33333333333337 -54.666666666666664
    endloop
  endfacet
  facet normal 0 0 1
    outer loop
      vertex 9.53360225507084 396.11090551930084 -17.666666666666664
      vertex 9.53360225507084 396.5557611473659 -17.666666666666664
      vertex 9.527777777777779 396.33333333333337 -17.666666666666664
    endloop
  endfacet
  facet normal 0 0 1
    outer loop
      vertex 9.551059722462616 395.88908736444586 -17.666666666666664
      vertex 9.551059722462616 396.7775793022209 -17.666666666666664
      vertex 9.53360225507084 396.11090551930084 -17.666666666666664
    endloop
  endfacet
  facet normal 0 0 1
    outer loop
      vertex 9.53360225507084 396.11090551930084 -17.666666666666664
      vertex 9.551059722462616 396.7775793022209 -17.666666666666664
      vertex 9.53360225507084 396.5557611473659 -17.666666666666664
    endloop
  endfacet
  facet normal 0 0 1
    outer loop
      vertex 9.580102330248442 395.6684868569124 -17.666666666666664
      vertex 9.580102330248442 396.99817980975433 -17.666666666666664
      vertex 9.551059722462616 395.88908736444586 -17.666666666666664
    endloop
  endfacet
  facet normal 0 0 1
    outer loop
      vertex 9.580102330248442 395.6684868569124 -17.666666666666664
      vertex 9.620650474659104 395.4497086473579 -17.666666666666664
      vertex 9.620650474659104 397.21695801930883 -17.666666666666664
    endloop
  endfacet
  facet normal 0 0 1
    outer loop
      vertex 9.551059722462616 395.88908736444586 -17.666666666666664
      vertex 9.580102330248442 396.99817980975433 -17.666666666666664
      vertex 9.551059722462616 396.7775793022209 -17.666666666666664
    endloop
  endfacet
  facet normal 0 0 1
    outer loop
      vertex 9.580102330248442 395.6684868569124 -17.666666666666664
      vertex 9.620650474659104 397.21695801930883 -17.666666666666664
      vertex 9.580102330248442 396.99817980975433 -17.666666666666664
    endloop
  endfacet
  facet normal 0 0 1
    outer loop
      vertex 9.620650474659104 395.4497086473579 -17.666666666666664
      vertex 9.672593016049237 397.4333142750191 -17.666666666666664
      vertex 9.620650474659104 397.21695801930883 -17.666666666666664
    endloop
  endfacet
  facet normal 0 0 1
    outer loop
      vertex 9.620650474659104 395.4497086473579 -17.666666666666664
      vertex 9.672593016049237 395.23335239164766 -17.666666666666664
      vertex 9.672593016049237 397.4333142750191 -17.666666666666664
    endloop
  endfacet
  facet normal 0 0 1
    outer loop
      vertex 9.672593016049237 395.23335239164766 -17.666666666666664
      vertex 9.735787583523376 395.02001110723984 -17.666666666666664
      vertex 9.735787583523376 397.6466555594269 -17.666666666666664
    endloop
  endfacet
  facet normal 0 0 1
    outer loop
      vertex 9.672593016049237 395.23335239164766 -17.666666666666664
      vertex 9.735787583523376 397.6466555594269 -17.666666666666664
      vertex 9.672593016049237 397.4333142750191 -17.666666666666664
    endloop
  endfacet
  facet normal 0 0 1
    outer loop
      vertex 9.735787583523376 395.02001110723984 -17.666666666666664
      vertex 9.81006096516467 394.81026954776587 -17.666666666666664
      vertex 9.81006096516467 397.8563971189009 -17.666666666666664
    endloop
  endfacet
  facet normal 0 0 1
    outer loop
      vertex 9.735787583523376 395.02001110723984 -17.666666666666664
      vertex 9.81006096516467 397.8563971189009 -17.666666666666664
      vertex 9.735787583523376 397.6466555594269 -17.666666666666664
    endloop
  endfacet
  facet normal 0 0 1
    outer loop
      vertex 9.81006096516467 394.81026954776587 -17.666666666666664
      vertex 9.895209582796724 398.0619640664055 -17.666666666666664
      vertex 9.81006096516467 397.8563971189009 -17.666666666666664
    endloop
  endfacet
  facet normal 0 0 1
    outer loop
      vertex 9.81006096516467 394.81026954776587 -17.666666666666664
      vertex 9.895209582796724 394.60470260026125 -17.666666666666664
      vertex 9.895209582796724 398.0619640664055 -17.666666666666664
    endloop
  endfacet
  facet normal 0 0 1
    outer loop
      vertex 9.895209582796724 394.60470260026125 -17.666666666666664
      vertex 9.991000049977213 398.26279295722645 -17.666666666666664
      vertex 9.895209582796724 398.0619640664055 -17.666666666666664
    endloop
  endfacet
  facet normal 0 0 1
    outer loop
      vertex 9.895209582796724 394.60470260026125 -17.666666666666664
      vertex 9.991000049977213 394.4038737094403 -17.666666666666664
      vertex 9.991000049977213 398.26279295722645 -17.666666666666664
    endloop
  endfacet
  facet normal 0 0 1
    outer loop
      vertex 9.991000049977213 394.4038737094403 -17.666666666666664
      vertex 10.097169811693913 398.45833333333337 -17.666666666666664
      vertex 9.991000049977213 398.26279295722645 -17.666666666666664
    endloop
  endfacet
  facet normal 0 0 1
    outer loop
      vertex 9.991000049977213 394.4038737094403 -17.666666666666664
      vertex 10.097169811693913 394.20833333333337 -17.666666666666664
      vertex 10.097169811693913 398.45833333333337 -17.666666666666664
    endloop
  endfacet
  facet normal 0 0 1
    outer loop
      vertex 10.097169811693913 394.20833333333337 -17.666666666666664
      vertex 10.213427864009727 394.0186174345195 -17.666666666666664
      vertex 10.213427864009727 398.64804923214723 -17.666666666666664
    endloop
  endfacet
  facet normal 0 0 1
    outer loop
      vertex 10.213427864009727 394.0186174345195 -17.666666666666664
      vertex 10.339455551684253 393.83524601109036 -17.666666666666664
      vertex 10.339455551684253 398.8314206555764 -17.666666666666664
    endloop
  endfacet
  facet normal 0 0 1
    outer loop
      vertex 10.339455551684253 393.83524601109036 -17.666666666666664
      vertex 10.474907441585653 393.65872167137155 -17.666666666666664
      vertex 10.474907441585653 399.0079449952952 -17.666666666666664
    endloop
  endfacet
  facet normal 0 0 1
    outer loop
      vertex 10.474907441585653 393.65872167137155 -17.666666666666664
      vertex 10.619412269498852 393.48952825630823 -17.666666666666664
      vertex 10.619412269498852 399.1771384103585 -17.666666666666664
    endloop
  endfacet
  facet normal 0 0 1
    outer loop
      vertex 10.619412269498852 393.48952825630823 -17.666666666666664
      vertex 10.772573957734952 393.32812951329055 -17.666666666666664
      vertex 10.772573957734952 399.3385371533762 -17.666666666666664
    endloop
  endfacet
  facet normal 0 0 1
    outer loop
      vertex 10.097169811693913 394.20833333333337 -17.666666666666664
      vertex 10.213427864009727 398.64804923214723 -17.666666666666664
      vertex 10.097169811693913 398.45833333333337 -17.666666666666664
    endloop
  endfacet
  facet normal 0 0 1
    outer loop
      vertex 10.213427864009727 394.0186174345195 -17.666666666666664
      vertex 10.339455551684253 398.8314206555764 -17.666666666666664
      vertex 10.213427864009727 398.64804923214723 -17.666666666666664
    endloop
  endfacet
  facet normal 0 0 1
    outer loop
      vertex 10.339455551684253 393.83524601109036 -17.666666666666664
      vertex 10.474907441585653 399.0079449952952 -17.666666666666664
      vertex 10.339455551684253 398.8314206555764 -17.666666666666664
    endloop
  endfacet
  facet normal 0 0 1
    outer loop
      vertex 10.474907441585653 393.65872167137155 -17.666666666666664
      vertex 10.619412269498852 399.1771384103585 -17.666666666666664
      vertex 10.474907441585653 399.0079449952952 -17.666666666666664
    endloop
  endfacet
  facet normal 0 0 1
    outer loop
      vertex 10.619412269498852 393.48952825630823 -17.666666666666664
      vertex 10.772573957734952 399.3385371533762 -17.666666666666664
      vertex 10.619412269498852 399.1771384103585 -17.666666666666664
    endloop
  endfacet
  facet normal 0 0 1
    outer loop
      vertex 10.772573957734952 393.32812951329055 -17.666666666666664
      vertex 10.93397270075263 393.17496782505447 -17.666666666666664
      vertex 10.93397270075263 399.4916988416123 -17.666666666666664
    endloop
  endfacet
  facet normal 0 0 1
    outer loop
      vertex 10.93397270075263 393.17496782505447 -17.666666666666664
      vertex 11.10316611581597 393.0304629971412 -17.666666666666664
      vertex 11.10316611581597 399.6362036695255 -17.666666666666664
    endloop
  endfacet
  facet normal 0 0 1
    outer loop
      vertex 11.10316611581597 393.0304629971412 -17.666666666666664
      vertex 11.279690455534766 392.89501110723984 -17.666666666666664
      vertex 11.279690455534766 399.7716555594269 -17.666666666666664
    endloop
  endfacet
  facet normal 0 0 1
    outer loop
      vertex 11.279690455534766 392.89501110723984 -17.666666666666664
      vertex 11.463061878963913 392.7689834195653 -17.666666666666664
      vertex 11.463061878963913 399.89768324710144 -17.666666666666664
    endloop
  endfacet
  facet normal 0 0 1
    outer loop
      vertex 10.772573957734952 393.32812951329055 -17.666666666666664
      vertex 10.93397270075263 399.4916988416123 -17.666666666666664
      vertex 10.772573957734952 399.3385371533762 -17.666666666666664
    endloop
  endfacet
  facet normal 0 0 1
    outer loop
      vertex 10.93397270075263 393.17496782505447 -17.666666666666664
      vertex 11.10316611581597 399.6362036695255 -17.666666666666664
      vertex 10.93397270075263 399.4916988416123 -17.666666666666664
    endloop
  endfacet
  facet normal 0 0 1
    outer loop
      vertex 11.10316611581597 393.0304629971412 -17.666666666666664
      vertex 11.279690455534766 399.7716555594269 -17.666666666666664
      vertex 11.10316611581597 399.6362036695255 -17.666666666666664
    endloop
  endfacet
  facet normal 0 0 1
    outer loop
      vertex 11.279690455534766 392.89501110723984 -17.666666666666664
      vertex 11.463061878963913 399.89768324710144 -17.666666666666664
      vertex 11.279690455534766 399.7716555594269 -17.666666666666664
    endloop
  endfacet
  facet normal 0 0 1
    outer loop
      vertex 11.463061878963913 392.7689834195653 -17.666666666666664
      vertex 11.652777777777779 400.01394129941724 -17.666666666666664
      vertex 11.463061878963913 399.89768324710144 -17.666666666666664
    endloop
  endfacet
  facet normal 0 0 1
    outer loop
      vertex 11.463061878963913 392.7689834195653 -17.666666666666664
      vertex 11.652777777777779 392.6527253672495 -17.666666666666664
      vertex 11.652777777777779 400.01394129941724 -17.666666666666664
    endloop
  endfacet
  facet normal 0 0 1
    outer loop
      vertex 11.652777777777779 392.6527253672495 -17.666666666666664
      vertex 11.848318153884705 392.54655560553283 -17.666666666666664
      vertex 11.848318153884705 400.1201110611339 -17.666666666666664
    endloop
  endfacet
  facet normal 0 0 1
    outer loop
      vertex 11.848318153884705 392.54655560553283 -17.666666666666664
      vertex 12.049147044705627 392.4507651383523 -17.666666666666664
      vertex 12.049147044705627 400.2159015283144 -17.666666666666664
    endloop
  endfacet
  facet normal 0 0 1
    outer loop
      vertex 12.049147044705627 392.4507651383523 -17.666666666666664
      vertex 12.254713992210252 392.36561652072027 -17.666666666666664
      vertex 12.254713992210252 400.3010501459465 -17.666666666666664
    endloop
  endfacet
  facet normal 0 0 1
    outer loop
      vertex 11.652777777777779 392.6527253672495 -17.666666666666664
      vertex 11.848318153884705 400.1201110611339 -17.666666666666664
      vertex 11.652777777777779 400.01394129941724 -17.666666666666664
    endloop
  endfacet
  facet normal 0 0 1
    outer loop
      vertex 11.848318153884705 392.54655560553283 -17.666666666666664
      vertex 12.049147044705627 400.2159015283144 -17.666666666666664
      vertex 11.848318153884705 400.1201110611339 -17.666666666666664
    endloop
  endfacet
  facet normal 0 0 1
    outer loop
      vertex 12.049147044705627 392.4507651383523 -17.666666666666664
      vertex 12.254713992210252 400.3010501459465 -17.666666666666664
      vertex 12.049147044705627 400.2159015283144 -17.666666666666664
    endloop
  endfacet
  facet normal 0 0 1
    outer loop
      vertex 12.254713992210252 392.36561652072027 -17.666666666666664
      vertex 12.464455551684253 392.29134313907895 -17.666666666666664
      vertex 12.464455551684253 400.3753235275878 -17.666666666666664
    endloop
  endfacet
  facet normal 0 0 1
    outer loop
      vertex 12.464455551684253 392.29134313907895 -17.666666666666664
      vertex 12.677796836092064 392.22814857160483 -17.666666666666664
      vertex 12.677796836092064 400.4385180950619 -17.666666666666664
    endloop
  endfacet
  facet normal 0 0 1
    outer loop
      vertex 12.677796836092064 392.22814857160483 -17.666666666666664
      vertex 12.894153091802302 392.1762060302147 -17.666666666666664
      vertex 12.894153091802302 400.49046063645204 -17.666666666666664
    endloop
  endfacet
  facet normal 0 0 1
    outer loop
      vertex 12.254713992210252 392.36561652072027 -17.666666666666664
      vertex 12.464455551684253 400.3753235275878 -17.666666666666664
      vertex 12.254713992210252 400.3010501459465 -17.666666666666664
    endloop
  endfacet
  facet normal 0 0 1
    outer loop
      vertex 12.464455551684253 392.29134313907895 -17.666666666666664
      vertex 12.677796836092064 400.4385180950619 -17.666666666666664
      vertex 12.464455551684253 400.3753235275878 -17.666666666666664
    endloop
  endfacet
  facet normal 0 0 1
    outer loop
      vertex 12.677796836092064 392.22814857160483 -17.666666666666664
      vertex 12.894153091802302 400.49046063645204 -17.666666666666664
      vertex 12.677796836092064 400.4385180950619 -17.666666666666664
    endloop
  endfacet
  facet normal 0 0 1
    outer loop
      vertex 12.894153091802302 392.1762060302147 -17.666666666666664
      vertex 13.112931301356795 400.5310087808627 -17.666666666666664
      vertex 12.894153091802302 400.49046063645204 -17.666666666666664
    endloop
  endfacet
  facet normal 0 0 1
    outer loop
      vertex 12.894153091802302 392.1762060302147 -17.666666666666664
      vertex 13.112931301356795 392.13565788580405 -17.666666666666664
      vertex 13.112931301356795 400.5310087808627 -17.666666666666664
    endloop
  endfacet
  facet normal 0 0 1
    outer loop
      vertex 13.112931301356795 392.13565788580405 -17.666666666666664
      vertex 13.33353180889025 392.10661527801824 -17.666666666666664
      vertex 13.33353180889025 400.5600513886485 -17.666666666666664
    endloop
  endfacet
  facet normal 0 0 1
    outer loop
      vertex 13.33353180889025 392.10661527801824 -17.666666666666664
      vertex 13.555349963745268 392.08915781062643 -17.666666666666664
      vertex 13.555349963745268 400.5775088560403 -17.666666666666664
    endloop
  endfacet
  facet normal 0 0 1
    outer loop
      vertex 13.555349963745268 392.08915781062643 -17.666666666666664
      vertex 13.777777777777779 392.08333333333337 -17.666666666666664
      vertex 13.777777777777779 400.58333333333337 -17.666666666666664
    endloop
  endfacet
  facet normal 0 0 1
    outer loop
      vertex 13.112931301356795 392.13565788580405 -17.666666666666664
      vertex 13.33353180889025 400.5600513886485 -17.666666666666664
      vertex 13.112931301356795 400.5310087808627 -17.666666666666664
    endloop
  endfacet
  facet normal 0 0 1
    outer loop
      vertex 13.33353180889025 392.10661527801824 -17.666666666666664
      vertex 13.555349963745268 400.5775088560403 -17.666666666666664
      vertex 13.33353180889025 400.5600513886485 -17.666666666666664
    endloop
  endfacet
  facet normal 0 0 1
    outer loop
      vertex 13.555349963745268 392.08915781062643 -17.666666666666664
      vertex 13.777777777777779 400.58333333333337 -17.666666666666664
      vertex 13.555349963745268 400.5775088560403 -17.666666666666664
    endloop
  endfacet
  facet normal 0 0 1
    outer loop
      vertex 1.7777777777777777 403.83333333333337 -42.666666666666664
      vertex 11.777777777777779 403.83333333333337 -42.666666666666664
      vertex 11.777777777777779 407.83333333333337 -42.666666666666664
    endloop
  endfacet
  facet normal 0 0 -1
    outer loop
      vertex 1.7777777777777777 388.33333333333337 -54.666666666666664
      vertex 1.7777777777777777 504.33333333333337 -54.666666666666664
      vertex 25.77777777777778 388.33333333333337 -54.666666666666664
    endloop
  endfacet
  facet normal 0 0 1
    outer loop
      vertex 1.7777777777777777 403.83333333333337 -42.666666666666664
      vertex 11.777777777777779 407.83333333333337 -42.666666666666664
      vertex 25.77777777777778 488.83333333333337 -42.666666666666664
    endloop
  endfacet
  facet normal 0 1 0
    outer loop
      vertex 1.7777777777777777 403.83333333333337 -42.666666666666664
      vertex 11.777777777777779 403.83333333333337 45.333333333333336
      vertex 11.777777777777779 403.83333333333337 -42.666666666666664
    endloop
  endfacet
  facet normal -1 0 0
    outer loop
      vertex 11.777777777777779 407.83333333333337 45.333333333333336
      vertex 11.777777777777779 407.83333333333337 -42.666666666666664
      vertex 11.777777777777779 403.83333333333337 -42.666666666666664
    endloop
  endfacet
  facet normal 0 1 0
    outer loop
      vertex 11.777777777777779 407.83333333333337 45.333333333333336
      vertex 15.777777777777779 407.83333333333337 -42.666666666666664
      vertex 11.777777777777779 407.83333333333337 -42.666666666666664
    endloop
  endfacet
  facet normal -0.8146548803791426 -0.5598967871164844 -0.15117213252145079
    outer loop
      vertex 2.584424938050657 385.6101381582582 -54.666666666666664
      vertex 2.7326928059030413 358.394407071871 45.333333333333336
      vertex 2.584424938050657 358.6101381582582 45.333333333333336
    endloop
  endfacet
  facet normal -0.7828490702758729 -0.6007012191369109 -0.16218932916696593
    outer loop
      vertex 2.7326928059030413 385.394407071871 -54.666666666666664
      vertex 2.892047970492924 358.1867313780842 45.333333333333336
      vertex 2.7326928059030413 358.394407071871 45.333333333333336
    endloop
  endfacet
  facet normal -0.7489783645946981 -0.6396879550302953 -0.17271574785817972
    outer loop
      vertex 2.892047970492924 385.1867313780842 -54.666666666666664
      vertex 3.0620536503908076 357.98768030153906 45.333333333333336
      vertex 2.892047970492924 358.1867313780842 45.333333333333336
    endloop
  endfacet
  facet normal -0.7131617947340884 -0.6767652735374136 -0.18272662385510166
    outer loop
      vertex 3.0620536503908076 384.98768030153906 -54.666666666666664
      vertex 3.24224387184504 357.7977994274006 45.333333333333336
      vertex 3.0620536503908076 357.98768030153906 45.333333333333336
    endloop
  endfacet
  facet normal -0.9820668375141247 -0.18201532972377926 -0.0491441390254204
    outer loop
      vertex 1.8393360748020884 387.5511610081322 -54.666666666666664
      vertex 1.8870397741087492 360.29377487924455 45.333333333333336
      vertex 1.8393360748020884 360.5511610081322 45.333333333333336
    endloop
  endfacet
  facet normal -0.9966937206877339 -0.07844149699951782 -0.021179204189869856
    outer loop
      vertex 1.7846301040049086 388.0716535521187 -54.666666666666664
      vertex 1.805168300936411 360.8106910169951 45.333333333333336
      vertex 1.7846301040049086 361.0716535521186 45.333333333333336
    endloop
  endfacet
  facet normal -0.9908297452376407 -0.13044521064441256 -0.03522020687399139
    outer loop
      vertex 1.805168300936411 387.8106910169951 -54.666666666666664
      vertex 1.8393360748020884 360.5511610081322 45.333333333333336
      vertex 1.805168300936411 360.8106910169951 45.333333333333336
    endloop
  endfacet
  facet normal -0.9996323577407566 -0.026176294517818735 -0.007067599519811058
    outer loop
      vertex 1.7777777777777777 388.33333333333337 -54.666666666666664
      vertex 1.7846301040049086 361.0716535521186 45.333333333333336
      vertex 1.7777777777777777 361.33333333333337 45.333333333333336
    endloop
  endfacet
  facet normal -0.9704441350512727 -0.23298302369972185 -0.0629054163989249
    outer loop
      vertex 1.8870397741087492 387.29377487924455 -54.666666666666664
      vertex 1.9481486463324371 360.0392381078208 45.333333333333336
      vertex 1.8870397741087492 360.29377487924455 45.333333333333336
    endloop
  endfacet
  facet normal -0.9560129581752091 -0.2831839395700747 -0.07645966368392018
    outer loop
      vertex 1.9481486463324371 387.0392381078208 -54.666666666666664
      vertex 2.0224951963020095 359.7882483614586 45.333333333333336
      vertex 1.9481486463324371 360.0392381078208 45.333333333333336
    endloop
  endfacet
  facet normal -0.9388361064848212 -0.33245930186871286 -0.08976401150455246
    outer loop
      vertex 2.0224951963020095 386.7882483614586 -54.666666666666664
      vertex 2.109875645291768 359.5414935856069 45.333333333333336
      vertex 2.0224951963020095 359.7882483614586 45.333333333333336
    endloop
  endfacet
  facet normal -0.9189870225541811 -0.3806568883867716 -0.10277735986442832
    outer loop
      vertex 2.109875645291768 386.5414935856069 -54.666666666666664
      vertex 2.2100504895647743 359.29965011795434 45.333333333333336
      vertex 2.109875645291768 359.5414935856069 45.333333333333336
    endloop
  endfacet
  facet normal -0.8965488483574133 -0.4276318645351929 -0.1154606034245021
    outer loop
      vertex 2.2100504895647743 386.29965011795434 -54.666666666666664
      vertex 2.3227451568359383 359.0633808346356 45.333333333333336
      vertex 2.2100504895647743 359.29965011795434 45.333333333333336
    endloop
  endfacet
  facet normal -0.8716134021061379 -0.47324746455483646 -0.12777681542980585
    outer loop
      vertex 2.3227451568359383 386.0633808346356 -54.666666666666664
      vertex 2.447650758855585 358.83333333333337 45.333333333333336
      vertex 2.3227451568359383 359.0633808346356 45.333333333333336
    endloop
  endfacet
  facet normal -0.8442801041503677 -0.5173755132341767 -0.13969138857322771
    outer loop
      vertex 2.447650758855585 385.83333333333337 -54.666666666666664
      vertex 2.584424938050657 358.6101381582582 45.333333333333336
      vertex 2.447650758855585 358.83333333333337 45.333333333333336
    endloop
  endfacet
  facet normal -0.6755207924937232 -0.7118503853440072 -0.19219960404288194
    outer loop
      vertex 3.24224387184504 384.7977994274006 -54.666666666666664
      vertex 3.4321247459834856 357.6176092059464 45.333333333333336
      vertex 3.24224387184504 357.7977994274006 45.333333333333336
    endloop
  endfacet
  facet normal -0.6361783352288135 -0.744869127772848 -0.20111466449866894
    outer loop
      vertex 3.4321247459834856 384.6176092059464 -54.666666666666664
      vertex 3.631175822528591 357.4476035260485 45.333333333333336
      vertex 3.4321247459834856 357.6176092059464 45.333333333333336
    endloop
  endfacet
  facet normal -0.5952581876536694 -0.7757555735416586 -0.20945400485624782
    outer loop
      vertex 3.631175822528591 384.4476035260485 -54.666666666666664
      vertex 3.838851516315411 357.2882483614586 45.333333333333336
      vertex 3.631175822528591 357.4476035260485 45.333333333333336
    endloop
  endfacet
  facet normal -0.5528842478663094 -0.8044515724562613 -0.21720192456319054
    outer loop
      vertex 3.838851516315411 384.2882483614586 -54.666666666666664
      vertex 4.054582602702642 357.13998049360623 45.333333333333336
      vertex 3.838851516315411 357.2882483614586 45.333333333333336
    endloop
  endfacet
  facet normal -0.5091800016986211 -0.8309062448241407 -0.22434468610251798
    outer loop
      vertex 4.054582602702642 384.13998049360623 -54.666666666666664
      vertex 4.277777777777778 357.00320631441116 45.333333333333336
      vertex 4.054582602702642 357.13998049360623 45.333333333333336
    endloop
  endfacet
  facet normal -0.46426808634838923 -0.8550754447510704 -0.23087037008278902
    outer loop
      vertex 4.277777777777778 384.00320631441116 -54.666666666666664
      vertex 4.507825279080044 356.87830071239154 45.333333333333336
      vertex 4.277777777777778 357.00320631441116 45.333333333333336
    endloop
  endfacet
  facet normal -0.41826996148422085 -0.8769212104405516 -0.23676872681894895
    outer loop
      vertex 4.507825279080044 383.87830071239154 -54.666666666666664
      vertex 4.744094562398776 356.76560604512036 45.333333333333336
      vertex 4.507825279080044 356.87830071239154 45.333333333333336
    endloop
  endfacet
  facet normal -1 0 0
    outer loop
      vertex 1.7777777777777777 403.83333333333337 -42.666666666666664
      vertex 1.7777777777777777 361.33333333333337 45.333333333333336
      vertex 1.7777777777777777 403.83333333333337 45.333333333333336
    endloop
  endfacet
  facet normal -0.37130568365680516 -0.8964112172705448 -0.24203102866304713
    outer loop
      vertex 4.744094562398776 383.76560604512036 -54.666666666666664
      vertex 4.985938030051277 356.66543120084737 45.333333333333336
      vertex 4.744094562398776 356.76560604512036 45.333333333333336
    endloop
  endfacet
  facet normal -0.32349377791732264 -0.9135182478726755 -0.2466499269256224
    outer loop
      vertex 4.985938030051277 383.66543120084737 -54.666666666666664
      vertex 5.232692805903041 356.57805075185763 45.333333333333336
      vertex 4.985938030051277 356.66543120084737 45.333333333333336
    endloop
  endfacet
  facet normal -0.2749511989976268 -0.9282196917890546 -0.2506193167830447
    outer loop
      vertex 5.232692805903041 383.57805075185763 -54.666666666666664
      vertex 5.483682552265175 356.503704201888 45.333333333333336
      vertex 5.232692805903041 356.57805075185763 45.333333333333336
    endloop
  endfacet
  facet normal -0.2257933732286296 -0.940497085597588 -0.2539342131113488
    outer loop
      vertex 5.738219323688981 383.44259532966436 -54.666666666666664
      vertex 5.738219323688981 356.44259532966436 45.333333333333336
      vertex 5.483682552265175 356.503704201888 45.333333333333336
    endloop
  endfacet
  facet normal -0.17613431151063166 -0.9503357027420921 -0.2565906397403649
    outer loop
      vertex 5.738219323688981 383.44259532966436 -54.666666666666664
      vertex 5.995605452576624 356.3948916303577 45.333333333333336
      vertex 5.738219323688981 356.44259532966436 45.333333333333336
    endloop
  endfacet
  facet normal -0.12608678302521534 -0.9577242007233995 -0.2585855341953179
    outer loop
      vertex 5.995605452576624 383.3948916303577 -54.666666666666664
      vertex 6.255135461439511 356.360723856492 45.333333333333336
      vertex 5.995605452576624 356.3948916303577 45.333333333333336
    endloop
  endfacet
  facet normal -0.07576253899547855 -0.9626543318111229 -0.25991666958900317
    outer loop
      vertex 6.255135461439511 383.360723856492 -54.666666666666664
      vertex 6.516097996563058 356.3401856595605 45.333333333333336
      vertex 6.255135461439511 356.360723856492 45.333333333333336
    endloop
  endfacet
  facet normal -0.025272575532487247 -0.9651207220514204 -0.26058259495388353
    outer loop
      vertex 6.516097996563058 383.3401856595605 -54.666666666666664
      vertex 6.777777777777778 356.33333333333337 45.333333333333336
      vertex 6.516097996563058 356.3401856595605 45.333333333333336
    endloop
  endfacet
  facet normal 0 0 1
    outer loop
      vertex 1.9481486463324371 360.0392381078208 45.333333333333336
      vertex 2.0224951963020095 359.7882483614586 45.333333333333336
      vertex 1.7777777777777777 403.83333333333337 45.333333333333336
    endloop
  endfacet
  facet normal 0 0 1
    outer loop
      vertex 1.805168300936411 360.8106910169951 45.333333333333336
      vertex 1.7777777777777777 403.83333333333337 45.333333333333336
      vertex 1.7846301040049086 361.0716535521186 45.333333333333336
    endloop
  endfacet
  facet normal 0 0 1
    outer loop
      vertex 1.8393360748020884 360.5511610081322 45.333333333333336
      vertex 1.7777777777777777 403.83333333333337 45.333333333333336
      vertex 1.805168300936411 360.8106910169951 45.333333333333336
    endloop
  endfacet
  facet normal 0 0 1
    outer loop
      vertex 1.8393360748020884 360.5511610081322 45.333333333333336
      vertex 1.8870397741087492 360.29377487924455 45.333333333333336
      vertex 1.7777777777777777 403.83333333333337 45.333333333333336
    endloop
  endfacet
  facet normal 0 0 1
    outer loop
      vertex 1.8870397741087492 360.29377487924455 45.333333333333336
      vertex 1.9481486463324371 360.0392381078208 45.333333333333336
      vertex 1.7777777777777777 403.83333333333337 45.333333333333336
    endloop
  endfacet
  facet normal 0 0 1
    outer loop
      vertex 1.7846301040049086 361.0716535521186 45.333333333333336
      vertex 1.7777777777777777 403.83333333333337 45.333333333333336
      vertex 1.7777777777777777 361.33333333333337 45.333333333333336
    endloop
  endfacet
  facet normal 0 0 1
    outer loop
      vertex 2.0224951963020095 359.7882483614586 45.333333333333336
      vertex 2.109875645291768 359.5414935856069 45.333333333333336
      vertex 1.7777777777777777 403.83333333333337 45.333333333333336
    endloop
  endfacet
  facet normal 0 0 1
    outer loop
      vertex 2.109875645291768 359.5414935856069 45.333333333333336
      vertex 2.2100504895647743 359.29965011795434 45.333333333333336
      vertex 1.7777777777777777 403.83333333333337 45.333333333333336
    endloop
  endfacet
  facet normal 0 0 1
    outer loop
      vertex 2.3227451568359383 359.0633808346356 45.333333333333336
      vertex 1.7777777777777777 403.83333333333337 45.333333333333336
      vertex 2.2100504895647743 359.29965011795434 45.333333333333336
    endloop
  endfacet
  facet normal 0 0 1
    outer loop
      vertex 2.3227451568359383 359.0633808346356 45.333333333333336
      vertex 2.447650758855585 358.83333333333337 45.333333333333336
      vertex 1.7777777777777777 403.83333333333337 45.333333333333336
    endloop
  endfacet
  facet normal 0 0 1
    outer loop
      vertex 2.447650758855585 358.83333333333337 45.333333333333336
      vertex 2.584424938050657 358.6101381582582 45.333333333333336
      vertex 1.7777777777777777 403.83333333333337 45.333333333333336
    endloop
  endfacet
  facet normal 0 0 1
    outer loop
      vertex 2.584424938050657 358.6101381582582 45.333333333333336
      vertex 2.7326928059030413 358.394407071871 45.333333333333336
      vertex 1.7777777777777777 403.83333333333337 45.333333333333336
    endloop
  endfacet
  facet normal 0 0 1
    outer loop
      vertex 2.7326928059030413 358.394407071871 45.333333333333336
      vertex 2.892047970492924 358.1867313780842 45.333333333333336
      vertex 1.7777777777777777 403.83333333333337 45.333333333333336
    endloop
  endfacet
  facet normal 0 0 1
    outer loop
      vertex 3.0620536503908076 357.98768030153906 45.333333333333336
      vertex 3.24224387184504 357.7977994274006 45.333333333333336
      vertex 1.7777777777777777 403.83333333333337 45.333333333333336
    endloop
  endfacet
  facet normal 0 0 1
    outer loop
      vertex 3.24224387184504 357.7977994274006 45.333333333333336
      vertex 3.4321247459834856 357.6176092059464 45.333333333333336
      vertex 1.7777777777777777 403.83333333333337 45.333333333333336
    endloop
  endfacet
  facet normal 0 0 1
    outer loop
      vertex 3.4321247459834856 357.6176092059464 45.333333333333336
      vertex 3.631175822528591 357.4476035260485 45.333333333333336
      vertex 1.7777777777777777 403.83333333333337 45.333333333333336
    endloop
  endfacet
  facet normal 0 0 1
    outer loop
      vertex 3.631175822528591 357.4476035260485 45.333333333333336
      vertex 3.838851516315411 357.2882483614586 45.333333333333336
      vertex 1.7777777777777777 403.83333333333337 45.333333333333336
    endloop
  endfacet
  facet normal 0 0 1
    outer loop
      vertex 3.838851516315411 357.2882483614586 45.333333333333336
      vertex 4.054582602702642 357.13998049360623 45.333333333333336
      vertex 1.7777777777777777 403.83333333333337 45.333333333333336
    endloop
  endfacet
  facet normal 0 0 1
    outer loop
      vertex 2.892047970492924 358.1867313780842 45.333333333333336
      vertex 3.0620536503908076 357.98768030153906 45.333333333333336
      vertex 1.7777777777777777 403.83333333333337 45.333333333333336
    endloop
  endfacet
  facet normal 0 0 1
    outer loop
      vertex 4.054582602702642 357.13998049360623 45.333333333333336
      vertex 4.277777777777778 357.00320631441116 45.333333333333336
      vertex 1.7777777777777777 403.83333333333337 45.333333333333336
    endloop
  endfacet
  facet normal 0 0 1
    outer loop
      vertex 4.277777777777778 357.00320631441116 45.333333333333336
      vertex 4.507825279080044 356.87830071239154 45.333333333333336
      vertex 1.7777777777777777 403.83333333333337 45.333333333333336
    endloop
  endfacet
  facet normal 0 0 1
    outer loop
      vertex 4.507825279080044 356.87830071239154 45.333333333333336
      vertex 4.744094562398776 356.76560604512036 45.333333333333336
      vertex 1.7777777777777777 403.83333333333337 45.333333333333336
    endloop
  endfacet
  facet normal 0 0 1
    outer loop
      vertex 4.744094562398776 356.76560604512036 45.333333333333336
      vertex 4.985938030051277 356.66543120084737 45.333333333333336
      vertex 1.7777777777777777 403.83333333333337 45.333333333333336
    endloop
  endfacet
  facet normal 0 0 1
    outer loop
      vertex 4.985938030051277 356.66543120084737 45.333333333333336
      vertex 5.232692805903041 356.57805075185763 45.333333333333336
      vertex 1.7777777777777777 403.83333333333337 45.333333333333336
    endloop
  endfacet
  facet normal 0 0 1
    outer loop
      vertex 5.232692805903041 356.57805075185763 45.333333333333336
      vertex 5.483682552265175 356.503704201888 45.333333333333336
      vertex 1.7777777777777777 403.83333333333337 45.333333333333336
    endloop
  endfacet
  facet normal 0 0 1
    outer loop
      vertex 5.483682552265175 356.503704201888 45.333333333333336
      vertex 5.738219323688981 356.44259532966436 45.333333333333336
      vertex 5.995605452576624 356.3948916303577 45.333333333333336
    endloop
  endfacet
  facet normal 0 0 1
    outer loop
      vertex 5.483682552265175 356.503704201888 45.333333333333336
      vertex 5.995605452576624 356.3948916303577 45.333333333333336
      vertex 6.255135461439511 356.360723856492 45.333333333333336
    endloop
  endfacet
  facet normal 0 0 1
    outer loop
      vertex 5.483682552265175 356.503704201888 45.333333333333336
      vertex 6.255135461439511 356.360723856492 45.333333333333336
      vertex 6.516097996563058 356.3401856595605 45.333333333333336
    endloop
  endfacet
  facet normal 0 0 1
    outer loop
      vertex 5.483682552265175 356.503704201888 45.333333333333336
      vertex 6.516097996563058 356.3401856595605 45.333333333333336
      vertex 6.777777777777778 356.33333333333337 45.333333333333336
    endloop
  endfacet
  facet normal 0 0 1
    outer loop
      vertex 5.483682552265175 356.503704201888 45.333333333333336
      vertex 9.551059722462616 370.88908736444586 45.333333333333336
      vertex 1.7777777777777777 403.83333333333337 45.333333333333336
    endloop
  endfacet
  facet normal 0 0 1
    outer loop
      vertex 1.7777777777777777 403.83333333333337 45.333333333333336
      vertex 9.551059722462616 370.88908736444586 45.333333333333336
      vertex 9.53360225507084 371.11090551930084 45.333333333333336
    endloop
  endfacet
  facet normal 0 0 1
    outer loop
      vertex 1.7777777777777777 403.83333333333337 45.333333333333336
      vertex 9.53360225507084 371.11090551930084 45.333333333333336
      vertex 9.527777777777779 371.33333333333337 45.333333333333336
    endloop
  endfacet
  facet normal 0 0 1
    outer loop
      vertex 1.7777777777777777 403.83333333333337 45.333333333333336
      vertex 9.527777777777779 371.33333333333337 45.333333333333336
      vertex 9.53360225507084 396.11090551930084 45.333333333333336
    endloop
  endfacet
  facet normal 0 0 1
    outer loop
      vertex 1.7777777777777777 403.83333333333337 45.333333333333336
      vertex 9.53360225507084 396.11090551930084 45.333333333333336
      vertex 9.527777777777779 396.33333333333337 45.333333333333336
    endloop
  endfacet
  facet normal 0 0 1
    outer loop
      vertex 1.7777777777777777 403.83333333333337 45.333333333333336
      vertex 9.527777777777779 396.33333333333337 45.333333333333336
      vertex 9.53360225507084 396.5557611473659 45.333333333333336
    endloop
  endfacet
  facet normal 0 0 1
    outer loop
      vertex 1.7777777777777777 403.83333333333337 45.333333333333336
      vertex 9.53360225507084 396.5557611473659 45.333333333333336
      vertex 9.551059722462616 396.7775793022209 45.333333333333336
    endloop
  endfacet
  facet normal 0 0 1
    outer loop
      vertex 1.7777777777777777 403.83333333333337 45.333333333333336
      vertex 9.551059722462616 396.7775793022209 45.333333333333336
      vertex 9.580102330248442 396.99817980975433 45.333333333333336
    endloop
  endfacet
  facet normal 0 0 1
    outer loop
      vertex 1.7777777777777777 403.83333333333337 45.333333333333336
      vertex 9.580102330248442 396.99817980975433 45.333333333333336
      vertex 9.620650474659104 397.21695801930883 45.333333333333336
    endloop
  endfacet
  facet normal 0 0 1
    outer loop
      vertex 1.7777777777777777 403.83333333333337 45.333333333333336
      vertex 9.620650474659104 397.21695801930883 45.333333333333336
      vertex 9.672593016049237 397.4333142750191 45.333333333333336
    endloop
  endfacet
  facet normal 0 0 1
    outer loop
      vertex 1.7777777777777777 403.83333333333337 45.333333333333336
      vertex 9.672593016049237 397.4333142750191 45.333333333333336
      vertex 9.735787583523376 397.6466555594269 45.333333333333336
    endloop
  endfacet
  facet normal 0 0 1
    outer loop
      vertex 1.7777777777777777 403.83333333333337 45.333333333333336
      vertex 9.735787583523376 397.6466555594269 45.333333333333336
      vertex 9.81006096516467 397.8563971189009 45.333333333333336
    endloop
  endfacet
  facet normal 0 0 1
    outer loop
      vertex 1.7777777777777777 403.83333333333337 45.333333333333336
      vertex 9.81006096516467 397.8563971189009 45.333333333333336
      vertex 9.895209582796724 398.0619640664055 45.333333333333336
    endloop
  endfacet
  facet normal 0 0 1
    outer loop
      vertex 1.7777777777777777 403.83333333333337 45.333333333333336
      vertex 9.895209582796724 398.0619640664055 45.333333333333336
      vertex 9.991000049977213 398.26279295722645 45.333333333333336
    endloop
  endfacet
  facet normal 0 0 1
    outer loop
      vertex 1.7777777777777777 403.83333333333337 45.333333333333336
      vertex 9.991000049977213 398.26279295722645 45.333333333333336
      vertex 10.097169811693913 398.45833333333337 45.333333333333336
    endloop
  endfacet
  facet normal 0 0 1
    outer loop
      vertex 1.7777777777777777 403.83333333333337 45.333333333333336
      vertex 10.097169811693913 398.45833333333337 45.333333333333336
      vertex 10.213427864009727 398.64804923214723 45.333333333333336
    endloop
  endfacet
  facet normal 0 0 1
    outer loop
      vertex 1.7777777777777777 403.83333333333337 45.333333333333336
      vertex 10.213427864009727 398.64804923214723 45.333333333333336
      vertex 10.339455551684253 398.8314206555764 45.333333333333336
    endloop
  endfacet
  facet normal 0 0 1
    outer loop
      vertex 1.7777777777777777 403.83333333333337 45.333333333333336
      vertex 10.339455551684253 398.8314206555764 45.333333333333336
      vertex 10.474907441585653 399.0079449952952 45.333333333333336
    endloop
  endfacet
  facet normal 0 0 1
    outer loop
      vertex 1.7777777777777777 403.83333333333337 45.333333333333336
      vertex 10.474907441585653 399.0079449952952 45.333333333333336
      vertex 10.619412269498852 399.1771384103585 45.333333333333336
    endloop
  endfacet
  facet normal 0 0 1
    outer loop
      vertex 1.7777777777777777 403.83333333333337 45.333333333333336
      vertex 10.619412269498852 399.1771384103585 45.333333333333336
      vertex 10.772573957734952 399.3385371533762 45.333333333333336
    endloop
  endfacet
  facet normal 0 1 0
    outer loop
      vertex 1.7777777777777777 403.83333333333337 -42.666666666666664
      vertex 1.7777777777777777 403.83333333333337 45.333333333333336
      vertex 11.777777777777779 403.83333333333337 45.333333333333336
    endloop
  endfacet
  facet normal 0 0 1
    outer loop
      vertex 9.53360225507084 371.11090551930084 17.333333333333336
      vertex 9.53360225507084 371.5557611473659 17.333333333333336
      vertex 9.527777777777779 371.33333333333337 17.333333333333336
    endloop
  endfacet
  facet normal 0 0 1
    outer loop
      vertex 9.551059722462616 370.88908736444586 17.333333333333336
      vertex 9.551059722462616 371.7775793022209 17.333333333333336
      vertex 9.53360225507084 371.11090551930084 17.333333333333336
    endloop
  endfacet
  facet normal 0 0 1
    outer loop
      vertex 9.53360225507084 371.11090551930084 17.333333333333336
      vertex 9.551059722462616 371.7775793022209 17.333333333333336
      vertex 9.53360225507084 371.5557611473659 17.333333333333336
    endloop
  endfacet
  facet normal 0 0 1
    outer loop
      vertex 9.551059722462616 370.88908736444586 17.333333333333336
      vertex 9.580102330248442 370.6684868569124 17.333333333333336
      vertex 9.580102330248442 371.99817980975433 17.333333333333336
    endloop
  endfacet
  facet normal 0 0 1
    outer loop
      vertex 9.551059722462616 370.88908736444586 17.333333333333336
      vertex 9.580102330248442 371.99817980975433 17.333333333333336
      vertex 9.551059722462616 371.7775793022209 17.333333333333336
    endloop
  endfacet
  facet normal 0 0 1
    outer loop
      vertex 9.580102330248442 370.6684868569124 17.333333333333336
      vertex 9.620650474659104 372.21695801930883 17.333333333333336
      vertex 9.580102330248442 371.99817980975433 17.333333333333336
    endloop
  endfacet
  facet normal 0 0 1
    outer loop
      vertex 9.580102330248442 370.6684868569124 17.333333333333336
      vertex 9.620650474659104 370.4497086473579 17.333333333333336
      vertex 9.620650474659104 372.21695801930883 17.333333333333336
    endloop
  endfacet
  facet normal 0 0 1
    outer loop
      vertex 9.620650474659104 370.4497086473579 17.333333333333336
      vertex 9.672593016049237 372.4333142750191 17.333333333333336
      vertex 9.620650474659104 372.21695801930883 17.333333333333336
    endloop
  endfacet
  facet normal 0 0 1
    outer loop
      vertex 9.620650474659104 370.4497086473579 17.333333333333336
      vertex 9.672593016049237 370.23335239164766 17.333333333333336
      vertex 9.672593016049237 372.4333142750191 17.333333333333336
    endloop
  endfacet
  facet normal 0 0 1
    outer loop
      vertex 9.672593016049237 370.23335239164766 17.333333333333336
      vertex 9.735787583523376 370.02001110723984 17.333333333333336
      vertex 9.735787583523376 372.6466555594269 17.333333333333336
    endloop
  endfacet
  facet normal 0 0 1
    outer loop
      vertex 9.672593016049237 370.23335239164766 17.333333333333336
      vertex 9.735787583523376 372.6466555594269 17.333333333333336
      vertex 9.672593016049237 372.4333142750191 17.333333333333336
    endloop
  endfacet
  facet normal 0 0 1
    outer loop
      vertex 9.735787583523376 370.02001110723984 17.333333333333336
      vertex 9.81006096516467 369.81026954776587 17.333333333333336
      vertex 9.81006096516467 372.8563971189009 17.333333333333336
    endloop
  endfacet
  facet normal 0 0 1
    outer loop
      vertex 9.735787583523376 370.02001110723984 17.333333333333336
      vertex 9.81006096516467 372.8563971189009 17.333333333333336
      vertex 9.735787583523376 372.6466555594269 17.333333333333336
    endloop
  endfacet
  facet normal 0 0 1
    outer loop
      vertex 9.81006096516467 369.81026954776587 17.333333333333336
      vertex 9.895209582796724 373.0619640664055 17.333333333333336
      vertex 9.81006096516467 372.8563971189009 17.333333333333336
    endloop
  endfacet
  facet normal 0 0 1
    outer loop
      vertex 9.81006096516467 369.81026954776587 17.333333333333336
      vertex 9.895209582796724 369.60470260026125 17.333333333333336
      vertex 9.895209582796724 373.0619640664055 17.333333333333336
    endloop
  endfacet
  facet normal 0 0 1
    outer loop
      vertex 9.895209582796724 369.60470260026125 17.333333333333336
      vertex 9.991000049977213 369.4038737094403 17.333333333333336
      vertex 9.991000049977213 373.26279295722645 17.333333333333336
    endloop
  endfacet
  facet normal 0 0 1
    outer loop
      vertex 9.895209582796724 369.60470260026125 17.333333333333336
      vertex 9.991000049977213 373.26279295722645 17.333333333333336
      vertex 9.895209582796724 373.0619640664055 17.333333333333336
    endloop
  endfacet
  facet normal 0 0 1
    outer loop
      vertex 9.991000049977213 369.4038737094403 17.333333333333336
      vertex 10.097169811693913 373.45833333333337 17.333333333333336
      vertex 9.991000049977213 373.26279295722645 17.333333333333336
    endloop
  endfacet
  facet normal 0 0 1
    outer loop
      vertex 9.991000049977213 369.4038737094403 17.333333333333336
      vertex 10.097169811693913 369.20833333333337 17.333333333333336
      vertex 10.097169811693913 373.45833333333337 17.333333333333336
    endloop
  endfacet
  facet normal 0 0 1
    outer loop
      vertex 10.097169811693913 369.20833333333337 17.333333333333336
      vertex 10.213427864009727 369.0186174345195 17.333333333333336
      vertex 10.213427864009727 373.64804923214723 17.333333333333336
    endloop
  endfacet
  facet normal 0 0 1
    outer loop
      vertex 10.097169811693913 369.20833333333337 17.333333333333336
      vertex 10.213427864009727 373.64804923214723 17.333333333333336
      vertex 10.097169811693913 373.45833333333337 17.333333333333336
    endloop
  endfacet
  facet normal 0 0 1
    outer loop
      vertex 10.213427864009727 369.0186174345195 17.333333333333336
      vertex 10.339455551684253 368.83524601109036 17.333333333333336
      vertex 10.339455551684253 373.8314206555764 17.333333333333336
    endloop
  endfacet
  facet normal 0 0 1
    outer loop
      vertex 10.213427864009727 369.0186174345195 17.333333333333336
      vertex 10.339455551684253 373.8314206555764 17.333333333333336
      vertex 10.213427864009727 373.64804923214723 17.333333333333336
    endloop
  endfacet
  facet normal 0 0 1
    outer loop
      vertex 10.339455551684253 368.83524601109036 17.333333333333336
      vertex 10.474907441585653 374.0079449952952 17.333333333333336
      vertex 10.339455551684253 373.8314206555764 17.333333333333336
    endloop
  endfacet
  facet normal 0 0 1
    outer loop
      vertex 10.619412269498852 368.48952825630823 17.333333333333336
      vertex 10.772573957734952 368.32812951329055 17.333333333333336
      vertex 10.772573957734952 374.3385371533762 17.333333333333336
    endloop
  endfacet
  facet normal 0 0 1
    outer loop
      vertex 10.339455551684253 368.83524601109036 17.333333333333336
      vertex 10.474907441585653 368.65872167137155 17.333333333333336
      vertex 10.474907441585653 374.0079449952952 17.333333333333336
    endloop
  endfacet
  facet normal 0 0 1
    outer loop
      vertex 10.474907441585653 368.65872167137155 17.333333333333336
      vertex 10.619412269498852 368.48952825630823 17.333333333333336
      vertex 10.619412269498852 374.1771384103585 17.333333333333336
    endloop
  endfacet
  facet normal 0 0 1
    outer loop
      vertex 10.474907441585653 368.65872167137155 17.333333333333336
      vertex 10.619412269498852 374.1771384103585 17.333333333333336
      vertex 10.474907441585653 374.0079449952952 17.333333333333336
    endloop
  endfacet
  facet normal 0 0 1
    outer loop
      vertex 10.619412269498852 368.48952825630823 17.333333333333336
      vertex 10.772573957734952 374.3385371533762 17.333333333333336
      vertex 10.619412269498852 374.1771384103585 17.333333333333336
    endloop
  endfacet
  facet normal 0.9832549075639545 0.18223552549214816 0
    outer loop
      vertex 9.580102330248442 395.6684868569124 -17.666666666666664
      vertex 9.580102330248442 395.6684868569124 45.333333333333336
      vertex 9.620650474659104 395.4497086473579 -17.666666666666664
    endloop
  endfacet
  facet normal 0.9723699203976812 0.23344536385588613 0
    outer loop
      vertex 9.620650474659104 395.4497086473579 -17.666666666666664
      vertex 9.620650474659104 395.4497086473579 45.333333333333336
      vertex 9.672593016049237 395.23335239164766 -17.666666666666664
    endloop
  endfacet
  facet normal 0.958819734868194 0.28401534470391926 0
    outer loop
      vertex 9.672593016049237 395.23335239164766 -17.666666666666664
      vertex 9.672593016049237 395.23335239164766 45.333333333333336
      vertex 9.735787583523376 395.02001110723984 -17.666666666666664
    endloop
  endfacet
  facet normal 0.9426414910921642 0.3338068592338112 0
    outer loop
      vertex 9.735787583523376 395.02001110723984 -17.666666666666664
      vertex 9.735787583523376 395.02001110723984 45.333333333333336
      vertex 9.81006096516467 394.81026954776587 -17.666666666666664
    endloop
  endfacet
  facet normal 0.9238795325112839 0.3826834323650969 0
    outer loop
      vertex 9.81006096516467 394.81026954776587 -17.666666666666664
      vertex 9.81006096516467 394.81026954776587 45.333333333333336
      vertex 9.895209582796724 394.60470260026125 -17.666666666666664
    endloop
  endfacet
  facet normal 0.902585284349892 0.4305110968082291 0
    outer loop
      vertex 9.895209582796724 394.60470260026125 -17.666666666666664
      vertex 9.895209582796724 394.60470260026125 45.333333333333336
      vertex 9.991000049977213 394.4038737094403 -17.666666666666664
    endloop
  endfacet
  facet normal 0.8788171126619568 0.477158760259624 0
    outer loop
      vertex 9.991000049977213 394.4038737094403 -17.666666666666664
      vertex 9.991000049977213 394.4038737094403 45.333333333333336
      vertex 10.097169811693913 394.20833333333337 -17.666666666666664
    endloop
  endfacet
  facet normal 0.9969173337331272 0.07845909572785457 0
    outer loop
      vertex 9.551059722462616 395.88908736444586 -17.666666666666664
      vertex 9.53360225507084 396.11090551930084 -17.666666666666664
      vertex 9.53360225507084 396.11090551930084 45.333333333333336
    endloop
  endfacet
  facet normal 0.9996573249755575 0.026176948307869572 0
    outer loop
      vertex 9.53360225507084 396.11090551930084 -17.666666666666664
      vertex 9.527777777777779 396.33333333333337 -17.666666666666664
      vertex 9.527777777777779 396.33333333333337 45.333333333333336
    endloop
  endfacet
  facet normal 0.9996573249755575 -0.026176948307869572 0
    outer loop
      vertex 9.527777777777779 396.33333333333337 -17.666666666666664
      vertex 9.53360225507084 396.5557611473659 -17.666666666666664
      vertex 9.53360225507084 396.5557611473659 45.333333333333336
    endloop
  endfacet
  facet normal 0.9969173337331272 -0.07845909572785457 0
    outer loop
      vertex 9.53360225507084 396.5557611473659 -17.666666666666664
      vertex 9.551059722462616 396.7775793022209 -17.666666666666664
      vertex 9.551059722462616 396.7775793022209 45.333333333333336
    endloop
  endfacet
  facet normal 0.9914448613738103 0.13052619222005246 0
    outer loop
      vertex 9.580102330248442 395.6684868569124 -17.666666666666664
      vertex 9.551059722462616 395.88908736444586 -17.666666666666664
      vertex 9.551059722462616 395.88908736444586 45.333333333333336
    endloop
  endfacet
  facet normal 0.9914448613738103 -0.13052619222005246 0
    outer loop
      vertex 9.551059722462616 396.7775793022209 -17.666666666666664
      vertex 9.580102330248442 396.99817980975433 -17.666666666666664
      vertex 9.580102330248442 396.99817980975433 45.333333333333336
    endloop
  endfacet
  facet normal 0.9832549075639545 -0.18223552549214816 0
    outer loop
      vertex 9.580102330248442 396.99817980975433 -17.666666666666664
      vertex 9.620650474659104 397.21695801930883 -17.666666666666664
      vertex 9.620650474659104 397.21695801930883 45.333333333333336
    endloop
  endfacet
  facet normal 0.9723699203976812 -0.23344536385588613 0
    outer loop
      vertex 9.620650474659104 397.21695801930883 -17.666666666666664
      vertex 9.672593016049237 397.4333142750191 -17.666666666666664
      vertex 9.672593016049237 397.4333142750191 45.333333333333336
    endloop
  endfacet
  facet normal 0.958819734868194 -0.28401534470391926 0
    outer loop
      vertex 9.672593016049237 397.4333142750191 -17.666666666666664
      vertex 9.735787583523376 397.6466555594269 -17.666666666666664
      vertex 9.735787583523376 397.6466555594269 45.333333333333336
    endloop
  endfacet
  facet normal 0.9426414910921642 -0.3338068592338112 0
    outer loop
      vertex 9.735787583523376 397.6466555594269 -17.666666666666664
      vertex 9.81006096516467 397.8563971189009 -17.666666666666664
      vertex 9.81006096516467 397.8563971189009 45.333333333333336
    endloop
  endfacet
  facet normal 0.9238795325112839 -0.3826834323650969 0
    outer loop
      vertex 9.81006096516467 397.8563971189009 -17.666666666666664
      vertex 9.895209582796724 398.0619640664055 -17.666666666666664
      vertex 9.895209582796724 398.0619640664055 45.333333333333336
    endloop
  endfacet
  facet normal 0.902585284349892 -0.4305110968082291 0
    outer loop
      vertex 9.895209582796724 398.0619640664055 -17.666666666666664
      vertex 9.991000049977213 398.26279295722645 -17.666666666666664
      vertex 9.991000049977213 398.26279295722645 45.333333333333336
    endloop
  endfacet
  facet normal 0.8526401643540802 0.5224985647159684 0
    outer loop
      vertex 10.097169811693913 394.20833333333337 -17.666666666666664
      vertex 10.097169811693913 394.20833333333337 45.333333333333336
      vertex 10.213427864009727 394.0186174345195 -17.666666666666664
    endloop
  endfacet
  facet normal 0.824126188622022 0.5664062369248235 0
    outer loop
      vertex 10.213427864009727 394.0186174345195 -17.666666666666664
      vertex 10.213427864009727 394.0186174345195 45.333333333333336
      vertex 10.339455551684253 393.83524601109036 -17.666666666666664
    endloop
  endfacet
  facet normal 0.7933533402912547 0.6087614290086953 0
    outer loop
      vertex 10.339455551684253 393.83524601109036 -17.666666666666664
      vertex 10.339455551684253 393.83524601109036 45.333333333333336
      vertex 10.474907441585653 393.65872167137155 -17.666666666666664
    endloop
  endfacet
  facet normal 0.7604059655999982 0.649448048330222 0
    outer loop
      vertex 10.474907441585653 393.65872167137155 -17.666666666666664
      vertex 10.474907441585653 393.65872167137155 45.333333333333336
      vertex 10.619412269498852 393.48952825630823 -17.666666666666664
    endloop
  endfacet
  facet normal 0.7253743710122956 0.6883545756937456 0
    outer loop
      vertex 10.619412269498852 393.48952825630823 -17.666666666666664
      vertex 10.619412269498852 393.48952825630823 45.333333333333336
      vertex 10.772573957734952 393.32812951329055 -17.666666666666664
    endloop
  endfacet
  facet normal 0.8788171126619568 -0.477158760259624 0
    outer loop
      vertex 9.991000049977213 398.26279295722645 -17.666666666666664
      vertex 10.097169811693913 398.45833333333337 -17.666666666666664
      vertex 10.097169811693913 398.45833333333337 45.333333333333336
    endloop
  endfacet
  facet normal 0.8526401643540802 -0.5224985647159684 0
    outer loop
      vertex 10.097169811693913 398.45833333333337 -17.666666666666664
      vertex 10.213427864009727 398.64804923214723 -17.666666666666664
      vertex 10.213427864009727 398.64804923214723 45.333333333333336
    endloop
  endfacet
  facet normal 0.824126188622022 -0.5664062369248235 0
    outer loop
      vertex 10.213427864009727 398.64804923214723 -17.666666666666664
      vertex 10.339455551684253 398.8314206555764 -17.666666666666664
      vertex 10.339455551684253 398.8314206555764 45.333333333333336
    endloop
  endfacet
  facet normal 0.7933533402912547 -0.6087614290086953 0
    outer loop
      vertex 10.339455551684253 398.8314206555764 -17.666666666666664
      vertex 10.474907441585653 399.0079449952952 -17.666666666666664
      vertex 10.474907441585653 399.0079449952952 45.333333333333336
    endloop
  endfacet
  facet normal 0.7604059655999982 -0.649448048330222 0
    outer loop
      vertex 10.474907441585653 399.0079449952952 -17.666666666666664
      vertex 10.619412269498852 399.1771384103585 -17.666666666666664
      vertex 10.619412269498852 399.1771384103585 45.333333333333336
    endloop
  endfacet
  facet normal 0.7253743710122956 -0.6883545756937456 0
    outer loop
      vertex 10.619412269498852 399.1771384103585 -17.666666666666664
      vertex 10.772573957734952 399.3385371533762 -17.666666666666664
      vertex 10.772573957734952 399.3385371533762 45.333333333333336
    endloop
  endfacet
  facet normal 0 -0.9654290825583873 -0.26066585229076455
    outer loop
      vertex 6.777777777777778 383.33333333333337 -54.666666666666664
      vertex 20.77777777777778 356.33333333333337 45.333333333333336
      vertex 6.777777777777778 356.33333333333337 45.333333333333336
    endloop
  endfacet
  facet normal 0 0 1
    outer loop
      vertex 10.772573957734952 368.32812951329055 17.333333333333336
      vertex 10.93397270075263 368.17496782505447 17.333333333333336
      vertex 10.93397270075263 374.4916988416123 17.333333333333336
    endloop
  endfacet
  facet normal 0 0 1
    outer loop
      vertex 10.93397270075263 368.17496782505447 17.333333333333336
      vertex 11.10316611581597 368.0304629971412 17.333333333333336
      vertex 11.10316611581597 374.6362036695255 17.333333333333336
    endloop
  endfacet
  facet normal 0 0 1
    outer loop
      vertex 10.772573957734952 368.32812951329055 17.333333333333336
      vertex 10.93397270075263 374.4916988416123 17.333333333333336
      vertex 10.772573957734952 374.3385371533762 17.333333333333336
    endloop
  endfacet
  facet normal 0 0 1
    outer loop
      vertex 10.93397270075263 368.17496782505447 17.333333333333336
      vertex 11.10316611581597 374.6362036695255 17.333333333333336
      vertex 10.93397270075263 374.4916988416123 17.333333333333336
    endloop
  endfacet
  facet normal 0 0 1
    outer loop
      vertex 11.10316611581597 368.0304629971412 17.333333333333336
      vertex 11.279690455534766 367.89501110723984 17.333333333333336
      vertex 11.279690455534766 374.7716555594269 17.333333333333336
    endloop
  endfacet
  facet normal 0 0 1
    outer loop
      vertex 11.279690455534766 367.89501110723984 17.333333333333336
      vertex 11.463061878963913 367.7689834195653 17.333333333333336
      vertex 11.463061878963913 374.89768324710144 17.333333333333336
    endloop
  endfacet
  facet normal 0 0 1
    outer loop
      vertex 11.10316611581597 368.0304629971412 17.333333333333336
      vertex 11.279690455534766 374.7716555594269 17.333333333333336
      vertex 11.10316611581597 374.6362036695255 17.333333333333336
    endloop
  endfacet
  facet normal 0 0 1
    outer loop
      vertex 11.279690455534766 367.89501110723984 17.333333333333336
      vertex 11.463061878963913 374.89768324710144 17.333333333333336
      vertex 11.279690455534766 374.7716555594269 17.333333333333336
    endloop
  endfacet
  facet normal 0 0 1
    outer loop
      vertex 11.463061878963913 367.7689834195653 17.333333333333336
      vertex 11.652777777777779 375.01394129941724 17.333333333333336
      vertex 11.463061878963913 374.89768324710144 17.333333333333336
    endloop
  endfacet
  facet normal 0 0 1
    outer loop
      vertex 11.463061878963913 367.7689834195653 17.333333333333336
      vertex 11.652777777777779 367.6527253672495 17.333333333333336
      vertex 11.652777777777779 375.01394129941724 17.333333333333336
    endloop
  endfacet
  facet normal 0 0 1
    outer loop
      vertex 11.848318153884705 367.54655560553283 17.333333333333336
      vertex 11.848318153884705 375.1201110611339 17.333333333333336
      vertex 11.652777777777779 367.6527253672495 17.333333333333336
    endloop
  endfacet
  facet normal 0 0 1
    outer loop
      vertex 11.652777777777779 367.6527253672495 17.333333333333336
      vertex 11.848318153884705 375.1201110611339 17.333333333333336
      vertex 11.652777777777779 375.01394129941724 17.333333333333336
    endloop
  endfacet
  facet normal 0 0 1
    outer loop
      vertex 11.848318153884705 367.54655560553283 17.333333333333336
      vertex 12.049147044705627 367.4507651383523 17.333333333333336
      vertex 12.049147044705627 375.2159015283144 17.333333333333336
    endloop
  endfacet
  facet normal 0 0 1
    outer loop
      vertex 12.049147044705627 367.4507651383523 17.333333333333336
      vertex 12.254713992210252 367.36561652072027 17.333333333333336
      vertex 12.254713992210252 375.3010501459465 17.333333333333336
    endloop
  endfacet
  facet normal 0 0 1
    outer loop
      vertex 11.848318153884705 367.54655560553283 17.333333333333336
      vertex 12.049147044705627 375.2159015283144 17.333333333333336
      vertex 11.848318153884705 375.1201110611339 17.333333333333336
    endloop
  endfacet
  facet normal 0 0 1
    outer loop
      vertex 12.049147044705627 367.4507651383523 17.333333333333336
      vertex 12.254713992210252 375.3010501459465 17.333333333333336
      vertex 12.049147044705627 375.2159015283144 17.333333333333336
    endloop
  endfacet
  facet normal 0 0 1
    outer loop
      vertex 12.254713992210252 367.36561652072027 17.333333333333336
      vertex 12.464455551684253 367.29134313907895 17.333333333333336
      vertex 12.464455551684253 375.3753235275878 17.333333333333336
    endloop
  endfacet
  facet normal 0 0 1
    outer loop
      vertex 12.464455551684253 367.29134313907895 17.333333333333336
      vertex 12.677796836092064 367.22814857160483 17.333333333333336
      vertex 12.677796836092064 375.4385180950619 17.333333333333336
    endloop
  endfacet
  facet normal 0 0 1
    outer loop
      vertex 12.254713992210252 367.36561652072027 17.333333333333336
      vertex 12.464455551684253 375.3753235275878 17.333333333333336
      vertex 12.254713992210252 375.3010501459465 17.333333333333336
    endloop
  endfacet
  facet normal 0 0 1
    outer loop
      vertex 12.464455551684253 367.29134313907895 17.333333333333336
      vertex 12.677796836092064 375.4385180950619 17.333333333333336
      vertex 12.464455551684253 375.3753235275878 17.333333333333336
    endloop
  endfacet
  facet normal 0 0 1
    outer loop
      vertex 12.677796836092064 367.22814857160483 17.333333333333336
      vertex 12.894153091802302 367.1762060302147 17.333333333333336
      vertex 12.894153091802302 375.49046063645204 17.333333333333336
    endloop
  endfacet
  facet normal 0 0 1
    outer loop
      vertex 12.677796836092064 367.22814857160483 17.333333333333336
      vertex 12.894153091802302 375.49046063645204 17.333333333333336
      vertex 12.677796836092064 375.4385180950619 17.333333333333336
    endloop
  endfacet
  facet normal 0 0 1
    outer loop
      vertex 12.894153091802302 367.1762060302147 17.333333333333336
      vertex 13.112931301356795 375.5310087808627 17.333333333333336
      vertex 12.894153091802302 375.49046063645204 17.333333333333336
    endloop
  endfacet
  facet normal 0 0 1
    outer loop
      vertex 12.894153091802302 367.1762060302147 17.333333333333336
      vertex 13.112931301356795 367.13565788580405 17.333333333333336
      vertex 13.112931301356795 375.5310087808627 17.333333333333336
    endloop
  endfacet
  facet normal 0 0 1
    outer loop
      vertex 13.112931301356795 367.13565788580405 17.333333333333336
      vertex 13.33353180889025 367.10661527801824 17.333333333333336
      vertex 13.33353180889025 375.5600513886485 17.333333333333336
    endloop
  endfacet
  facet normal 0 0 1
    outer loop
      vertex 13.112931301356795 367.13565788580405 17.333333333333336
      vertex 13.33353180889025 375.5600513886485 17.333333333333336
      vertex 13.112931301356795 375.5310087808627 17.333333333333336
    endloop
  endfacet
  facet normal 0 0 1
    outer loop
      vertex 13.33353180889025 367.10661527801824 17.333333333333336
      vertex 13.555349963745268 367.08915781062643 17.333333333333336
      vertex 13.555349963745268 375.5775088560403 17.333333333333336
    endloop
  endfacet
  facet normal 0 0 1
    outer loop
      vertex 13.555349963745268 367.08915781062643 17.333333333333336
      vertex 13.777777777777779 367.08333333333337 17.333333333333336
      vertex 13.777777777777779 375.58333333333337 17.333333333333336
    endloop
  endfacet
  facet normal 0 0 1
    outer loop
      vertex 13.33353180889025 367.10661527801824 17.333333333333336
      vertex 13.555349963745268 375.5775088560403 17.333333333333336
      vertex 13.33353180889025 375.5600513886485 17.333333333333336
    endloop
  endfacet
  facet normal 0 0 1
    outer loop
      vertex 13.555349963745268 367.08915781062643 17.333333333333336
      vertex 13.777777777777779 375.58333333333337 17.333333333333336
      vertex 13.555349963745268 375.5775088560403 17.333333333333336
    endloop
  endfacet
  facet normal 0.6883545756937195 0.7253743710123204 0
    outer loop
      vertex 10.772573957734952 393.32812951329055 -17.666666666666664
      vertex 10.772573957734952 393.32812951329055 45.333333333333336
      vertex 10.93397270075263 393.17496782505447 -17.666666666666664
    endloop
  endfacet
  facet normal 0.6494480483302763 0.7604059655999519 0
    outer loop
      vertex 10.93397270075263 393.17496782505447 -17.666666666666664
      vertex 10.93397270075263 393.17496782505447 45.333333333333336
      vertex 11.10316611581597 393.0304629971412 -17.666666666666664
    endloop
  endfacet
  facet normal 0.5664062369248635 0.8241261886219945 0
    outer loop
      vertex 11.279690455534766 392.89501110723984 -17.666666666666664
      vertex 11.279690455534766 392.89501110723984 45.333333333333336
      vertex 11.463061878963913 392.7689834195653 -17.666666666666664
    endloop
  endfacet
  facet normal 0.5224985647159078 0.8526401643541175 0
    outer loop
      vertex 11.463061878963913 392.7689834195653 -17.666666666666664
      vertex 11.463061878963913 392.7689834195653 45.333333333333336
      vertex 11.652777777777779 392.6527253672495 -17.666666666666664
    endloop
  endfacet
  facet normal 0.6087614290086959 0.793353340291254 0
    outer loop
      vertex 11.10316611581597 393.0304629971412 -17.666666666666664
      vertex 11.10316611581597 393.0304629971412 45.333333333333336
      vertex 11.279690455534766 392.89501110723984 -17.666666666666664
    endloop
  endfacet
  facet normal 0.6883545756937195 -0.7253743710123204 0
    outer loop
      vertex 10.772573957734952 399.3385371533762 -17.666666666666664
      vertex 10.93397270075263 399.4916988416123 -17.666666666666664
      vertex 10.93397270075263 399.4916988416123 45.333333333333336
    endloop
  endfacet
  facet normal 0.6494480483302763 -0.7604059655999519 0
    outer loop
      vertex 10.93397270075263 399.4916988416123 -17.666666666666664
      vertex 11.10316611581597 399.6362036695255 -17.666666666666664
      vertex 11.10316611581597 399.6362036695255 45.333333333333336
    endloop
  endfacet
  facet normal 0.6087614290086959 -0.793353340291254 0
    outer loop
      vertex 11.10316611581597 399.6362036695255 -17.666666666666664
      vertex 11.279690455534766 399.7716555594269 -17.666666666666664
      vertex 11.279690455534766 399.7716555594269 45.333333333333336
    endloop
  endfacet
  facet normal 0.5664062369248635 -0.8241261886219945 0
    outer loop
      vertex 11.279690455534766 399.7716555594269 -17.666666666666664
      vertex 11.463061878963913 399.89768324710144 -17.666666666666664
      vertex 11.463061878963913 399.89768324710144 45.333333333333336
    endloop
  endfacet
  facet normal 0.477158760259512 0.8788171126620178 0
    outer loop
      vertex 11.652777777777779 392.6527253672495 -17.666666666666664
      vertex 11.652777777777779 392.6527253672495 45.333333333333336
      vertex 11.848318153884705 392.54655560553283 -17.666666666666664
    endloop
  endfacet
  facet normal 0.43051109680835614 0.9025852843498314 0
    outer loop
      vertex 11.848318153884705 392.54655560553283 -17.666666666666664
      vertex 11.848318153884705 392.54655560553283 45.333333333333336
      vertex 12.049147044705627 392.4507651383523 -17.666666666666664
    endloop
  endfacet
  facet normal 0.3826834323651048 0.9238795325112805 0
    outer loop
      vertex 12.049147044705627 392.4507651383523 -17.666666666666664
      vertex 12.049147044705627 392.4507651383523 45.333333333333336
      vertex 12.254713992210252 392.36561652072027 -17.666666666666664
    endloop
  endfacet
  facet normal 0.5224985647159078 -0.8526401643541175 0
    outer loop
      vertex 11.463061878963913 399.89768324710144 -17.666666666666664
      vertex 11.652777777777779 400.01394129941724 -17.666666666666664
      vertex 11.652777777777779 400.01394129941724 45.333333333333336
    endloop
  endfacet
  facet normal 0.477158760259512 -0.8788171126620178 0
    outer loop
      vertex 11.652777777777779 400.01394129941724 -17.666666666666664
      vertex 11.848318153884705 400.1201110611339 -17.666666666666664
      vertex 11.848318153884705 400.1201110611339 45.333333333333336
    endloop
  endfacet
  facet normal 0.43051109680835614 -0.9025852843498314 0
    outer loop
      vertex 11.848318153884705 400.1201110611339 -17.666666666666664
      vertex 12.049147044705627 400.2159015283144 -17.666666666666664
      vertex 12.049147044705627 400.2159015283144 45.333333333333336
    endloop
  endfacet
  facet normal 0.3826834323651048 -0.9238795325112805 0
    outer loop
      vertex 12.049147044705627 400.2159015283144 -17.666666666666664
      vertex 12.254713992210252 400.3010501459465 -17.666666666666664
      vertex 12.254713992210252 400.3010501459465 45.333333333333336
    endloop
  endfacet
  facet normal 0.3338068592338653 0.942641491092145 0
    outer loop
      vertex 12.254713992210252 392.36561652072027 -17.666666666666664
      vertex 12.254713992210252 392.36561652072027 45.333333333333336
      vertex 12.464455551684253 392.29134313907895 -17.666666666666664
    endloop
  endfacet
  facet normal 0.28401534470382517 0.9588197348682219 0
    outer loop
      vertex 12.464455551684253 392.29134313907895 -17.666666666666664
      vertex 12.464455551684253 392.29134313907895 45.333333333333336
      vertex 12.677796836092064 392.22814857160483 -17.666666666666664
    endloop
  endfacet
  facet normal 0.23344536385590062 0.9723699203976778 0
    outer loop
      vertex 12.677796836092064 392.22814857160483 -17.666666666666664
      vertex 12.677796836092064 392.22814857160483 45.333333333333336
      vertex 12.894153091802302 392.1762060302147 -17.666666666666664
    endloop
  endfacet
  facet normal 0.18223552549209987 0.9832549075639634 0
    outer loop
      vertex 12.894153091802302 392.1762060302147 -17.666666666666664
      vertex 12.894153091802302 392.1762060302147 45.333333333333336
      vertex 13.112931301356795 392.13565788580405 -17.666666666666664
    endloop
  endfacet
  facet normal 0.3338068592338653 -0.942641491092145 0
    outer loop
      vertex 12.254713992210252 400.3010501459465 -17.666666666666664
      vertex 12.464455551684253 400.3753235275878 -17.666666666666664
      vertex 12.464455551684253 400.3753235275878 45.333333333333336
    endloop
  endfacet
  facet normal 0.28401534470382517 -0.9588197348682219 0
    outer loop
      vertex 12.464455551684253 400.3753235275878 -17.666666666666664
      vertex 12.677796836092064 400.4385180950619 -17.666666666666664
      vertex 12.677796836092064 400.4385180950619 45.333333333333336
    endloop
  endfacet
  facet normal 0.23344536385590062 -0.9723699203976778 0
    outer loop
      vertex 12.677796836092064 400.4385180950619 -17.666666666666664
      vertex 12.894153091802302 400.49046063645204 -17.666666666666664
      vertex 12.894153091802302 400.49046063645204 45.333333333333336
    endloop
  endfacet
  facet normal 0.13052619221998554 0.9914448613738192 0
    outer loop
      vertex 13.112931301356795 392.13565788580405 -17.666666666666664
      vertex 13.112931301356795 392.13565788580405 45.333333333333336
      vertex 13.33353180889025 392.10661527801824 -17.666666666666664
    endloop
  endfacet
  facet normal 0.07845909572797821 0.9969173337331175 0
    outer loop
      vertex 13.33353180889025 392.10661527801824 -17.666666666666664
      vertex 13.33353180889025 392.10661527801824 45.333333333333336
      vertex 13.555349963745268 392.08915781062643 -17.666666666666664
    endloop
  endfacet
  facet normal 0.026176948307871657 0.9996573249755573 0
    outer loop
      vertex 13.555349963745268 392.08915781062643 -17.666666666666664
      vertex 13.555349963745268 392.08915781062643 45.333333333333336
      vertex 13.777777777777779 392.08333333333337 -17.666666666666664
    endloop
  endfacet
  facet normal 0.18223552549209987 -0.9832549075639634 0
    outer loop
      vertex 12.894153091802302 400.49046063645204 -17.666666666666664
      vertex 13.112931301356795 400.5310087808627 -17.666666666666664
      vertex 13.112931301356795 400.5310087808627 45.333333333333336
    endloop
  endfacet
  facet normal 0.13052619221998554 -0.9914448613738192 0
    outer loop
      vertex 13.112931301356795 400.5310087808627 -17.666666666666664
      vertex 13.33353180889025 400.5600513886485 -17.666666666666664
      vertex 13.33353180889025 400.5600513886485 45.333333333333336
    endloop
  endfacet
  facet normal 0.07845909572797821 -0.9969173337331175 0
    outer loop
      vertex 13.33353180889025 400.5600513886485 -17.666666666666664
      vertex 13.555349963745268 400.5775088560403 -17.666666666666664
      vertex 13.555349963745268 400.5775088560403 45.333333333333336
    endloop
  endfacet
  facet normal 0.026176948307871657 -0.9996573249755573 0
    outer loop
      vertex 13.555349963745268 400.5775088560403 -17.666666666666664
      vertex 13.777777777777779 400.58333333333337 -17.666666666666664
      vertex 13.777777777777779 400.58333333333337 45.333333333333336
    endloop
  endfacet
  facet normal 0.9723699203976811 0.23344536385588607 0
    outer loop
      vertex 9.620650474659104 370.4497086473579 17.333333333333336
      vertex 9.620650474659104 370.4497086473579 45.333333333333336
      vertex 9.672593016049237 370.23335239164766 17.333333333333336
    endloop
  endfacet
  facet normal 0.9969173337331272 0.07845909572785457 0
    outer loop
      vertex 9.551059722462616 370.88908736444586 17.333333333333336
      vertex 9.53360225507084 371.11090551930084 17.333333333333336
      vertex 9.53360225507084 371.11090551930084 45.333333333333336
    endloop
  endfacet
  facet normal 0.9996573249755573 0.02617694830786957 0
    outer loop
      vertex 9.53360225507084 371.11090551930084 17.333333333333336
      vertex 9.527777777777779 371.33333333333337 17.333333333333336
      vertex 9.527777777777779 371.33333333333337 45.333333333333336
    endloop
  endfacet
  facet normal 0.9996573249755573 -0.02617694830786957 0
    outer loop
      vertex 9.527777777777779 371.33333333333337 17.333333333333336
      vertex 9.53360225507084 371.5557611473659 17.333333333333336
      vertex 9.53360225507084 371.5557611473659 45.333333333333336
    endloop
  endfacet
  facet normal 0.9969173337331272 -0.07845909572785457 0
    outer loop
      vertex 9.53360225507084 371.5557611473659 17.333333333333336
      vertex 9.551059722462616 371.7775793022209 17.333333333333336
      vertex 9.551059722462616 371.7775793022209 45.333333333333336
    endloop
  endfacet
  facet normal 0.9832549075639545 0.18223552549214816 0
    outer loop
      vertex 9.580102330248442 370.6684868569124 17.333333333333336
      vertex 9.580102330248442 370.6684868569124 45.333333333333336
      vertex 9.620650474659104 370.4497086473579 17.333333333333336
    endloop
  endfacet
  facet normal 0.9914448613738104 0.13052619222005246 0
    outer loop
      vertex 9.551059722462616 370.88908736444586 17.333333333333336
      vertex 9.551059722462616 370.88908736444586 45.333333333333336
      vertex 9.580102330248442 370.6684868569124 17.333333333333336
    endloop
  endfacet
  facet normal 0.9914448613738104 -0.13052619222005246 0
    outer loop
      vertex 9.551059722462616 371.7775793022209 17.333333333333336
      vertex 9.580102330248442 371.99817980975433 17.333333333333336
      vertex 9.580102330248442 371.99817980975433 45.333333333333336
    endloop
  endfacet
  facet normal 0.9832549075639545 -0.18223552549214816 0
    outer loop
      vertex 9.580102330248442 371.99817980975433 17.333333333333336
      vertex 9.620650474659104 372.21695801930883 17.333333333333336
      vertex 9.620650474659104 372.21695801930883 45.333333333333336
    endloop
  endfacet
  facet normal 0.9588197348681939 0.2840153447039192 0
    outer loop
      vertex 9.672593016049237 370.23335239164766 17.333333333333336
      vertex 9.672593016049237 370.23335239164766 45.333333333333336
      vertex 9.735787583523376 370.02001110723984 17.333333333333336
    endloop
  endfacet
  facet normal 0.9426414910921641 0.3338068592338112 0
    outer loop
      vertex 9.735787583523376 370.02001110723984 17.333333333333336
      vertex 9.735787583523376 370.02001110723984 45.333333333333336
      vertex 9.81006096516467 369.81026954776587 17.333333333333336
    endloop
  endfacet
  facet normal 0.9238795325112839 0.3826834323650969 0
    outer loop
      vertex 9.81006096516467 369.81026954776587 17.333333333333336
      vertex 9.81006096516467 369.81026954776587 45.333333333333336
      vertex 9.895209582796724 369.60470260026125 17.333333333333336
    endloop
  endfacet
  facet normal 0.9025852843498922 0.43051109680822913 0
    outer loop
      vertex 9.895209582796724 369.60470260026125 17.333333333333336
      vertex 9.895209582796724 369.60470260026125 45.333333333333336
      vertex 9.991000049977213 369.4038737094403 17.333333333333336
    endloop
  endfacet
  facet normal 0.878817112661957 0.477158760259624 0
    outer loop
      vertex 9.991000049977213 369.4038737094403 17.333333333333336
      vertex 9.991000049977213 369.4038737094403 45.333333333333336
      vertex 10.097169811693913 369.20833333333337 17.333333333333336
    endloop
  endfacet
  facet normal 0.9723699203976811 -0.23344536385588607 0
    outer loop
      vertex 9.620650474659104 372.21695801930883 17.333333333333336
      vertex 9.672593016049237 372.4333142750191 17.333333333333336
      vertex 9.672593016049237 372.4333142750191 45.333333333333336
    endloop
  endfacet
  facet normal 0.9588197348681939 -0.2840153447039192 0
    outer loop
      vertex 9.672593016049237 372.4333142750191 17.333333333333336
      vertex 9.735787583523376 372.6466555594269 17.333333333333336
      vertex 9.735787583523376 372.6466555594269 45.333333333333336
    endloop
  endfacet
  facet normal 0.9426414910921641 -0.3338068592338112 0
    outer loop
      vertex 9.735787583523376 372.6466555594269 17.333333333333336
      vertex 9.81006096516467 372.8563971189009 17.333333333333336
      vertex 9.81006096516467 372.8563971189009 45.333333333333336
    endloop
  endfacet
  facet normal 0.9238795325112839 -0.3826834323650969 0
    outer loop
      vertex 9.81006096516467 372.8563971189009 17.333333333333336
      vertex 9.895209582796724 373.0619640664055 17.333333333333336
      vertex 9.895209582796724 373.0619640664055 45.333333333333336
    endloop
  endfacet
  facet normal 0.9025852843498922 -0.43051109680822913 0
    outer loop
      vertex 9.895209582796724 373.0619640664055 17.333333333333336
      vertex 9.991000049977213 373.26279295722645 17.333333333333336
      vertex 9.991000049977213 373.26279295722645 45.333333333333336
    endloop
  endfacet
  facet normal 0.8526401643540803 0.5224985647159686 0
    outer loop
      vertex 10.097169811693913 369.20833333333337 17.333333333333336
      vertex 10.097169811693913 369.20833333333337 45.333333333333336
      vertex 10.213427864009727 369.0186174345195 17.333333333333336
    endloop
  endfacet
  facet normal 0.824126188622022 0.5664062369248235 0
    outer loop
      vertex 10.213427864009727 369.0186174345195 17.333333333333336
      vertex 10.213427864009727 369.0186174345195 45.333333333333336
      vertex 10.339455551684253 368.83524601109036 17.333333333333336
    endloop
  endfacet
  facet normal 0.7933533402912547 0.6087614290086953 0
    outer loop
      vertex 10.339455551684253 368.83524601109036 17.333333333333336
      vertex 10.339455551684253 368.83524601109036 45.333333333333336
      vertex 10.474907441585653 368.65872167137155 17.333333333333336
    endloop
  endfacet
  facet normal 0.7604059655999981 0.649448048330222 0
    outer loop
      vertex 10.474907441585653 368.65872167137155 17.333333333333336
      vertex 10.474907441585653 368.65872167137155 45.333333333333336
      vertex 10.619412269498852 368.48952825630823 17.333333333333336
    endloop
  endfacet
  facet normal 0.7253743710122956 0.6883545756937456 0
    outer loop
      vertex 10.619412269498852 368.48952825630823 17.333333333333336
      vertex 10.619412269498852 368.48952825630823 45.333333333333336
      vertex 10.772573957734952 368.32812951329055 17.333333333333336
    endloop
  endfacet
  facet normal 0.878817112661957 -0.477158760259624 0
    outer loop
      vertex 9.991000049977213 373.26279295722645 17.333333333333336
      vertex 10.097169811693913 373.45833333333337 17.333333333333336
      vertex 10.097169811693913 373.45833333333337 45.333333333333336
    endloop
  endfacet
  facet normal 0.8526401643540803 -0.5224985647159686 0
    outer loop
      vertex 10.097169811693913 373.45833333333337 17.333333333333336
      vertex 10.213427864009727 373.64804923214723 17.333333333333336
      vertex 10.213427864009727 373.64804923214723 45.333333333333336
    endloop
  endfacet
  facet normal 0.824126188622022 -0.5664062369248235 0
    outer loop
      vertex 10.213427864009727 373.64804923214723 17.333333333333336
      vertex 10.339455551684253 373.8314206555764 17.333333333333336
      vertex 10.339455551684253 373.8314206555764 45.333333333333336
    endloop
  endfacet
  facet normal 0.7933533402912547 -0.6087614290086953 0
    outer loop
      vertex 10.339455551684253 373.8314206555764 17.333333333333336
      vertex 10.474907441585653 374.0079449952952 17.333333333333336
      vertex 10.474907441585653 374.0079449952952 45.333333333333336
    endloop
  endfacet
  facet normal 0.7604059655999981 -0.649448048330222 0
    outer loop
      vertex 10.474907441585653 374.0079449952952 17.333333333333336
      vertex 10.619412269498852 374.1771384103585 17.333333333333336
      vertex 10.619412269498852 374.1771384103585 45.333333333333336
    endloop
  endfacet
  facet normal 0.7253743710122956 -0.6883545756937456 0
    outer loop
      vertex 10.619412269498852 374.1771384103585 17.333333333333336
      vertex 10.772573957734952 374.3385371533762 17.333333333333336
      vertex 10.772573957734952 374.3385371533762 45.333333333333336
    endloop
  endfacet
  facet normal 0 0 1
    outer loop
      vertex 5.483682552265175 356.503704201888 45.333333333333336
      vertex 9.580102330248442 370.6684868569124 45.333333333333336
      vertex 9.551059722462616 370.88908736444586 45.333333333333336
    endloop
  endfacet
  facet normal 0 0 1
    outer loop
      vertex 5.483682552265175 356.503704201888 45.333333333333336
      vertex 9.620650474659104 370.4497086473579 45.333333333333336
      vertex 9.580102330248442 370.6684868569124 45.333333333333336
    endloop
  endfacet
  facet normal 0 0 1
    outer loop
      vertex 5.483682552265175 356.503704201888 45.333333333333336
      vertex 9.672593016049237 370.23335239164766 45.333333333333336
      vertex 9.620650474659104 370.4497086473579 45.333333333333336
    endloop
  endfacet
  facet normal 0 0 1
    outer loop
      vertex 5.483682552265175 356.503704201888 45.333333333333336
      vertex 9.735787583523376 370.02001110723984 45.333333333333336
      vertex 9.672593016049237 370.23335239164766 45.333333333333336
    endloop
  endfacet
  facet normal 0 0 1
    outer loop
      vertex 5.483682552265175 356.503704201888 45.333333333333336
      vertex 9.81006096516467 369.81026954776587 45.333333333333336
      vertex 9.735787583523376 370.02001110723984 45.333333333333336
    endloop
  endfacet
  facet normal 0 0 1
    outer loop
      vertex 5.483682552265175 356.503704201888 45.333333333333336
      vertex 9.895209582796724 369.60470260026125 45.333333333333336
      vertex 9.81006096516467 369.81026954776587 45.333333333333336
    endloop
  endfacet
  facet normal 0 0 1
    outer loop
      vertex 5.483682552265175 356.503704201888 45.333333333333336
      vertex 9.991000049977213 369.4038737094403 45.333333333333336
      vertex 9.895209582796724 369.60470260026125 45.333333333333336
    endloop
  endfacet
  facet normal 0 0 1
    outer loop
      vertex 5.483682552265175 356.503704201888 45.333333333333336
      vertex 10.097169811693913 369.20833333333337 45.333333333333336
      vertex 9.991000049977213 369.4038737094403 45.333333333333336
    endloop
  endfacet
  facet normal 0 0 1
    outer loop
      vertex 5.483682552265175 356.503704201888 45.333333333333336
      vertex 10.474907441585653 368.65872167137155 45.333333333333336
      vertex 10.339455551684253 368.83524601109036 45.333333333333336
    endloop
  endfacet
  facet normal 0 0 1
    outer loop
      vertex 5.483682552265175 356.503704201888 45.333333333333336
      vertex 10.619412269498852 368.48952825630823 45.333333333333336
      vertex 10.474907441585653 368.65872167137155 45.333333333333336
    endloop
  endfacet
  facet normal 0 0 1
    outer loop
      vertex 5.483682552265175 356.503704201888 45.333333333333336
      vertex 10.213427864009727 369.0186174345195 45.333333333333336
      vertex 10.097169811693913 369.20833333333337 45.333333333333336
    endloop
  endfacet
  facet normal 0 0 1
    outer loop
      vertex 5.483682552265175 356.503704201888 45.333333333333336
      vertex 10.339455551684253 368.83524601109036 45.333333333333336
      vertex 10.213427864009727 369.0186174345195 45.333333333333336
    endloop
  endfacet
  facet normal 0 0 1
    outer loop
      vertex 5.483682552265175 356.503704201888 45.333333333333336
      vertex 10.772573957734952 368.32812951329055 45.333333333333336
      vertex 10.619412269498852 368.48952825630823 45.333333333333336
    endloop
  endfacet
  facet normal 0 0 1
    outer loop
      vertex 5.483682552265175 356.503704201888 45.333333333333336
      vertex 10.93397270075263 368.17496782505447 45.333333333333336
      vertex 10.772573957734952 368.32812951329055 45.333333333333336
    endloop
  endfacet
  facet normal 0 0 1
    outer loop
      vertex 5.483682552265175 356.503704201888 45.333333333333336
      vertex 11.10316611581597 368.0304629971412 45.333333333333336
      vertex 10.93397270075263 368.17496782505447 45.333333333333336
    endloop
  endfacet
  facet normal 0 0 1
    outer loop
      vertex 5.483682552265175 356.503704201888 45.333333333333336
      vertex 11.279690455534766 367.89501110723984 45.333333333333336
      vertex 11.10316611581597 368.0304629971412 45.333333333333336
    endloop
  endfacet
  facet normal 0 0 1
    outer loop
      vertex 5.483682552265175 356.503704201888 45.333333333333336
      vertex 11.463061878963913 367.7689834195653 45.333333333333336
      vertex 11.279690455534766 367.89501110723984 45.333333333333336
    endloop
  endfacet
  facet normal 0 0 1
    outer loop
      vertex 5.483682552265175 356.503704201888 45.333333333333336
      vertex 11.652777777777779 367.6527253672495 45.333333333333336
      vertex 11.463061878963913 367.7689834195653 45.333333333333336
    endloop
  endfacet
  facet normal 0 0 1
    outer loop
      vertex 5.483682552265175 356.503704201888 45.333333333333336
      vertex 11.848318153884705 367.54655560553283 45.333333333333336
      vertex 11.652777777777779 367.6527253672495 45.333333333333336
    endloop
  endfacet
  facet normal 0 0 1
    outer loop
      vertex 5.483682552265175 356.503704201888 45.333333333333336
      vertex 12.049147044705627 367.4507651383523 45.333333333333336
      vertex 11.848318153884705 367.54655560553283 45.333333333333336
    endloop
  endfacet
  facet normal 0 0 1
    outer loop
      vertex 5.483682552265175 356.503704201888 45.333333333333336
      vertex 12.254713992210252 367.36561652072027 45.333333333333336
      vertex 12.049147044705627 367.4507651383523 45.333333333333336
    endloop
  endfacet
  facet normal 0 0 1
    outer loop
      vertex 5.483682552265175 356.503704201888 45.333333333333336
      vertex 12.464455551684253 367.29134313907895 45.333333333333336
      vertex 12.254713992210252 367.36561652072027 45.333333333333336
    endloop
  endfacet
  facet normal 0 0 1
    outer loop
      vertex 5.483682552265175 356.503704201888 45.333333333333336
      vertex 12.677796836092064 367.22814857160483 45.333333333333336
      vertex 12.464455551684253 367.29134313907895 45.333333333333336
    endloop
  endfacet
  facet normal 0 0 1
    outer loop
      vertex 5.483682552265175 356.503704201888 45.333333333333336
      vertex 12.894153091802302 367.1762060302147 45.333333333333336
      vertex 12.677796836092064 367.22814857160483 45.333333333333336
    endloop
  endfacet
  facet normal 0 0 1
    outer loop
      vertex 5.483682552265175 356.503704201888 45.333333333333336
      vertex 13.112931301356795 367.13565788580405 45.333333333333336
      vertex 12.894153091802302 367.1762060302147 45.333333333333336
    endloop
  endfacet
  facet normal 0 0 1
    outer loop
      vertex 5.483682552265175 356.503704201888 45.333333333333336
      vertex 13.33353180889025 367.10661527801824 45.333333333333336
      vertex 13.112931301356795 367.13565788580405 45.333333333333336
    endloop
  endfacet
  facet normal 0.9969173337331272 0.07845909572785457 0
    outer loop
      vertex 9.551059722462616 370.88908736444586 17.333333333333336
      vertex 9.53360225507084 371.11090551930084 45.333333333333336
      vertex 9.551059722462616 370.88908736444586 45.333333333333336
    endloop
  endfacet
  facet normal 0.9996573249755573 0.02617694830786957 0
    outer loop
      vertex 9.53360225507084 371.11090551930084 17.333333333333336
      vertex 9.527777777777779 371.33333333333337 45.333333333333336
      vertex 9.53360225507084 371.11090551930084 45.333333333333336
    endloop
  endfacet
  facet normal 0.9996573249755573 -0.02617694830786957 0
    outer loop
      vertex 9.527777777777779 371.33333333333337 17.333333333333336
      vertex 9.53360225507084 371.5557611473659 45.333333333333336
      vertex 9.527777777777779 371.33333333333337 45.333333333333336
    endloop
  endfacet
  facet normal 0.9969173337331272 -0.07845909572785457 0
    outer loop
      vertex 9.53360225507084 371.5557611473659 17.333333333333336
      vertex 9.551059722462616 371.7775793022209 45.333333333333336
      vertex 9.53360225507084 371.5557611473659 45.333333333333336
    endloop
  endfacet
  facet normal 0.9914448613738104 0.13052619222005246 0
    outer loop
      vertex 9.580102330248442 370.6684868569124 17.333333333333336
      vertex 9.551059722462616 370.88908736444586 45.333333333333336
      vertex 9.580102330248442 370.6684868569124 45.333333333333336
    endloop
  endfacet
  facet normal 0.9832549075639545 0.18223552549214816 0
    outer loop
      vertex 9.620650474659104 370.4497086473579 17.333333333333336
      vertex 9.580102330248442 370.6684868569124 45.333333333333336
      vertex 9.620650474659104 370.4497086473579 45.333333333333336
    endloop
  endfacet
  facet normal 0.9914448613738104 -0.13052619222005246 0
    outer loop
      vertex 9.551059722462616 371.7775793022209 17.333333333333336
      vertex 9.580102330248442 371.99817980975433 45.333333333333336
      vertex 9.551059722462616 371.7775793022209 45.333333333333336
    endloop
  endfacet
  facet normal 0.9832549075639545 -0.18223552549214816 0
    outer loop
      vertex 9.580102330248442 371.99817980975433 17.333333333333336
      vertex 9.620650474659104 372.21695801930883 45.333333333333336
      vertex 9.580102330248442 371.99817980975433 45.333333333333336
    endloop
  endfacet
  facet normal 0.9723699203976811 -0.23344536385588607 0
    outer loop
      vertex 9.620650474659104 372.21695801930883 17.333333333333336
      vertex 9.672593016049237 372.4333142750191 45.333333333333336
      vertex 9.620650474659104 372.21695801930883 45.333333333333336
    endloop
  endfacet
  facet normal 0.9723699203976811 0.23344536385588607 0
    outer loop
      vertex 9.672593016049237 370.23335239164766 17.333333333333336
      vertex 9.620650474659104 370.4497086473579 45.333333333333336
      vertex 9.672593016049237 370.23335239164766 45.333333333333336
    endloop
  endfacet
  facet normal 0.9588197348681939 0.2840153447039192 0
    outer loop
      vertex 9.735787583523376 370.02001110723984 17.333333333333336
      vertex 9.672593016049237 370.23335239164766 45.333333333333336
      vertex 9.735787583523376 370.02001110723984 45.333333333333336
    endloop
  endfacet
  facet normal 0.9426414910921641 0.3338068592338112 0
    outer loop
      vertex 9.81006096516467 369.81026954776587 17.333333333333336
      vertex 9.735787583523376 370.02001110723984 45.333333333333336
      vertex 9.81006096516467 369.81026954776587 45.333333333333336
    endloop
  endfacet
  facet normal 0.9238795325112839 0.3826834323650969 0
    outer loop
      vertex 9.895209582796724 369.60470260026125 17.333333333333336
      vertex 9.81006096516467 369.81026954776587 45.333333333333336
      vertex 9.895209582796724 369.60470260026125 45.333333333333336
    endloop
  endfacet
  facet normal 0.9025852843498922 0.43051109680822913 0
    outer loop
      vertex 9.991000049977213 369.4038737094403 17.333333333333336
      vertex 9.895209582796724 369.60470260026125 45.333333333333336
      vertex 9.991000049977213 369.4038737094403 45.333333333333336
    endloop
  endfacet
  facet normal 0.9588197348681939 -0.2840153447039192 0
    outer loop
      vertex 9.672593016049237 372.4333142750191 17.333333333333336
      vertex 9.735787583523376 372.6466555594269 45.333333333333336
      vertex 9.672593016049237 372.4333142750191 45.333333333333336
    endloop
  endfacet
  facet normal 0.9426414910921641 -0.3338068592338112 0
    outer loop
      vertex 9.735787583523376 372.6466555594269 17.333333333333336
      vertex 9.81006096516467 372.8563971189009 45.333333333333336
      vertex 9.735787583523376 372.6466555594269 45.333333333333336
    endloop
  endfacet
  facet normal 0.9238795325112839 -0.3826834323650969 0
    outer loop
      vertex 9.81006096516467 372.8563971189009 17.333333333333336
      vertex 9.895209582796724 373.0619640664055 45.333333333333336
      vertex 9.81006096516467 372.8563971189009 45.333333333333336
    endloop
  endfacet
  facet normal 0.9025852843498922 -0.43051109680822913 0
    outer loop
      vertex 9.895209582796724 373.0619640664055 17.333333333333336
      vertex 9.991000049977213 373.26279295722645 45.333333333333336
      vertex 9.895209582796724 373.0619640664055 45.333333333333336
    endloop
  endfacet
  facet normal 0.878817112661957 -0.477158760259624 0
    outer loop
      vertex 9.991000049977213 373.26279295722645 17.333333333333336
      vertex 10.097169811693913 373.45833333333337 45.333333333333336
      vertex 9.991000049977213 373.26279295722645 45.333333333333336
    endloop
  endfacet
  facet normal 0.878817112661957 0.477158760259624 0
    outer loop
      vertex 10.097169811693913 369.20833333333337 17.333333333333336
      vertex 9.991000049977213 369.4038737094403 45.333333333333336
      vertex 10.097169811693913 369.20833333333337 45.333333333333336
    endloop
  endfacet
  facet normal 0.8526401643540803 0.5224985647159686 0
    outer loop
      vertex 10.213427864009727 369.0186174345195 17.333333333333336
      vertex 10.097169811693913 369.20833333333337 45.333333333333336
      vertex 10.213427864009727 369.0186174345195 45.333333333333336
    endloop
  endfacet
  facet normal 0.824126188622022 0.5664062369248235 0
    outer loop
      vertex 10.339455551684253 368.83524601109036 17.333333333333336
      vertex 10.213427864009727 369.0186174345195 45.333333333333336
      vertex 10.339455551684253 368.83524601109036 45.333333333333336
    endloop
  endfacet
  facet normal 0.7933533402912547 0.6087614290086953 0
    outer loop
      vertex 10.474907441585653 368.65872167137155 17.333333333333336
      vertex 10.339455551684253 368.83524601109036 45.333333333333336
      vertex 10.474907441585653 368.65872167137155 45.333333333333336
    endloop
  endfacet
  facet normal 0.7604059655999981 0.649448048330222 0
    outer loop
      vertex 10.619412269498852 368.48952825630823 17.333333333333336
      vertex 10.474907441585653 368.65872167137155 45.333333333333336
      vertex 10.619412269498852 368.48952825630823 45.333333333333336
    endloop
  endfacet
  facet normal 0.7253743710122956 0.6883545756937456 0
    outer loop
      vertex 10.772573957734952 368.32812951329055 17.333333333333336
      vertex 10.619412269498852 368.48952825630823 45.333333333333336
      vertex 10.772573957734952 368.32812951329055 45.333333333333336
    endloop
  endfacet
  facet normal 0.8526401643540803 -0.5224985647159686 0
    outer loop
      vertex 10.097169811693913 373.45833333333337 17.333333333333336
      vertex 10.213427864009727 373.64804923214723 45.333333333333336
      vertex 10.097169811693913 373.45833333333337 45.333333333333336
    endloop
  endfacet
  facet normal 0.824126188622022 -0.5664062369248235 0
    outer loop
      vertex 10.213427864009727 373.64804923214723 17.333333333333336
      vertex 10.339455551684253 373.8314206555764 45.333333333333336
      vertex 10.213427864009727 373.64804923214723 45.333333333333336
    endloop
  endfacet
  facet normal 0.7933533402912547 -0.6087614290086953 0
    outer loop
      vertex 10.339455551684253 373.8314206555764 17.333333333333336
      vertex 10.474907441585653 374.0079449952952 45.333333333333336
      vertex 10.339455551684253 373.8314206555764 45.333333333333336
    endloop
  endfacet
  facet normal 0.7604059655999981 -0.649448048330222 0
    outer loop
      vertex 10.474907441585653 374.0079449952952 17.333333333333336
      vertex 10.619412269498852 374.1771384103585 45.333333333333336
      vertex 10.474907441585653 374.0079449952952 45.333333333333336
    endloop
  endfacet
  facet normal 0.7253743710122956 -0.6883545756937456 0
    outer loop
      vertex 10.619412269498852 374.1771384103585 17.333333333333336
      vertex 10.772573957734952 374.3385371533762 45.333333333333336
      vertex 10.619412269498852 374.1771384103585 45.333333333333336
    endloop
  endfacet
  facet normal 0.9832549075639545 0.18223552549214816 0
    outer loop
      vertex 9.620650474659104 395.4497086473579 -17.666666666666664
      vertex 9.580102330248442 395.6684868569124 45.333333333333336
      vertex 9.620650474659104 395.4497086473579 45.333333333333336
    endloop
  endfacet
  facet normal 0.9723699203976812 0.23344536385588613 0
    outer loop
      vertex 9.672593016049237 395.23335239164766 -17.666666666666664
      vertex 9.620650474659104 395.4497086473579 45.333333333333336
      vertex 9.672593016049237 395.23335239164766 45.333333333333336
    endloop
  endfacet
  facet normal 0.958819734868194 0.28401534470391926 0
    outer loop
      vertex 9.735787583523376 395.02001110723984 -17.666666666666664
      vertex 9.672593016049237 395.23335239164766 45.333333333333336
      vertex 9.735787583523376 395.02001110723984 45.333333333333336
    endloop
  endfacet
  facet normal 0.9426414910921642 0.3338068592338112 0
    outer loop
      vertex 9.81006096516467 394.81026954776587 -17.666666666666664
      vertex 9.735787583523376 395.02001110723984 45.333333333333336
      vertex 9.81006096516467 394.81026954776587 45.333333333333336
    endloop
  endfacet
  facet normal 0.9238795325112839 0.3826834323650969 0
    outer loop
      vertex 9.895209582796724 394.60470260026125 -17.666666666666664
      vertex 9.81006096516467 394.81026954776587 45.333333333333336
      vertex 9.895209582796724 394.60470260026125 45.333333333333336
    endloop
  endfacet
  facet normal 0.902585284349892 0.4305110968082291 0
    outer loop
      vertex 9.991000049977213 394.4038737094403 -17.666666666666664
      vertex 9.895209582796724 394.60470260026125 45.333333333333336
      vertex 9.991000049977213 394.4038737094403 45.333333333333336
    endloop
  endfacet
  facet normal 0.9969173337331272 0.07845909572785457 0
    outer loop
      vertex 9.551059722462616 395.88908736444586 -17.666666666666664
      vertex 9.53360225507084 396.11090551930084 45.333333333333336
      vertex 9.551059722462616 395.88908736444586 45.333333333333336
    endloop
  endfacet
  facet normal 0.9996573249755575 0.026176948307869572 0
    outer loop
      vertex 9.53360225507084 396.11090551930084 -17.666666666666664
      vertex 9.527777777777779 396.33333333333337 45.333333333333336
      vertex 9.53360225507084 396.11090551930084 45.333333333333336
    endloop
  endfacet
  facet normal 0.9996573249755575 -0.026176948307869572 0
    outer loop
      vertex 9.527777777777779 396.33333333333337 -17.666666666666664
      vertex 9.53360225507084 396.5557611473659 45.333333333333336
      vertex 9.527777777777779 396.33333333333337 45.333333333333336
    endloop
  endfacet
  facet normal 0.9969173337331272 -0.07845909572785457 0
    outer loop
      vertex 9.53360225507084 396.5557611473659 -17.666666666666664
      vertex 9.551059722462616 396.7775793022209 45.333333333333336
      vertex 9.53360225507084 396.5557611473659 45.333333333333336
    endloop
  endfacet
  facet normal 0.9914448613738103 0.13052619222005246 0
    outer loop
      vertex 9.580102330248442 395.6684868569124 -17.666666666666664
      vertex 9.551059722462616 395.88908736444586 45.333333333333336
      vertex 9.580102330248442 395.6684868569124 45.333333333333336
    endloop
  endfacet
  facet normal 0.9914448613738103 -0.13052619222005246 0
    outer loop
      vertex 9.551059722462616 396.7775793022209 -17.666666666666664
      vertex 9.580102330248442 396.99817980975433 45.333333333333336
      vertex 9.551059722462616 396.7775793022209 45.333333333333336
    endloop
  endfacet
  facet normal 0.9832549075639545 -0.18223552549214816 0
    outer loop
      vertex 9.580102330248442 396.99817980975433 -17.666666666666664
      vertex 9.620650474659104 397.21695801930883 45.333333333333336
      vertex 9.580102330248442 396.99817980975433 45.333333333333336
    endloop
  endfacet
  facet normal 0.9723699203976812 -0.23344536385588613 0
    outer loop
      vertex 9.620650474659104 397.21695801930883 -17.666666666666664
      vertex 9.672593016049237 397.4333142750191 45.333333333333336
      vertex 9.620650474659104 397.21695801930883 45.333333333333336
    endloop
  endfacet
  facet normal 0.958819734868194 -0.28401534470391926 0
    outer loop
      vertex 9.672593016049237 397.4333142750191 -17.666666666666664
      vertex 9.735787583523376 397.6466555594269 45.333333333333336
      vertex 9.672593016049237 397.4333142750191 45.333333333333336
    endloop
  endfacet
  facet normal 0.9426414910921642 -0.3338068592338112 0
    outer loop
      vertex 9.735787583523376 397.6466555594269 -17.666666666666664
      vertex 9.81006096516467 397.8563971189009 45.333333333333336
      vertex 9.735787583523376 397.6466555594269 45.333333333333336
    endloop
  endfacet
  facet normal 0.9238795325112839 -0.3826834323650969 0
    outer loop
      vertex 9.81006096516467 397.8563971189009 -17.666666666666664
      vertex 9.895209582796724 398.0619640664055 45.333333333333336
      vertex 9.81006096516467 397.8563971189009 45.333333333333336
    endloop
  endfacet
  facet normal 0.902585284349892 -0.4305110968082291 0
    outer loop
      vertex 9.895209582796724 398.0619640664055 -17.666666666666664
      vertex 9.991000049977213 398.26279295722645 45.333333333333336
      vertex 9.895209582796724 398.0619640664055 45.333333333333336
    endloop
  endfacet
  facet normal 0.8788171126619568 -0.477158760259624 0
    outer loop
      vertex 9.991000049977213 398.26279295722645 -17.666666666666664
      vertex 10.097169811693913 398.45833333333337 45.333333333333336
      vertex 9.991000049977213 398.26279295722645 45.333333333333336
    endloop
  endfacet
  facet normal 0.8788171126619568 0.477158760259624 0
    outer loop
      vertex 10.097169811693913 394.20833333333337 -17.666666666666664
      vertex 9.991000049977213 394.4038737094403 45.333333333333336
      vertex 10.097169811693913 394.20833333333337 45.333333333333336
    endloop
  endfacet
  facet normal 0.8526401643540802 0.5224985647159684 0
    outer loop
      vertex 10.213427864009727 394.0186174345195 -17.666666666666664
      vertex 10.097169811693913 394.20833333333337 45.333333333333336
      vertex 10.213427864009727 394.0186174345195 45.333333333333336
    endloop
  endfacet
  facet normal 0.824126188622022 0.5664062369248235 0
    outer loop
      vertex 10.339455551684253 393.83524601109036 -17.666666666666664
      vertex 10.213427864009727 394.0186174345195 45.333333333333336
      vertex 10.339455551684253 393.83524601109036 45.333333333333336
    endloop
  endfacet
  facet normal 0.7933533402912547 0.6087614290086953 0
    outer loop
      vertex 10.474907441585653 393.65872167137155 -17.666666666666664
      vertex 10.339455551684253 393.83524601109036 45.333333333333336
      vertex 10.474907441585653 393.65872167137155 45.333333333333336
    endloop
  endfacet
  facet normal 0.7604059655999982 0.649448048330222 0
    outer loop
      vertex 10.619412269498852 393.48952825630823 -17.666666666666664
      vertex 10.474907441585653 393.65872167137155 45.333333333333336
      vertex 10.619412269498852 393.48952825630823 45.333333333333336
    endloop
  endfacet
  facet normal 0.7253743710122956 0.6883545756937456 0
    outer loop
      vertex 10.772573957734952 393.32812951329055 -17.666666666666664
      vertex 10.619412269498852 393.48952825630823 45.333333333333336
      vertex 10.772573957734952 393.32812951329055 45.333333333333336
    endloop
  endfacet
  facet normal 0.8526401643540802 -0.5224985647159684 0
    outer loop
      vertex 10.097169811693913 398.45833333333337 -17.666666666666664
      vertex 10.213427864009727 398.64804923214723 45.333333333333336
      vertex 10.097169811693913 398.45833333333337 45.333333333333336
    endloop
  endfacet
  facet normal 0.824126188622022 -0.5664062369248235 0
    outer loop
      vertex 10.213427864009727 398.64804923214723 -17.666666666666664
      vertex 10.339455551684253 398.8314206555764 45.333333333333336
      vertex 10.213427864009727 398.64804923214723 45.333333333333336
    endloop
  endfacet
  facet normal 0.7933533402912547 -0.6087614290086953 0
    outer loop
      vertex 10.339455551684253 398.8314206555764 -17.666666666666664
      vertex 10.474907441585653 399.0079449952952 45.333333333333336
      vertex 10.339455551684253 398.8314206555764 45.333333333333336
    endloop
  endfacet
  facet normal 0.7604059655999982 -0.649448048330222 0
    outer loop
      vertex 10.474907441585653 399.0079449952952 -17.666666666666664
      vertex 10.619412269498852 399.1771384103585 45.333333333333336
      vertex 10.474907441585653 399.0079449952952 45.333333333333336
    endloop
  endfacet
  facet normal 0.7253743710122956 -0.6883545756937456 0
    outer loop
      vertex 10.619412269498852 399.1771384103585 -17.666666666666664
      vertex 10.772573957734952 399.3385371533762 45.333333333333336
      vertex 10.619412269498852 399.1771384103585 45.333333333333336
    endloop
  endfacet
  facet normal 0 0 1
    outer loop
      vertex 1.7777777777777777 403.83333333333337 45.333333333333336
      vertex 10.772573957734952 399.3385371533762 45.333333333333336
      vertex 10.93397270075263 399.4916988416123 45.333333333333336
    endloop
  endfacet
  facet normal 0 0 1
    outer loop
      vertex 1.7777777777777777 403.83333333333337 45.333333333333336
      vertex 10.93397270075263 399.4916988416123 45.333333333333336
      vertex 11.10316611581597 399.6362036695255 45.333333333333336
    endloop
  endfacet
  facet normal 0 0 1
    outer loop
      vertex 1.7777777777777777 403.83333333333337 45.333333333333336
      vertex 11.10316611581597 399.6362036695255 45.333333333333336
      vertex 11.279690455534766 399.7716555594269 45.333333333333336
    endloop
  endfacet
  facet normal 0 0 1
    outer loop
      vertex 1.7777777777777777 403.83333333333337 45.333333333333336
      vertex 11.279690455534766 399.7716555594269 45.333333333333336
      vertex 11.463061878963913 399.89768324710144 45.333333333333336
    endloop
  endfacet
  facet normal 0 0 1
    outer loop
      vertex 1.7777777777777777 403.83333333333337 45.333333333333336
      vertex 11.463061878963913 399.89768324710144 45.333333333333336
      vertex 11.652777777777779 400.01394129941724 45.333333333333336
    endloop
  endfacet
  facet normal 0 0 1
    outer loop
      vertex 1.7777777777777777 403.83333333333337 45.333333333333336
      vertex 11.652777777777779 400.01394129941724 45.333333333333336
      vertex 11.848318153884705 400.1201110611339 45.333333333333336
    endloop
  endfacet
  facet normal 0 0 1
    outer loop
      vertex 9.527777777777779 371.33333333333337 45.333333333333336
      vertex 9.53360225507084 371.5557611473659 45.333333333333336
      vertex 9.53360225507084 396.11090551930084 45.333333333333336
    endloop
  endfacet
  facet normal 0 0 1
    outer loop
      vertex 9.53360225507084 371.5557611473659 45.333333333333336
      vertex 9.551059722462616 371.7775793022209 45.333333333333336
      vertex 9.53360225507084 396.11090551930084 45.333333333333336
    endloop
  endfacet
  facet normal 0 0 1
    outer loop
      vertex 9.551059722462616 371.7775793022209 45.333333333333336
      vertex 9.580102330248442 371.99817980975433 45.333333333333336
      vertex 9.551059722462616 395.88908736444586 45.333333333333336
    endloop
  endfacet
  facet normal 0 0 1
    outer loop
      vertex 9.580102330248442 371.99817980975433 45.333333333333336
      vertex 9.620650474659104 372.21695801930883 45.333333333333336
      vertex 9.580102330248442 395.6684868569124 45.333333333333336
    endloop
  endfacet
  facet normal 0 0 1
    outer loop
      vertex 9.620650474659104 372.21695801930883 45.333333333333336
      vertex 9.672593016049237 372.4333142750191 45.333333333333336
      vertex 9.620650474659104 395.4497086473579 45.333333333333336
    endloop
  endfacet
  facet normal 0 0 1
    outer loop
      vertex 9.672593016049237 372.4333142750191 45.333333333333336
      vertex 9.735787583523376 372.6466555594269 45.333333333333336
      vertex 9.672593016049237 395.23335239164766 45.333333333333336
    endloop
  endfacet
  facet normal 0 0 1
    outer loop
      vertex 9.735787583523376 372.6466555594269 45.333333333333336
      vertex 9.81006096516467 372.8563971189009 45.333333333333336
      vertex 9.735787583523376 395.02001110723984 45.333333333333336
    endloop
  endfacet
  facet normal 0 0 1
    outer loop
      vertex 9.81006096516467 372.8563971189009 45.333333333333336
      vertex 9.895209582796724 373.0619640664055 45.333333333333336
      vertex 9.81006096516467 394.81026954776587 45.333333333333336
    endloop
  endfacet
  facet normal 0 0 1
    outer loop
      vertex 9.895209582796724 373.0619640664055 45.333333333333336
      vertex 9.991000049977213 373.26279295722645 45.333333333333336
      vertex 9.895209582796724 394.60470260026125 45.333333333333336
    endloop
  endfacet
  facet normal 0 0 1
    outer loop
      vertex 9.991000049977213 373.26279295722645 45.333333333333336
      vertex 10.097169811693913 373.45833333333337 45.333333333333336
      vertex 9.991000049977213 394.4038737094403 45.333333333333336
    endloop
  endfacet
  facet normal 0 0 1
    outer loop
      vertex 9.551059722462616 371.7775793022209 45.333333333333336
      vertex 9.551059722462616 395.88908736444586 45.333333333333336
      vertex 9.53360225507084 396.11090551930084 45.333333333333336
    endloop
  endfacet
  facet normal 0 0 1
    outer loop
      vertex 9.580102330248442 371.99817980975433 45.333333333333336
      vertex 9.580102330248442 395.6684868569124 45.333333333333336
      vertex 9.551059722462616 395.88908736444586 45.333333333333336
    endloop
  endfacet
  facet normal 0 0 1
    outer loop
      vertex 9.620650474659104 372.21695801930883 45.333333333333336
      vertex 9.620650474659104 395.4497086473579 45.333333333333336
      vertex 9.580102330248442 395.6684868569124 45.333333333333336
    endloop
  endfacet
  facet normal 0 0 1
    outer loop
      vertex 9.672593016049237 372.4333142750191 45.333333333333336
      vertex 9.672593016049237 395.23335239164766 45.333333333333336
      vertex 9.620650474659104 395.4497086473579 45.333333333333336
    endloop
  endfacet
  facet normal 0 0 1
    outer loop
      vertex 9.735787583523376 372.6466555594269 45.333333333333336
      vertex 9.735787583523376 395.02001110723984 45.333333333333336
      vertex 9.672593016049237 395.23335239164766 45.333333333333336
    endloop
  endfacet
  facet normal 0 0 1
    outer loop
      vertex 9.81006096516467 372.8563971189009 45.333333333333336
      vertex 9.81006096516467 394.81026954776587 45.333333333333336
      vertex 9.735787583523376 395.02001110723984 45.333333333333336
    endloop
  endfacet
  facet normal 0 0 1
    outer loop
      vertex 9.895209582796724 373.0619640664055 45.333333333333336
      vertex 9.895209582796724 394.60470260026125 45.333333333333336
      vertex 9.81006096516467 394.81026954776587 45.333333333333336
    endloop
  endfacet
  facet normal 0 0 1
    outer loop
      vertex 9.991000049977213 373.26279295722645 45.333333333333336
      vertex 9.991000049977213 394.4038737094403 45.333333333333336
      vertex 9.895209582796724 394.60470260026125 45.333333333333336
    endloop
  endfacet
  facet normal 0 0 1
    outer loop
      vertex 10.097169811693913 373.45833333333337 45.333333333333336
      vertex 10.213427864009727 373.64804923214723 45.333333333333336
      vertex 10.097169811693913 394.20833333333337 45.333333333333336
    endloop
  endfacet
  facet normal 0 0 1
    outer loop
      vertex 10.213427864009727 373.64804923214723 45.333333333333336
      vertex 10.339455551684253 373.8314206555764 45.333333333333336
      vertex 10.213427864009727 394.0186174345195 45.333333333333336
    endloop
  endfacet
  facet normal 0 0 1
    outer loop
      vertex 10.339455551684253 373.8314206555764 45.333333333333336
      vertex 10.474907441585653 374.0079449952952 45.333333333333336
      vertex 10.339455551684253 393.83524601109036 45.333333333333336
    endloop
  endfacet
  facet normal 0 0 1
    outer loop
      vertex 10.474907441585653 374.0079449952952 45.333333333333336
      vertex 10.619412269498852 374.1771384103585 45.333333333333336
      vertex 10.474907441585653 393.65872167137155 45.333333333333336
    endloop
  endfacet
  facet normal 0 0 1
    outer loop
      vertex 10.619412269498852 374.1771384103585 45.333333333333336
      vertex 10.772573957734952 374.3385371533762 45.333333333333336
      vertex 10.619412269498852 393.48952825630823 45.333333333333336
    endloop
  endfacet
  facet normal 0 0 1
    outer loop
      vertex 10.339455551684253 373.8314206555764 45.333333333333336
      vertex 10.339455551684253 393.83524601109036 45.333333333333336
      vertex 10.213427864009727 394.0186174345195 45.333333333333336
    endloop
  endfacet
  facet normal 0 0 1
    outer loop
      vertex 10.097169811693913 373.45833333333337 45.333333333333336
      vertex 10.097169811693913 394.20833333333337 45.333333333333336
      vertex 9.991000049977213 394.4038737094403 45.333333333333336
    endloop
  endfacet
  facet normal 0 0 1
    outer loop
      vertex 10.213427864009727 373.64804923214723 45.333333333333336
      vertex 10.213427864009727 394.0186174345195 45.333333333333336
      vertex 10.097169811693913 394.20833333333337 45.333333333333336
    endloop
  endfacet
  facet normal 0 0 1
    outer loop
      vertex 10.474907441585653 374.0079449952952 45.333333333333336
      vertex 10.474907441585653 393.65872167137155 45.333333333333336
      vertex 10.339455551684253 393.83524601109036 45.333333333333336
    endloop
  endfacet
  facet normal 0 0 1
    outer loop
      vertex 10.619412269498852 374.1771384103585 45.333333333333336
      vertex 10.619412269498852 393.48952825630823 45.333333333333336
      vertex 10.474907441585653 393.65872167137155 45.333333333333336
    endloop
  endfacet
  facet normal 0 0 1
    outer loop
      vertex 10.772573957734952 374.3385371533762 45.333333333333336
      vertex 10.772573957734952 393.32812951329055 45.333333333333336
      vertex 10.619412269498852 393.48952825630823 45.333333333333336
    endloop
  endfacet
  facet normal 0.43051109680835614 0.9025852843498314 0
    outer loop
      vertex 11.848318153884705 367.54655560553283 17.333333333333336
      vertex 11.848318153884705 367.54655560553283 45.333333333333336
      vertex 12.049147044705627 367.4507651383523 17.333333333333336
    endloop
  endfacet
  facet normal 0.3826834323651048 0.9238795325112805 0
    outer loop
      vertex 12.049147044705627 367.4507651383523 17.333333333333336
      vertex 12.049147044705627 367.4507651383523 45.333333333333336
      vertex 12.254713992210252 367.36561652072027 17.333333333333336
    endloop
  endfacet
  facet normal 0.6883545756937195 0.7253743710123204 0
    outer loop
      vertex 10.772573957734952 368.32812951329055 17.333333333333336
      vertex 10.772573957734952 368.32812951329055 45.333333333333336
      vertex 10.93397270075263 368.17496782505447 17.333333333333336
    endloop
  endfacet
  facet normal 0.6494480483302761 0.7604059655999518 0
    outer loop
      vertex 10.93397270075263 368.17496782505447 17.333333333333336
      vertex 10.93397270075263 368.17496782505447 45.333333333333336
      vertex 11.10316611581597 368.0304629971412 17.333333333333336
    endloop
  endfacet
  facet normal 0.608761429008696 0.7933533402912541 0
    outer loop
      vertex 11.10316611581597 368.0304629971412 17.333333333333336
      vertex 11.10316611581597 368.0304629971412 45.333333333333336
      vertex 11.279690455534766 367.89501110723984 17.333333333333336
    endloop
  endfacet
  facet normal 0.5664062369248635 0.8241261886219946 0
    outer loop
      vertex 11.279690455534766 367.89501110723984 17.333333333333336
      vertex 11.279690455534766 367.89501110723984 45.333333333333336
      vertex 11.463061878963913 367.7689834195653 17.333333333333336
    endloop
  endfacet
  facet normal 0.5224985647159078 0.8526401643541175 0
    outer loop
      vertex 11.463061878963913 367.7689834195653 17.333333333333336
      vertex 11.463061878963913 367.7689834195653 45.333333333333336
      vertex 11.652777777777779 367.6527253672495 17.333333333333336
    endloop
  endfacet
  facet normal 0.6883545756937195 -0.7253743710123204 0
    outer loop
      vertex 10.772573957734952 374.3385371533762 17.333333333333336
      vertex 10.93397270075263 374.4916988416123 17.333333333333336
      vertex 10.93397270075263 374.4916988416123 45.333333333333336
    endloop
  endfacet
  facet normal 0.6494480483302761 -0.7604059655999518 0
    outer loop
      vertex 10.93397270075263 374.4916988416123 17.333333333333336
      vertex 11.10316611581597 374.6362036695255 17.333333333333336
      vertex 11.10316611581597 374.6362036695255 45.333333333333336
    endloop
  endfacet
  facet normal 0.608761429008696 -0.7933533402912541 0
    outer loop
      vertex 11.10316611581597 374.6362036695255 17.333333333333336
      vertex 11.279690455534766 374.7716555594269 17.333333333333336
      vertex 11.279690455534766 374.7716555594269 45.333333333333336
    endloop
  endfacet
  facet normal 0.5664062369248635 -0.8241261886219946 0
    outer loop
      vertex 11.279690455534766 374.7716555594269 17.333333333333336
      vertex 11.463061878963913 374.89768324710144 17.333333333333336
      vertex 11.463061878963913 374.89768324710144 45.333333333333336
    endloop
  endfacet
  facet normal 0.477158760259512 0.8788171126620178 0
    outer loop
      vertex 11.848318153884705 367.54655560553283 17.333333333333336
      vertex 11.652777777777779 367.6527253672495 17.333333333333336
      vertex 11.652777777777779 367.6527253672495 45.333333333333336
    endloop
  endfacet
  facet normal 0.5224985647159078 -0.8526401643541175 0
    outer loop
      vertex 11.463061878963913 374.89768324710144 17.333333333333336
      vertex 11.652777777777779 375.01394129941724 17.333333333333336
      vertex 11.652777777777779 375.01394129941724 45.333333333333336
    endloop
  endfacet
  facet normal 0.477158760259512 -0.8788171126620178 0
    outer loop
      vertex 11.652777777777779 375.01394129941724 17.333333333333336
      vertex 11.848318153884705 375.1201110611339 17.333333333333336
      vertex 11.848318153884705 375.1201110611339 45.333333333333336
    endloop
  endfacet
  facet normal 0.43051109680835614 -0.9025852843498314 0
    outer loop
      vertex 11.848318153884705 375.1201110611339 17.333333333333336
      vertex 12.049147044705627 375.2159015283144 17.333333333333336
      vertex 12.049147044705627 375.2159015283144 45.333333333333336
    endloop
  endfacet
  facet normal 0.3826834323651048 -0.9238795325112805 0
    outer loop
      vertex 12.049147044705627 375.2159015283144 17.333333333333336
      vertex 12.254713992210252 375.3010501459465 17.333333333333336
      vertex 12.254713992210252 375.3010501459465 45.333333333333336
    endloop
  endfacet
  facet normal 0.3338068592338653 0.942641491092145 0
    outer loop
      vertex 12.254713992210252 367.36561652072027 17.333333333333336
      vertex 12.254713992210252 367.36561652072027 45.333333333333336
      vertex 12.464455551684253 367.29134313907895 17.333333333333336
    endloop
  endfacet
  facet normal 0.28401534470382517 0.9588197348682219 0
    outer loop
      vertex 12.464455551684253 367.29134313907895 17.333333333333336
      vertex 12.464455551684253 367.29134313907895 45.333333333333336
      vertex 12.677796836092064 367.22814857160483 17.333333333333336
    endloop
  endfacet
  facet normal 0.23344536385590062 0.9723699203976778 0
    outer loop
      vertex 12.677796836092064 367.22814857160483 17.333333333333336
      vertex 12.677796836092064 367.22814857160483 45.333333333333336
      vertex 12.894153091802302 367.1762060302147 17.333333333333336
    endloop
  endfacet
  facet normal 0.18223552549209987 0.9832549075639635 0
    outer loop
      vertex 12.894153091802302 367.1762060302147 17.333333333333336
      vertex 12.894153091802302 367.1762060302147 45.333333333333336
      vertex 13.112931301356795 367.13565788580405 17.333333333333336
    endloop
  endfacet
  facet normal 0.13052619221998554 0.9914448613738192 0
    outer loop
      vertex 13.112931301356795 367.13565788580405 17.333333333333336
      vertex 13.112931301356795 367.13565788580405 45.333333333333336
      vertex 13.33353180889025 367.10661527801824 17.333333333333336
    endloop
  endfacet
  facet normal 0.07845909572797823 0.9969173337331176 0
    outer loop
      vertex 13.33353180889025 367.10661527801824 17.333333333333336
      vertex 13.33353180889025 367.10661527801824 45.333333333333336
      vertex 13.555349963745268 367.08915781062643 17.333333333333336
    endloop
  endfacet
  facet normal 0.026176948307871657 0.9996573249755573 0
    outer loop
      vertex 13.555349963745268 367.08915781062643 17.333333333333336
      vertex 13.555349963745268 367.08915781062643 45.333333333333336
      vertex 13.777777777777779 367.08333333333337 17.333333333333336
    endloop
  endfacet
  facet normal 0.3338068592338653 -0.942641491092145 0
    outer loop
      vertex 12.254713992210252 375.3010501459465 17.333333333333336
      vertex 12.464455551684253 375.3753235275878 17.333333333333336
      vertex 12.464455551684253 375.3753235275878 45.333333333333336
    endloop
  endfacet
  facet normal 0.28401534470382517 -0.9588197348682219 0
    outer loop
      vertex 12.464455551684253 375.3753235275878 17.333333333333336
      vertex 12.677796836092064 375.4385180950619 17.333333333333336
      vertex 12.677796836092064 375.4385180950619 45.333333333333336
    endloop
  endfacet
  facet normal 0.23344536385590062 -0.9723699203976778 0
    outer loop
      vertex 12.677796836092064 375.4385180950619 17.333333333333336
      vertex 12.894153091802302 375.49046063645204 17.333333333333336
      vertex 12.894153091802302 375.49046063645204 45.333333333333336
    endloop
  endfacet
  facet normal 0.18223552549209987 -0.9832549075639635 0
    outer loop
      vertex 12.894153091802302 375.49046063645204 17.333333333333336
      vertex 13.112931301356795 375.5310087808627 17.333333333333336
      vertex 13.112931301356795 375.5310087808627 45.333333333333336
    endloop
  endfacet
  facet normal 0.13052619221998554 -0.9914448613738192 0
    outer loop
      vertex 13.112931301356795 375.5310087808627 17.333333333333336
      vertex 13.33353180889025 375.5600513886485 17.333333333333336
      vertex 13.33353180889025 375.5600513886485 45.333333333333336
    endloop
  endfacet
  facet normal 0.07845909572797823 -0.9969173337331176 0
    outer loop
      vertex 13.33353180889025 375.5600513886485 17.333333333333336
      vertex 13.555349963745268 375.5775088560403 17.333333333333336
      vertex 13.555349963745268 375.5775088560403 45.333333333333336
    endloop
  endfacet
  facet normal 0.026176948307871657 -0.9996573249755573 0
    outer loop
      vertex 13.555349963745268 375.5775088560403 17.333333333333336
      vertex 13.777777777777779 375.58333333333337 17.333333333333336
      vertex 13.777777777777779 375.58333333333337 45.333333333333336
    endloop
  endfacet
  facet normal 0.477158760259512 0.8788171126620178 0
    outer loop
      vertex 11.848318153884705 367.54655560553283 17.333333333333336
      vertex 11.652777777777779 367.6527253672495 45.333333333333336
      vertex 11.848318153884705 367.54655560553283 45.333333333333336
    endloop
  endfacet
  facet normal 0.43051109680835614 0.9025852843498314 0
    outer loop
      vertex 12.049147044705627 367.4507651383523 17.333333333333336
      vertex 11.848318153884705 367.54655560553283 45.333333333333336
      vertex 12.049147044705627 367.4507651383523 45.333333333333336
    endloop
  endfacet
  facet normal 0.3826834323651048 0.9238795325112805 0
    outer loop
      vertex 12.254713992210252 367.36561652072027 17.333333333333336
      vertex 12.049147044705627 367.4507651383523 45.333333333333336
      vertex 12.254713992210252 367.36561652072027 45.333333333333336
    endloop
  endfacet
  facet normal 0 0 1
    outer loop
      vertex 5.483682552265175 356.503704201888 45.333333333333336
      vertex 6.777777777777778 356.33333333333337 45.333333333333336
      vertex 20.77777777777778 356.33333333333337 45.333333333333336
    endloop
  endfacet
  facet normal 0 0 1
    outer loop
      vertex 5.483682552265175 356.503704201888 45.333333333333336
      vertex 13.555349963745268 367.08915781062643 45.333333333333336
      vertex 13.33353180889025 367.10661527801824 45.333333333333336
    endloop
  endfacet
  facet normal 0 0 1
    outer loop
      vertex 5.483682552265175 356.503704201888 45.333333333333336
      vertex 13.777777777777779 367.08333333333337 45.333333333333336
      vertex 13.555349963745268 367.08915781062643 45.333333333333336
    endloop
  endfacet
  facet normal 0 0 1
    outer loop
      vertex 5.483682552265175 356.503704201888 45.333333333333336
      vertex 14.000205591810289 367.08915781062643 45.333333333333336
      vertex 13.777777777777779 367.08333333333337 45.333333333333336
    endloop
  endfacet
  facet normal 0 0 1
    outer loop
      vertex 5.483682552265175 356.503704201888 45.333333333333336
      vertex 14.222023746665304 367.10661527801824 45.333333333333336
      vertex 14.000205591810289 367.08915781062643 45.333333333333336
    endloop
  endfacet
  facet normal 0 0 1
    outer loop
      vertex 5.483682552265175 356.503704201888 45.333333333333336
      vertex 14.442624254198758 367.13565788580405 45.333333333333336
      vertex 14.222023746665304 367.10661527801824 45.333333333333336
    endloop
  endfacet
  facet normal 0 0 1
    outer loop
      vertex 5.483682552265175 356.503704201888 45.333333333333336
      vertex 14.661402463753255 367.1762060302147 45.333333333333336
      vertex 14.442624254198758 367.13565788580405 45.333333333333336
    endloop
  endfacet
  facet normal 0 0 1
    outer loop
      vertex 5.483682552265175 356.503704201888 45.333333333333336
      vertex 14.87775871946349 367.22814857160483 45.333333333333336
      vertex 14.661402463753255 367.1762060302147 45.333333333333336
    endloop
  endfacet
  facet normal 0 0 1
    outer loop
      vertex 5.483682552265175 356.503704201888 45.333333333333336
      vertex 15.091100003871304 367.29134313907895 45.333333333333336
      vertex 14.87775871946349 367.22814857160483 45.333333333333336
    endloop
  endfacet
  facet normal 0 0 1
    outer loop
      vertex 5.483682552265175 356.503704201888 45.333333333333336
      vertex 15.300841563345305 367.36561652072027 45.333333333333336
      vertex 15.091100003871304 367.29134313907895 45.333333333333336
    endloop
  endfacet
  facet normal 0 0 1
    outer loop
      vertex 5.483682552265175 356.503704201888 45.333333333333336
      vertex 15.50640851084993 367.4507651383523 45.333333333333336
      vertex 15.300841563345305 367.36561652072027 45.333333333333336
    endloop
  endfacet
  facet normal 0 0 1
    outer loop
      vertex 5.483682552265175 356.503704201888 45.333333333333336
      vertex 15.707237401670852 367.54655560553283 45.333333333333336
      vertex 15.50640851084993 367.4507651383523 45.333333333333336
    endloop
  endfacet
  facet normal 0.6883545756937195 0.7253743710123204 0
    outer loop
      vertex 10.93397270075263 368.17496782505447 17.333333333333336
      vertex 10.772573957734952 368.32812951329055 45.333333333333336
      vertex 10.93397270075263 368.17496782505447 45.333333333333336
    endloop
  endfacet
  facet normal 0.6494480483302761 0.7604059655999518 0
    outer loop
      vertex 11.10316611581597 368.0304629971412 17.333333333333336
      vertex 10.93397270075263 368.17496782505447 45.333333333333336
      vertex 11.10316611581597 368.0304629971412 45.333333333333336
    endloop
  endfacet
  facet normal 0.608761429008696 0.7933533402912541 0
    outer loop
      vertex 11.279690455534766 367.89501110723984 17.333333333333336
      vertex 11.10316611581597 368.0304629971412 45.333333333333336
      vertex 11.279690455534766 367.89501110723984 45.333333333333336
    endloop
  endfacet
  facet normal 0.5664062369248635 0.8241261886219946 0
    outer loop
      vertex 11.463061878963913 367.7689834195653 17.333333333333336
      vertex 11.279690455534766 367.89501110723984 45.333333333333336
      vertex 11.463061878963913 367.7689834195653 45.333333333333336
    endloop
  endfacet
  facet normal 0.6883545756937195 -0.7253743710123204 0
    outer loop
      vertex 10.772573957734952 374.3385371533762 17.333333333333336
      vertex 10.93397270075263 374.4916988416123 45.333333333333336
      vertex 10.772573957734952 374.3385371533762 45.333333333333336
    endloop
  endfacet
  facet normal 0.6494480483302761 -0.7604059655999518 0
    outer loop
      vertex 10.93397270075263 374.4916988416123 17.333333333333336
      vertex 11.10316611581597 374.6362036695255 45.333333333333336
      vertex 10.93397270075263 374.4916988416123 45.333333333333336
    endloop
  endfacet
  facet normal 0.608761429008696 -0.7933533402912541 0
    outer loop
      vertex 11.10316611581597 374.6362036695255 17.333333333333336
      vertex 11.279690455534766 374.7716555594269 45.333333333333336
      vertex 11.10316611581597 374.6362036695255 45.333333333333336
    endloop
  endfacet
  facet normal 0.5664062369248635 -0.8241261886219946 0
    outer loop
      vertex 11.279690455534766 374.7716555594269 17.333333333333336
      vertex 11.463061878963913 374.89768324710144 45.333333333333336
      vertex 11.279690455534766 374.7716555594269 45.333333333333336
    endloop
  endfacet
  facet normal 0.5224985647159078 -0.8526401643541175 0
    outer loop
      vertex 11.463061878963913 374.89768324710144 17.333333333333336
      vertex 11.652777777777779 375.01394129941724 45.333333333333336
      vertex 11.463061878963913 374.89768324710144 45.333333333333336
    endloop
  endfacet
  facet normal 0.5224985647159078 0.8526401643541175 0
    outer loop
      vertex 11.652777777777779 367.6527253672495 17.333333333333336
      vertex 11.463061878963913 367.7689834195653 45.333333333333336
      vertex 11.652777777777779 367.6527253672495 45.333333333333336
    endloop
  endfacet
  facet normal 0.477158760259512 -0.8788171126620178 0
    outer loop
      vertex 11.652777777777779 375.01394129941724 17.333333333333336
      vertex 11.848318153884705 375.1201110611339 45.333333333333336
      vertex 11.652777777777779 375.01394129941724 45.333333333333336
    endloop
  endfacet
  facet normal 0.43051109680835614 -0.9025852843498314 0
    outer loop
      vertex 11.848318153884705 375.1201110611339 17.333333333333336
      vertex 12.049147044705627 375.2159015283144 45.333333333333336
      vertex 11.848318153884705 375.1201110611339 45.333333333333336
    endloop
  endfacet
  facet normal 0.3826834323651048 -0.9238795325112805 0
    outer loop
      vertex 12.049147044705627 375.2159015283144 17.333333333333336
      vertex 12.254713992210252 375.3010501459465 45.333333333333336
      vertex 12.049147044705627 375.2159015283144 45.333333333333336
    endloop
  endfacet
  facet normal 0.3338068592338653 0.942641491092145 0
    outer loop
      vertex 12.464455551684253 367.29134313907895 17.333333333333336
      vertex 12.254713992210252 367.36561652072027 45.333333333333336
      vertex 12.464455551684253 367.29134313907895 45.333333333333336
    endloop
  endfacet
  facet normal 0.28401534470382517 0.9588197348682219 0
    outer loop
      vertex 12.677796836092064 367.22814857160483 17.333333333333336
      vertex 12.464455551684253 367.29134313907895 45.333333333333336
      vertex 12.677796836092064 367.22814857160483 45.333333333333336
    endloop
  endfacet
  facet normal 0.23344536385590062 0.9723699203976778 0
    outer loop
      vertex 12.894153091802302 367.1762060302147 17.333333333333336
      vertex 12.677796836092064 367.22814857160483 45.333333333333336
      vertex 12.894153091802302 367.1762060302147 45.333333333333336
    endloop
  endfacet
  facet normal 0.18223552549209987 0.9832549075639635 0
    outer loop
      vertex 13.112931301356795 367.13565788580405 17.333333333333336
      vertex 12.894153091802302 367.1762060302147 45.333333333333336
      vertex 13.112931301356795 367.13565788580405 45.333333333333336
    endloop
  endfacet
  facet normal 0.13052619221998554 0.9914448613738192 0
    outer loop
      vertex 13.33353180889025 367.10661527801824 17.333333333333336
      vertex 13.112931301356795 367.13565788580405 45.333333333333336
      vertex 13.33353180889025 367.10661527801824 45.333333333333336
    endloop
  endfacet
  facet normal 0.07845909572797823 0.9969173337331176 0
    outer loop
      vertex 13.555349963745268 367.08915781062643 17.333333333333336
      vertex 13.33353180889025 367.10661527801824 45.333333333333336
      vertex 13.555349963745268 367.08915781062643 45.333333333333336
    endloop
  endfacet
  facet normal 0.026176948307871657 0.9996573249755573 0
    outer loop
      vertex 13.555349963745268 367.08915781062643 45.333333333333336
      vertex 13.777777777777779 367.08333333333337 45.333333333333336
      vertex 13.777777777777779 367.08333333333337 17.333333333333336
    endloop
  endfacet
  facet normal 0 0 1
    outer loop
      vertex 5.483682552265175 356.503704201888 45.333333333333336
      vertex 15.902777777777779 367.6527253672495 45.333333333333336
      vertex 15.707237401670852 367.54655560553283 45.333333333333336
    endloop
  endfacet
  facet normal 0.3338068592338653 -0.942641491092145 0
    outer loop
      vertex 12.254713992210252 375.3010501459465 17.333333333333336
      vertex 12.464455551684253 375.3753235275878 45.333333333333336
      vertex 12.254713992210252 375.3010501459465 45.333333333333336
    endloop
  endfacet
  facet normal 0.28401534470382517 -0.9588197348682219 0
    outer loop
      vertex 12.464455551684253 375.3753235275878 17.333333333333336
      vertex 12.677796836092064 375.4385180950619 45.333333333333336
      vertex 12.464455551684253 375.3753235275878 45.333333333333336
    endloop
  endfacet
  facet normal 0.23344536385590062 -0.9723699203976778 0
    outer loop
      vertex 12.677796836092064 375.4385180950619 17.333333333333336
      vertex 12.894153091802302 375.49046063645204 45.333333333333336
      vertex 12.677796836092064 375.4385180950619 45.333333333333336
    endloop
  endfacet
  facet normal 0.18223552549209987 -0.9832549075639635 0
    outer loop
      vertex 12.894153091802302 375.49046063645204 17.333333333333336
      vertex 13.112931301356795 375.5310087808627 45.333333333333336
      vertex 12.894153091802302 375.49046063645204 45.333333333333336
    endloop
  endfacet
  facet normal 0.13052619221998554 -0.9914448613738192 0
    outer loop
      vertex 13.112931301356795 375.5310087808627 17.333333333333336
      vertex 13.33353180889025 375.5600513886485 45.333333333333336
      vertex 13.112931301356795 375.5310087808627 45.333333333333336
    endloop
  endfacet
  facet normal 0.07845909572797823 -0.9969173337331176 0
    outer loop
      vertex 13.33353180889025 375.5600513886485 17.333333333333336
      vertex 13.555349963745268 375.5775088560403 45.333333333333336
      vertex 13.33353180889025 375.5600513886485 45.333333333333336
    endloop
  endfacet
  facet normal 0.026176948307871657 -0.9996573249755573 0
    outer loop
      vertex 13.555349963745268 375.5775088560403 17.333333333333336
      vertex 13.777777777777779 375.58333333333337 45.333333333333336
      vertex 13.555349963745268 375.5775088560403 45.333333333333336
    endloop
  endfacet
  facet normal 0.6883545756937195 0.7253743710123204 0
    outer loop
      vertex 10.93397270075263 393.17496782505447 -17.666666666666664
      vertex 10.772573957734952 393.32812951329055 45.333333333333336
      vertex 10.93397270075263 393.17496782505447 45.333333333333336
    endloop
  endfacet
  facet normal 0.6494480483302763 0.7604059655999519 0
    outer loop
      vertex 11.10316611581597 393.0304629971412 -17.666666666666664
      vertex 10.93397270075263 393.17496782505447 45.333333333333336
      vertex 11.10316611581597 393.0304629971412 45.333333333333336
    endloop
  endfacet
  facet normal 0.5664062369248635 0.8241261886219945 0
    outer loop
      vertex 11.463061878963913 392.7689834195653 -17.666666666666664
      vertex 11.279690455534766 392.89501110723984 45.333333333333336
      vertex 11.463061878963913 392.7689834195653 45.333333333333336
    endloop
  endfacet
  facet normal 0.6087614290086959 0.793353340291254 0
    outer loop
      vertex 11.279690455534766 392.89501110723984 -17.666666666666664
      vertex 11.10316611581597 393.0304629971412 45.333333333333336
      vertex 11.279690455534766 392.89501110723984 45.333333333333336
    endloop
  endfacet
  facet normal 0.6883545756937195 -0.7253743710123204 0
    outer loop
      vertex 10.772573957734952 399.3385371533762 -17.666666666666664
      vertex 10.93397270075263 399.4916988416123 45.333333333333336
      vertex 10.772573957734952 399.3385371533762 45.333333333333336
    endloop
  endfacet
  facet normal 0.6494480483302763 -0.7604059655999519 0
    outer loop
      vertex 10.93397270075263 399.4916988416123 -17.666666666666664
      vertex 11.10316611581597 399.6362036695255 45.333333333333336
      vertex 10.93397270075263 399.4916988416123 45.333333333333336
    endloop
  endfacet
  facet normal 0.6087614290086959 -0.793353340291254 0
    outer loop
      vertex 11.10316611581597 399.6362036695255 -17.666666666666664
      vertex 11.279690455534766 399.7716555594269 45.333333333333336
      vertex 11.10316611581597 399.6362036695255 45.333333333333336
    endloop
  endfacet
  facet normal 0.5664062369248635 -0.8241261886219945 0
    outer loop
      vertex 11.279690455534766 399.7716555594269 -17.666666666666664
      vertex 11.463061878963913 399.89768324710144 45.333333333333336
      vertex 11.279690455534766 399.7716555594269 45.333333333333336
    endloop
  endfacet
  facet normal 0.5224985647159078 -0.8526401643541175 0
    outer loop
      vertex 11.463061878963913 399.89768324710144 -17.666666666666664
      vertex 11.652777777777779 400.01394129941724 45.333333333333336
      vertex 11.463061878963913 399.89768324710144 45.333333333333336
    endloop
  endfacet
  facet normal 0.5224985647159078 0.8526401643541175 0
    outer loop
      vertex 11.652777777777779 392.6527253672495 -17.666666666666664
      vertex 11.463061878963913 392.7689834195653 45.333333333333336
      vertex 11.652777777777779 392.6527253672495 45.333333333333336
    endloop
  endfacet
  facet normal 0.477158760259512 0.8788171126620178 0
    outer loop
      vertex 11.848318153884705 392.54655560553283 -17.666666666666664
      vertex 11.652777777777779 392.6527253672495 45.333333333333336
      vertex 11.848318153884705 392.54655560553283 45.333333333333336
    endloop
  endfacet
  facet normal 0.43051109680835614 0.9025852843498314 0
    outer loop
      vertex 12.049147044705627 392.4507651383523 -17.666666666666664
      vertex 11.848318153884705 392.54655560553283 45.333333333333336
      vertex 12.049147044705627 392.4507651383523 45.333333333333336
    endloop
  endfacet
  facet normal 0.3826834323651048 0.9238795325112805 0
    outer loop
      vertex 12.254713992210252 392.36561652072027 -17.666666666666664
      vertex 12.049147044705627 392.4507651383523 45.333333333333336
      vertex 12.254713992210252 392.36561652072027 45.333333333333336
    endloop
  endfacet
  facet normal 0.477158760259512 -0.8788171126620178 0
    outer loop
      vertex 11.652777777777779 400.01394129941724 -17.666666666666664
      vertex 11.848318153884705 400.1201110611339 45.333333333333336
      vertex 11.652777777777779 400.01394129941724 45.333333333333336
    endloop
  endfacet
  facet normal 0.43051109680835614 -0.9025852843498314 0
    outer loop
      vertex 11.848318153884705 400.1201110611339 -17.666666666666664
      vertex 12.049147044705627 400.2159015283144 45.333333333333336
      vertex 11.848318153884705 400.1201110611339 45.333333333333336
    endloop
  endfacet
  facet normal 0.3826834323651048 -0.9238795325112805 0
    outer loop
      vertex 12.049147044705627 400.2159015283144 -17.666666666666664
      vertex 12.254713992210252 400.3010501459465 45.333333333333336
      vertex 12.049147044705627 400.2159015283144 45.333333333333336
    endloop
  endfacet
  facet normal 0.3338068592338653 0.942641491092145 0
    outer loop
      vertex 12.464455551684253 392.29134313907895 -17.666666666666664
      vertex 12.254713992210252 392.36561652072027 45.333333333333336
      vertex 12.464455551684253 392.29134313907895 45.333333333333336
    endloop
  endfacet
  facet normal 0.28401534470382517 0.9588197348682219 0
    outer loop
      vertex 12.677796836092064 392.22814857160483 -17.666666666666664
      vertex 12.464455551684253 392.29134313907895 45.333333333333336
      vertex 12.677796836092064 392.22814857160483 45.333333333333336
    endloop
  endfacet
  facet normal 0.23344536385590062 0.9723699203976778 0
    outer loop
      vertex 12.894153091802302 392.1762060302147 -17.666666666666664
      vertex 12.677796836092064 392.22814857160483 45.333333333333336
      vertex 12.894153091802302 392.1762060302147 45.333333333333336
    endloop
  endfacet
  facet normal 0.3338068592338653 -0.942641491092145 0
    outer loop
      vertex 12.254713992210252 400.3010501459465 -17.666666666666664
      vertex 12.464455551684253 400.3753235275878 45.333333333333336
      vertex 12.254713992210252 400.3010501459465 45.333333333333336
    endloop
  endfacet
  facet normal 0.28401534470382517 -0.9588197348682219 0
    outer loop
      vertex 12.464455551684253 400.3753235275878 -17.666666666666664
      vertex 12.677796836092064 400.4385180950619 45.333333333333336
      vertex 12.464455551684253 400.3753235275878 45.333333333333336
    endloop
  endfacet
  facet normal 0.23344536385590062 -0.9723699203976778 0
    outer loop
      vertex 12.677796836092064 400.4385180950619 -17.666666666666664
      vertex 12.894153091802302 400.49046063645204 45.333333333333336
      vertex 12.677796836092064 400.4385180950619 45.333333333333336
    endloop
  endfacet
  facet normal 0.18223552549209987 -0.9832549075639634 0
    outer loop
      vertex 12.894153091802302 400.49046063645204 -17.666666666666664
      vertex 13.112931301356795 400.5310087808627 45.333333333333336
      vertex 12.894153091802302 400.49046063645204 45.333333333333336
    endloop
  endfacet
  facet normal 0.18223552549209987 0.9832549075639634 0
    outer loop
      vertex 13.112931301356795 392.13565788580405 -17.666666666666664
      vertex 12.894153091802302 392.1762060302147 45.333333333333336
      vertex 13.112931301356795 392.13565788580405 45.333333333333336
    endloop
  endfacet
  facet normal 0.13052619221998554 0.9914448613738192 0
    outer loop
      vertex 13.33353180889025 392.10661527801824 -17.666666666666664
      vertex 13.112931301356795 392.13565788580405 45.333333333333336
      vertex 13.33353180889025 392.10661527801824 45.333333333333336
    endloop
  endfacet
  facet normal 0.07845909572797821 0.9969173337331175 0
    outer loop
      vertex 13.555349963745268 392.08915781062643 -17.666666666666664
      vertex 13.33353180889025 392.10661527801824 45.333333333333336
      vertex 13.555349963745268 392.08915781062643 45.333333333333336
    endloop
  endfacet
  facet normal 0.026176948307871657 0.9996573249755573 0
    outer loop
      vertex 13.555349963745268 392.08915781062643 45.333333333333336
      vertex 13.777777777777779 392.08333333333337 45.333333333333336
      vertex 13.777777777777779 392.08333333333337 -17.666666666666664
    endloop
  endfacet
  facet normal 0.13052619221998554 -0.9914448613738192 0
    outer loop
      vertex 13.112931301356795 400.5310087808627 -17.666666666666664
      vertex 13.33353180889025 400.5600513886485 45.333333333333336
      vertex 13.112931301356795 400.5310087808627 45.333333333333336
    endloop
  endfacet
  facet normal 0.07845909572797821 -0.9969173337331175 0
    outer loop
      vertex 13.33353180889025 400.5600513886485 -17.666666666666664
      vertex 13.555349963745268 400.5775088560403 45.333333333333336
      vertex 13.33353180889025 400.5600513886485 45.333333333333336
    endloop
  endfacet
  facet normal 0.026176948307871657 -0.9996573249755573 0
    outer loop
      vertex 13.555349963745268 400.5775088560403 -17.666666666666664
      vertex 13.777777777777779 400.58333333333337 45.333333333333336
      vertex 13.555349963745268 400.5775088560403 45.333333333333336
    endloop
  endfacet
  facet normal 0 0 1
    outer loop
      vertex 10.772573957734952 374.3385371533762 45.333333333333336
      vertex 10.93397270075263 374.4916988416123 45.333333333333336
      vertex 10.772573957734952 393.32812951329055 45.333333333333336
    endloop
  endfacet
  facet normal 0 0 1
    outer loop
      vertex 10.93397270075263 374.4916988416123 45.333333333333336
      vertex 11.10316611581597 374.6362036695255 45.333333333333336
      vertex 10.93397270075263 393.17496782505447 45.333333333333336
    endloop
  endfacet
  facet normal 0 0 1
    outer loop
      vertex 11.10316611581597 374.6362036695255 45.333333333333336
      vertex 11.279690455534766 374.7716555594269 45.333333333333336
      vertex 11.10316611581597 393.0304629971412 45.333333333333336
    endloop
  endfacet
  facet normal 0 0 1
    outer loop
      vertex 11.279690455534766 374.7716555594269 45.333333333333336
      vertex 11.463061878963913 374.89768324710144 45.333333333333336
      vertex 11.279690455534766 392.89501110723984 45.333333333333336
    endloop
  endfacet
  facet normal 0 0 1
    outer loop
      vertex 11.463061878963913 374.89768324710144 45.333333333333336
      vertex 11.652777777777779 375.01394129941724 45.333333333333336
      vertex 11.463061878963913 392.7689834195653 45.333333333333336
    endloop
  endfacet
  facet normal 0 0 1
    outer loop
      vertex 10.772573957734952 393.32812951329055 45.333333333333336
      vertex 10.93397270075263 374.4916988416123 45.333333333333336
      vertex 10.93397270075263 393.17496782505447 45.333333333333336
    endloop
  endfacet
  facet normal 0 0 1
    outer loop
      vertex 11.10316611581597 374.6362036695255 45.333333333333336
      vertex 11.10316611581597 393.0304629971412 45.333333333333336
      vertex 10.93397270075263 393.17496782505447 45.333333333333336
    endloop
  endfacet
  facet normal 0 0 1
    outer loop
      vertex 11.279690455534766 374.7716555594269 45.333333333333336
      vertex 11.279690455534766 392.89501110723984 45.333333333333336
      vertex 11.10316611581597 393.0304629971412 45.333333333333336
    endloop
  endfacet
  facet normal 0 0 1
    outer loop
      vertex 11.463061878963913 374.89768324710144 45.333333333333336
      vertex 11.463061878963913 392.7689834195653 45.333333333333336
      vertex 11.279690455534766 392.89501110723984 45.333333333333336
    endloop
  endfacet
  facet normal 0 0 1
    outer loop
      vertex 11.652777777777779 375.01394129941724 45.333333333333336
      vertex 11.848318153884705 375.1201110611339 45.333333333333336
      vertex 11.652777777777779 392.6527253672495 45.333333333333336
    endloop
  endfacet
  facet normal 0 0 1
    outer loop
      vertex 11.848318153884705 375.1201110611339 45.333333333333336
      vertex 12.049147044705627 375.2159015283144 45.333333333333336
      vertex 11.848318153884705 392.54655560553283 45.333333333333336
    endloop
  endfacet
  facet normal 0 0 1
    outer loop
      vertex 12.049147044705627 375.2159015283144 45.333333333333336
      vertex 12.254713992210252 375.3010501459465 45.333333333333336
      vertex 12.049147044705627 392.4507651383523 45.333333333333336
    endloop
  endfacet
  facet normal 0 0 1
    outer loop
      vertex 11.652777777777779 375.01394129941724 45.333333333333336
      vertex 11.652777777777779 392.6527253672495 45.333333333333336
      vertex 11.463061878963913 392.7689834195653 45.333333333333336
    endloop
  endfacet
  facet normal 0 0 1
    outer loop
      vertex 11.848318153884705 375.1201110611339 45.333333333333336
      vertex 11.848318153884705 392.54655560553283 45.333333333333336
      vertex 11.652777777777779 392.6527253672495 45.333333333333336
    endloop
  endfacet
  facet normal 0 0 1
    outer loop
      vertex 12.049147044705627 375.2159015283144 45.333333333333336
      vertex 12.049147044705627 392.4507651383523 45.333333333333336
      vertex 11.848318153884705 392.54655560553283 45.333333333333336
    endloop
  endfacet
  facet normal 0 0 1
    outer loop
      vertex 12.254713992210252 375.3010501459465 45.333333333333336
      vertex 12.254713992210252 392.36561652072027 45.333333333333336
      vertex 12.049147044705627 392.4507651383523 45.333333333333336
    endloop
  endfacet
  facet normal 0 0 1
    outer loop
      vertex 12.254713992210252 375.3010501459465 45.333333333333336
      vertex 12.464455551684253 375.3753235275878 45.333333333333336
      vertex 12.254713992210252 392.36561652072027 45.333333333333336
    endloop
  endfacet
  facet normal 0 0 1
    outer loop
      vertex 12.464455551684253 375.3753235275878 45.333333333333336
      vertex 12.677796836092064 375.4385180950619 45.333333333333336
      vertex 12.464455551684253 392.29134313907895 45.333333333333336
    endloop
  endfacet
  facet normal 0 0 1
    outer loop
      vertex 12.677796836092064 375.4385180950619 45.333333333333336
      vertex 12.894153091802302 375.49046063645204 45.333333333333336
      vertex 12.677796836092064 392.22814857160483 45.333333333333336
    endloop
  endfacet
  facet normal 0 0 1
    outer loop
      vertex 12.894153091802302 375.49046063645204 45.333333333333336
      vertex 13.112931301356795 375.5310087808627 45.333333333333336
      vertex 12.894153091802302 392.1762060302147 45.333333333333336
    endloop
  endfacet
  facet normal 0 0 1
    outer loop
      vertex 12.464455551684253 375.3753235275878 45.333333333333336
      vertex 12.464455551684253 392.29134313907895 45.333333333333336
      vertex 12.254713992210252 392.36561652072027 45.333333333333336
    endloop
  endfacet
  facet normal 0 0 1
    outer loop
      vertex 12.677796836092064 375.4385180950619 45.333333333333336
      vertex 12.677796836092064 392.22814857160483 45.333333333333336
      vertex 12.464455551684253 392.29134313907895 45.333333333333336
    endloop
  endfacet
  facet normal 0 0 1
    outer loop
      vertex 12.894153091802302 375.49046063645204 45.333333333333336
      vertex 12.894153091802302 392.1762060302147 45.333333333333336
      vertex 12.677796836092064 392.22814857160483 45.333333333333336
    endloop
  endfacet
  facet normal 0 0 1
    outer loop
      vertex 13.112931301356795 375.5310087808627 45.333333333333336
      vertex 13.33353180889025 375.5600513886485 45.333333333333336
      vertex 13.112931301356795 392.13565788580405 45.333333333333336
    endloop
  endfacet
  facet normal 0 0 1
    outer loop
      vertex 13.33353180889025 375.5600513886485 45.333333333333336
      vertex 13.555349963745268 375.5775088560403 45.333333333333336
      vertex 13.33353180889025 392.10661527801824 45.333333333333336
    endloop
  endfacet
  facet normal 0 0 1
    outer loop
      vertex 13.555349963745268 375.5775088560403 45.333333333333336
      vertex 13.777777777777779 375.58333333333337 45.333333333333336
      vertex 13.555349963745268 392.08915781062643 45.333333333333336
    endloop
  endfacet
  facet normal 0 0 1
    outer loop
      vertex 13.112931301356795 375.5310087808627 45.333333333333336
      vertex 13.112931301356795 392.13565788580405 45.333333333333336
      vertex 12.894153091802302 392.1762060302147 45.333333333333336
    endloop
  endfacet
  facet normal 0 0 1
    outer loop
      vertex 13.33353180889025 375.5600513886485 45.333333333333336
      vertex 13.33353180889025 392.10661527801824 45.333333333333336
      vertex 13.112931301356795 392.13565788580405 45.333333333333336
    endloop
  endfacet
  facet normal 0 0 1
    outer loop
      vertex 13.555349963745268 375.5775088560403 45.333333333333336
      vertex 13.555349963745268 392.08915781062643 45.333333333333336
      vertex 13.33353180889025 392.10661527801824 45.333333333333336
    endloop
  endfacet
  facet normal 0 0 1
    outer loop
      vertex 13.555349963745268 392.08915781062643 45.333333333333336
      vertex 13.777777777777779 375.58333333333337 45.333333333333336
      vertex 13.777777777777779 392.08333333333337 45.333333333333336
    endloop
  endfacet
  facet normal -1 0 0
    outer loop
      vertex 11.777777777777779 407.83333333333337 45.333333333333336
      vertex 11.777777777777779 403.83333333333337 -42.666666666666664
      vertex 11.777777777777779 403.83333333333337 45.333333333333336
    endloop
  endfacet
  facet normal 0 0 1
    outer loop
      vertex 1.7777777777777777 403.83333333333337 45.333333333333336
      vertex 11.848318153884705 400.1201110611339 45.333333333333336
      vertex 12.049147044705627 400.2159015283144 45.333333333333336
    endloop
  endfacet
  facet normal 0 0 1
    outer loop
      vertex 1.7777777777777777 403.83333333333337 45.333333333333336
      vertex 12.049147044705627 400.2159015283144 45.333333333333336
      vertex 12.254713992210252 400.3010501459465 45.333333333333336
    endloop
  endfacet
  facet normal 0 0 1
    outer loop
      vertex 1.7777777777777777 403.83333333333337 45.333333333333336
      vertex 12.254713992210252 400.3010501459465 45.333333333333336
      vertex 12.464455551684253 400.3753235275878 45.333333333333336
    endloop
  endfacet
  facet normal 0 0 1
    outer loop
      vertex 1.7777777777777777 403.83333333333337 45.333333333333336
      vertex 12.464455551684253 400.3753235275878 45.333333333333336
      vertex 12.677796836092064 400.4385180950619 45.333333333333336
    endloop
  endfacet
  facet normal 0 0 1
    outer loop
      vertex 1.7777777777777777 403.83333333333337 45.333333333333336
      vertex 12.677796836092064 400.4385180950619 45.333333333333336
      vertex 12.894153091802302 400.49046063645204 45.333333333333336
    endloop
  endfacet
  facet normal 0 0 1
    outer loop
      vertex 1.7777777777777777 403.83333333333337 45.333333333333336
      vertex 12.894153091802302 400.49046063645204 45.333333333333336
      vertex 13.112931301356795 400.5310087808627 45.333333333333336
    endloop
  endfacet
  facet normal 0 0 1
    outer loop
      vertex 1.7777777777777777 403.83333333333337 45.333333333333336
      vertex 13.112931301356795 400.5310087808627 45.333333333333336
      vertex 13.33353180889025 400.5600513886485 45.333333333333336
    endloop
  endfacet
  facet normal 0 0 1
    outer loop
      vertex 1.7777777777777777 403.83333333333337 45.333333333333336
      vertex 13.33353180889025 400.5600513886485 45.333333333333336
      vertex 13.555349963745268 400.5775088560403 45.333333333333336
    endloop
  endfacet
  facet normal 0 0 1
    outer loop
      vertex 1.7777777777777777 403.83333333333337 45.333333333333336
      vertex 14.87775871946349 400.4385180950619 45.333333333333336
      vertex 11.777777777777779 403.83333333333337 45.333333333333336
    endloop
  endfacet
  facet normal 0 0 1
    outer loop
      vertex 1.7777777777777777 403.83333333333337 45.333333333333336
      vertex 13.555349963745268 400.5775088560403 45.333333333333336
      vertex 13.777777777777779 400.58333333333337 45.333333333333336
    endloop
  endfacet
  facet normal 0 0 1
    outer loop
      vertex 1.7777777777777777 403.83333333333337 45.333333333333336
      vertex 13.777777777777779 400.58333333333337 45.333333333333336
      vertex 14.000205591810289 400.5775088560403 45.333333333333336
    endloop
  endfacet
  facet normal 0 0 1
    outer loop
      vertex 1.7777777777777777 403.83333333333337 45.333333333333336
      vertex 14.000205591810289 400.5775088560403 45.333333333333336
      vertex 14.222023746665304 400.5600513886485 45.333333333333336
    endloop
  endfacet
  facet normal 0 0 1
    outer loop
      vertex 1.7777777777777777 403.83333333333337 45.333333333333336
      vertex 14.222023746665304 400.5600513886485 45.333333333333336
      vertex 14.442624254198758 400.5310087808627 45.333333333333336
    endloop
  endfacet
  facet normal 0 0 1
    outer loop
      vertex 1.7777777777777777 403.83333333333337 45.333333333333336
      vertex 14.442624254198758 400.5310087808627 45.333333333333336
      vertex 14.661402463753255 400.49046063645204 45.333333333333336
    endloop
  endfacet
  facet normal 0 0 1
    outer loop
      vertex 1.7777777777777777 403.83333333333337 45.333333333333336
      vertex 14.661402463753255 400.49046063645204 45.333333333333336
      vertex 14.87775871946349 400.4385180950619 45.333333333333336
    endloop
  endfacet
  facet normal 0 0 1
    outer loop
      vertex 11.777777777777779 407.83333333333337 45.333333333333336
      vertex 11.777777777777779 403.83333333333337 45.333333333333336
      vertex 15.777777777777779 403.83333333333337 45.333333333333336
    endloop
  endfacet
  facet normal -1 0 0
    outer loop
      vertex 1.7777777777777777 388.33333333333337 -54.666666666666664
      vertex 1.7777777777777777 488.83333333333337 -42.666666666666664
      vertex 1.7777777777777777 504.33333333333337 -54.666666666666664
    endloop
  endfacet
  facet normal 0 0 1
    outer loop
      vertex 1.7777777777777777 403.83333333333337 -42.666666666666664
      vertex 11.777777777777779 484.83333333333337 -42.666666666666664
      vertex 1.7777777777777777 488.83333333333337 -42.666666666666664
    endloop
  endfacet
  facet normal 0 -1 0
    outer loop
      vertex 1.7777777777777777 488.83333333333337 -42.666666666666664
      vertex 11.777777777777779 488.83333333333337 -42.666666666666664
      vertex 1.7777777777777777 488.83333333333337 45.333333333333336
    endloop
  endfacet
  facet normal -1 0 0
    outer loop
      vertex 1.7777777777777777 488.83333333333337 -42.666666666666664
      vertex 1.7777777777777777 531.3333333333334 45.333333333333336
      vertex 1.7777777777777777 504.33333333333337 -54.666666666666664
    endloop
  endfacet
  facet normal -0.9996323577407566 0.026176294517818735 -0.007067599519811058
    outer loop
      vertex 1.7777777777777777 504.33333333333337 -54.666666666666664
      vertex 1.7777777777777777 531.3333333333334 45.333333333333336
      vertex 1.7846301040049086 504.5950131145481 -54.666666666666664
    endloop
  endfacet
  facet normal -0.9966937206877353 0.07844149699950151 -0.021179204189865408
    outer loop
      vertex 1.7846301040049086 504.5950131145481 -54.666666666666664
      vertex 1.7846301040049086 531.5950131145481 45.333333333333336
      vertex 1.805168300936411 504.8559756496717 -54.666666666666664
    endloop
  endfacet
  facet normal -0.990829745237637 0.1304452106444395 -0.035220206873998516
    outer loop
      vertex 1.805168300936411 504.8559756496717 -54.666666666666664
      vertex 1.805168300936411 531.8559756496716 45.333333333333336
      vertex 1.8393360748020884 505.1155056585345 -54.666666666666664
    endloop
  endfacet
  facet normal -0.9820668375141247 0.18201532972377926 -0.0491441390254204
    outer loop
      vertex 1.8393360748020884 505.1155056585345 -54.666666666666664
      vertex 1.8393360748020884 532.1155056585345 45.333333333333336
      vertex 1.8870397741087492 505.3728917874222 -54.666666666666664
    endloop
  endfacet
  facet normal -0.9704441350512727 0.23298302369972185 -0.0629054163989249
    outer loop
      vertex 1.8870397741087492 505.3728917874222 -54.666666666666664
      vertex 1.8870397741087492 532.3728917874222 45.333333333333336
      vertex 1.9481486463324371 505.62742855884596 -54.666666666666664
    endloop
  endfacet
  facet normal -0.9560129581752091 0.2831839395700747 -0.07645966368392018
    outer loop
      vertex 1.9481486463324371 505.62742855884596 -54.666666666666664
      vertex 1.9481486463324371 532.627428558846 45.333333333333336
      vertex 2.0224951963020095 505.87841830520813 -54.666666666666664
    endloop
  endfacet
  facet normal -0.9388361064848212 0.33245930186871286 -0.08976401150455246
    outer loop
      vertex 2.0224951963020095 505.87841830520813 -54.666666666666664
      vertex 2.0224951963020095 532.8784183052081 45.333333333333336
      vertex 2.109875645291768 506.12517308105987 -54.666666666666664
    endloop
  endfacet
  facet normal -0.9189870225541811 0.3806568883867716 -0.10277735986442832
    outer loop
      vertex 2.109875645291768 506.12517308105987 -54.666666666666664
      vertex 2.109875645291768 533.1251730810599 45.333333333333336
      vertex 2.2100504895647743 506.3670165487124 -54.666666666666664
    endloop
  endfacet
  facet normal -0.8965488483574133 0.4276318645351929 -0.1154606034245021
    outer loop
      vertex 2.2100504895647743 506.3670165487124 -54.666666666666664
      vertex 2.2100504895647743 533.3670165487124 45.333333333333336
      vertex 2.3227451568359383 506.60328583203113 -54.666666666666664
    endloop
  endfacet
  facet normal -0.8716134021061379 0.47324746455483646 -0.12777681542980585
    outer loop
      vertex 2.3227451568359383 506.60328583203113 -54.666666666666664
      vertex 2.3227451568359383 533.6032858320311 45.333333333333336
      vertex 2.447650758855585 506.83333333333337 -54.666666666666664
    endloop
  endfacet
  facet normal -0.8442801041503677 0.5173755132341767 -0.13969138857322771
    outer loop
      vertex 2.447650758855585 506.83333333333337 -54.666666666666664
      vertex 2.447650758855585 533.8333333333334 45.333333333333336
      vertex 2.584424938050657 507.0565285084085 -54.666666666666664
    endloop
  endfacet
  facet normal -0.8146548803791426 0.5598967871164844 -0.15117213252145079
    outer loop
      vertex 2.584424938050657 507.0565285084085 -54.666666666666664
      vertex 2.584424938050657 534.0565285084085 45.333333333333336
      vertex 2.7326928059030413 507.27225959479574 -54.666666666666664
    endloop
  endfacet
  facet normal -0.7828490702758762 0.6007012191369068 -0.16218932916696482
    outer loop
      vertex 2.7326928059030413 507.27225959479574 -54.666666666666664
      vertex 2.7326928059030413 534.2722595947957 45.333333333333336
      vertex 2.892047970492924 507.47993528858257 -54.666666666666664
    endloop
  endfacet
  facet normal -0.7489783645946945 0.6396879550302994 -0.17271574785818047
    outer loop
      vertex 2.892047970492924 507.47993528858257 -54.666666666666664
      vertex 2.892047970492924 534.4799352885825 45.333333333333336
      vertex 3.0620536503908076 507.6789863651277 -54.666666666666664
    endloop
  endfacet
  facet normal -0.7131617947340884 0.6767652735374136 -0.18272662385510166
    outer loop
      vertex 3.0620536503908076 507.6789863651277 -54.666666666666664
      vertex 3.0620536503908076 534.6789863651277 45.333333333333336
      vertex 3.24224387184504 507.86886723926614 -54.666666666666664
    endloop
  endfacet
  facet normal -0.6755207924937185 0.7118503853440112 -0.19219960404288305
    outer loop
      vertex 3.24224387184504 507.86886723926614 -54.666666666666664
      vertex 3.24224387184504 534.8688672392661 45.333333333333336
      vertex 3.4321247459834856 508.04905746072035 -54.666666666666664
    endloop
  endfacet
  facet normal -0.6361783352288084 0.7448691277728519 -0.20111466449867044
    outer loop
      vertex 3.4321247459834856 508.04905746072035 -54.666666666666664
      vertex 3.4321247459834856 535.0490574607204 45.333333333333336
      vertex 3.631175822528591 508.21906314061823 -54.666666666666664
    endloop
  endfacet
  facet normal -0.5952581876536694 0.7757555735416586 -0.20945400485624782
    outer loop
      vertex 3.631175822528591 508.21906314061823 -54.666666666666664
      vertex 3.631175822528591 535.2190631406182 45.333333333333336
      vertex 3.838851516315411 508.37841830520813 -54.666666666666664
    endloop
  endfacet
  facet normal -0.5528842478663094 0.8044515724562613 -0.21720192456319054
    outer loop
      vertex 3.838851516315411 508.37841830520813 -54.666666666666664
      vertex 3.838851516315411 535.3784183052081 45.333333333333336
      vertex 4.054582602702642 508.5266861730605 -54.666666666666664
    endloop
  endfacet
  facet normal -0.5091800016986211 0.8309062448241407 -0.22434468610251798
    outer loop
      vertex 4.054582602702642 508.5266861730605 -54.666666666666664
      vertex 4.054582602702642 535.5266861730605 45.333333333333336
      vertex 4.277777777777778 508.6634603522556 -54.666666666666664
    endloop
  endfacet
  facet normal -0.46426808634838257 0.8550754447510737 -0.2308703700827899
    outer loop
      vertex 4.277777777777778 508.6634603522556 -54.666666666666664
      vertex 4.277777777777778 535.6634603522556 45.333333333333336
      vertex 4.507825279080044 508.7883659542752 -54.666666666666664
    endloop
  endfacet
  facet normal -0.4182699614842209 0.8769212104405517 -0.23676872681894848
    outer loop
      vertex 4.507825279080044 508.7883659542752 -54.666666666666664
      vertex 4.507825279080044 535.7883659542752 45.333333333333336
      vertex 4.744094562398776 508.9010606215464 -54.666666666666664
    endloop
  endfacet
  facet normal -0.3713056836568124 0.8964112172705421 -0.24203102866304585
    outer loop
      vertex 4.744094562398776 508.9010606215464 -54.666666666666664
      vertex 4.744094562398776 535.9010606215463 45.333333333333336
      vertex 4.985938030051277 509.0012354658194 -54.666666666666664
    endloop
  endfacet
  facet normal -0.32349377791732264 0.9135182478726755 -0.2466499269256224
    outer loop
      vertex 4.985938030051277 509.0012354658194 -54.666666666666664
      vertex 4.985938030051277 536.0012354658194 45.333333333333336
      vertex 5.232692805903041 509.0886159148091 -54.666666666666664
    endloop
  endfacet
  facet normal -0.2749511989976268 0.9282196917890546 -0.2506193167830447
    outer loop
      vertex 5.232692805903041 509.0886159148091 -54.666666666666664
      vertex 5.232692805903041 536.0886159148091 45.333333333333336
      vertex 5.483682552265175 509.16296246477873 -54.666666666666664
    endloop
  endfacet
  facet normal -0.22579337322862164 0.9404970855975899 -0.2539342131113493
    outer loop
      vertex 5.483682552265175 509.16296246477873 -54.666666666666664
      vertex 5.483682552265175 536.1629624647787 45.333333333333336
      vertex 5.738219323688981 509.2240713370024 -54.666666666666664
    endloop
  endfacet
  facet normal -0.17613431151063166 0.9503357027420921 -0.25659063974036433
    outer loop
      vertex 5.738219323688981 509.2240713370024 -54.666666666666664
      vertex 5.995605452576624 536.271775036309 45.333333333333336
      vertex 5.995605452576624 509.27177503630907 -54.666666666666664
    endloop
  endfacet
  facet normal -0.1260867830252236 0.9577242007233986 -0.2585855341953171
    outer loop
      vertex 5.995605452576624 509.27177503630907 -54.666666666666664
      vertex 5.995605452576624 536.271775036309 45.333333333333336
      vertex 6.255135461439511 509.30594281017477 -54.666666666666664
    endloop
  endfacet
  facet normal -0.07576253899547021 0.9626543318111236 -0.25991666958900334
    outer loop
      vertex 6.255135461439511 509.30594281017477 -54.666666666666664
      vertex 6.255135461439511 536.3059428101748 45.333333333333336
      vertex 6.516097996563058 509.3264810071062 -54.666666666666664
    endloop
  endfacet
  facet normal -0.02527257553249563 0.9651207220514203 -0.2605825949538829
    outer loop
      vertex 6.516097996563058 509.3264810071062 -54.666666666666664
      vertex 6.516097996563058 536.3264810071062 45.333333333333336
      vertex 6.777777777777778 509.33333333333337 -54.666666666666664
    endloop
  endfacet
  facet normal 0 0 -1
    outer loop
      vertex 1.7777777777777777 504.33333333333337 -54.666666666666664
      vertex 1.7846301040049086 504.5950131145481 -54.666666666666664
      vertex 25.77777777777778 388.33333333333337 -54.666666666666664
    endloop
  endfacet
  facet normal 0 0 -1
    outer loop
      vertex 1.7846301040049086 504.5950131145481 -54.666666666666664
      vertex 1.805168300936411 504.8559756496717 -54.666666666666664
      vertex 25.77777777777778 388.33333333333337 -54.666666666666664
    endloop
  endfacet
  facet normal 0 0 -1
    outer loop
      vertex 1.805168300936411 504.8559756496717 -54.666666666666664
      vertex 1.8393360748020884 505.1155056585345 -54.666666666666664
      vertex 25.77777777777778 388.33333333333337 -54.666666666666664
    endloop
  endfacet
  facet normal 0 0 -1
    outer loop
      vertex 1.8393360748020884 505.1155056585345 -54.666666666666664
      vertex 1.8870397741087492 505.3728917874222 -54.666666666666664
      vertex 25.77777777777778 388.33333333333337 -54.666666666666664
    endloop
  endfacet
  facet normal 0 0 -1
    outer loop
      vertex 1.8870397741087492 505.3728917874222 -54.666666666666664
      vertex 1.9481486463324371 505.62742855884596 -54.666666666666664
      vertex 25.77777777777778 388.33333333333337 -54.666666666666664
    endloop
  endfacet
  facet normal 0 0 -1
    outer loop
      vertex 1.9481486463324371 505.62742855884596 -54.666666666666664
      vertex 2.0224951963020095 505.87841830520813 -54.666666666666664
      vertex 25.77777777777778 388.33333333333337 -54.666666666666664
    endloop
  endfacet
  facet normal 0 0 -1
    outer loop
      vertex 2.0224951963020095 505.87841830520813 -54.666666666666664
      vertex 2.109875645291768 506.12517308105987 -54.666666666666664
      vertex 25.77777777777778 388.33333333333337 -54.666666666666664
    endloop
  endfacet
  facet normal 0 0 -1
    outer loop
      vertex 2.109875645291768 506.12517308105987 -54.666666666666664
      vertex 2.2100504895647743 506.3670165487124 -54.666666666666664
      vertex 25.77777777777778 388.33333333333337 -54.666666666666664
    endloop
  endfacet
  facet normal 0 0 -1
    outer loop
      vertex 2.2100504895647743 506.3670165487124 -54.666666666666664
      vertex 2.3227451568359383 506.60328583203113 -54.666666666666664
      vertex 25.77777777777778 388.33333333333337 -54.666666666666664
    endloop
  endfacet
  facet normal 0 0 -1
    outer loop
      vertex 2.3227451568359383 506.60328583203113 -54.666666666666664
      vertex 2.447650758855585 506.83333333333337 -54.666666666666664
      vertex 25.77777777777778 388.33333333333337 -54.666666666666664
    endloop
  endfacet
  facet normal 0 0 -1
    outer loop
      vertex 2.447650758855585 506.83333333333337 -54.666666666666664
      vertex 2.584424938050657 507.0565285084085 -54.666666666666664
      vertex 25.77777777777778 388.33333333333337 -54.666666666666664
    endloop
  endfacet
  facet normal 0 0 -1
    outer loop
      vertex 2.584424938050657 507.0565285084085 -54.666666666666664
      vertex 2.7326928059030413 507.27225959479574 -54.666666666666664
      vertex 25.77777777777778 388.33333333333337 -54.666666666666664
    endloop
  endfacet
  facet normal 0 0 -1
    outer loop
      vertex 2.7326928059030413 507.27225959479574 -54.666666666666664
      vertex 2.892047970492924 507.47993528858257 -54.666666666666664
      vertex 25.77777777777778 388.33333333333337 -54.666666666666664
    endloop
  endfacet
  facet normal 0 0 -1
    outer loop
      vertex 2.892047970492924 507.47993528858257 -54.666666666666664
      vertex 3.0620536503908076 507.6789863651277 -54.666666666666664
      vertex 25.77777777777778 388.33333333333337 -54.666666666666664
    endloop
  endfacet
  facet normal 0 0 -1
    outer loop
      vertex 3.0620536503908076 507.6789863651277 -54.666666666666664
      vertex 3.24224387184504 507.86886723926614 -54.666666666666664
      vertex 25.77777777777778 388.33333333333337 -54.666666666666664
    endloop
  endfacet
  facet normal 0 0 1
    outer loop
      vertex 1.7777777777777777 403.83333333333337 -42.666666666666664
      vertex 15.777777777777779 484.83333333333337 -42.666666666666664
      vertex 11.777777777777779 484.83333333333337 -42.666666666666664
    endloop
  endfacet
  facet normal 0 0 1
    outer loop
      vertex 1.7777777777777777 488.83333333333337 -42.666666666666664
      vertex 11.777777777777779 484.83333333333337 -42.666666666666664
      vertex 11.777777777777779 488.83333333333337 -42.666666666666664
    endloop
  endfacet
  facet normal 0 0 -1
    outer loop
      vertex 3.24224387184504 507.86886723926614 -54.666666666666664
      vertex 3.4321247459834856 508.04905746072035 -54.666666666666664
      vertex 25.77777777777778 388.33333333333337 -54.666666666666664
    endloop
  endfacet
  facet normal 0 0 -1
    outer loop
      vertex 3.4321247459834856 508.04905746072035 -54.666666666666664
      vertex 3.631175822528591 508.21906314061823 -54.666666666666664
      vertex 25.77777777777778 388.33333333333337 -54.666666666666664
    endloop
  endfacet
  facet normal 0 0 -1
    outer loop
      vertex 3.631175822528591 508.21906314061823 -54.666666666666664
      vertex 3.838851516315411 508.37841830520813 -54.666666666666664
      vertex 25.77777777777778 388.33333333333337 -54.666666666666664
    endloop
  endfacet
  facet normal 0 0 -1
    outer loop
      vertex 3.838851516315411 508.37841830520813 -54.666666666666664
      vertex 4.054582602702642 508.5266861730605 -54.666666666666664
      vertex 25.77777777777778 388.33333333333337 -54.666666666666664
    endloop
  endfacet
  facet normal 0 0 -1
    outer loop
      vertex 4.054582602702642 508.5266861730605 -54.666666666666664
      vertex 4.277777777777778 508.6634603522556 -54.666666666666664
      vertex 25.77777777777778 388.33333333333337 -54.666666666666664
    endloop
  endfacet
  facet normal 0 0 -1
    outer loop
      vertex 4.277777777777778 508.6634603522556 -54.666666666666664
      vertex 4.507825279080044 508.7883659542752 -54.666666666666664
      vertex 25.77777777777778 388.33333333333337 -54.666666666666664
    endloop
  endfacet
  facet normal 0 0 -1
    outer loop
      vertex 4.507825279080044 508.7883659542752 -54.666666666666664
      vertex 4.744094562398776 508.9010606215464 -54.666666666666664
      vertex 25.77777777777778 388.33333333333337 -54.666666666666664
    endloop
  endfacet
  facet normal 0 0 -1
    outer loop
      vertex 4.744094562398776 508.9010606215464 -54.666666666666664
      vertex 4.985938030051277 509.0012354658194 -54.666666666666664
      vertex 25.77777777777778 388.33333333333337 -54.666666666666664
    endloop
  endfacet
  facet normal 0 0 -1
    outer loop
      vertex 4.985938030051277 509.0012354658194 -54.666666666666664
      vertex 5.232692805903041 509.0886159148091 -54.666666666666664
      vertex 25.77777777777778 388.33333333333337 -54.666666666666664
    endloop
  endfacet
  facet normal 0 0 -1
    outer loop
      vertex 5.232692805903041 509.0886159148091 -54.666666666666664
      vertex 5.483682552265175 509.16296246477873 -54.666666666666664
      vertex 25.77777777777778 388.33333333333337 -54.666666666666664
    endloop
  endfacet
  facet normal 0 0 -1
    outer loop
      vertex 5.483682552265175 509.16296246477873 -54.666666666666664
      vertex 5.738219323688981 509.2240713370024 -54.666666666666664
      vertex 25.77777777777778 388.33333333333337 -54.666666666666664
    endloop
  endfacet
  facet normal 0 0 -1
    outer loop
      vertex 5.738219323688981 509.2240713370024 -54.666666666666664
      vertex 5.995605452576624 509.27177503630907 -54.666666666666664
      vertex 25.77777777777778 388.33333333333337 -54.666666666666664
    endloop
  endfacet
  facet normal 0 0 -1
    outer loop
      vertex 5.995605452576624 509.27177503630907 -54.666666666666664
      vertex 6.255135461439511 509.30594281017477 -54.666666666666664
      vertex 25.77777777777778 388.33333333333337 -54.666666666666664
    endloop
  endfacet
  facet normal 0 0 -1
    outer loop
      vertex 6.255135461439511 509.30594281017477 -54.666666666666664
      vertex 6.516097996563058 509.3264810071062 -54.666666666666664
      vertex 25.77777777777778 388.33333333333337 -54.666666666666664
    endloop
  endfacet
  facet normal 0 0 -1
    outer loop
      vertex 6.516097996563058 509.3264810071062 -54.666666666666664
      vertex 6.777777777777778 509.33333333333337 -54.666666666666664
      vertex 25.77777777777778 388.33333333333337 -54.666666666666664
    endloop
  endfacet
  facet normal -1 0 0
    outer loop
      vertex 11.777777777777779 484.83333333333337 -42.666666666666664
      vertex 11.777777777777779 488.83333333333337 45.333333333333336
      vertex 11.777777777777779 488.83333333333337 -42.666666666666664
    endloop
  endfacet
  facet normal 0 0 1
    outer loop
      vertex 9.53360225507084 496.11090551930084 -17.666666666666664
      vertex 9.53360225507084 496.5557611473659 -17.666666666666664
      vertex 9.527777777777779 496.33333333333337 -17.666666666666664
    endloop
  endfacet
  facet normal 0 0 1
    outer loop
      vertex 9.551059722462616 495.88908736444586 -17.666666666666664
      vertex 9.551059722462616 496.7775793022209 -17.666666666666664
      vertex 9.53360225507084 496.11090551930084 -17.666666666666664
    endloop
  endfacet
  facet normal 0 0 1
    outer loop
      vertex 9.53360225507084 496.11090551930084 -17.666666666666664
      vertex 9.551059722462616 496.7775793022209 -17.666666666666664
      vertex 9.53360225507084 496.5557611473659 -17.666666666666664
    endloop
  endfacet
  facet normal 0 0 1
    outer loop
      vertex 9.551059722462616 495.88908736444586 -17.666666666666664
      vertex 9.580102330248442 495.6684868569124 -17.666666666666664
      vertex 9.580102330248442 496.99817980975433 -17.666666666666664
    endloop
  endfacet
  facet normal 0 0 1
    outer loop
      vertex 9.620650474659104 495.4497086473579 -17.666666666666664
      vertex 9.620650474659104 497.21695801930883 -17.666666666666664
      vertex 9.580102330248442 495.6684868569124 -17.666666666666664
    endloop
  endfacet
  facet normal 0 0 1
    outer loop
      vertex 9.551059722462616 495.88908736444586 -17.666666666666664
      vertex 9.580102330248442 496.99817980975433 -17.666666666666664
      vertex 9.551059722462616 496.7775793022209 -17.666666666666664
    endloop
  endfacet
  facet normal 0 0 1
    outer loop
      vertex 9.580102330248442 495.6684868569124 -17.666666666666664
      vertex 9.620650474659104 497.21695801930883 -17.666666666666664
      vertex 9.580102330248442 496.99817980975433 -17.666666666666664
    endloop
  endfacet
  facet normal 0 0 1
    outer loop
      vertex 9.620650474659104 495.4497086473579 -17.666666666666664
      vertex 9.672593016049237 497.4333142750191 -17.666666666666664
      vertex 9.620650474659104 497.21695801930883 -17.666666666666664
    endloop
  endfacet
  facet normal 0 0 1
    outer loop
      vertex 9.620650474659104 495.4497086473579 -17.666666666666664
      vertex 9.672593016049237 495.23335239164766 -17.666666666666664
      vertex 9.672593016049237 497.4333142750191 -17.666666666666664
    endloop
  endfacet
  facet normal 0 0 1
    outer loop
      vertex 9.672593016049237 495.23335239164766 -17.666666666666664
      vertex 9.735787583523376 495.02001110723984 -17.666666666666664
      vertex 9.735787583523376 497.6466555594269 -17.666666666666664
    endloop
  endfacet
  facet normal 0 0 1
    outer loop
      vertex 9.672593016049237 495.23335239164766 -17.666666666666664
      vertex 9.735787583523376 497.6466555594269 -17.666666666666664
      vertex 9.672593016049237 497.4333142750191 -17.666666666666664
    endloop
  endfacet
  facet normal 0 0 1
    outer loop
      vertex 9.735787583523376 495.02001110723984 -17.666666666666664
      vertex 9.81006096516467 494.81026954776587 -17.666666666666664
      vertex 9.81006096516467 497.8563971189009 -17.666666666666664
    endloop
  endfacet
  facet normal 0 0 1
    outer loop
      vertex 9.735787583523376 495.02001110723984 -17.666666666666664
      vertex 9.81006096516467 497.8563971189009 -17.666666666666664
      vertex 9.735787583523376 497.6466555594269 -17.666666666666664
    endloop
  endfacet
  facet normal 0 0 1
    outer loop
      vertex 9.81006096516467 494.81026954776587 -17.666666666666664
      vertex 9.895209582796724 498.0619640664055 -17.666666666666664
      vertex 9.81006096516467 497.8563971189009 -17.666666666666664
    endloop
  endfacet
  facet normal 0 0 1
    outer loop
      vertex 9.81006096516467 494.81026954776587 -17.666666666666664
      vertex 9.895209582796724 494.60470260026125 -17.666666666666664
      vertex 9.895209582796724 498.0619640664055 -17.666666666666664
    endloop
  endfacet
  facet normal 0 0 1
    outer loop
      vertex 9.895209582796724 494.60470260026125 -17.666666666666664
      vertex 9.991000049977213 494.4038737094403 -17.666666666666664
      vertex 9.991000049977213 498.26279295722645 -17.666666666666664
    endloop
  endfacet
  facet normal 0 0 1
    outer loop
      vertex 9.895209582796724 494.60470260026125 -17.666666666666664
      vertex 9.991000049977213 498.26279295722645 -17.666666666666664
      vertex 9.895209582796724 498.0619640664055 -17.666666666666664
    endloop
  endfacet
  facet normal 0 0 1
    outer loop
      vertex 9.991000049977213 494.4038737094403 -17.666666666666664
      vertex 10.097169811693913 498.45833333333337 -17.666666666666664
      vertex 9.991000049977213 498.26279295722645 -17.666666666666664
    endloop
  endfacet
  facet normal 0 0 1
    outer loop
      vertex 9.991000049977213 494.4038737094403 -17.666666666666664
      vertex 10.097169811693913 494.20833333333337 -17.666666666666664
      vertex 10.097169811693913 498.45833333333337 -17.666666666666664
    endloop
  endfacet
  facet normal 0 0 1
    outer loop
      vertex 10.213427864009727 494.0186174345195 -17.666666666666664
      vertex 10.213427864009727 498.64804923214723 -17.666666666666664
      vertex 10.097169811693913 494.20833333333337 -17.666666666666664
    endloop
  endfacet
  facet normal 0 0 1
    outer loop
      vertex 10.213427864009727 494.0186174345195 -17.666666666666664
      vertex 10.339455551684253 493.83524601109036 -17.666666666666664
      vertex 10.339455551684253 498.8314206555764 -17.666666666666664
    endloop
  endfacet
  facet normal 0 0 1
    outer loop
      vertex 10.339455551684253 493.83524601109036 -17.666666666666664
      vertex 10.474907441585653 493.65872167137155 -17.666666666666664
      vertex 10.474907441585653 499.0079449952952 -17.666666666666664
    endloop
  endfacet
  facet normal 0 0 1
    outer loop
      vertex 10.474907441585653 493.65872167137155 -17.666666666666664
      vertex 10.619412269498852 493.48952825630823 -17.666666666666664
      vertex 10.619412269498852 499.1771384103585 -17.666666666666664
    endloop
  endfacet
  facet normal 0 0 1
    outer loop
      vertex 10.619412269498852 493.48952825630823 -17.666666666666664
      vertex 10.772573957734952 493.32812951329055 -17.666666666666664
      vertex 10.772573957734952 499.3385371533762 -17.666666666666664
    endloop
  endfacet
  facet normal 0 0 1
    outer loop
      vertex 10.097169811693913 494.20833333333337 -17.666666666666664
      vertex 10.213427864009727 498.64804923214723 -17.666666666666664
      vertex 10.097169811693913 498.45833333333337 -17.666666666666664
    endloop
  endfacet
  facet normal 0 0 1
    outer loop
      vertex 10.213427864009727 494.0186174345195 -17.666666666666664
      vertex 10.339455551684253 498.8314206555764 -17.666666666666664
      vertex 10.213427864009727 498.64804923214723 -17.666666666666664
    endloop
  endfacet
  facet normal 0 0 1
    outer loop
      vertex 10.339455551684253 493.83524601109036 -17.666666666666664
      vertex 10.474907441585653 499.0079449952952 -17.666666666666664
      vertex 10.339455551684253 498.8314206555764 -17.666666666666664
    endloop
  endfacet
  facet normal 0 0 1
    outer loop
      vertex 10.474907441585653 493.65872167137155 -17.666666666666664
      vertex 10.619412269498852 499.1771384103585 -17.666666666666664
      vertex 10.474907441585653 499.0079449952952 -17.666666666666664
    endloop
  endfacet
  facet normal 0 0 1
    outer loop
      vertex 10.619412269498852 493.48952825630823 -17.666666666666664
      vertex 10.772573957734952 499.3385371533762 -17.666666666666664
      vertex 10.619412269498852 499.1771384103585 -17.666666666666664
    endloop
  endfacet
  facet normal 0 0 1
    outer loop
      vertex 10.772573957734952 493.32812951329055 -17.666666666666664
      vertex 10.93397270075263 493.17496782505447 -17.666666666666664
      vertex 10.93397270075263 499.4916988416123 -17.666666666666664
    endloop
  endfacet
  facet normal 0 0 1
    outer loop
      vertex 10.93397270075263 493.17496782505447 -17.666666666666664
      vertex 11.10316611581597 493.0304629971412 -17.666666666666664
      vertex 11.10316611581597 499.6362036695255 -17.666666666666664
    endloop
  endfacet
  facet normal 0 0 1
    outer loop
      vertex 11.10316611581597 493.0304629971412 -17.666666666666664
      vertex 11.279690455534766 492.89501110723984 -17.666666666666664
      vertex 11.279690455534766 499.7716555594269 -17.666666666666664
    endloop
  endfacet
  facet normal 0 0 1
    outer loop
      vertex 11.279690455534766 492.89501110723984 -17.666666666666664
      vertex 11.463061878963913 492.7689834195653 -17.666666666666664
      vertex 11.463061878963913 499.89768324710144 -17.666666666666664
    endloop
  endfacet
  facet normal 0 0 1
    outer loop
      vertex 10.772573957734952 493.32812951329055 -17.666666666666664
      vertex 10.93397270075263 499.4916988416123 -17.666666666666664
      vertex 10.772573957734952 499.3385371533762 -17.666666666666664
    endloop
  endfacet
  facet normal 0 0 1
    outer loop
      vertex 10.93397270075263 493.17496782505447 -17.666666666666664
      vertex 11.10316611581597 499.6362036695255 -17.666666666666664
      vertex 10.93397270075263 499.4916988416123 -17.666666666666664
    endloop
  endfacet
  facet normal 0 0 1
    outer loop
      vertex 11.10316611581597 493.0304629971412 -17.666666666666664
      vertex 11.279690455534766 499.7716555594269 -17.666666666666664
      vertex 11.10316611581597 499.6362036695255 -17.666666666666664
    endloop
  endfacet
  facet normal 0 0 1
    outer loop
      vertex 11.279690455534766 492.89501110723984 -17.666666666666664
      vertex 11.463061878963913 499.89768324710144 -17.666666666666664
      vertex 11.279690455534766 499.7716555594269 -17.666666666666664
    endloop
  endfacet
  facet normal 0 0 1
    outer loop
      vertex 11.463061878963913 492.7689834195653 -17.666666666666664
      vertex 11.652777777777779 500.01394129941724 -17.666666666666664
      vertex 11.463061878963913 499.89768324710144 -17.666666666666664
    endloop
  endfacet
  facet normal 0 0 1
    outer loop
      vertex 11.463061878963913 492.7689834195653 -17.666666666666664
      vertex 11.652777777777779 492.6527253672495 -17.666666666666664
      vertex 11.652777777777779 500.01394129941724 -17.666666666666664
    endloop
  endfacet
  facet normal 0 0 1
    outer loop
      vertex 11.652777777777779 492.6527253672495 -17.666666666666664
      vertex 11.848318153884705 492.54655560553283 -17.666666666666664
      vertex 11.848318153884705 500.1201110611339 -17.666666666666664
    endloop
  endfacet
  facet normal 0 0 1
    outer loop
      vertex 11.848318153884705 492.54655560553283 -17.666666666666664
      vertex 12.049147044705627 492.4507651383523 -17.666666666666664
      vertex 12.049147044705627 500.2159015283144 -17.666666666666664
    endloop
  endfacet
  facet normal 0 0 1
    outer loop
      vertex 12.049147044705627 492.4507651383523 -17.666666666666664
      vertex 12.254713992210252 492.36561652072027 -17.666666666666664
      vertex 12.254713992210252 500.3010501459465 -17.666666666666664
    endloop
  endfacet
  facet normal 0 0 1
    outer loop
      vertex 11.652777777777779 492.6527253672495 -17.666666666666664
      vertex 11.848318153884705 500.1201110611339 -17.666666666666664
      vertex 11.652777777777779 500.01394129941724 -17.666666666666664
    endloop
  endfacet
  facet normal 0 0 1
    outer loop
      vertex 11.848318153884705 492.54655560553283 -17.666666666666664
      vertex 12.049147044705627 500.2159015283144 -17.666666666666664
      vertex 11.848318153884705 500.1201110611339 -17.666666666666664
    endloop
  endfacet
  facet normal 0 0 1
    outer loop
      vertex 12.049147044705627 492.4507651383523 -17.666666666666664
      vertex 12.254713992210252 500.3010501459465 -17.666666666666664
      vertex 12.049147044705627 500.2159015283144 -17.666666666666664
    endloop
  endfacet
  facet normal 0 0 1
    outer loop
      vertex 12.254713992210252 492.36561652072027 -17.666666666666664
      vertex 12.464455551684253 492.291343139079 -17.666666666666664
      vertex 12.464455551684253 500.37532352758774 -17.666666666666664
    endloop
  endfacet
  facet normal 0 0 1
    outer loop
      vertex 12.464455551684253 492.291343139079 -17.666666666666664
      vertex 12.677796836092064 492.22814857160483 -17.666666666666664
      vertex 12.677796836092064 500.4385180950619 -17.666666666666664
    endloop
  endfacet
  facet normal 0 0 1
    outer loop
      vertex 12.677796836092064 492.22814857160483 -17.666666666666664
      vertex 12.894153091802302 492.1762060302147 -17.666666666666664
      vertex 12.894153091802302 500.49046063645204 -17.666666666666664
    endloop
  endfacet
  facet normal 0 0 1
    outer loop
      vertex 12.254713992210252 492.36561652072027 -17.666666666666664
      vertex 12.464455551684253 500.37532352758774 -17.666666666666664
      vertex 12.254713992210252 500.3010501459465 -17.666666666666664
    endloop
  endfacet
  facet normal 0 0 1
    outer loop
      vertex 12.464455551684253 492.291343139079 -17.666666666666664
      vertex 12.677796836092064 500.4385180950619 -17.666666666666664
      vertex 12.464455551684253 500.37532352758774 -17.666666666666664
    endloop
  endfacet
  facet normal 0 0 1
    outer loop
      vertex 12.677796836092064 492.22814857160483 -17.666666666666664
      vertex 12.894153091802302 500.49046063645204 -17.666666666666664
      vertex 12.677796836092064 500.4385180950619 -17.666666666666664
    endloop
  endfacet
  facet normal 0 0 1
    outer loop
      vertex 12.894153091802302 492.1762060302147 -17.666666666666664
      vertex 13.112931301356795 500.5310087808627 -17.666666666666664
      vertex 12.894153091802302 500.49046063645204 -17.666666666666664
    endloop
  endfacet
  facet normal 0 0 1
    outer loop
      vertex 12.894153091802302 492.1762060302147 -17.666666666666664
      vertex 13.112931301356795 492.13565788580405 -17.666666666666664
      vertex 13.112931301356795 500.5310087808627 -17.666666666666664
    endloop
  endfacet
  facet normal 0 0 1
    outer loop
      vertex 13.112931301356795 492.13565788580405 -17.666666666666664
      vertex 13.33353180889025 492.10661527801824 -17.666666666666664
      vertex 13.33353180889025 500.5600513886485 -17.666666666666664
    endloop
  endfacet
  facet normal 0 0 1
    outer loop
      vertex 13.33353180889025 492.10661527801824 -17.666666666666664
      vertex 13.555349963745268 492.08915781062643 -17.666666666666664
      vertex 13.555349963745268 500.5775088560403 -17.666666666666664
    endloop
  endfacet
  facet normal 0 0 1
    outer loop
      vertex 13.555349963745268 492.08915781062643 -17.666666666666664
      vertex 13.777777777777779 492.08333333333337 -17.666666666666664
      vertex 13.777777777777779 500.58333333333337 -17.666666666666664
    endloop
  endfacet
  facet normal 0 0 1
    outer loop
      vertex 13.112931301356795 492.13565788580405 -17.666666666666664
      vertex 13.33353180889025 500.5600513886485 -17.666666666666664
      vertex 13.112931301356795 500.5310087808627 -17.666666666666664
    endloop
  endfacet
  facet normal 0 0 1
    outer loop
      vertex 13.33353180889025 492.10661527801824 -17.666666666666664
      vertex 13.555349963745268 500.5775088560403 -17.666666666666664
      vertex 13.33353180889025 500.5600513886485 -17.666666666666664
    endloop
  endfacet
  facet normal 0 0 1
    outer loop
      vertex 13.555349963745268 492.08915781062643 -17.666666666666664
      vertex 13.777777777777779 500.58333333333337 -17.666666666666664
      vertex 13.555349963745268 500.5775088560403 -17.666666666666664
    endloop
  endfacet
  facet normal 0 0.9654290825583873 -0.26066585229076455
    outer loop
      vertex 6.777777777777778 509.33333333333337 -54.666666666666664
      vertex 6.777777777777778 536.3333333333334 45.333333333333336
      vertex 20.77777777777778 509.33333333333337 -54.666666666666664
    endloop
  endfacet
  facet normal -1 0 0
    outer loop
      vertex 1.7777777777777777 488.83333333333337 -42.666666666666664
      vertex 1.7777777777777777 488.83333333333337 45.333333333333336
      vertex 1.7777777777777777 531.3333333333334 45.333333333333336
    endloop
  endfacet
  facet normal -0.9996323577407566 0.026176294517818735 -0.007067599519811058
    outer loop
      vertex 1.7846301040049086 504.5950131145481 -54.666666666666664
      vertex 1.7777777777777777 531.3333333333334 45.333333333333336
      vertex 1.7846301040049086 531.5950131145481 45.333333333333336
    endloop
  endfacet
  facet normal -0.9966937206877323 0.07844149699953545 -0.021179204189874484
    outer loop
      vertex 1.805168300936411 504.8559756496717 -54.666666666666664
      vertex 1.7846301040049086 531.5950131145481 45.333333333333336
      vertex 1.805168300936411 531.8559756496716 45.333333333333336
    endloop
  endfacet
  facet normal -0.9908297452376449 0.1304452106443834 -0.03522020687398352
    outer loop
      vertex 1.8393360748020884 505.1155056585345 -54.666666666666664
      vertex 1.805168300936411 531.8559756496716 45.333333333333336
      vertex 1.8393360748020884 532.1155056585345 45.333333333333336
    endloop
  endfacet
  facet normal -0.9820668375141247 0.18201532972377926 -0.0491441390254204
    outer loop
      vertex 1.8870397741087492 505.3728917874222 -54.666666666666664
      vertex 1.8393360748020884 532.1155056585345 45.333333333333336
      vertex 1.8870397741087492 532.3728917874222 45.333333333333336
    endloop
  endfacet
  facet normal -0.9704441350512727 0.23298302369972185 -0.0629054163989249
    outer loop
      vertex 1.9481486463324371 505.62742855884596 -54.666666666666664
      vertex 1.8870397741087492 532.3728917874222 45.333333333333336
      vertex 1.9481486463324371 532.627428558846 45.333333333333336
    endloop
  endfacet
  facet normal -0.9560129581752091 0.2831839395700747 -0.07645966368392018
    outer loop
      vertex 2.0224951963020095 505.87841830520813 -54.666666666666664
      vertex 1.9481486463324371 532.627428558846 45.333333333333336
      vertex 2.0224951963020095 532.8784183052081 45.333333333333336
    endloop
  endfacet
  facet normal -0.9388361064848212 0.33245930186871286 -0.08976401150455246
    outer loop
      vertex 2.109875645291768 506.12517308105987 -54.666666666666664
      vertex 2.0224951963020095 532.8784183052081 45.333333333333336
      vertex 2.109875645291768 533.1251730810599 45.333333333333336
    endloop
  endfacet
  facet normal -0.9189870225541811 0.3806568883867716 -0.10277735986442832
    outer loop
      vertex 2.2100504895647743 506.3670165487124 -54.666666666666664
      vertex 2.109875645291768 533.1251730810599 45.333333333333336
      vertex 2.2100504895647743 533.3670165487124 45.333333333333336
    endloop
  endfacet
  facet normal -0.8965488483574133 0.4276318645351929 -0.1154606034245021
    outer loop
      vertex 2.3227451568359383 506.60328583203113 -54.666666666666664
      vertex 2.2100504895647743 533.3670165487124 45.333333333333336
      vertex 2.3227451568359383 533.6032858320311 45.333333333333336
    endloop
  endfacet
  facet normal -0.8716134021061379 0.47324746455483646 -0.12777681542980585
    outer loop
      vertex 2.447650758855585 506.83333333333337 -54.666666666666664
      vertex 2.3227451568359383 533.6032858320311 45.333333333333336
      vertex 2.447650758855585 533.8333333333334 45.333333333333336
    endloop
  endfacet
  facet normal -0.8442801041503677 0.5173755132341767 -0.13969138857322771
    outer loop
      vertex 2.584424938050657 507.0565285084085 -54.666666666666664
      vertex 2.447650758855585 533.8333333333334 45.333333333333336
      vertex 2.584424938050657 534.0565285084085 45.333333333333336
    endloop
  endfacet
  facet normal -0.8146548803791426 0.5598967871164844 -0.15117213252145079
    outer loop
      vertex 2.7326928059030413 507.27225959479574 -54.666666666666664
      vertex 2.584424938050657 534.0565285084085 45.333333333333336
      vertex 2.7326928059030413 534.2722595947957 45.333333333333336
    endloop
  endfacet
  facet normal -0.7828490702757933 0.6007012191370076 -0.16218932916699172
    outer loop
      vertex 2.892047970492924 507.47993528858257 -54.666666666666664
      vertex 2.7326928059030413 534.2722595947957 45.333333333333336
      vertex 2.892047970492924 534.4799352885825 45.333333333333336
    endloop
  endfacet
  facet normal -0.7489783645947884 0.6396879550301969 -0.17271574785815316
    outer loop
      vertex 3.0620536503908076 507.6789863651277 -54.666666666666664
      vertex 2.892047970492924 534.4799352885825 45.333333333333336
      vertex 3.0620536503908076 534.6789863651277 45.333333333333336
    endloop
  endfacet
  facet normal -0.7131617947340884 0.6767652735374136 -0.18272662385510166
    outer loop
      vertex 3.24224387184504 507.86886723926614 -54.666666666666664
      vertex 3.0620536503908076 534.6789863651277 45.333333333333336
      vertex 3.24224387184504 534.8688672392661 45.333333333333336
    endloop
  endfacet
  facet normal -0.6755207924938345 0.7118503853439088 -0.19219960404285577
    outer loop
      vertex 3.4321247459834856 508.04905746072035 -54.666666666666664
      vertex 3.24224387184504 534.8688672392661 45.333333333333336
      vertex 3.4321247459834856 535.0490574607204 45.333333333333336
    endloop
  endfacet
  facet normal -0.6361783352286817 0.7448691277729527 -0.20111466449869722
    outer loop
      vertex 3.631175822528591 508.21906314061823 -54.666666666666664
      vertex 3.4321247459834856 535.0490574607204 45.333333333333336
      vertex 3.631175822528591 535.2190631406182 45.333333333333336
    endloop
  endfacet
  facet normal -0.5952581876536694 0.7757555735416586 -0.20945400485624782
    outer loop
      vertex 3.838851516315411 508.37841830520813 -54.666666666666664
      vertex 3.631175822528591 535.2190631406182 45.333333333333336
      vertex 3.838851516315411 535.3784183052081 45.333333333333336
    endloop
  endfacet
  facet normal -0.5528842478663094 0.8044515724562613 -0.21720192456319054
    outer loop
      vertex 4.054582602702642 508.5266861730605 -54.666666666666664
      vertex 3.838851516315411 535.3784183052081 45.333333333333336
      vertex 4.054582602702642 535.5266861730605 45.333333333333336
    endloop
  endfacet
  facet normal -0.5091800016986211 0.8309062448241407 -0.22434468610251798
    outer loop
      vertex 4.277777777777778 508.6634603522556 -54.666666666666664
      vertex 4.054582602702642 535.5266861730605 45.333333333333336
      vertex 4.277777777777778 535.6634603522556 45.333333333333336
    endloop
  endfacet
  facet normal -0.4642680863482301 0.8550754447511509 -0.23087037008281025
    outer loop
      vertex 4.507825279080044 508.7883659542752 -54.666666666666664
      vertex 4.277777777777778 535.6634603522556 45.333333333333336
      vertex 4.507825279080044 535.7883659542752 45.333333333333336
    endloop
  endfacet
  facet normal -0.4182699614842209 0.8769212104405517 -0.23676872681894848
    outer loop
      vertex 4.744094562398776 508.9010606215464 -54.666666666666664
      vertex 4.507825279080044 535.7883659542752 45.333333333333336
      vertex 4.744094562398776 535.9010606215463 45.333333333333336
    endloop
  endfacet
  facet normal -0.37130568365699407 0.8964112172704719 -0.24203102866302742
    outer loop
      vertex 4.985938030051277 509.0012354658194 -54.666666666666664
      vertex 4.744094562398776 535.9010606215463 45.333333333333336
      vertex 4.985938030051277 536.0012354658194 45.333333333333336
    endloop
  endfacet
  facet normal -0.32349377791732264 0.9135182478726755 -0.2466499269256224
    outer loop
      vertex 5.232692805903041 509.0886159148091 -54.666666666666664
      vertex 4.985938030051277 536.0012354658194 45.333333333333336
      vertex 5.232692805903041 536.0886159148091 45.333333333333336
    endloop
  endfacet
  facet normal -0.2749511989976268 0.9282196917890546 -0.2506193167830447
    outer loop
      vertex 5.483682552265175 509.16296246477873 -54.666666666666664
      vertex 5.232692805903041 536.0886159148091 45.333333333333336
      vertex 5.483682552265175 536.1629624647787 45.333333333333336
    endloop
  endfacet
  facet normal -0.22579337322882093 0.9404970855975451 -0.2539342131113377
    outer loop
      vertex 5.738219323688981 509.2240713370024 -54.666666666666664
      vertex 5.483682552265175 536.1629624647787 45.333333333333336
      vertex 5.738219323688981 536.2240713370024 45.333333333333336
    endloop
  endfacet
  facet normal -0.1761343115102249 0.9503357027421624 -0.2565906397403844
    outer loop
      vertex 5.738219323688981 509.2240713370024 -54.666666666666664
      vertex 5.738219323688981 536.2240713370024 45.333333333333336
      vertex 5.995605452576624 536.271775036309 45.333333333333336
    endloop
  endfacet
  facet normal -0.12608678302543003 0.9577242007233732 -0.2585855341953108
    outer loop
      vertex 6.255135461439511 509.30594281017477 -54.666666666666664
      vertex 5.995605452576624 536.271775036309 45.333333333333336
      vertex 6.255135461439511 536.3059428101748 45.333333333333336
    endloop
  endfacet
  facet normal -0.07576253899527842 0.9626543318111378 -0.25991666958900667
    outer loop
      vertex 6.516097996563058 509.3264810071062 -54.666666666666664
      vertex 6.255135461439511 536.3059428101748 45.333333333333336
      vertex 6.516097996563058 536.3264810071062 45.333333333333336
    endloop
  endfacet
  facet normal -0.025272575532705142 0.9651207220514151 -0.2605825949538821
    outer loop
      vertex 6.777777777777778 509.33333333333337 -54.666666666666664
      vertex 6.516097996563058 536.3264810071062 45.333333333333336
      vertex 6.777777777777778 536.3333333333334 45.333333333333336
    endloop
  endfacet
  facet normal 0 0 1
    outer loop
      vertex 1.7777777777777777 488.83333333333337 45.333333333333336
      vertex 5.995605452576624 536.271775036309 45.333333333333336
      vertex 1.7777777777777777 531.3333333333334 45.333333333333336
    endloop
  endfacet
  facet normal 0 0 1
    outer loop
      vertex 1.7777777777777777 531.3333333333334 45.333333333333336
      vertex 5.995605452576624 536.271775036309 45.333333333333336
      vertex 1.7846301040049086 531.5950131145481 45.333333333333336
    endloop
  endfacet
  facet normal 0 0 1
    outer loop
      vertex 1.7846301040049086 531.5950131145481 45.333333333333336
      vertex 5.995605452576624 536.271775036309 45.333333333333336
      vertex 1.805168300936411 531.8559756496716 45.333333333333336
    endloop
  endfacet
  facet normal 0 0 1
    outer loop
      vertex 1.805168300936411 531.8559756496716 45.333333333333336
      vertex 5.995605452576624 536.271775036309 45.333333333333336
      vertex 1.8393360748020884 532.1155056585345 45.333333333333336
    endloop
  endfacet
  facet normal 0 0 1
    outer loop
      vertex 1.8393360748020884 532.1155056585345 45.333333333333336
      vertex 5.995605452576624 536.271775036309 45.333333333333336
      vertex 1.8870397741087492 532.3728917874222 45.333333333333336
    endloop
  endfacet
  facet normal 0 0 1
    outer loop
      vertex 1.8870397741087492 532.3728917874222 45.333333333333336
      vertex 5.995605452576624 536.271775036309 45.333333333333336
      vertex 1.9481486463324371 532.627428558846 45.333333333333336
    endloop
  endfacet
  facet normal 0 0 1
    outer loop
      vertex 1.9481486463324371 532.627428558846 45.333333333333336
      vertex 5.995605452576624 536.271775036309 45.333333333333336
      vertex 2.0224951963020095 532.8784183052081 45.333333333333336
    endloop
  endfacet
  facet normal 0 0 1
    outer loop
      vertex 2.0224951963020095 532.8784183052081 45.333333333333336
      vertex 5.995605452576624 536.271775036309 45.333333333333336
      vertex 2.109875645291768 533.1251730810599 45.333333333333336
    endloop
  endfacet
  facet normal 0 0 1
    outer loop
      vertex 2.109875645291768 533.1251730810599 45.333333333333336
      vertex 5.995605452576624 536.271775036309 45.333333333333336
      vertex 2.2100504895647743 533.3670165487124 45.333333333333336
    endloop
  endfacet
  facet normal 0 0 1
    outer loop
      vertex 2.2100504895647743 533.3670165487124 45.333333333333336
      vertex 5.995605452576624 536.271775036309 45.333333333333336
      vertex 2.3227451568359383 533.6032858320311 45.333333333333336
    endloop
  endfacet
  facet normal 0 0 1
    outer loop
      vertex 2.3227451568359383 533.6032858320311 45.333333333333336
      vertex 5.995605452576624 536.271775036309 45.333333333333336
      vertex 2.447650758855585 533.8333333333334 45.333333333333336
    endloop
  endfacet
  facet normal 0 0 1
    outer loop
      vertex 2.447650758855585 533.8333333333334 45.333333333333336
      vertex 5.995605452576624 536.271775036309 45.333333333333336
      vertex 2.584424938050657 534.0565285084085 45.333333333333336
    endloop
  endfacet
  facet normal 0 0 1
    outer loop
      vertex 2.584424938050657 534.0565285084085 45.333333333333336
      vertex 5.995605452576624 536.271775036309 45.333333333333336
      vertex 2.7326928059030413 534.2722595947957 45.333333333333336
    endloop
  endfacet
  facet normal 0 0 1
    outer loop
      vertex 2.7326928059030413 534.2722595947957 45.333333333333336
      vertex 5.995605452576624 536.271775036309 45.333333333333336
      vertex 2.892047970492924 534.4799352885825 45.333333333333336
    endloop
  endfacet
  facet normal 0 0 1
    outer loop
      vertex 2.892047970492924 534.4799352885825 45.333333333333336
      vertex 5.995605452576624 536.271775036309 45.333333333333336
      vertex 3.0620536503908076 534.6789863651277 45.333333333333336
    endloop
  endfacet
  facet normal 0 0 1
    outer loop
      vertex 3.0620536503908076 534.6789863651277 45.333333333333336
      vertex 5.995605452576624 536.271775036309 45.333333333333336
      vertex 3.24224387184504 534.8688672392661 45.333333333333336
    endloop
  endfacet
  facet normal 0 0 1
    outer loop
      vertex 3.24224387184504 534.8688672392661 45.333333333333336
      vertex 5.995605452576624 536.271775036309 45.333333333333336
      vertex 3.4321247459834856 535.0490574607204 45.333333333333336
    endloop
  endfacet
  facet normal 0 0 1
    outer loop
      vertex 3.4321247459834856 535.0490574607204 45.333333333333336
      vertex 5.995605452576624 536.271775036309 45.333333333333336
      vertex 3.631175822528591 535.2190631406182 45.333333333333336
    endloop
  endfacet
  facet normal 0 0 1
    outer loop
      vertex 3.631175822528591 535.2190631406182 45.333333333333336
      vertex 5.995605452576624 536.271775036309 45.333333333333336
      vertex 3.838851516315411 535.3784183052081 45.333333333333336
    endloop
  endfacet
  facet normal 0 0 1
    outer loop
      vertex 3.838851516315411 535.3784183052081 45.333333333333336
      vertex 5.995605452576624 536.271775036309 45.333333333333336
      vertex 4.054582602702642 535.5266861730605 45.333333333333336
    endloop
  endfacet
  facet normal 0 0 1
    outer loop
      vertex 4.054582602702642 535.5266861730605 45.333333333333336
      vertex 5.995605452576624 536.271775036309 45.333333333333336
      vertex 4.277777777777778 535.6634603522556 45.333333333333336
    endloop
  endfacet
  facet normal 0 0 1
    outer loop
      vertex 1.7777777777777777 488.83333333333337 45.333333333333336
      vertex 9.551059722462616 495.88908736444586 45.333333333333336
      vertex 5.995605452576624 536.271775036309 45.333333333333336
    endloop
  endfacet
  facet normal 0 0 1
    outer loop
      vertex 1.7777777777777777 488.83333333333337 45.333333333333336
      vertex 9.620650474659104 495.4497086473579 45.333333333333336
      vertex 9.580102330248442 495.6684868569124 45.333333333333336
    endloop
  endfacet
  facet normal 0 0 1
    outer loop
      vertex 1.7777777777777777 488.83333333333337 45.333333333333336
      vertex 9.672593016049237 495.23335239164766 45.333333333333336
      vertex 9.620650474659104 495.4497086473579 45.333333333333336
    endloop
  endfacet
  facet normal 0 0 1
    outer loop
      vertex 1.7777777777777777 488.83333333333337 45.333333333333336
      vertex 9.580102330248442 495.6684868569124 45.333333333333336
      vertex 9.551059722462616 495.88908736444586 45.333333333333336
    endloop
  endfacet
  facet normal 0 0 1
    outer loop
      vertex 1.7777777777777777 488.83333333333337 45.333333333333336
      vertex 9.735787583523376 495.02001110723984 45.333333333333336
      vertex 9.672593016049237 495.23335239164766 45.333333333333336
    endloop
  endfacet
  facet normal 0 0 1
    outer loop
      vertex 1.7777777777777777 488.83333333333337 45.333333333333336
      vertex 9.81006096516467 494.81026954776587 45.333333333333336
      vertex 9.735787583523376 495.02001110723984 45.333333333333336
    endloop
  endfacet
  facet normal 0 0 1
    outer loop
      vertex 1.7777777777777777 488.83333333333337 45.333333333333336
      vertex 9.895209582796724 494.60470260026125 45.333333333333336
      vertex 9.81006096516467 494.81026954776587 45.333333333333336
    endloop
  endfacet
  facet normal 0 0 1
    outer loop
      vertex 1.7777777777777777 488.83333333333337 45.333333333333336
      vertex 9.991000049977213 494.4038737094403 45.333333333333336
      vertex 9.895209582796724 494.60470260026125 45.333333333333336
    endloop
  endfacet
  facet normal 0 0 1
    outer loop
      vertex 1.7777777777777777 488.83333333333337 45.333333333333336
      vertex 10.097169811693913 494.20833333333337 45.333333333333336
      vertex 9.991000049977213 494.4038737094403 45.333333333333336
    endloop
  endfacet
  facet normal 0 0 1
    outer loop
      vertex 1.7777777777777777 488.83333333333337 45.333333333333336
      vertex 10.213427864009727 494.0186174345195 45.333333333333336
      vertex 10.097169811693913 494.20833333333337 45.333333333333336
    endloop
  endfacet
  facet normal 0 0 1
    outer loop
      vertex 1.7777777777777777 488.83333333333337 45.333333333333336
      vertex 10.339455551684253 493.83524601109036 45.333333333333336
      vertex 10.213427864009727 494.0186174345195 45.333333333333336
    endloop
  endfacet
  facet normal 0 0 1
    outer loop
      vertex 1.7777777777777777 488.83333333333337 45.333333333333336
      vertex 10.474907441585653 493.65872167137155 45.333333333333336
      vertex 10.339455551684253 493.83524601109036 45.333333333333336
    endloop
  endfacet
  facet normal 0 0 1
    outer loop
      vertex 1.7777777777777777 488.83333333333337 45.333333333333336
      vertex 10.619412269498852 493.48952825630823 45.333333333333336
      vertex 10.474907441585653 493.65872167137155 45.333333333333336
    endloop
  endfacet
  facet normal 0 0 1
    outer loop
      vertex 1.7777777777777777 488.83333333333337 45.333333333333336
      vertex 10.772573957734952 493.32812951329055 45.333333333333336
      vertex 10.619412269498852 493.48952825630823 45.333333333333336
    endloop
  endfacet
  facet normal 0 0 1
    outer loop
      vertex 4.277777777777778 535.6634603522556 45.333333333333336
      vertex 5.995605452576624 536.271775036309 45.333333333333336
      vertex 4.507825279080044 535.7883659542752 45.333333333333336
    endloop
  endfacet
  facet normal 0 0 1
    outer loop
      vertex 4.507825279080044 535.7883659542752 45.333333333333336
      vertex 5.995605452576624 536.271775036309 45.333333333333336
      vertex 4.744094562398776 535.9010606215463 45.333333333333336
    endloop
  endfacet
  facet normal 0 0 1
    outer loop
      vertex 4.744094562398776 535.9010606215463 45.333333333333336
      vertex 5.995605452576624 536.271775036309 45.333333333333336
      vertex 4.985938030051277 536.0012354658194 45.333333333333336
    endloop
  endfacet
  facet normal 0 0 1
    outer loop
      vertex 4.985938030051277 536.0012354658194 45.333333333333336
      vertex 5.995605452576624 536.271775036309 45.333333333333336
      vertex 5.232692805903041 536.0886159148091 45.333333333333336
    endloop
  endfacet
  facet normal 0 0 1
    outer loop
      vertex 5.232692805903041 536.0886159148091 45.333333333333336
      vertex 5.995605452576624 536.271775036309 45.333333333333336
      vertex 5.483682552265175 536.1629624647787 45.333333333333336
    endloop
  endfacet
  facet normal 0 0 1
    outer loop
      vertex 5.483682552265175 536.1629624647787 45.333333333333336
      vertex 5.995605452576624 536.271775036309 45.333333333333336
      vertex 5.738219323688981 536.2240713370024 45.333333333333336
    endloop
  endfacet
  facet normal 0 0 1
    outer loop
      vertex 5.995605452576624 536.271775036309 45.333333333333336
      vertex 10.474907441585653 499.0079449952952 45.333333333333336
      vertex 6.255135461439511 536.3059428101748 45.333333333333336
    endloop
  endfacet
  facet normal 0 -1 0
    outer loop
      vertex 1.7777777777777777 488.83333333333337 45.333333333333336
      vertex 11.777777777777779 488.83333333333337 -42.666666666666664
      vertex 11.777777777777779 488.83333333333337 45.333333333333336
    endloop
  endfacet
  facet normal -1 0 0
    outer loop
      vertex 11.777777777777779 484.83333333333337 45.333333333333336
      vertex 11.777777777777779 488.83333333333337 45.333333333333336
      vertex 11.777777777777779 484.83333333333337 -42.666666666666664
    endloop
  endfacet
  facet normal 0 -1 0
    outer loop
      vertex 11.777777777777779 484.83333333333337 45.333333333333336
      vertex 11.777777777777779 484.83333333333337 -42.666666666666664
      vertex 15.777777777777779 484.83333333333337 45.333333333333336
    endloop
  endfacet
  facet normal 0 0 1
    outer loop
      vertex 1.7777777777777777 488.83333333333337 45.333333333333336
      vertex 12.049147044705627 492.4507651383523 45.333333333333336
      vertex 11.848318153884705 492.54655560553283 45.333333333333336
    endloop
  endfacet
  facet normal 0 0 1
    outer loop
      vertex 1.7777777777777777 488.83333333333337 45.333333333333336
      vertex 12.254713992210252 492.36561652072027 45.333333333333336
      vertex 12.049147044705627 492.4507651383523 45.333333333333336
    endloop
  endfacet
  facet normal 0 0 1
    outer loop
      vertex 1.7777777777777777 488.83333333333337 45.333333333333336
      vertex 12.464455551684253 492.291343139079 45.333333333333336
      vertex 12.254713992210252 492.36561652072027 45.333333333333336
    endloop
  endfacet
  facet normal 0 0 1
    outer loop
      vertex 1.7777777777777777 488.83333333333337 45.333333333333336
      vertex 12.677796836092064 492.22814857160483 45.333333333333336
      vertex 12.464455551684253 492.291343139079 45.333333333333336
    endloop
  endfacet
  facet normal 0 0 1
    outer loop
      vertex 1.7777777777777777 488.83333333333337 45.333333333333336
      vertex 11.777777777777779 488.83333333333337 45.333333333333336
      vertex 13.777777777777779 492.08333333333337 45.333333333333336
    endloop
  endfacet
  facet normal 0 0 1
    outer loop
      vertex 1.7777777777777777 488.83333333333337 45.333333333333336
      vertex 12.894153091802302 492.1762060302147 45.333333333333336
      vertex 12.677796836092064 492.22814857160483 45.333333333333336
    endloop
  endfacet
  facet normal 0 0 1
    outer loop
      vertex 1.7777777777777777 488.83333333333337 45.333333333333336
      vertex 13.112931301356795 492.13565788580405 45.333333333333336
      vertex 12.894153091802302 492.1762060302147 45.333333333333336
    endloop
  endfacet
  facet normal 0 0 1
    outer loop
      vertex 1.7777777777777777 488.83333333333337 45.333333333333336
      vertex 13.33353180889025 492.10661527801824 45.333333333333336
      vertex 13.112931301356795 492.13565788580405 45.333333333333336
    endloop
  endfacet
  facet normal 0 0 1
    outer loop
      vertex 1.7777777777777777 488.83333333333337 45.333333333333336
      vertex 13.555349963745268 492.08915781062643 45.333333333333336
      vertex 13.33353180889025 492.10661527801824 45.333333333333336
    endloop
  endfacet
  facet normal 0 0 1
    outer loop
      vertex 1.7777777777777777 488.83333333333337 45.333333333333336
      vertex 13.777777777777779 492.08333333333337 45.333333333333336
      vertex 13.555349963745268 492.08915781062643 45.333333333333336
    endloop
  endfacet
  facet normal 0 0 1
    outer loop
      vertex 11.777777777777779 484.83333333333337 45.333333333333336
      vertex 15.777777777777779 484.83333333333337 45.333333333333336
      vertex 11.777777777777779 488.83333333333337 45.333333333333336
    endloop
  endfacet
  facet normal 0.9723699203976812 0.23344536385588613 0
    outer loop
      vertex 9.620650474659104 495.4497086473579 -17.666666666666664
      vertex 9.620650474659104 495.4497086473579 45.333333333333336
      vertex 9.672593016049237 495.23335239164766 -17.666666666666664
    endloop
  endfacet
  facet normal 0.9969173337331272 0.07845909572785457 0
    outer loop
      vertex 9.551059722462616 495.88908736444586 -17.666666666666664
      vertex 9.53360225507084 496.11090551930084 -17.666666666666664
      vertex 9.53360225507084 496.11090551930084 45.333333333333336
    endloop
  endfacet
  facet normal 0.9996573249755575 0.026176948307869572 0
    outer loop
      vertex 9.53360225507084 496.11090551930084 -17.666666666666664
      vertex 9.527777777777779 496.33333333333337 -17.666666666666664
      vertex 9.527777777777779 496.33333333333337 45.333333333333336
    endloop
  endfacet
  facet normal 0.9996573249755575 -0.026176948307869572 0
    outer loop
      vertex 9.527777777777779 496.33333333333337 -17.666666666666664
      vertex 9.53360225507084 496.5557611473659 -17.666666666666664
      vertex 9.53360225507084 496.5557611473659 45.333333333333336
    endloop
  endfacet
  facet normal 0.9969173337331272 -0.07845909572785457 0
    outer loop
      vertex 9.53360225507084 496.5557611473659 -17.666666666666664
      vertex 9.551059722462616 496.7775793022209 -17.666666666666664
      vertex 9.551059722462616 496.7775793022209 45.333333333333336
    endloop
  endfacet
  facet normal 0.9914448613738103 0.13052619222005246 0
    outer loop
      vertex 9.551059722462616 495.88908736444586 -17.666666666666664
      vertex 9.551059722462616 495.88908736444586 45.333333333333336
      vertex 9.580102330248442 495.6684868569124 -17.666666666666664
    endloop
  endfacet
  facet normal 0.9832549075639545 0.18223552549214816 0
    outer loop
      vertex 9.620650474659104 495.4497086473579 -17.666666666666664
      vertex 9.580102330248442 495.6684868569124 -17.666666666666664
      vertex 9.580102330248442 495.6684868569124 45.333333333333336
    endloop
  endfacet
  facet normal 0.9914448613738103 -0.13052619222005246 0
    outer loop
      vertex 9.551059722462616 496.7775793022209 -17.666666666666664
      vertex 9.580102330248442 496.99817980975433 -17.666666666666664
      vertex 9.580102330248442 496.99817980975433 45.333333333333336
    endloop
  endfacet
  facet normal 0.958819734868194 0.28401534470391926 0
    outer loop
      vertex 9.672593016049237 495.23335239164766 -17.666666666666664
      vertex 9.672593016049237 495.23335239164766 45.333333333333336
      vertex 9.735787583523376 495.02001110723984 -17.666666666666664
    endloop
  endfacet
  facet normal 0.9238795325112839 0.3826834323650969 0
    outer loop
      vertex 9.81006096516467 494.81026954776587 -17.666666666666664
      vertex 9.81006096516467 494.81026954776587 45.333333333333336
      vertex 9.895209582796724 494.60470260026125 -17.666666666666664
    endloop
  endfacet
  facet normal 0.9426414910921642 0.3338068592338112 0
    outer loop
      vertex 9.735787583523376 495.02001110723984 -17.666666666666664
      vertex 9.735787583523376 495.02001110723984 45.333333333333336
      vertex 9.81006096516467 494.81026954776587 -17.666666666666664
    endloop
  endfacet
  facet normal 0.902585284349892 0.4305110968082291 0
    outer loop
      vertex 9.895209582796724 494.60470260026125 -17.666666666666664
      vertex 9.895209582796724 494.60470260026125 45.333333333333336
      vertex 9.991000049977213 494.4038737094403 -17.666666666666664
    endloop
  endfacet
  facet normal 0.8788171126619568 0.477158760259624 0
    outer loop
      vertex 9.991000049977213 494.4038737094403 -17.666666666666664
      vertex 9.991000049977213 494.4038737094403 45.333333333333336
      vertex 10.097169811693913 494.20833333333337 -17.666666666666664
    endloop
  endfacet
  facet normal 0.9832549075639545 -0.18223552549214816 0
    outer loop
      vertex 9.580102330248442 496.99817980975433 -17.666666666666664
      vertex 9.620650474659104 497.21695801930883 -17.666666666666664
      vertex 9.620650474659104 497.21695801930883 45.333333333333336
    endloop
  endfacet
  facet normal 0.9723699203976812 -0.23344536385588613 0
    outer loop
      vertex 9.620650474659104 497.21695801930883 -17.666666666666664
      vertex 9.672593016049237 497.4333142750191 -17.666666666666664
      vertex 9.672593016049237 497.4333142750191 45.333333333333336
    endloop
  endfacet
  facet normal 0.958819734868194 -0.28401534470391926 0
    outer loop
      vertex 9.672593016049237 497.4333142750191 -17.666666666666664
      vertex 9.735787583523376 497.6466555594269 -17.666666666666664
      vertex 9.735787583523376 497.6466555594269 45.333333333333336
    endloop
  endfacet
  facet normal 0.9426414910921642 -0.3338068592338112 0
    outer loop
      vertex 9.735787583523376 497.6466555594269 -17.666666666666664
      vertex 9.81006096516467 497.8563971189009 -17.666666666666664
      vertex 9.81006096516467 497.8563971189009 45.333333333333336
    endloop
  endfacet
  facet normal 0.9238795325112839 -0.3826834323650969 0
    outer loop
      vertex 9.81006096516467 497.8563971189009 -17.666666666666664
      vertex 9.895209582796724 498.0619640664055 -17.666666666666664
      vertex 9.895209582796724 498.0619640664055 45.333333333333336
    endloop
  endfacet
  facet normal 0.902585284349892 -0.4305110968082291 0
    outer loop
      vertex 9.895209582796724 498.0619640664055 -17.666666666666664
      vertex 9.991000049977213 498.26279295722645 -17.666666666666664
      vertex 9.991000049977213 498.26279295722645 45.333333333333336
    endloop
  endfacet
  facet normal 0.8526401643540802 0.5224985647159684 0
    outer loop
      vertex 10.213427864009727 494.0186174345195 -17.666666666666664
      vertex 10.097169811693913 494.20833333333337 -17.666666666666664
      vertex 10.097169811693913 494.20833333333337 45.333333333333336
    endloop
  endfacet
  facet normal 0.824126188622022 0.5664062369248235 0
    outer loop
      vertex 10.213427864009727 494.0186174345195 -17.666666666666664
      vertex 10.213427864009727 494.0186174345195 45.333333333333336
      vertex 10.339455551684253 493.83524601109036 -17.666666666666664
    endloop
  endfacet
  facet normal 0.7933533402912547 0.6087614290086953 0
    outer loop
      vertex 10.339455551684253 493.83524601109036 -17.666666666666664
      vertex 10.339455551684253 493.83524601109036 45.333333333333336
      vertex 10.474907441585653 493.65872167137155 -17.666666666666664
    endloop
  endfacet
  facet normal 0.7604059655999982 0.649448048330222 0
    outer loop
      vertex 10.474907441585653 493.65872167137155 -17.666666666666664
      vertex 10.474907441585653 493.65872167137155 45.333333333333336
      vertex 10.619412269498852 493.48952825630823 -17.666666666666664
    endloop
  endfacet
  facet normal 0.7253743710122956 0.6883545756937456 0
    outer loop
      vertex 10.619412269498852 493.48952825630823 -17.666666666666664
      vertex 10.619412269498852 493.48952825630823 45.333333333333336
      vertex 10.772573957734952 493.32812951329055 -17.666666666666664
    endloop
  endfacet
  facet normal 0.8788171126619568 -0.477158760259624 0
    outer loop
      vertex 9.991000049977213 498.26279295722645 -17.666666666666664
      vertex 10.097169811693913 498.45833333333337 -17.666666666666664
      vertex 10.097169811693913 498.45833333333337 45.333333333333336
    endloop
  endfacet
  facet normal 0.8526401643540802 -0.5224985647159684 0
    outer loop
      vertex 10.097169811693913 498.45833333333337 -17.666666666666664
      vertex 10.213427864009727 498.64804923214723 -17.666666666666664
      vertex 10.213427864009727 498.64804923214723 45.333333333333336
    endloop
  endfacet
  facet normal 0.824126188622022 -0.5664062369248235 0
    outer loop
      vertex 10.213427864009727 498.64804923214723 -17.666666666666664
      vertex 10.339455551684253 498.8314206555764 -17.666666666666664
      vertex 10.339455551684253 498.8314206555764 45.333333333333336
    endloop
  endfacet
  facet normal 0.7933533402912547 -0.6087614290086953 0
    outer loop
      vertex 10.339455551684253 498.8314206555764 -17.666666666666664
      vertex 10.474907441585653 499.0079449952952 -17.666666666666664
      vertex 10.474907441585653 499.0079449952952 45.333333333333336
    endloop
  endfacet
  facet normal 0.7604059655999982 -0.649448048330222 0
    outer loop
      vertex 10.474907441585653 499.0079449952952 -17.666666666666664
      vertex 10.619412269498852 499.1771384103585 -17.666666666666664
      vertex 10.619412269498852 499.1771384103585 45.333333333333336
    endloop
  endfacet
  facet normal 0.7253743710122956 -0.6883545756937456 0
    outer loop
      vertex 10.619412269498852 499.1771384103585 -17.666666666666664
      vertex 10.772573957734952 499.3385371533762 -17.666666666666664
      vertex 10.772573957734952 499.3385371533762 45.333333333333336
    endloop
  endfacet
  facet normal 0 0 1
    outer loop
      vertex 9.53360225507084 521.1109055193009 17.333333333333336
      vertex 9.53360225507084 521.5557611473658 17.333333333333336
      vertex 9.527777777777779 521.3333333333334 17.333333333333336
    endloop
  endfacet
  facet normal 0 0 1
    outer loop
      vertex 9.53360225507084 521.1109055193009 17.333333333333336
      vertex 9.551059722462616 520.8890873644459 17.333333333333336
      vertex 9.551059722462616 521.7775793022208 17.333333333333336
    endloop
  endfacet
  facet normal 0 0 1
    outer loop
      vertex 9.53360225507084 521.1109055193009 17.333333333333336
      vertex 9.551059722462616 521.7775793022208 17.333333333333336
      vertex 9.53360225507084 521.5557611473658 17.333333333333336
    endloop
  endfacet
  facet normal 0 0 1
    outer loop
      vertex 9.580102330248442 520.6684868569124 17.333333333333336
      vertex 9.580102330248442 521.9981798097543 17.333333333333336
      vertex 9.551059722462616 520.8890873644459 17.333333333333336
    endloop
  endfacet
  facet normal 0 0 1
    outer loop
      vertex 9.551059722462616 520.8890873644459 17.333333333333336
      vertex 9.580102330248442 521.9981798097543 17.333333333333336
      vertex 9.551059722462616 521.7775793022208 17.333333333333336
    endloop
  endfacet
  facet normal 0 0 1
    outer loop
      vertex 9.580102330248442 520.6684868569124 17.333333333333336
      vertex 9.620650474659104 520.4497086473579 17.333333333333336
      vertex 9.620650474659104 522.2169580193089 17.333333333333336
    endloop
  endfacet
  facet normal 0 0 1
    outer loop
      vertex 9.580102330248442 520.6684868569124 17.333333333333336
      vertex 9.620650474659104 522.2169580193089 17.333333333333336
      vertex 9.580102330248442 521.9981798097543 17.333333333333336
    endloop
  endfacet
  facet normal 0 0 1
    outer loop
      vertex 9.620650474659104 520.4497086473579 17.333333333333336
      vertex 9.672593016049237 522.433314275019 17.333333333333336
      vertex 9.620650474659104 522.2169580193089 17.333333333333336
    endloop
  endfacet
  facet normal 0 0 1
    outer loop
      vertex 9.620650474659104 520.4497086473579 17.333333333333336
      vertex 9.672593016049237 520.2333523916477 17.333333333333336
      vertex 9.672593016049237 522.433314275019 17.333333333333336
    endloop
  endfacet
  facet normal 0 0 1
    outer loop
      vertex 9.735787583523376 520.0200111072398 17.333333333333336
      vertex 9.735787583523376 522.6466555594269 17.333333333333336
      vertex 9.672593016049237 520.2333523916477 17.333333333333336
    endloop
  endfacet
  facet normal 0 0 1
    outer loop
      vertex 9.672593016049237 520.2333523916477 17.333333333333336
      vertex 9.735787583523376 522.6466555594269 17.333333333333336
      vertex 9.672593016049237 522.433314275019 17.333333333333336
    endloop
  endfacet
  facet normal 0 0 1
    outer loop
      vertex 9.735787583523376 520.0200111072398 17.333333333333336
      vertex 9.81006096516467 519.8102695477659 17.333333333333336
      vertex 9.81006096516467 522.8563971189009 17.333333333333336
    endloop
  endfacet
  facet normal 0 0 1
    outer loop
      vertex 9.735787583523376 520.0200111072398 17.333333333333336
      vertex 9.81006096516467 522.8563971189009 17.333333333333336
      vertex 9.735787583523376 522.6466555594269 17.333333333333336
    endloop
  endfacet
  facet normal 0 0 1
    outer loop
      vertex 9.81006096516467 519.8102695477659 17.333333333333336
      vertex 9.895209582796724 523.0619640664055 17.333333333333336
      vertex 9.81006096516467 522.8563971189009 17.333333333333336
    endloop
  endfacet
  facet normal 0 0 1
    outer loop
      vertex 9.81006096516467 519.8102695477659 17.333333333333336
      vertex 9.895209582796724 519.6047026002612 17.333333333333336
      vertex 9.895209582796724 523.0619640664055 17.333333333333336
    endloop
  endfacet
  facet normal 0 0 1
    outer loop
      vertex 9.991000049977213 519.4038737094403 17.333333333333336
      vertex 9.991000049977213 523.2627929572265 17.333333333333336
      vertex 9.895209582796724 519.6047026002612 17.333333333333336
    endloop
  endfacet
  facet normal 0 0 1
    outer loop
      vertex 9.895209582796724 519.6047026002612 17.333333333333336
      vertex 9.991000049977213 523.2627929572265 17.333333333333336
      vertex 9.895209582796724 523.0619640664055 17.333333333333336
    endloop
  endfacet
  facet normal 0 0 1
    outer loop
      vertex 9.991000049977213 519.4038737094403 17.333333333333336
      vertex 10.097169811693913 523.4583333333334 17.333333333333336
      vertex 9.991000049977213 523.2627929572265 17.333333333333336
    endloop
  endfacet
  facet normal 0 0 1
    outer loop
      vertex 9.991000049977213 519.4038737094403 17.333333333333336
      vertex 10.097169811693913 519.2083333333334 17.333333333333336
      vertex 10.097169811693913 523.4583333333334 17.333333333333336
    endloop
  endfacet
  facet normal 0 0 1
    outer loop
      vertex 10.097169811693913 519.2083333333334 17.333333333333336
      vertex 10.213427864009727 519.0186174345195 17.333333333333336
      vertex 10.213427864009727 523.6480492321473 17.333333333333336
    endloop
  endfacet
  facet normal 0 0 1
    outer loop
      vertex 10.097169811693913 519.2083333333334 17.333333333333336
      vertex 10.213427864009727 523.6480492321473 17.333333333333336
      vertex 10.097169811693913 523.4583333333334 17.333333333333336
    endloop
  endfacet
  facet normal 0 0 1
    outer loop
      vertex 10.213427864009727 519.0186174345195 17.333333333333336
      vertex 10.339455551684253 518.8352460110904 17.333333333333336
      vertex 10.339455551684253 523.8314206555764 17.333333333333336
    endloop
  endfacet
  facet normal 0 0 1
    outer loop
      vertex 10.213427864009727 519.0186174345195 17.333333333333336
      vertex 10.339455551684253 523.8314206555764 17.333333333333336
      vertex 10.213427864009727 523.6480492321473 17.333333333333336
    endloop
  endfacet
  facet normal 0 0 1
    outer loop
      vertex 10.339455551684253 518.8352460110904 17.333333333333336
      vertex 10.474907441585653 524.0079449952952 17.333333333333336
      vertex 10.339455551684253 523.8314206555764 17.333333333333336
    endloop
  endfacet
  facet normal 0 0 1
    outer loop
      vertex 10.339455551684253 518.8352460110904 17.333333333333336
      vertex 10.474907441585653 518.6587216713715 17.333333333333336
      vertex 10.474907441585653 524.0079449952952 17.333333333333336
    endloop
  endfacet
  facet normal 0 0 1
    outer loop
      vertex 10.474907441585653 518.6587216713715 17.333333333333336
      vertex 10.619412269498852 518.4895282563082 17.333333333333336
      vertex 10.619412269498852 524.1771384103586 17.333333333333336
    endloop
  endfacet
  facet normal 0 0 1
    outer loop
      vertex 10.619412269498852 518.4895282563082 17.333333333333336
      vertex 10.772573957734952 518.3281295132906 17.333333333333336
      vertex 10.772573957734952 524.3385371533761 17.333333333333336
    endloop
  endfacet
  facet normal 0 0 1
    outer loop
      vertex 10.474907441585653 518.6587216713715 17.333333333333336
      vertex 10.619412269498852 524.1771384103586 17.333333333333336
      vertex 10.474907441585653 524.0079449952952 17.333333333333336
    endloop
  endfacet
  facet normal 0 0 1
    outer loop
      vertex 10.619412269498852 518.4895282563082 17.333333333333336
      vertex 10.772573957734952 524.3385371533761 17.333333333333336
      vertex 10.619412269498852 524.1771384103586 17.333333333333336
    endloop
  endfacet
  facet normal 0.6883545756937195 0.7253743710123204 0
    outer loop
      vertex 10.772573957734952 493.32812951329055 -17.666666666666664
      vertex 10.772573957734952 493.32812951329055 45.333333333333336
      vertex 10.93397270075263 493.17496782505447 -17.666666666666664
    endloop
  endfacet
  facet normal 0.6494480483302763 0.7604059655999519 0
    outer loop
      vertex 10.93397270075263 493.17496782505447 -17.666666666666664
      vertex 10.93397270075263 493.17496782505447 45.333333333333336
      vertex 11.10316611581597 493.0304629971412 -17.666666666666664
    endloop
  endfacet
  facet normal 0.6087614290086959 0.793353340291254 0
    outer loop
      vertex 11.10316611581597 493.0304629971412 -17.666666666666664
      vertex 11.10316611581597 493.0304629971412 45.333333333333336
      vertex 11.279690455534766 492.89501110723984 -17.666666666666664
    endloop
  endfacet
  facet normal 0.5224985647159078 0.8526401643541175 0
    outer loop
      vertex 11.463061878963913 492.7689834195653 -17.666666666666664
      vertex 11.463061878963913 492.7689834195653 45.333333333333336
      vertex 11.652777777777779 492.6527253672495 -17.666666666666664
    endloop
  endfacet
  facet normal 0.5664062369248635 0.8241261886219945 0
    outer loop
      vertex 11.279690455534766 492.89501110723984 -17.666666666666664
      vertex 11.279690455534766 492.89501110723984 45.333333333333336
      vertex 11.463061878963913 492.7689834195653 -17.666666666666664
    endloop
  endfacet
  facet normal 0.6883545756937195 -0.7253743710123204 0
    outer loop
      vertex 10.772573957734952 499.3385371533762 -17.666666666666664
      vertex 10.93397270075263 499.4916988416123 -17.666666666666664
      vertex 10.93397270075263 499.4916988416123 45.333333333333336
    endloop
  endfacet
  facet normal 0.6494480483302763 -0.7604059655999519 0
    outer loop
      vertex 10.93397270075263 499.4916988416123 -17.666666666666664
      vertex 11.10316611581597 499.6362036695255 -17.666666666666664
      vertex 11.10316611581597 499.6362036695255 45.333333333333336
    endloop
  endfacet
  facet normal 0.6087614290086959 -0.793353340291254 0
    outer loop
      vertex 11.10316611581597 499.6362036695255 -17.666666666666664
      vertex 11.279690455534766 499.7716555594269 -17.666666666666664
      vertex 11.279690455534766 499.7716555594269 45.333333333333336
    endloop
  endfacet
  facet normal 0.5664062369248635 -0.8241261886219945 0
    outer loop
      vertex 11.279690455534766 499.7716555594269 -17.666666666666664
      vertex 11.463061878963913 499.89768324710144 -17.666666666666664
      vertex 11.463061878963913 499.89768324710144 45.333333333333336
    endloop
  endfacet
  facet normal 0.477158760259512 0.8788171126620178 0
    outer loop
      vertex 11.652777777777779 492.6527253672495 -17.666666666666664
      vertex 11.652777777777779 492.6527253672495 45.333333333333336
      vertex 11.848318153884705 492.54655560553283 -17.666666666666664
    endloop
  endfacet
  facet normal 0.43051109680835614 0.9025852843498314 0
    outer loop
      vertex 11.848318153884705 492.54655560553283 -17.666666666666664
      vertex 11.848318153884705 492.54655560553283 45.333333333333336
      vertex 12.049147044705627 492.4507651383523 -17.666666666666664
    endloop
  endfacet
  facet normal 0.3826834323651048 0.9238795325112805 0
    outer loop
      vertex 12.049147044705627 492.4507651383523 -17.666666666666664
      vertex 12.049147044705627 492.4507651383523 45.333333333333336
      vertex 12.254713992210252 492.36561652072027 -17.666666666666664
    endloop
  endfacet
  facet normal 0.5224985647159078 -0.8526401643541175 0
    outer loop
      vertex 11.463061878963913 499.89768324710144 -17.666666666666664
      vertex 11.652777777777779 500.01394129941724 -17.666666666666664
      vertex 11.652777777777779 500.01394129941724 45.333333333333336
    endloop
  endfacet
  facet normal 0.477158760259512 -0.8788171126620178 0
    outer loop
      vertex 11.652777777777779 500.01394129941724 -17.666666666666664
      vertex 11.848318153884705 500.1201110611339 -17.666666666666664
      vertex 11.848318153884705 500.1201110611339 45.333333333333336
    endloop
  endfacet
  facet normal 0.43051109680835614 -0.9025852843498314 0
    outer loop
      vertex 11.848318153884705 500.1201110611339 -17.666666666666664
      vertex 12.049147044705627 500.2159015283144 -17.666666666666664
      vertex 12.049147044705627 500.2159015283144 45.333333333333336
    endloop
  endfacet
  facet normal 0.3826834323651048 -0.9238795325112805 0
    outer loop
      vertex 12.049147044705627 500.2159015283144 -17.666666666666664
      vertex 12.254713992210252 500.3010501459465 -17.666666666666664
      vertex 12.254713992210252 500.3010501459465 45.333333333333336
    endloop
  endfacet
  facet normal 0.3338068592336383 0.9426414910922253 0
    outer loop
      vertex 12.254713992210252 492.36561652072027 -17.666666666666664
      vertex 12.254713992210252 492.36561652072027 45.333333333333336
      vertex 12.464455551684253 492.291343139079 -17.666666666666664
    endloop
  endfacet
  facet normal 0.28401534470406004 0.9588197348681523 0
    outer loop
      vertex 12.464455551684253 492.291343139079 -17.666666666666664
      vertex 12.464455551684253 492.291343139079 45.333333333333336
      vertex 12.677796836092064 492.22814857160483 -17.666666666666664
    endloop
  endfacet
  facet normal 0.23344536385590062 0.9723699203976778 0
    outer loop
      vertex 12.677796836092064 492.22814857160483 -17.666666666666664
      vertex 12.677796836092064 492.22814857160483 45.333333333333336
      vertex 12.894153091802302 492.1762060302147 -17.666666666666664
    endloop
  endfacet
  facet normal 0.18223552549209987 0.9832549075639634 0
    outer loop
      vertex 12.894153091802302 492.1762060302147 -17.666666666666664
      vertex 12.894153091802302 492.1762060302147 45.333333333333336
      vertex 13.112931301356795 492.13565788580405 -17.666666666666664
    endloop
  endfacet
  facet normal 0.3338068592336383 -0.9426414910922253 0
    outer loop
      vertex 12.254713992210252 500.3010501459465 -17.666666666666664
      vertex 12.464455551684253 500.37532352758774 -17.666666666666664
      vertex 12.464455551684253 500.37532352758774 45.333333333333336
    endloop
  endfacet
  facet normal 0.28401534470406004 -0.9588197348681523 0
    outer loop
      vertex 12.464455551684253 500.37532352758774 -17.666666666666664
      vertex 12.677796836092064 500.4385180950619 -17.666666666666664
      vertex 12.677796836092064 500.4385180950619 45.333333333333336
    endloop
  endfacet
  facet normal 0.23344536385590062 -0.9723699203976778 0
    outer loop
      vertex 12.677796836092064 500.4385180950619 -17.666666666666664
      vertex 12.894153091802302 500.49046063645204 -17.666666666666664
      vertex 12.894153091802302 500.49046063645204 45.333333333333336
    endloop
  endfacet
  facet normal 0.13052619221998554 0.9914448613738192 0
    outer loop
      vertex 13.112931301356795 492.13565788580405 -17.666666666666664
      vertex 13.112931301356795 492.13565788580405 45.333333333333336
      vertex 13.33353180889025 492.10661527801824 -17.666666666666664
    endloop
  endfacet
  facet normal 0.07845909572797821 0.9969173337331175 0
    outer loop
      vertex 13.33353180889025 492.10661527801824 -17.666666666666664
      vertex 13.33353180889025 492.10661527801824 45.333333333333336
      vertex 13.555349963745268 492.08915781062643 -17.666666666666664
    endloop
  endfacet
  facet normal 0.026176948307871657 0.9996573249755573 0
    outer loop
      vertex 13.555349963745268 492.08915781062643 -17.666666666666664
      vertex 13.555349963745268 492.08915781062643 45.333333333333336
      vertex 13.777777777777779 492.08333333333337 -17.666666666666664
    endloop
  endfacet
  facet normal 0.18223552549209987 -0.9832549075639634 0
    outer loop
      vertex 12.894153091802302 500.49046063645204 -17.666666666666664
      vertex 13.112931301356795 500.5310087808627 -17.666666666666664
      vertex 13.112931301356795 500.5310087808627 45.333333333333336
    endloop
  endfacet
  facet normal 0.13052619221998554 -0.9914448613738192 0
    outer loop
      vertex 13.112931301356795 500.5310087808627 -17.666666666666664
      vertex 13.33353180889025 500.5600513886485 -17.666666666666664
      vertex 13.33353180889025 500.5600513886485 45.333333333333336
    endloop
  endfacet
  facet normal 0.07845909572797821 -0.9969173337331175 0
    outer loop
      vertex 13.33353180889025 500.5600513886485 -17.666666666666664
      vertex 13.555349963745268 500.5775088560403 -17.666666666666664
      vertex 13.555349963745268 500.5775088560403 45.333333333333336
    endloop
  endfacet
  facet normal 0.026176948307871657 -0.9996573249755573 0
    outer loop
      vertex 13.555349963745268 500.5775088560403 -17.666666666666664
      vertex 13.777777777777779 500.58333333333337 -17.666666666666664
      vertex 13.777777777777779 500.58333333333337 45.333333333333336
    endloop
  endfacet
  facet normal 0 0 1
    outer loop
      vertex 10.772573957734952 518.3281295132906 17.333333333333336
      vertex 10.93397270075263 518.1749678250544 17.333333333333336
      vertex 10.93397270075263 524.4916988416123 17.333333333333336
    endloop
  endfacet
  facet normal 0 0 1
    outer loop
      vertex 10.93397270075263 518.1749678250544 17.333333333333336
      vertex 11.10316611581597 518.0304629971413 17.333333333333336
      vertex 11.10316611581597 524.6362036695255 17.333333333333336
    endloop
  endfacet
  facet normal 0 0 1
    outer loop
      vertex 10.772573957734952 518.3281295132906 17.333333333333336
      vertex 10.93397270075263 524.4916988416123 17.333333333333336
      vertex 10.772573957734952 524.3385371533761 17.333333333333336
    endloop
  endfacet
  facet normal 0 0 1
    outer loop
      vertex 10.93397270075263 518.1749678250544 17.333333333333336
      vertex 11.10316611581597 524.6362036695255 17.333333333333336
      vertex 10.93397270075263 524.4916988416123 17.333333333333336
    endloop
  endfacet
  facet normal 0 0 1
    outer loop
      vertex 11.10316611581597 518.0304629971413 17.333333333333336
      vertex 11.279690455534766 517.8950111072398 17.333333333333336
      vertex 11.279690455534766 524.7716555594269 17.333333333333336
    endloop
  endfacet
  facet normal 0 0 1
    outer loop
      vertex 11.279690455534766 517.8950111072398 17.333333333333336
      vertex 11.463061878963913 517.7689834195653 17.333333333333336
      vertex 11.463061878963913 524.8976832471014 17.333333333333336
    endloop
  endfacet
  facet normal 0 0 1
    outer loop
      vertex 11.10316611581597 518.0304629971413 17.333333333333336
      vertex 11.279690455534766 524.7716555594269 17.333333333333336
      vertex 11.10316611581597 524.6362036695255 17.333333333333336
    endloop
  endfacet
  facet normal 0 0 1
    outer loop
      vertex 11.279690455534766 517.8950111072398 17.333333333333336
      vertex 11.463061878963913 524.8976832471014 17.333333333333336
      vertex 11.279690455534766 524.7716555594269 17.333333333333336
    endloop
  endfacet
  facet normal 0 0 1
    outer loop
      vertex 11.463061878963913 517.7689834195653 17.333333333333336
      vertex 11.652777777777779 525.0139412994172 17.333333333333336
      vertex 11.463061878963913 524.8976832471014 17.333333333333336
    endloop
  endfacet
  facet normal 0 0 1
    outer loop
      vertex 11.463061878963913 517.7689834195653 17.333333333333336
      vertex 11.652777777777779 517.6527253672496 17.333333333333336
      vertex 11.652777777777779 525.0139412994172 17.333333333333336
    endloop
  endfacet
  facet normal 0 0 1
    outer loop
      vertex 11.652777777777779 517.6527253672496 17.333333333333336
      vertex 11.848318153884705 517.5465556055328 17.333333333333336
      vertex 11.848318153884705 525.1201110611339 17.333333333333336
    endloop
  endfacet
  facet normal 0 0 1
    outer loop
      vertex 11.652777777777779 517.6527253672496 17.333333333333336
      vertex 11.848318153884705 525.1201110611339 17.333333333333336
      vertex 11.652777777777779 525.0139412994172 17.333333333333336
    endloop
  endfacet
  facet normal 0 0 1
    outer loop
      vertex 11.848318153884705 517.5465556055328 17.333333333333336
      vertex 12.049147044705627 517.4507651383524 17.333333333333336
      vertex 12.049147044705627 525.2159015283144 17.333333333333336
    endloop
  endfacet
  facet normal 0 0 1
    outer loop
      vertex 12.049147044705627 517.4507651383524 17.333333333333336
      vertex 12.254713992210252 517.3656165207203 17.333333333333336
      vertex 12.254713992210252 525.3010501459464 17.333333333333336
    endloop
  endfacet
  facet normal 0 0 1
    outer loop
      vertex 11.848318153884705 517.5465556055328 17.333333333333336
      vertex 12.049147044705627 525.2159015283144 17.333333333333336
      vertex 11.848318153884705 525.1201110611339 17.333333333333336
    endloop
  endfacet
  facet normal 0 0 1
    outer loop
      vertex 12.049147044705627 517.4507651383524 17.333333333333336
      vertex 12.254713992210252 525.3010501459464 17.333333333333336
      vertex 12.049147044705627 525.2159015283144 17.333333333333336
    endloop
  endfacet
  facet normal 0 0 1
    outer loop
      vertex 12.254713992210252 517.3656165207203 17.333333333333336
      vertex 12.464455551684253 517.291343139079 17.333333333333336
      vertex 12.464455551684253 525.3753235275877 17.333333333333336
    endloop
  endfacet
  facet normal 0 0 1
    outer loop
      vertex 12.464455551684253 517.291343139079 17.333333333333336
      vertex 12.677796836092064 517.2281485716048 17.333333333333336
      vertex 12.677796836092064 525.4385180950619 17.333333333333336
    endloop
  endfacet
  facet normal 0 0 1
    outer loop
      vertex 12.254713992210252 517.3656165207203 17.333333333333336
      vertex 12.464455551684253 525.3753235275877 17.333333333333336
      vertex 12.254713992210252 525.3010501459464 17.333333333333336
    endloop
  endfacet
  facet normal 0 0 1
    outer loop
      vertex 12.464455551684253 517.291343139079 17.333333333333336
      vertex 12.677796836092064 525.4385180950619 17.333333333333336
      vertex 12.464455551684253 525.3753235275877 17.333333333333336
    endloop
  endfacet
  facet normal 0 0 1
    outer loop
      vertex 12.677796836092064 517.2281485716048 17.333333333333336
      vertex 12.894153091802302 517.1762060302146 17.333333333333336
      vertex 12.894153091802302 525.4904606364521 17.333333333333336
    endloop
  endfacet
  facet normal 0 0 1
    outer loop
      vertex 12.677796836092064 517.2281485716048 17.333333333333336
      vertex 12.894153091802302 525.4904606364521 17.333333333333336
      vertex 12.677796836092064 525.4385180950619 17.333333333333336
    endloop
  endfacet
  facet normal 0 0 1
    outer loop
      vertex 12.894153091802302 517.1762060302146 17.333333333333336
      vertex 13.112931301356795 525.5310087808627 17.333333333333336
      vertex 12.894153091802302 525.4904606364521 17.333333333333336
    endloop
  endfacet
  facet normal 0 0 1
    outer loop
      vertex 12.894153091802302 517.1762060302146 17.333333333333336
      vertex 13.112931301356795 517.135657885804 17.333333333333336
      vertex 13.112931301356795 525.5310087808627 17.333333333333336
    endloop
  endfacet
  facet normal 0 0 1
    outer loop
      vertex 13.112931301356795 517.135657885804 17.333333333333336
      vertex 13.33353180889025 517.1066152780182 17.333333333333336
      vertex 13.33353180889025 525.5600513886485 17.333333333333336
    endloop
  endfacet
  facet normal 0 0 1
    outer loop
      vertex 13.112931301356795 517.135657885804 17.333333333333336
      vertex 13.33353180889025 525.5600513886485 17.333333333333336
      vertex 13.112931301356795 525.5310087808627 17.333333333333336
    endloop
  endfacet
  facet normal 0 0 1
    outer loop
      vertex 13.33353180889025 517.1066152780182 17.333333333333336
      vertex 13.555349963745268 517.0891578106264 17.333333333333336
      vertex 13.555349963745268 525.5775088560404 17.333333333333336
    endloop
  endfacet
  facet normal 0 0 1
    outer loop
      vertex 13.555349963745268 517.0891578106264 17.333333333333336
      vertex 13.777777777777779 517.0833333333334 17.333333333333336
      vertex 13.777777777777779 525.5833333333334 17.333333333333336
    endloop
  endfacet
  facet normal 0 0 1
    outer loop
      vertex 13.33353180889025 517.1066152780182 17.333333333333336
      vertex 13.555349963745268 525.5775088560404 17.333333333333336
      vertex 13.33353180889025 525.5600513886485 17.333333333333336
    endloop
  endfacet
  facet normal 0 0 1
    outer loop
      vertex 13.555349963745268 517.0891578106264 17.333333333333336
      vertex 13.777777777777779 525.5833333333334 17.333333333333336
      vertex 13.555349963745268 525.5775088560404 17.333333333333336
    endloop
  endfacet
  facet normal 0.9832549075639545 0.18223552549214816 0
    outer loop
      vertex 9.620650474659104 495.4497086473579 -17.666666666666664
      vertex 9.580102330248442 495.6684868569124 45.333333333333336
      vertex 9.620650474659104 495.4497086473579 45.333333333333336
    endloop
  endfacet
  facet normal 0.9996573249755575 0.026176948307869572 0
    outer loop
      vertex 9.53360225507084 496.11090551930084 -17.666666666666664
      vertex 9.527777777777779 496.33333333333337 45.333333333333336
      vertex 9.53360225507084 496.11090551930084 45.333333333333336
    endloop
  endfacet
  facet normal 0.9969173337331272 0.07845909572785457 0
    outer loop
      vertex 9.551059722462616 495.88908736444586 -17.666666666666664
      vertex 9.53360225507084 496.11090551930084 45.333333333333336
      vertex 9.551059722462616 495.88908736444586 45.333333333333336
    endloop
  endfacet
  facet normal 0.9996573249755575 -0.026176948307869572 0
    outer loop
      vertex 9.527777777777779 496.33333333333337 -17.666666666666664
      vertex 9.53360225507084 496.5557611473659 45.333333333333336
      vertex 9.527777777777779 496.33333333333337 45.333333333333336
    endloop
  endfacet
  facet normal 0.9969173337331272 -0.07845909572785457 0
    outer loop
      vertex 9.53360225507084 496.5557611473659 -17.666666666666664
      vertex 9.551059722462616 496.7775793022209 45.333333333333336
      vertex 9.53360225507084 496.5557611473659 45.333333333333336
    endloop
  endfacet
  facet normal 0.9914448613738103 0.13052619222005246 0
    outer loop
      vertex 9.580102330248442 495.6684868569124 -17.666666666666664
      vertex 9.551059722462616 495.88908736444586 45.333333333333336
      vertex 9.580102330248442 495.6684868569124 45.333333333333336
    endloop
  endfacet
  facet normal 0.9914448613738103 -0.13052619222005246 0
    outer loop
      vertex 9.551059722462616 496.7775793022209 -17.666666666666664
      vertex 9.580102330248442 496.99817980975433 45.333333333333336
      vertex 9.551059722462616 496.7775793022209 45.333333333333336
    endloop
  endfacet
  facet normal 0.9723699203976812 0.23344536385588613 0
    outer loop
      vertex 9.672593016049237 495.23335239164766 -17.666666666666664
      vertex 9.620650474659104 495.4497086473579 45.333333333333336
      vertex 9.672593016049237 495.23335239164766 45.333333333333336
    endloop
  endfacet
  facet normal 0.958819734868194 0.28401534470391926 0
    outer loop
      vertex 9.735787583523376 495.02001110723984 -17.666666666666664
      vertex 9.672593016049237 495.23335239164766 45.333333333333336
      vertex 9.735787583523376 495.02001110723984 45.333333333333336
    endloop
  endfacet
  facet normal 0.9426414910921642 0.3338068592338112 0
    outer loop
      vertex 9.81006096516467 494.81026954776587 -17.666666666666664
      vertex 9.735787583523376 495.02001110723984 45.333333333333336
      vertex 9.81006096516467 494.81026954776587 45.333333333333336
    endloop
  endfacet
  facet normal 0.9238795325112839 0.3826834323650969 0
    outer loop
      vertex 9.895209582796724 494.60470260026125 -17.666666666666664
      vertex 9.81006096516467 494.81026954776587 45.333333333333336
      vertex 9.895209582796724 494.60470260026125 45.333333333333336
    endloop
  endfacet
  facet normal 0.902585284349892 0.4305110968082291 0
    outer loop
      vertex 9.991000049977213 494.4038737094403 -17.666666666666664
      vertex 9.895209582796724 494.60470260026125 45.333333333333336
      vertex 9.991000049977213 494.4038737094403 45.333333333333336
    endloop
  endfacet
  facet normal 0.9832549075639545 -0.18223552549214816 0
    outer loop
      vertex 9.580102330248442 496.99817980975433 -17.666666666666664
      vertex 9.620650474659104 497.21695801930883 45.333333333333336
      vertex 9.580102330248442 496.99817980975433 45.333333333333336
    endloop
  endfacet
  facet normal 0.9723699203976812 -0.23344536385588613 0
    outer loop
      vertex 9.620650474659104 497.21695801930883 -17.666666666666664
      vertex 9.672593016049237 497.4333142750191 45.333333333333336
      vertex 9.620650474659104 497.21695801930883 45.333333333333336
    endloop
  endfacet
  facet normal 0.958819734868194 -0.28401534470391926 0
    outer loop
      vertex 9.672593016049237 497.4333142750191 -17.666666666666664
      vertex 9.735787583523376 497.6466555594269 45.333333333333336
      vertex 9.672593016049237 497.4333142750191 45.333333333333336
    endloop
  endfacet
  facet normal 0.9426414910921642 -0.3338068592338112 0
    outer loop
      vertex 9.735787583523376 497.6466555594269 -17.666666666666664
      vertex 9.81006096516467 497.8563971189009 45.333333333333336
      vertex 9.735787583523376 497.6466555594269 45.333333333333336
    endloop
  endfacet
  facet normal 0.9238795325112839 -0.3826834323650969 0
    outer loop
      vertex 9.81006096516467 497.8563971189009 -17.666666666666664
      vertex 9.895209582796724 498.0619640664055 45.333333333333336
      vertex 9.81006096516467 497.8563971189009 45.333333333333336
    endloop
  endfacet
  facet normal 0.902585284349892 -0.4305110968082291 0
    outer loop
      vertex 9.895209582796724 498.0619640664055 -17.666666666666664
      vertex 9.991000049977213 498.26279295722645 45.333333333333336
      vertex 9.895209582796724 498.0619640664055 45.333333333333336
    endloop
  endfacet
  facet normal 0.8788171126619568 -0.477158760259624 0
    outer loop
      vertex 9.991000049977213 498.26279295722645 -17.666666666666664
      vertex 10.097169811693913 498.45833333333337 45.333333333333336
      vertex 9.991000049977213 498.26279295722645 45.333333333333336
    endloop
  endfacet
  facet normal 0.8526401643540802 0.5224985647159684 0
    outer loop
      vertex 10.213427864009727 494.0186174345195 -17.666666666666664
      vertex 10.097169811693913 494.20833333333337 45.333333333333336
      vertex 10.213427864009727 494.0186174345195 45.333333333333336
    endloop
  endfacet
  facet normal 0.824126188622022 0.5664062369248235 0
    outer loop
      vertex 10.339455551684253 493.83524601109036 -17.666666666666664
      vertex 10.213427864009727 494.0186174345195 45.333333333333336
      vertex 10.339455551684253 493.83524601109036 45.333333333333336
    endloop
  endfacet
  facet normal 0.8788171126619568 0.477158760259624 0
    outer loop
      vertex 10.097169811693913 494.20833333333337 -17.666666666666664
      vertex 9.991000049977213 494.4038737094403 45.333333333333336
      vertex 10.097169811693913 494.20833333333337 45.333333333333336
    endloop
  endfacet
  facet normal 0.7933533402912547 0.6087614290086953 0
    outer loop
      vertex 10.474907441585653 493.65872167137155 -17.666666666666664
      vertex 10.339455551684253 493.83524601109036 45.333333333333336
      vertex 10.474907441585653 493.65872167137155 45.333333333333336
    endloop
  endfacet
  facet normal 0.7604059655999982 0.649448048330222 0
    outer loop
      vertex 10.619412269498852 493.48952825630823 -17.666666666666664
      vertex 10.474907441585653 493.65872167137155 45.333333333333336
      vertex 10.619412269498852 493.48952825630823 45.333333333333336
    endloop
  endfacet
  facet normal 0.7253743710122956 0.6883545756937456 0
    outer loop
      vertex 10.772573957734952 493.32812951329055 -17.666666666666664
      vertex 10.619412269498852 493.48952825630823 45.333333333333336
      vertex 10.772573957734952 493.32812951329055 45.333333333333336
    endloop
  endfacet
  facet normal 0.8526401643540802 -0.5224985647159684 0
    outer loop
      vertex 10.097169811693913 498.45833333333337 -17.666666666666664
      vertex 10.213427864009727 498.64804923214723 45.333333333333336
      vertex 10.097169811693913 498.45833333333337 45.333333333333336
    endloop
  endfacet
  facet normal 0.824126188622022 -0.5664062369248235 0
    outer loop
      vertex 10.213427864009727 498.64804923214723 -17.666666666666664
      vertex 10.339455551684253 498.8314206555764 45.333333333333336
      vertex 10.213427864009727 498.64804923214723 45.333333333333336
    endloop
  endfacet
  facet normal 0.7933533402912547 -0.6087614290086953 0
    outer loop
      vertex 10.339455551684253 498.8314206555764 -17.666666666666664
      vertex 10.474907441585653 499.0079449952952 45.333333333333336
      vertex 10.339455551684253 498.8314206555764 45.333333333333336
    endloop
  endfacet
  facet normal 0.7604059655999982 -0.649448048330222 0
    outer loop
      vertex 10.474907441585653 499.0079449952952 -17.666666666666664
      vertex 10.619412269498852 499.1771384103585 45.333333333333336
      vertex 10.474907441585653 499.0079449952952 45.333333333333336
    endloop
  endfacet
  facet normal 0.7253743710122956 -0.6883545756937456 0
    outer loop
      vertex 10.619412269498852 499.1771384103585 -17.666666666666664
      vertex 10.772573957734952 499.3385371533762 45.333333333333336
      vertex 10.619412269498852 499.1771384103585 45.333333333333336
    endloop
  endfacet
  facet normal 0 0 1
    outer loop
      vertex 1.7777777777777777 488.83333333333337 45.333333333333336
      vertex 10.93397270075263 493.17496782505447 45.333333333333336
      vertex 10.772573957734952 493.32812951329055 45.333333333333336
    endloop
  endfacet
  facet normal 0 0 1
    outer loop
      vertex 1.7777777777777777 488.83333333333337 45.333333333333336
      vertex 11.10316611581597 493.0304629971412 45.333333333333336
      vertex 10.93397270075263 493.17496782505447 45.333333333333336
    endloop
  endfacet
  facet normal 0 0 1
    outer loop
      vertex 1.7777777777777777 488.83333333333337 45.333333333333336
      vertex 11.279690455534766 492.89501110723984 45.333333333333336
      vertex 11.10316611581597 493.0304629971412 45.333333333333336
    endloop
  endfacet
  facet normal 0 0 1
    outer loop
      vertex 1.7777777777777777 488.83333333333337 45.333333333333336
      vertex 11.463061878963913 492.7689834195653 45.333333333333336
      vertex 11.279690455534766 492.89501110723984 45.333333333333336
    endloop
  endfacet
  facet normal 0 0 1
    outer loop
      vertex 1.7777777777777777 488.83333333333337 45.333333333333336
      vertex 11.652777777777779 492.6527253672495 45.333333333333336
      vertex 11.463061878963913 492.7689834195653 45.333333333333336
    endloop
  endfacet
  facet normal 0 0 1
    outer loop
      vertex 1.7777777777777777 488.83333333333337 45.333333333333336
      vertex 11.848318153884705 492.54655560553283 45.333333333333336
      vertex 11.652777777777779 492.6527253672495 45.333333333333336
    endloop
  endfacet
  facet normal 0 0 1
    outer loop
      vertex 5.995605452576624 536.271775036309 45.333333333333336
      vertex 9.551059722462616 495.88908736444586 45.333333333333336
      vertex 9.53360225507084 496.11090551930084 45.333333333333336
    endloop
  endfacet
  facet normal 0 0 1
    outer loop
      vertex 5.995605452576624 536.271775036309 45.333333333333336
      vertex 9.53360225507084 496.11090551930084 45.333333333333336
      vertex 9.527777777777779 496.33333333333337 45.333333333333336
    endloop
  endfacet
  facet normal 0 0 1
    outer loop
      vertex 5.995605452576624 536.271775036309 45.333333333333336
      vertex 9.527777777777779 496.33333333333337 45.333333333333336
      vertex 9.53360225507084 496.5557611473659 45.333333333333336
    endloop
  endfacet
  facet normal 0 0 1
    outer loop
      vertex 5.995605452576624 536.271775036309 45.333333333333336
      vertex 9.53360225507084 496.5557611473659 45.333333333333336
      vertex 9.551059722462616 496.7775793022209 45.333333333333336
    endloop
  endfacet
  facet normal 0 0 1
    outer loop
      vertex 5.995605452576624 536.271775036309 45.333333333333336
      vertex 9.551059722462616 496.7775793022209 45.333333333333336
      vertex 9.580102330248442 496.99817980975433 45.333333333333336
    endloop
  endfacet
  facet normal 0 0 1
    outer loop
      vertex 5.995605452576624 536.271775036309 45.333333333333336
      vertex 9.580102330248442 496.99817980975433 45.333333333333336
      vertex 9.620650474659104 497.21695801930883 45.333333333333336
    endloop
  endfacet
  facet normal 0 0 1
    outer loop
      vertex 5.995605452576624 536.271775036309 45.333333333333336
      vertex 9.620650474659104 497.21695801930883 45.333333333333336
      vertex 9.672593016049237 497.4333142750191 45.333333333333336
    endloop
  endfacet
  facet normal 0 0 1
    outer loop
      vertex 5.995605452576624 536.271775036309 45.333333333333336
      vertex 9.672593016049237 497.4333142750191 45.333333333333336
      vertex 9.735787583523376 497.6466555594269 45.333333333333336
    endloop
  endfacet
  facet normal 0 0 1
    outer loop
      vertex 5.995605452576624 536.271775036309 45.333333333333336
      vertex 9.735787583523376 497.6466555594269 45.333333333333336
      vertex 9.81006096516467 497.8563971189009 45.333333333333336
    endloop
  endfacet
  facet normal 0 0 1
    outer loop
      vertex 5.995605452576624 536.271775036309 45.333333333333336
      vertex 9.81006096516467 497.8563971189009 45.333333333333336
      vertex 9.895209582796724 498.0619640664055 45.333333333333336
    endloop
  endfacet
  facet normal 0 0 1
    outer loop
      vertex 5.995605452576624 536.271775036309 45.333333333333336
      vertex 9.895209582796724 498.0619640664055 45.333333333333336
      vertex 9.991000049977213 498.26279295722645 45.333333333333336
    endloop
  endfacet
  facet normal 0 0 1
    outer loop
      vertex 5.995605452576624 536.271775036309 45.333333333333336
      vertex 9.991000049977213 498.26279295722645 45.333333333333336
      vertex 10.097169811693913 498.45833333333337 45.333333333333336
    endloop
  endfacet
  facet normal 0 0 1
    outer loop
      vertex 5.995605452576624 536.271775036309 45.333333333333336
      vertex 10.097169811693913 498.45833333333337 45.333333333333336
      vertex 10.213427864009727 498.64804923214723 45.333333333333336
    endloop
  endfacet
  facet normal 0 0 1
    outer loop
      vertex 5.995605452576624 536.271775036309 45.333333333333336
      vertex 10.213427864009727 498.64804923214723 45.333333333333336
      vertex 10.339455551684253 498.8314206555764 45.333333333333336
    endloop
  endfacet
  facet normal 0 0 1
    outer loop
      vertex 5.995605452576624 536.271775036309 45.333333333333336
      vertex 10.339455551684253 498.8314206555764 45.333333333333336
      vertex 10.474907441585653 499.0079449952952 45.333333333333336
    endloop
  endfacet
  facet normal 0 0 1
    outer loop
      vertex 6.255135461439511 536.3059428101748 45.333333333333336
      vertex 10.474907441585653 499.0079449952952 45.333333333333336
      vertex 10.619412269498852 499.1771384103585 45.333333333333336
    endloop
  endfacet
  facet normal 0 0 1
    outer loop
      vertex 6.516097996563058 536.3264810071062 45.333333333333336
      vertex 10.619412269498852 499.1771384103585 45.333333333333336
      vertex 10.772573957734952 499.3385371533762 45.333333333333336
    endloop
  endfacet
  facet normal 0 0 1
    outer loop
      vertex 6.777777777777778 536.3333333333334 45.333333333333336
      vertex 10.772573957734952 499.3385371533762 45.333333333333336
      vertex 10.93397270075263 499.4916988416123 45.333333333333336
    endloop
  endfacet
  facet normal 0 0 1
    outer loop
      vertex 9.53360225507084 521.1109055193009 45.333333333333336
      vertex 10.93397270075263 499.4916988416123 45.333333333333336
      vertex 9.551059722462616 520.8890873644459 45.333333333333336
    endloop
  endfacet
  facet normal 0 0 1
    outer loop
      vertex 9.580102330248442 520.6684868569124 45.333333333333336
      vertex 9.551059722462616 520.8890873644459 45.333333333333336
      vertex 10.93397270075263 499.4916988416123 45.333333333333336
    endloop
  endfacet
  facet normal 0 0 1
    outer loop
      vertex 9.580102330248442 520.6684868569124 45.333333333333336
      vertex 10.93397270075263 499.4916988416123 45.333333333333336
      vertex 9.620650474659104 520.4497086473579 45.333333333333336
    endloop
  endfacet
  facet normal 0 0 1
    outer loop
      vertex 9.620650474659104 520.4497086473579 45.333333333333336
      vertex 10.93397270075263 499.4916988416123 45.333333333333336
      vertex 9.672593016049237 520.2333523916477 45.333333333333336
    endloop
  endfacet
  facet normal 0 0 1
    outer loop
      vertex 9.735787583523376 520.0200111072398 45.333333333333336
      vertex 9.672593016049237 520.2333523916477 45.333333333333336
      vertex 10.93397270075263 499.4916988416123 45.333333333333336
    endloop
  endfacet
  facet normal 0 0 1
    outer loop
      vertex 9.735787583523376 520.0200111072398 45.333333333333336
      vertex 10.93397270075263 499.4916988416123 45.333333333333336
      vertex 9.81006096516467 519.8102695477659 45.333333333333336
    endloop
  endfacet
  facet normal 0 0 1
    outer loop
      vertex 9.81006096516467 519.8102695477659 45.333333333333336
      vertex 10.93397270075263 499.4916988416123 45.333333333333336
      vertex 9.895209582796724 519.6047026002612 45.333333333333336
    endloop
  endfacet
  facet normal 0 0 1
    outer loop
      vertex 9.991000049977213 519.4038737094403 45.333333333333336
      vertex 9.895209582796724 519.6047026002612 45.333333333333336
      vertex 10.93397270075263 499.4916988416123 45.333333333333336
    endloop
  endfacet
  facet normal 0 0 1
    outer loop
      vertex 9.991000049977213 519.4038737094403 45.333333333333336
      vertex 10.93397270075263 499.4916988416123 45.333333333333336
      vertex 10.097169811693913 519.2083333333334 45.333333333333336
    endloop
  endfacet
  facet normal 0 0 1
    outer loop
      vertex 10.339455551684253 518.8352460110904 45.333333333333336
      vertex 10.93397270075263 499.4916988416123 45.333333333333336
      vertex 10.474907441585653 518.6587216713715 45.333333333333336
    endloop
  endfacet
  facet normal 0 0 1
    outer loop
      vertex 10.097169811693913 519.2083333333334 45.333333333333336
      vertex 10.93397270075263 499.4916988416123 45.333333333333336
      vertex 10.213427864009727 519.0186174345195 45.333333333333336
    endloop
  endfacet
  facet normal 0 0 1
    outer loop
      vertex 10.213427864009727 519.0186174345195 45.333333333333336
      vertex 10.93397270075263 499.4916988416123 45.333333333333336
      vertex 10.339455551684253 518.8352460110904 45.333333333333336
    endloop
  endfacet
  facet normal 0 0 1
    outer loop
      vertex 10.474907441585653 518.6587216713715 45.333333333333336
      vertex 10.93397270075263 499.4916988416123 45.333333333333336
      vertex 10.619412269498852 518.4895282563082 45.333333333333336
    endloop
  endfacet
  facet normal 0 0 1
    outer loop
      vertex 10.619412269498852 518.4895282563082 45.333333333333336
      vertex 10.93397270075263 499.4916988416123 45.333333333333336
      vertex 10.772573957734952 518.3281295132906 45.333333333333336
    endloop
  endfacet
  facet normal 0.878817112661957 0.477158760259624 0
    outer loop
      vertex 9.991000049977213 519.4038737094403 17.333333333333336
      vertex 9.991000049977213 519.4038737094403 45.333333333333336
      vertex 10.097169811693913 519.2083333333334 17.333333333333336
    endloop
  endfacet
  facet normal 0.9914448613738146 0.13052619222001938 0
    outer loop
      vertex 9.580102330248442 520.6684868569124 17.333333333333336
      vertex 9.551059722462616 520.8890873644459 17.333333333333336
      vertex 9.551059722462616 520.8890873644459 45.333333333333336
    endloop
  endfacet
  facet normal 0.9832549075639629 0.1822355254921024 0
    outer loop
      vertex 9.580102330248442 520.6684868569124 17.333333333333336
      vertex 9.580102330248442 520.6684868569124 45.333333333333336
      vertex 9.620650474659104 520.4497086473579 17.333333333333336
    endloop
  endfacet
  facet normal 0.9723699203976532 0.23344536385600206 0
    outer loop
      vertex 9.620650474659104 520.4497086473579 17.333333333333336
      vertex 9.620650474659104 520.4497086473579 45.333333333333336
      vertex 9.672593016049237 520.2333523916477 17.333333333333336
    endloop
  endfacet
  facet normal 0.9969173337331272 0.07845909572785457 0
    outer loop
      vertex 9.53360225507084 521.1109055193009 17.333333333333336
      vertex 9.53360225507084 521.1109055193009 45.333333333333336
      vertex 9.551059722462616 520.8890873644459 17.333333333333336
    endloop
  endfacet
  facet normal 0.9996573249755573 0.026176948307876254 0
    outer loop
      vertex 9.53360225507084 521.1109055193009 17.333333333333336
      vertex 9.527777777777779 521.3333333333334 17.333333333333336
      vertex 9.527777777777779 521.3333333333334 45.333333333333336
    endloop
  endfacet
  facet normal 0.9996573249755573 -0.026176948307876254 0
    outer loop
      vertex 9.527777777777779 521.3333333333334 17.333333333333336
      vertex 9.53360225507084 521.5557611473658 17.333333333333336
      vertex 9.53360225507084 521.5557611473658 45.333333333333336
    endloop
  endfacet
  facet normal 0.9969173337331272 -0.07845909572785457 0
    outer loop
      vertex 9.53360225507084 521.5557611473658 17.333333333333336
      vertex 9.551059722462616 521.7775793022208 17.333333333333336
      vertex 9.551059722462616 521.7775793022208 45.333333333333336
    endloop
  endfacet
  facet normal 0.9914448613738146 -0.13052619222001938 0
    outer loop
      vertex 9.551059722462616 521.7775793022208 17.333333333333336
      vertex 9.580102330248442 521.9981798097543 17.333333333333336
      vertex 9.580102330248442 521.9981798097543 45.333333333333336
    endloop
  endfacet
  facet normal 0.9832549075639629 -0.1822355254921024 0
    outer loop
      vertex 9.580102330248442 521.9981798097543 17.333333333333336
      vertex 9.620650474659104 522.2169580193089 17.333333333333336
      vertex 9.620650474659104 522.2169580193089 45.333333333333336
    endloop
  endfacet
  facet normal 0.9588197348682146 0.28401534470384965 0
    outer loop
      vertex 9.735787583523376 520.0200111072398 17.333333333333336
      vertex 9.672593016049237 520.2333523916477 17.333333333333336
      vertex 9.672593016049237 520.2333523916477 45.333333333333336
    endloop
  endfacet
  facet normal 0.9426414910921641 0.3338068592338112 0
    outer loop
      vertex 9.735787583523376 520.0200111072398 17.333333333333336
      vertex 9.735787583523376 520.0200111072398 45.333333333333336
      vertex 9.81006096516467 519.8102695477659 17.333333333333336
    endloop
  endfacet
  facet normal 0.9238795325112839 0.3826834323650969 0
    outer loop
      vertex 9.81006096516467 519.8102695477659 17.333333333333336
      vertex 9.81006096516467 519.8102695477659 45.333333333333336
      vertex 9.895209582796724 519.6047026002612 17.333333333333336
    endloop
  endfacet
  facet normal 0.9025852843498922 0.43051109680822913 0
    outer loop
      vertex 9.991000049977213 519.4038737094403 17.333333333333336
      vertex 9.895209582796724 519.6047026002612 17.333333333333336
      vertex 9.895209582796724 519.6047026002612 45.333333333333336
    endloop
  endfacet
  facet normal 0.9723699203976532 -0.23344536385600206 0
    outer loop
      vertex 9.620650474659104 522.2169580193089 17.333333333333336
      vertex 9.672593016049237 522.433314275019 17.333333333333336
      vertex 9.672593016049237 522.433314275019 45.333333333333336
    endloop
  endfacet
  facet normal 0.9588197348682146 -0.28401534470384965 0
    outer loop
      vertex 9.672593016049237 522.433314275019 17.333333333333336
      vertex 9.735787583523376 522.6466555594269 17.333333333333336
      vertex 9.735787583523376 522.6466555594269 45.333333333333336
    endloop
  endfacet
  facet normal 0.9426414910921641 -0.3338068592338112 0
    outer loop
      vertex 9.735787583523376 522.6466555594269 17.333333333333336
      vertex 9.81006096516467 522.8563971189009 17.333333333333336
      vertex 9.81006096516467 522.8563971189009 45.333333333333336
    endloop
  endfacet
  facet normal 0.9238795325112839 -0.3826834323650969 0
    outer loop
      vertex 9.81006096516467 522.8563971189009 17.333333333333336
      vertex 9.895209582796724 523.0619640664055 17.333333333333336
      vertex 9.895209582796724 523.0619640664055 45.333333333333336
    endloop
  endfacet
  facet normal 0.9025852843498922 -0.43051109680822913 0
    outer loop
      vertex 9.895209582796724 523.0619640664055 17.333333333333336
      vertex 9.991000049977213 523.2627929572265 17.333333333333336
      vertex 9.991000049977213 523.2627929572265 45.333333333333336
    endloop
  endfacet
  facet normal 0.85264016435415 0.5224985647158548 0
    outer loop
      vertex 10.097169811693913 519.2083333333334 17.333333333333336
      vertex 10.097169811693913 519.2083333333334 45.333333333333336
      vertex 10.213427864009727 519.0186174345195 17.333333333333336
    endloop
  endfacet
  facet normal 0.8241261886219401 0.5664062369249427 0
    outer loop
      vertex 10.213427864009727 519.0186174345195 17.333333333333336
      vertex 10.213427864009727 519.0186174345195 45.333333333333336
      vertex 10.339455551684253 518.8352460110904 17.333333333333336
    endloop
  endfacet
  facet normal 0.7933533402913493 0.6087614290085719 0
    outer loop
      vertex 10.339455551684253 518.8352460110904 17.333333333333336
      vertex 10.339455551684253 518.8352460110904 45.333333333333336
      vertex 10.474907441585653 518.6587216713715 17.333333333333336
    endloop
  endfacet
  facet normal 0.7604059655999981 0.649448048330222 0
    outer loop
      vertex 10.474907441585653 518.6587216713715 17.333333333333336
      vertex 10.474907441585653 518.6587216713715 45.333333333333336
      vertex 10.619412269498852 518.4895282563082 17.333333333333336
    endloop
  endfacet
  facet normal 0.7253743710120535 0.6883545756940007 0
    outer loop
      vertex 10.619412269498852 518.4895282563082 17.333333333333336
      vertex 10.619412269498852 518.4895282563082 45.333333333333336
      vertex 10.772573957734952 518.3281295132906 17.333333333333336
    endloop
  endfacet
  facet normal 0.878817112661957 -0.477158760259624 0
    outer loop
      vertex 9.991000049977213 523.2627929572265 17.333333333333336
      vertex 10.097169811693913 523.4583333333334 17.333333333333336
      vertex 10.097169811693913 523.4583333333334 45.333333333333336
    endloop
  endfacet
  facet normal 0.85264016435415 -0.5224985647158548 0
    outer loop
      vertex 10.097169811693913 523.4583333333334 17.333333333333336
      vertex 10.213427864009727 523.6480492321473 17.333333333333336
      vertex 10.213427864009727 523.6480492321473 45.333333333333336
    endloop
  endfacet
  facet normal 0.8241261886219401 -0.5664062369249427 0
    outer loop
      vertex 10.213427864009727 523.6480492321473 17.333333333333336
      vertex 10.339455551684253 523.8314206555764 17.333333333333336
      vertex 10.339455551684253 523.8314206555764 45.333333333333336
    endloop
  endfacet
  facet normal 0.7933533402913493 -0.6087614290085719 0
    outer loop
      vertex 10.339455551684253 523.8314206555764 17.333333333333336
      vertex 10.474907441585653 524.0079449952952 17.333333333333336
      vertex 10.474907441585653 524.0079449952952 45.333333333333336
    endloop
  endfacet
  facet normal 0.7604059655999981 -0.649448048330222 0
    outer loop
      vertex 10.474907441585653 524.0079449952952 17.333333333333336
      vertex 10.619412269498852 524.1771384103586 17.333333333333336
      vertex 10.619412269498852 524.1771384103586 45.333333333333336
    endloop
  endfacet
  facet normal 0.7253743710120535 -0.6883545756940007 0
    outer loop
      vertex 10.619412269498852 524.1771384103586 17.333333333333336
      vertex 10.772573957734952 524.3385371533761 17.333333333333336
      vertex 10.772573957734952 524.3385371533761 45.333333333333336
    endloop
  endfacet
  facet normal 0 0 1
    outer loop
      vertex 6.255135461439511 536.3059428101748 45.333333333333336
      vertex 10.619412269498852 499.1771384103585 45.333333333333336
      vertex 6.516097996563058 536.3264810071062 45.333333333333336
    endloop
  endfacet
  facet normal 0 0 1
    outer loop
      vertex 6.516097996563058 536.3264810071062 45.333333333333336
      vertex 10.772573957734952 499.3385371533762 45.333333333333336
      vertex 6.777777777777778 536.3333333333334 45.333333333333336
    endloop
  endfacet
  facet normal 0 0 1
    outer loop
      vertex 6.777777777777778 536.3333333333334 45.333333333333336
      vertex 10.93397270075263 499.4916988416123 45.333333333333336
      vertex 9.53360225507084 521.1109055193009 45.333333333333336
    endloop
  endfacet
  facet normal 0 0 1
    outer loop
      vertex 6.777777777777778 536.3333333333334 45.333333333333336
      vertex 9.53360225507084 521.1109055193009 45.333333333333336
      vertex 9.527777777777779 521.3333333333334 45.333333333333336
    endloop
  endfacet
  facet normal 0 0 1
    outer loop
      vertex 6.777777777777778 536.3333333333334 45.333333333333336
      vertex 9.527777777777779 521.3333333333334 45.333333333333336
      vertex 9.53360225507084 521.5557611473658 45.333333333333336
    endloop
  endfacet
  facet normal 0 0 1
    outer loop
      vertex 6.777777777777778 536.3333333333334 45.333333333333336
      vertex 9.53360225507084 521.5557611473658 45.333333333333336
      vertex 9.551059722462616 521.7775793022208 45.333333333333336
    endloop
  endfacet
  facet normal 0 0 1
    outer loop
      vertex 6.777777777777778 536.3333333333334 45.333333333333336
      vertex 9.551059722462616 521.7775793022208 45.333333333333336
      vertex 9.580102330248442 521.9981798097543 45.333333333333336
    endloop
  endfacet
  facet normal 0 0 1
    outer loop
      vertex 6.777777777777778 536.3333333333334 45.333333333333336
      vertex 9.580102330248442 521.9981798097543 45.333333333333336
      vertex 9.620650474659104 522.2169580193089 45.333333333333336
    endloop
  endfacet
  facet normal 0 0 1
    outer loop
      vertex 6.777777777777778 536.3333333333334 45.333333333333336
      vertex 9.620650474659104 522.2169580193089 45.333333333333336
      vertex 9.672593016049237 522.433314275019 45.333333333333336
    endloop
  endfacet
  facet normal 0 0 1
    outer loop
      vertex 6.777777777777778 536.3333333333334 45.333333333333336
      vertex 9.672593016049237 522.433314275019 45.333333333333336
      vertex 9.735787583523376 522.6466555594269 45.333333333333336
    endloop
  endfacet
  facet normal 0 0 1
    outer loop
      vertex 6.777777777777778 536.3333333333334 45.333333333333336
      vertex 9.735787583523376 522.6466555594269 45.333333333333336
      vertex 9.81006096516467 522.8563971189009 45.333333333333336
    endloop
  endfacet
  facet normal 0 0 1
    outer loop
      vertex 6.777777777777778 536.3333333333334 45.333333333333336
      vertex 9.81006096516467 522.8563971189009 45.333333333333336
      vertex 9.895209582796724 523.0619640664055 45.333333333333336
    endloop
  endfacet
  facet normal 0 0 1
    outer loop
      vertex 6.777777777777778 536.3333333333334 45.333333333333336
      vertex 9.895209582796724 523.0619640664055 45.333333333333336
      vertex 9.991000049977213 523.2627929572265 45.333333333333336
    endloop
  endfacet
  facet normal 0 0 1
    outer loop
      vertex 6.777777777777778 536.3333333333334 45.333333333333336
      vertex 9.991000049977213 523.2627929572265 45.333333333333336
      vertex 10.097169811693913 523.4583333333334 45.333333333333336
    endloop
  endfacet
  facet normal 0 0 1
    outer loop
      vertex 6.777777777777778 536.3333333333334 45.333333333333336
      vertex 10.097169811693913 523.4583333333334 45.333333333333336
      vertex 10.213427864009727 523.6480492321473 45.333333333333336
    endloop
  endfacet
  facet normal 0 0 1
    outer loop
      vertex 6.777777777777778 536.3333333333334 45.333333333333336
      vertex 10.213427864009727 523.6480492321473 45.333333333333336
      vertex 10.339455551684253 523.8314206555764 45.333333333333336
    endloop
  endfacet
  facet normal 0 0 1
    outer loop
      vertex 6.777777777777778 536.3333333333334 45.333333333333336
      vertex 10.339455551684253 523.8314206555764 45.333333333333336
      vertex 10.474907441585653 524.0079449952952 45.333333333333336
    endloop
  endfacet
  facet normal 0.9914448613738146 0.13052619222001938 0
    outer loop
      vertex 9.580102330248442 520.6684868569124 17.333333333333336
      vertex 9.551059722462616 520.8890873644459 45.333333333333336
      vertex 9.580102330248442 520.6684868569124 45.333333333333336
    endloop
  endfacet
  facet normal 0.9832549075639629 0.1822355254921024 0
    outer loop
      vertex 9.620650474659104 520.4497086473579 17.333333333333336
      vertex 9.580102330248442 520.6684868569124 45.333333333333336
      vertex 9.620650474659104 520.4497086473579 45.333333333333336
    endloop
  endfacet
  facet normal 0.9996573249755573 0.026176948307876254 0
    outer loop
      vertex 9.53360225507084 521.1109055193009 17.333333333333336
      vertex 9.527777777777779 521.3333333333334 45.333333333333336
      vertex 9.53360225507084 521.1109055193009 45.333333333333336
    endloop
  endfacet
  facet normal 0.9969173337331272 0.07845909572785457 0
    outer loop
      vertex 9.551059722462616 520.8890873644459 17.333333333333336
      vertex 9.53360225507084 521.1109055193009 45.333333333333336
      vertex 9.551059722462616 520.8890873644459 45.333333333333336
    endloop
  endfacet
  facet normal 0.9996573249755573 -0.026176948307876254 0
    outer loop
      vertex 9.527777777777779 521.3333333333334 17.333333333333336
      vertex 9.53360225507084 521.5557611473658 45.333333333333336
      vertex 9.527777777777779 521.3333333333334 45.333333333333336
    endloop
  endfacet
  facet normal 0.9969173337331272 -0.07845909572785457 0
    outer loop
      vertex 9.53360225507084 521.5557611473658 17.333333333333336
      vertex 9.551059722462616 521.7775793022208 45.333333333333336
      vertex 9.53360225507084 521.5557611473658 45.333333333333336
    endloop
  endfacet
  facet normal 0.9914448613738146 -0.13052619222001938 0
    outer loop
      vertex 9.551059722462616 521.7775793022208 17.333333333333336
      vertex 9.580102330248442 521.9981798097543 45.333333333333336
      vertex 9.551059722462616 521.7775793022208 45.333333333333336
    endloop
  endfacet
  facet normal 0.9832549075639629 -0.1822355254921024 0
    outer loop
      vertex 9.580102330248442 521.9981798097543 17.333333333333336
      vertex 9.620650474659104 522.2169580193089 45.333333333333336
      vertex 9.580102330248442 521.9981798097543 45.333333333333336
    endloop
  endfacet
  facet normal 0.9723699203976532 -0.23344536385600206 0
    outer loop
      vertex 9.620650474659104 522.2169580193089 17.333333333333336
      vertex 9.672593016049237 522.433314275019 45.333333333333336
      vertex 9.620650474659104 522.2169580193089 45.333333333333336
    endloop
  endfacet
  facet normal 0.9588197348682146 0.28401534470384965 0
    outer loop
      vertex 9.735787583523376 520.0200111072398 17.333333333333336
      vertex 9.672593016049237 520.2333523916477 45.333333333333336
      vertex 9.735787583523376 520.0200111072398 45.333333333333336
    endloop
  endfacet
  facet normal 0.9723699203976532 0.23344536385600206 0
    outer loop
      vertex 9.672593016049237 520.2333523916477 17.333333333333336
      vertex 9.620650474659104 520.4497086473579 45.333333333333336
      vertex 9.672593016049237 520.2333523916477 45.333333333333336
    endloop
  endfacet
  facet normal 0.9426414910921641 0.3338068592338112 0
    outer loop
      vertex 9.81006096516467 519.8102695477659 17.333333333333336
      vertex 9.735787583523376 520.0200111072398 45.333333333333336
      vertex 9.81006096516467 519.8102695477659 45.333333333333336
    endloop
  endfacet
  facet normal 0.9238795325112839 0.3826834323650969 0
    outer loop
      vertex 9.895209582796724 519.6047026002612 17.333333333333336
      vertex 9.81006096516467 519.8102695477659 45.333333333333336
      vertex 9.895209582796724 519.6047026002612 45.333333333333336
    endloop
  endfacet
  facet normal 0.9025852843498922 0.43051109680822913 0
    outer loop
      vertex 9.991000049977213 519.4038737094403 17.333333333333336
      vertex 9.895209582796724 519.6047026002612 45.333333333333336
      vertex 9.991000049977213 519.4038737094403 45.333333333333336
    endloop
  endfacet
  facet normal 0.9588197348682146 -0.28401534470384965 0
    outer loop
      vertex 9.672593016049237 522.433314275019 17.333333333333336
      vertex 9.735787583523376 522.6466555594269 45.333333333333336
      vertex 9.672593016049237 522.433314275019 45.333333333333336
    endloop
  endfacet
  facet normal 0.9426414910921641 -0.3338068592338112 0
    outer loop
      vertex 9.735787583523376 522.6466555594269 17.333333333333336
      vertex 9.81006096516467 522.8563971189009 45.333333333333336
      vertex 9.735787583523376 522.6466555594269 45.333333333333336
    endloop
  endfacet
  facet normal 0.9238795325112839 -0.3826834323650969 0
    outer loop
      vertex 9.81006096516467 522.8563971189009 17.333333333333336
      vertex 9.895209582796724 523.0619640664055 45.333333333333336
      vertex 9.81006096516467 522.8563971189009 45.333333333333336
    endloop
  endfacet
  facet normal 0.9025852843498922 -0.43051109680822913 0
    outer loop
      vertex 9.895209582796724 523.0619640664055 17.333333333333336
      vertex 9.991000049977213 523.2627929572265 45.333333333333336
      vertex 9.895209582796724 523.0619640664055 45.333333333333336
    endloop
  endfacet
  facet normal 0.878817112661957 -0.477158760259624 0
    outer loop
      vertex 9.991000049977213 523.2627929572265 17.333333333333336
      vertex 10.097169811693913 523.4583333333334 45.333333333333336
      vertex 9.991000049977213 523.2627929572265 45.333333333333336
    endloop
  endfacet
  facet normal 0.878817112661957 0.477158760259624 0
    outer loop
      vertex 10.097169811693913 519.2083333333334 17.333333333333336
      vertex 9.991000049977213 519.4038737094403 45.333333333333336
      vertex 10.097169811693913 519.2083333333334 45.333333333333336
    endloop
  endfacet
  facet normal 0.85264016435415 0.5224985647158548 0
    outer loop
      vertex 10.213427864009727 519.0186174345195 17.333333333333336
      vertex 10.097169811693913 519.2083333333334 45.333333333333336
      vertex 10.213427864009727 519.0186174345195 45.333333333333336
    endloop
  endfacet
  facet normal 0.8241261886219401 0.5664062369249427 0
    outer loop
      vertex 10.339455551684253 518.8352460110904 17.333333333333336
      vertex 10.213427864009727 519.0186174345195 45.333333333333336
      vertex 10.339455551684253 518.8352460110904 45.333333333333336
    endloop
  endfacet
  facet normal 0.7933533402913493 0.6087614290085719 0
    outer loop
      vertex 10.474907441585653 518.6587216713715 17.333333333333336
      vertex 10.339455551684253 518.8352460110904 45.333333333333336
      vertex 10.474907441585653 518.6587216713715 45.333333333333336
    endloop
  endfacet
  facet normal 0.7604059655999981 0.649448048330222 0
    outer loop
      vertex 10.619412269498852 518.4895282563082 17.333333333333336
      vertex 10.474907441585653 518.6587216713715 45.333333333333336
      vertex 10.619412269498852 518.4895282563082 45.333333333333336
    endloop
  endfacet
  facet normal 0.7253743710120535 0.6883545756940007 0
    outer loop
      vertex 10.772573957734952 518.3281295132906 17.333333333333336
      vertex 10.619412269498852 518.4895282563082 45.333333333333336
      vertex 10.772573957734952 518.3281295132906 45.333333333333336
    endloop
  endfacet
  facet normal 0.85264016435415 -0.5224985647158548 0
    outer loop
      vertex 10.097169811693913 523.4583333333334 17.333333333333336
      vertex 10.213427864009727 523.6480492321473 45.333333333333336
      vertex 10.097169811693913 523.4583333333334 45.333333333333336
    endloop
  endfacet
  facet normal 0.8241261886219401 -0.5664062369249427 0
    outer loop
      vertex 10.213427864009727 523.6480492321473 17.333333333333336
      vertex 10.339455551684253 523.8314206555764 45.333333333333336
      vertex 10.213427864009727 523.6480492321473 45.333333333333336
    endloop
  endfacet
  facet normal 0.7933533402913493 -0.6087614290085719 0
    outer loop
      vertex 10.339455551684253 523.8314206555764 17.333333333333336
      vertex 10.474907441585653 524.0079449952952 45.333333333333336
      vertex 10.339455551684253 523.8314206555764 45.333333333333336
    endloop
  endfacet
  facet normal 0.7604059655999981 -0.649448048330222 0
    outer loop
      vertex 10.474907441585653 524.0079449952952 17.333333333333336
      vertex 10.619412269498852 524.1771384103586 45.333333333333336
      vertex 10.474907441585653 524.0079449952952 45.333333333333336
    endloop
  endfacet
  facet normal 0.7253743710120535 -0.6883545756940007 0
    outer loop
      vertex 10.619412269498852 524.1771384103586 17.333333333333336
      vertex 10.772573957734952 524.3385371533761 45.333333333333336
      vertex 10.619412269498852 524.1771384103586 45.333333333333336
    endloop
  endfacet
  facet normal 0 0 1
    outer loop
      vertex 6.777777777777778 536.3333333333334 45.333333333333336
      vertex 10.474907441585653 524.0079449952952 45.333333333333336
      vertex 10.619412269498852 524.1771384103586 45.333333333333336
    endloop
  endfacet
  facet normal 0 0 1
    outer loop
      vertex 6.777777777777778 536.3333333333334 45.333333333333336
      vertex 10.619412269498852 524.1771384103586 45.333333333333336
      vertex 10.772573957734952 524.3385371533761 45.333333333333336
    endloop
  endfacet
  facet normal 0 0 1
    outer loop
      vertex 6.777777777777778 536.3333333333334 45.333333333333336
      vertex 10.772573957734952 524.3385371533761 45.333333333333336
      vertex 10.93397270075263 524.4916988416123 45.333333333333336
    endloop
  endfacet
  facet normal 0 0 1
    outer loop
      vertex 6.777777777777778 536.3333333333334 45.333333333333336
      vertex 10.93397270075263 524.4916988416123 45.333333333333336
      vertex 11.10316611581597 524.6362036695255 45.333333333333336
    endloop
  endfacet
  facet normal 0 0 1
    outer loop
      vertex 6.777777777777778 536.3333333333334 45.333333333333336
      vertex 11.10316611581597 524.6362036695255 45.333333333333336
      vertex 11.279690455534766 524.7716555594269 45.333333333333336
    endloop
  endfacet
  facet normal 0 0 1
    outer loop
      vertex 6.777777777777778 536.3333333333334 45.333333333333336
      vertex 11.279690455534766 524.7716555594269 45.333333333333336
      vertex 11.463061878963913 524.8976832471014 45.333333333333336
    endloop
  endfacet
  facet normal 0 0 1
    outer loop
      vertex 6.777777777777778 536.3333333333334 45.333333333333336
      vertex 11.463061878963913 524.8976832471014 45.333333333333336
      vertex 11.652777777777779 525.0139412994172 45.333333333333336
    endloop
  endfacet
  facet normal 0 0 1
    outer loop
      vertex 6.777777777777778 536.3333333333334 45.333333333333336
      vertex 11.652777777777779 525.0139412994172 45.333333333333336
      vertex 11.848318153884705 525.1201110611339 45.333333333333336
    endloop
  endfacet
  facet normal 0 0 1
    outer loop
      vertex 6.777777777777778 536.3333333333334 45.333333333333336
      vertex 11.848318153884705 525.1201110611339 45.333333333333336
      vertex 12.049147044705627 525.2159015283144 45.333333333333336
    endloop
  endfacet
  facet normal 0 0 1
    outer loop
      vertex 6.777777777777778 536.3333333333334 45.333333333333336
      vertex 12.049147044705627 525.2159015283144 45.333333333333336
      vertex 12.254713992210252 525.3010501459464 45.333333333333336
    endloop
  endfacet
  facet normal 0 0 1
    outer loop
      vertex 6.777777777777778 536.3333333333334 45.333333333333336
      vertex 12.254713992210252 525.3010501459464 45.333333333333336
      vertex 12.464455551684253 525.3753235275877 45.333333333333336
    endloop
  endfacet
  facet normal 0 0 1
    outer loop
      vertex 6.777777777777778 536.3333333333334 45.333333333333336
      vertex 12.464455551684253 525.3753235275877 45.333333333333336
      vertex 12.677796836092064 525.4385180950619 45.333333333333336
    endloop
  endfacet
  facet normal 0.6883545756937195 0.7253743710123204 0
    outer loop
      vertex 10.93397270075263 493.17496782505447 -17.666666666666664
      vertex 10.772573957734952 493.32812951329055 45.333333333333336
      vertex 10.93397270075263 493.17496782505447 45.333333333333336
    endloop
  endfacet
  facet normal 0.6494480483302763 0.7604059655999519 0
    outer loop
      vertex 11.10316611581597 493.0304629971412 -17.666666666666664
      vertex 10.93397270075263 493.17496782505447 45.333333333333336
      vertex 11.10316611581597 493.0304629971412 45.333333333333336
    endloop
  endfacet
  facet normal 0.6087614290086959 0.793353340291254 0
    outer loop
      vertex 11.279690455534766 492.89501110723984 -17.666666666666664
      vertex 11.10316611581597 493.0304629971412 45.333333333333336
      vertex 11.279690455534766 492.89501110723984 45.333333333333336
    endloop
  endfacet
  facet normal 0.5664062369248635 0.8241261886219945 0
    outer loop
      vertex 11.463061878963913 492.7689834195653 -17.666666666666664
      vertex 11.279690455534766 492.89501110723984 45.333333333333336
      vertex 11.463061878963913 492.7689834195653 45.333333333333336
    endloop
  endfacet
  facet normal 0.6883545756937195 -0.7253743710123204 0
    outer loop
      vertex 10.772573957734952 499.3385371533762 -17.666666666666664
      vertex 10.93397270075263 499.4916988416123 45.333333333333336
      vertex 10.772573957734952 499.3385371533762 45.333333333333336
    endloop
  endfacet
  facet normal 0.6494480483302763 -0.7604059655999519 0
    outer loop
      vertex 10.93397270075263 499.4916988416123 -17.666666666666664
      vertex 11.10316611581597 499.6362036695255 45.333333333333336
      vertex 10.93397270075263 499.4916988416123 45.333333333333336
    endloop
  endfacet
  facet normal 0.6087614290086959 -0.793353340291254 0
    outer loop
      vertex 11.10316611581597 499.6362036695255 -17.666666666666664
      vertex 11.279690455534766 499.7716555594269 45.333333333333336
      vertex 11.10316611581597 499.6362036695255 45.333333333333336
    endloop
  endfacet
  facet normal 0.5664062369248635 -0.8241261886219945 0
    outer loop
      vertex 11.279690455534766 499.7716555594269 -17.666666666666664
      vertex 11.463061878963913 499.89768324710144 45.333333333333336
      vertex 11.279690455534766 499.7716555594269 45.333333333333336
    endloop
  endfacet
  facet normal 0.5224985647159078 -0.8526401643541175 0
    outer loop
      vertex 11.463061878963913 499.89768324710144 -17.666666666666664
      vertex 11.652777777777779 500.01394129941724 45.333333333333336
      vertex 11.463061878963913 499.89768324710144 45.333333333333336
    endloop
  endfacet
  facet normal 0.5224985647159078 0.8526401643541175 0
    outer loop
      vertex 11.652777777777779 492.6527253672495 -17.666666666666664
      vertex 11.463061878963913 492.7689834195653 45.333333333333336
      vertex 11.652777777777779 492.6527253672495 45.333333333333336
    endloop
  endfacet
  facet normal 0.477158760259512 0.8788171126620178 0
    outer loop
      vertex 11.848318153884705 492.54655560553283 -17.666666666666664
      vertex 11.652777777777779 492.6527253672495 45.333333333333336
      vertex 11.848318153884705 492.54655560553283 45.333333333333336
    endloop
  endfacet
  facet normal 0.43051109680835614 0.9025852843498314 0
    outer loop
      vertex 12.049147044705627 492.4507651383523 -17.666666666666664
      vertex 11.848318153884705 492.54655560553283 45.333333333333336
      vertex 12.049147044705627 492.4507651383523 45.333333333333336
    endloop
  endfacet
  facet normal 0.3826834323651048 0.9238795325112805 0
    outer loop
      vertex 12.254713992210252 492.36561652072027 -17.666666666666664
      vertex 12.049147044705627 492.4507651383523 45.333333333333336
      vertex 12.254713992210252 492.36561652072027 45.333333333333336
    endloop
  endfacet
  facet normal 0.477158760259512 -0.8788171126620178 0
    outer loop
      vertex 11.652777777777779 500.01394129941724 -17.666666666666664
      vertex 11.848318153884705 500.1201110611339 45.333333333333336
      vertex 11.652777777777779 500.01394129941724 45.333333333333336
    endloop
  endfacet
  facet normal 0.43051109680835614 -0.9025852843498314 0
    outer loop
      vertex 11.848318153884705 500.1201110611339 -17.666666666666664
      vertex 12.049147044705627 500.2159015283144 45.333333333333336
      vertex 11.848318153884705 500.1201110611339 45.333333333333336
    endloop
  endfacet
  facet normal 0.3826834323651048 -0.9238795325112805 0
    outer loop
      vertex 12.049147044705627 500.2159015283144 -17.666666666666664
      vertex 12.254713992210252 500.3010501459465 45.333333333333336
      vertex 12.049147044705627 500.2159015283144 45.333333333333336
    endloop
  endfacet
  facet normal 0.3338068592336383 0.9426414910922253 0
    outer loop
      vertex 12.464455551684253 492.291343139079 -17.666666666666664
      vertex 12.254713992210252 492.36561652072027 45.333333333333336
      vertex 12.464455551684253 492.291343139079 45.333333333333336
    endloop
  endfacet
  facet normal 0.28401534470406004 0.9588197348681523 0
    outer loop
      vertex 12.677796836092064 492.22814857160483 -17.666666666666664
      vertex 12.464455551684253 492.291343139079 45.333333333333336
      vertex 12.677796836092064 492.22814857160483 45.333333333333336
    endloop
  endfacet
  facet normal 0.23344536385590062 0.9723699203976778 0
    outer loop
      vertex 12.894153091802302 492.1762060302147 -17.666666666666664
      vertex 12.677796836092064 492.22814857160483 45.333333333333336
      vertex 12.894153091802302 492.1762060302147 45.333333333333336
    endloop
  endfacet
  facet normal 0.3338068592336383 -0.9426414910922253 0
    outer loop
      vertex 12.254713992210252 500.3010501459465 -17.666666666666664
      vertex 12.464455551684253 500.37532352758774 45.333333333333336
      vertex 12.254713992210252 500.3010501459465 45.333333333333336
    endloop
  endfacet
  facet normal 0.28401534470406004 -0.9588197348681523 0
    outer loop
      vertex 12.464455551684253 500.37532352758774 -17.666666666666664
      vertex 12.677796836092064 500.4385180950619 45.333333333333336
      vertex 12.464455551684253 500.37532352758774 45.333333333333336
    endloop
  endfacet
  facet normal 0.23344536385590062 -0.9723699203976778 0
    outer loop
      vertex 12.677796836092064 500.4385180950619 -17.666666666666664
      vertex 12.894153091802302 500.49046063645204 45.333333333333336
      vertex 12.677796836092064 500.4385180950619 45.333333333333336
    endloop
  endfacet
  facet normal 0.18223552549209987 -0.9832549075639634 0
    outer loop
      vertex 12.894153091802302 500.49046063645204 -17.666666666666664
      vertex 13.112931301356795 500.5310087808627 45.333333333333336
      vertex 12.894153091802302 500.49046063645204 45.333333333333336
    endloop
  endfacet
  facet normal 0.18223552549209987 0.9832549075639634 0
    outer loop
      vertex 13.112931301356795 492.13565788580405 -17.666666666666664
      vertex 12.894153091802302 492.1762060302147 45.333333333333336
      vertex 13.112931301356795 492.13565788580405 45.333333333333336
    endloop
  endfacet
  facet normal 0.13052619221998554 0.9914448613738192 0
    outer loop
      vertex 13.33353180889025 492.10661527801824 -17.666666666666664
      vertex 13.112931301356795 492.13565788580405 45.333333333333336
      vertex 13.33353180889025 492.10661527801824 45.333333333333336
    endloop
  endfacet
  facet normal 0.07845909572797821 0.9969173337331175 0
    outer loop
      vertex 13.555349963745268 492.08915781062643 -17.666666666666664
      vertex 13.33353180889025 492.10661527801824 45.333333333333336
      vertex 13.555349963745268 492.08915781062643 45.333333333333336
    endloop
  endfacet
  facet normal 0.026176948307871657 0.9996573249755573 0
    outer loop
      vertex 13.555349963745268 492.08915781062643 45.333333333333336
      vertex 13.777777777777779 492.08333333333337 45.333333333333336
      vertex 13.777777777777779 492.08333333333337 -17.666666666666664
    endloop
  endfacet
  facet normal 0.13052619221998554 -0.9914448613738192 0
    outer loop
      vertex 13.112931301356795 500.5310087808627 -17.666666666666664
      vertex 13.33353180889025 500.5600513886485 45.333333333333336
      vertex 13.112931301356795 500.5310087808627 45.333333333333336
    endloop
  endfacet
  facet normal 0.07845909572797821 -0.9969173337331175 0
    outer loop
      vertex 13.33353180889025 500.5600513886485 -17.666666666666664
      vertex 13.555349963745268 500.5775088560403 45.333333333333336
      vertex 13.33353180889025 500.5600513886485 45.333333333333336
    endloop
  endfacet
  facet normal 0.026176948307871657 -0.9996573249755573 0
    outer loop
      vertex 13.555349963745268 500.5775088560403 -17.666666666666664
      vertex 13.777777777777779 500.58333333333337 45.333333333333336
      vertex 13.555349963745268 500.5775088560403 45.333333333333336
    endloop
  endfacet
  facet normal 0 0 1
    outer loop
      vertex 10.93397270075263 499.4916988416123 45.333333333333336
      vertex 11.10316611581597 499.6362036695255 45.333333333333336
      vertex 10.93397270075263 518.1749678250544 45.333333333333336
    endloop
  endfacet
  facet normal 0 0 1
    outer loop
      vertex 11.10316611581597 499.6362036695255 45.333333333333336
      vertex 11.279690455534766 499.7716555594269 45.333333333333336
      vertex 11.10316611581597 518.0304629971413 45.333333333333336
    endloop
  endfacet
  facet normal 0 0 1
    outer loop
      vertex 11.279690455534766 499.7716555594269 45.333333333333336
      vertex 11.463061878963913 499.89768324710144 45.333333333333336
      vertex 11.279690455534766 517.8950111072398 45.333333333333336
    endloop
  endfacet
  facet normal 0 0 1
    outer loop
      vertex 11.463061878963913 499.89768324710144 45.333333333333336
      vertex 11.652777777777779 500.01394129941724 45.333333333333336
      vertex 11.463061878963913 517.7689834195653 45.333333333333336
    endloop
  endfacet
  facet normal 0 0 1
    outer loop
      vertex 10.772573957734952 518.3281295132906 45.333333333333336
      vertex 10.93397270075263 499.4916988416123 45.333333333333336
      vertex 10.93397270075263 518.1749678250544 45.333333333333336
    endloop
  endfacet
  facet normal 0 0 1
    outer loop
      vertex 11.10316611581597 499.6362036695255 45.333333333333336
      vertex 11.10316611581597 518.0304629971413 45.333333333333336
      vertex 10.93397270075263 518.1749678250544 45.333333333333336
    endloop
  endfacet
  facet normal 0 0 1
    outer loop
      vertex 11.279690455534766 499.7716555594269 45.333333333333336
      vertex 11.279690455534766 517.8950111072398 45.333333333333336
      vertex 11.10316611581597 518.0304629971413 45.333333333333336
    endloop
  endfacet
  facet normal 0 0 1
    outer loop
      vertex 11.463061878963913 499.89768324710144 45.333333333333336
      vertex 11.463061878963913 517.7689834195653 45.333333333333336
      vertex 11.279690455534766 517.8950111072398 45.333333333333336
    endloop
  endfacet
  facet normal 0 0 1
    outer loop
      vertex 11.652777777777779 500.01394129941724 45.333333333333336
      vertex 11.848318153884705 500.1201110611339 45.333333333333336
      vertex 11.652777777777779 517.6527253672496 45.333333333333336
    endloop
  endfacet
  facet normal 0 0 1
    outer loop
      vertex 11.848318153884705 500.1201110611339 45.333333333333336
      vertex 12.049147044705627 500.2159015283144 45.333333333333336
      vertex 11.848318153884705 517.5465556055328 45.333333333333336
    endloop
  endfacet
  facet normal 0 0 1
    outer loop
      vertex 12.049147044705627 500.2159015283144 45.333333333333336
      vertex 12.254713992210252 500.3010501459465 45.333333333333336
      vertex 12.049147044705627 517.4507651383524 45.333333333333336
    endloop
  endfacet
  facet normal 0 0 1
    outer loop
      vertex 11.652777777777779 500.01394129941724 45.333333333333336
      vertex 11.652777777777779 517.6527253672496 45.333333333333336
      vertex 11.463061878963913 517.7689834195653 45.333333333333336
    endloop
  endfacet
  facet normal 0 0 1
    outer loop
      vertex 11.848318153884705 500.1201110611339 45.333333333333336
      vertex 11.848318153884705 517.5465556055328 45.333333333333336
      vertex 11.652777777777779 517.6527253672496 45.333333333333336
    endloop
  endfacet
  facet normal 0 0 1
    outer loop
      vertex 12.049147044705627 500.2159015283144 45.333333333333336
      vertex 12.049147044705627 517.4507651383524 45.333333333333336
      vertex 11.848318153884705 517.5465556055328 45.333333333333336
    endloop
  endfacet
  facet normal 0 0 1
    outer loop
      vertex 12.254713992210252 500.3010501459465 45.333333333333336
      vertex 12.254713992210252 517.3656165207203 45.333333333333336
      vertex 12.049147044705627 517.4507651383524 45.333333333333336
    endloop
  endfacet
  facet normal 0 0 1
    outer loop
      vertex 12.254713992210252 500.3010501459465 45.333333333333336
      vertex 12.464455551684253 500.37532352758774 45.333333333333336
      vertex 12.254713992210252 517.3656165207203 45.333333333333336
    endloop
  endfacet
  facet normal 0 0 1
    outer loop
      vertex 12.464455551684253 500.37532352758774 45.333333333333336
      vertex 12.677796836092064 500.4385180950619 45.333333333333336
      vertex 12.464455551684253 517.291343139079 45.333333333333336
    endloop
  endfacet
  facet normal 0 0 1
    outer loop
      vertex 12.677796836092064 500.4385180950619 45.333333333333336
      vertex 12.894153091802302 500.49046063645204 45.333333333333336
      vertex 12.677796836092064 517.2281485716048 45.333333333333336
    endloop
  endfacet
  facet normal 0 0 1
    outer loop
      vertex 12.894153091802302 500.49046063645204 45.333333333333336
      vertex 13.112931301356795 500.5310087808627 45.333333333333336
      vertex 12.894153091802302 517.1762060302146 45.333333333333336
    endloop
  endfacet
  facet normal 0 0 1
    outer loop
      vertex 12.464455551684253 500.37532352758774 45.333333333333336
      vertex 12.464455551684253 517.291343139079 45.333333333333336
      vertex 12.254713992210252 517.3656165207203 45.333333333333336
    endloop
  endfacet
  facet normal 0 0 1
    outer loop
      vertex 12.677796836092064 500.4385180950619 45.333333333333336
      vertex 12.677796836092064 517.2281485716048 45.333333333333336
      vertex 12.464455551684253 517.291343139079 45.333333333333336
    endloop
  endfacet
  facet normal 0 0 1
    outer loop
      vertex 12.894153091802302 500.49046063645204 45.333333333333336
      vertex 12.894153091802302 517.1762060302146 45.333333333333336
      vertex 12.677796836092064 517.2281485716048 45.333333333333336
    endloop
  endfacet
  facet normal 0 0 1
    outer loop
      vertex 13.112931301356795 500.5310087808627 45.333333333333336
      vertex 13.33353180889025 500.5600513886485 45.333333333333336
      vertex 13.112931301356795 517.135657885804 45.333333333333336
    endloop
  endfacet
  facet normal 0 0 1
    outer loop
      vertex 13.33353180889025 500.5600513886485 45.333333333333336
      vertex 13.555349963745268 500.5775088560403 45.333333333333336
      vertex 13.33353180889025 517.1066152780182 45.333333333333336
    endloop
  endfacet
  facet normal 0 0 1
    outer loop
      vertex 13.555349963745268 500.5775088560403 45.333333333333336
      vertex 13.777777777777779 500.58333333333337 45.333333333333336
      vertex 13.555349963745268 517.0891578106264 45.333333333333336
    endloop
  endfacet
  facet normal 0 0 1
    outer loop
      vertex 13.112931301356795 500.5310087808627 45.333333333333336
      vertex 13.112931301356795 517.135657885804 45.333333333333336
      vertex 12.894153091802302 517.1762060302146 45.333333333333336
    endloop
  endfacet
  facet normal 0 0 1
    outer loop
      vertex 13.33353180889025 500.5600513886485 45.333333333333336
      vertex 13.33353180889025 517.1066152780182 45.333333333333336
      vertex 13.112931301356795 517.135657885804 45.333333333333336
    endloop
  endfacet
  facet normal 0 0 1
    outer loop
      vertex 13.555349963745268 500.5775088560403 45.333333333333336
      vertex 13.555349963745268 517.0891578106264 45.333333333333336
      vertex 13.33353180889025 517.1066152780182 45.333333333333336
    endloop
  endfacet
  facet normal 0 0 1
    outer loop
      vertex 13.555349963745268 517.0891578106264 45.333333333333336
      vertex 13.777777777777779 500.58333333333337 45.333333333333336
      vertex 13.777777777777779 517.0833333333334 45.333333333333336
    endloop
  endfacet
  facet normal 0.6883545756939884 0.7253743710120653 0
    outer loop
      vertex 10.772573957734952 518.3281295132906 17.333333333333336
      vertex 10.772573957734952 518.3281295132906 45.333333333333336
      vertex 10.93397270075263 518.1749678250544 17.333333333333336
    endloop
  endfacet
  facet normal 0.6494480483299807 0.7604059656002041 0
    outer loop
      vertex 10.93397270075263 518.1749678250544 17.333333333333336
      vertex 10.93397270075263 518.1749678250544 45.333333333333336
      vertex 11.10316611581597 518.0304629971413 17.333333333333336
    endloop
  endfacet
  facet normal 0.6087614290088568 0.7933533402911308 0
    outer loop
      vertex 11.10316611581597 518.0304629971413 17.333333333333336
      vertex 11.10316611581597 518.0304629971413 45.333333333333336
      vertex 11.279690455534766 517.8950111072398 17.333333333333336
    endloop
  endfacet
  facet normal 0.5664062369248635 0.8241261886219946 0
    outer loop
      vertex 11.279690455534766 517.8950111072398 17.333333333333336
      vertex 11.279690455534766 517.8950111072398 45.333333333333336
      vertex 11.463061878963913 517.7689834195653 17.333333333333336
    endloop
  endfacet
  facet normal 0.5224985647157221 0.8526401643542313 0
    outer loop
      vertex 11.463061878963913 517.7689834195653 17.333333333333336
      vertex 11.463061878963913 517.7689834195653 45.333333333333336
      vertex 11.652777777777779 517.6527253672496 17.333333333333336
    endloop
  endfacet
  facet normal 0.6883545756939884 -0.7253743710120653 0
    outer loop
      vertex 10.772573957734952 524.3385371533761 17.333333333333336
      vertex 10.93397270075263 524.4916988416123 17.333333333333336
      vertex 10.93397270075263 524.4916988416123 45.333333333333336
    endloop
  endfacet
  facet normal 0.6494480483299807 -0.7604059656002041 0
    outer loop
      vertex 10.93397270075263 524.4916988416123 17.333333333333336
      vertex 11.10316611581597 524.6362036695255 17.333333333333336
      vertex 11.10316611581597 524.6362036695255 45.333333333333336
    endloop
  endfacet
  facet normal 0.6087614290088568 -0.7933533402911308 0
    outer loop
      vertex 11.10316611581597 524.6362036695255 17.333333333333336
      vertex 11.279690455534766 524.7716555594269 17.333333333333336
      vertex 11.279690455534766 524.7716555594269 45.333333333333336
    endloop
  endfacet
  facet normal 0.5664062369248635 -0.8241261886219946 0
    outer loop
      vertex 11.279690455534766 524.7716555594269 17.333333333333336
      vertex 11.463061878963913 524.8976832471014 17.333333333333336
      vertex 11.463061878963913 524.8976832471014 45.333333333333336
    endloop
  endfacet
  facet normal 0.4771587602597092 0.8788171126619105 0
    outer loop
      vertex 11.652777777777779 517.6527253672496 17.333333333333336
      vertex 11.652777777777779 517.6527253672496 45.333333333333336
      vertex 11.848318153884705 517.5465556055328 17.333333333333336
    endloop
  endfacet
  facet normal 0.4305110968081481 0.9025852843499308 0
    outer loop
      vertex 11.848318153884705 517.5465556055328 17.333333333333336
      vertex 11.848318153884705 517.5465556055328 45.333333333333336
      vertex 12.049147044705627 517.4507651383524 17.333333333333336
    endloop
  endfacet
  facet normal 0.3826834323651048 0.9238795325112805 0
    outer loop
      vertex 12.049147044705627 517.4507651383524 17.333333333333336
      vertex 12.049147044705627 517.4507651383524 45.333333333333336
      vertex 12.254713992210252 517.3656165207203 17.333333333333336
    endloop
  endfacet
  facet normal 0.5224985647157221 -0.8526401643542313 0
    outer loop
      vertex 11.463061878963913 524.8976832471014 17.333333333333336
      vertex 11.652777777777779 525.0139412994172 17.333333333333336
      vertex 11.652777777777779 525.0139412994172 45.333333333333336
    endloop
  endfacet
  facet normal 0.4771587602597092 -0.8788171126619105 0
    outer loop
      vertex 11.652777777777779 525.0139412994172 17.333333333333336
      vertex 11.848318153884705 525.1201110611339 17.333333333333336
      vertex 11.848318153884705 525.1201110611339 45.333333333333336
    endloop
  endfacet
  facet normal 0.4305110968081481 -0.9025852843499308 0
    outer loop
      vertex 11.848318153884705 525.1201110611339 17.333333333333336
      vertex 12.049147044705627 525.2159015283144 17.333333333333336
      vertex 12.049147044705627 525.2159015283144 45.333333333333336
    endloop
  endfacet
  facet normal 0.3826834323651048 -0.9238795325112805 0
    outer loop
      vertex 12.049147044705627 525.2159015283144 17.333333333333336
      vertex 12.254713992210252 525.3010501459464 17.333333333333336
      vertex 12.254713992210252 525.3010501459464 45.333333333333336
    endloop
  endfacet
  facet normal 0.3338068592338653 0.942641491092145 0
    outer loop
      vertex 12.254713992210252 517.3656165207203 17.333333333333336
      vertex 12.254713992210252 517.3656165207203 45.333333333333336
      vertex 12.464455551684253 517.291343139079 17.333333333333336
    endloop
  endfacet
  facet normal 0.28401534470406004 0.9588197348681523 0
    outer loop
      vertex 12.464455551684253 517.291343139079 17.333333333333336
      vertex 12.464455551684253 517.291343139079 45.333333333333336
      vertex 12.677796836092064 517.2281485716048 17.333333333333336
    endloop
  endfacet
  facet normal 0.23344536385614215 0.9723699203976197 0
    outer loop
      vertex 12.677796836092064 517.2281485716048 17.333333333333336
      vertex 12.677796836092064 517.2281485716048 45.333333333333336
      vertex 12.894153091802302 517.1762060302146 17.333333333333336
    endloop
  endfacet
  facet normal 0.18223552549209987 0.9832549075639635 0
    outer loop
      vertex 12.894153091802302 517.1762060302146 17.333333333333336
      vertex 12.894153091802302 517.1762060302146 45.333333333333336
      vertex 13.112931301356795 517.135657885804 17.333333333333336
    endloop
  endfacet
  facet normal 0.13052619221973444 0.9914448613738522 0
    outer loop
      vertex 13.112931301356795 517.135657885804 17.333333333333336
      vertex 13.112931301356795 517.135657885804 45.333333333333336
      vertex 13.33353180889025 517.1066152780182 17.333333333333336
    endloop
  endfacet
  facet normal 0.07845909572823212 0.9969173337330975 0
    outer loop
      vertex 13.33353180889025 517.1066152780182 17.333333333333336
      vertex 13.33353180889025 517.1066152780182 45.333333333333336
      vertex 13.555349963745268 517.0891578106264 17.333333333333336
    endloop
  endfacet
  facet normal 0.02617694830761636 0.999657324975564 0
    outer loop
      vertex 13.555349963745268 517.0891578106264 17.333333333333336
      vertex 13.555349963745268 517.0891578106264 45.333333333333336
      vertex 13.777777777777779 517.0833333333334 17.333333333333336
    endloop
  endfacet
  facet normal 0.3338068592338653 -0.942641491092145 0
    outer loop
      vertex 12.254713992210252 525.3010501459464 17.333333333333336
      vertex 12.464455551684253 525.3753235275877 17.333333333333336
      vertex 12.464455551684253 525.3753235275877 45.333333333333336
    endloop
  endfacet
  facet normal 0.28401534470406004 -0.9588197348681523 0
    outer loop
      vertex 12.464455551684253 525.3753235275877 17.333333333333336
      vertex 12.677796836092064 525.4385180950619 17.333333333333336
      vertex 12.677796836092064 525.4385180950619 45.333333333333336
    endloop
  endfacet
  facet normal 0.23344536385614215 -0.9723699203976197 0
    outer loop
      vertex 12.677796836092064 525.4385180950619 17.333333333333336
      vertex 12.894153091802302 525.4904606364521 17.333333333333336
      vertex 12.894153091802302 525.4904606364521 45.333333333333336
    endloop
  endfacet
  facet normal 0.18223552549209987 -0.9832549075639635 0
    outer loop
      vertex 12.894153091802302 525.4904606364521 17.333333333333336
      vertex 13.112931301356795 525.5310087808627 17.333333333333336
      vertex 13.112931301356795 525.5310087808627 45.333333333333336
    endloop
  endfacet
  facet normal 0.13052619221973444 -0.9914448613738522 0
    outer loop
      vertex 13.112931301356795 525.5310087808627 17.333333333333336
      vertex 13.33353180889025 525.5600513886485 17.333333333333336
      vertex 13.33353180889025 525.5600513886485 45.333333333333336
    endloop
  endfacet
  facet normal 0.07845909572823212 -0.9969173337330975 0
    outer loop
      vertex 13.33353180889025 525.5600513886485 17.333333333333336
      vertex 13.555349963745268 525.5775088560404 17.333333333333336
      vertex 13.555349963745268 525.5775088560404 45.333333333333336
    endloop
  endfacet
  facet normal 0.02617694830761636 -0.999657324975564 0
    outer loop
      vertex 13.555349963745268 525.5775088560404 17.333333333333336
      vertex 13.777777777777779 525.5833333333334 17.333333333333336
      vertex 13.777777777777779 525.5833333333334 45.333333333333336
    endloop
  endfacet
  facet normal 0.6883545756939884 0.7253743710120653 0
    outer loop
      vertex 10.93397270075263 518.1749678250544 17.333333333333336
      vertex 10.772573957734952 518.3281295132906 45.333333333333336
      vertex 10.93397270075263 518.1749678250544 45.333333333333336
    endloop
  endfacet
  facet normal 0.6494480483299807 0.7604059656002041 0
    outer loop
      vertex 11.10316611581597 518.0304629971413 17.333333333333336
      vertex 10.93397270075263 518.1749678250544 45.333333333333336
      vertex 11.10316611581597 518.0304629971413 45.333333333333336
    endloop
  endfacet
  facet normal 0.6087614290088568 0.7933533402911308 0
    outer loop
      vertex 11.279690455534766 517.8950111072398 17.333333333333336
      vertex 11.10316611581597 518.0304629971413 45.333333333333336
      vertex 11.279690455534766 517.8950111072398 45.333333333333336
    endloop
  endfacet
  facet normal 0.5664062369248635 0.8241261886219946 0
    outer loop
      vertex 11.463061878963913 517.7689834195653 17.333333333333336
      vertex 11.279690455534766 517.8950111072398 45.333333333333336
      vertex 11.463061878963913 517.7689834195653 45.333333333333336
    endloop
  endfacet
  facet normal 0.6883545756939884 -0.7253743710120653 0
    outer loop
      vertex 10.772573957734952 524.3385371533761 17.333333333333336
      vertex 10.93397270075263 524.4916988416123 45.333333333333336
      vertex 10.772573957734952 524.3385371533761 45.333333333333336
    endloop
  endfacet
  facet normal 0.6494480483299807 -0.7604059656002041 0
    outer loop
      vertex 10.93397270075263 524.4916988416123 17.333333333333336
      vertex 11.10316611581597 524.6362036695255 45.333333333333336
      vertex 10.93397270075263 524.4916988416123 45.333333333333336
    endloop
  endfacet
  facet normal 0.6087614290088568 -0.7933533402911308 0
    outer loop
      vertex 11.10316611581597 524.6362036695255 17.333333333333336
      vertex 11.279690455534766 524.7716555594269 45.333333333333336
      vertex 11.10316611581597 524.6362036695255 45.333333333333336
    endloop
  endfacet
  facet normal 0.5664062369248635 -0.8241261886219946 0
    outer loop
      vertex 11.279690455534766 524.7716555594269 17.333333333333336
      vertex 11.463061878963913 524.8976832471014 45.333333333333336
      vertex 11.279690455534766 524.7716555594269 45.333333333333336
    endloop
  endfacet
  facet normal 0.5224985647157221 -0.8526401643542313 0
    outer loop
      vertex 11.463061878963913 524.8976832471014 17.333333333333336
      vertex 11.652777777777779 525.0139412994172 45.333333333333336
      vertex 11.463061878963913 524.8976832471014 45.333333333333336
    endloop
  endfacet
  facet normal 0.5224985647157221 0.8526401643542313 0
    outer loop
      vertex 11.652777777777779 517.6527253672496 17.333333333333336
      vertex 11.463061878963913 517.7689834195653 45.333333333333336
      vertex 11.652777777777779 517.6527253672496 45.333333333333336
    endloop
  endfacet
  facet normal 0.4771587602597092 0.8788171126619105 0
    outer loop
      vertex 11.848318153884705 517.5465556055328 17.333333333333336
      vertex 11.652777777777779 517.6527253672496 45.333333333333336
      vertex 11.848318153884705 517.5465556055328 45.333333333333336
    endloop
  endfacet
  facet normal 0.4305110968081481 0.9025852843499308 0
    outer loop
      vertex 12.049147044705627 517.4507651383524 17.333333333333336
      vertex 11.848318153884705 517.5465556055328 45.333333333333336
      vertex 12.049147044705627 517.4507651383524 45.333333333333336
    endloop
  endfacet
  facet normal 0.3826834323651048 0.9238795325112805 0
    outer loop
      vertex 12.254713992210252 517.3656165207203 17.333333333333336
      vertex 12.049147044705627 517.4507651383524 45.333333333333336
      vertex 12.254713992210252 517.3656165207203 45.333333333333336
    endloop
  endfacet
  facet normal 0.4771587602597092 -0.8788171126619105 0
    outer loop
      vertex 11.652777777777779 525.0139412994172 17.333333333333336
      vertex 11.848318153884705 525.1201110611339 45.333333333333336
      vertex 11.652777777777779 525.0139412994172 45.333333333333336
    endloop
  endfacet
  facet normal 0.4305110968081481 -0.9025852843499308 0
    outer loop
      vertex 11.848318153884705 525.1201110611339 17.333333333333336
      vertex 12.049147044705627 525.2159015283144 45.333333333333336
      vertex 11.848318153884705 525.1201110611339 45.333333333333336
    endloop
  endfacet
  facet normal 0.3826834323651048 -0.9238795325112805 0
    outer loop
      vertex 12.049147044705627 525.2159015283144 17.333333333333336
      vertex 12.254713992210252 525.3010501459464 45.333333333333336
      vertex 12.049147044705627 525.2159015283144 45.333333333333336
    endloop
  endfacet
  facet normal 0 0 1
    outer loop
      vertex 6.777777777777778 536.3333333333334 45.333333333333336
      vertex 12.677796836092064 525.4385180950619 45.333333333333336
      vertex 12.894153091802302 525.4904606364521 45.333333333333336
    endloop
  endfacet
  facet normal 0 0 1
    outer loop
      vertex 6.777777777777778 536.3333333333334 45.333333333333336
      vertex 12.894153091802302 525.4904606364521 45.333333333333336
      vertex 13.112931301356795 525.5310087808627 45.333333333333336
    endloop
  endfacet
  facet normal 0 0 1
    outer loop
      vertex 6.777777777777778 536.3333333333334 45.333333333333336
      vertex 13.112931301356795 525.5310087808627 45.333333333333336
      vertex 13.33353180889025 525.5600513886485 45.333333333333336
    endloop
  endfacet
  facet normal 0 0 1
    outer loop
      vertex 6.777777777777778 536.3333333333334 45.333333333333336
      vertex 13.33353180889025 525.5600513886485 45.333333333333336
      vertex 13.555349963745268 525.5775088560404 45.333333333333336
    endloop
  endfacet
  facet normal 0 0 1
    outer loop
      vertex 6.777777777777778 536.3333333333334 45.333333333333336
      vertex 13.555349963745268 525.5775088560404 45.333333333333336
      vertex 13.777777777777779 525.5833333333334 45.333333333333336
    endloop
  endfacet
  facet normal 0 0 1
    outer loop
      vertex 6.777777777777778 536.3333333333334 45.333333333333336
      vertex 13.777777777777779 525.5833333333334 45.333333333333336
      vertex 14.000205591810289 525.5775088560404 45.333333333333336
    endloop
  endfacet
  facet normal 0 0 1
    outer loop
      vertex 6.777777777777778 536.3333333333334 45.333333333333336
      vertex 14.000205591810289 525.5775088560404 45.333333333333336
      vertex 14.222023746665304 525.5600513886485 45.333333333333336
    endloop
  endfacet
  facet normal 0 0 1
    outer loop
      vertex 6.777777777777778 536.3333333333334 45.333333333333336
      vertex 14.222023746665304 525.5600513886485 45.333333333333336
      vertex 14.442624254198758 525.5310087808627 45.333333333333336
    endloop
  endfacet
  facet normal 0 0 1
    outer loop
      vertex 6.777777777777778 536.3333333333334 45.333333333333336
      vertex 14.442624254198758 525.5310087808627 45.333333333333336
      vertex 14.661402463753255 525.4904606364521 45.333333333333336
    endloop
  endfacet
  facet normal 0.3338068592338653 0.942641491092145 0
    outer loop
      vertex 12.464455551684253 517.291343139079 17.333333333333336
      vertex 12.254713992210252 517.3656165207203 45.333333333333336
      vertex 12.464455551684253 517.291343139079 45.333333333333336
    endloop
  endfacet
  facet normal 0.28401534470406004 0.9588197348681523 0
    outer loop
      vertex 12.677796836092064 517.2281485716048 17.333333333333336
      vertex 12.464455551684253 517.291343139079 45.333333333333336
      vertex 12.677796836092064 517.2281485716048 45.333333333333336
    endloop
  endfacet
  facet normal 0.23344536385614215 0.9723699203976197 0
    outer loop
      vertex 12.894153091802302 517.1762060302146 17.333333333333336
      vertex 12.677796836092064 517.2281485716048 45.333333333333336
      vertex 12.894153091802302 517.1762060302146 45.333333333333336
    endloop
  endfacet
  facet normal 0.18223552549209987 0.9832549075639635 0
    outer loop
      vertex 13.112931301356795 517.135657885804 17.333333333333336
      vertex 12.894153091802302 517.1762060302146 45.333333333333336
      vertex 13.112931301356795 517.135657885804 45.333333333333336
    endloop
  endfacet
  facet normal 0.13052619221973444 0.9914448613738522 0
    outer loop
      vertex 13.33353180889025 517.1066152780182 17.333333333333336
      vertex 13.112931301356795 517.135657885804 45.333333333333336
      vertex 13.33353180889025 517.1066152780182 45.333333333333336
    endloop
  endfacet
  facet normal 0.07845909572823212 0.9969173337330975 0
    outer loop
      vertex 13.555349963745268 517.0891578106264 17.333333333333336
      vertex 13.33353180889025 517.1066152780182 45.333333333333336
      vertex 13.555349963745268 517.0891578106264 45.333333333333336
    endloop
  endfacet
  facet normal 0.02617694830761636 0.999657324975564 0
    outer loop
      vertex 13.555349963745268 517.0891578106264 45.333333333333336
      vertex 13.777777777777779 517.0833333333334 45.333333333333336
      vertex 13.777777777777779 517.0833333333334 17.333333333333336
    endloop
  endfacet
  facet normal 0.3338068592338653 -0.942641491092145 0
    outer loop
      vertex 12.254713992210252 525.3010501459464 17.333333333333336
      vertex 12.464455551684253 525.3753235275877 45.333333333333336
      vertex 12.254713992210252 525.3010501459464 45.333333333333336
    endloop
  endfacet
  facet normal 0.28401534470406004 -0.9588197348681523 0
    outer loop
      vertex 12.464455551684253 525.3753235275877 17.333333333333336
      vertex 12.677796836092064 525.4385180950619 45.333333333333336
      vertex 12.464455551684253 525.3753235275877 45.333333333333336
    endloop
  endfacet
  facet normal 0.23344536385614215 -0.9723699203976197 0
    outer loop
      vertex 12.677796836092064 525.4385180950619 17.333333333333336
      vertex 12.894153091802302 525.4904606364521 45.333333333333336
      vertex 12.677796836092064 525.4385180950619 45.333333333333336
    endloop
  endfacet
  facet normal 0.18223552549209987 -0.9832549075639635 0
    outer loop
      vertex 12.894153091802302 525.4904606364521 17.333333333333336
      vertex 13.112931301356795 525.5310087808627 45.333333333333336
      vertex 12.894153091802302 525.4904606364521 45.333333333333336
    endloop
  endfacet
  facet normal 0.13052619221973444 -0.9914448613738522 0
    outer loop
      vertex 13.112931301356795 525.5310087808627 17.333333333333336
      vertex 13.33353180889025 525.5600513886485 45.333333333333336
      vertex 13.112931301356795 525.5310087808627 45.333333333333336
    endloop
  endfacet
  facet normal 0.07845909572823212 -0.9969173337330975 0
    outer loop
      vertex 13.33353180889025 525.5600513886485 17.333333333333336
      vertex 13.555349963745268 525.5775088560404 45.333333333333336
      vertex 13.33353180889025 525.5600513886485 45.333333333333336
    endloop
  endfacet
  facet normal 0.02617694830761636 -0.999657324975564 0
    outer loop
      vertex 13.555349963745268 525.5775088560404 17.333333333333336
      vertex 13.777777777777779 525.5833333333334 45.333333333333336
      vertex 13.555349963745268 525.5775088560404 45.333333333333336
    endloop
  endfacet
  facet normal 0 0 -1
    outer loop
      vertex 6.777777777777778 383.33333333333337 -54.666666666666664
      vertex 25.77777777777778 388.33333333333337 -54.666666666666664
      vertex 20.77777777777778 383.33333333333337 -54.666666666666664
    endloop
  endfacet
  facet normal 0 -0.9654290825583873 -0.26066585229076455
    outer loop
      vertex 6.777777777777778 383.33333333333337 -54.666666666666664
      vertex 20.77777777777778 383.33333333333337 -54.666666666666664
      vertex 20.77777777777778 356.33333333333337 45.333333333333336
    endloop
  endfacet
  facet normal 0 0 1
    outer loop
      vertex 13.777777777777779 392.08333333333337 -17.666666666666664
      vertex 14.000205591810289 392.08915781062643 -17.666666666666664
      vertex 14.000205591810289 400.5775088560403 -17.666666666666664
    endloop
  endfacet
  facet normal 0 0 1
    outer loop
      vertex 14.000205591810289 392.08915781062643 -17.666666666666664
      vertex 14.222023746665304 392.10661527801824 -17.666666666666664
      vertex 14.222023746665304 400.5600513886485 -17.666666666666664
    endloop
  endfacet
  facet normal 0 0 1
    outer loop
      vertex 14.222023746665304 392.10661527801824 -17.666666666666664
      vertex 14.442624254198758 392.13565788580405 -17.666666666666664
      vertex 14.442624254198758 400.5310087808627 -17.666666666666664
    endloop
  endfacet
  facet normal 0 0 1
    outer loop
      vertex 13.777777777777779 392.08333333333337 -17.666666666666664
      vertex 14.000205591810289 400.5775088560403 -17.666666666666664
      vertex 13.777777777777779 400.58333333333337 -17.666666666666664
    endloop
  endfacet
  facet normal 0 0 1
    outer loop
      vertex 14.000205591810289 392.08915781062643 -17.666666666666664
      vertex 14.222023746665304 400.5600513886485 -17.666666666666664
      vertex 14.000205591810289 400.5775088560403 -17.666666666666664
    endloop
  endfacet
  facet normal 0 0 1
    outer loop
      vertex 14.222023746665304 392.10661527801824 -17.666666666666664
      vertex 14.442624254198758 400.5310087808627 -17.666666666666664
      vertex 14.222023746665304 400.5600513886485 -17.666666666666664
    endloop
  endfacet
  facet normal 0 0 1
    outer loop
      vertex 14.442624254198758 392.13565788580405 -17.666666666666664
      vertex 14.661402463753255 400.49046063645204 -17.666666666666664
      vertex 14.442624254198758 400.5310087808627 -17.666666666666664
    endloop
  endfacet
  facet normal 0 0 1
    outer loop
      vertex 14.442624254198758 392.13565788580405 -17.666666666666664
      vertex 14.661402463753255 392.1762060302147 -17.666666666666664
      vertex 14.661402463753255 400.49046063645204 -17.666666666666664
    endloop
  endfacet
  facet normal 0 0 1
    outer loop
      vertex 14.661402463753255 392.1762060302147 -17.666666666666664
      vertex 14.87775871946349 392.22814857160483 -17.666666666666664
      vertex 14.87775871946349 400.4385180950619 -17.666666666666664
    endloop
  endfacet
  facet normal 0 0 1
    outer loop
      vertex 14.87775871946349 392.22814857160483 -17.666666666666664
      vertex 15.091100003871304 392.29134313907895 -17.666666666666664
      vertex 15.091100003871304 400.3753235275878 -17.666666666666664
    endloop
  endfacet
  facet normal 0 0 1
    outer loop
      vertex 15.091100003871304 392.29134313907895 -17.666666666666664
      vertex 15.300841563345305 392.36561652072027 -17.666666666666664
      vertex 15.300841563345305 400.3010501459465 -17.666666666666664
    endloop
  endfacet
  facet normal 0 0 1
    outer loop
      vertex 14.661402463753255 392.1762060302147 -17.666666666666664
      vertex 14.87775871946349 400.4385180950619 -17.666666666666664
      vertex 14.661402463753255 400.49046063645204 -17.666666666666664
    endloop
  endfacet
  facet normal 0 0 1
    outer loop
      vertex 14.87775871946349 392.22814857160483 -17.666666666666664
      vertex 15.091100003871304 400.3753235275878 -17.666666666666664
      vertex 14.87775871946349 400.4385180950619 -17.666666666666664
    endloop
  endfacet
  facet normal 0 0 1
    outer loop
      vertex 15.091100003871304 392.29134313907895 -17.666666666666664
      vertex 15.300841563345305 400.3010501459465 -17.666666666666664
      vertex 15.091100003871304 400.3753235275878 -17.666666666666664
    endloop
  endfacet
  facet normal 0 0 1
    outer loop
      vertex 15.300841563345305 392.36561652072027 -17.666666666666664
      vertex 15.50640851084993 392.4507651383523 -17.666666666666664
      vertex 15.50640851084993 400.2159015283144 -17.666666666666664
    endloop
  endfacet
  facet normal 0 0 1
    outer loop
      vertex 15.50640851084993 392.4507651383523 -17.666666666666664
      vertex 15.707237401670852 392.54655560553283 -17.666666666666664
      vertex 15.707237401670852 400.1201110611339 -17.666666666666664
    endloop
  endfacet
  facet normal 0 0 1
    outer loop
      vertex 15.707237401670852 392.54655560553283 -17.666666666666664
      vertex 15.902777777777779 392.6527253672495 -17.666666666666664
      vertex 15.902777777777779 400.01394129941724 -17.666666666666664
    endloop
  endfacet
  facet normal 0 0 1
    outer loop
      vertex 15.300841563345305 392.36561652072027 -17.666666666666664
      vertex 15.50640851084993 400.2159015283144 -17.666666666666664
      vertex 15.300841563345305 400.3010501459465 -17.666666666666664
    endloop
  endfacet
  facet normal 0 0 1
    outer loop
      vertex 15.50640851084993 392.4507651383523 -17.666666666666664
      vertex 15.707237401670852 400.1201110611339 -17.666666666666664
      vertex 15.50640851084993 400.2159015283144 -17.666666666666664
    endloop
  endfacet
  facet normal 0 0 1
    outer loop
      vertex 15.707237401670852 392.54655560553283 -17.666666666666664
      vertex 15.902777777777779 400.01394129941724 -17.666666666666664
      vertex 15.707237401670852 400.1201110611339 -17.666666666666664
    endloop
  endfacet
  facet normal 0 0 1
    outer loop
      vertex 15.902777777777779 392.6527253672495 -17.666666666666664
      vertex 16.092493676591644 399.89768324710144 -17.666666666666664
      vertex 15.902777777777779 400.01394129941724 -17.666666666666664
    endloop
  endfacet
  facet normal 0 0 1
    outer loop
      vertex 15.902777777777779 392.6527253672495 -17.666666666666664
      vertex 16.092493676591644 392.7689834195653 -17.666666666666664
      vertex 16.092493676591644 399.89768324710144 -17.666666666666664
    endloop
  endfacet
  facet normal 0 0 1
    outer loop
      vertex 16.092493676591644 392.7689834195653 -17.666666666666664
      vertex 16.275865100020788 392.89501110723984 -17.666666666666664
      vertex 16.275865100020788 399.7716555594269 -17.666666666666664
    endloop
  endfacet
  facet normal 0 0 1
    outer loop
      vertex 16.275865100020788 392.89501110723984 -17.666666666666664
      vertex 16.452389439739587 393.0304629971412 -17.666666666666664
      vertex 16.452389439739587 399.6362036695255 -17.666666666666664
    endloop
  endfacet
  facet normal 0 0 1
    outer loop
      vertex 16.452389439739587 393.0304629971412 -17.666666666666664
      vertex 16.621582854802927 393.17496782505447 -17.666666666666664
      vertex 16.621582854802927 399.4916988416123 -17.666666666666664
    endloop
  endfacet
  facet normal 0 0 1
    outer loop
      vertex 16.621582854802927 393.17496782505447 -17.666666666666664
      vertex 16.782981597820605 393.32812951329055 -17.666666666666664
      vertex 16.782981597820605 399.3385371533762 -17.666666666666664
    endloop
  endfacet
  facet normal 0 0 1
    outer loop
      vertex 16.092493676591644 392.7689834195653 -17.666666666666664
      vertex 16.275865100020788 399.7716555594269 -17.666666666666664
      vertex 16.092493676591644 399.89768324710144 -17.666666666666664
    endloop
  endfacet
  facet normal 0 0 1
    outer loop
      vertex 16.275865100020788 392.89501110723984 -17.666666666666664
      vertex 16.452389439739587 399.6362036695255 -17.666666666666664
      vertex 16.275865100020788 399.7716555594269 -17.666666666666664
    endloop
  endfacet
  facet normal 0 0 1
    outer loop
      vertex 16.452389439739587 393.0304629971412 -17.666666666666664
      vertex 16.621582854802927 399.4916988416123 -17.666666666666664
      vertex 16.452389439739587 399.6362036695255 -17.666666666666664
    endloop
  endfacet
  facet normal 0 0 1
    outer loop
      vertex 16.621582854802927 393.17496782505447 -17.666666666666664
      vertex 16.782981597820605 399.3385371533762 -17.666666666666664
      vertex 16.621582854802927 399.4916988416123 -17.666666666666664
    endloop
  endfacet
  facet normal 0 0 1
    outer loop
      vertex 16.782981597820605 393.32812951329055 -17.666666666666664
      vertex 16.936143286056705 393.48952825630823 -17.666666666666664
      vertex 16.936143286056705 399.1771384103585 -17.666666666666664
    endloop
  endfacet
  facet normal 0 0 1
    outer loop
      vertex 16.936143286056705 393.48952825630823 -17.666666666666664
      vertex 17.080648113969904 393.65872167137155 -17.666666666666664
      vertex 17.080648113969904 399.0079449952952 -17.666666666666664
    endloop
  endfacet
  facet normal 0 0 1
    outer loop
      vertex 17.080648113969904 393.65872167137155 -17.666666666666664
      vertex 17.216100003871304 393.83524601109036 -17.666666666666664
      vertex 17.216100003871304 398.8314206555764 -17.666666666666664
    endloop
  endfacet
  facet normal 0 0 1
    outer loop
      vertex 17.216100003871304 393.83524601109036 -17.666666666666664
      vertex 17.34212769154583 394.0186174345195 -17.666666666666664
      vertex 17.34212769154583 398.64804923214723 -17.666666666666664
    endloop
  endfacet
  facet normal 0 0 1
    outer loop
      vertex 17.34212769154583 394.0186174345195 -17.666666666666664
      vertex 17.45838574386164 394.20833333333337 -17.666666666666664
      vertex 17.45838574386164 398.45833333333337 -17.666666666666664
    endloop
  endfacet
  facet normal 0 0 1
    outer loop
      vertex 16.782981597820605 393.32812951329055 -17.666666666666664
      vertex 16.936143286056705 399.1771384103585 -17.666666666666664
      vertex 16.782981597820605 399.3385371533762 -17.666666666666664
    endloop
  endfacet
  facet normal 0 0 1
    outer loop
      vertex 16.936143286056705 393.48952825630823 -17.666666666666664
      vertex 17.080648113969904 399.0079449952952 -17.666666666666664
      vertex 16.936143286056705 399.1771384103585 -17.666666666666664
    endloop
  endfacet
  facet normal 0 0 1
    outer loop
      vertex 17.080648113969904 393.65872167137155 -17.666666666666664
      vertex 17.216100003871304 398.8314206555764 -17.666666666666664
      vertex 17.080648113969904 399.0079449952952 -17.666666666666664
    endloop
  endfacet
  facet normal 0 0 1
    outer loop
      vertex 17.216100003871304 393.83524601109036 -17.666666666666664
      vertex 17.34212769154583 398.64804923214723 -17.666666666666664
      vertex 17.216100003871304 398.8314206555764 -17.666666666666664
    endloop
  endfacet
  facet normal 0 0 1
    outer loop
      vertex 17.34212769154583 394.0186174345195 -17.666666666666664
      vertex 17.45838574386164 398.45833333333337 -17.666666666666664
      vertex 17.34212769154583 398.64804923214723 -17.666666666666664
    endloop
  endfacet
  facet normal 0 0 1
    outer loop
      vertex 17.45838574386164 394.20833333333337 -17.666666666666664
      vertex 17.56455550557834 398.26279295722645 -17.666666666666664
      vertex 17.45838574386164 398.45833333333337 -17.666666666666664
    endloop
  endfacet
  facet normal 0 0 1
    outer loop
      vertex 17.45838574386164 394.20833333333337 -17.666666666666664
      vertex 17.56455550557834 394.4038737094403 -17.666666666666664
      vertex 17.56455550557834 398.26279295722645 -17.666666666666664
    endloop
  endfacet
  facet normal 0 0 1
    outer loop
      vertex 17.56455550557834 394.4038737094403 -17.666666666666664
      vertex 17.660345972758833 394.60470260026125 -17.666666666666664
      vertex 17.660345972758833 398.0619640664055 -17.666666666666664
    endloop
  endfacet
  facet normal 0 0 1
    outer loop
      vertex 17.56455550557834 394.4038737094403 -17.666666666666664
      vertex 17.660345972758833 398.0619640664055 -17.666666666666664
      vertex 17.56455550557834 398.26279295722645 -17.666666666666664
    endloop
  endfacet
  facet normal 0 0 1
    outer loop
      vertex 17.660345972758833 394.60470260026125 -17.666666666666664
      vertex 17.745494590390884 397.8563971189009 -17.666666666666664
      vertex 17.660345972758833 398.0619640664055 -17.666666666666664
    endloop
  endfacet
  facet normal 0 0 1
    outer loop
      vertex 17.660345972758833 394.60470260026125 -17.666666666666664
      vertex 17.745494590390884 394.81026954776587 -17.666666666666664
      vertex 17.745494590390884 397.8563971189009 -17.666666666666664
    endloop
  endfacet
  facet normal 0 0 1
    outer loop
      vertex 17.745494590390884 394.81026954776587 -17.666666666666664
      vertex 17.81976797203218 395.02001110723984 -17.666666666666664
      vertex 17.81976797203218 397.6466555594269 -17.666666666666664
    endloop
  endfacet
  facet normal 0 0 1
    outer loop
      vertex 17.745494590390884 394.81026954776587 -17.666666666666664
      vertex 17.81976797203218 397.6466555594269 -17.666666666666664
      vertex 17.745494590390884 397.8563971189009 -17.666666666666664
    endloop
  endfacet
  facet normal 0 0 1
    outer loop
      vertex 17.81976797203218 395.02001110723984 -17.666666666666664
      vertex 17.88296253950632 395.23335239164766 -17.666666666666664
      vertex 17.88296253950632 397.4333142750191 -17.666666666666664
    endloop
  endfacet
  facet normal 0 0 1
    outer loop
      vertex 17.81976797203218 395.02001110723984 -17.666666666666664
      vertex 17.88296253950632 397.4333142750191 -17.666666666666664
      vertex 17.81976797203218 397.6466555594269 -17.666666666666664
    endloop
  endfacet
  facet normal 0 0 1
    outer loop
      vertex 17.88296253950632 395.23335239164766 -17.666666666666664
      vertex 17.934905080896453 397.21695801930883 -17.666666666666664
      vertex 17.88296253950632 397.4333142750191 -17.666666666666664
    endloop
  endfacet
  facet normal 0 0 1
    outer loop
      vertex 17.88296253950632 395.23335239164766 -17.666666666666664
      vertex 17.934905080896453 395.4497086473579 -17.666666666666664
      vertex 17.934905080896453 397.21695801930883 -17.666666666666664
    endloop
  endfacet
  facet normal 0 0 1
    outer loop
      vertex 17.934905080896453 395.4497086473579 -17.666666666666664
      vertex 17.975453225307113 395.6684868569124 -17.666666666666664
      vertex 17.975453225307113 396.99817980975433 -17.666666666666664
    endloop
  endfacet
  facet normal 0 0 1
    outer loop
      vertex 17.975453225307113 395.6684868569124 -17.666666666666664
      vertex 18.00449583309294 395.88908736444586 -17.666666666666664
      vertex 18.00449583309294 396.7775793022209 -17.666666666666664
    endloop
  endfacet
  facet normal 0 0 1
    outer loop
      vertex 17.934905080896453 395.4497086473579 -17.666666666666664
      vertex 17.975453225307113 396.99817980975433 -17.666666666666664
      vertex 17.934905080896453 397.21695801930883 -17.666666666666664
    endloop
  endfacet
  facet normal 0 0 1
    outer loop
      vertex 17.975453225307113 395.6684868569124 -17.666666666666664
      vertex 18.00449583309294 396.7775793022209 -17.666666666666664
      vertex 17.975453225307113 396.99817980975433 -17.666666666666664
    endloop
  endfacet
  facet normal 0 0 1
    outer loop
      vertex 18.00449583309294 395.88908736444586 -17.666666666666664
      vertex 18.021953300484718 396.11090551930084 -17.666666666666664
      vertex 18.021953300484718 396.5557611473659 -17.666666666666664
    endloop
  endfacet
  facet normal 0 0 1
    outer loop
      vertex 18.00449583309294 395.88908736444586 -17.666666666666664
      vertex 18.021953300484718 396.5557611473659 -17.666666666666664
      vertex 18.00449583309294 396.7775793022209 -17.666666666666664
    endloop
  endfacet
  facet normal 0 0 1
    outer loop
      vertex 18.021953300484718 396.11090551930084 -17.666666666666664
      vertex 18.02777777777778 396.33333333333337 -17.666666666666664
      vertex 18.021953300484718 396.5557611473659 -17.666666666666664
    endloop
  endfacet
  facet normal 0 0 1
    outer loop
      vertex 25.77777777777778 403.83333333333337 -42.666666666666664
      vertex 15.777777777777779 407.83333333333337 -42.666666666666664
      vertex 15.777777777777779 403.83333333333337 -42.666666666666664
    endloop
  endfacet
  facet normal 0 0 1
    outer loop
      vertex 25.77777777777778 488.83333333333337 -42.666666666666664
      vertex 11.777777777777779 407.83333333333337 -42.666666666666664
      vertex 15.777777777777779 407.83333333333337 -42.666666666666664
    endloop
  endfacet
  facet normal 1 0 0
    outer loop
      vertex 15.777777777777779 403.83333333333337 45.333333333333336
      vertex 15.777777777777779 403.83333333333337 -42.666666666666664
      vertex 15.777777777777779 407.83333333333337 -42.666666666666664
    endloop
  endfacet
  facet normal 0 0 -1
    outer loop
      vertex 20.77777777777778 383.33333333333337 -54.666666666666664
      vertex 25.77777777777778 388.33333333333337 -54.666666666666664
      vertex 21.0394575589925 383.3401856595605 -54.666666666666664
    endloop
  endfacet
  facet normal 0 0 -1
    outer loop
      vertex 21.0394575589925 383.3401856595605 -54.666666666666664
      vertex 25.77777777777778 388.33333333333337 -54.666666666666664
      vertex 21.300420094116046 383.360723856492 -54.666666666666664
    endloop
  endfacet
  facet normal 0 0 -1
    outer loop
      vertex 21.300420094116046 383.360723856492 -54.666666666666664
      vertex 25.77777777777778 388.33333333333337 -54.666666666666664
      vertex 21.55995010297893 383.3948916303577 -54.666666666666664
    endloop
  endfacet
  facet normal 0 0 -1
    outer loop
      vertex 21.55995010297893 383.3948916303577 -54.666666666666664
      vertex 25.77777777777778 388.33333333333337 -54.666666666666664
      vertex 21.817336231866577 383.44259532966436 -54.666666666666664
    endloop
  endfacet
  facet normal 0 0 -1
    outer loop
      vertex 21.817336231866577 383.44259532966436 -54.666666666666664
      vertex 25.77777777777778 388.33333333333337 -54.666666666666664
      vertex 22.07187300329038 383.503704201888 -54.666666666666664
    endloop
  endfacet
  facet normal 0 0 -1
    outer loop
      vertex 22.07187300329038 383.503704201888 -54.666666666666664
      vertex 25.77777777777778 388.33333333333337 -54.666666666666664
      vertex 22.322862749652515 383.57805075185763 -54.666666666666664
    endloop
  endfacet
  facet normal 0 0 -1
    outer loop
      vertex 22.322862749652515 383.57805075185763 -54.666666666666664
      vertex 25.77777777777778 388.33333333333337 -54.666666666666664
      vertex 22.569617525504277 383.66543120084737 -54.666666666666664
    endloop
  endfacet
  facet normal 0 0 -1
    outer loop
      vertex 22.569617525504277 383.66543120084737 -54.666666666666664
      vertex 25.77777777777778 388.33333333333337 -54.666666666666664
      vertex 22.81146099315678 383.76560604512036 -54.666666666666664
    endloop
  endfacet
  facet normal 0 0 -1
    outer loop
      vertex 22.81146099315678 383.76560604512036 -54.666666666666664
      vertex 25.77777777777778 388.33333333333337 -54.666666666666664
      vertex 23.047730276475512 383.87830071239154 -54.666666666666664
    endloop
  endfacet
  facet normal 0 0 -1
    outer loop
      vertex 23.047730276475512 383.87830071239154 -54.666666666666664
      vertex 25.77777777777778 388.33333333333337 -54.666666666666664
      vertex 23.27777777777778 384.00320631441116 -54.666666666666664
    endloop
  endfacet
  facet normal 0 0 -1
    outer loop
      vertex 23.27777777777778 384.00320631441116 -54.666666666666664
      vertex 25.77777777777778 388.33333333333337 -54.666666666666664
      vertex 23.500972952852912 384.13998049360623 -54.666666666666664
    endloop
  endfacet
  facet normal 0 0 -1
    outer loop
      vertex 23.500972952852912 384.13998049360623 -54.666666666666664
      vertex 25.77777777777778 388.33333333333337 -54.666666666666664
      vertex 23.716704039240145 384.2882483614586 -54.666666666666664
    endloop
  endfacet
  facet normal 0 0 -1
    outer loop
      vertex 23.716704039240145 384.2882483614586 -54.666666666666664
      vertex 25.77777777777778 388.33333333333337 -54.666666666666664
      vertex 23.924379733026967 384.4476035260485 -54.666666666666664
    endloop
  endfacet
  facet normal 0 0 -1
    outer loop
      vertex 23.924379733026967 384.4476035260485 -54.666666666666664
      vertex 25.77777777777778 388.33333333333337 -54.666666666666664
      vertex 24.12343080957207 384.6176092059464 -54.666666666666664
    endloop
  endfacet
  facet normal 0 0 -1
    outer loop
      vertex 24.12343080957207 384.6176092059464 -54.666666666666664
      vertex 25.77777777777778 388.33333333333337 -54.666666666666664
      vertex 24.313311683710516 384.7977994274006 -54.666666666666664
    endloop
  endfacet
  facet normal 0 0 -1
    outer loop
      vertex 24.313311683710516 384.7977994274006 -54.666666666666664
      vertex 25.77777777777778 388.33333333333337 -54.666666666666664
      vertex 24.49350190516475 384.98768030153906 -54.666666666666664
    endloop
  endfacet
  facet normal 0 0 -1
    outer loop
      vertex 24.49350190516475 384.98768030153906 -54.666666666666664
      vertex 25.77777777777778 388.33333333333337 -54.666666666666664
      vertex 24.663507585062632 385.1867313780842 -54.666666666666664
    endloop
  endfacet
  facet normal 0 0 -1
    outer loop
      vertex 24.663507585062632 385.1867313780842 -54.666666666666664
      vertex 25.77777777777778 388.33333333333337 -54.666666666666664
      vertex 24.822862749652515 385.394407071871 -54.666666666666664
    endloop
  endfacet
  facet normal 0 0 -1
    outer loop
      vertex 24.822862749652515 385.394407071871 -54.666666666666664
      vertex 25.77777777777778 388.33333333333337 -54.666666666666664
      vertex 24.971130617504897 385.6101381582582 -54.666666666666664
    endloop
  endfacet
  facet normal 0 0 -1
    outer loop
      vertex 24.971130617504897 385.6101381582582 -54.666666666666664
      vertex 25.77777777777778 388.33333333333337 -54.666666666666664
      vertex 25.10790479669997 385.83333333333337 -54.666666666666664
    endloop
  endfacet
  facet normal 0 0 -1
    outer loop
      vertex 25.10790479669997 385.83333333333337 -54.666666666666664
      vertex 25.77777777777778 388.33333333333337 -54.666666666666664
      vertex 25.232810398719618 386.0633808346356 -54.666666666666664
    endloop
  endfacet
  facet normal 0 0 -1
    outer loop
      vertex 25.232810398719618 386.0633808346356 -54.666666666666664
      vertex 25.77777777777778 388.33333333333337 -54.666666666666664
      vertex 25.345505065990782 386.29965011795434 -54.666666666666664
    endloop
  endfacet
  facet normal 0 0 -1
    outer loop
      vertex 25.345505065990782 386.29965011795434 -54.666666666666664
      vertex 25.77777777777778 388.33333333333337 -54.666666666666664
      vertex 25.445679910263788 386.5414935856069 -54.666666666666664
    endloop
  endfacet
  facet normal 0 0 -1
    outer loop
      vertex 25.445679910263788 386.5414935856069 -54.666666666666664
      vertex 25.77777777777778 388.33333333333337 -54.666666666666664
      vertex 25.533060359253547 386.7882483614586 -54.666666666666664
    endloop
  endfacet
  facet normal 0 0 -1
    outer loop
      vertex 25.533060359253547 386.7882483614586 -54.666666666666664
      vertex 25.77777777777778 388.33333333333337 -54.666666666666664
      vertex 25.60740690922312 387.0392381078208 -54.666666666666664
    endloop
  endfacet
  facet normal 0 0 -1
    outer loop
      vertex 25.60740690922312 387.0392381078208 -54.666666666666664
      vertex 25.77777777777778 388.33333333333337 -54.666666666666664
      vertex 25.668515781446807 387.29377487924455 -54.666666666666664
    endloop
  endfacet
  facet normal 0 0 -1
    outer loop
      vertex 25.668515781446807 387.29377487924455 -54.666666666666664
      vertex 25.77777777777778 388.33333333333337 -54.666666666666664
      vertex 25.716219480753466 387.5511610081322 -54.666666666666664
    endloop
  endfacet
  facet normal 0 0 -1
    outer loop
      vertex 25.716219480753466 387.5511610081322 -54.666666666666664
      vertex 25.77777777777778 388.33333333333337 -54.666666666666664
      vertex 25.750387254619145 387.8106910169951 -54.666666666666664
    endloop
  endfacet
  facet normal 0 0 -1
    outer loop
      vertex 25.750387254619145 387.8106910169951 -54.666666666666664
      vertex 25.77777777777778 388.33333333333337 -54.666666666666664
      vertex 25.770925451550646 388.0716535521187 -54.666666666666664
    endloop
  endfacet
  facet normal 0.025272575532495543 -0.9651207220514202 -0.2605825949538834
    outer loop
      vertex 20.77777777777778 383.33333333333337 -54.666666666666664
      vertex 21.0394575589925 383.3401856595605 -54.666666666666664
      vertex 21.0394575589925 356.3401856595605 45.333333333333336
    endloop
  endfacet
  facet normal 0.07576253899547047 -0.9626543318111236 -0.25991666958900334
    outer loop
      vertex 21.0394575589925 383.3401856595605 -54.666666666666664
      vertex 21.300420094116046 383.360723856492 -54.666666666666664
      vertex 21.300420094116046 356.360723856492 45.333333333333336
    endloop
  endfacet
  facet normal 0.12608678302522444 -0.9577242007233984 -0.25858553419531755
    outer loop
      vertex 21.300420094116046 383.360723856492 -54.666666666666664
      vertex 21.55995010297893 383.3948916303577 -54.666666666666664
      vertex 21.55995010297893 356.3948916303577 45.333333333333336
    endloop
  endfacet
  facet normal 0.1761343115106293 -0.9503357027420926 -0.256590639740365
    outer loop
      vertex 21.55995010297893 383.3948916303577 -54.666666666666664
      vertex 21.817336231866577 383.44259532966436 -54.666666666666664
      vertex 21.817336231866577 356.44259532966436 45.333333333333336
    endloop
  endfacet
  facet normal 0.22579337322862314 -0.9404970855975895 -0.25393421311134917
    outer loop
      vertex 21.817336231866577 383.44259532966436 -54.666666666666664
      vertex 22.07187300329038 383.503704201888 -54.666666666666664
      vertex 22.07187300329038 356.503704201888 45.333333333333336
    endloop
  endfacet
  facet normal 0.2749511989976268 -0.9282196917890546 -0.2506193167830447
    outer loop
      vertex 22.07187300329038 383.503704201888 -54.666666666666664
      vertex 22.322862749652515 383.57805075185763 -54.666666666666664
      vertex 22.322862749652515 356.57805075185763 45.333333333333336
    endloop
  endfacet
  facet normal 0.32349377791732475 -0.9135182478726749 -0.2466499269256222
    outer loop
      vertex 22.322862749652515 383.57805075185763 -54.666666666666664
      vertex 22.569617525504277 383.66543120084737 -54.666666666666664
      vertex 22.569617525504277 356.66543120084737 45.333333333333336
    endloop
  endfacet
  facet normal 0.3713056836568124 -0.8964112172705421 -0.24203102866304635
    outer loop
      vertex 22.569617525504277 383.66543120084737 -54.666666666666664
      vertex 22.81146099315678 383.76560604512036 -54.666666666666664
      vertex 22.81146099315678 356.76560604512036 45.333333333333336
    endloop
  endfacet
  facet normal 0.41826996148421824 -0.8769212104405528 -0.23676872681894925
    outer loop
      vertex 22.81146099315678 383.76560604512036 -54.666666666666664
      vertex 23.047730276475512 383.87830071239154 -54.666666666666664
      vertex 23.047730276475512 356.87830071239154 45.333333333333336
    endloop
  endfacet
  facet normal 0.46426808634838257 -0.8550754447510737 -0.2308703700827899
    outer loop
      vertex 23.047730276475512 383.87830071239154 -54.666666666666664
      vertex 23.27777777777778 384.00320631441116 -54.666666666666664
      vertex 23.27777777777778 357.00320631441116 45.333333333333336
    endloop
  endfacet
  facet normal 0.5091800016986241 -0.830906244824139 -0.2243446861025175
    outer loop
      vertex 23.27777777777778 384.00320631441116 -54.666666666666664
      vertex 23.500972952852912 384.13998049360623 -54.666666666666664
      vertex 23.500972952852912 357.13998049360623 45.333333333333336
    endloop
  endfacet
  facet normal 0.5528842478663062 -0.8044515724562633 -0.2172019245631911
    outer loop
      vertex 23.500972952852912 384.13998049360623 -54.666666666666664
      vertex 23.716704039240145 384.2882483614586 -54.666666666666664
      vertex 23.716704039240145 357.2882483614586 45.333333333333336
    endloop
  endfacet
  facet normal 0.5952581876536662 -0.775755573541661 -0.20945400485624846
    outer loop
      vertex 23.716704039240145 384.2882483614586 -54.666666666666664
      vertex 23.924379733026967 384.4476035260485 -54.666666666666664
      vertex 23.924379733026967 357.4476035260485 45.333333333333336
    endloop
  endfacet
  facet normal 0.6361783352288117 -0.7448691277728492 -0.2011146644986693
    outer loop
      vertex 23.924379733026967 384.4476035260485 -54.666666666666664
      vertex 24.12343080957207 384.6176092059464 -54.666666666666664
      vertex 24.12343080957207 357.6176092059464 45.333333333333336
    endloop
  endfacet
  facet normal 0.6755207924937185 -0.7118503853440112 -0.19219960404288305
    outer loop
      vertex 24.12343080957207 384.6176092059464 -54.666666666666664
      vertex 24.313311683710516 384.7977994274006 -54.666666666666664
      vertex 24.313311683710516 357.7977994274006 45.333333333333336
    endloop
  endfacet
  facet normal 0.7131617947340884 -0.6767652735374136 -0.18272662385510166
    outer loop
      vertex 24.313311683710516 384.7977994274006 -54.666666666666664
      vertex 24.49350190516475 384.98768030153906 -54.666666666666664
      vertex 24.49350190516475 357.98768030153906 45.333333333333336
    endloop
  endfacet
  facet normal 0.7489783645946944 -0.6396879550302994 -0.17271574785818083
    outer loop
      vertex 24.49350190516475 384.98768030153906 -54.666666666666664
      vertex 24.663507585062632 385.1867313780842 -54.666666666666664
      vertex 24.663507585062632 358.1867313780842 45.333333333333336
    endloop
  endfacet
  facet normal 0.7828490702758762 -0.6007012191369068 -0.16218932916696482
    outer loop
      vertex 24.663507585062632 385.1867313780842 -54.666666666666664
      vertex 24.822862749652515 385.394407071871 -54.666666666666664
      vertex 24.822862749652515 358.394407071871 45.333333333333336
    endloop
  endfacet
  facet normal 0.8146548803791458 -0.5598967871164798 -0.15117213252144956
    outer loop
      vertex 24.822862749652515 385.394407071871 -54.666666666666664
      vertex 24.971130617504897 385.6101381582582 -54.666666666666664
      vertex 24.971130617504897 358.6101381582582 45.333333333333336
    endloop
  endfacet
  facet normal 0.8442801041503677 -0.5173755132341767 -0.13969138857322771
    outer loop
      vertex 24.971130617504897 385.6101381582582 -54.666666666666664
      vertex 25.10790479669997 385.83333333333337 -54.666666666666664
      vertex 25.10790479669997 358.83333333333337 45.333333333333336
    endloop
  endfacet
  facet normal 0.871613402106135 -0.47324746455484157 -0.12777681542980723
    outer loop
      vertex 25.10790479669997 385.83333333333337 -54.666666666666664
      vertex 25.232810398719618 386.0633808346356 -54.666666666666664
      vertex 25.232810398719618 359.0633808346356 45.333333333333336
    endloop
  endfacet
  facet normal 0.8965488483574133 -0.4276318645351929 -0.1154606034245021
    outer loop
      vertex 25.232810398719618 386.0633808346356 -54.666666666666664
      vertex 25.345505065990782 386.29965011795434 -54.666666666666664
      vertex 25.345505065990782 359.29965011795434 45.333333333333336
    endloop
  endfacet
  facet normal 0.9189870225541811 -0.3806568883867716 -0.10277735986442832
    outer loop
      vertex 25.345505065990782 386.29965011795434 -54.666666666666664
      vertex 25.445679910263788 386.5414935856069 -54.666666666666664
      vertex 25.445679910263788 359.5414935856069 45.333333333333336
    endloop
  endfacet
  facet normal 0.9388361064848212 -0.33245930186871286 -0.08976401150455246
    outer loop
      vertex 25.445679910263788 386.5414935856069 -54.666666666666664
      vertex 25.533060359253547 386.7882483614586 -54.666666666666664
      vertex 25.533060359253547 359.7882483614586 45.333333333333336
    endloop
  endfacet
  facet normal 0.9560129581752091 -0.2831839395700747 -0.07645966368392018
    outer loop
      vertex 25.533060359253547 386.7882483614586 -54.666666666666664
      vertex 25.60740690922312 387.0392381078208 -54.666666666666664
      vertex 25.60740690922312 360.0392381078208 45.333333333333336
    endloop
  endfacet
  facet normal 0.9704441350512727 -0.23298302369972185 -0.0629054163989249
    outer loop
      vertex 25.60740690922312 387.0392381078208 -54.666666666666664
      vertex 25.668515781446807 387.29377487924455 -54.666666666666664
      vertex 25.668515781446807 360.29377487924455 45.333333333333336
    endloop
  endfacet
  facet normal 0.982066837514126 -0.1820153297237727 -0.049144139025418636
    outer loop
      vertex 25.668515781446807 387.29377487924455 -54.666666666666664
      vertex 25.716219480753466 387.5511610081322 -54.666666666666664
      vertex 25.716219480753466 360.5511610081322 45.333333333333336
    endloop
  endfacet
  facet normal 0.99082974523764 -0.1304452106444181 -0.03522020687399289
    outer loop
      vertex 25.716219480753466 387.5511610081322 -54.666666666666664
      vertex 25.750387254619145 387.8106910169951 -54.666666666666664
      vertex 25.750387254619145 360.8106910169951 45.333333333333336
    endloop
  endfacet
  facet normal 0.9966937206877358 -0.07844149699949478 -0.021179204189863632
    outer loop
      vertex 25.750387254619145 387.8106910169951 -54.666666666666664
      vertex 25.770925451550646 388.0716535521187 -54.666666666666664
      vertex 25.770925451550646 361.0716535521186 45.333333333333336
    endloop
  endfacet
  facet normal 0.9996323577407563 -0.026176294517831197 -0.007067599519814423
    outer loop
      vertex 25.770925451550646 388.0716535521187 -54.666666666666664
      vertex 25.77777777777778 388.33333333333337 -54.666666666666664
      vertex 25.77777777777778 361.33333333333337 45.333333333333336
    endloop
  endfacet
  facet normal 1 0 0
    outer loop
      vertex 25.77777777777778 388.33333333333337 -54.666666666666664
      vertex 25.77777777777778 403.83333333333337 -42.666666666666664
      vertex 25.77777777777778 403.83333333333337 45.333333333333336
    endloop
  endfacet
  facet normal 0 0 1
    outer loop
      vertex 25.77777777777778 403.83333333333337 -42.666666666666664
      vertex 25.77777777777778 488.83333333333337 -42.666666666666664
      vertex 15.777777777777779 407.83333333333337 -42.666666666666664
    endloop
  endfacet
  facet normal 1 0 0
    outer loop
      vertex 25.77777777777778 388.33333333333337 -54.666666666666664
      vertex 25.77777777777778 504.33333333333337 -54.666666666666664
      vertex 25.77777777777778 403.83333333333337 -42.666666666666664
    endloop
  endfacet
  facet normal 0 1 0
    outer loop
      vertex 25.77777777777778 403.83333333333337 -42.666666666666664
      vertex 15.777777777777779 403.83333333333337 -42.666666666666664
      vertex 25.77777777777778 403.83333333333337 45.333333333333336
    endloop
  endfacet
  facet normal 0 0 1
    outer loop
      vertex 13.777777777777779 367.08333333333337 17.333333333333336
      vertex 14.000205591810289 367.08915781062643 17.333333333333336
      vertex 14.000205591810289 375.5775088560403 17.333333333333336
    endloop
  endfacet
  facet normal 0 0 1
    outer loop
      vertex 14.000205591810289 367.08915781062643 17.333333333333336
      vertex 14.222023746665304 367.10661527801824 17.333333333333336
      vertex 14.222023746665304 375.5600513886485 17.333333333333336
    endloop
  endfacet
  facet normal 0 0 1
    outer loop
      vertex 13.777777777777779 367.08333333333337 17.333333333333336
      vertex 14.000205591810289 375.5775088560403 17.333333333333336
      vertex 13.777777777777779 375.58333333333337 17.333333333333336
    endloop
  endfacet
  facet normal 0 0 1
    outer loop
      vertex 14.000205591810289 367.08915781062643 17.333333333333336
      vertex 14.222023746665304 375.5600513886485 17.333333333333336
      vertex 14.000205591810289 375.5775088560403 17.333333333333336
    endloop
  endfacet
  facet normal 0 0 1
    outer loop
      vertex 14.222023746665304 367.10661527801824 17.333333333333336
      vertex 14.442624254198758 367.13565788580405 17.333333333333336
      vertex 14.442624254198758 375.5310087808627 17.333333333333336
    endloop
  endfacet
  facet normal 0 0 1
    outer loop
      vertex 14.222023746665304 367.10661527801824 17.333333333333336
      vertex 14.442624254198758 375.5310087808627 17.333333333333336
      vertex 14.222023746665304 375.5600513886485 17.333333333333336
    endloop
  endfacet
  facet normal 0 0 1
    outer loop
      vertex 14.442624254198758 367.13565788580405 17.333333333333336
      vertex 14.661402463753255 375.49046063645204 17.333333333333336
      vertex 14.442624254198758 375.5310087808627 17.333333333333336
    endloop
  endfacet
  facet normal 0 0 1
    outer loop
      vertex 14.442624254198758 367.13565788580405 17.333333333333336
      vertex 14.661402463753255 367.1762060302147 17.333333333333336
      vertex 14.661402463753255 375.49046063645204 17.333333333333336
    endloop
  endfacet
  facet normal 0 0 1
    outer loop
      vertex 14.661402463753255 367.1762060302147 17.333333333333336
      vertex 14.87775871946349 367.22814857160483 17.333333333333336
      vertex 14.87775871946349 375.4385180950619 17.333333333333336
    endloop
  endfacet
  facet normal 0 0 1
    outer loop
      vertex 14.661402463753255 367.1762060302147 17.333333333333336
      vertex 14.87775871946349 375.4385180950619 17.333333333333336
      vertex 14.661402463753255 375.49046063645204 17.333333333333336
    endloop
  endfacet
  facet normal 0 0 1
    outer loop
      vertex 14.87775871946349 367.22814857160483 17.333333333333336
      vertex 15.091100003871304 367.29134313907895 17.333333333333336
      vertex 15.091100003871304 375.3753235275878 17.333333333333336
    endloop
  endfacet
  facet normal 0 0 1
    outer loop
      vertex 15.091100003871304 367.29134313907895 17.333333333333336
      vertex 15.300841563345305 367.36561652072027 17.333333333333336
      vertex 15.300841563345305 375.3010501459465 17.333333333333336
    endloop
  endfacet
  facet normal 0 0 1
    outer loop
      vertex 14.87775871946349 367.22814857160483 17.333333333333336
      vertex 15.091100003871304 375.3753235275878 17.333333333333336
      vertex 14.87775871946349 375.4385180950619 17.333333333333336
    endloop
  endfacet
  facet normal 0 0 1
    outer loop
      vertex 15.091100003871304 367.29134313907895 17.333333333333336
      vertex 15.300841563345305 375.3010501459465 17.333333333333336
      vertex 15.091100003871304 375.3753235275878 17.333333333333336
    endloop
  endfacet
  facet normal 0 0 1
    outer loop
      vertex 15.300841563345305 367.36561652072027 17.333333333333336
      vertex 15.50640851084993 367.4507651383523 17.333333333333336
      vertex 15.50640851084993 375.2159015283144 17.333333333333336
    endloop
  endfacet
  facet normal 0 0 1
    outer loop
      vertex 15.50640851084993 367.4507651383523 17.333333333333336
      vertex 15.707237401670852 367.54655560553283 17.333333333333336
      vertex 15.707237401670852 375.1201110611339 17.333333333333336
    endloop
  endfacet
  facet normal 0 0 1
    outer loop
      vertex 15.300841563345305 367.36561652072027 17.333333333333336
      vertex 15.50640851084993 375.2159015283144 17.333333333333336
      vertex 15.300841563345305 375.3010501459465 17.333333333333336
    endloop
  endfacet
  facet normal 0 0 1
    outer loop
      vertex 15.50640851084993 367.4507651383523 17.333333333333336
      vertex 15.707237401670852 375.1201110611339 17.333333333333336
      vertex 15.50640851084993 375.2159015283144 17.333333333333336
    endloop
  endfacet
  facet normal 0 0 1
    outer loop
      vertex 15.707237401670852 367.54655560553283 17.333333333333336
      vertex 15.902777777777779 367.6527253672495 17.333333333333336
      vertex 15.902777777777779 375.01394129941724 17.333333333333336
    endloop
  endfacet
  facet normal 0 0 1
    outer loop
      vertex 15.707237401670852 367.54655560553283 17.333333333333336
      vertex 15.902777777777779 375.01394129941724 17.333333333333336
      vertex 15.707237401670852 375.1201110611339 17.333333333333336
    endloop
  endfacet
  facet normal 0 0 1
    outer loop
      vertex 15.902777777777779 367.6527253672495 17.333333333333336
      vertex 16.092493676591644 374.89768324710144 17.333333333333336
      vertex 15.902777777777779 375.01394129941724 17.333333333333336
    endloop
  endfacet
  facet normal 0 0 1
    outer loop
      vertex 15.902777777777779 367.6527253672495 17.333333333333336
      vertex 16.092493676591644 367.7689834195653 17.333333333333336
      vertex 16.092493676591644 374.89768324710144 17.333333333333336
    endloop
  endfacet
  facet normal 0 0 1
    outer loop
      vertex 16.092493676591644 367.7689834195653 17.333333333333336
      vertex 16.275865100020788 367.89501110723984 17.333333333333336
      vertex 16.275865100020788 374.7716555594269 17.333333333333336
    endloop
  endfacet
  facet normal 0 0 1
    outer loop
      vertex 16.275865100020788 367.89501110723984 17.333333333333336
      vertex 16.452389439739587 368.0304629971412 17.333333333333336
      vertex 16.452389439739587 374.6362036695255 17.333333333333336
    endloop
  endfacet
  facet normal 0 0 1
    outer loop
      vertex 16.092493676591644 367.7689834195653 17.333333333333336
      vertex 16.275865100020788 374.7716555594269 17.333333333333336
      vertex 16.092493676591644 374.89768324710144 17.333333333333336
    endloop
  endfacet
  facet normal 0 0 1
    outer loop
      vertex 16.275865100020788 367.89501110723984 17.333333333333336
      vertex 16.452389439739587 374.6362036695255 17.333333333333336
      vertex 16.275865100020788 374.7716555594269 17.333333333333336
    endloop
  endfacet
  facet normal 0 0 1
    outer loop
      vertex 16.452389439739587 368.0304629971412 17.333333333333336
      vertex 16.621582854802927 368.17496782505447 17.333333333333336
      vertex 16.621582854802927 374.4916988416123 17.333333333333336
    endloop
  endfacet
  facet normal 0 0 1
    outer loop
      vertex 16.621582854802927 368.17496782505447 17.333333333333336
      vertex 16.782981597820605 368.32812951329055 17.333333333333336
      vertex 16.782981597820605 374.3385371533762 17.333333333333336
    endloop
  endfacet
  facet normal 0 0 1
    outer loop
      vertex 16.452389439739587 368.0304629971412 17.333333333333336
      vertex 16.621582854802927 374.4916988416123 17.333333333333336
      vertex 16.452389439739587 374.6362036695255 17.333333333333336
    endloop
  endfacet
  facet normal 0 0 1
    outer loop
      vertex 16.621582854802927 368.17496782505447 17.333333333333336
      vertex 16.782981597820605 374.3385371533762 17.333333333333336
      vertex 16.621582854802927 374.4916988416123 17.333333333333336
    endloop
  endfacet
  facet normal -0.026176948307871657 0.9996573249755573 0
    outer loop
      vertex 13.777777777777779 392.08333333333337 -17.666666666666664
      vertex 13.777777777777779 392.08333333333337 45.333333333333336
      vertex 14.000205591810289 392.08915781062643 -17.666666666666664
    endloop
  endfacet
  facet normal -0.07845909572797946 0.9969173337331173 0
    outer loop
      vertex 14.000205591810289 392.08915781062643 -17.666666666666664
      vertex 14.000205591810289 392.08915781062643 45.333333333333336
      vertex 14.222023746665304 392.10661527801824 -17.666666666666664
    endloop
  endfacet
  facet normal -0.13052619221998554 0.9914448613738192 0
    outer loop
      vertex 14.222023746665304 392.10661527801824 -17.666666666666664
      vertex 14.222023746665304 392.10661527801824 45.333333333333336
      vertex 14.442624254198758 392.13565788580405 -17.666666666666664
    endloop
  endfacet
  facet normal -0.182235525492097 0.9832549075639639 0
    outer loop
      vertex 14.442624254198758 392.13565788580405 -17.666666666666664
      vertex 14.442624254198758 392.13565788580405 45.333333333333336
      vertex 14.661402463753255 392.1762060302147 -17.666666666666664
    endloop
  endfacet
  facet normal -0.026176948307871657 -0.9996573249755573 0
    outer loop
      vertex 13.777777777777779 400.58333333333337 -17.666666666666664
      vertex 14.000205591810289 400.5775088560403 -17.666666666666664
      vertex 14.000205591810289 400.5775088560403 45.333333333333336
    endloop
  endfacet
  facet normal -0.07845909572797946 -0.9969173337331173 0
    outer loop
      vertex 14.000205591810289 400.5775088560403 -17.666666666666664
      vertex 14.222023746665304 400.5600513886485 -17.666666666666664
      vertex 14.222023746665304 400.5600513886485 45.333333333333336
    endloop
  endfacet
  facet normal -0.13052619221998554 -0.9914448613738192 0
    outer loop
      vertex 14.222023746665304 400.5600513886485 -17.666666666666664
      vertex 14.442624254198758 400.5310087808627 -17.666666666666664
      vertex 14.442624254198758 400.5310087808627 45.333333333333336
    endloop
  endfacet
  facet normal -0.23344536385590425 0.9723699203976769 0
    outer loop
      vertex 14.661402463753255 392.1762060302147 -17.666666666666664
      vertex 14.661402463753255 392.1762060302147 45.333333333333336
      vertex 14.87775871946349 392.22814857160483 -17.666666666666664
    endloop
  endfacet
  facet normal -0.28401534470382084 0.9588197348682231 0
    outer loop
      vertex 14.87775871946349 392.22814857160483 -17.666666666666664
      vertex 14.87775871946349 392.22814857160483 45.333333333333336
      vertex 15.091100003871304 392.29134313907895 -17.666666666666664
    endloop
  endfacet
  facet normal -0.3338068592338653 0.942641491092145 0
    outer loop
      vertex 15.091100003871304 392.29134313907895 -17.666666666666664
      vertex 15.091100003871304 392.29134313907895 45.333333333333336
      vertex 15.300841563345305 392.36561652072027 -17.666666666666664
    endloop
  endfacet
  facet normal -0.182235525492097 -0.9832549075639639 0
    outer loop
      vertex 14.442624254198758 400.5310087808627 -17.666666666666664
      vertex 14.661402463753255 400.49046063645204 -17.666666666666664
      vertex 14.661402463753255 400.49046063645204 45.333333333333336
    endloop
  endfacet
  facet normal -0.23344536385590425 -0.9723699203976769 0
    outer loop
      vertex 14.661402463753255 400.49046063645204 -17.666666666666664
      vertex 14.87775871946349 400.4385180950619 -17.666666666666664
      vertex 14.87775871946349 400.4385180950619 45.333333333333336
    endloop
  endfacet
  facet normal -0.28401534470382084 -0.9588197348682231 0
    outer loop
      vertex 14.87775871946349 400.4385180950619 -17.666666666666664
      vertex 15.091100003871304 400.3753235275878 -17.666666666666664
      vertex 15.091100003871304 400.3753235275878 45.333333333333336
    endloop
  endfacet
  facet normal -0.3338068592338653 -0.942641491092145 0
    outer loop
      vertex 15.091100003871304 400.3753235275878 -17.666666666666664
      vertex 15.300841563345305 400.3010501459465 -17.666666666666664
      vertex 15.300841563345305 400.3010501459465 45.333333333333336
    endloop
  endfacet
  facet normal -0.3826834323651048 0.9238795325112805 0
    outer loop
      vertex 15.300841563345305 392.36561652072027 -17.666666666666664
      vertex 15.300841563345305 392.36561652072027 45.333333333333336
      vertex 15.50640851084993 392.4507651383523 -17.666666666666664
    endloop
  endfacet
  facet normal -0.43051109680835614 0.9025852843498314 0
    outer loop
      vertex 15.50640851084993 392.4507651383523 -17.666666666666664
      vertex 15.50640851084993 392.4507651383523 45.333333333333336
      vertex 15.707237401670852 392.54655560553283 -17.666666666666664
    endloop
  endfacet
  facet normal -0.477158760259512 0.8788171126620178 0
    outer loop
      vertex 15.707237401670852 392.54655560553283 -17.666666666666664
      vertex 15.707237401670852 392.54655560553283 45.333333333333336
      vertex 15.902777777777779 392.6527253672495 -17.666666666666664
    endloop
  endfacet
  facet normal -0.5224985647159078 0.8526401643541175 0
    outer loop
      vertex 15.902777777777779 392.6527253672495 -17.666666666666664
      vertex 15.902777777777779 392.6527253672495 45.333333333333336
      vertex 16.092493676591644 392.7689834195653 -17.666666666666664
    endloop
  endfacet
  facet normal -0.3826834323651048 -0.9238795325112805 0
    outer loop
      vertex 15.300841563345305 400.3010501459465 -17.666666666666664
      vertex 15.50640851084993 400.2159015283144 -17.666666666666664
      vertex 15.50640851084993 400.2159015283144 45.333333333333336
    endloop
  endfacet
  facet normal -0.43051109680835614 -0.9025852843498314 0
    outer loop
      vertex 15.50640851084993 400.2159015283144 -17.666666666666664
      vertex 15.707237401670852 400.1201110611339 -17.666666666666664
      vertex 15.707237401670852 400.1201110611339 45.333333333333336
    endloop
  endfacet
  facet normal -0.477158760259512 -0.8788171126620178 0
    outer loop
      vertex 15.707237401670852 400.1201110611339 -17.666666666666664
      vertex 15.902777777777779 400.01394129941724 -17.666666666666664
      vertex 15.902777777777779 400.01394129941724 45.333333333333336
    endloop
  endfacet
  facet normal -0.5664062369248709 0.8241261886219894 0
    outer loop
      vertex 16.092493676591644 392.7689834195653 -17.666666666666664
      vertex 16.092493676591644 392.7689834195653 45.333333333333336
      vertex 16.275865100020788 392.89501110723984 -17.666666666666664
    endloop
  endfacet
  facet normal -0.6087614290086882 0.79335334029126 0
    outer loop
      vertex 16.275865100020788 392.89501110723984 -17.666666666666664
      vertex 16.275865100020788 392.89501110723984 45.333333333333336
      vertex 16.452389439739587 393.0304629971412 -17.666666666666664
    endloop
  endfacet
  facet normal -0.6494480483302763 0.7604059655999519 0
    outer loop
      vertex 16.452389439739587 393.0304629971412 -17.666666666666664
      vertex 16.452389439739587 393.0304629971412 45.333333333333336
      vertex 16.621582854802927 393.17496782505447 -17.666666666666664
    endloop
  endfacet
  facet normal -0.6883545756937195 0.7253743710123204 0
    outer loop
      vertex 16.621582854802927 393.17496782505447 -17.666666666666664
      vertex 16.621582854802927 393.17496782505447 45.333333333333336
      vertex 16.782981597820605 393.32812951329055 -17.666666666666664
    endloop
  endfacet
  facet normal -0.5664062369248709 -0.8241261886219894 0
    outer loop
      vertex 16.092493676591644 399.89768324710144 -17.666666666666664
      vertex 16.275865100020788 399.7716555594269 -17.666666666666664
      vertex 16.275865100020788 399.7716555594269 45.333333333333336
    endloop
  endfacet
  facet normal -0.5224985647159078 -0.8526401643541175 0
    outer loop
      vertex 15.902777777777779 400.01394129941724 -17.666666666666664
      vertex 16.092493676591644 399.89768324710144 -17.666666666666664
      vertex 16.092493676591644 399.89768324710144 45.333333333333336
    endloop
  endfacet
  facet normal -0.6087614290086882 -0.79335334029126 0
    outer loop
      vertex 16.275865100020788 399.7716555594269 -17.666666666666664
      vertex 16.452389439739587 399.6362036695255 -17.666666666666664
      vertex 16.452389439739587 399.6362036695255 45.333333333333336
    endloop
  endfacet
  facet normal -0.6494480483302763 -0.7604059655999519 0
    outer loop
      vertex 16.452389439739587 399.6362036695255 -17.666666666666664
      vertex 16.621582854802927 399.4916988416123 -17.666666666666664
      vertex 16.621582854802927 399.4916988416123 45.333333333333336
    endloop
  endfacet
  facet normal -0.6883545756937195 -0.7253743710123204 0
    outer loop
      vertex 16.621582854802927 399.4916988416123 -17.666666666666664
      vertex 16.782981597820605 399.3385371533762 -17.666666666666664
      vertex 16.782981597820605 399.3385371533762 45.333333333333336
    endloop
  endfacet
  facet normal 0 0 1
    outer loop
      vertex 16.782981597820605 368.32812951329055 17.333333333333336
      vertex 16.936143286056705 368.48952825630823 17.333333333333336
      vertex 16.936143286056705 374.1771384103585 17.333333333333336
    endloop
  endfacet
  facet normal 0 0 1
    outer loop
      vertex 16.936143286056705 368.48952825630823 17.333333333333336
      vertex 17.080648113969904 368.65872167137155 17.333333333333336
      vertex 17.080648113969904 374.0079449952952 17.333333333333336
    endloop
  endfacet
  facet normal 0 0 1
    outer loop
      vertex 16.782981597820605 368.32812951329055 17.333333333333336
      vertex 16.936143286056705 374.1771384103585 17.333333333333336
      vertex 16.782981597820605 374.3385371533762 17.333333333333336
    endloop
  endfacet
  facet normal 0 0 1
    outer loop
      vertex 16.936143286056705 368.48952825630823 17.333333333333336
      vertex 17.080648113969904 374.0079449952952 17.333333333333336
      vertex 16.936143286056705 374.1771384103585 17.333333333333336
    endloop
  endfacet
  facet normal 0 0 1
    outer loop
      vertex 17.080648113969904 368.65872167137155 17.333333333333336
      vertex 17.216100003871304 373.8314206555764 17.333333333333336
      vertex 17.080648113969904 374.0079449952952 17.333333333333336
    endloop
  endfacet
  facet normal 0 0 1
    outer loop
      vertex 17.080648113969904 368.65872167137155 17.333333333333336
      vertex 17.216100003871304 368.83524601109036 17.333333333333336
      vertex 17.216100003871304 373.8314206555764 17.333333333333336
    endloop
  endfacet
  facet normal 0 0 1
    outer loop
      vertex 17.216100003871304 368.83524601109036 17.333333333333336
      vertex 17.34212769154583 369.0186174345195 17.333333333333336
      vertex 17.34212769154583 373.64804923214723 17.333333333333336
    endloop
  endfacet
  facet normal 0 0 1
    outer loop
      vertex 17.216100003871304 368.83524601109036 17.333333333333336
      vertex 17.34212769154583 373.64804923214723 17.333333333333336
      vertex 17.216100003871304 373.8314206555764 17.333333333333336
    endloop
  endfacet
  facet normal 0 0 1
    outer loop
      vertex 17.34212769154583 369.0186174345195 17.333333333333336
      vertex 17.45838574386164 369.20833333333337 17.333333333333336
      vertex 17.45838574386164 373.45833333333337 17.333333333333336
    endloop
  endfacet
  facet normal 0 0 1
    outer loop
      vertex 17.34212769154583 369.0186174345195 17.333333333333336
      vertex 17.45838574386164 373.45833333333337 17.333333333333336
      vertex 17.34212769154583 373.64804923214723 17.333333333333336
    endloop
  endfacet
  facet normal 0 0 1
    outer loop
      vertex 17.45838574386164 369.20833333333337 17.333333333333336
      vertex 17.56455550557834 373.26279295722645 17.333333333333336
      vertex 17.45838574386164 373.45833333333337 17.333333333333336
    endloop
  endfacet
  facet normal 0 0 1
    outer loop
      vertex 17.45838574386164 369.20833333333337 17.333333333333336
      vertex 17.56455550557834 369.4038737094403 17.333333333333336
      vertex 17.56455550557834 373.26279295722645 17.333333333333336
    endloop
  endfacet
  facet normal 0 0 1
    outer loop
      vertex 17.56455550557834 369.4038737094403 17.333333333333336
      vertex 17.660345972758833 369.60470260026125 17.333333333333336
      vertex 17.660345972758833 373.0619640664055 17.333333333333336
    endloop
  endfacet
  facet normal 0 0 1
    outer loop
      vertex 17.56455550557834 369.4038737094403 17.333333333333336
      vertex 17.660345972758833 373.0619640664055 17.333333333333336
      vertex 17.56455550557834 373.26279295722645 17.333333333333336
    endloop
  endfacet
  facet normal 0 0 1
    outer loop
      vertex 17.660345972758833 369.60470260026125 17.333333333333336
      vertex 17.745494590390884 372.8563971189009 17.333333333333336
      vertex 17.660345972758833 373.0619640664055 17.333333333333336
    endloop
  endfacet
  facet normal 0 0 1
    outer loop
      vertex 17.660345972758833 369.60470260026125 17.333333333333336
      vertex 17.745494590390884 369.81026954776587 17.333333333333336
      vertex 17.745494590390884 372.8563971189009 17.333333333333336
    endloop
  endfacet
  facet normal 0 0 1
    outer loop
      vertex 17.745494590390884 369.81026954776587 17.333333333333336
      vertex 17.81976797203218 370.02001110723984 17.333333333333336
      vertex 17.81976797203218 372.6466555594269 17.333333333333336
    endloop
  endfacet
  facet normal 0 0 1
    outer loop
      vertex 17.745494590390884 369.81026954776587 17.333333333333336
      vertex 17.81976797203218 372.6466555594269 17.333333333333336
      vertex 17.745494590390884 372.8563971189009 17.333333333333336
    endloop
  endfacet
  facet normal 0 0 1
    outer loop
      vertex 17.81976797203218 370.02001110723984 17.333333333333336
      vertex 17.88296253950632 370.23335239164766 17.333333333333336
      vertex 17.88296253950632 372.4333142750191 17.333333333333336
    endloop
  endfacet
  facet normal 0 0 1
    outer loop
      vertex 17.81976797203218 370.02001110723984 17.333333333333336
      vertex 17.88296253950632 372.4333142750191 17.333333333333336
      vertex 17.81976797203218 372.6466555594269 17.333333333333336
    endloop
  endfacet
  facet normal 0 0 1
    outer loop
      vertex 17.88296253950632 370.23335239164766 17.333333333333336
      vertex 17.934905080896453 372.21695801930883 17.333333333333336
      vertex 17.88296253950632 372.4333142750191 17.333333333333336
    endloop
  endfacet
  facet normal 0 0 1
    outer loop
      vertex 17.88296253950632 370.23335239164766 17.333333333333336
      vertex 17.934905080896453 370.4497086473579 17.333333333333336
      vertex 17.934905080896453 372.21695801930883 17.333333333333336
    endloop
  endfacet
  facet normal 0 0 1
    outer loop
      vertex 17.934905080896453 370.4497086473579 17.333333333333336
      vertex 17.975453225307113 370.6684868569124 17.333333333333336
      vertex 17.975453225307113 371.99817980975433 17.333333333333336
    endloop
  endfacet
  facet normal 0 0 1
    outer loop
      vertex 17.934905080896453 370.4497086473579 17.333333333333336
      vertex 17.975453225307113 371.99817980975433 17.333333333333336
      vertex 17.934905080896453 372.21695801930883 17.333333333333336
    endloop
  endfacet
  facet normal 0 0 1
    outer loop
      vertex 17.975453225307113 370.6684868569124 17.333333333333336
      vertex 18.00449583309294 370.88908736444586 17.333333333333336
      vertex 18.00449583309294 371.7775793022209 17.333333333333336
    endloop
  endfacet
  facet normal 0 0 1
    outer loop
      vertex 17.975453225307113 370.6684868569124 17.333333333333336
      vertex 18.00449583309294 371.7775793022209 17.333333333333336
      vertex 17.975453225307113 371.99817980975433 17.333333333333336
    endloop
  endfacet
  facet normal 0 0 1
    outer loop
      vertex 18.00449583309294 370.88908736444586 17.333333333333336
      vertex 18.021953300484718 371.11090551930084 17.333333333333336
      vertex 18.021953300484718 371.5557611473659 17.333333333333336
    endloop
  endfacet
  facet normal 0 0 1
    outer loop
      vertex 18.00449583309294 370.88908736444586 17.333333333333336
      vertex 18.021953300484718 371.5557611473659 17.333333333333336
      vertex 18.00449583309294 371.7775793022209 17.333333333333336
    endloop
  endfacet
  facet normal 0 0 1
    outer loop
      vertex 18.021953300484718 371.11090551930084 17.333333333333336
      vertex 18.02777777777778 371.33333333333337 17.333333333333336
      vertex 18.021953300484718 371.5557611473659 17.333333333333336
    endloop
  endfacet
  facet normal -0.7253743710122956 0.6883545756937456 0
    outer loop
      vertex 16.782981597820605 393.32812951329055 -17.666666666666664
      vertex 16.782981597820605 393.32812951329055 45.333333333333336
      vertex 16.936143286056705 393.48952825630823 -17.666666666666664
    endloop
  endfacet
  facet normal -0.7604059655999982 0.649448048330222 0
    outer loop
      vertex 16.936143286056705 393.48952825630823 -17.666666666666664
      vertex 16.936143286056705 393.48952825630823 45.333333333333336
      vertex 17.080648113969904 393.65872167137155 -17.666666666666664
    endloop
  endfacet
  facet normal -0.7933533402912547 0.6087614290086953 0
    outer loop
      vertex 17.080648113969904 393.65872167137155 -17.666666666666664
      vertex 17.080648113969904 393.65872167137155 45.333333333333336
      vertex 17.216100003871304 393.83524601109036 -17.666666666666664
    endloop
  endfacet
  facet normal -0.824126188622022 0.5664062369248235 0
    outer loop
      vertex 17.216100003871304 393.83524601109036 -17.666666666666664
      vertex 17.216100003871304 393.83524601109036 45.333333333333336
      vertex 17.34212769154583 394.0186174345195 -17.666666666666664
    endloop
  endfacet
  facet normal -0.8526401643540873 0.5224985647159568 0
    outer loop
      vertex 17.34212769154583 394.0186174345195 -17.666666666666664
      vertex 17.34212769154583 394.0186174345195 45.333333333333336
      vertex 17.45838574386164 394.20833333333337 -17.666666666666664
    endloop
  endfacet
  facet normal -0.8788171126619568 0.477158760259624 0
    outer loop
      vertex 17.45838574386164 394.20833333333337 -17.666666666666664
      vertex 17.45838574386164 394.20833333333337 45.333333333333336
      vertex 17.56455550557834 394.4038737094403 -17.666666666666664
    endloop
  endfacet
  facet normal -0.7253743710122956 -0.6883545756937456 0
    outer loop
      vertex 16.782981597820605 399.3385371533762 -17.666666666666664
      vertex 16.936143286056705 399.1771384103585 -17.666666666666664
      vertex 16.936143286056705 399.1771384103585 45.333333333333336
    endloop
  endfacet
  facet normal -0.7604059655999982 -0.649448048330222 0
    outer loop
      vertex 16.936143286056705 399.1771384103585 -17.666666666666664
      vertex 17.080648113969904 399.0079449952952 -17.666666666666664
      vertex 17.080648113969904 399.0079449952952 45.333333333333336
    endloop
  endfacet
  facet normal -0.7933533402912547 -0.6087614290086953 0
    outer loop
      vertex 17.080648113969904 399.0079449952952 -17.666666666666664
      vertex 17.216100003871304 398.8314206555764 -17.666666666666664
      vertex 17.216100003871304 398.8314206555764 45.333333333333336
    endloop
  endfacet
  facet normal -0.824126188622022 -0.5664062369248235 0
    outer loop
      vertex 17.216100003871304 398.8314206555764 -17.666666666666664
      vertex 17.34212769154583 398.64804923214723 -17.666666666666664
      vertex 17.34212769154583 398.64804923214723 45.333333333333336
    endloop
  endfacet
  facet normal -0.8526401643540873 -0.5224985647159568 0
    outer loop
      vertex 17.45838574386164 398.45833333333337 -17.666666666666664
      vertex 17.45838574386164 398.45833333333337 45.333333333333336
      vertex 17.34212769154583 398.64804923214723 -17.666666666666664
    endloop
  endfacet
  facet normal -0.9025852843498859 0.43051109680824207 0
    outer loop
      vertex 17.56455550557834 394.4038737094403 -17.666666666666664
      vertex 17.56455550557834 394.4038737094403 45.333333333333336
      vertex 17.660345972758833 394.60470260026125 -17.666666666666664
    endloop
  endfacet
  facet normal -0.9238795325112895 0.38268343236508323 0
    outer loop
      vertex 17.660345972758833 394.60470260026125 -17.666666666666664
      vertex 17.660345972758833 394.60470260026125 45.333333333333336
      vertex 17.745494590390884 394.81026954776587 -17.666666666666664
    endloop
  endfacet
  facet normal -0.9426414910921591 0.3338068592338254 0
    outer loop
      vertex 17.745494590390884 394.81026954776587 -17.666666666666664
      vertex 17.745494590390884 394.81026954776587 45.333333333333336
      vertex 17.81976797203218 395.02001110723984 -17.666666666666664
    endloop
  endfacet
  facet normal -0.958819734868194 0.28401534470391926 0
    outer loop
      vertex 17.81976797203218 395.02001110723984 -17.666666666666664
      vertex 17.81976797203218 395.02001110723984 45.333333333333336
      vertex 17.88296253950632 395.23335239164766 -17.666666666666664
    endloop
  endfacet
  facet normal -0.9723699203976812 0.23344536385588613 0
    outer loop
      vertex 17.88296253950632 395.23335239164766 -17.666666666666664
      vertex 17.88296253950632 395.23335239164766 45.333333333333336
      vertex 17.934905080896453 395.4497086473579 -17.666666666666664
    endloop
  endfacet
  facet normal -0.9832549075639558 0.18223552549214045 0
    outer loop
      vertex 17.934905080896453 395.4497086473579 -17.666666666666664
      vertex 17.934905080896453 395.4497086473579 45.333333333333336
      vertex 17.975453225307113 395.6684868569124 -17.666666666666664
    endloop
  endfacet
  facet normal -0.8788171126619568 -0.477158760259624 0
    outer loop
      vertex 17.45838574386164 398.45833333333337 -17.666666666666664
      vertex 17.56455550557834 398.26279295722645 -17.666666666666664
      vertex 17.56455550557834 398.26279295722645 45.333333333333336
    endloop
  endfacet
  facet normal -0.9025852843498859 -0.43051109680824207 0
    outer loop
      vertex 17.56455550557834 398.26279295722645 -17.666666666666664
      vertex 17.660345972758833 398.0619640664055 -17.666666666666664
      vertex 17.660345972758833 398.0619640664055 45.333333333333336
    endloop
  endfacet
  facet normal -0.9426414910921591 -0.3338068592338254 0
    outer loop
      vertex 17.745494590390884 397.8563971189009 -17.666666666666664
      vertex 17.81976797203218 397.6466555594269 -17.666666666666664
      vertex 17.81976797203218 397.6466555594269 45.333333333333336
    endloop
  endfacet
  facet normal -0.9238795325112895 -0.38268343236508323 0
    outer loop
      vertex 17.660345972758833 398.0619640664055 -17.666666666666664
      vertex 17.745494590390884 397.8563971189009 -17.666666666666664
      vertex 17.745494590390884 397.8563971189009 45.333333333333336
    endloop
  endfacet
  facet normal -0.958819734868194 -0.28401534470391926 0
    outer loop
      vertex 17.81976797203218 397.6466555594269 -17.666666666666664
      vertex 17.88296253950632 397.4333142750191 -17.666666666666664
      vertex 17.88296253950632 397.4333142750191 45.333333333333336
    endloop
  endfacet
  facet normal -0.9914448613738103 0.13052619222005246 0
    outer loop
      vertex 17.975453225307113 395.6684868569124 -17.666666666666664
      vertex 17.975453225307113 395.6684868569124 45.333333333333336
      vertex 18.00449583309294 395.88908736444586 -17.666666666666664
    endloop
  endfacet
  facet normal -0.9832549075639558 -0.18223552549214045 0
    outer loop
      vertex 17.975453225307113 396.99817980975433 -17.666666666666664
      vertex 17.975453225307113 396.99817980975433 45.333333333333336
      vertex 17.934905080896453 397.21695801930883 -17.666666666666664
    endloop
  endfacet
  facet normal -0.9914448613738103 -0.13052619222005246 0
    outer loop
      vertex 17.975453225307113 396.99817980975433 -17.666666666666664
      vertex 18.00449583309294 396.7775793022209 -17.666666666666664
      vertex 18.00449583309294 396.7775793022209 45.333333333333336
    endloop
  endfacet
  facet normal -0.9969173337331266 0.07845909572786251 0
    outer loop
      vertex 18.00449583309294 395.88908736444586 -17.666666666666664
      vertex 18.00449583309294 395.88908736444586 45.333333333333336
      vertex 18.021953300484718 396.11090551930084 -17.666666666666664
    endloop
  endfacet
  facet normal -0.9996573249755575 0.026176948307869572 0
    outer loop
      vertex 18.021953300484718 396.11090551930084 -17.666666666666664
      vertex 18.021953300484718 396.11090551930084 45.333333333333336
      vertex 18.02777777777778 396.33333333333337 -17.666666666666664
    endloop
  endfacet
  facet normal -0.9996573249755575 -0.026176948307869572 0
    outer loop
      vertex 18.02777777777778 396.33333333333337 -17.666666666666664
      vertex 18.02777777777778 396.33333333333337 45.333333333333336
      vertex 18.021953300484718 396.5557611473659 -17.666666666666664
    endloop
  endfacet
  facet normal -0.9969173337331266 -0.07845909572786251 0
    outer loop
      vertex 18.021953300484718 396.5557611473659 -17.666666666666664
      vertex 18.021953300484718 396.5557611473659 45.333333333333336
      vertex 18.00449583309294 396.7775793022209 -17.666666666666664
    endloop
  endfacet
  facet normal -0.9723699203976812 -0.23344536385588613 0
    outer loop
      vertex 17.88296253950632 397.4333142750191 -17.666666666666664
      vertex 17.934905080896453 397.21695801930883 -17.666666666666664
      vertex 17.934905080896453 397.21695801930883 45.333333333333336
    endloop
  endfacet
  facet normal -0.026176948307871657 0.9996573249755573 0
    outer loop
      vertex 13.777777777777779 367.08333333333337 17.333333333333336
      vertex 13.777777777777779 367.08333333333337 45.333333333333336
      vertex 14.000205591810289 367.08915781062643 17.333333333333336
    endloop
  endfacet
  facet normal -0.07845909572797946 0.9969173337331174 0
    outer loop
      vertex 14.000205591810289 367.08915781062643 17.333333333333336
      vertex 14.000205591810289 367.08915781062643 45.333333333333336
      vertex 14.222023746665304 367.10661527801824 17.333333333333336
    endloop
  endfacet
  facet normal -0.13052619221998554 0.9914448613738192 0
    outer loop
      vertex 14.222023746665304 367.10661527801824 17.333333333333336
      vertex 14.222023746665304 367.10661527801824 45.333333333333336
      vertex 14.442624254198758 367.13565788580405 17.333333333333336
    endloop
  endfacet
  facet normal -0.18223552549209698 0.9832549075639638 0
    outer loop
      vertex 14.442624254198758 367.13565788580405 17.333333333333336
      vertex 14.442624254198758 367.13565788580405 45.333333333333336
      vertex 14.661402463753255 367.1762060302147 17.333333333333336
    endloop
  endfacet
  facet normal -0.23344536385590425 0.9723699203976769 0
    outer loop
      vertex 14.661402463753255 367.1762060302147 17.333333333333336
      vertex 14.661402463753255 367.1762060302147 45.333333333333336
      vertex 14.87775871946349 367.22814857160483 17.333333333333336
    endloop
  endfacet
  facet normal -0.2840153447038208 0.9588197348682231 0
    outer loop
      vertex 14.87775871946349 367.22814857160483 17.333333333333336
      vertex 14.87775871946349 367.22814857160483 45.333333333333336
      vertex 15.091100003871304 367.29134313907895 17.333333333333336
    endloop
  endfacet
  facet normal -0.3338068592338653 0.942641491092145 0
    outer loop
      vertex 15.091100003871304 367.29134313907895 17.333333333333336
      vertex 15.091100003871304 367.29134313907895 45.333333333333336
      vertex 15.300841563345305 367.36561652072027 17.333333333333336
    endloop
  endfacet
  facet normal -0.026176948307871657 -0.9996573249755573 0
    outer loop
      vertex 13.777777777777779 375.58333333333337 17.333333333333336
      vertex 14.000205591810289 375.5775088560403 17.333333333333336
      vertex 14.000205591810289 375.5775088560403 45.333333333333336
    endloop
  endfacet
  facet normal -0.07845909572797946 -0.9969173337331174 0
    outer loop
      vertex 14.000205591810289 375.5775088560403 17.333333333333336
      vertex 14.222023746665304 375.5600513886485 17.333333333333336
      vertex 14.222023746665304 375.5600513886485 45.333333333333336
    endloop
  endfacet
  facet normal -0.13052619221998554 -0.9914448613738192 0
    outer loop
      vertex 14.222023746665304 375.5600513886485 17.333333333333336
      vertex 14.442624254198758 375.5310087808627 17.333333333333336
      vertex 14.442624254198758 375.5310087808627 45.333333333333336
    endloop
  endfacet
  facet normal -0.18223552549209698 -0.9832549075639638 0
    outer loop
      vertex 14.442624254198758 375.5310087808627 17.333333333333336
      vertex 14.661402463753255 375.49046063645204 17.333333333333336
      vertex 14.661402463753255 375.49046063645204 45.333333333333336
    endloop
  endfacet
  facet normal -0.23344536385590425 -0.9723699203976769 0
    outer loop
      vertex 14.661402463753255 375.49046063645204 17.333333333333336
      vertex 14.87775871946349 375.4385180950619 17.333333333333336
      vertex 14.87775871946349 375.4385180950619 45.333333333333336
    endloop
  endfacet
  facet normal -0.2840153447038208 -0.9588197348682231 0
    outer loop
      vertex 14.87775871946349 375.4385180950619 17.333333333333336
      vertex 15.091100003871304 375.3753235275878 17.333333333333336
      vertex 15.091100003871304 375.3753235275878 45.333333333333336
    endloop
  endfacet
  facet normal -0.3338068592338653 -0.942641491092145 0
    outer loop
      vertex 15.091100003871304 375.3753235275878 17.333333333333336
      vertex 15.300841563345305 375.3010501459465 17.333333333333336
      vertex 15.300841563345305 375.3010501459465 45.333333333333336
    endloop
  endfacet
  facet normal -0.3826834323651048 0.9238795325112805 0
    outer loop
      vertex 15.300841563345305 367.36561652072027 17.333333333333336
      vertex 15.300841563345305 367.36561652072027 45.333333333333336
      vertex 15.50640851084993 367.4507651383523 17.333333333333336
    endloop
  endfacet
  facet normal -0.43051109680835614 0.9025852843498314 0
    outer loop
      vertex 15.50640851084993 367.4507651383523 17.333333333333336
      vertex 15.50640851084993 367.4507651383523 45.333333333333336
      vertex 15.707237401670852 367.54655560553283 17.333333333333336
    endloop
  endfacet
  facet normal -0.477158760259512 0.8788171126620178 0
    outer loop
      vertex 15.707237401670852 367.54655560553283 17.333333333333336
      vertex 15.707237401670852 367.54655560553283 45.333333333333336
      vertex 15.902777777777779 367.6527253672495 17.333333333333336
    endloop
  endfacet
  facet normal -0.5224985647159078 0.8526401643541175 0
    outer loop
      vertex 15.902777777777779 367.6527253672495 17.333333333333336
      vertex 15.902777777777779 367.6527253672495 45.333333333333336
      vertex 16.092493676591644 367.7689834195653 17.333333333333336
    endloop
  endfacet
  facet normal -0.3826834323651048 -0.9238795325112805 0
    outer loop
      vertex 15.300841563345305 375.3010501459465 17.333333333333336
      vertex 15.50640851084993 375.2159015283144 17.333333333333336
      vertex 15.50640851084993 375.2159015283144 45.333333333333336
    endloop
  endfacet
  facet normal -0.43051109680835614 -0.9025852843498314 0
    outer loop
      vertex 15.50640851084993 375.2159015283144 17.333333333333336
      vertex 15.707237401670852 375.1201110611339 17.333333333333336
      vertex 15.707237401670852 375.1201110611339 45.333333333333336
    endloop
  endfacet
  facet normal -0.477158760259512 -0.8788171126620178 0
    outer loop
      vertex 15.707237401670852 375.1201110611339 17.333333333333336
      vertex 15.902777777777779 375.01394129941724 17.333333333333336
      vertex 15.902777777777779 375.01394129941724 45.333333333333336
    endloop
  endfacet
  facet normal -0.5664062369248709 0.8241261886219894 0
    outer loop
      vertex 16.092493676591644 367.7689834195653 17.333333333333336
      vertex 16.092493676591644 367.7689834195653 45.333333333333336
      vertex 16.275865100020788 367.89501110723984 17.333333333333336
    endloop
  endfacet
  facet normal -0.6087614290086882 0.79335334029126 0
    outer loop
      vertex 16.275865100020788 367.89501110723984 17.333333333333336
      vertex 16.275865100020788 367.89501110723984 45.333333333333336
      vertex 16.452389439739587 368.0304629971412 17.333333333333336
    endloop
  endfacet
  facet normal -0.6494480483302761 0.7604059655999518 0
    outer loop
      vertex 16.452389439739587 368.0304629971412 17.333333333333336
      vertex 16.452389439739587 368.0304629971412 45.333333333333336
      vertex 16.621582854802927 368.17496782505447 17.333333333333336
    endloop
  endfacet
  facet normal -0.6883545756937195 0.7253743710123204 0
    outer loop
      vertex 16.621582854802927 368.17496782505447 17.333333333333336
      vertex 16.621582854802927 368.17496782505447 45.333333333333336
      vertex 16.782981597820605 368.32812951329055 17.333333333333336
    endloop
  endfacet
  facet normal -0.5224985647159078 -0.8526401643541175 0
    outer loop
      vertex 15.902777777777779 375.01394129941724 17.333333333333336
      vertex 16.092493676591644 374.89768324710144 17.333333333333336
      vertex 16.092493676591644 374.89768324710144 45.333333333333336
    endloop
  endfacet
  facet normal -0.5664062369248709 -0.8241261886219894 0
    outer loop
      vertex 16.092493676591644 374.89768324710144 17.333333333333336
      vertex 16.275865100020788 374.7716555594269 17.333333333333336
      vertex 16.275865100020788 374.7716555594269 45.333333333333336
    endloop
  endfacet
  facet normal -0.6087614290086882 -0.79335334029126 0
    outer loop
      vertex 16.275865100020788 374.7716555594269 17.333333333333336
      vertex 16.452389439739587 374.6362036695255 17.333333333333336
      vertex 16.452389439739587 374.6362036695255 45.333333333333336
    endloop
  endfacet
  facet normal -0.6494480483302761 -0.7604059655999518 0
    outer loop
      vertex 16.452389439739587 374.6362036695255 17.333333333333336
      vertex 16.621582854802927 374.4916988416123 17.333333333333336
      vertex 16.621582854802927 374.4916988416123 45.333333333333336
    endloop
  endfacet
  facet normal -0.6883545756937195 -0.7253743710123204 0
    outer loop
      vertex 16.621582854802927 374.4916988416123 17.333333333333336
      vertex 16.782981597820605 374.3385371533762 17.333333333333336
      vertex 16.782981597820605 374.3385371533762 45.333333333333336
    endloop
  endfacet
  facet normal -0.026176948307871657 0.9996573249755573 0
    outer loop
      vertex 14.000205591810289 367.08915781062643 17.333333333333336
      vertex 13.777777777777779 367.08333333333337 45.333333333333336
      vertex 14.000205591810289 367.08915781062643 45.333333333333336
    endloop
  endfacet
  facet normal -0.07845909572797946 0.9969173337331174 0
    outer loop
      vertex 14.222023746665304 367.10661527801824 17.333333333333336
      vertex 14.000205591810289 367.08915781062643 45.333333333333336
      vertex 14.222023746665304 367.10661527801824 45.333333333333336
    endloop
  endfacet
  facet normal -0.13052619221998554 0.9914448613738192 0
    outer loop
      vertex 14.442624254198758 367.13565788580405 17.333333333333336
      vertex 14.222023746665304 367.10661527801824 45.333333333333336
      vertex 14.442624254198758 367.13565788580405 45.333333333333336
    endloop
  endfacet
  facet normal -0.18223552549209698 0.9832549075639638 0
    outer loop
      vertex 14.661402463753255 367.1762060302147 17.333333333333336
      vertex 14.442624254198758 367.13565788580405 45.333333333333336
      vertex 14.661402463753255 367.1762060302147 45.333333333333336
    endloop
  endfacet
  facet normal -0.23344536385590425 0.9723699203976769 0
    outer loop
      vertex 14.87775871946349 367.22814857160483 17.333333333333336
      vertex 14.661402463753255 367.1762060302147 45.333333333333336
      vertex 14.87775871946349 367.22814857160483 45.333333333333336
    endloop
  endfacet
  facet normal -0.2840153447038208 0.9588197348682231 0
    outer loop
      vertex 15.091100003871304 367.29134313907895 17.333333333333336
      vertex 14.87775871946349 367.22814857160483 45.333333333333336
      vertex 15.091100003871304 367.29134313907895 45.333333333333336
    endloop
  endfacet
  facet normal -0.3338068592338653 0.942641491092145 0
    outer loop
      vertex 15.300841563345305 367.36561652072027 17.333333333333336
      vertex 15.091100003871304 367.29134313907895 45.333333333333336
      vertex 15.300841563345305 367.36561652072027 45.333333333333336
    endloop
  endfacet
  facet normal -0.026176948307871657 -0.9996573249755573 0
    outer loop
      vertex 13.777777777777779 375.58333333333337 17.333333333333336
      vertex 14.000205591810289 375.5775088560403 45.333333333333336
      vertex 13.777777777777779 375.58333333333337 45.333333333333336
    endloop
  endfacet
  facet normal -0.07845909572797946 -0.9969173337331174 0
    outer loop
      vertex 14.000205591810289 375.5775088560403 17.333333333333336
      vertex 14.222023746665304 375.5600513886485 45.333333333333336
      vertex 14.000205591810289 375.5775088560403 45.333333333333336
    endloop
  endfacet
  facet normal -0.13052619221998554 -0.9914448613738192 0
    outer loop
      vertex 14.222023746665304 375.5600513886485 17.333333333333336
      vertex 14.442624254198758 375.5310087808627 45.333333333333336
      vertex 14.222023746665304 375.5600513886485 45.333333333333336
    endloop
  endfacet
  facet normal -0.18223552549209698 -0.9832549075639638 0
    outer loop
      vertex 14.442624254198758 375.5310087808627 17.333333333333336
      vertex 14.661402463753255 375.49046063645204 45.333333333333336
      vertex 14.442624254198758 375.5310087808627 45.333333333333336
    endloop
  endfacet
  facet normal -0.23344536385590425 -0.9723699203976769 0
    outer loop
      vertex 14.661402463753255 375.49046063645204 17.333333333333336
      vertex 14.87775871946349 375.4385180950619 45.333333333333336
      vertex 14.661402463753255 375.49046063645204 45.333333333333336
    endloop
  endfacet
  facet normal -0.2840153447038208 -0.9588197348682231 0
    outer loop
      vertex 14.87775871946349 375.4385180950619 17.333333333333336
      vertex 15.091100003871304 375.3753235275878 45.333333333333336
      vertex 14.87775871946349 375.4385180950619 45.333333333333336
    endloop
  endfacet
  facet normal -0.3338068592338653 -0.942641491092145 0
    outer loop
      vertex 15.091100003871304 375.3753235275878 17.333333333333336
      vertex 15.300841563345305 375.3010501459465 45.333333333333336
      vertex 15.091100003871304 375.3753235275878 45.333333333333336
    endloop
  endfacet
  facet normal -0.3826834323651048 0.9238795325112805 0
    outer loop
      vertex 15.50640851084993 367.4507651383523 17.333333333333336
      vertex 15.300841563345305 367.36561652072027 45.333333333333336
      vertex 15.50640851084993 367.4507651383523 45.333333333333336
    endloop
  endfacet
  facet normal -0.43051109680835614 0.9025852843498314 0
    outer loop
      vertex 15.707237401670852 367.54655560553283 17.333333333333336
      vertex 15.50640851084993 367.4507651383523 45.333333333333336
      vertex 15.707237401670852 367.54655560553283 45.333333333333336
    endloop
  endfacet
  facet normal 0 0 1
    outer loop
      vertex 5.483682552265175 356.503704201888 45.333333333333336
      vertex 20.77777777777778 356.33333333333337 45.333333333333336
      vertex 21.0394575589925 356.3401856595605 45.333333333333336
    endloop
  endfacet
  facet normal 0 0 1
    outer loop
      vertex 5.483682552265175 356.503704201888 45.333333333333336
      vertex 21.0394575589925 356.3401856595605 45.333333333333336
      vertex 21.300420094116046 356.360723856492 45.333333333333336
    endloop
  endfacet
  facet normal 0 0 1
    outer loop
      vertex 5.483682552265175 356.503704201888 45.333333333333336
      vertex 25.77777777777778 361.33333333333337 45.333333333333336
      vertex 15.902777777777779 367.6527253672495 45.333333333333336
    endloop
  endfacet
  facet normal 0 0 1
    outer loop
      vertex 5.483682552265175 356.503704201888 45.333333333333336
      vertex 21.300420094116046 356.360723856492 45.333333333333336
      vertex 21.55995010297893 356.3948916303577 45.333333333333336
    endloop
  endfacet
  facet normal 0 0 1
    outer loop
      vertex 5.483682552265175 356.503704201888 45.333333333333336
      vertex 21.55995010297893 356.3948916303577 45.333333333333336
      vertex 21.817336231866577 356.44259532966436 45.333333333333336
    endloop
  endfacet
  facet normal 0 0 1
    outer loop
      vertex 5.483682552265175 356.503704201888 45.333333333333336
      vertex 21.817336231866577 356.44259532966436 45.333333333333336
      vertex 22.07187300329038 356.503704201888 45.333333333333336
    endloop
  endfacet
  facet normal 0 0 1
    outer loop
      vertex 5.483682552265175 356.503704201888 45.333333333333336
      vertex 22.07187300329038 356.503704201888 45.333333333333336
      vertex 22.322862749652515 356.57805075185763 45.333333333333336
    endloop
  endfacet
  facet normal -0.477158760259512 0.8788171126620178 0
    outer loop
      vertex 15.902777777777779 367.6527253672495 17.333333333333336
      vertex 15.707237401670852 367.54655560553283 45.333333333333336
      vertex 15.902777777777779 367.6527253672495 45.333333333333336
    endloop
  endfacet
  facet normal -0.3826834323651048 -0.9238795325112805 0
    outer loop
      vertex 15.300841563345305 375.3010501459465 17.333333333333336
      vertex 15.50640851084993 375.2159015283144 45.333333333333336
      vertex 15.300841563345305 375.3010501459465 45.333333333333336
    endloop
  endfacet
  facet normal -0.43051109680835614 -0.9025852843498314 0
    outer loop
      vertex 15.50640851084993 375.2159015283144 17.333333333333336
      vertex 15.707237401670852 375.1201110611339 45.333333333333336
      vertex 15.50640851084993 375.2159015283144 45.333333333333336
    endloop
  endfacet
  facet normal -0.477158760259512 -0.8788171126620178 0
    outer loop
      vertex 15.707237401670852 375.1201110611339 17.333333333333336
      vertex 15.902777777777779 375.01394129941724 45.333333333333336
      vertex 15.707237401670852 375.1201110611339 45.333333333333336
    endloop
  endfacet
  facet normal -0.5224985647159078 -0.8526401643541175 0
    outer loop
      vertex 15.902777777777779 375.01394129941724 17.333333333333336
      vertex 16.092493676591644 374.89768324710144 45.333333333333336
      vertex 15.902777777777779 375.01394129941724 45.333333333333336
    endloop
  endfacet
  facet normal -0.5224985647159078 0.8526401643541175 0
    outer loop
      vertex 16.092493676591644 367.7689834195653 17.333333333333336
      vertex 15.902777777777779 367.6527253672495 45.333333333333336
      vertex 16.092493676591644 367.7689834195653 45.333333333333336
    endloop
  endfacet
  facet normal -0.5664062369248709 0.8241261886219894 0
    outer loop
      vertex 16.275865100020788 367.89501110723984 17.333333333333336
      vertex 16.092493676591644 367.7689834195653 45.333333333333336
      vertex 16.275865100020788 367.89501110723984 45.333333333333336
    endloop
  endfacet
  facet normal -0.6087614290086882 0.79335334029126 0
    outer loop
      vertex 16.452389439739587 368.0304629971412 17.333333333333336
      vertex 16.275865100020788 367.89501110723984 45.333333333333336
      vertex 16.452389439739587 368.0304629971412 45.333333333333336
    endloop
  endfacet
  facet normal -0.6494480483302761 0.7604059655999518 0
    outer loop
      vertex 16.621582854802927 368.17496782505447 17.333333333333336
      vertex 16.452389439739587 368.0304629971412 45.333333333333336
      vertex 16.621582854802927 368.17496782505447 45.333333333333336
    endloop
  endfacet
  facet normal -0.6883545756937195 0.7253743710123204 0
    outer loop
      vertex 16.782981597820605 368.32812951329055 17.333333333333336
      vertex 16.621582854802927 368.17496782505447 45.333333333333336
      vertex 16.782981597820605 368.32812951329055 45.333333333333336
    endloop
  endfacet
  facet normal -0.5664062369248709 -0.8241261886219894 0
    outer loop
      vertex 16.092493676591644 374.89768324710144 17.333333333333336
      vertex 16.275865100020788 374.7716555594269 45.333333333333336
      vertex 16.092493676591644 374.89768324710144 45.333333333333336
    endloop
  endfacet
  facet normal -0.6087614290086882 -0.79335334029126 0
    outer loop
      vertex 16.275865100020788 374.7716555594269 17.333333333333336
      vertex 16.452389439739587 374.6362036695255 45.333333333333336
      vertex 16.275865100020788 374.7716555594269 45.333333333333336
    endloop
  endfacet
  facet normal -0.6494480483302761 -0.7604059655999518 0
    outer loop
      vertex 16.452389439739587 374.6362036695255 17.333333333333336
      vertex 16.621582854802927 374.4916988416123 45.333333333333336
      vertex 16.452389439739587 374.6362036695255 45.333333333333336
    endloop
  endfacet
  facet normal -0.6883545756937195 -0.7253743710123204 0
    outer loop
      vertex 16.621582854802927 374.4916988416123 17.333333333333336
      vertex 16.782981597820605 374.3385371533762 45.333333333333336
      vertex 16.621582854802927 374.4916988416123 45.333333333333336
    endloop
  endfacet
  facet normal -0.026176948307871657 0.9996573249755573 0
    outer loop
      vertex 14.000205591810289 392.08915781062643 -17.666666666666664
      vertex 13.777777777777779 392.08333333333337 45.333333333333336
      vertex 14.000205591810289 392.08915781062643 45.333333333333336
    endloop
  endfacet
  facet normal -0.07845909572797946 0.9969173337331173 0
    outer loop
      vertex 14.222023746665304 392.10661527801824 -17.666666666666664
      vertex 14.000205591810289 392.08915781062643 45.333333333333336
      vertex 14.222023746665304 392.10661527801824 45.333333333333336
    endloop
  endfacet
  facet normal -0.13052619221998554 0.9914448613738192 0
    outer loop
      vertex 14.442624254198758 392.13565788580405 -17.666666666666664
      vertex 14.222023746665304 392.10661527801824 45.333333333333336
      vertex 14.442624254198758 392.13565788580405 45.333333333333336
    endloop
  endfacet
  facet normal -0.026176948307871657 -0.9996573249755573 0
    outer loop
      vertex 13.777777777777779 400.58333333333337 -17.666666666666664
      vertex 14.000205591810289 400.5775088560403 45.333333333333336
      vertex 13.777777777777779 400.58333333333337 45.333333333333336
    endloop
  endfacet
  facet normal -0.07845909572797946 -0.9969173337331173 0
    outer loop
      vertex 14.000205591810289 400.5775088560403 -17.666666666666664
      vertex 14.222023746665304 400.5600513886485 45.333333333333336
      vertex 14.000205591810289 400.5775088560403 45.333333333333336
    endloop
  endfacet
  facet normal -0.13052619221998554 -0.9914448613738192 0
    outer loop
      vertex 14.222023746665304 400.5600513886485 -17.666666666666664
      vertex 14.442624254198758 400.5310087808627 45.333333333333336
      vertex 14.222023746665304 400.5600513886485 45.333333333333336
    endloop
  endfacet
  facet normal -0.182235525492097 -0.9832549075639639 0
    outer loop
      vertex 14.442624254198758 400.5310087808627 -17.666666666666664
      vertex 14.661402463753255 400.49046063645204 45.333333333333336
      vertex 14.442624254198758 400.5310087808627 45.333333333333336
    endloop
  endfacet
  facet normal -0.182235525492097 0.9832549075639639 0
    outer loop
      vertex 14.661402463753255 392.1762060302147 -17.666666666666664
      vertex 14.442624254198758 392.13565788580405 45.333333333333336
      vertex 14.661402463753255 392.1762060302147 45.333333333333336
    endloop
  endfacet
  facet normal -0.23344536385590425 0.9723699203976769 0
    outer loop
      vertex 14.87775871946349 392.22814857160483 -17.666666666666664
      vertex 14.661402463753255 392.1762060302147 45.333333333333336
      vertex 14.87775871946349 392.22814857160483 45.333333333333336
    endloop
  endfacet
  facet normal -0.28401534470382084 0.9588197348682231 0
    outer loop
      vertex 15.091100003871304 392.29134313907895 -17.666666666666664
      vertex 14.87775871946349 392.22814857160483 45.333333333333336
      vertex 15.091100003871304 392.29134313907895 45.333333333333336
    endloop
  endfacet
  facet normal -0.3338068592338653 0.942641491092145 0
    outer loop
      vertex 15.300841563345305 392.36561652072027 -17.666666666666664
      vertex 15.091100003871304 392.29134313907895 45.333333333333336
      vertex 15.300841563345305 392.36561652072027 45.333333333333336
    endloop
  endfacet
  facet normal -0.23344536385590425 -0.9723699203976769 0
    outer loop
      vertex 14.661402463753255 400.49046063645204 -17.666666666666664
      vertex 14.87775871946349 400.4385180950619 45.333333333333336
      vertex 14.661402463753255 400.49046063645204 45.333333333333336
    endloop
  endfacet
  facet normal -0.28401534470382084 -0.9588197348682231 0
    outer loop
      vertex 14.87775871946349 400.4385180950619 -17.666666666666664
      vertex 15.091100003871304 400.3753235275878 45.333333333333336
      vertex 14.87775871946349 400.4385180950619 45.333333333333336
    endloop
  endfacet
  facet normal -0.3338068592338653 -0.942641491092145 0
    outer loop
      vertex 15.091100003871304 400.3753235275878 -17.666666666666664
      vertex 15.300841563345305 400.3010501459465 45.333333333333336
      vertex 15.091100003871304 400.3753235275878 45.333333333333336
    endloop
  endfacet
  facet normal -0.3826834323651048 0.9238795325112805 0
    outer loop
      vertex 15.50640851084993 392.4507651383523 -17.666666666666664
      vertex 15.300841563345305 392.36561652072027 45.333333333333336
      vertex 15.50640851084993 392.4507651383523 45.333333333333336
    endloop
  endfacet
  facet normal -0.43051109680835614 0.9025852843498314 0
    outer loop
      vertex 15.707237401670852 392.54655560553283 -17.666666666666664
      vertex 15.50640851084993 392.4507651383523 45.333333333333336
      vertex 15.707237401670852 392.54655560553283 45.333333333333336
    endloop
  endfacet
  facet normal -0.477158760259512 0.8788171126620178 0
    outer loop
      vertex 15.902777777777779 392.6527253672495 -17.666666666666664
      vertex 15.707237401670852 392.54655560553283 45.333333333333336
      vertex 15.902777777777779 392.6527253672495 45.333333333333336
    endloop
  endfacet
  facet normal -0.3826834323651048 -0.9238795325112805 0
    outer loop
      vertex 15.300841563345305 400.3010501459465 -17.666666666666664
      vertex 15.50640851084993 400.2159015283144 45.333333333333336
      vertex 15.300841563345305 400.3010501459465 45.333333333333336
    endloop
  endfacet
  facet normal -0.43051109680835614 -0.9025852843498314 0
    outer loop
      vertex 15.50640851084993 400.2159015283144 -17.666666666666664
      vertex 15.707237401670852 400.1201110611339 45.333333333333336
      vertex 15.50640851084993 400.2159015283144 45.333333333333336
    endloop
  endfacet
  facet normal -0.477158760259512 -0.8788171126620178 0
    outer loop
      vertex 15.707237401670852 400.1201110611339 -17.666666666666664
      vertex 15.902777777777779 400.01394129941724 45.333333333333336
      vertex 15.707237401670852 400.1201110611339 45.333333333333336
    endloop
  endfacet
  facet normal -0.5224985647159078 -0.8526401643541175 0
    outer loop
      vertex 15.902777777777779 400.01394129941724 -17.666666666666664
      vertex 16.092493676591644 399.89768324710144 45.333333333333336
      vertex 15.902777777777779 400.01394129941724 45.333333333333336
    endloop
  endfacet
  facet normal -0.5224985647159078 0.8526401643541175 0
    outer loop
      vertex 16.092493676591644 392.7689834195653 -17.666666666666664
      vertex 15.902777777777779 392.6527253672495 45.333333333333336
      vertex 16.092493676591644 392.7689834195653 45.333333333333336
    endloop
  endfacet
  facet normal -0.5664062369248709 0.8241261886219894 0
    outer loop
      vertex 16.275865100020788 392.89501110723984 -17.666666666666664
      vertex 16.092493676591644 392.7689834195653 45.333333333333336
      vertex 16.275865100020788 392.89501110723984 45.333333333333336
    endloop
  endfacet
  facet normal -0.6087614290086882 0.79335334029126 0
    outer loop
      vertex 16.452389439739587 393.0304629971412 -17.666666666666664
      vertex 16.275865100020788 392.89501110723984 45.333333333333336
      vertex 16.452389439739587 393.0304629971412 45.333333333333336
    endloop
  endfacet
  facet normal -0.6494480483302763 0.7604059655999519 0
    outer loop
      vertex 16.621582854802927 393.17496782505447 -17.666666666666664
      vertex 16.452389439739587 393.0304629971412 45.333333333333336
      vertex 16.621582854802927 393.17496782505447 45.333333333333336
    endloop
  endfacet
  facet normal -0.6883545756937195 0.7253743710123204 0
    outer loop
      vertex 16.782981597820605 393.32812951329055 -17.666666666666664
      vertex 16.621582854802927 393.17496782505447 45.333333333333336
      vertex 16.782981597820605 393.32812951329055 45.333333333333336
    endloop
  endfacet
  facet normal -0.5664062369248709 -0.8241261886219894 0
    outer loop
      vertex 16.092493676591644 399.89768324710144 -17.666666666666664
      vertex 16.275865100020788 399.7716555594269 45.333333333333336
      vertex 16.092493676591644 399.89768324710144 45.333333333333336
    endloop
  endfacet
  facet normal -0.6087614290086882 -0.79335334029126 0
    outer loop
      vertex 16.275865100020788 399.7716555594269 -17.666666666666664
      vertex 16.452389439739587 399.6362036695255 45.333333333333336
      vertex 16.275865100020788 399.7716555594269 45.333333333333336
    endloop
  endfacet
  facet normal -0.6494480483302763 -0.7604059655999519 0
    outer loop
      vertex 16.452389439739587 399.6362036695255 -17.666666666666664
      vertex 16.621582854802927 399.4916988416123 45.333333333333336
      vertex 16.452389439739587 399.6362036695255 45.333333333333336
    endloop
  endfacet
  facet normal -0.6883545756937195 -0.7253743710123204 0
    outer loop
      vertex 16.621582854802927 399.4916988416123 -17.666666666666664
      vertex 16.782981597820605 399.3385371533762 45.333333333333336
      vertex 16.621582854802927 399.4916988416123 45.333333333333336
    endloop
  endfacet
  facet normal 0 0 1
    outer loop
      vertex 13.777777777777779 375.58333333333337 45.333333333333336
      vertex 14.000205591810289 375.5775088560403 45.333333333333336
      vertex 13.777777777777779 392.08333333333337 45.333333333333336
    endloop
  endfacet
  facet normal 0 0 1
    outer loop
      vertex 14.000205591810289 375.5775088560403 45.333333333333336
      vertex 14.222023746665304 375.5600513886485 45.333333333333336
      vertex 14.000205591810289 392.08915781062643 45.333333333333336
    endloop
  endfacet
  facet normal 0 0 1
    outer loop
      vertex 14.222023746665304 375.5600513886485 45.333333333333336
      vertex 14.442624254198758 375.5310087808627 45.333333333333336
      vertex 14.222023746665304 392.10661527801824 45.333333333333336
    endloop
  endfacet
  facet normal 0 0 1
    outer loop
      vertex 14.442624254198758 375.5310087808627 45.333333333333336
      vertex 14.661402463753255 375.49046063645204 45.333333333333336
      vertex 14.442624254198758 392.13565788580405 45.333333333333336
    endloop
  endfacet
  facet normal 0 0 1
    outer loop
      vertex 14.000205591810289 375.5775088560403 45.333333333333336
      vertex 14.000205591810289 392.08915781062643 45.333333333333336
      vertex 13.777777777777779 392.08333333333337 45.333333333333336
    endloop
  endfacet
  facet normal 0 0 1
    outer loop
      vertex 14.222023746665304 375.5600513886485 45.333333333333336
      vertex 14.222023746665304 392.10661527801824 45.333333333333336
      vertex 14.000205591810289 392.08915781062643 45.333333333333336
    endloop
  endfacet
  facet normal 0 0 1
    outer loop
      vertex 14.442624254198758 375.5310087808627 45.333333333333336
      vertex 14.442624254198758 392.13565788580405 45.333333333333336
      vertex 14.222023746665304 392.10661527801824 45.333333333333336
    endloop
  endfacet
  facet normal 0 0 1
    outer loop
      vertex 14.661402463753255 375.49046063645204 45.333333333333336
      vertex 14.87775871946349 375.4385180950619 45.333333333333336
      vertex 14.661402463753255 392.1762060302147 45.333333333333336
    endloop
  endfacet
  facet normal 0 0 1
    outer loop
      vertex 14.87775871946349 375.4385180950619 45.333333333333336
      vertex 15.091100003871304 375.3753235275878 45.333333333333336
      vertex 14.87775871946349 392.22814857160483 45.333333333333336
    endloop
  endfacet
  facet normal 0 0 1
    outer loop
      vertex 15.091100003871304 375.3753235275878 45.333333333333336
      vertex 15.300841563345305 375.3010501459465 45.333333333333336
      vertex 15.091100003871304 392.29134313907895 45.333333333333336
    endloop
  endfacet
  facet normal 0 0 1
    outer loop
      vertex 14.661402463753255 375.49046063645204 45.333333333333336
      vertex 14.661402463753255 392.1762060302147 45.333333333333336
      vertex 14.442624254198758 392.13565788580405 45.333333333333336
    endloop
  endfacet
  facet normal 0 0 1
    outer loop
      vertex 14.87775871946349 375.4385180950619 45.333333333333336
      vertex 14.87775871946349 392.22814857160483 45.333333333333336
      vertex 14.661402463753255 392.1762060302147 45.333333333333336
    endloop
  endfacet
  facet normal 0 0 1
    outer loop
      vertex 15.091100003871304 375.3753235275878 45.333333333333336
      vertex 15.091100003871304 392.29134313907895 45.333333333333336
      vertex 14.87775871946349 392.22814857160483 45.333333333333336
    endloop
  endfacet
  facet normal 0 0 1
    outer loop
      vertex 15.300841563345305 375.3010501459465 45.333333333333336
      vertex 15.300841563345305 392.36561652072027 45.333333333333336
      vertex 15.091100003871304 392.29134313907895 45.333333333333336
    endloop
  endfacet
  facet normal 0 0 1
    outer loop
      vertex 15.300841563345305 375.3010501459465 45.333333333333336
      vertex 15.50640851084993 375.2159015283144 45.333333333333336
      vertex 15.300841563345305 392.36561652072027 45.333333333333336
    endloop
  endfacet
  facet normal 0 0 1
    outer loop
      vertex 15.50640851084993 375.2159015283144 45.333333333333336
      vertex 15.707237401670852 375.1201110611339 45.333333333333336
      vertex 15.50640851084993 392.4507651383523 45.333333333333336
    endloop
  endfacet
  facet normal 0 0 1
    outer loop
      vertex 15.707237401670852 375.1201110611339 45.333333333333336
      vertex 15.902777777777779 375.01394129941724 45.333333333333336
      vertex 15.707237401670852 392.54655560553283 45.333333333333336
    endloop
  endfacet
  facet normal 0 0 1
    outer loop
      vertex 15.902777777777779 375.01394129941724 45.333333333333336
      vertex 16.092493676591644 374.89768324710144 45.333333333333336
      vertex 15.902777777777779 392.6527253672495 45.333333333333336
    endloop
  endfacet
  facet normal 0 0 1
    outer loop
      vertex 15.50640851084993 375.2159015283144 45.333333333333336
      vertex 15.50640851084993 392.4507651383523 45.333333333333336
      vertex 15.300841563345305 392.36561652072027 45.333333333333336
    endloop
  endfacet
  facet normal 0 0 1
    outer loop
      vertex 15.707237401670852 375.1201110611339 45.333333333333336
      vertex 15.707237401670852 392.54655560553283 45.333333333333336
      vertex 15.50640851084993 392.4507651383523 45.333333333333336
    endloop
  endfacet
  facet normal 0 0 1
    outer loop
      vertex 15.902777777777779 375.01394129941724 45.333333333333336
      vertex 15.902777777777779 392.6527253672495 45.333333333333336
      vertex 15.707237401670852 392.54655560553283 45.333333333333336
    endloop
  endfacet
  facet normal 0 0 1
    outer loop
      vertex 16.092493676591644 374.89768324710144 45.333333333333336
      vertex 16.275865100020788 374.7716555594269 45.333333333333336
      vertex 16.092493676591644 392.7689834195653 45.333333333333336
    endloop
  endfacet
  facet normal 0 0 1
    outer loop
      vertex 16.275865100020788 374.7716555594269 45.333333333333336
      vertex 16.452389439739587 374.6362036695255 45.333333333333336
      vertex 16.275865100020788 392.89501110723984 45.333333333333336
    endloop
  endfacet
  facet normal 0 0 1
    outer loop
      vertex 16.452389439739587 374.6362036695255 45.333333333333336
      vertex 16.621582854802927 374.4916988416123 45.333333333333336
      vertex 16.452389439739587 393.0304629971412 45.333333333333336
    endloop
  endfacet
  facet normal 0 0 1
    outer loop
      vertex 16.621582854802927 374.4916988416123 45.333333333333336
      vertex 16.782981597820605 374.3385371533762 45.333333333333336
      vertex 16.621582854802927 393.17496782505447 45.333333333333336
    endloop
  endfacet
  facet normal 0 0 1
    outer loop
      vertex 16.092493676591644 374.89768324710144 45.333333333333336
      vertex 16.092493676591644 392.7689834195653 45.333333333333336
      vertex 15.902777777777779 392.6527253672495 45.333333333333336
    endloop
  endfacet
  facet normal 0 0 1
    outer loop
      vertex 16.275865100020788 374.7716555594269 45.333333333333336
      vertex 16.275865100020788 392.89501110723984 45.333333333333336
      vertex 16.092493676591644 392.7689834195653 45.333333333333336
    endloop
  endfacet
  facet normal 0 0 1
    outer loop
      vertex 16.452389439739587 374.6362036695255 45.333333333333336
      vertex 16.452389439739587 393.0304629971412 45.333333333333336
      vertex 16.275865100020788 392.89501110723984 45.333333333333336
    endloop
  endfacet
  facet normal 0 0 1
    outer loop
      vertex 16.621582854802927 374.4916988416123 45.333333333333336
      vertex 16.621582854802927 393.17496782505447 45.333333333333336
      vertex 16.452389439739587 393.0304629971412 45.333333333333336
    endloop
  endfacet
  facet normal 0 0 1
    outer loop
      vertex 16.621582854802927 393.17496782505447 45.333333333333336
      vertex 16.782981597820605 374.3385371533762 45.333333333333336
      vertex 16.782981597820605 393.32812951329055 45.333333333333336
    endloop
  endfacet
  facet normal -0.7253743710122956 0.6883545756937456 0
    outer loop
      vertex 16.782981597820605 368.32812951329055 17.333333333333336
      vertex 16.782981597820605 368.32812951329055 45.333333333333336
      vertex 16.936143286056705 368.48952825630823 17.333333333333336
    endloop
  endfacet
  facet normal -0.7604059655999981 0.649448048330222 0
    outer loop
      vertex 16.936143286056705 368.48952825630823 17.333333333333336
      vertex 16.936143286056705 368.48952825630823 45.333333333333336
      vertex 17.080648113969904 368.65872167137155 17.333333333333336
    endloop
  endfacet
  facet normal -0.7933533402912547 0.6087614290086953 0
    outer loop
      vertex 17.080648113969904 368.65872167137155 17.333333333333336
      vertex 17.080648113969904 368.65872167137155 45.333333333333336
      vertex 17.216100003871304 368.83524601109036 17.333333333333336
    endloop
  endfacet
  facet normal -0.824126188622022 0.5664062369248235 0
    outer loop
      vertex 17.216100003871304 368.83524601109036 17.333333333333336
      vertex 17.216100003871304 368.83524601109036 45.333333333333336
      vertex 17.34212769154583 369.0186174345195 17.333333333333336
    endloop
  endfacet
  facet normal -0.8526401643540874 0.5224985647159569 0
    outer loop
      vertex 17.34212769154583 369.0186174345195 17.333333333333336
      vertex 17.34212769154583 369.0186174345195 45.333333333333336
      vertex 17.45838574386164 369.20833333333337 17.333333333333336
    endloop
  endfacet
  facet normal -0.878817112661957 0.477158760259624 0
    outer loop
      vertex 17.45838574386164 369.20833333333337 17.333333333333336
      vertex 17.45838574386164 369.20833333333337 45.333333333333336
      vertex 17.56455550557834 369.4038737094403 17.333333333333336
    endloop
  endfacet
  facet normal -0.7253743710122956 -0.6883545756937456 0
    outer loop
      vertex 16.782981597820605 374.3385371533762 17.333333333333336
      vertex 16.936143286056705 374.1771384103585 17.333333333333336
      vertex 16.936143286056705 374.1771384103585 45.333333333333336
    endloop
  endfacet
  facet normal -0.7604059655999981 -0.649448048330222 0
    outer loop
      vertex 16.936143286056705 374.1771384103585 17.333333333333336
      vertex 17.080648113969904 374.0079449952952 17.333333333333336
      vertex 17.080648113969904 374.0079449952952 45.333333333333336
    endloop
  endfacet
  facet normal -0.7933533402912547 -0.6087614290086953 0
    outer loop
      vertex 17.080648113969904 374.0079449952952 17.333333333333336
      vertex 17.216100003871304 373.8314206555764 17.333333333333336
      vertex 17.216100003871304 373.8314206555764 45.333333333333336
    endloop
  endfacet
  facet normal -0.824126188622022 -0.5664062369248235 0
    outer loop
      vertex 17.216100003871304 373.8314206555764 17.333333333333336
      vertex 17.34212769154583 373.64804923214723 17.333333333333336
      vertex 17.34212769154583 373.64804923214723 45.333333333333336
    endloop
  endfacet
  facet normal -0.8526401643540874 -0.5224985647159569 0
    outer loop
      vertex 17.34212769154583 373.64804923214723 17.333333333333336
      vertex 17.45838574386164 373.45833333333337 17.333333333333336
      vertex 17.45838574386164 373.45833333333337 45.333333333333336
    endloop
  endfacet
  facet normal -0.9025852843498858 0.43051109680824207 0
    outer loop
      vertex 17.56455550557834 369.4038737094403 17.333333333333336
      vertex 17.56455550557834 369.4038737094403 45.333333333333336
      vertex 17.660345972758833 369.60470260026125 17.333333333333336
    endloop
  endfacet
  facet normal -0.9238795325112894 0.38268343236508323 0
    outer loop
      vertex 17.660345972758833 369.60470260026125 17.333333333333336
      vertex 17.660345972758833 369.60470260026125 45.333333333333336
      vertex 17.745494590390884 369.81026954776587 17.333333333333336
    endloop
  endfacet
  facet normal -0.9426414910921591 0.3338068592338254 0
    outer loop
      vertex 17.745494590390884 369.81026954776587 17.333333333333336
      vertex 17.745494590390884 369.81026954776587 45.333333333333336
      vertex 17.81976797203218 370.02001110723984 17.333333333333336
    endloop
  endfacet
  facet normal -0.9588197348681939 0.2840153447039192 0
    outer loop
      vertex 17.81976797203218 370.02001110723984 17.333333333333336
      vertex 17.81976797203218 370.02001110723984 45.333333333333336
      vertex 17.88296253950632 370.23335239164766 17.333333333333336
    endloop
  endfacet
  facet normal -0.9723699203976811 0.23344536385588607 0
    outer loop
      vertex 17.88296253950632 370.23335239164766 17.333333333333336
      vertex 17.88296253950632 370.23335239164766 45.333333333333336
      vertex 17.934905080896453 370.4497086473579 17.333333333333336
    endloop
  endfacet
  facet normal -0.9025852843498858 -0.43051109680824207 0
    outer loop
      vertex 17.660345972758833 373.0619640664055 17.333333333333336
      vertex 17.660345972758833 373.0619640664055 45.333333333333336
      vertex 17.56455550557834 373.26279295722645 17.333333333333336
    endloop
  endfacet
  facet normal -0.9238795325112894 -0.38268343236508323 0
    outer loop
      vertex 17.660345972758833 373.0619640664055 17.333333333333336
      vertex 17.745494590390884 372.8563971189009 17.333333333333336
      vertex 17.745494590390884 372.8563971189009 45.333333333333336
    endloop
  endfacet
  facet normal -0.9426414910921591 -0.3338068592338254 0
    outer loop
      vertex 17.745494590390884 372.8563971189009 17.333333333333336
      vertex 17.81976797203218 372.6466555594269 17.333333333333336
      vertex 17.81976797203218 372.6466555594269 45.333333333333336
    endloop
  endfacet
  facet normal -0.9588197348681939 -0.2840153447039192 0
    outer loop
      vertex 17.88296253950632 372.4333142750191 17.333333333333336
      vertex 17.88296253950632 372.4333142750191 45.333333333333336
      vertex 17.81976797203218 372.6466555594269 17.333333333333336
    endloop
  endfacet
  facet normal -0.9832549075639558 0.18223552549214045 0
    outer loop
      vertex 17.934905080896453 370.4497086473579 17.333333333333336
      vertex 17.934905080896453 370.4497086473579 45.333333333333336
      vertex 17.975453225307113 370.6684868569124 17.333333333333336
    endloop
  endfacet
  facet normal -0.9914448613738104 0.13052619222005246 0
    outer loop
      vertex 17.975453225307113 370.6684868569124 17.333333333333336
      vertex 17.975453225307113 370.6684868569124 45.333333333333336
      vertex 18.00449583309294 370.88908736444586 17.333333333333336
    endloop
  endfacet
  facet normal -0.9969173337331265 0.0784590957278625 0
    outer loop
      vertex 18.00449583309294 370.88908736444586 17.333333333333336
      vertex 18.00449583309294 370.88908736444586 45.333333333333336
      vertex 18.021953300484718 371.11090551930084 17.333333333333336
    endloop
  endfacet
  facet normal -0.9996573249755573 0.02617694830786957 0
    outer loop
      vertex 18.021953300484718 371.11090551930084 17.333333333333336
      vertex 18.021953300484718 371.11090551930084 45.333333333333336
      vertex 18.02777777777778 371.33333333333337 17.333333333333336
    endloop
  endfacet
  facet normal -0.9996573249755573 -0.02617694830786957 0
    outer loop
      vertex 18.02777777777778 371.33333333333337 17.333333333333336
      vertex 18.02777777777778 371.33333333333337 45.333333333333336
      vertex 18.021953300484718 371.5557611473659 17.333333333333336
    endloop
  endfacet
  facet normal -0.9969173337331265 -0.0784590957278625 0
    outer loop
      vertex 18.00449583309294 371.7775793022209 17.333333333333336
      vertex 18.021953300484718 371.5557611473659 17.333333333333336
      vertex 18.021953300484718 371.5557611473659 45.333333333333336
    endloop
  endfacet
  facet normal -0.9723699203976811 -0.23344536385588607 0
    outer loop
      vertex 17.88296253950632 372.4333142750191 17.333333333333336
      vertex 17.934905080896453 372.21695801930883 17.333333333333336
      vertex 17.934905080896453 372.21695801930883 45.333333333333336
    endloop
  endfacet
  facet normal -0.9832549075639558 -0.18223552549214045 0
    outer loop
      vertex 17.934905080896453 372.21695801930883 17.333333333333336
      vertex 17.975453225307113 371.99817980975433 17.333333333333336
      vertex 17.975453225307113 371.99817980975433 45.333333333333336
    endloop
  endfacet
  facet normal -0.9914448613738104 -0.13052619222005246 0
    outer loop
      vertex 18.00449583309294 371.7775793022209 17.333333333333336
      vertex 18.00449583309294 371.7775793022209 45.333333333333336
      vertex 17.975453225307113 371.99817980975433 17.333333333333336
    endloop
  endfacet
  facet normal -0.878817112661957 -0.477158760259624 0
    outer loop
      vertex 17.45838574386164 373.45833333333337 17.333333333333336
      vertex 17.56455550557834 373.26279295722645 17.333333333333336
      vertex 17.56455550557834 373.26279295722645 45.333333333333336
    endloop
  endfacet
  facet normal 0 0 1
    outer loop
      vertex 5.483682552265175 356.503704201888 45.333333333333336
      vertex 22.322862749652515 356.57805075185763 45.333333333333336
      vertex 22.569617525504277 356.66543120084737 45.333333333333336
    endloop
  endfacet
  facet normal 0 0 1
    outer loop
      vertex 5.483682552265175 356.503704201888 45.333333333333336
      vertex 22.569617525504277 356.66543120084737 45.333333333333336
      vertex 22.81146099315678 356.76560604512036 45.333333333333336
    endloop
  endfacet
  facet normal 0 0 1
    outer loop
      vertex 5.483682552265175 356.503704201888 45.333333333333336
      vertex 22.81146099315678 356.76560604512036 45.333333333333336
      vertex 23.047730276475512 356.87830071239154 45.333333333333336
    endloop
  endfacet
  facet normal 0 0 1
    outer loop
      vertex 5.483682552265175 356.503704201888 45.333333333333336
      vertex 23.047730276475512 356.87830071239154 45.333333333333336
      vertex 23.27777777777778 357.00320631441116 45.333333333333336
    endloop
  endfacet
  facet normal 0 0 1
    outer loop
      vertex 5.483682552265175 356.503704201888 45.333333333333336
      vertex 23.27777777777778 357.00320631441116 45.333333333333336
      vertex 23.500972952852912 357.13998049360623 45.333333333333336
    endloop
  endfacet
  facet normal 0 0 1
    outer loop
      vertex 5.483682552265175 356.503704201888 45.333333333333336
      vertex 23.500972952852912 357.13998049360623 45.333333333333336
      vertex 23.716704039240145 357.2882483614586 45.333333333333336
    endloop
  endfacet
  facet normal 0 0 1
    outer loop
      vertex 5.483682552265175 356.503704201888 45.333333333333336
      vertex 23.716704039240145 357.2882483614586 45.333333333333336
      vertex 23.924379733026967 357.4476035260485 45.333333333333336
    endloop
  endfacet
  facet normal 0 0 1
    outer loop
      vertex 5.483682552265175 356.503704201888 45.333333333333336
      vertex 23.924379733026967 357.4476035260485 45.333333333333336
      vertex 24.12343080957207 357.6176092059464 45.333333333333336
    endloop
  endfacet
  facet normal 0 0 1
    outer loop
      vertex 5.483682552265175 356.503704201888 45.333333333333336
      vertex 24.12343080957207 357.6176092059464 45.333333333333336
      vertex 24.313311683710516 357.7977994274006 45.333333333333336
    endloop
  endfacet
  facet normal 0 0 1
    outer loop
      vertex 5.483682552265175 356.503704201888 45.333333333333336
      vertex 24.313311683710516 357.7977994274006 45.333333333333336
      vertex 24.49350190516475 357.98768030153906 45.333333333333336
    endloop
  endfacet
  facet normal 0 0 1
    outer loop
      vertex 5.483682552265175 356.503704201888 45.333333333333336
      vertex 24.49350190516475 357.98768030153906 45.333333333333336
      vertex 24.663507585062632 358.1867313780842 45.333333333333336
    endloop
  endfacet
  facet normal -0.7253743710122956 0.6883545756937456 0
    outer loop
      vertex 16.936143286056705 368.48952825630823 17.333333333333336
      vertex 16.782981597820605 368.32812951329055 45.333333333333336
      vertex 16.936143286056705 368.48952825630823 45.333333333333336
    endloop
  endfacet
  facet normal -0.7604059655999981 0.649448048330222 0
    outer loop
      vertex 17.080648113969904 368.65872167137155 17.333333333333336
      vertex 16.936143286056705 368.48952825630823 45.333333333333336
      vertex 17.080648113969904 368.65872167137155 45.333333333333336
    endloop
  endfacet
  facet normal -0.7933533402912547 0.6087614290086953 0
    outer loop
      vertex 17.216100003871304 368.83524601109036 17.333333333333336
      vertex 17.080648113969904 368.65872167137155 45.333333333333336
      vertex 17.216100003871304 368.83524601109036 45.333333333333336
    endloop
  endfacet
  facet normal -0.824126188622022 0.5664062369248235 0
    outer loop
      vertex 17.34212769154583 369.0186174345195 17.333333333333336
      vertex 17.216100003871304 368.83524601109036 45.333333333333336
      vertex 17.34212769154583 369.0186174345195 45.333333333333336
    endloop
  endfacet
  facet normal -0.8526401643540874 0.5224985647159569 0
    outer loop
      vertex 17.45838574386164 369.20833333333337 17.333333333333336
      vertex 17.34212769154583 369.0186174345195 45.333333333333336
      vertex 17.45838574386164 369.20833333333337 45.333333333333336
    endloop
  endfacet
  facet normal -0.7253743710122956 -0.6883545756937456 0
    outer loop
      vertex 16.782981597820605 374.3385371533762 17.333333333333336
      vertex 16.936143286056705 374.1771384103585 45.333333333333336
      vertex 16.782981597820605 374.3385371533762 45.333333333333336
    endloop
  endfacet
  facet normal -0.7604059655999981 -0.649448048330222 0
    outer loop
      vertex 16.936143286056705 374.1771384103585 17.333333333333336
      vertex 17.080648113969904 374.0079449952952 45.333333333333336
      vertex 16.936143286056705 374.1771384103585 45.333333333333336
    endloop
  endfacet
  facet normal -0.7933533402912547 -0.6087614290086953 0
    outer loop
      vertex 17.080648113969904 374.0079449952952 17.333333333333336
      vertex 17.216100003871304 373.8314206555764 45.333333333333336
      vertex 17.080648113969904 374.0079449952952 45.333333333333336
    endloop
  endfacet
  facet normal -0.824126188622022 -0.5664062369248235 0
    outer loop
      vertex 17.216100003871304 373.8314206555764 17.333333333333336
      vertex 17.34212769154583 373.64804923214723 45.333333333333336
      vertex 17.216100003871304 373.8314206555764 45.333333333333336
    endloop
  endfacet
  facet normal -0.8526401643540874 -0.5224985647159569 0
    outer loop
      vertex 17.34212769154583 373.64804923214723 17.333333333333336
      vertex 17.45838574386164 373.45833333333337 45.333333333333336
      vertex 17.34212769154583 373.64804923214723 45.333333333333336
    endloop
  endfacet
  facet normal -0.878817112661957 -0.477158760259624 0
    outer loop
      vertex 17.45838574386164 373.45833333333337 17.333333333333336
      vertex 17.56455550557834 373.26279295722645 45.333333333333336
      vertex 17.45838574386164 373.45833333333337 45.333333333333336
    endloop
  endfacet
  facet normal -0.878817112661957 0.477158760259624 0
    outer loop
      vertex 17.56455550557834 369.4038737094403 17.333333333333336
      vertex 17.45838574386164 369.20833333333337 45.333333333333336
      vertex 17.56455550557834 369.4038737094403 45.333333333333336
    endloop
  endfacet
  facet normal -0.9025852843498858 0.43051109680824207 0
    outer loop
      vertex 17.660345972758833 369.60470260026125 17.333333333333336
      vertex 17.56455550557834 369.4038737094403 45.333333333333336
      vertex 17.660345972758833 369.60470260026125 45.333333333333336
    endloop
  endfacet
  facet normal -0.9238795325112894 0.38268343236508323 0
    outer loop
      vertex 17.745494590390884 369.81026954776587 17.333333333333336
      vertex 17.660345972758833 369.60470260026125 45.333333333333336
      vertex 17.745494590390884 369.81026954776587 45.333333333333336
    endloop
  endfacet
  facet normal -0.9426414910921591 0.3338068592338254 0
    outer loop
      vertex 17.81976797203218 370.02001110723984 17.333333333333336
      vertex 17.745494590390884 369.81026954776587 45.333333333333336
      vertex 17.81976797203218 370.02001110723984 45.333333333333336
    endloop
  endfacet
  facet normal -0.9588197348681939 0.2840153447039192 0
    outer loop
      vertex 17.88296253950632 370.23335239164766 17.333333333333336
      vertex 17.81976797203218 370.02001110723984 45.333333333333336
      vertex 17.88296253950632 370.23335239164766 45.333333333333336
    endloop
  endfacet
  facet normal -0.9025852843498858 -0.43051109680824207 0
    outer loop
      vertex 17.56455550557834 373.26279295722645 17.333333333333336
      vertex 17.660345972758833 373.0619640664055 45.333333333333336
      vertex 17.56455550557834 373.26279295722645 45.333333333333336
    endloop
  endfacet
  facet normal -0.9238795325112894 -0.38268343236508323 0
    outer loop
      vertex 17.660345972758833 373.0619640664055 17.333333333333336
      vertex 17.745494590390884 372.8563971189009 45.333333333333336
      vertex 17.660345972758833 373.0619640664055 45.333333333333336
    endloop
  endfacet
  facet normal -0.9426414910921591 -0.3338068592338254 0
    outer loop
      vertex 17.745494590390884 372.8563971189009 17.333333333333336
      vertex 17.81976797203218 372.6466555594269 45.333333333333336
      vertex 17.745494590390884 372.8563971189009 45.333333333333336
    endloop
  endfacet
  facet normal -0.9723699203976811 -0.23344536385588607 0
    outer loop
      vertex 17.88296253950632 372.4333142750191 17.333333333333336
      vertex 17.934905080896453 372.21695801930883 45.333333333333336
      vertex 17.88296253950632 372.4333142750191 45.333333333333336
    endloop
  endfacet
  facet normal -0.9588197348681939 -0.2840153447039192 0
    outer loop
      vertex 17.81976797203218 372.6466555594269 17.333333333333336
      vertex 17.88296253950632 372.4333142750191 45.333333333333336
      vertex 17.81976797203218 372.6466555594269 45.333333333333336
    endloop
  endfacet
  facet normal -0.9723699203976811 0.23344536385588607 0
    outer loop
      vertex 17.934905080896453 370.4497086473579 17.333333333333336
      vertex 17.88296253950632 370.23335239164766 45.333333333333336
      vertex 17.934905080896453 370.4497086473579 45.333333333333336
    endloop
  endfacet
  facet normal -0.9832549075639558 0.18223552549214045 0
    outer loop
      vertex 17.975453225307113 370.6684868569124 17.333333333333336
      vertex 17.934905080896453 370.4497086473579 45.333333333333336
      vertex 17.975453225307113 370.6684868569124 45.333333333333336
    endloop
  endfacet
  facet normal -0.9914448613738104 0.13052619222005246 0
    outer loop
      vertex 18.00449583309294 370.88908736444586 17.333333333333336
      vertex 17.975453225307113 370.6684868569124 45.333333333333336
      vertex 18.00449583309294 370.88908736444586 45.333333333333336
    endloop
  endfacet
  facet normal -0.9969173337331265 0.0784590957278625 0
    outer loop
      vertex 18.021953300484718 371.11090551930084 17.333333333333336
      vertex 18.00449583309294 370.88908736444586 45.333333333333336
      vertex 18.021953300484718 371.11090551930084 45.333333333333336
    endloop
  endfacet
  facet normal -0.9996573249755573 0.02617694830786957 0
    outer loop
      vertex 18.02777777777778 371.33333333333337 17.333333333333336
      vertex 18.021953300484718 371.11090551930084 45.333333333333336
      vertex 18.02777777777778 371.33333333333337 45.333333333333336
    endloop
  endfacet
  facet normal -0.9969173337331265 -0.0784590957278625 0
    outer loop
      vertex 18.00449583309294 371.7775793022209 17.333333333333336
      vertex 18.021953300484718 371.5557611473659 45.333333333333336
      vertex 18.00449583309294 371.7775793022209 45.333333333333336
    endloop
  endfacet
  facet normal -0.9996573249755573 -0.02617694830786957 0
    outer loop
      vertex 18.021953300484718 371.5557611473659 17.333333333333336
      vertex 18.02777777777778 371.33333333333337 45.333333333333336
      vertex 18.021953300484718 371.5557611473659 45.333333333333336
    endloop
  endfacet
  facet normal -0.9832549075639558 -0.18223552549214045 0
    outer loop
      vertex 17.934905080896453 372.21695801930883 17.333333333333336
      vertex 17.975453225307113 371.99817980975433 45.333333333333336
      vertex 17.934905080896453 372.21695801930883 45.333333333333336
    endloop
  endfacet
  facet normal -0.9914448613738104 -0.13052619222005246 0
    outer loop
      vertex 17.975453225307113 371.99817980975433 17.333333333333336
      vertex 18.00449583309294 371.7775793022209 45.333333333333336
      vertex 17.975453225307113 371.99817980975433 45.333333333333336
    endloop
  endfacet
  facet normal 0 0 1
    outer loop
      vertex 5.483682552265175 356.503704201888 45.333333333333336
      vertex 24.663507585062632 358.1867313780842 45.333333333333336
      vertex 24.822862749652515 358.394407071871 45.333333333333336
    endloop
  endfacet
  facet normal 0 0 1
    outer loop
      vertex 5.483682552265175 356.503704201888 45.333333333333336
      vertex 24.822862749652515 358.394407071871 45.333333333333336
      vertex 24.971130617504897 358.6101381582582 45.333333333333336
    endloop
  endfacet
  facet normal 0 0 1
    outer loop
      vertex 5.483682552265175 356.503704201888 45.333333333333336
      vertex 24.971130617504897 358.6101381582582 45.333333333333336
      vertex 25.10790479669997 358.83333333333337 45.333333333333336
    endloop
  endfacet
  facet normal 0 0 1
    outer loop
      vertex 5.483682552265175 356.503704201888 45.333333333333336
      vertex 25.10790479669997 358.83333333333337 45.333333333333336
      vertex 25.232810398719618 359.0633808346356 45.333333333333336
    endloop
  endfacet
  facet normal 0 0 1
    outer loop
      vertex 5.483682552265175 356.503704201888 45.333333333333336
      vertex 25.232810398719618 359.0633808346356 45.333333333333336
      vertex 25.345505065990782 359.29965011795434 45.333333333333336
    endloop
  endfacet
  facet normal 0 0 1
    outer loop
      vertex 5.483682552265175 356.503704201888 45.333333333333336
      vertex 25.345505065990782 359.29965011795434 45.333333333333336
      vertex 25.445679910263788 359.5414935856069 45.333333333333336
    endloop
  endfacet
  facet normal 0 0 1
    outer loop
      vertex 5.483682552265175 356.503704201888 45.333333333333336
      vertex 25.445679910263788 359.5414935856069 45.333333333333336
      vertex 25.533060359253547 359.7882483614586 45.333333333333336
    endloop
  endfacet
  facet normal 0 0 1
    outer loop
      vertex 5.483682552265175 356.503704201888 45.333333333333336
      vertex 25.533060359253547 359.7882483614586 45.333333333333336
      vertex 25.60740690922312 360.0392381078208 45.333333333333336
    endloop
  endfacet
  facet normal 0 0 1
    outer loop
      vertex 5.483682552265175 356.503704201888 45.333333333333336
      vertex 25.60740690922312 360.0392381078208 45.333333333333336
      vertex 25.668515781446807 360.29377487924455 45.333333333333336
    endloop
  endfacet
  facet normal 0 0 1
    outer loop
      vertex 5.483682552265175 356.503704201888 45.333333333333336
      vertex 25.668515781446807 360.29377487924455 45.333333333333336
      vertex 25.716219480753466 360.5511610081322 45.333333333333336
    endloop
  endfacet
  facet normal 0 0 1
    outer loop
      vertex 5.483682552265175 356.503704201888 45.333333333333336
      vertex 25.716219480753466 360.5511610081322 45.333333333333336
      vertex 25.750387254619145 360.8106910169951 45.333333333333336
    endloop
  endfacet
  facet normal 0 0 1
    outer loop
      vertex 5.483682552265175 356.503704201888 45.333333333333336
      vertex 25.750387254619145 360.8106910169951 45.333333333333336
      vertex 25.770925451550646 361.0716535521186 45.333333333333336
    endloop
  endfacet
  facet normal 0 0 1
    outer loop
      vertex 5.483682552265175 356.503704201888 45.333333333333336
      vertex 25.770925451550646 361.0716535521186 45.333333333333336
      vertex 25.77777777777778 361.33333333333337 45.333333333333336
    endloop
  endfacet
  facet normal 0 0 1
    outer loop
      vertex 15.902777777777779 367.6527253672495 45.333333333333336
      vertex 25.77777777777778 361.33333333333337 45.333333333333336
      vertex 16.092493676591644 367.7689834195653 45.333333333333336
    endloop
  endfacet
  facet normal 0 0 1
    outer loop
      vertex 16.092493676591644 367.7689834195653 45.333333333333336
      vertex 25.77777777777778 361.33333333333337 45.333333333333336
      vertex 16.275865100020788 367.89501110723984 45.333333333333336
    endloop
  endfacet
  facet normal 0 0 1
    outer loop
      vertex 16.275865100020788 367.89501110723984 45.333333333333336
      vertex 25.77777777777778 361.33333333333337 45.333333333333336
      vertex 16.452389439739587 368.0304629971412 45.333333333333336
    endloop
  endfacet
  facet normal 0 0 1
    outer loop
      vertex 16.452389439739587 368.0304629971412 45.333333333333336
      vertex 25.77777777777778 361.33333333333337 45.333333333333336
      vertex 16.621582854802927 368.17496782505447 45.333333333333336
    endloop
  endfacet
  facet normal 0 0 1
    outer loop
      vertex 16.621582854802927 368.17496782505447 45.333333333333336
      vertex 25.77777777777778 361.33333333333337 45.333333333333336
      vertex 16.782981597820605 368.32812951329055 45.333333333333336
    endloop
  endfacet
  facet normal -0.7253743710122956 0.6883545756937456 0
    outer loop
      vertex 16.936143286056705 393.48952825630823 -17.666666666666664
      vertex 16.782981597820605 393.32812951329055 45.333333333333336
      vertex 16.936143286056705 393.48952825630823 45.333333333333336
    endloop
  endfacet
  facet normal -0.7604059655999982 0.649448048330222 0
    outer loop
      vertex 17.080648113969904 393.65872167137155 -17.666666666666664
      vertex 16.936143286056705 393.48952825630823 45.333333333333336
      vertex 17.080648113969904 393.65872167137155 45.333333333333336
    endloop
  endfacet
  facet normal -0.7933533402912547 0.6087614290086953 0
    outer loop
      vertex 17.216100003871304 393.83524601109036 -17.666666666666664
      vertex 17.080648113969904 393.65872167137155 45.333333333333336
      vertex 17.216100003871304 393.83524601109036 45.333333333333336
    endloop
  endfacet
  facet normal -0.824126188622022 0.5664062369248235 0
    outer loop
      vertex 17.34212769154583 394.0186174345195 -17.666666666666664
      vertex 17.216100003871304 393.83524601109036 45.333333333333336
      vertex 17.34212769154583 394.0186174345195 45.333333333333336
    endloop
  endfacet
  facet normal -0.8526401643540873 0.5224985647159568 0
    outer loop
      vertex 17.45838574386164 394.20833333333337 -17.666666666666664
      vertex 17.34212769154583 394.0186174345195 45.333333333333336
      vertex 17.45838574386164 394.20833333333337 45.333333333333336
    endloop
  endfacet
  facet normal -0.7253743710122956 -0.6883545756937456 0
    outer loop
      vertex 16.782981597820605 399.3385371533762 -17.666666666666664
      vertex 16.936143286056705 399.1771384103585 45.333333333333336
      vertex 16.782981597820605 399.3385371533762 45.333333333333336
    endloop
  endfacet
  facet normal -0.7604059655999982 -0.649448048330222 0
    outer loop
      vertex 16.936143286056705 399.1771384103585 -17.666666666666664
      vertex 17.080648113969904 399.0079449952952 45.333333333333336
      vertex 16.936143286056705 399.1771384103585 45.333333333333336
    endloop
  endfacet
  facet normal -0.7933533402912547 -0.6087614290086953 0
    outer loop
      vertex 17.080648113969904 399.0079449952952 -17.666666666666664
      vertex 17.216100003871304 398.8314206555764 45.333333333333336
      vertex 17.080648113969904 399.0079449952952 45.333333333333336
    endloop
  endfacet
  facet normal -0.8788171126619568 -0.477158760259624 0
    outer loop
      vertex 17.45838574386164 398.45833333333337 -17.666666666666664
      vertex 17.56455550557834 398.26279295722645 45.333333333333336
      vertex 17.45838574386164 398.45833333333337 45.333333333333336
    endloop
  endfacet
  facet normal -0.824126188622022 -0.5664062369248235 0
    outer loop
      vertex 17.216100003871304 398.8314206555764 -17.666666666666664
      vertex 17.34212769154583 398.64804923214723 45.333333333333336
      vertex 17.216100003871304 398.8314206555764 45.333333333333336
    endloop
  endfacet
  facet normal -0.8526401643540873 -0.5224985647159568 0
    outer loop
      vertex 17.34212769154583 398.64804923214723 -17.666666666666664
      vertex 17.45838574386164 398.45833333333337 45.333333333333336
      vertex 17.34212769154583 398.64804923214723 45.333333333333336
    endloop
  endfacet
  facet normal -0.8788171126619568 0.477158760259624 0
    outer loop
      vertex 17.56455550557834 394.4038737094403 -17.666666666666664
      vertex 17.45838574386164 394.20833333333337 45.333333333333336
      vertex 17.56455550557834 394.4038737094403 45.333333333333336
    endloop
  endfacet
  facet normal -0.9025852843498859 0.43051109680824207 0
    outer loop
      vertex 17.660345972758833 394.60470260026125 -17.666666666666664
      vertex 17.56455550557834 394.4038737094403 45.333333333333336
      vertex 17.660345972758833 394.60470260026125 45.333333333333336
    endloop
  endfacet
  facet normal -0.9238795325112895 0.38268343236508323 0
    outer loop
      vertex 17.745494590390884 394.81026954776587 -17.666666666666664
      vertex 17.660345972758833 394.60470260026125 45.333333333333336
      vertex 17.745494590390884 394.81026954776587 45.333333333333336
    endloop
  endfacet
  facet normal -0.9426414910921591 0.3338068592338254 0
    outer loop
      vertex 17.81976797203218 395.02001110723984 -17.666666666666664
      vertex 17.745494590390884 394.81026954776587 45.333333333333336
      vertex 17.81976797203218 395.02001110723984 45.333333333333336
    endloop
  endfacet
  facet normal -0.958819734868194 0.28401534470391926 0
    outer loop
      vertex 17.88296253950632 395.23335239164766 -17.666666666666664
      vertex 17.81976797203218 395.02001110723984 45.333333333333336
      vertex 17.88296253950632 395.23335239164766 45.333333333333336
    endloop
  endfacet
  facet normal -0.9723699203976812 0.23344536385588613 0
    outer loop
      vertex 17.934905080896453 395.4497086473579 -17.666666666666664
      vertex 17.88296253950632 395.23335239164766 45.333333333333336
      vertex 17.934905080896453 395.4497086473579 45.333333333333336
    endloop
  endfacet
  facet normal -0.9832549075639558 0.18223552549214045 0
    outer loop
      vertex 17.975453225307113 395.6684868569124 -17.666666666666664
      vertex 17.934905080896453 395.4497086473579 45.333333333333336
      vertex 17.975453225307113 395.6684868569124 45.333333333333336
    endloop
  endfacet
  facet normal -0.9025852843498859 -0.43051109680824207 0
    outer loop
      vertex 17.56455550557834 398.26279295722645 -17.666666666666664
      vertex 17.660345972758833 398.0619640664055 45.333333333333336
      vertex 17.56455550557834 398.26279295722645 45.333333333333336
    endloop
  endfacet
  facet normal -0.9238795325112895 -0.38268343236508323 0
    outer loop
      vertex 17.660345972758833 398.0619640664055 -17.666666666666664
      vertex 17.745494590390884 397.8563971189009 45.333333333333336
      vertex 17.660345972758833 398.0619640664055 45.333333333333336
    endloop
  endfacet
  facet normal -0.9426414910921591 -0.3338068592338254 0
    outer loop
      vertex 17.745494590390884 397.8563971189009 -17.666666666666664
      vertex 17.81976797203218 397.6466555594269 45.333333333333336
      vertex 17.745494590390884 397.8563971189009 45.333333333333336
    endloop
  endfacet
  facet normal -0.958819734868194 -0.28401534470391926 0
    outer loop
      vertex 17.81976797203218 397.6466555594269 -17.666666666666664
      vertex 17.88296253950632 397.4333142750191 45.333333333333336
      vertex 17.81976797203218 397.6466555594269 45.333333333333336
    endloop
  endfacet
  facet normal -0.9723699203976812 -0.23344536385588613 0
    outer loop
      vertex 17.88296253950632 397.4333142750191 -17.666666666666664
      vertex 17.934905080896453 397.21695801930883 45.333333333333336
      vertex 17.88296253950632 397.4333142750191 45.333333333333336
    endloop
  endfacet
  facet normal -0.9914448613738103 0.13052619222005246 0
    outer loop
      vertex 18.00449583309294 395.88908736444586 -17.666666666666664
      vertex 17.975453225307113 395.6684868569124 45.333333333333336
      vertex 18.00449583309294 395.88908736444586 45.333333333333336
    endloop
  endfacet
  facet normal -0.9914448613738103 -0.13052619222005246 0
    outer loop
      vertex 17.975453225307113 396.99817980975433 -17.666666666666664
      vertex 18.00449583309294 396.7775793022209 45.333333333333336
      vertex 17.975453225307113 396.99817980975433 45.333333333333336
    endloop
  endfacet
  facet normal -0.9969173337331266 0.07845909572786251 0
    outer loop
      vertex 18.021953300484718 396.11090551930084 -17.666666666666664
      vertex 18.00449583309294 395.88908736444586 45.333333333333336
      vertex 18.021953300484718 396.11090551930084 45.333333333333336
    endloop
  endfacet
  facet normal -0.9996573249755575 0.026176948307869572 0
    outer loop
      vertex 18.02777777777778 396.33333333333337 -17.666666666666664
      vertex 18.021953300484718 396.11090551930084 45.333333333333336
      vertex 18.02777777777778 396.33333333333337 45.333333333333336
    endloop
  endfacet
  facet normal -0.9969173337331266 -0.07845909572786251 0
    outer loop
      vertex 18.00449583309294 396.7775793022209 -17.666666666666664
      vertex 18.021953300484718 396.5557611473659 45.333333333333336
      vertex 18.00449583309294 396.7775793022209 45.333333333333336
    endloop
  endfacet
  facet normal -0.9996573249755575 -0.026176948307869572 0
    outer loop
      vertex 18.021953300484718 396.5557611473659 -17.666666666666664
      vertex 18.02777777777778 396.33333333333337 45.333333333333336
      vertex 18.021953300484718 396.5557611473659 45.333333333333336
    endloop
  endfacet
  facet normal -0.9832549075639558 -0.18223552549214045 0
    outer loop
      vertex 17.934905080896453 397.21695801930883 -17.666666666666664
      vertex 17.975453225307113 396.99817980975433 45.333333333333336
      vertex 17.934905080896453 397.21695801930883 45.333333333333336
    endloop
  endfacet
  facet normal 0 0 1
    outer loop
      vertex 16.782981597820605 374.3385371533762 45.333333333333336
      vertex 16.936143286056705 374.1771384103585 45.333333333333336
      vertex 16.782981597820605 393.32812951329055 45.333333333333336
    endloop
  endfacet
  facet normal 0 0 1
    outer loop
      vertex 16.936143286056705 374.1771384103585 45.333333333333336
      vertex 17.080648113969904 374.0079449952952 45.333333333333336
      vertex 16.936143286056705 393.48952825630823 45.333333333333336
    endloop
  endfacet
  facet normal 0 0 1
    outer loop
      vertex 17.080648113969904 374.0079449952952 45.333333333333336
      vertex 17.216100003871304 373.8314206555764 45.333333333333336
      vertex 17.080648113969904 393.65872167137155 45.333333333333336
    endloop
  endfacet
  facet normal 0 0 1
    outer loop
      vertex 17.216100003871304 373.8314206555764 45.333333333333336
      vertex 17.34212769154583 373.64804923214723 45.333333333333336
      vertex 17.216100003871304 393.83524601109036 45.333333333333336
    endloop
  endfacet
  facet normal 0 0 1
    outer loop
      vertex 17.34212769154583 373.64804923214723 45.333333333333336
      vertex 17.45838574386164 373.45833333333337 45.333333333333336
      vertex 17.34212769154583 394.0186174345195 45.333333333333336
    endloop
  endfacet
  facet normal 0 0 1
    outer loop
      vertex 17.45838574386164 373.45833333333337 45.333333333333336
      vertex 17.56455550557834 373.26279295722645 45.333333333333336
      vertex 17.45838574386164 394.20833333333337 45.333333333333336
    endloop
  endfacet
  facet normal 0 0 1
    outer loop
      vertex 16.936143286056705 374.1771384103585 45.333333333333336
      vertex 16.936143286056705 393.48952825630823 45.333333333333336
      vertex 16.782981597820605 393.32812951329055 45.333333333333336
    endloop
  endfacet
  facet normal 0 0 1
    outer loop
      vertex 17.080648113969904 374.0079449952952 45.333333333333336
      vertex 17.080648113969904 393.65872167137155 45.333333333333336
      vertex 16.936143286056705 393.48952825630823 45.333333333333336
    endloop
  endfacet
  facet normal 0 0 1
    outer loop
      vertex 17.216100003871304 373.8314206555764 45.333333333333336
      vertex 17.216100003871304 393.83524601109036 45.333333333333336
      vertex 17.080648113969904 393.65872167137155 45.333333333333336
    endloop
  endfacet
  facet normal 0 0 1
    outer loop
      vertex 17.34212769154583 373.64804923214723 45.333333333333336
      vertex 17.34212769154583 394.0186174345195 45.333333333333336
      vertex 17.216100003871304 393.83524601109036 45.333333333333336
    endloop
  endfacet
  facet normal 0 0 1
    outer loop
      vertex 17.45838574386164 373.45833333333337 45.333333333333336
      vertex 17.45838574386164 394.20833333333337 45.333333333333336
      vertex 17.34212769154583 394.0186174345195 45.333333333333336
    endloop
  endfacet
  facet normal 0 0 1
    outer loop
      vertex 17.660345972758833 373.0619640664055 45.333333333333336
      vertex 17.745494590390884 372.8563971189009 45.333333333333336
      vertex 17.660345972758833 394.60470260026125 45.333333333333336
    endloop
  endfacet
  facet normal 0 0 1
    outer loop
      vertex 17.660345972758833 373.0619640664055 45.333333333333336
      vertex 17.56455550557834 394.4038737094403 45.333333333333336
      vertex 17.56455550557834 373.26279295722645 45.333333333333336
    endloop
  endfacet
  facet normal 0 0 1
    outer loop
      vertex 17.745494590390884 372.8563971189009 45.333333333333336
      vertex 17.81976797203218 372.6466555594269 45.333333333333336
      vertex 17.745494590390884 394.81026954776587 45.333333333333336
    endloop
  endfacet
  facet normal 0 0 1
    outer loop
      vertex 17.88296253950632 372.4333142750191 45.333333333333336
      vertex 17.81976797203218 395.02001110723984 45.333333333333336
      vertex 17.81976797203218 372.6466555594269 45.333333333333336
    endloop
  endfacet
  facet normal 0 0 1
    outer loop
      vertex 17.88296253950632 372.4333142750191 45.333333333333336
      vertex 17.934905080896453 372.21695801930883 45.333333333333336
      vertex 17.88296253950632 395.23335239164766 45.333333333333336
    endloop
  endfacet
  facet normal 0 0 1
    outer loop
      vertex 17.934905080896453 372.21695801930883 45.333333333333336
      vertex 17.975453225307113 371.99817980975433 45.333333333333336
      vertex 17.934905080896453 395.4497086473579 45.333333333333336
    endloop
  endfacet
  facet normal 0 0 1
    outer loop
      vertex 18.00449583309294 371.7775793022209 45.333333333333336
      vertex 17.975453225307113 395.6684868569124 45.333333333333336
      vertex 17.975453225307113 371.99817980975433 45.333333333333336
    endloop
  endfacet
  facet normal 0 0 1
    outer loop
      vertex 17.56455550557834 373.26279295722645 45.333333333333336
      vertex 17.56455550557834 394.4038737094403 45.333333333333336
      vertex 17.45838574386164 394.20833333333337 45.333333333333336
    endloop
  endfacet
  facet normal 0 0 1
    outer loop
      vertex 17.660345972758833 373.0619640664055 45.333333333333336
      vertex 17.660345972758833 394.60470260026125 45.333333333333336
      vertex 17.56455550557834 394.4038737094403 45.333333333333336
    endloop
  endfacet
  facet normal 0 0 1
    outer loop
      vertex 17.745494590390884 372.8563971189009 45.333333333333336
      vertex 17.745494590390884 394.81026954776587 45.333333333333336
      vertex 17.660345972758833 394.60470260026125 45.333333333333336
    endloop
  endfacet
  facet normal 0 0 1
    outer loop
      vertex 17.81976797203218 372.6466555594269 45.333333333333336
      vertex 17.81976797203218 395.02001110723984 45.333333333333336
      vertex 17.745494590390884 394.81026954776587 45.333333333333336
    endloop
  endfacet
  facet normal 0 0 1
    outer loop
      vertex 17.88296253950632 372.4333142750191 45.333333333333336
      vertex 17.88296253950632 395.23335239164766 45.333333333333336
      vertex 17.81976797203218 395.02001110723984 45.333333333333336
    endloop
  endfacet
  facet normal 0 0 1
    outer loop
      vertex 17.934905080896453 372.21695801930883 45.333333333333336
      vertex 17.934905080896453 395.4497086473579 45.333333333333336
      vertex 17.88296253950632 395.23335239164766 45.333333333333336
    endloop
  endfacet
  facet normal 0 0 1
    outer loop
      vertex 17.975453225307113 371.99817980975433 45.333333333333336
      vertex 17.975453225307113 395.6684868569124 45.333333333333336
      vertex 17.934905080896453 395.4497086473579 45.333333333333336
    endloop
  endfacet
  facet normal 0 0 1
    outer loop
      vertex 18.00449583309294 371.7775793022209 45.333333333333336
      vertex 18.00449583309294 395.88908736444586 45.333333333333336
      vertex 17.975453225307113 395.6684868569124 45.333333333333336
    endloop
  endfacet
  facet normal 0 0 1
    outer loop
      vertex 18.00449583309294 371.7775793022209 45.333333333333336
      vertex 18.021953300484718 396.11090551930084 45.333333333333336
      vertex 18.00449583309294 395.88908736444586 45.333333333333336
    endloop
  endfacet
  facet normal 0 0 1
    outer loop
      vertex 18.00449583309294 371.7775793022209 45.333333333333336
      vertex 18.02777777777778 396.33333333333337 45.333333333333336
      vertex 18.021953300484718 396.11090551930084 45.333333333333336
    endloop
  endfacet
  facet normal 0 0 1
    outer loop
      vertex 15.707237401670852 400.1201110611339 45.333333333333336
      vertex 15.902777777777779 400.01394129941724 45.333333333333336
      vertex 25.77777777777778 403.83333333333337 45.333333333333336
    endloop
  endfacet
  facet normal 0 0 1
    outer loop
      vertex 15.902777777777779 400.01394129941724 45.333333333333336
      vertex 16.092493676591644 399.89768324710144 45.333333333333336
      vertex 25.77777777777778 403.83333333333337 45.333333333333336
    endloop
  endfacet
  facet normal 0 0 1
    outer loop
      vertex 16.092493676591644 399.89768324710144 45.333333333333336
      vertex 16.275865100020788 399.7716555594269 45.333333333333336
      vertex 25.77777777777778 403.83333333333337 45.333333333333336
    endloop
  endfacet
  facet normal 0 0 1
    outer loop
      vertex 16.275865100020788 399.7716555594269 45.333333333333336
      vertex 16.452389439739587 399.6362036695255 45.333333333333336
      vertex 25.77777777777778 403.83333333333337 45.333333333333336
    endloop
  endfacet
  facet normal 0 0 1
    outer loop
      vertex 16.452389439739587 399.6362036695255 45.333333333333336
      vertex 16.621582854802927 399.4916988416123 45.333333333333336
      vertex 25.77777777777778 403.83333333333337 45.333333333333336
    endloop
  endfacet
  facet normal 0 0 1
    outer loop
      vertex 16.621582854802927 399.4916988416123 45.333333333333336
      vertex 16.782981597820605 399.3385371533762 45.333333333333336
      vertex 25.77777777777778 403.83333333333337 45.333333333333336
    endloop
  endfacet
  facet normal 0 1 0
    outer loop
      vertex 11.777777777777779 407.83333333333337 45.333333333333336
      vertex 15.777777777777779 407.83333333333337 45.333333333333336
      vertex 15.777777777777779 407.83333333333337 -42.666666666666664
    endloop
  endfacet
  facet normal 1 0 0
    outer loop
      vertex 15.777777777777779 407.83333333333337 45.333333333333336
      vertex 15.777777777777779 403.83333333333337 45.333333333333336
      vertex 15.777777777777779 407.83333333333337 -42.666666666666664
    endloop
  endfacet
  facet normal 0 1 0
    outer loop
      vertex 25.77777777777778 403.83333333333337 45.333333333333336
      vertex 15.777777777777779 403.83333333333337 -42.666666666666664
      vertex 15.777777777777779 403.83333333333337 45.333333333333336
    endloop
  endfacet
  facet normal 0 0 1
    outer loop
      vertex 14.87775871946349 400.4385180950619 45.333333333333336
      vertex 15.777777777777779 403.83333333333337 45.333333333333336
      vertex 11.777777777777779 403.83333333333337 45.333333333333336
    endloop
  endfacet
  facet normal 0 0 1
    outer loop
      vertex 11.777777777777779 407.83333333333337 45.333333333333336
      vertex 15.777777777777779 403.83333333333337 45.333333333333336
      vertex 15.777777777777779 407.83333333333337 45.333333333333336
    endloop
  endfacet
  facet normal 0 0 1
    outer loop
      vertex 14.87775871946349 400.4385180950619 45.333333333333336
      vertex 15.091100003871304 400.3753235275878 45.333333333333336
      vertex 25.77777777777778 403.83333333333337 45.333333333333336
    endloop
  endfacet
  facet normal 0 0 1
    outer loop
      vertex 15.091100003871304 400.3753235275878 45.333333333333336
      vertex 15.300841563345305 400.3010501459465 45.333333333333336
      vertex 25.77777777777778 403.83333333333337 45.333333333333336
    endloop
  endfacet
  facet normal 0 0 1
    outer loop
      vertex 14.87775871946349 400.4385180950619 45.333333333333336
      vertex 25.77777777777778 403.83333333333337 45.333333333333336
      vertex 15.777777777777779 403.83333333333337 45.333333333333336
    endloop
  endfacet
  facet normal 0 0 1
    outer loop
      vertex 15.300841563345305 400.3010501459465 45.333333333333336
      vertex 15.50640851084993 400.2159015283144 45.333333333333336
      vertex 25.77777777777778 403.83333333333337 45.333333333333336
    endloop
  endfacet
  facet normal 0 0 1
    outer loop
      vertex 15.50640851084993 400.2159015283144 45.333333333333336
      vertex 15.707237401670852 400.1201110611339 45.333333333333336
      vertex 25.77777777777778 403.83333333333337 45.333333333333336
    endloop
  endfacet
  facet normal 0.02527257553248716 -0.9651207220514204 -0.26058259495388353
    outer loop
      vertex 20.77777777777778 383.33333333333337 -54.666666666666664
      vertex 21.0394575589925 356.3401856595605 45.333333333333336
      vertex 20.77777777777778 356.33333333333337 45.333333333333336
    endloop
  endfacet
  facet normal 0.07576253899547881 -0.9626543318111229 -0.25991666958900317
    outer loop
      vertex 21.0394575589925 383.3401856595605 -54.666666666666664
      vertex 21.300420094116046 356.360723856492 45.333333333333336
      vertex 21.0394575589925 356.3401856595605 45.333333333333336
    endloop
  endfacet
  facet normal 0.1260867830252162 -0.9577242007233994 -0.2585855341953178
    outer loop
      vertex 21.300420094116046 383.360723856492 -54.666666666666664
      vertex 21.55995010297893 356.3948916303577 45.333333333333336
      vertex 21.300420094116046 356.360723856492 45.333333333333336
    endloop
  endfacet
  facet normal 0.1761343115106293 -0.9503357027420926 -0.256590639740365
    outer loop
      vertex 21.55995010297893 383.3948916303577 -54.666666666666664
      vertex 21.817336231866577 356.44259532966436 45.333333333333336
      vertex 21.55995010297893 356.3948916303577 45.333333333333336
    endloop
  endfacet
  facet normal 0.22579337322863108 -0.9404970855975877 -0.25393421311134867
    outer loop
      vertex 21.817336231866577 383.44259532966436 -54.666666666666664
      vertex 22.07187300329038 356.503704201888 45.333333333333336
      vertex 21.817336231866577 356.44259532966436 45.333333333333336
    endloop
  endfacet
  facet normal 0.2749511989976268 -0.9282196917890546 -0.2506193167830447
    outer loop
      vertex 22.07187300329038 383.503704201888 -54.666666666666664
      vertex 22.322862749652515 356.57805075185763 45.333333333333336
      vertex 22.07187300329038 356.503704201888 45.333333333333336
    endloop
  endfacet
  facet normal 0.32349377791732475 -0.9135182478726749 -0.2466499269256222
    outer loop
      vertex 22.322862749652515 383.57805075185763 -54.666666666666664
      vertex 22.569617525504277 356.66543120084737 45.333333333333336
      vertex 22.322862749652515 356.57805075185763 45.333333333333336
    endloop
  endfacet
  facet normal 0.37130568365680516 -0.8964112172705448 -0.24203102866304713
    outer loop
      vertex 22.569617525504277 383.66543120084737 -54.666666666666664
      vertex 22.81146099315678 356.76560604512036 45.333333333333336
      vertex 22.569617525504277 356.66543120084737 45.333333333333336
    endloop
  endfacet
  facet normal 0.41826996148421824 -0.8769212104405528 -0.23676872681894925
    outer loop
      vertex 22.81146099315678 383.76560604512036 -54.666666666666664
      vertex 23.047730276475512 356.87830071239154 45.333333333333336
      vertex 22.81146099315678 356.76560604512036 45.333333333333336
    endloop
  endfacet
  facet normal 0.46426808634838923 -0.8550754447510704 -0.23087037008278902
    outer loop
      vertex 23.047730276475512 383.87830071239154 -54.666666666666664
      vertex 23.27777777777778 357.00320631441116 45.333333333333336
      vertex 23.047730276475512 356.87830071239154 45.333333333333336
    endloop
  endfacet
  facet normal 0.5091800016986241 -0.830906244824139 -0.2243446861025175
    outer loop
      vertex 23.27777777777778 384.00320631441116 -54.666666666666664
      vertex 23.500972952852912 357.13998049360623 45.333333333333336
      vertex 23.27777777777778 357.00320631441116 45.333333333333336
    endloop
  endfacet
  facet normal 0.5528842478663062 -0.8044515724562633 -0.2172019245631911
    outer loop
      vertex 23.500972952852912 384.13998049360623 -54.666666666666664
      vertex 23.716704039240145 357.2882483614586 45.333333333333336
      vertex 23.500972952852912 357.13998049360623 45.333333333333336
    endloop
  endfacet
  facet normal 0.5952581876536662 -0.775755573541661 -0.20945400485624846
    outer loop
      vertex 23.716704039240145 384.2882483614586 -54.666666666666664
      vertex 23.924379733026967 357.4476035260485 45.333333333333336
      vertex 23.716704039240145 357.2882483614586 45.333333333333336
    endloop
  endfacet
  facet normal 0.6361783352288168 -0.7448691277728453 -0.20111466449866822
    outer loop
      vertex 23.924379733026967 384.4476035260485 -54.666666666666664
      vertex 24.12343080957207 357.6176092059464 45.333333333333336
      vertex 23.924379733026967 357.4476035260485 45.333333333333336
    endloop
  endfacet
  facet normal 0.6755207924937232 -0.7118503853440072 -0.19219960404288194
    outer loop
      vertex 24.12343080957207 384.6176092059464 -54.666666666666664
      vertex 24.313311683710516 357.7977994274006 45.333333333333336
      vertex 24.12343080957207 357.6176092059464 45.333333333333336
    endloop
  endfacet
  facet normal 0.7131617947340884 -0.6767652735374136 -0.18272662385510166
    outer loop
      vertex 24.313311683710516 384.7977994274006 -54.666666666666664
      vertex 24.49350190516475 357.98768030153906 45.333333333333336
      vertex 24.313311683710516 357.7977994274006 45.333333333333336
    endloop
  endfacet
  facet normal 0.7489783645946981 -0.6396879550302953 -0.17271574785817972
    outer loop
      vertex 24.49350190516475 384.98768030153906 -54.666666666666664
      vertex 24.663507585062632 358.1867313780842 45.333333333333336
      vertex 24.49350190516475 357.98768030153906 45.333333333333336
    endloop
  endfacet
  facet normal 0.7828490702758729 -0.6007012191369109 -0.16218932916696593
    outer loop
      vertex 24.663507585062632 385.1867313780842 -54.666666666666664
      vertex 24.822862749652515 358.394407071871 45.333333333333336
      vertex 24.663507585062632 358.1867313780842 45.333333333333336
    endloop
  endfacet
  facet normal 0.8146548803791458 -0.5598967871164798 -0.15117213252144956
    outer loop
      vertex 24.822862749652515 385.394407071871 -54.666666666666664
      vertex 24.971130617504897 358.6101381582582 45.333333333333336
      vertex 24.822862749652515 358.394407071871 45.333333333333336
    endloop
  endfacet
  facet normal 0.8442801041503677 -0.5173755132341767 -0.13969138857322771
    outer loop
      vertex 24.971130617504897 385.6101381582582 -54.666666666666664
      vertex 25.10790479669997 358.83333333333337 45.333333333333336
      vertex 24.971130617504897 358.6101381582582 45.333333333333336
    endloop
  endfacet
  facet normal 0.871613402106135 -0.47324746455484157 -0.12777681542980723
    outer loop
      vertex 25.10790479669997 385.83333333333337 -54.666666666666664
      vertex 25.232810398719618 359.0633808346356 45.333333333333336
      vertex 25.10790479669997 358.83333333333337 45.333333333333336
    endloop
  endfacet
  facet normal 0.8965488483574133 -0.4276318645351929 -0.1154606034245021
    outer loop
      vertex 25.232810398719618 386.0633808346356 -54.666666666666664
      vertex 25.345505065990782 359.29965011795434 45.333333333333336
      vertex 25.232810398719618 359.0633808346356 45.333333333333336
    endloop
  endfacet
  facet normal 0.9189870225541811 -0.3806568883867716 -0.10277735986442832
    outer loop
      vertex 25.345505065990782 386.29965011795434 -54.666666666666664
      vertex 25.445679910263788 359.5414935856069 45.333333333333336
      vertex 25.345505065990782 359.29965011795434 45.333333333333336
    endloop
  endfacet
  facet normal 0.9388361064848212 -0.33245930186871286 -0.08976401150455246
    outer loop
      vertex 25.445679910263788 386.5414935856069 -54.666666666666664
      vertex 25.533060359253547 359.7882483614586 45.333333333333336
      vertex 25.445679910263788 359.5414935856069 45.333333333333336
    endloop
  endfacet
  facet normal 0.9560129581752091 -0.2831839395700747 -0.07645966368392018
    outer loop
      vertex 25.533060359253547 386.7882483614586 -54.666666666666664
      vertex 25.60740690922312 360.0392381078208 45.333333333333336
      vertex 25.533060359253547 359.7882483614586 45.333333333333336
    endloop
  endfacet
  facet normal 0.9704441350512727 -0.23298302369972185 -0.0629054163989249
    outer loop
      vertex 25.60740690922312 387.0392381078208 -54.666666666666664
      vertex 25.668515781446807 360.29377487924455 45.333333333333336
      vertex 25.60740690922312 360.0392381078208 45.333333333333336
    endloop
  endfacet
  facet normal 0.982066837514126 -0.1820153297237727 -0.049144139025418636
    outer loop
      vertex 25.668515781446807 387.29377487924455 -54.666666666666664
      vertex 25.716219480753466 360.5511610081322 45.333333333333336
      vertex 25.668515781446807 360.29377487924455 45.333333333333336
    endloop
  endfacet
  facet normal 0.9908297452376399 -0.13044521064441925 -0.035220206873993194
    outer loop
      vertex 25.716219480753466 387.5511610081322 -54.666666666666664
      vertex 25.750387254619145 360.8106910169951 45.333333333333336
      vertex 25.716219480753466 360.5511610081322 45.333333333333336
    endloop
  endfacet
  facet normal 0.9966937206877344 -0.07844149699951107 -0.02117920418986799
    outer loop
      vertex 25.750387254619145 387.8106910169951 -54.666666666666664
      vertex 25.770925451550646 361.0716535521186 45.333333333333336
      vertex 25.750387254619145 360.8106910169951 45.333333333333336
    endloop
  endfacet
  facet normal 0.9996323577407563 -0.02617629451782551 -0.007067599519812903
    outer loop
      vertex 25.770925451550646 388.0716535521187 -54.666666666666664
      vertex 25.77777777777778 361.33333333333337 45.333333333333336
      vertex 25.770925451550646 361.0716535521186 45.333333333333336
    endloop
  endfacet
  facet normal 1 0 0
    outer loop
      vertex 25.77777777777778 388.33333333333337 -54.666666666666664
      vertex 25.77777777777778 403.83333333333337 45.333333333333336
      vertex 25.77777777777778 361.33333333333337 45.333333333333336
    endloop
  endfacet
  facet normal 0 0 1
    outer loop
      vertex 16.782981597820605 368.32812951329055 45.333333333333336
      vertex 25.77777777777778 361.33333333333337 45.333333333333336
      vertex 16.936143286056705 368.48952825630823 45.333333333333336
    endloop
  endfacet
  facet normal 0 0 1
    outer loop
      vertex 16.936143286056705 368.48952825630823 45.333333333333336
      vertex 25.77777777777778 361.33333333333337 45.333333333333336
      vertex 17.080648113969904 368.65872167137155 45.333333333333336
    endloop
  endfacet
  facet normal 0 0 1
    outer loop
      vertex 17.080648113969904 368.65872167137155 45.333333333333336
      vertex 25.77777777777778 361.33333333333337 45.333333333333336
      vertex 17.216100003871304 368.83524601109036 45.333333333333336
    endloop
  endfacet
  facet normal 0 0 1
    outer loop
      vertex 17.216100003871304 368.83524601109036 45.333333333333336
      vertex 25.77777777777778 361.33333333333337 45.333333333333336
      vertex 17.34212769154583 369.0186174345195 45.333333333333336
    endloop
  endfacet
  facet normal 0 0 1
    outer loop
      vertex 17.34212769154583 369.0186174345195 45.333333333333336
      vertex 25.77777777777778 361.33333333333337 45.333333333333336
      vertex 17.45838574386164 369.20833333333337 45.333333333333336
    endloop
  endfacet
  facet normal 0 0 1
    outer loop
      vertex 17.45838574386164 369.20833333333337 45.333333333333336
      vertex 25.77777777777778 361.33333333333337 45.333333333333336
      vertex 17.56455550557834 369.4038737094403 45.333333333333336
    endloop
  endfacet
  facet normal 0 0 1
    outer loop
      vertex 17.56455550557834 369.4038737094403 45.333333333333336
      vertex 25.77777777777778 361.33333333333337 45.333333333333336
      vertex 17.660345972758833 369.60470260026125 45.333333333333336
    endloop
  endfacet
  facet normal 0 0 1
    outer loop
      vertex 17.660345972758833 369.60470260026125 45.333333333333336
      vertex 25.77777777777778 361.33333333333337 45.333333333333336
      vertex 17.745494590390884 369.81026954776587 45.333333333333336
    endloop
  endfacet
  facet normal 0 0 1
    outer loop
      vertex 17.745494590390884 369.81026954776587 45.333333333333336
      vertex 25.77777777777778 361.33333333333337 45.333333333333336
      vertex 17.81976797203218 370.02001110723984 45.333333333333336
    endloop
  endfacet
  facet normal 0 0 1
    outer loop
      vertex 17.81976797203218 370.02001110723984 45.333333333333336
      vertex 25.77777777777778 361.33333333333337 45.333333333333336
      vertex 17.88296253950632 370.23335239164766 45.333333333333336
    endloop
  endfacet
  facet normal 0 0 1
    outer loop
      vertex 17.88296253950632 370.23335239164766 45.333333333333336
      vertex 25.77777777777778 361.33333333333337 45.333333333333336
      vertex 17.934905080896453 370.4497086473579 45.333333333333336
    endloop
  endfacet
  facet normal 0 0 1
    outer loop
      vertex 17.934905080896453 370.4497086473579 45.333333333333336
      vertex 25.77777777777778 361.33333333333337 45.333333333333336
      vertex 17.975453225307113 370.6684868569124 45.333333333333336
    endloop
  endfacet
  facet normal 0 0 1
    outer loop
      vertex 17.975453225307113 370.6684868569124 45.333333333333336
      vertex 25.77777777777778 361.33333333333337 45.333333333333336
      vertex 18.00449583309294 370.88908736444586 45.333333333333336
    endloop
  endfacet
  facet normal 0 0 1
    outer loop
      vertex 18.021953300484718 371.11090551930084 45.333333333333336
      vertex 25.77777777777778 361.33333333333337 45.333333333333336
      vertex 18.02777777777778 371.33333333333337 45.333333333333336
    endloop
  endfacet
  facet normal 0 0 1
    outer loop
      vertex 18.00449583309294 370.88908736444586 45.333333333333336
      vertex 25.77777777777778 361.33333333333337 45.333333333333336
      vertex 18.021953300484718 371.11090551930084 45.333333333333336
    endloop
  endfacet
  facet normal 0 0 1
    outer loop
      vertex 18.02777777777778 371.33333333333337 45.333333333333336
      vertex 25.77777777777778 361.33333333333337 45.333333333333336
      vertex 18.021953300484718 371.5557611473659 45.333333333333336
    endloop
  endfacet
  facet normal 0 0 1
    outer loop
      vertex 18.00449583309294 371.7775793022209 45.333333333333336
      vertex 18.021953300484718 371.5557611473659 45.333333333333336
      vertex 25.77777777777778 361.33333333333337 45.333333333333336
    endloop
  endfacet
  facet normal 0 0 1
    outer loop
      vertex 18.00449583309294 371.7775793022209 45.333333333333336
      vertex 25.77777777777778 361.33333333333337 45.333333333333336
      vertex 18.02777777777778 396.33333333333337 45.333333333333336
    endloop
  endfacet
  facet normal 0 0 1
    outer loop
      vertex 16.782981597820605 399.3385371533762 45.333333333333336
      vertex 16.936143286056705 399.1771384103585 45.333333333333336
      vertex 25.77777777777778 403.83333333333337 45.333333333333336
    endloop
  endfacet
  facet normal 0 0 1
    outer loop
      vertex 16.936143286056705 399.1771384103585 45.333333333333336
      vertex 17.080648113969904 399.0079449952952 45.333333333333336
      vertex 25.77777777777778 403.83333333333337 45.333333333333336
    endloop
  endfacet
  facet normal 0 0 1
    outer loop
      vertex 17.080648113969904 399.0079449952952 45.333333333333336
      vertex 17.216100003871304 398.8314206555764 45.333333333333336
      vertex 25.77777777777778 403.83333333333337 45.333333333333336
    endloop
  endfacet
  facet normal 0 0 1
    outer loop
      vertex 17.216100003871304 398.8314206555764 45.333333333333336
      vertex 17.34212769154583 398.64804923214723 45.333333333333336
      vertex 25.77777777777778 403.83333333333337 45.333333333333336
    endloop
  endfacet
  facet normal 0 0 1
    outer loop
      vertex 17.45838574386164 398.45833333333337 45.333333333333336
      vertex 25.77777777777778 403.83333333333337 45.333333333333336
      vertex 17.34212769154583 398.64804923214723 45.333333333333336
    endloop
  endfacet
  facet normal 0 0 1
    outer loop
      vertex 17.45838574386164 398.45833333333337 45.333333333333336
      vertex 17.56455550557834 398.26279295722645 45.333333333333336
      vertex 25.77777777777778 403.83333333333337 45.333333333333336
    endloop
  endfacet
  facet normal 0 0 1
    outer loop
      vertex 17.56455550557834 398.26279295722645 45.333333333333336
      vertex 17.660345972758833 398.0619640664055 45.333333333333336
      vertex 25.77777777777778 403.83333333333337 45.333333333333336
    endloop
  endfacet
  facet normal 0 0 1
    outer loop
      vertex 17.660345972758833 398.0619640664055 45.333333333333336
      vertex 17.745494590390884 397.8563971189009 45.333333333333336
      vertex 25.77777777777778 403.83333333333337 45.333333333333336
    endloop
  endfacet
  facet normal 0 0 1
    outer loop
      vertex 17.745494590390884 397.8563971189009 45.333333333333336
      vertex 17.81976797203218 397.6466555594269 45.333333333333336
      vertex 25.77777777777778 403.83333333333337 45.333333333333336
    endloop
  endfacet
  facet normal 0 0 1
    outer loop
      vertex 17.81976797203218 397.6466555594269 45.333333333333336
      vertex 17.88296253950632 397.4333142750191 45.333333333333336
      vertex 25.77777777777778 403.83333333333337 45.333333333333336
    endloop
  endfacet
  facet normal 0 0 1
    outer loop
      vertex 17.975453225307113 396.99817980975433 45.333333333333336
      vertex 18.00449583309294 396.7775793022209 45.333333333333336
      vertex 25.77777777777778 403.83333333333337 45.333333333333336
    endloop
  endfacet
  facet normal 0 0 1
    outer loop
      vertex 18.02777777777778 396.33333333333337 45.333333333333336
      vertex 25.77777777777778 403.83333333333337 45.333333333333336
      vertex 18.021953300484718 396.5557611473659 45.333333333333336
    endloop
  endfacet
  facet normal 0 0 1
    outer loop
      vertex 18.021953300484718 396.5557611473659 45.333333333333336
      vertex 25.77777777777778 403.83333333333337 45.333333333333336
      vertex 18.00449583309294 396.7775793022209 45.333333333333336
    endloop
  endfacet
  facet normal 0 0 1
    outer loop
      vertex 17.88296253950632 397.4333142750191 45.333333333333336
      vertex 17.934905080896453 397.21695801930883 45.333333333333336
      vertex 25.77777777777778 403.83333333333337 45.333333333333336
    endloop
  endfacet
  facet normal 0 0 1
    outer loop
      vertex 17.975453225307113 396.99817980975433 45.333333333333336
      vertex 25.77777777777778 403.83333333333337 45.333333333333336
      vertex 17.934905080896453 397.21695801930883 45.333333333333336
    endloop
  endfacet
  facet normal 0 0 1
    outer loop
      vertex 18.02777777777778 396.33333333333337 45.333333333333336
      vertex 25.77777777777778 361.33333333333337 45.333333333333336
      vertex 25.77777777777778 403.83333333333337 45.333333333333336
    endloop
  endfacet
  facet normal 0 0 1
    outer loop
      vertex 1.7777777777777777 403.83333333333337 -42.666666666666664
      vertex 25.77777777777778 488.83333333333337 -42.666666666666664
      vertex 15.777777777777779 484.83333333333337 -42.666666666666664
    endloop
  endfacet
  facet normal 0 0 -1
    outer loop
      vertex 6.777777777777778 509.33333333333337 -54.666666666666664
      vertex 20.77777777777778 509.33333333333337 -54.666666666666664
      vertex 25.77777777777778 388.33333333333337 -54.666666666666664
    endloop
  endfacet
  facet normal 0 0 1
    outer loop
      vertex 25.77777777777778 488.83333333333337 -42.666666666666664
      vertex 15.777777777777779 488.83333333333337 -42.666666666666664
      vertex 15.777777777777779 484.83333333333337 -42.666666666666664
    endloop
  endfacet
  facet normal 0 -1 0
    outer loop
      vertex 15.777777777777779 484.83333333333337 45.333333333333336
      vertex 11.777777777777779 484.83333333333337 -42.666666666666664
      vertex 15.777777777777779 484.83333333333337 -42.666666666666664
    endloop
  endfacet
  facet normal 1 0 0
    outer loop
      vertex 15.777777777777779 484.83333333333337 45.333333333333336
      vertex 15.777777777777779 484.83333333333337 -42.666666666666664
      vertex 15.777777777777779 488.83333333333337 -42.666666666666664
    endloop
  endfacet
  facet normal 0 -1 0
    outer loop
      vertex 25.77777777777778 488.83333333333337 -42.666666666666664
      vertex 15.777777777777779 488.83333333333337 45.333333333333336
      vertex 15.777777777777779 488.83333333333337 -42.666666666666664
    endloop
  endfacet
  facet normal 0 0 1
    outer loop
      vertex 13.777777777777779 492.08333333333337 -17.666666666666664
      vertex 14.000205591810289 492.08915781062643 -17.666666666666664
      vertex 14.000205591810289 500.5775088560403 -17.666666666666664
    endloop
  endfacet
  facet normal 0 0 1
    outer loop
      vertex 14.000205591810289 492.08915781062643 -17.666666666666664
      vertex 14.222023746665304 492.10661527801824 -17.666666666666664
      vertex 14.222023746665304 500.5600513886485 -17.666666666666664
    endloop
  endfacet
  facet normal 0 0 1
    outer loop
      vertex 14.222023746665304 492.10661527801824 -17.666666666666664
      vertex 14.442624254198758 492.13565788580405 -17.666666666666664
      vertex 14.442624254198758 500.5310087808627 -17.666666666666664
    endloop
  endfacet
  facet normal 0 0 1
    outer loop
      vertex 13.777777777777779 492.08333333333337 -17.666666666666664
      vertex 14.000205591810289 500.5775088560403 -17.666666666666664
      vertex 13.777777777777779 500.58333333333337 -17.666666666666664
    endloop
  endfacet
  facet normal 0 0 1
    outer loop
      vertex 14.000205591810289 492.08915781062643 -17.666666666666664
      vertex 14.222023746665304 500.5600513886485 -17.666666666666664
      vertex 14.000205591810289 500.5775088560403 -17.666666666666664
    endloop
  endfacet
  facet normal 0 0 1
    outer loop
      vertex 14.222023746665304 492.10661527801824 -17.666666666666664
      vertex 14.442624254198758 500.5310087808627 -17.666666666666664
      vertex 14.222023746665304 500.5600513886485 -17.666666666666664
    endloop
  endfacet
  facet normal 0 0 1
    outer loop
      vertex 14.442624254198758 492.13565788580405 -17.666666666666664
      vertex 14.661402463753255 500.49046063645204 -17.666666666666664
      vertex 14.442624254198758 500.5310087808627 -17.666666666666664
    endloop
  endfacet
  facet normal 0 0 1
    outer loop
      vertex 14.442624254198758 492.13565788580405 -17.666666666666664
      vertex 14.661402463753255 492.1762060302147 -17.666666666666664
      vertex 14.661402463753255 500.49046063645204 -17.666666666666664
    endloop
  endfacet
  facet normal 0 0 1
    outer loop
      vertex 14.661402463753255 492.1762060302147 -17.666666666666664
      vertex 14.87775871946349 492.22814857160483 -17.666666666666664
      vertex 14.87775871946349 500.4385180950619 -17.666666666666664
    endloop
  endfacet
  facet normal 0 0 1
    outer loop
      vertex 14.87775871946349 492.22814857160483 -17.666666666666664
      vertex 15.091100003871304 492.291343139079 -17.666666666666664
      vertex 15.091100003871304 500.37532352758774 -17.666666666666664
    endloop
  endfacet
  facet normal 0 0 1
    outer loop
      vertex 15.091100003871304 492.291343139079 -17.666666666666664
      vertex 15.300841563345305 492.36561652072027 -17.666666666666664
      vertex 15.300841563345305 500.3010501459465 -17.666666666666664
    endloop
  endfacet
  facet normal 0 0 1
    outer loop
      vertex 14.661402463753255 492.1762060302147 -17.666666666666664
      vertex 14.87775871946349 500.4385180950619 -17.666666666666664
      vertex 14.661402463753255 500.49046063645204 -17.666666666666664
    endloop
  endfacet
  facet normal 0 0 1
    outer loop
      vertex 14.87775871946349 492.22814857160483 -17.666666666666664
      vertex 15.091100003871304 500.37532352758774 -17.666666666666664
      vertex 14.87775871946349 500.4385180950619 -17.666666666666664
    endloop
  endfacet
  facet normal 0 0 1
    outer loop
      vertex 15.091100003871304 492.291343139079 -17.666666666666664
      vertex 15.300841563345305 500.3010501459465 -17.666666666666664
      vertex 15.091100003871304 500.37532352758774 -17.666666666666664
    endloop
  endfacet
  facet normal 0 0 1
    outer loop
      vertex 15.300841563345305 492.36561652072027 -17.666666666666664
      vertex 15.50640851084993 492.4507651383523 -17.666666666666664
      vertex 15.50640851084993 500.2159015283144 -17.666666666666664
    endloop
  endfacet
  facet normal 0 0 1
    outer loop
      vertex 15.50640851084993 492.4507651383523 -17.666666666666664
      vertex 15.707237401670852 492.54655560553283 -17.666666666666664
      vertex 15.707237401670852 500.1201110611339 -17.666666666666664
    endloop
  endfacet
  facet normal 0 0 1
    outer loop
      vertex 15.707237401670852 492.54655560553283 -17.666666666666664
      vertex 15.902777777777779 492.6527253672495 -17.666666666666664
      vertex 15.902777777777779 500.01394129941724 -17.666666666666664
    endloop
  endfacet
  facet normal 0 0 1
    outer loop
      vertex 15.300841563345305 492.36561652072027 -17.666666666666664
      vertex 15.50640851084993 500.2159015283144 -17.666666666666664
      vertex 15.300841563345305 500.3010501459465 -17.666666666666664
    endloop
  endfacet
  facet normal 0 0 1
    outer loop
      vertex 15.50640851084993 492.4507651383523 -17.666666666666664
      vertex 15.707237401670852 500.1201110611339 -17.666666666666664
      vertex 15.50640851084993 500.2159015283144 -17.666666666666664
    endloop
  endfacet
  facet normal 0 0 1
    outer loop
      vertex 15.707237401670852 492.54655560553283 -17.666666666666664
      vertex 15.902777777777779 500.01394129941724 -17.666666666666664
      vertex 15.707237401670852 500.1201110611339 -17.666666666666664
    endloop
  endfacet
  facet normal 0 0 1
    outer loop
      vertex 15.902777777777779 492.6527253672495 -17.666666666666664
      vertex 16.092493676591644 499.89768324710144 -17.666666666666664
      vertex 15.902777777777779 500.01394129941724 -17.666666666666664
    endloop
  endfacet
  facet normal 0 0 1
    outer loop
      vertex 15.902777777777779 492.6527253672495 -17.666666666666664
      vertex 16.092493676591644 492.7689834195653 -17.666666666666664
      vertex 16.092493676591644 499.89768324710144 -17.666666666666664
    endloop
  endfacet
  facet normal 0 0 1
    outer loop
      vertex 16.092493676591644 492.7689834195653 -17.666666666666664
      vertex 16.275865100020788 492.89501110723984 -17.666666666666664
      vertex 16.275865100020788 499.7716555594269 -17.666666666666664
    endloop
  endfacet
  facet normal 0 0 1
    outer loop
      vertex 16.275865100020788 492.89501110723984 -17.666666666666664
      vertex 16.452389439739587 493.0304629971412 -17.666666666666664
      vertex 16.452389439739587 499.6362036695255 -17.666666666666664
    endloop
  endfacet
  facet normal 0 0 1
    outer loop
      vertex 16.452389439739587 493.0304629971412 -17.666666666666664
      vertex 16.621582854802927 493.17496782505447 -17.666666666666664
      vertex 16.621582854802927 499.4916988416123 -17.666666666666664
    endloop
  endfacet
  facet normal 0 0 1
    outer loop
      vertex 16.621582854802927 493.17496782505447 -17.666666666666664
      vertex 16.782981597820605 493.32812951329055 -17.666666666666664
      vertex 16.782981597820605 499.3385371533762 -17.666666666666664
    endloop
  endfacet
  facet normal 0 0 1
    outer loop
      vertex 16.092493676591644 492.7689834195653 -17.666666666666664
      vertex 16.275865100020788 499.7716555594269 -17.666666666666664
      vertex 16.092493676591644 499.89768324710144 -17.666666666666664
    endloop
  endfacet
  facet normal 0 0 1
    outer loop
      vertex 16.275865100020788 492.89501110723984 -17.666666666666664
      vertex 16.452389439739587 499.6362036695255 -17.666666666666664
      vertex 16.275865100020788 499.7716555594269 -17.666666666666664
    endloop
  endfacet
  facet normal 0 0 1
    outer loop
      vertex 16.452389439739587 493.0304629971412 -17.666666666666664
      vertex 16.621582854802927 499.4916988416123 -17.666666666666664
      vertex 16.452389439739587 499.6362036695255 -17.666666666666664
    endloop
  endfacet
  facet normal 0 0 1
    outer loop
      vertex 16.621582854802927 493.17496782505447 -17.666666666666664
      vertex 16.782981597820605 499.3385371533762 -17.666666666666664
      vertex 16.621582854802927 499.4916988416123 -17.666666666666664
    endloop
  endfacet
  facet normal 0 0 1
    outer loop
      vertex 16.782981597820605 493.32812951329055 -17.666666666666664
      vertex 16.936143286056705 493.48952825630823 -17.666666666666664
      vertex 16.936143286056705 499.1771384103585 -17.666666666666664
    endloop
  endfacet
  facet normal 0 0 1
    outer loop
      vertex 16.936143286056705 493.48952825630823 -17.666666666666664
      vertex 17.080648113969904 493.65872167137155 -17.666666666666664
      vertex 17.080648113969904 499.0079449952952 -17.666666666666664
    endloop
  endfacet
  facet normal 0 0 1
    outer loop
      vertex 17.080648113969904 493.65872167137155 -17.666666666666664
      vertex 17.216100003871304 493.83524601109036 -17.666666666666664
      vertex 17.216100003871304 498.8314206555764 -17.666666666666664
    endloop
  endfacet
  facet normal 0 0 1
    outer loop
      vertex 17.216100003871304 493.83524601109036 -17.666666666666664
      vertex 17.34212769154583 494.0186174345195 -17.666666666666664
      vertex 17.34212769154583 498.64804923214723 -17.666666666666664
    endloop
  endfacet
  facet normal 0 0 1
    outer loop
      vertex 17.34212769154583 494.0186174345195 -17.666666666666664
      vertex 17.45838574386164 494.20833333333337 -17.666666666666664
      vertex 17.45838574386164 498.45833333333337 -17.666666666666664
    endloop
  endfacet
  facet normal 0 0 1
    outer loop
      vertex 16.782981597820605 493.32812951329055 -17.666666666666664
      vertex 16.936143286056705 499.1771384103585 -17.666666666666664
      vertex 16.782981597820605 499.3385371533762 -17.666666666666664
    endloop
  endfacet
  facet normal 0 0 1
    outer loop
      vertex 16.936143286056705 493.48952825630823 -17.666666666666664
      vertex 17.080648113969904 499.0079449952952 -17.666666666666664
      vertex 16.936143286056705 499.1771384103585 -17.666666666666664
    endloop
  endfacet
  facet normal 0 0 1
    outer loop
      vertex 17.080648113969904 493.65872167137155 -17.666666666666664
      vertex 17.216100003871304 498.8314206555764 -17.666666666666664
      vertex 17.080648113969904 499.0079449952952 -17.666666666666664
    endloop
  endfacet
  facet normal 0 0 1
    outer loop
      vertex 17.216100003871304 493.83524601109036 -17.666666666666664
      vertex 17.34212769154583 498.64804923214723 -17.666666666666664
      vertex 17.216100003871304 498.8314206555764 -17.666666666666664
    endloop
  endfacet
  facet normal 0 0 1
    outer loop
      vertex 17.34212769154583 494.0186174345195 -17.666666666666664
      vertex 17.45838574386164 498.45833333333337 -17.666666666666664
      vertex 17.34212769154583 498.64804923214723 -17.666666666666664
    endloop
  endfacet
  facet normal 0 0 1
    outer loop
      vertex 17.45838574386164 494.20833333333337 -17.666666666666664
      vertex 17.56455550557834 498.26279295722645 -17.666666666666664
      vertex 17.45838574386164 498.45833333333337 -17.666666666666664
    endloop
  endfacet
  facet normal 0 0 1
    outer loop
      vertex 17.45838574386164 494.20833333333337 -17.666666666666664
      vertex 17.56455550557834 494.4038737094403 -17.666666666666664
      vertex 17.56455550557834 498.26279295722645 -17.666666666666664
    endloop
  endfacet
  facet normal 0 0 1
    outer loop
      vertex 17.56455550557834 494.4038737094403 -17.666666666666664
      vertex 17.660345972758833 498.0619640664055 -17.666666666666664
      vertex 17.56455550557834 498.26279295722645 -17.666666666666664
    endloop
  endfacet
  facet normal 0 0 1
    outer loop
      vertex 17.56455550557834 494.4038737094403 -17.666666666666664
      vertex 17.660345972758833 494.60470260026125 -17.666666666666664
      vertex 17.660345972758833 498.0619640664055 -17.666666666666664
    endloop
  endfacet
  facet normal 0 0 1
    outer loop
      vertex 17.660345972758833 494.60470260026125 -17.666666666666664
      vertex 17.745494590390884 497.8563971189009 -17.666666666666664
      vertex 17.660345972758833 498.0619640664055 -17.666666666666664
    endloop
  endfacet
  facet normal 0 0 1
    outer loop
      vertex 17.660345972758833 494.60470260026125 -17.666666666666664
      vertex 17.745494590390884 494.81026954776587 -17.666666666666664
      vertex 17.745494590390884 497.8563971189009 -17.666666666666664
    endloop
  endfacet
  facet normal 0 0 1
    outer loop
      vertex 17.745494590390884 494.81026954776587 -17.666666666666664
      vertex 17.81976797203218 495.02001110723984 -17.666666666666664
      vertex 17.81976797203218 497.6466555594269 -17.666666666666664
    endloop
  endfacet
  facet normal 0 0 1
    outer loop
      vertex 17.745494590390884 494.81026954776587 -17.666666666666664
      vertex 17.81976797203218 497.6466555594269 -17.666666666666664
      vertex 17.745494590390884 497.8563971189009 -17.666666666666664
    endloop
  endfacet
  facet normal 0 0 1
    outer loop
      vertex 17.81976797203218 495.02001110723984 -17.666666666666664
      vertex 17.88296253950632 495.23335239164766 -17.666666666666664
      vertex 17.88296253950632 497.4333142750191 -17.666666666666664
    endloop
  endfacet
  facet normal 0 0 1
    outer loop
      vertex 17.81976797203218 495.02001110723984 -17.666666666666664
      vertex 17.88296253950632 497.4333142750191 -17.666666666666664
      vertex 17.81976797203218 497.6466555594269 -17.666666666666664
    endloop
  endfacet
  facet normal 0 0 1
    outer loop
      vertex 17.88296253950632 495.23335239164766 -17.666666666666664
      vertex 17.934905080896453 497.21695801930883 -17.666666666666664
      vertex 17.88296253950632 497.4333142750191 -17.666666666666664
    endloop
  endfacet
  facet normal 0 0 1
    outer loop
      vertex 17.88296253950632 495.23335239164766 -17.666666666666664
      vertex 17.934905080896453 495.4497086473579 -17.666666666666664
      vertex 17.934905080896453 497.21695801930883 -17.666666666666664
    endloop
  endfacet
  facet normal 0 0 1
    outer loop
      vertex 17.934905080896453 495.4497086473579 -17.666666666666664
      vertex 17.975453225307113 495.6684868569124 -17.666666666666664
      vertex 17.975453225307113 496.99817980975433 -17.666666666666664
    endloop
  endfacet
  facet normal 0 0 1
    outer loop
      vertex 17.975453225307113 495.6684868569124 -17.666666666666664
      vertex 18.00449583309294 495.88908736444586 -17.666666666666664
      vertex 18.00449583309294 496.7775793022209 -17.666666666666664
    endloop
  endfacet
  facet normal 0 0 1
    outer loop
      vertex 17.934905080896453 495.4497086473579 -17.666666666666664
      vertex 17.975453225307113 496.99817980975433 -17.666666666666664
      vertex 17.934905080896453 497.21695801930883 -17.666666666666664
    endloop
  endfacet
  facet normal 0 0 1
    outer loop
      vertex 17.975453225307113 495.6684868569124 -17.666666666666664
      vertex 18.00449583309294 496.7775793022209 -17.666666666666664
      vertex 17.975453225307113 496.99817980975433 -17.666666666666664
    endloop
  endfacet
  facet normal 0 0 1
    outer loop
      vertex 18.00449583309294 495.88908736444586 -17.666666666666664
      vertex 18.021953300484718 496.11090551930084 -17.666666666666664
      vertex 18.021953300484718 496.5557611473659 -17.666666666666664
    endloop
  endfacet
  facet normal 0 0 1
    outer loop
      vertex 18.00449583309294 495.88908736444586 -17.666666666666664
      vertex 18.021953300484718 496.5557611473659 -17.666666666666664
      vertex 18.00449583309294 496.7775793022209 -17.666666666666664
    endloop
  endfacet
  facet normal 0 0 1
    outer loop
      vertex 18.021953300484718 496.11090551930084 -17.666666666666664
      vertex 18.02777777777778 496.33333333333337 -17.666666666666664
      vertex 18.021953300484718 496.5557611473659 -17.666666666666664
    endloop
  endfacet
  facet normal 0 0 -1
    outer loop
      vertex 25.77777777777778 388.33333333333337 -54.666666666666664
      vertex 20.77777777777778 509.33333333333337 -54.666666666666664
      vertex 21.0394575589925 509.3264810071062 -54.666666666666664
    endloop
  endfacet
  facet normal 0 0 -1
    outer loop
      vertex 25.77777777777778 388.33333333333337 -54.666666666666664
      vertex 21.0394575589925 509.3264810071062 -54.666666666666664
      vertex 21.300420094116046 509.30594281017477 -54.666666666666664
    endloop
  endfacet
  facet normal 0 0 -1
    outer loop
      vertex 25.77777777777778 388.33333333333337 -54.666666666666664
      vertex 22.322862749652515 509.0886159148091 -54.666666666666664
      vertex 22.569617525504277 509.0012354658194 -54.666666666666664
    endloop
  endfacet
  facet normal 0 0 -1
    outer loop
      vertex 25.77777777777778 388.33333333333337 -54.666666666666664
      vertex 22.569617525504277 509.0012354658194 -54.666666666666664
      vertex 22.81146099315678 508.9010606215464 -54.666666666666664
    endloop
  endfacet
  facet normal 0 0 -1
    outer loop
      vertex 25.77777777777778 388.33333333333337 -54.666666666666664
      vertex 22.81146099315678 508.9010606215464 -54.666666666666664
      vertex 23.047730276475512 508.7883659542752 -54.666666666666664
    endloop
  endfacet
  facet normal 0 0 -1
    outer loop
      vertex 25.77777777777778 388.33333333333337 -54.666666666666664
      vertex 23.047730276475512 508.7883659542752 -54.666666666666664
      vertex 23.27777777777778 508.6634603522556 -54.666666666666664
    endloop
  endfacet
  facet normal 0 0 -1
    outer loop
      vertex 25.77777777777778 388.33333333333337 -54.666666666666664
      vertex 23.27777777777778 508.6634603522556 -54.666666666666664
      vertex 23.500972952852912 508.5266861730605 -54.666666666666664
    endloop
  endfacet
  facet normal 0 0 -1
    outer loop
      vertex 25.77777777777778 388.33333333333337 -54.666666666666664
      vertex 23.500972952852912 508.5266861730605 -54.666666666666664
      vertex 23.716704039240145 508.37841830520813 -54.666666666666664
    endloop
  endfacet
  facet normal 0 0 -1
    outer loop
      vertex 25.77777777777778 388.33333333333337 -54.666666666666664
      vertex 23.716704039240145 508.37841830520813 -54.666666666666664
      vertex 23.924379733026967 508.21906314061823 -54.666666666666664
    endloop
  endfacet
  facet normal 0 0 -1
    outer loop
      vertex 25.77777777777778 388.33333333333337 -54.666666666666664
      vertex 23.924379733026967 508.21906314061823 -54.666666666666664
      vertex 24.12343080957207 508.04905746072035 -54.666666666666664
    endloop
  endfacet
  facet normal 0 0 -1
    outer loop
      vertex 25.77777777777778 388.33333333333337 -54.666666666666664
      vertex 24.12343080957207 508.04905746072035 -54.666666666666664
      vertex 24.313311683710516 507.86886723926614 -54.666666666666664
    endloop
  endfacet
  facet normal 0 0 -1
    outer loop
      vertex 25.77777777777778 388.33333333333337 -54.666666666666664
      vertex 24.313311683710516 507.86886723926614 -54.666666666666664
      vertex 24.49350190516475 507.6789863651277 -54.666666666666664
    endloop
  endfacet
  facet normal 0 0 -1
    outer loop
      vertex 25.77777777777778 388.33333333333337 -54.666666666666664
      vertex 24.49350190516475 507.6789863651277 -54.666666666666664
      vertex 24.663507585062632 507.47993528858257 -54.666666666666664
    endloop
  endfacet
  facet normal 0 0 -1
    outer loop
      vertex 25.77777777777778 388.33333333333337 -54.666666666666664
      vertex 24.663507585062632 507.47993528858257 -54.666666666666664
      vertex 24.822862749652515 507.27225959479574 -54.666666666666664
    endloop
  endfacet
  facet normal 0 0 -1
    outer loop
      vertex 25.77777777777778 388.33333333333337 -54.666666666666664
      vertex 24.822862749652515 507.27225959479574 -54.666666666666664
      vertex 24.971130617504897 507.0565285084085 -54.666666666666664
    endloop
  endfacet
  facet normal 0 0 -1
    outer loop
      vertex 25.77777777777778 388.33333333333337 -54.666666666666664
      vertex 24.971130617504897 507.0565285084085 -54.666666666666664
      vertex 25.10790479669997 506.83333333333337 -54.666666666666664
    endloop
  endfacet
  facet normal 0 0 -1
    outer loop
      vertex 25.77777777777778 388.33333333333337 -54.666666666666664
      vertex 25.10790479669997 506.83333333333337 -54.666666666666664
      vertex 25.232810398719618 506.60328583203113 -54.666666666666664
    endloop
  endfacet
  facet normal 0 0 -1
    outer loop
      vertex 25.77777777777778 388.33333333333337 -54.666666666666664
      vertex 25.770925451550646 504.5950131145481 -54.666666666666664
      vertex 25.77777777777778 504.33333333333337 -54.666666666666664
    endloop
  endfacet
  facet normal 0 0 -1
    outer loop
      vertex 25.77777777777778 388.33333333333337 -54.666666666666664
      vertex 25.750387254619145 504.8559756496717 -54.666666666666664
      vertex 25.770925451550646 504.5950131145481 -54.666666666666664
    endloop
  endfacet
  facet normal 0 0 -1
    outer loop
      vertex 25.77777777777778 388.33333333333337 -54.666666666666664
      vertex 25.232810398719618 506.60328583203113 -54.666666666666664
      vertex 25.345505065990782 506.3670165487124 -54.666666666666664
    endloop
  endfacet
  facet normal 0 0 -1
    outer loop
      vertex 25.77777777777778 388.33333333333337 -54.666666666666664
      vertex 25.345505065990782 506.3670165487124 -54.666666666666664
      vertex 25.445679910263788 506.12517308105987 -54.666666666666664
    endloop
  endfacet
  facet normal 0 0 -1
    outer loop
      vertex 25.77777777777778 388.33333333333337 -54.666666666666664
      vertex 25.445679910263788 506.12517308105987 -54.666666666666664
      vertex 25.533060359253547 505.87841830520813 -54.666666666666664
    endloop
  endfacet
  facet normal 0 0 -1
    outer loop
      vertex 25.77777777777778 388.33333333333337 -54.666666666666664
      vertex 25.533060359253547 505.87841830520813 -54.666666666666664
      vertex 25.60740690922312 505.62742855884596 -54.666666666666664
    endloop
  endfacet
  facet normal 0 0 -1
    outer loop
      vertex 25.77777777777778 388.33333333333337 -54.666666666666664
      vertex 25.668515781446807 505.3728917874222 -54.666666666666664
      vertex 25.716219480753466 505.1155056585345 -54.666666666666664
    endloop
  endfacet
  facet normal 0 0 -1
    outer loop
      vertex 25.77777777777778 388.33333333333337 -54.666666666666664
      vertex 25.60740690922312 505.62742855884596 -54.666666666666664
      vertex 25.668515781446807 505.3728917874222 -54.666666666666664
    endloop
  endfacet
  facet normal 0 0 -1
    outer loop
      vertex 25.77777777777778 388.33333333333337 -54.666666666666664
      vertex 25.716219480753466 505.1155056585345 -54.666666666666664
      vertex 25.750387254619145 504.8559756496717 -54.666666666666664
    endloop
  endfacet
  facet normal 1 0 0
    outer loop
      vertex 25.77777777777778 403.83333333333337 -42.666666666666664
      vertex 25.77777777777778 504.33333333333337 -54.666666666666664
      vertex 25.77777777777778 488.83333333333337 -42.666666666666664
    endloop
  endfacet
  facet normal 0 0 -1
    outer loop
      vertex 25.77777777777778 388.33333333333337 -54.666666666666664
      vertex 21.300420094116046 509.30594281017477 -54.666666666666664
      vertex 21.55995010297893 509.27177503630907 -54.666666666666664
    endloop
  endfacet
  facet normal 0 0 -1
    outer loop
      vertex 25.77777777777778 388.33333333333337 -54.666666666666664
      vertex 21.55995010297893 509.27177503630907 -54.666666666666664
      vertex 21.817336231866577 509.2240713370024 -54.666666666666664
    endloop
  endfacet
  facet normal 0 0 -1
    outer loop
      vertex 25.77777777777778 388.33333333333337 -54.666666666666664
      vertex 21.817336231866577 509.2240713370024 -54.666666666666664
      vertex 22.07187300329038 509.16296246477873 -54.666666666666664
    endloop
  endfacet
  facet normal 0 0 -1
    outer loop
      vertex 25.77777777777778 388.33333333333337 -54.666666666666664
      vertex 22.07187300329038 509.16296246477873 -54.666666666666664
      vertex 22.322862749652515 509.0886159148091 -54.666666666666664
    endloop
  endfacet
  facet normal 0.025272575532495543 0.9651207220514202 -0.2605825949538834
    outer loop
      vertex 20.77777777777778 509.33333333333337 -54.666666666666664
      vertex 20.77777777777778 536.3333333333334 45.333333333333336
      vertex 21.0394575589925 509.3264810071062 -54.666666666666664
    endloop
  endfacet
  facet normal 0.07576253899547049 0.9626543318111237 -0.25991666958900284
    outer loop
      vertex 21.0394575589925 509.3264810071062 -54.666666666666664
      vertex 21.0394575589925 536.3264810071062 45.333333333333336
      vertex 21.300420094116046 509.30594281017477 -54.666666666666664
    endloop
  endfacet
  facet normal 0.12608678302522444 0.9577242007233984 -0.25858553419531755
    outer loop
      vertex 21.300420094116046 509.30594281017477 -54.666666666666664
      vertex 21.300420094116046 536.3059428101748 45.333333333333336
      vertex 21.55995010297893 509.27177503630907 -54.666666666666664
    endloop
  endfacet
  facet normal 0.17613431151062933 0.9503357027420927 -0.2565906397403645
    outer loop
      vertex 21.55995010297893 509.27177503630907 -54.666666666666664
      vertex 21.55995010297893 536.271775036309 45.333333333333336
      vertex 21.817336231866577 509.2240713370024 -54.666666666666664
    endloop
  endfacet
  facet normal 0.2257933732286231 0.9404970855975894 -0.25393421311134967
    outer loop
      vertex 21.817336231866577 509.2240713370024 -54.666666666666664
      vertex 21.817336231866577 536.2240713370024 45.333333333333336
      vertex 22.07187300329038 509.16296246477873 -54.666666666666664
    endloop
  endfacet
  facet normal 0.2749511989976268 0.9282196917890546 -0.2506193167830447
    outer loop
      vertex 22.07187300329038 509.16296246477873 -54.666666666666664
      vertex 22.07187300329038 536.1629624647787 45.333333333333336
      vertex 22.322862749652515 509.0886159148091 -54.666666666666664
    endloop
  endfacet
  facet normal 0.32349377791732475 0.9135182478726749 -0.2466499269256222
    outer loop
      vertex 22.322862749652515 509.0886159148091 -54.666666666666664
      vertex 22.322862749652515 536.0886159148091 45.333333333333336
      vertex 22.569617525504277 509.0012354658194 -54.666666666666664
    endloop
  endfacet
  facet normal 0.3713056836568124 0.8964112172705421 -0.24203102866304635
    outer loop
      vertex 22.569617525504277 509.0012354658194 -54.666666666666664
      vertex 22.569617525504277 536.0012354658194 45.333333333333336
      vertex 22.81146099315678 508.9010606215464 -54.666666666666664
    endloop
  endfacet
  facet normal 1 0 0
    outer loop
      vertex 25.77777777777778 488.83333333333337 -42.666666666666664
      vertex 25.77777777777778 504.33333333333337 -54.666666666666664
      vertex 25.77777777777778 531.3333333333334 45.333333333333336
    endloop
  endfacet
  facet normal 0.9996323577407563 0.02617629451782551 -0.007067599519812888
    outer loop
      vertex 25.77777777777778 504.33333333333337 -54.666666666666664
      vertex 25.770925451550646 504.5950131145481 -54.666666666666664
      vertex 25.770925451550646 531.5950131145481 45.333333333333336
    endloop
  endfacet
  facet normal 0.9966937206877358 0.07844149699949478 -0.0211792041898635
    outer loop
      vertex 25.770925451550646 504.5950131145481 -54.666666666666664
      vertex 25.750387254619145 504.8559756496717 -54.666666666666664
      vertex 25.750387254619145 531.8559756496716 45.333333333333336
    endloop
  endfacet
  facet normal 0.4182699614842183 0.8769212104405529 -0.23676872681894878
    outer loop
      vertex 22.81146099315678 508.9010606215464 -54.666666666666664
      vertex 22.81146099315678 535.9010606215463 45.333333333333336
      vertex 23.047730276475512 508.7883659542752 -54.666666666666664
    endloop
  endfacet
  facet normal 0.4642680863483826 0.8550754447510738 -0.23087037008278943
    outer loop
      vertex 23.047730276475512 508.7883659542752 -54.666666666666664
      vertex 23.047730276475512 535.7883659542752 45.333333333333336
      vertex 23.27777777777778 508.6634603522556 -54.666666666666664
    endloop
  endfacet
  facet normal 0.5091800016986241 0.830906244824139 -0.2243446861025175
    outer loop
      vertex 23.27777777777778 508.6634603522556 -54.666666666666664
      vertex 23.27777777777778 535.6634603522556 45.333333333333336
      vertex 23.500972952852912 508.5266861730605 -54.666666666666664
    endloop
  endfacet
  facet normal 0.5528842478663062 0.8044515724562633 -0.2172019245631911
    outer loop
      vertex 23.500972952852912 508.5266861730605 -54.666666666666664
      vertex 23.500972952852912 535.5266861730605 45.333333333333336
      vertex 23.716704039240145 508.37841830520813 -54.666666666666664
    endloop
  endfacet
  facet normal 0.5952581876536662 0.775755573541661 -0.20945400485624846
    outer loop
      vertex 23.716704039240145 508.37841830520813 -54.666666666666664
      vertex 23.716704039240145 535.3784183052081 45.333333333333336
      vertex 23.924379733026967 508.21906314061823 -54.666666666666664
    endloop
  endfacet
  facet normal 0.6361783352288117 0.7448691277728492 -0.2011146644986693
    outer loop
      vertex 24.12343080957207 508.04905746072035 -54.666666666666664
      vertex 23.924379733026967 508.21906314061823 -54.666666666666664
      vertex 23.924379733026967 535.2190631406182 45.333333333333336
    endloop
  endfacet
  facet normal 0.6755207924937185 0.7118503853440112 -0.19219960404288342
    outer loop
      vertex 24.12343080957207 508.04905746072035 -54.666666666666664
      vertex 24.12343080957207 535.0490574607204 45.333333333333336
      vertex 24.313311683710516 507.86886723926614 -54.666666666666664
    endloop
  endfacet
  facet normal 0.7489783645946944 0.6396879550302994 -0.17271574785818083
    outer loop
      vertex 24.49350190516475 507.6789863651277 -54.666666666666664
      vertex 24.49350190516475 534.6789863651277 45.333333333333336
      vertex 24.663507585062632 507.47993528858257 -54.666666666666664
    endloop
  endfacet
  facet normal 0.7131617947340884 0.6767652735374136 -0.18272662385510166
    outer loop
      vertex 24.313311683710516 507.86886723926614 -54.666666666666664
      vertex 24.313311683710516 534.8688672392661 45.333333333333336
      vertex 24.49350190516475 507.6789863651277 -54.666666666666664
    endloop
  endfacet
  facet normal 0.7828490702758762 0.6007012191369069 -0.16218932916696452
    outer loop
      vertex 24.663507585062632 507.47993528858257 -54.666666666666664
      vertex 24.663507585062632 534.4799352885825 45.333333333333336
      vertex 24.822862749652515 507.27225959479574 -54.666666666666664
    endloop
  endfacet
  facet normal 0.8146548803791458 0.5598967871164798 -0.15117213252144956
    outer loop
      vertex 24.822862749652515 507.27225959479574 -54.666666666666664
      vertex 24.822862749652515 534.2722595947957 45.333333333333336
      vertex 24.971130617504897 507.0565285084085 -54.666666666666664
    endloop
  endfacet
  facet normal 0.8442801041503677 0.5173755132341767 -0.13969138857322771
    outer loop
      vertex 24.971130617504897 507.0565285084085 -54.666666666666664
      vertex 24.971130617504897 534.0565285084085 45.333333333333336
      vertex 25.10790479669997 506.83333333333337 -54.666666666666664
    endloop
  endfacet
  facet normal 0.871613402106135 0.47324746455484157 -0.12777681542980723
    outer loop
      vertex 25.10790479669997 506.83333333333337 -54.666666666666664
      vertex 25.10790479669997 533.8333333333334 45.333333333333336
      vertex 25.232810398719618 506.60328583203113 -54.666666666666664
    endloop
  endfacet
  facet normal 0.8965488483574133 0.4276318645351929 -0.1154606034245021
    outer loop
      vertex 25.232810398719618 506.60328583203113 -54.666666666666664
      vertex 25.232810398719618 533.6032858320311 45.333333333333336
      vertex 25.345505065990782 506.3670165487124 -54.666666666666664
    endloop
  endfacet
  facet normal 0.9189870225541811 0.3806568883867716 -0.10277735986442832
    outer loop
      vertex 25.345505065990782 506.3670165487124 -54.666666666666664
      vertex 25.345505065990782 533.3670165487124 45.333333333333336
      vertex 25.445679910263788 506.12517308105987 -54.666666666666664
    endloop
  endfacet
  facet normal 0.9388361064848212 0.33245930186871286 -0.08976401150455246
    outer loop
      vertex 25.445679910263788 506.12517308105987 -54.666666666666664
      vertex 25.445679910263788 533.1251730810599 45.333333333333336
      vertex 25.533060359253547 505.87841830520813 -54.666666666666664
    endloop
  endfacet
  facet normal 0.9560129581752091 0.2831839395700747 -0.07645966368392018
    outer loop
      vertex 25.533060359253547 505.87841830520813 -54.666666666666664
      vertex 25.533060359253547 532.8784183052081 45.333333333333336
      vertex 25.60740690922312 505.62742855884596 -54.666666666666664
    endloop
  endfacet
  facet normal 0.9704441350512727 0.23298302369972185 -0.0629054163989249
    outer loop
      vertex 25.668515781446807 505.3728917874222 -54.666666666666664
      vertex 25.60740690922312 505.62742855884596 -54.666666666666664
      vertex 25.60740690922312 532.627428558846 45.333333333333336
    endloop
  endfacet
  facet normal 0.9908297452376361 0.13044521064444617 -0.035220206874000466
    outer loop
      vertex 25.716219480753466 505.1155056585345 -54.666666666666664
      vertex 25.716219480753466 532.1155056585345 45.333333333333336
      vertex 25.750387254619145 504.8559756496717 -54.666666666666664
    endloop
  endfacet
  facet normal 0.982066837514126 0.1820153297237727 -0.049144139025418636
    outer loop
      vertex 25.668515781446807 505.3728917874222 -54.666666666666664
      vertex 25.668515781446807 532.3728917874222 45.333333333333336
      vertex 25.716219480753466 505.1155056585345 -54.666666666666664
    endloop
  endfacet
  facet normal 1 0 0
    outer loop
      vertex 15.777777777777779 484.83333333333337 45.333333333333336
      vertex 15.777777777777779 488.83333333333337 -42.666666666666664
      vertex 15.777777777777779 488.83333333333337 45.333333333333336
    endloop
  endfacet
  facet normal 0 0 1
    outer loop
      vertex 13.777777777777779 492.08333333333337 45.333333333333336
      vertex 11.777777777777779 488.83333333333337 45.333333333333336
      vertex 15.777777777777779 488.83333333333337 45.333333333333336
    endloop
  endfacet
  facet normal 0 0 1
    outer loop
      vertex 15.777777777777779 484.83333333333337 45.333333333333336
      vertex 15.777777777777779 488.83333333333337 45.333333333333336
      vertex 11.777777777777779 488.83333333333337 45.333333333333336
    endloop
  endfacet
  facet normal 0 0 1
    outer loop
      vertex 13.777777777777779 492.08333333333337 45.333333333333336
      vertex 25.77777777777778 488.83333333333337 45.333333333333336
      vertex 14.000205591810289 492.08915781062643 45.333333333333336
    endloop
  endfacet
  facet normal 0 0 1
    outer loop
      vertex 14.000205591810289 492.08915781062643 45.333333333333336
      vertex 25.77777777777778 488.83333333333337 45.333333333333336
      vertex 14.222023746665304 492.10661527801824 45.333333333333336
    endloop
  endfacet
  facet normal 0 0 1
    outer loop
      vertex 14.222023746665304 492.10661527801824 45.333333333333336
      vertex 25.77777777777778 488.83333333333337 45.333333333333336
      vertex 14.442624254198758 492.13565788580405 45.333333333333336
    endloop
  endfacet
  facet normal 0 0 1
    outer loop
      vertex 13.777777777777779 492.08333333333337 45.333333333333336
      vertex 15.777777777777779 488.83333333333337 45.333333333333336
      vertex 25.77777777777778 488.83333333333337 45.333333333333336
    endloop
  endfacet
  facet normal 0 0 1
    outer loop
      vertex 14.442624254198758 492.13565788580405 45.333333333333336
      vertex 25.77777777777778 488.83333333333337 45.333333333333336
      vertex 14.661402463753255 492.1762060302147 45.333333333333336
    endloop
  endfacet
  facet normal 0 0 1
    outer loop
      vertex 14.661402463753255 492.1762060302147 45.333333333333336
      vertex 25.77777777777778 488.83333333333337 45.333333333333336
      vertex 14.87775871946349 492.22814857160483 45.333333333333336
    endloop
  endfacet
  facet normal 0 0 1
    outer loop
      vertex 14.87775871946349 492.22814857160483 45.333333333333336
      vertex 25.77777777777778 488.83333333333337 45.333333333333336
      vertex 15.091100003871304 492.291343139079 45.333333333333336
    endloop
  endfacet
  facet normal 0 0 1
    outer loop
      vertex 15.091100003871304 492.291343139079 45.333333333333336
      vertex 25.77777777777778 488.83333333333337 45.333333333333336
      vertex 15.300841563345305 492.36561652072027 45.333333333333336
    endloop
  endfacet
  facet normal 0 0 1
    outer loop
      vertex 15.300841563345305 492.36561652072027 45.333333333333336
      vertex 25.77777777777778 488.83333333333337 45.333333333333336
      vertex 15.50640851084993 492.4507651383523 45.333333333333336
    endloop
  endfacet
  facet normal 0 0 1
    outer loop
      vertex 15.50640851084993 492.4507651383523 45.333333333333336
      vertex 25.77777777777778 488.83333333333337 45.333333333333336
      vertex 15.707237401670852 492.54655560553283 45.333333333333336
    endloop
  endfacet
  facet normal -0.026176948307871657 0.9996573249755573 0
    outer loop
      vertex 13.777777777777779 492.08333333333337 -17.666666666666664
      vertex 13.777777777777779 492.08333333333337 45.333333333333336
      vertex 14.000205591810289 492.08915781062643 -17.666666666666664
    endloop
  endfacet
  facet normal -0.07845909572797946 0.9969173337331173 0
    outer loop
      vertex 14.000205591810289 492.08915781062643 -17.666666666666664
      vertex 14.000205591810289 492.08915781062643 45.333333333333336
      vertex 14.222023746665304 492.10661527801824 -17.666666666666664
    endloop
  endfacet
  facet normal -0.13052619221998554 0.9914448613738192 0
    outer loop
      vertex 14.222023746665304 492.10661527801824 -17.666666666666664
      vertex 14.222023746665304 492.10661527801824 45.333333333333336
      vertex 14.442624254198758 492.13565788580405 -17.666666666666664
    endloop
  endfacet
  facet normal -0.182235525492097 0.9832549075639639 0
    outer loop
      vertex 14.442624254198758 492.13565788580405 -17.666666666666664
      vertex 14.442624254198758 492.13565788580405 45.333333333333336
      vertex 14.661402463753255 492.1762060302147 -17.666666666666664
    endloop
  endfacet
  facet normal -0.026176948307871657 -0.9996573249755573 0
    outer loop
      vertex 13.777777777777779 500.58333333333337 -17.666666666666664
      vertex 14.000205591810289 500.5775088560403 -17.666666666666664
      vertex 14.000205591810289 500.5775088560403 45.333333333333336
    endloop
  endfacet
  facet normal -0.07845909572797946 -0.9969173337331173 0
    outer loop
      vertex 14.000205591810289 500.5775088560403 -17.666666666666664
      vertex 14.222023746665304 500.5600513886485 -17.666666666666664
      vertex 14.222023746665304 500.5600513886485 45.333333333333336
    endloop
  endfacet
  facet normal -0.13052619221998554 -0.9914448613738192 0
    outer loop
      vertex 14.222023746665304 500.5600513886485 -17.666666666666664
      vertex 14.442624254198758 500.5310087808627 -17.666666666666664
      vertex 14.442624254198758 500.5310087808627 45.333333333333336
    endloop
  endfacet
  facet normal -0.23344536385590425 0.9723699203976769 0
    outer loop
      vertex 14.661402463753255 492.1762060302147 -17.666666666666664
      vertex 14.661402463753255 492.1762060302147 45.333333333333336
      vertex 14.87775871946349 492.22814857160483 -17.666666666666664
    endloop
  endfacet
  facet normal -0.28401534470405565 0.9588197348681535 0
    outer loop
      vertex 14.87775871946349 492.22814857160483 -17.666666666666664
      vertex 14.87775871946349 492.22814857160483 45.333333333333336
      vertex 15.091100003871304 492.291343139079 -17.666666666666664
    endloop
  endfacet
  facet normal -0.3338068592336383 0.9426414910922253 0
    outer loop
      vertex 15.091100003871304 492.291343139079 -17.666666666666664
      vertex 15.091100003871304 492.291343139079 45.333333333333336
      vertex 15.300841563345305 492.36561652072027 -17.666666666666664
    endloop
  endfacet
  facet normal -0.182235525492097 -0.9832549075639639 0
    outer loop
      vertex 14.442624254198758 500.5310087808627 -17.666666666666664
      vertex 14.661402463753255 500.49046063645204 -17.666666666666664
      vertex 14.661402463753255 500.49046063645204 45.333333333333336
    endloop
  endfacet
  facet normal -0.23344536385590425 -0.9723699203976769 0
    outer loop
      vertex 14.661402463753255 500.49046063645204 -17.666666666666664
      vertex 14.87775871946349 500.4385180950619 -17.666666666666664
      vertex 14.87775871946349 500.4385180950619 45.333333333333336
    endloop
  endfacet
  facet normal -0.28401534470405565 -0.9588197348681535 0
    outer loop
      vertex 14.87775871946349 500.4385180950619 -17.666666666666664
      vertex 15.091100003871304 500.37532352758774 -17.666666666666664
      vertex 15.091100003871304 500.37532352758774 45.333333333333336
    endloop
  endfacet
  facet normal -0.3338068592336383 -0.9426414910922253 0
    outer loop
      vertex 15.091100003871304 500.37532352758774 -17.666666666666664
      vertex 15.300841563345305 500.3010501459465 -17.666666666666664
      vertex 15.300841563345305 500.3010501459465 45.333333333333336
    endloop
  endfacet
  facet normal -0.3826834323651048 0.9238795325112805 0
    outer loop
      vertex 15.300841563345305 492.36561652072027 -17.666666666666664
      vertex 15.300841563345305 492.36561652072027 45.333333333333336
      vertex 15.50640851084993 492.4507651383523 -17.666666666666664
    endloop
  endfacet
  facet normal -0.43051109680835614 0.9025852843498314 0
    outer loop
      vertex 15.50640851084993 492.4507651383523 -17.666666666666664
      vertex 15.50640851084993 492.4507651383523 45.333333333333336
      vertex 15.707237401670852 492.54655560553283 -17.666666666666664
    endloop
  endfacet
  facet normal -0.477158760259512 0.8788171126620178 0
    outer loop
      vertex 15.707237401670852 492.54655560553283 -17.666666666666664
      vertex 15.707237401670852 492.54655560553283 45.333333333333336
      vertex 15.902777777777779 492.6527253672495 -17.666666666666664
    endloop
  endfacet
  facet normal -0.5224985647159078 0.8526401643541175 0
    outer loop
      vertex 15.902777777777779 492.6527253672495 -17.666666666666664
      vertex 15.902777777777779 492.6527253672495 45.333333333333336
      vertex 16.092493676591644 492.7689834195653 -17.666666666666664
    endloop
  endfacet
  facet normal -0.3826834323651048 -0.9238795325112805 0
    outer loop
      vertex 15.300841563345305 500.3010501459465 -17.666666666666664
      vertex 15.50640851084993 500.2159015283144 -17.666666666666664
      vertex 15.50640851084993 500.2159015283144 45.333333333333336
    endloop
  endfacet
  facet normal -0.43051109680835614 -0.9025852843498314 0
    outer loop
      vertex 15.50640851084993 500.2159015283144 -17.666666666666664
      vertex 15.707237401670852 500.1201110611339 -17.666666666666664
      vertex 15.707237401670852 500.1201110611339 45.333333333333336
    endloop
  endfacet
  facet normal -0.477158760259512 -0.8788171126620178 0
    outer loop
      vertex 15.707237401670852 500.1201110611339 -17.666666666666664
      vertex 15.902777777777779 500.01394129941724 -17.666666666666664
      vertex 15.902777777777779 500.01394129941724 45.333333333333336
    endloop
  endfacet
  facet normal -0.5664062369248709 0.8241261886219894 0
    outer loop
      vertex 16.092493676591644 492.7689834195653 -17.666666666666664
      vertex 16.092493676591644 492.7689834195653 45.333333333333336
      vertex 16.275865100020788 492.89501110723984 -17.666666666666664
    endloop
  endfacet
  facet normal -0.6087614290086882 0.79335334029126 0
    outer loop
      vertex 16.275865100020788 492.89501110723984 -17.666666666666664
      vertex 16.275865100020788 492.89501110723984 45.333333333333336
      vertex 16.452389439739587 493.0304629971412 -17.666666666666664
    endloop
  endfacet
  facet normal -0.6494480483302763 0.7604059655999519 0
    outer loop
      vertex 16.452389439739587 493.0304629971412 -17.666666666666664
      vertex 16.452389439739587 493.0304629971412 45.333333333333336
      vertex 16.621582854802927 493.17496782505447 -17.666666666666664
    endloop
  endfacet
  facet normal -0.6883545756937195 0.7253743710123204 0
    outer loop
      vertex 16.621582854802927 493.17496782505447 -17.666666666666664
      vertex 16.621582854802927 493.17496782505447 45.333333333333336
      vertex 16.782981597820605 493.32812951329055 -17.666666666666664
    endloop
  endfacet
  facet normal -0.6087614290086882 -0.79335334029126 0
    outer loop
      vertex 16.275865100020788 499.7716555594269 -17.666666666666664
      vertex 16.452389439739587 499.6362036695255 -17.666666666666664
      vertex 16.452389439739587 499.6362036695255 45.333333333333336
    endloop
  endfacet
  facet normal -0.5224985647159078 -0.8526401643541175 0
    outer loop
      vertex 15.902777777777779 500.01394129941724 -17.666666666666664
      vertex 16.092493676591644 499.89768324710144 -17.666666666666664
      vertex 16.092493676591644 499.89768324710144 45.333333333333336
    endloop
  endfacet
  facet normal -0.5664062369248709 -0.8241261886219894 0
    outer loop
      vertex 16.092493676591644 499.89768324710144 -17.666666666666664
      vertex 16.275865100020788 499.7716555594269 -17.666666666666664
      vertex 16.275865100020788 499.7716555594269 45.333333333333336
    endloop
  endfacet
  facet normal -0.6494480483302763 -0.7604059655999519 0
    outer loop
      vertex 16.452389439739587 499.6362036695255 -17.666666666666664
      vertex 16.621582854802927 499.4916988416123 -17.666666666666664
      vertex 16.621582854802927 499.4916988416123 45.333333333333336
    endloop
  endfacet
  facet normal -0.6883545756937195 -0.7253743710123204 0
    outer loop
      vertex 16.621582854802927 499.4916988416123 -17.666666666666664
      vertex 16.782981597820605 499.3385371533762 -17.666666666666664
      vertex 16.782981597820605 499.3385371533762 45.333333333333336
    endloop
  endfacet
  facet normal 0 0 1
    outer loop
      vertex 13.777777777777779 517.0833333333334 17.333333333333336
      vertex 14.000205591810289 517.0891578106264 17.333333333333336
      vertex 14.000205591810289 525.5775088560404 17.333333333333336
    endloop
  endfacet
  facet normal 0 0 1
    outer loop
      vertex 14.000205591810289 517.0891578106264 17.333333333333336
      vertex 14.222023746665304 517.1066152780182 17.333333333333336
      vertex 14.222023746665304 525.5600513886485 17.333333333333336
    endloop
  endfacet
  facet normal 0 0 1
    outer loop
      vertex 13.777777777777779 517.0833333333334 17.333333333333336
      vertex 14.000205591810289 525.5775088560404 17.333333333333336
      vertex 13.777777777777779 525.5833333333334 17.333333333333336
    endloop
  endfacet
  facet normal 0 0 1
    outer loop
      vertex 14.000205591810289 517.0891578106264 17.333333333333336
      vertex 14.222023746665304 525.5600513886485 17.333333333333336
      vertex 14.000205591810289 525.5775088560404 17.333333333333336
    endloop
  endfacet
  facet normal 0 0 1
    outer loop
      vertex 14.222023746665304 517.1066152780182 17.333333333333336
      vertex 14.442624254198758 517.135657885804 17.333333333333336
      vertex 14.442624254198758 525.5310087808627 17.333333333333336
    endloop
  endfacet
  facet normal 0 0 1
    outer loop
      vertex 14.222023746665304 517.1066152780182 17.333333333333336
      vertex 14.442624254198758 525.5310087808627 17.333333333333336
      vertex 14.222023746665304 525.5600513886485 17.333333333333336
    endloop
  endfacet
  facet normal 0 0 1
    outer loop
      vertex 14.442624254198758 517.135657885804 17.333333333333336
      vertex 14.661402463753255 525.4904606364521 17.333333333333336
      vertex 14.442624254198758 525.5310087808627 17.333333333333336
    endloop
  endfacet
  facet normal 0 0 1
    outer loop
      vertex 14.442624254198758 517.135657885804 17.333333333333336
      vertex 14.661402463753255 517.1762060302146 17.333333333333336
      vertex 14.661402463753255 525.4904606364521 17.333333333333336
    endloop
  endfacet
  facet normal 0 0 1
    outer loop
      vertex 14.661402463753255 517.1762060302146 17.333333333333336
      vertex 14.87775871946349 517.2281485716048 17.333333333333336
      vertex 14.87775871946349 525.4385180950619 17.333333333333336
    endloop
  endfacet
  facet normal 0 0 1
    outer loop
      vertex 14.661402463753255 517.1762060302146 17.333333333333336
      vertex 14.87775871946349 525.4385180950619 17.333333333333336
      vertex 14.661402463753255 525.4904606364521 17.333333333333336
    endloop
  endfacet
  facet normal 0 0 1
    outer loop
      vertex 14.87775871946349 517.2281485716048 17.333333333333336
      vertex 15.091100003871304 517.291343139079 17.333333333333336
      vertex 15.091100003871304 525.3753235275877 17.333333333333336
    endloop
  endfacet
  facet normal 0 0 1
    outer loop
      vertex 15.091100003871304 517.291343139079 17.333333333333336
      vertex 15.300841563345305 517.3656165207203 17.333333333333336
      vertex 15.300841563345305 525.3010501459464 17.333333333333336
    endloop
  endfacet
  facet normal 0 0 1
    outer loop
      vertex 14.87775871946349 517.2281485716048 17.333333333333336
      vertex 15.091100003871304 525.3753235275877 17.333333333333336
      vertex 14.87775871946349 525.4385180950619 17.333333333333336
    endloop
  endfacet
  facet normal 0 0 1
    outer loop
      vertex 15.091100003871304 517.291343139079 17.333333333333336
      vertex 15.300841563345305 525.3010501459464 17.333333333333336
      vertex 15.091100003871304 525.3753235275877 17.333333333333336
    endloop
  endfacet
  facet normal 0 0 1
    outer loop
      vertex 15.300841563345305 517.3656165207203 17.333333333333336
      vertex 15.50640851084993 517.4507651383524 17.333333333333336
      vertex 15.50640851084993 525.2159015283144 17.333333333333336
    endloop
  endfacet
  facet normal 0 0 1
    outer loop
      vertex 15.50640851084993 517.4507651383524 17.333333333333336
      vertex 15.707237401670852 517.5465556055328 17.333333333333336
      vertex 15.707237401670852 525.1201110611339 17.333333333333336
    endloop
  endfacet
  facet normal 0 0 1
    outer loop
      vertex 15.300841563345305 517.3656165207203 17.333333333333336
      vertex 15.50640851084993 525.2159015283144 17.333333333333336
      vertex 15.300841563345305 525.3010501459464 17.333333333333336
    endloop
  endfacet
  facet normal 0 0 1
    outer loop
      vertex 15.50640851084993 517.4507651383524 17.333333333333336
      vertex 15.707237401670852 525.1201110611339 17.333333333333336
      vertex 15.50640851084993 525.2159015283144 17.333333333333336
    endloop
  endfacet
  facet normal 0 0 1
    outer loop
      vertex 15.707237401670852 517.5465556055328 17.333333333333336
      vertex 15.902777777777779 517.6527253672496 17.333333333333336
      vertex 15.902777777777779 525.0139412994172 17.333333333333336
    endloop
  endfacet
  facet normal 0 0 1
    outer loop
      vertex 15.707237401670852 517.5465556055328 17.333333333333336
      vertex 15.902777777777779 525.0139412994172 17.333333333333336
      vertex 15.707237401670852 525.1201110611339 17.333333333333336
    endloop
  endfacet
  facet normal 0 0 1
    outer loop
      vertex 15.902777777777779 517.6527253672496 17.333333333333336
      vertex 16.092493676591644 524.8976832471014 17.333333333333336
      vertex 15.902777777777779 525.0139412994172 17.333333333333336
    endloop
  endfacet
  facet normal 0 0 1
    outer loop
      vertex 15.902777777777779 517.6527253672496 17.333333333333336
      vertex 16.092493676591644 517.7689834195653 17.333333333333336
      vertex 16.092493676591644 524.8976832471014 17.333333333333336
    endloop
  endfacet
  facet normal 0 0 1
    outer loop
      vertex 16.092493676591644 517.7689834195653 17.333333333333336
      vertex 16.275865100020788 517.8950111072398 17.333333333333336
      vertex 16.275865100020788 524.7716555594269 17.333333333333336
    endloop
  endfacet
  facet normal 0 0 1
    outer loop
      vertex 16.275865100020788 517.8950111072398 17.333333333333336
      vertex 16.452389439739587 518.0304629971413 17.333333333333336
      vertex 16.452389439739587 524.6362036695255 17.333333333333336
    endloop
  endfacet
  facet normal 0 0 1
    outer loop
      vertex 16.092493676591644 517.7689834195653 17.333333333333336
      vertex 16.275865100020788 524.7716555594269 17.333333333333336
      vertex 16.092493676591644 524.8976832471014 17.333333333333336
    endloop
  endfacet
  facet normal 0 0 1
    outer loop
      vertex 16.275865100020788 517.8950111072398 17.333333333333336
      vertex 16.452389439739587 524.6362036695255 17.333333333333336
      vertex 16.275865100020788 524.7716555594269 17.333333333333336
    endloop
  endfacet
  facet normal 0 0 1
    outer loop
      vertex 16.452389439739587 518.0304629971413 17.333333333333336
      vertex 16.621582854802927 518.1749678250544 17.333333333333336
      vertex 16.621582854802927 524.4916988416123 17.333333333333336
    endloop
  endfacet
  facet normal 0 0 1
    outer loop
      vertex 16.621582854802927 518.1749678250544 17.333333333333336
      vertex 16.782981597820605 518.3281295132906 17.333333333333336
      vertex 16.782981597820605 524.3385371533761 17.333333333333336
    endloop
  endfacet
  facet normal 0 0 1
    outer loop
      vertex 16.452389439739587 518.0304629971413 17.333333333333336
      vertex 16.621582854802927 524.4916988416123 17.333333333333336
      vertex 16.452389439739587 524.6362036695255 17.333333333333336
    endloop
  endfacet
  facet normal 0 0 1
    outer loop
      vertex 16.621582854802927 518.1749678250544 17.333333333333336
      vertex 16.782981597820605 524.3385371533761 17.333333333333336
      vertex 16.621582854802927 524.4916988416123 17.333333333333336
    endloop
  endfacet
  facet normal 0 0.9654290825583873 -0.26066585229076455
    outer loop
      vertex 6.777777777777778 536.3333333333334 45.333333333333336
      vertex 20.77777777777778 536.3333333333334 45.333333333333336
      vertex 20.77777777777778 509.33333333333337 -54.666666666666664
    endloop
  endfacet
  facet normal -0.7253743710122956 0.6883545756937456 0
    outer loop
      vertex 16.782981597820605 493.32812951329055 -17.666666666666664
      vertex 16.782981597820605 493.32812951329055 45.333333333333336
      vertex 16.936143286056705 493.48952825630823 -17.666666666666664
    endloop
  endfacet
  facet normal -0.7604059655999982 0.649448048330222 0
    outer loop
      vertex 16.936143286056705 493.48952825630823 -17.666666666666664
      vertex 16.936143286056705 493.48952825630823 45.333333333333336
      vertex 17.080648113969904 493.65872167137155 -17.666666666666664
    endloop
  endfacet
  facet normal -0.7933533402912547 0.6087614290086953 0
    outer loop
      vertex 17.080648113969904 493.65872167137155 -17.666666666666664
      vertex 17.080648113969904 493.65872167137155 45.333333333333336
      vertex 17.216100003871304 493.83524601109036 -17.666666666666664
    endloop
  endfacet
  facet normal -0.824126188622022 0.5664062369248235 0
    outer loop
      vertex 17.216100003871304 493.83524601109036 -17.666666666666664
      vertex 17.216100003871304 493.83524601109036 45.333333333333336
      vertex 17.34212769154583 494.0186174345195 -17.666666666666664
    endloop
  endfacet
  facet normal -0.8526401643540873 0.5224985647159568 0
    outer loop
      vertex 17.34212769154583 494.0186174345195 -17.666666666666664
      vertex 17.34212769154583 494.0186174345195 45.333333333333336
      vertex 17.45838574386164 494.20833333333337 -17.666666666666664
    endloop
  endfacet
  facet normal -0.8788171126619568 0.477158760259624 0
    outer loop
      vertex 17.45838574386164 494.20833333333337 -17.666666666666664
      vertex 17.45838574386164 494.20833333333337 45.333333333333336
      vertex 17.56455550557834 494.4038737094403 -17.666666666666664
    endloop
  endfacet
  facet normal -0.7253743710122956 -0.6883545756937456 0
    outer loop
      vertex 16.782981597820605 499.3385371533762 -17.666666666666664
      vertex 16.936143286056705 499.1771384103585 -17.666666666666664
      vertex 16.936143286056705 499.1771384103585 45.333333333333336
    endloop
  endfacet
  facet normal -0.7604059655999982 -0.649448048330222 0
    outer loop
      vertex 16.936143286056705 499.1771384103585 -17.666666666666664
      vertex 17.080648113969904 499.0079449952952 -17.666666666666664
      vertex 17.080648113969904 499.0079449952952 45.333333333333336
    endloop
  endfacet
  facet normal -0.7933533402912547 -0.6087614290086953 0
    outer loop
      vertex 17.080648113969904 499.0079449952952 -17.666666666666664
      vertex 17.216100003871304 498.8314206555764 -17.666666666666664
      vertex 17.216100003871304 498.8314206555764 45.333333333333336
    endloop
  endfacet
  facet normal -0.824126188622022 -0.5664062369248235 0
    outer loop
      vertex 17.216100003871304 498.8314206555764 -17.666666666666664
      vertex 17.34212769154583 498.64804923214723 -17.666666666666664
      vertex 17.34212769154583 498.64804923214723 45.333333333333336
    endloop
  endfacet
  facet normal -0.8526401643540873 -0.5224985647159568 0
    outer loop
      vertex 17.34212769154583 498.64804923214723 -17.666666666666664
      vertex 17.45838574386164 498.45833333333337 -17.666666666666664
      vertex 17.45838574386164 498.45833333333337 45.333333333333336
    endloop
  endfacet
  facet normal -0.9025852843498859 0.43051109680824207 0
    outer loop
      vertex 17.56455550557834 494.4038737094403 -17.666666666666664
      vertex 17.56455550557834 494.4038737094403 45.333333333333336
      vertex 17.660345972758833 494.60470260026125 -17.666666666666664
    endloop
  endfacet
  facet normal -0.9238795325112895 0.38268343236508323 0
    outer loop
      vertex 17.660345972758833 494.60470260026125 -17.666666666666664
      vertex 17.660345972758833 494.60470260026125 45.333333333333336
      vertex 17.745494590390884 494.81026954776587 -17.666666666666664
    endloop
  endfacet
  facet normal -0.9426414910921591 0.3338068592338254 0
    outer loop
      vertex 17.745494590390884 494.81026954776587 -17.666666666666664
      vertex 17.745494590390884 494.81026954776587 45.333333333333336
      vertex 17.81976797203218 495.02001110723984 -17.666666666666664
    endloop
  endfacet
  facet normal -0.958819734868194 0.28401534470391926 0
    outer loop
      vertex 17.81976797203218 495.02001110723984 -17.666666666666664
      vertex 17.81976797203218 495.02001110723984 45.333333333333336
      vertex 17.88296253950632 495.23335239164766 -17.666666666666664
    endloop
  endfacet
  facet normal -0.9723699203976812 0.23344536385588613 0
    outer loop
      vertex 17.88296253950632 495.23335239164766 -17.666666666666664
      vertex 17.88296253950632 495.23335239164766 45.333333333333336
      vertex 17.934905080896453 495.4497086473579 -17.666666666666664
    endloop
  endfacet
  facet normal -0.9832549075639558 0.18223552549214045 0
    outer loop
      vertex 17.934905080896453 495.4497086473579 -17.666666666666664
      vertex 17.934905080896453 495.4497086473579 45.333333333333336
      vertex 17.975453225307113 495.6684868569124 -17.666666666666664
    endloop
  endfacet
  facet normal -0.9914448613738103 0.13052619222005246 0
    outer loop
      vertex 17.975453225307113 495.6684868569124 -17.666666666666664
      vertex 17.975453225307113 495.6684868569124 45.333333333333336
      vertex 18.00449583309294 495.88908736444586 -17.666666666666664
    endloop
  endfacet
  facet normal -0.9914448613738103 -0.13052619222005246 0
    outer loop
      vertex 18.00449583309294 496.7775793022209 -17.666666666666664
      vertex 18.00449583309294 496.7775793022209 45.333333333333336
      vertex 17.975453225307113 496.99817980975433 -17.666666666666664
    endloop
  endfacet
  facet normal -0.9969173337331266 0.07845909572786251 0
    outer loop
      vertex 18.00449583309294 495.88908736444586 -17.666666666666664
      vertex 18.00449583309294 495.88908736444586 45.333333333333336
      vertex 18.021953300484718 496.11090551930084 -17.666666666666664
    endloop
  endfacet
  facet normal -0.9996573249755575 0.026176948307869572 0
    outer loop
      vertex 18.021953300484718 496.11090551930084 -17.666666666666664
      vertex 18.021953300484718 496.11090551930084 45.333333333333336
      vertex 18.02777777777778 496.33333333333337 -17.666666666666664
    endloop
  endfacet
  facet normal -0.9996573249755575 -0.026176948307869572 0
    outer loop
      vertex 18.02777777777778 496.33333333333337 -17.666666666666664
      vertex 18.02777777777778 496.33333333333337 45.333333333333336
      vertex 18.021953300484718 496.5557611473659 -17.666666666666664
    endloop
  endfacet
  facet normal -0.9969173337331266 -0.07845909572786251 0
    outer loop
      vertex 18.021953300484718 496.5557611473659 -17.666666666666664
      vertex 18.021953300484718 496.5557611473659 45.333333333333336
      vertex 18.00449583309294 496.7775793022209 -17.666666666666664
    endloop
  endfacet
  facet normal -0.8788171126619568 -0.477158760259624 0
    outer loop
      vertex 17.45838574386164 498.45833333333337 -17.666666666666664
      vertex 17.56455550557834 498.26279295722645 -17.666666666666664
      vertex 17.56455550557834 498.26279295722645 45.333333333333336
    endloop
  endfacet
  facet normal -0.9025852843498859 -0.43051109680824207 0
    outer loop
      vertex 17.56455550557834 498.26279295722645 -17.666666666666664
      vertex 17.660345972758833 498.0619640664055 -17.666666666666664
      vertex 17.660345972758833 498.0619640664055 45.333333333333336
    endloop
  endfacet
  facet normal -0.9238795325112895 -0.38268343236508323 0
    outer loop
      vertex 17.660345972758833 498.0619640664055 -17.666666666666664
      vertex 17.745494590390884 497.8563971189009 -17.666666666666664
      vertex 17.745494590390884 497.8563971189009 45.333333333333336
    endloop
  endfacet
  facet normal -0.9426414910921591 -0.3338068592338254 0
    outer loop
      vertex 17.745494590390884 497.8563971189009 -17.666666666666664
      vertex 17.81976797203218 497.6466555594269 -17.666666666666664
      vertex 17.81976797203218 497.6466555594269 45.333333333333336
    endloop
  endfacet
  facet normal -0.958819734868194 -0.28401534470391926 0
    outer loop
      vertex 17.81976797203218 497.6466555594269 -17.666666666666664
      vertex 17.88296253950632 497.4333142750191 -17.666666666666664
      vertex 17.88296253950632 497.4333142750191 45.333333333333336
    endloop
  endfacet
  facet normal -0.9723699203976812 -0.23344536385588613 0
    outer loop
      vertex 17.88296253950632 497.4333142750191 -17.666666666666664
      vertex 17.934905080896453 497.21695801930883 -17.666666666666664
      vertex 17.934905080896453 497.21695801930883 45.333333333333336
    endloop
  endfacet
  facet normal -0.9832549075639558 -0.18223552549214045 0
    outer loop
      vertex 17.934905080896453 497.21695801930883 -17.666666666666664
      vertex 17.975453225307113 496.99817980975433 -17.666666666666664
      vertex 17.975453225307113 496.99817980975433 45.333333333333336
    endloop
  endfacet
  facet normal 0 0 1
    outer loop
      vertex 16.782981597820605 518.3281295132906 17.333333333333336
      vertex 16.936143286056705 518.4895282563082 17.333333333333336
      vertex 16.936143286056705 524.1771384103586 17.333333333333336
    endloop
  endfacet
  facet normal 0 0 1
    outer loop
      vertex 16.936143286056705 518.4895282563082 17.333333333333336
      vertex 17.080648113969904 518.6587216713715 17.333333333333336
      vertex 17.080648113969904 524.0079449952952 17.333333333333336
    endloop
  endfacet
  facet normal 0 0 1
    outer loop
      vertex 16.936143286056705 518.4895282563082 17.333333333333336
      vertex 17.080648113969904 524.0079449952952 17.333333333333336
      vertex 16.936143286056705 524.1771384103586 17.333333333333336
    endloop
  endfacet
  facet normal 0 0 1
    outer loop
      vertex 17.080648113969904 518.6587216713715 17.333333333333336
      vertex 17.216100003871304 523.8314206555764 17.333333333333336
      vertex 17.080648113969904 524.0079449952952 17.333333333333336
    endloop
  endfacet
  facet normal 0 0 1
    outer loop
      vertex 16.782981597820605 518.3281295132906 17.333333333333336
      vertex 16.936143286056705 524.1771384103586 17.333333333333336
      vertex 16.782981597820605 524.3385371533761 17.333333333333336
    endloop
  endfacet
  facet normal 0 0 1
    outer loop
      vertex 17.080648113969904 518.6587216713715 17.333333333333336
      vertex 17.216100003871304 518.8352460110904 17.333333333333336
      vertex 17.216100003871304 523.8314206555764 17.333333333333336
    endloop
  endfacet
  facet normal 0 0 1
    outer loop
      vertex 17.216100003871304 518.8352460110904 17.333333333333336
      vertex 17.34212769154583 519.0186174345195 17.333333333333336
      vertex 17.34212769154583 523.6480492321473 17.333333333333336
    endloop
  endfacet
  facet normal 0 0 1
    outer loop
      vertex 17.216100003871304 518.8352460110904 17.333333333333336
      vertex 17.34212769154583 523.6480492321473 17.333333333333336
      vertex 17.216100003871304 523.8314206555764 17.333333333333336
    endloop
  endfacet
  facet normal 0 0 1
    outer loop
      vertex 17.34212769154583 519.0186174345195 17.333333333333336
      vertex 17.45838574386164 519.2083333333334 17.333333333333336
      vertex 17.45838574386164 523.4583333333334 17.333333333333336
    endloop
  endfacet
  facet normal 0 0 1
    outer loop
      vertex 17.34212769154583 519.0186174345195 17.333333333333336
      vertex 17.45838574386164 523.4583333333334 17.333333333333336
      vertex 17.34212769154583 523.6480492321473 17.333333333333336
    endloop
  endfacet
  facet normal 0 0 1
    outer loop
      vertex 17.45838574386164 519.2083333333334 17.333333333333336
      vertex 17.56455550557834 523.2627929572265 17.333333333333336
      vertex 17.45838574386164 523.4583333333334 17.333333333333336
    endloop
  endfacet
  facet normal 0 0 1
    outer loop
      vertex 17.45838574386164 519.2083333333334 17.333333333333336
      vertex 17.56455550557834 519.4038737094403 17.333333333333336
      vertex 17.56455550557834 523.2627929572265 17.333333333333336
    endloop
  endfacet
  facet normal 0 0 1
    outer loop
      vertex 17.56455550557834 519.4038737094403 17.333333333333336
      vertex 17.660345972758833 519.6047026002612 17.333333333333336
      vertex 17.660345972758833 523.0619640664055 17.333333333333336
    endloop
  endfacet
  facet normal 0 0 1
    outer loop
      vertex 17.56455550557834 519.4038737094403 17.333333333333336
      vertex 17.660345972758833 523.0619640664055 17.333333333333336
      vertex 17.56455550557834 523.2627929572265 17.333333333333336
    endloop
  endfacet
  facet normal 0 0 1
    outer loop
      vertex 17.660345972758833 519.6047026002612 17.333333333333336
      vertex 17.745494590390884 522.8563971189009 17.333333333333336
      vertex 17.660345972758833 523.0619640664055 17.333333333333336
    endloop
  endfacet
  facet normal 0 0 1
    outer loop
      vertex 17.660345972758833 519.6047026002612 17.333333333333336
      vertex 17.745494590390884 519.8102695477659 17.333333333333336
      vertex 17.745494590390884 522.8563971189009 17.333333333333336
    endloop
  endfacet
  facet normal 0 0 1
    outer loop
      vertex 17.745494590390884 519.8102695477659 17.333333333333336
      vertex 17.81976797203218 520.0200111072398 17.333333333333336
      vertex 17.81976797203218 522.6466555594269 17.333333333333336
    endloop
  endfacet
  facet normal 0 0 1
    outer loop
      vertex 17.745494590390884 519.8102695477659 17.333333333333336
      vertex 17.81976797203218 522.6466555594269 17.333333333333336
      vertex 17.745494590390884 522.8563971189009 17.333333333333336
    endloop
  endfacet
  facet normal 0 0 1
    outer loop
      vertex 17.81976797203218 520.0200111072398 17.333333333333336
      vertex 17.88296253950632 520.2333523916477 17.333333333333336
      vertex 17.88296253950632 522.433314275019 17.333333333333336
    endloop
  endfacet
  facet normal 0 0 1
    outer loop
      vertex 17.81976797203218 520.0200111072398 17.333333333333336
      vertex 17.88296253950632 522.433314275019 17.333333333333336
      vertex 17.81976797203218 522.6466555594269 17.333333333333336
    endloop
  endfacet
  facet normal 0 0 1
    outer loop
      vertex 17.88296253950632 520.2333523916477 17.333333333333336
      vertex 17.934905080896453 522.2169580193089 17.333333333333336
      vertex 17.88296253950632 522.433314275019 17.333333333333336
    endloop
  endfacet
  facet normal 0 0 1
    outer loop
      vertex 17.88296253950632 520.2333523916477 17.333333333333336
      vertex 17.934905080896453 520.4497086473579 17.333333333333336
      vertex 17.934905080896453 522.2169580193089 17.333333333333336
    endloop
  endfacet
  facet normal 0 0 1
    outer loop
      vertex 17.934905080896453 520.4497086473579 17.333333333333336
      vertex 17.975453225307113 521.9981798097543 17.333333333333336
      vertex 17.934905080896453 522.2169580193089 17.333333333333336
    endloop
  endfacet
  facet normal 0 0 1
    outer loop
      vertex 17.934905080896453 520.4497086473579 17.333333333333336
      vertex 17.975453225307113 520.6684868569124 17.333333333333336
      vertex 17.975453225307113 521.9981798097543 17.333333333333336
    endloop
  endfacet
  facet normal 0 0 1
    outer loop
      vertex 17.975453225307113 520.6684868569124 17.333333333333336
      vertex 18.00449583309294 520.8890873644459 17.333333333333336
      vertex 18.00449583309294 521.7775793022208 17.333333333333336
    endloop
  endfacet
  facet normal 0 0 1
    outer loop
      vertex 17.975453225307113 520.6684868569124 17.333333333333336
      vertex 18.00449583309294 521.7775793022208 17.333333333333336
      vertex 17.975453225307113 521.9981798097543 17.333333333333336
    endloop
  endfacet
  facet normal 0 0 1
    outer loop
      vertex 18.00449583309294 520.8890873644459 17.333333333333336
      vertex 18.021953300484718 521.1109055193009 17.333333333333336
      vertex 18.021953300484718 521.5557611473658 17.333333333333336
    endloop
  endfacet
  facet normal 0 0 1
    outer loop
      vertex 18.00449583309294 520.8890873644459 17.333333333333336
      vertex 18.021953300484718 521.5557611473658 17.333333333333336
      vertex 18.00449583309294 521.7775793022208 17.333333333333336
    endloop
  endfacet
  facet normal 0 0 1
    outer loop
      vertex 18.021953300484718 521.1109055193009 17.333333333333336
      vertex 18.02777777777778 521.3333333333334 17.333333333333336
      vertex 18.021953300484718 521.5557611473658 17.333333333333336
    endloop
  endfacet
  facet normal -0.026176948307871657 0.9996573249755573 0
    outer loop
      vertex 14.000205591810289 492.08915781062643 -17.666666666666664
      vertex 13.777777777777779 492.08333333333337 45.333333333333336
      vertex 14.000205591810289 492.08915781062643 45.333333333333336
    endloop
  endfacet
  facet normal -0.07845909572797946 0.9969173337331173 0
    outer loop
      vertex 14.222023746665304 492.10661527801824 -17.666666666666664
      vertex 14.000205591810289 492.08915781062643 45.333333333333336
      vertex 14.222023746665304 492.10661527801824 45.333333333333336
    endloop
  endfacet
  facet normal -0.13052619221998554 0.9914448613738192 0
    outer loop
      vertex 14.442624254198758 492.13565788580405 -17.666666666666664
      vertex 14.222023746665304 492.10661527801824 45.333333333333336
      vertex 14.442624254198758 492.13565788580405 45.333333333333336
    endloop
  endfacet
  facet normal -0.026176948307871657 -0.9996573249755573 0
    outer loop
      vertex 13.777777777777779 500.58333333333337 -17.666666666666664
      vertex 14.000205591810289 500.5775088560403 45.333333333333336
      vertex 13.777777777777779 500.58333333333337 45.333333333333336
    endloop
  endfacet
  facet normal -0.07845909572797946 -0.9969173337331173 0
    outer loop
      vertex 14.000205591810289 500.5775088560403 -17.666666666666664
      vertex 14.222023746665304 500.5600513886485 45.333333333333336
      vertex 14.000205591810289 500.5775088560403 45.333333333333336
    endloop
  endfacet
  facet normal -0.13052619221998554 -0.9914448613738192 0
    outer loop
      vertex 14.222023746665304 500.5600513886485 -17.666666666666664
      vertex 14.442624254198758 500.5310087808627 45.333333333333336
      vertex 14.222023746665304 500.5600513886485 45.333333333333336
    endloop
  endfacet
  facet normal -0.182235525492097 -0.9832549075639639 0
    outer loop
      vertex 14.442624254198758 500.5310087808627 -17.666666666666664
      vertex 14.661402463753255 500.49046063645204 45.333333333333336
      vertex 14.442624254198758 500.5310087808627 45.333333333333336
    endloop
  endfacet
  facet normal -0.182235525492097 0.9832549075639639 0
    outer loop
      vertex 14.661402463753255 492.1762060302147 -17.666666666666664
      vertex 14.442624254198758 492.13565788580405 45.333333333333336
      vertex 14.661402463753255 492.1762060302147 45.333333333333336
    endloop
  endfacet
  facet normal -0.23344536385590425 0.9723699203976769 0
    outer loop
      vertex 14.87775871946349 492.22814857160483 -17.666666666666664
      vertex 14.661402463753255 492.1762060302147 45.333333333333336
      vertex 14.87775871946349 492.22814857160483 45.333333333333336
    endloop
  endfacet
  facet normal -0.28401534470405565 0.9588197348681535 0
    outer loop
      vertex 15.091100003871304 492.291343139079 -17.666666666666664
      vertex 14.87775871946349 492.22814857160483 45.333333333333336
      vertex 15.091100003871304 492.291343139079 45.333333333333336
    endloop
  endfacet
  facet normal -0.3338068592336383 0.9426414910922253 0
    outer loop
      vertex 15.300841563345305 492.36561652072027 -17.666666666666664
      vertex 15.091100003871304 492.291343139079 45.333333333333336
      vertex 15.300841563345305 492.36561652072027 45.333333333333336
    endloop
  endfacet
  facet normal -0.23344536385590425 -0.9723699203976769 0
    outer loop
      vertex 14.661402463753255 500.49046063645204 -17.666666666666664
      vertex 14.87775871946349 500.4385180950619 45.333333333333336
      vertex 14.661402463753255 500.49046063645204 45.333333333333336
    endloop
  endfacet
  facet normal -0.28401534470405565 -0.9588197348681535 0
    outer loop
      vertex 14.87775871946349 500.4385180950619 -17.666666666666664
      vertex 15.091100003871304 500.37532352758774 45.333333333333336
      vertex 14.87775871946349 500.4385180950619 45.333333333333336
    endloop
  endfacet
  facet normal -0.3338068592336383 -0.9426414910922253 0
    outer loop
      vertex 15.091100003871304 500.37532352758774 -17.666666666666664
      vertex 15.300841563345305 500.3010501459465 45.333333333333336
      vertex 15.091100003871304 500.37532352758774 45.333333333333336
    endloop
  endfacet
  facet normal -0.3826834323651048 0.9238795325112805 0
    outer loop
      vertex 15.50640851084993 492.4507651383523 -17.666666666666664
      vertex 15.300841563345305 492.36561652072027 45.333333333333336
      vertex 15.50640851084993 492.4507651383523 45.333333333333336
    endloop
  endfacet
  facet normal -0.43051109680835614 0.9025852843498314 0
    outer loop
      vertex 15.707237401670852 492.54655560553283 -17.666666666666664
      vertex 15.50640851084993 492.4507651383523 45.333333333333336
      vertex 15.707237401670852 492.54655560553283 45.333333333333336
    endloop
  endfacet
  facet normal -0.477158760259512 0.8788171126620178 0
    outer loop
      vertex 15.902777777777779 492.6527253672495 -17.666666666666664
      vertex 15.707237401670852 492.54655560553283 45.333333333333336
      vertex 15.902777777777779 492.6527253672495 45.333333333333336
    endloop
  endfacet
  facet normal -0.3826834323651048 -0.9238795325112805 0
    outer loop
      vertex 15.300841563345305 500.3010501459465 -17.666666666666664
      vertex 15.50640851084993 500.2159015283144 45.333333333333336
      vertex 15.300841563345305 500.3010501459465 45.333333333333336
    endloop
  endfacet
  facet normal -0.43051109680835614 -0.9025852843498314 0
    outer loop
      vertex 15.50640851084993 500.2159015283144 -17.666666666666664
      vertex 15.707237401670852 500.1201110611339 45.333333333333336
      vertex 15.50640851084993 500.2159015283144 45.333333333333336
    endloop
  endfacet
  facet normal -0.477158760259512 -0.8788171126620178 0
    outer loop
      vertex 15.707237401670852 500.1201110611339 -17.666666666666664
      vertex 15.902777777777779 500.01394129941724 45.333333333333336
      vertex 15.707237401670852 500.1201110611339 45.333333333333336
    endloop
  endfacet
  facet normal -0.5224985647159078 -0.8526401643541175 0
    outer loop
      vertex 15.902777777777779 500.01394129941724 -17.666666666666664
      vertex 16.092493676591644 499.89768324710144 45.333333333333336
      vertex 15.902777777777779 500.01394129941724 45.333333333333336
    endloop
  endfacet
  facet normal -0.5224985647159078 0.8526401643541175 0
    outer loop
      vertex 16.092493676591644 492.7689834195653 -17.666666666666664
      vertex 15.902777777777779 492.6527253672495 45.333333333333336
      vertex 16.092493676591644 492.7689834195653 45.333333333333336
    endloop
  endfacet
  facet normal -0.5664062369248709 0.8241261886219894 0
    outer loop
      vertex 16.275865100020788 492.89501110723984 -17.666666666666664
      vertex 16.092493676591644 492.7689834195653 45.333333333333336
      vertex 16.275865100020788 492.89501110723984 45.333333333333336
    endloop
  endfacet
  facet normal -0.6087614290086882 0.79335334029126 0
    outer loop
      vertex 16.452389439739587 493.0304629971412 -17.666666666666664
      vertex 16.275865100020788 492.89501110723984 45.333333333333336
      vertex 16.452389439739587 493.0304629971412 45.333333333333336
    endloop
  endfacet
  facet normal -0.6494480483302763 0.7604059655999519 0
    outer loop
      vertex 16.621582854802927 493.17496782505447 -17.666666666666664
      vertex 16.452389439739587 493.0304629971412 45.333333333333336
      vertex 16.621582854802927 493.17496782505447 45.333333333333336
    endloop
  endfacet
  facet normal -0.6883545756937195 0.7253743710123204 0
    outer loop
      vertex 16.782981597820605 493.32812951329055 -17.666666666666664
      vertex 16.621582854802927 493.17496782505447 45.333333333333336
      vertex 16.782981597820605 493.32812951329055 45.333333333333336
    endloop
  endfacet
  facet normal -0.6087614290086882 -0.79335334029126 0
    outer loop
      vertex 16.275865100020788 499.7716555594269 -17.666666666666664
      vertex 16.452389439739587 499.6362036695255 45.333333333333336
      vertex 16.275865100020788 499.7716555594269 45.333333333333336
    endloop
  endfacet
  facet normal -0.5664062369248709 -0.8241261886219894 0
    outer loop
      vertex 16.092493676591644 499.89768324710144 -17.666666666666664
      vertex 16.275865100020788 499.7716555594269 45.333333333333336
      vertex 16.092493676591644 499.89768324710144 45.333333333333336
    endloop
  endfacet
  facet normal -0.6494480483302763 -0.7604059655999519 0
    outer loop
      vertex 16.452389439739587 499.6362036695255 -17.666666666666664
      vertex 16.621582854802927 499.4916988416123 45.333333333333336
      vertex 16.452389439739587 499.6362036695255 45.333333333333336
    endloop
  endfacet
  facet normal -0.6883545756937195 -0.7253743710123204 0
    outer loop
      vertex 16.621582854802927 499.4916988416123 -17.666666666666664
      vertex 16.782981597820605 499.3385371533762 45.333333333333336
      vertex 16.621582854802927 499.4916988416123 45.333333333333336
    endloop
  endfacet
  facet normal 0 0 1
    outer loop
      vertex 13.777777777777779 500.58333333333337 45.333333333333336
      vertex 14.000205591810289 500.5775088560403 45.333333333333336
      vertex 13.777777777777779 517.0833333333334 45.333333333333336
    endloop
  endfacet
  facet normal 0 0 1
    outer loop
      vertex 14.000205591810289 500.5775088560403 45.333333333333336
      vertex 14.222023746665304 500.5600513886485 45.333333333333336
      vertex 14.000205591810289 517.0891578106264 45.333333333333336
    endloop
  endfacet
  facet normal 0 0 1
    outer loop
      vertex 14.222023746665304 500.5600513886485 45.333333333333336
      vertex 14.442624254198758 500.5310087808627 45.333333333333336
      vertex 14.222023746665304 517.1066152780182 45.333333333333336
    endloop
  endfacet
  facet normal 0 0 1
    outer loop
      vertex 14.442624254198758 500.5310087808627 45.333333333333336
      vertex 14.661402463753255 500.49046063645204 45.333333333333336
      vertex 14.442624254198758 517.135657885804 45.333333333333336
    endloop
  endfacet
  facet normal 0 0 1
    outer loop
      vertex 14.000205591810289 500.5775088560403 45.333333333333336
      vertex 14.000205591810289 517.0891578106264 45.333333333333336
      vertex 13.777777777777779 517.0833333333334 45.333333333333336
    endloop
  endfacet
  facet normal 0 0 1
    outer loop
      vertex 14.222023746665304 500.5600513886485 45.333333333333336
      vertex 14.222023746665304 517.1066152780182 45.333333333333336
      vertex 14.000205591810289 517.0891578106264 45.333333333333336
    endloop
  endfacet
  facet normal 0 0 1
    outer loop
      vertex 14.442624254198758 500.5310087808627 45.333333333333336
      vertex 14.442624254198758 517.135657885804 45.333333333333336
      vertex 14.222023746665304 517.1066152780182 45.333333333333336
    endloop
  endfacet
  facet normal 0 0 1
    outer loop
      vertex 14.661402463753255 500.49046063645204 45.333333333333336
      vertex 14.87775871946349 500.4385180950619 45.333333333333336
      vertex 14.661402463753255 517.1762060302146 45.333333333333336
    endloop
  endfacet
  facet normal 0 0 1
    outer loop
      vertex 14.87775871946349 500.4385180950619 45.333333333333336
      vertex 15.091100003871304 500.37532352758774 45.333333333333336
      vertex 14.87775871946349 517.2281485716048 45.333333333333336
    endloop
  endfacet
  facet normal 0 0 1
    outer loop
      vertex 15.091100003871304 500.37532352758774 45.333333333333336
      vertex 15.300841563345305 500.3010501459465 45.333333333333336
      vertex 15.091100003871304 517.291343139079 45.333333333333336
    endloop
  endfacet
  facet normal 0 0 1
    outer loop
      vertex 14.661402463753255 500.49046063645204 45.333333333333336
      vertex 14.661402463753255 517.1762060302146 45.333333333333336
      vertex 14.442624254198758 517.135657885804 45.333333333333336
    endloop
  endfacet
  facet normal 0 0 1
    outer loop
      vertex 14.87775871946349 500.4385180950619 45.333333333333336
      vertex 14.87775871946349 517.2281485716048 45.333333333333336
      vertex 14.661402463753255 517.1762060302146 45.333333333333336
    endloop
  endfacet
  facet normal 0 0 1
    outer loop
      vertex 15.091100003871304 500.37532352758774 45.333333333333336
      vertex 15.091100003871304 517.291343139079 45.333333333333336
      vertex 14.87775871946349 517.2281485716048 45.333333333333336
    endloop
  endfacet
  facet normal 0 0 1
    outer loop
      vertex 15.300841563345305 500.3010501459465 45.333333333333336
      vertex 15.300841563345305 517.3656165207203 45.333333333333336
      vertex 15.091100003871304 517.291343139079 45.333333333333336
    endloop
  endfacet
  facet normal 0 0 1
    outer loop
      vertex 15.300841563345305 500.3010501459465 45.333333333333336
      vertex 15.50640851084993 500.2159015283144 45.333333333333336
      vertex 15.300841563345305 517.3656165207203 45.333333333333336
    endloop
  endfacet
  facet normal 0 0 1
    outer loop
      vertex 15.50640851084993 500.2159015283144 45.333333333333336
      vertex 15.707237401670852 500.1201110611339 45.333333333333336
      vertex 15.50640851084993 517.4507651383524 45.333333333333336
    endloop
  endfacet
  facet normal 0 0 1
    outer loop
      vertex 15.707237401670852 500.1201110611339 45.333333333333336
      vertex 15.902777777777779 500.01394129941724 45.333333333333336
      vertex 15.707237401670852 517.5465556055328 45.333333333333336
    endloop
  endfacet
  facet normal 0 0 1
    outer loop
      vertex 15.902777777777779 500.01394129941724 45.333333333333336
      vertex 16.092493676591644 499.89768324710144 45.333333333333336
      vertex 15.902777777777779 517.6527253672496 45.333333333333336
    endloop
  endfacet
  facet normal 0 0 1
    outer loop
      vertex 15.50640851084993 500.2159015283144 45.333333333333336
      vertex 15.50640851084993 517.4507651383524 45.333333333333336
      vertex 15.300841563345305 517.3656165207203 45.333333333333336
    endloop
  endfacet
  facet normal 0 0 1
    outer loop
      vertex 15.707237401670852 500.1201110611339 45.333333333333336
      vertex 15.707237401670852 517.5465556055328 45.333333333333336
      vertex 15.50640851084993 517.4507651383524 45.333333333333336
    endloop
  endfacet
  facet normal 0 0 1
    outer loop
      vertex 15.902777777777779 500.01394129941724 45.333333333333336
      vertex 15.902777777777779 517.6527253672496 45.333333333333336
      vertex 15.707237401670852 517.5465556055328 45.333333333333336
    endloop
  endfacet
  facet normal 0 0 1
    outer loop
      vertex 16.092493676591644 499.89768324710144 45.333333333333336
      vertex 16.275865100020788 499.7716555594269 45.333333333333336
      vertex 16.092493676591644 517.7689834195653 45.333333333333336
    endloop
  endfacet
  facet normal 0 0 1
    outer loop
      vertex 16.275865100020788 499.7716555594269 45.333333333333336
      vertex 16.452389439739587 499.6362036695255 45.333333333333336
      vertex 16.275865100020788 517.8950111072398 45.333333333333336
    endloop
  endfacet
  facet normal 0 0 1
    outer loop
      vertex 16.452389439739587 499.6362036695255 45.333333333333336
      vertex 16.621582854802927 499.4916988416123 45.333333333333336
      vertex 16.452389439739587 518.0304629971413 45.333333333333336
    endloop
  endfacet
  facet normal 0 0 1
    outer loop
      vertex 16.621582854802927 499.4916988416123 45.333333333333336
      vertex 16.782981597820605 499.3385371533762 45.333333333333336
      vertex 16.621582854802927 518.1749678250544 45.333333333333336
    endloop
  endfacet
  facet normal 0 0 1
    outer loop
      vertex 16.092493676591644 499.89768324710144 45.333333333333336
      vertex 16.092493676591644 517.7689834195653 45.333333333333336
      vertex 15.902777777777779 517.6527253672496 45.333333333333336
    endloop
  endfacet
  facet normal 0 0 1
    outer loop
      vertex 16.275865100020788 499.7716555594269 45.333333333333336
      vertex 16.275865100020788 517.8950111072398 45.333333333333336
      vertex 16.092493676591644 517.7689834195653 45.333333333333336
    endloop
  endfacet
  facet normal 0 0 1
    outer loop
      vertex 16.452389439739587 499.6362036695255 45.333333333333336
      vertex 16.452389439739587 518.0304629971413 45.333333333333336
      vertex 16.275865100020788 517.8950111072398 45.333333333333336
    endloop
  endfacet
  facet normal 0 0 1
    outer loop
      vertex 16.621582854802927 499.4916988416123 45.333333333333336
      vertex 16.621582854802927 518.1749678250544 45.333333333333336
      vertex 16.452389439739587 518.0304629971413 45.333333333333336
    endloop
  endfacet
  facet normal 0 0 1
    outer loop
      vertex 16.621582854802927 518.1749678250544 45.333333333333336
      vertex 16.782981597820605 499.3385371533762 45.333333333333336
      vertex 16.782981597820605 518.3281295132906 45.333333333333336
    endloop
  endfacet
  facet normal -0.02617694830761636 0.999657324975564 0
    outer loop
      vertex 13.777777777777779 517.0833333333334 17.333333333333336
      vertex 13.777777777777779 517.0833333333334 45.333333333333336
      vertex 14.000205591810289 517.0891578106264 17.333333333333336
    endloop
  endfacet
  facet normal -0.07845909572823337 0.9969173337330975 0
    outer loop
      vertex 14.000205591810289 517.0891578106264 17.333333333333336
      vertex 14.000205591810289 517.0891578106264 45.333333333333336
      vertex 14.222023746665304 517.1066152780182 17.333333333333336
    endloop
  endfacet
  facet normal -0.13052619221973444 0.9914448613738522 0
    outer loop
      vertex 14.222023746665304 517.1066152780182 17.333333333333336
      vertex 14.222023746665304 517.1066152780182 45.333333333333336
      vertex 14.442624254198758 517.135657885804 17.333333333333336
    endloop
  endfacet
  facet normal -0.18223552549209698 0.9832549075639638 0
    outer loop
      vertex 14.442624254198758 517.135657885804 17.333333333333336
      vertex 14.442624254198758 517.135657885804 45.333333333333336
      vertex 14.661402463753255 517.1762060302146 17.333333333333336
    endloop
  endfacet
  facet normal -0.2334453638561458 0.972369920397619 0
    outer loop
      vertex 14.661402463753255 517.1762060302146 17.333333333333336
      vertex 14.661402463753255 517.1762060302146 45.333333333333336
      vertex 14.87775871946349 517.2281485716048 17.333333333333336
    endloop
  endfacet
  facet normal -0.28401534470405565 0.9588197348681535 0
    outer loop
      vertex 14.87775871946349 517.2281485716048 17.333333333333336
      vertex 14.87775871946349 517.2281485716048 45.333333333333336
      vertex 15.091100003871304 517.291343139079 17.333333333333336
    endloop
  endfacet
  facet normal -0.3338068592338653 0.942641491092145 0
    outer loop
      vertex 15.091100003871304 517.291343139079 17.333333333333336
      vertex 15.091100003871304 517.291343139079 45.333333333333336
      vertex 15.300841563345305 517.3656165207203 17.333333333333336
    endloop
  endfacet
  facet normal -0.02617694830761636 -0.999657324975564 0
    outer loop
      vertex 13.777777777777779 525.5833333333334 17.333333333333336
      vertex 14.000205591810289 525.5775088560404 17.333333333333336
      vertex 14.000205591810289 525.5775088560404 45.333333333333336
    endloop
  endfacet
  facet normal -0.07845909572823337 -0.9969173337330975 0
    outer loop
      vertex 14.000205591810289 525.5775088560404 17.333333333333336
      vertex 14.222023746665304 525.5600513886485 17.333333333333336
      vertex 14.222023746665304 525.5600513886485 45.333333333333336
    endloop
  endfacet
  facet normal -0.13052619221973444 -0.9914448613738522 0
    outer loop
      vertex 14.222023746665304 525.5600513886485 17.333333333333336
      vertex 14.442624254198758 525.5310087808627 17.333333333333336
      vertex 14.442624254198758 525.5310087808627 45.333333333333336
    endloop
  endfacet
  facet normal -0.18223552549209698 -0.9832549075639638 0
    outer loop
      vertex 14.442624254198758 525.5310087808627 17.333333333333336
      vertex 14.661402463753255 525.4904606364521 17.333333333333336
      vertex 14.661402463753255 525.4904606364521 45.333333333333336
    endloop
  endfacet
  facet normal -0.2334453638561458 -0.972369920397619 0
    outer loop
      vertex 14.661402463753255 525.4904606364521 17.333333333333336
      vertex 14.87775871946349 525.4385180950619 17.333333333333336
      vertex 14.87775871946349 525.4385180950619 45.333333333333336
    endloop
  endfacet
  facet normal -0.28401534470405565 -0.9588197348681535 0
    outer loop
      vertex 14.87775871946349 525.4385180950619 17.333333333333336
      vertex 15.091100003871304 525.3753235275877 17.333333333333336
      vertex 15.091100003871304 525.3753235275877 45.333333333333336
    endloop
  endfacet
  facet normal -0.3338068592338653 -0.942641491092145 0
    outer loop
      vertex 15.091100003871304 525.3753235275877 17.333333333333336
      vertex 15.300841563345305 525.3010501459464 17.333333333333336
      vertex 15.300841563345305 525.3010501459464 45.333333333333336
    endloop
  endfacet
  facet normal -0.3826834323651048 0.9238795325112805 0
    outer loop
      vertex 15.300841563345305 517.3656165207203 17.333333333333336
      vertex 15.300841563345305 517.3656165207203 45.333333333333336
      vertex 15.50640851084993 517.4507651383524 17.333333333333336
    endloop
  endfacet
  facet normal -0.4305110968081481 0.9025852843499308 0
    outer loop
      vertex 15.50640851084993 517.4507651383524 17.333333333333336
      vertex 15.50640851084993 517.4507651383524 45.333333333333336
      vertex 15.707237401670852 517.5465556055328 17.333333333333336
    endloop
  endfacet
  facet normal -0.4771587602597092 0.8788171126619105 0
    outer loop
      vertex 15.707237401670852 517.5465556055328 17.333333333333336
      vertex 15.707237401670852 517.5465556055328 45.333333333333336
      vertex 15.902777777777779 517.6527253672496 17.333333333333336
    endloop
  endfacet
  facet normal -0.5224985647157221 0.8526401643542313 0
    outer loop
      vertex 15.902777777777779 517.6527253672496 17.333333333333336
      vertex 15.902777777777779 517.6527253672496 45.333333333333336
      vertex 16.092493676591644 517.7689834195653 17.333333333333336
    endloop
  endfacet
  facet normal -0.4771587602597092 -0.8788171126619105 0
    outer loop
      vertex 15.902777777777779 525.0139412994172 17.333333333333336
      vertex 15.902777777777779 525.0139412994172 45.333333333333336
      vertex 15.707237401670852 525.1201110611339 17.333333333333336
    endloop
  endfacet
  facet normal -0.5664062369248709 0.8241261886219894 0
    outer loop
      vertex 16.092493676591644 517.7689834195653 17.333333333333336
      vertex 16.092493676591644 517.7689834195653 45.333333333333336
      vertex 16.275865100020788 517.8950111072398 17.333333333333336
    endloop
  endfacet
  facet normal -0.6087614290088491 0.7933533402911367 0
    outer loop
      vertex 16.275865100020788 517.8950111072398 17.333333333333336
      vertex 16.275865100020788 517.8950111072398 45.333333333333336
      vertex 16.452389439739587 518.0304629971413 17.333333333333336
    endloop
  endfacet
  facet normal -0.6494480483299807 0.7604059656002041 0
    outer loop
      vertex 16.452389439739587 518.0304629971413 17.333333333333336
      vertex 16.452389439739587 518.0304629971413 45.333333333333336
      vertex 16.621582854802927 518.1749678250544 17.333333333333336
    endloop
  endfacet
  facet normal -0.6883545756939884 0.7253743710120653 0
    outer loop
      vertex 16.621582854802927 518.1749678250544 17.333333333333336
      vertex 16.621582854802927 518.1749678250544 45.333333333333336
      vertex 16.782981597820605 518.3281295132906 17.333333333333336
    endloop
  endfacet
  facet normal -0.5224985647157221 -0.8526401643542313 0
    outer loop
      vertex 15.902777777777779 525.0139412994172 17.333333333333336
      vertex 16.092493676591644 524.8976832471014 17.333333333333336
      vertex 16.092493676591644 524.8976832471014 45.333333333333336
    endloop
  endfacet
  facet normal -0.5664062369248709 -0.8241261886219894 0
    outer loop
      vertex 16.092493676591644 524.8976832471014 17.333333333333336
      vertex 16.275865100020788 524.7716555594269 17.333333333333336
      vertex 16.275865100020788 524.7716555594269 45.333333333333336
    endloop
  endfacet
  facet normal -0.6087614290088491 -0.7933533402911367 0
    outer loop
      vertex 16.275865100020788 524.7716555594269 17.333333333333336
      vertex 16.452389439739587 524.6362036695255 17.333333333333336
      vertex 16.452389439739587 524.6362036695255 45.333333333333336
    endloop
  endfacet
  facet normal -0.6494480483299807 -0.7604059656002041 0
    outer loop
      vertex 16.452389439739587 524.6362036695255 17.333333333333336
      vertex 16.621582854802927 524.4916988416123 17.333333333333336
      vertex 16.621582854802927 524.4916988416123 45.333333333333336
    endloop
  endfacet
  facet normal -0.6883545756939884 -0.7253743710120653 0
    outer loop
      vertex 16.621582854802927 524.4916988416123 17.333333333333336
      vertex 16.782981597820605 524.3385371533761 17.333333333333336
      vertex 16.782981597820605 524.3385371533761 45.333333333333336
    endloop
  endfacet
  facet normal -0.3826834323651048 -0.9238795325112805 0
    outer loop
      vertex 15.300841563345305 525.3010501459464 17.333333333333336
      vertex 15.50640851084993 525.2159015283144 17.333333333333336
      vertex 15.50640851084993 525.2159015283144 45.333333333333336
    endloop
  endfacet
  facet normal -0.4305110968081481 -0.9025852843499308 0
    outer loop
      vertex 15.50640851084993 525.2159015283144 17.333333333333336
      vertex 15.707237401670852 525.1201110611339 17.333333333333336
      vertex 15.707237401670852 525.1201110611339 45.333333333333336
    endloop
  endfacet
  facet normal -0.02617694830761636 0.999657324975564 0
    outer loop
      vertex 14.000205591810289 517.0891578106264 17.333333333333336
      vertex 13.777777777777779 517.0833333333334 45.333333333333336
      vertex 14.000205591810289 517.0891578106264 45.333333333333336
    endloop
  endfacet
  facet normal -0.07845909572823337 0.9969173337330975 0
    outer loop
      vertex 14.222023746665304 517.1066152780182 17.333333333333336
      vertex 14.000205591810289 517.0891578106264 45.333333333333336
      vertex 14.222023746665304 517.1066152780182 45.333333333333336
    endloop
  endfacet
  facet normal -0.13052619221973444 0.9914448613738522 0
    outer loop
      vertex 14.442624254198758 517.135657885804 17.333333333333336
      vertex 14.222023746665304 517.1066152780182 45.333333333333336
      vertex 14.442624254198758 517.135657885804 45.333333333333336
    endloop
  endfacet
  facet normal -0.18223552549209698 0.9832549075639638 0
    outer loop
      vertex 14.661402463753255 517.1762060302146 17.333333333333336
      vertex 14.442624254198758 517.135657885804 45.333333333333336
      vertex 14.661402463753255 517.1762060302146 45.333333333333336
    endloop
  endfacet
  facet normal -0.2334453638561458 0.972369920397619 0
    outer loop
      vertex 14.87775871946349 517.2281485716048 17.333333333333336
      vertex 14.661402463753255 517.1762060302146 45.333333333333336
      vertex 14.87775871946349 517.2281485716048 45.333333333333336
    endloop
  endfacet
  facet normal -0.28401534470405565 0.9588197348681535 0
    outer loop
      vertex 15.091100003871304 517.291343139079 17.333333333333336
      vertex 14.87775871946349 517.2281485716048 45.333333333333336
      vertex 15.091100003871304 517.291343139079 45.333333333333336
    endloop
  endfacet
  facet normal -0.3338068592338653 0.942641491092145 0
    outer loop
      vertex 15.300841563345305 517.3656165207203 17.333333333333336
      vertex 15.091100003871304 517.291343139079 45.333333333333336
      vertex 15.300841563345305 517.3656165207203 45.333333333333336
    endloop
  endfacet
  facet normal -0.02617694830761636 -0.999657324975564 0
    outer loop
      vertex 13.777777777777779 525.5833333333334 17.333333333333336
      vertex 14.000205591810289 525.5775088560404 45.333333333333336
      vertex 13.777777777777779 525.5833333333334 45.333333333333336
    endloop
  endfacet
  facet normal -0.07845909572823337 -0.9969173337330975 0
    outer loop
      vertex 14.000205591810289 525.5775088560404 17.333333333333336
      vertex 14.222023746665304 525.5600513886485 45.333333333333336
      vertex 14.000205591810289 525.5775088560404 45.333333333333336
    endloop
  endfacet
  facet normal -0.13052619221973444 -0.9914448613738522 0
    outer loop
      vertex 14.222023746665304 525.5600513886485 17.333333333333336
      vertex 14.442624254198758 525.5310087808627 45.333333333333336
      vertex 14.222023746665304 525.5600513886485 45.333333333333336
    endloop
  endfacet
  facet normal -0.18223552549209698 -0.9832549075639638 0
    outer loop
      vertex 14.442624254198758 525.5310087808627 17.333333333333336
      vertex 14.661402463753255 525.4904606364521 45.333333333333336
      vertex 14.442624254198758 525.5310087808627 45.333333333333336
    endloop
  endfacet
  facet normal -0.2334453638561458 -0.972369920397619 0
    outer loop
      vertex 14.661402463753255 525.4904606364521 17.333333333333336
      vertex 14.87775871946349 525.4385180950619 45.333333333333336
      vertex 14.661402463753255 525.4904606364521 45.333333333333336
    endloop
  endfacet
  facet normal -0.28401534470405565 -0.9588197348681535 0
    outer loop
      vertex 14.87775871946349 525.4385180950619 17.333333333333336
      vertex 15.091100003871304 525.3753235275877 45.333333333333336
      vertex 14.87775871946349 525.4385180950619 45.333333333333336
    endloop
  endfacet
  facet normal -0.3338068592338653 -0.942641491092145 0
    outer loop
      vertex 15.091100003871304 525.3753235275877 17.333333333333336
      vertex 15.300841563345305 525.3010501459464 45.333333333333336
      vertex 15.091100003871304 525.3753235275877 45.333333333333336
    endloop
  endfacet
  facet normal 0 0 1
    outer loop
      vertex 6.777777777777778 536.3333333333334 45.333333333333336
      vertex 14.661402463753255 525.4904606364521 45.333333333333336
      vertex 20.77777777777778 536.3333333333334 45.333333333333336
    endloop
  endfacet
  facet normal -0.3826834323651048 0.9238795325112805 0
    outer loop
      vertex 15.50640851084993 517.4507651383524 17.333333333333336
      vertex 15.300841563345305 517.3656165207203 45.333333333333336
      vertex 15.50640851084993 517.4507651383524 45.333333333333336
    endloop
  endfacet
  facet normal -0.4305110968081481 0.9025852843499308 0
    outer loop
      vertex 15.707237401670852 517.5465556055328 17.333333333333336
      vertex 15.50640851084993 517.4507651383524 45.333333333333336
      vertex 15.707237401670852 517.5465556055328 45.333333333333336
    endloop
  endfacet
  facet normal -0.4771587602597092 0.8788171126619105 0
    outer loop
      vertex 15.902777777777779 517.6527253672496 17.333333333333336
      vertex 15.707237401670852 517.5465556055328 45.333333333333336
      vertex 15.902777777777779 517.6527253672496 45.333333333333336
    endloop
  endfacet
  facet normal -0.5224985647157221 -0.8526401643542313 0
    outer loop
      vertex 15.902777777777779 525.0139412994172 17.333333333333336
      vertex 16.092493676591644 524.8976832471014 45.333333333333336
      vertex 15.902777777777779 525.0139412994172 45.333333333333336
    endloop
  endfacet
  facet normal -0.5224985647157221 0.8526401643542313 0
    outer loop
      vertex 16.092493676591644 517.7689834195653 17.333333333333336
      vertex 15.902777777777779 517.6527253672496 45.333333333333336
      vertex 16.092493676591644 517.7689834195653 45.333333333333336
    endloop
  endfacet
  facet normal -0.5664062369248709 0.8241261886219894 0
    outer loop
      vertex 16.275865100020788 517.8950111072398 17.333333333333336
      vertex 16.092493676591644 517.7689834195653 45.333333333333336
      vertex 16.275865100020788 517.8950111072398 45.333333333333336
    endloop
  endfacet
  facet normal -0.6087614290088491 0.7933533402911367 0
    outer loop
      vertex 16.452389439739587 518.0304629971413 17.333333333333336
      vertex 16.275865100020788 517.8950111072398 45.333333333333336
      vertex 16.452389439739587 518.0304629971413 45.333333333333336
    endloop
  endfacet
  facet normal -0.6494480483299807 0.7604059656002041 0
    outer loop
      vertex 16.621582854802927 518.1749678250544 17.333333333333336
      vertex 16.452389439739587 518.0304629971413 45.333333333333336
      vertex 16.621582854802927 518.1749678250544 45.333333333333336
    endloop
  endfacet
  facet normal -0.6883545756939884 0.7253743710120653 0
    outer loop
      vertex 16.782981597820605 518.3281295132906 17.333333333333336
      vertex 16.621582854802927 518.1749678250544 45.333333333333336
      vertex 16.782981597820605 518.3281295132906 45.333333333333336
    endloop
  endfacet
  facet normal -0.5664062369248709 -0.8241261886219894 0
    outer loop
      vertex 16.092493676591644 524.8976832471014 17.333333333333336
      vertex 16.275865100020788 524.7716555594269 45.333333333333336
      vertex 16.092493676591644 524.8976832471014 45.333333333333336
    endloop
  endfacet
  facet normal -0.6087614290088491 -0.7933533402911367 0
    outer loop
      vertex 16.275865100020788 524.7716555594269 17.333333333333336
      vertex 16.452389439739587 524.6362036695255 45.333333333333336
      vertex 16.275865100020788 524.7716555594269 45.333333333333336
    endloop
  endfacet
  facet normal -0.6494480483299807 -0.7604059656002041 0
    outer loop
      vertex 16.452389439739587 524.6362036695255 17.333333333333336
      vertex 16.621582854802927 524.4916988416123 45.333333333333336
      vertex 16.452389439739587 524.6362036695255 45.333333333333336
    endloop
  endfacet
  facet normal -0.6883545756939884 -0.7253743710120653 0
    outer loop
      vertex 16.621582854802927 524.4916988416123 17.333333333333336
      vertex 16.782981597820605 524.3385371533761 45.333333333333336
      vertex 16.621582854802927 524.4916988416123 45.333333333333336
    endloop
  endfacet
  facet normal -0.3826834323651048 -0.9238795325112805 0
    outer loop
      vertex 15.300841563345305 525.3010501459464 17.333333333333336
      vertex 15.50640851084993 525.2159015283144 45.333333333333336
      vertex 15.300841563345305 525.3010501459464 45.333333333333336
    endloop
  endfacet
  facet normal -0.4305110968081481 -0.9025852843499308 0
    outer loop
      vertex 15.50640851084993 525.2159015283144 17.333333333333336
      vertex 15.707237401670852 525.1201110611339 45.333333333333336
      vertex 15.50640851084993 525.2159015283144 45.333333333333336
    endloop
  endfacet
  facet normal -0.4771587602597092 -0.8788171126619105 0
    outer loop
      vertex 15.707237401670852 525.1201110611339 17.333333333333336
      vertex 15.902777777777779 525.0139412994172 45.333333333333336
      vertex 15.707237401670852 525.1201110611339 45.333333333333336
    endloop
  endfacet
  facet normal 0 0 1
    outer loop
      vertex 14.661402463753255 525.4904606364521 45.333333333333336
      vertex 14.87775871946349 525.4385180950619 45.333333333333336
      vertex 20.77777777777778 536.3333333333334 45.333333333333336
    endloop
  endfacet
  facet normal -0.7253743710122956 0.6883545756937456 0
    outer loop
      vertex 16.936143286056705 493.48952825630823 -17.666666666666664
      vertex 16.782981597820605 493.32812951329055 45.333333333333336
      vertex 16.936143286056705 493.48952825630823 45.333333333333336
    endloop
  endfacet
  facet normal -0.7604059655999982 0.649448048330222 0
    outer loop
      vertex 17.080648113969904 493.65872167137155 -17.666666666666664
      vertex 16.936143286056705 493.48952825630823 45.333333333333336
      vertex 17.080648113969904 493.65872167137155 45.333333333333336
    endloop
  endfacet
  facet normal -0.7933533402912547 0.6087614290086953 0
    outer loop
      vertex 17.216100003871304 493.83524601109036 -17.666666666666664
      vertex 17.080648113969904 493.65872167137155 45.333333333333336
      vertex 17.216100003871304 493.83524601109036 45.333333333333336
    endloop
  endfacet
  facet normal -0.824126188622022 0.5664062369248235 0
    outer loop
      vertex 17.34212769154583 494.0186174345195 -17.666666666666664
      vertex 17.216100003871304 493.83524601109036 45.333333333333336
      vertex 17.34212769154583 494.0186174345195 45.333333333333336
    endloop
  endfacet
  facet normal -0.8526401643540873 0.5224985647159568 0
    outer loop
      vertex 17.45838574386164 494.20833333333337 -17.666666666666664
      vertex 17.34212769154583 494.0186174345195 45.333333333333336
      vertex 17.45838574386164 494.20833333333337 45.333333333333336
    endloop
  endfacet
  facet normal -0.7253743710122956 -0.6883545756937456 0
    outer loop
      vertex 16.782981597820605 499.3385371533762 -17.666666666666664
      vertex 16.936143286056705 499.1771384103585 45.333333333333336
      vertex 16.782981597820605 499.3385371533762 45.333333333333336
    endloop
  endfacet
  facet normal -0.7604059655999982 -0.649448048330222 0
    outer loop
      vertex 16.936143286056705 499.1771384103585 -17.666666666666664
      vertex 17.080648113969904 499.0079449952952 45.333333333333336
      vertex 16.936143286056705 499.1771384103585 45.333333333333336
    endloop
  endfacet
  facet normal -0.7933533402912547 -0.6087614290086953 0
    outer loop
      vertex 17.080648113969904 499.0079449952952 -17.666666666666664
      vertex 17.216100003871304 498.8314206555764 45.333333333333336
      vertex 17.080648113969904 499.0079449952952 45.333333333333336
    endloop
  endfacet
  facet normal -0.824126188622022 -0.5664062369248235 0
    outer loop
      vertex 17.216100003871304 498.8314206555764 -17.666666666666664
      vertex 17.34212769154583 498.64804923214723 45.333333333333336
      vertex 17.216100003871304 498.8314206555764 45.333333333333336
    endloop
  endfacet
  facet normal -0.8526401643540873 -0.5224985647159568 0
    outer loop
      vertex 17.34212769154583 498.64804923214723 -17.666666666666664
      vertex 17.45838574386164 498.45833333333337 45.333333333333336
      vertex 17.34212769154583 498.64804923214723 45.333333333333336
    endloop
  endfacet
  facet normal -0.8788171126619568 -0.477158760259624 0
    outer loop
      vertex 17.45838574386164 498.45833333333337 -17.666666666666664
      vertex 17.56455550557834 498.26279295722645 45.333333333333336
      vertex 17.45838574386164 498.45833333333337 45.333333333333336
    endloop
  endfacet
  facet normal -0.8788171126619568 0.477158760259624 0
    outer loop
      vertex 17.56455550557834 494.4038737094403 -17.666666666666664
      vertex 17.45838574386164 494.20833333333337 45.333333333333336
      vertex 17.56455550557834 494.4038737094403 45.333333333333336
    endloop
  endfacet
  facet normal -0.9025852843498859 0.43051109680824207 0
    outer loop
      vertex 17.660345972758833 494.60470260026125 -17.666666666666664
      vertex 17.56455550557834 494.4038737094403 45.333333333333336
      vertex 17.660345972758833 494.60470260026125 45.333333333333336
    endloop
  endfacet
  facet normal -0.9238795325112895 0.38268343236508323 0
    outer loop
      vertex 17.745494590390884 494.81026954776587 -17.666666666666664
      vertex 17.660345972758833 494.60470260026125 45.333333333333336
      vertex 17.745494590390884 494.81026954776587 45.333333333333336
    endloop
  endfacet
  facet normal -0.9426414910921591 0.3338068592338254 0
    outer loop
      vertex 17.81976797203218 495.02001110723984 -17.666666666666664
      vertex 17.745494590390884 494.81026954776587 45.333333333333336
      vertex 17.81976797203218 495.02001110723984 45.333333333333336
    endloop
  endfacet
  facet normal -0.958819734868194 0.28401534470391926 0
    outer loop
      vertex 17.88296253950632 495.23335239164766 -17.666666666666664
      vertex 17.81976797203218 495.02001110723984 45.333333333333336
      vertex 17.88296253950632 495.23335239164766 45.333333333333336
    endloop
  endfacet
  facet normal -0.9723699203976812 0.23344536385588613 0
    outer loop
      vertex 17.934905080896453 495.4497086473579 -17.666666666666664
      vertex 17.88296253950632 495.23335239164766 45.333333333333336
      vertex 17.934905080896453 495.4497086473579 45.333333333333336
    endloop
  endfacet
  facet normal -0.9832549075639558 0.18223552549214045 0
    outer loop
      vertex 17.975453225307113 495.6684868569124 -17.666666666666664
      vertex 17.934905080896453 495.4497086473579 45.333333333333336
      vertex 17.975453225307113 495.6684868569124 45.333333333333336
    endloop
  endfacet
  facet normal -0.9914448613738103 0.13052619222005246 0
    outer loop
      vertex 18.00449583309294 495.88908736444586 -17.666666666666664
      vertex 17.975453225307113 495.6684868569124 45.333333333333336
      vertex 18.00449583309294 495.88908736444586 45.333333333333336
    endloop
  endfacet
  facet normal -0.9914448613738103 -0.13052619222005246 0
    outer loop
      vertex 17.975453225307113 496.99817980975433 -17.666666666666664
      vertex 18.00449583309294 496.7775793022209 45.333333333333336
      vertex 17.975453225307113 496.99817980975433 45.333333333333336
    endloop
  endfacet
  facet normal -0.9969173337331266 0.07845909572786251 0
    outer loop
      vertex 18.021953300484718 496.11090551930084 -17.666666666666664
      vertex 18.00449583309294 495.88908736444586 45.333333333333336
      vertex 18.021953300484718 496.11090551930084 45.333333333333336
    endloop
  endfacet
  facet normal -0.9996573249755575 0.026176948307869572 0
    outer loop
      vertex 18.02777777777778 496.33333333333337 -17.666666666666664
      vertex 18.021953300484718 496.11090551930084 45.333333333333336
      vertex 18.02777777777778 496.33333333333337 45.333333333333336
    endloop
  endfacet
  facet normal -0.9996573249755575 -0.026176948307869572 0
    outer loop
      vertex 18.021953300484718 496.5557611473659 -17.666666666666664
      vertex 18.02777777777778 496.33333333333337 45.333333333333336
      vertex 18.021953300484718 496.5557611473659 45.333333333333336
    endloop
  endfacet
  facet normal -0.9969173337331266 -0.07845909572786251 0
    outer loop
      vertex 18.00449583309294 496.7775793022209 -17.666666666666664
      vertex 18.021953300484718 496.5557611473659 45.333333333333336
      vertex 18.00449583309294 496.7775793022209 45.333333333333336
    endloop
  endfacet
  facet normal -0.9025852843498859 -0.43051109680824207 0
    outer loop
      vertex 17.56455550557834 498.26279295722645 -17.666666666666664
      vertex 17.660345972758833 498.0619640664055 45.333333333333336
      vertex 17.56455550557834 498.26279295722645 45.333333333333336
    endloop
  endfacet
  facet normal -0.9238795325112895 -0.38268343236508323 0
    outer loop
      vertex 17.660345972758833 498.0619640664055 -17.666666666666664
      vertex 17.745494590390884 497.8563971189009 45.333333333333336
      vertex 17.660345972758833 498.0619640664055 45.333333333333336
    endloop
  endfacet
  facet normal -0.9426414910921591 -0.3338068592338254 0
    outer loop
      vertex 17.745494590390884 497.8563971189009 -17.666666666666664
      vertex 17.81976797203218 497.6466555594269 45.333333333333336
      vertex 17.745494590390884 497.8563971189009 45.333333333333336
    endloop
  endfacet
  facet normal -0.958819734868194 -0.28401534470391926 0
    outer loop
      vertex 17.81976797203218 497.6466555594269 -17.666666666666664
      vertex 17.88296253950632 497.4333142750191 45.333333333333336
      vertex 17.81976797203218 497.6466555594269 45.333333333333336
    endloop
  endfacet
  facet normal -0.9723699203976812 -0.23344536385588613 0
    outer loop
      vertex 17.88296253950632 497.4333142750191 -17.666666666666664
      vertex 17.934905080896453 497.21695801930883 45.333333333333336
      vertex 17.88296253950632 497.4333142750191 45.333333333333336
    endloop
  endfacet
  facet normal -0.9832549075639558 -0.18223552549214045 0
    outer loop
      vertex 17.934905080896453 497.21695801930883 -17.666666666666664
      vertex 17.975453225307113 496.99817980975433 45.333333333333336
      vertex 17.934905080896453 497.21695801930883 45.333333333333336
    endloop
  endfacet
  facet normal 0 0 1
    outer loop
      vertex 16.782981597820605 499.3385371533762 45.333333333333336
      vertex 16.936143286056705 499.1771384103585 45.333333333333336
      vertex 16.782981597820605 518.3281295132906 45.333333333333336
    endloop
  endfacet
  facet normal 0 0 1
    outer loop
      vertex 16.936143286056705 499.1771384103585 45.333333333333336
      vertex 17.080648113969904 499.0079449952952 45.333333333333336
      vertex 16.936143286056705 518.4895282563082 45.333333333333336
    endloop
  endfacet
  facet normal 0 0 1
    outer loop
      vertex 17.080648113969904 499.0079449952952 45.333333333333336
      vertex 17.216100003871304 498.8314206555764 45.333333333333336
      vertex 17.080648113969904 518.6587216713715 45.333333333333336
    endloop
  endfacet
  facet normal 0 0 1
    outer loop
      vertex 17.34212769154583 498.64804923214723 45.333333333333336
      vertex 17.45838574386164 498.45833333333337 45.333333333333336
      vertex 17.34212769154583 519.0186174345195 45.333333333333336
    endloop
  endfacet
  facet normal 0 0 1
    outer loop
      vertex 17.45838574386164 498.45833333333337 45.333333333333336
      vertex 17.56455550557834 498.26279295722645 45.333333333333336
      vertex 17.45838574386164 519.2083333333334 45.333333333333336
    endloop
  endfacet
  facet normal 0 0 1
    outer loop
      vertex 17.216100003871304 498.8314206555764 45.333333333333336
      vertex 17.34212769154583 498.64804923214723 45.333333333333336
      vertex 17.216100003871304 518.8352460110904 45.333333333333336
    endloop
  endfacet
  facet normal 0 0 1
    outer loop
      vertex 16.936143286056705 499.1771384103585 45.333333333333336
      vertex 16.936143286056705 518.4895282563082 45.333333333333336
      vertex 16.782981597820605 518.3281295132906 45.333333333333336
    endloop
  endfacet
  facet normal 0 0 1
    outer loop
      vertex 17.080648113969904 499.0079449952952 45.333333333333336
      vertex 17.080648113969904 518.6587216713715 45.333333333333336
      vertex 16.936143286056705 518.4895282563082 45.333333333333336
    endloop
  endfacet
  facet normal 0 0 1
    outer loop
      vertex 17.216100003871304 498.8314206555764 45.333333333333336
      vertex 17.216100003871304 518.8352460110904 45.333333333333336
      vertex 17.080648113969904 518.6587216713715 45.333333333333336
    endloop
  endfacet
  facet normal 0 0 1
    outer loop
      vertex 17.34212769154583 498.64804923214723 45.333333333333336
      vertex 17.34212769154583 519.0186174345195 45.333333333333336
      vertex 17.216100003871304 518.8352460110904 45.333333333333336
    endloop
  endfacet
  facet normal 0 0 1
    outer loop
      vertex 17.45838574386164 498.45833333333337 45.333333333333336
      vertex 17.45838574386164 519.2083333333334 45.333333333333336
      vertex 17.34212769154583 519.0186174345195 45.333333333333336
    endloop
  endfacet
  facet normal 0 0 1
    outer loop
      vertex 17.56455550557834 498.26279295722645 45.333333333333336
      vertex 17.660345972758833 498.0619640664055 45.333333333333336
      vertex 17.56455550557834 519.4038737094403 45.333333333333336
    endloop
  endfacet
  facet normal 0 0 1
    outer loop
      vertex 17.660345972758833 498.0619640664055 45.333333333333336
      vertex 17.745494590390884 497.8563971189009 45.333333333333336
      vertex 17.660345972758833 519.6047026002612 45.333333333333336
    endloop
  endfacet
  facet normal 0 0 1
    outer loop
      vertex 17.745494590390884 497.8563971189009 45.333333333333336
      vertex 17.81976797203218 497.6466555594269 45.333333333333336
      vertex 17.745494590390884 519.8102695477659 45.333333333333336
    endloop
  endfacet
  facet normal 0 0 1
    outer loop
      vertex 17.934905080896453 497.21695801930883 45.333333333333336
      vertex 17.975453225307113 496.99817980975433 45.333333333333336
      vertex 17.745494590390884 519.8102695477659 45.333333333333336
    endloop
  endfacet
  facet normal 0 0 1
    outer loop
      vertex 17.81976797203218 497.6466555594269 45.333333333333336
      vertex 17.88296253950632 497.4333142750191 45.333333333333336
      vertex 17.745494590390884 519.8102695477659 45.333333333333336
    endloop
  endfacet
  facet normal 0 0 1
    outer loop
      vertex 17.88296253950632 497.4333142750191 45.333333333333336
      vertex 17.934905080896453 497.21695801930883 45.333333333333336
      vertex 17.745494590390884 519.8102695477659 45.333333333333336
    endloop
  endfacet
  facet normal 0 0 1
    outer loop
      vertex 18.02777777777778 496.33333333333337 45.333333333333336
      vertex 17.745494590390884 519.8102695477659 45.333333333333336
      vertex 18.021953300484718 496.5557611473659 45.333333333333336
    endloop
  endfacet
  facet normal 0 0 1
    outer loop
      vertex 18.021953300484718 496.5557611473659 45.333333333333336
      vertex 17.745494590390884 519.8102695477659 45.333333333333336
      vertex 18.00449583309294 496.7775793022209 45.333333333333336
    endloop
  endfacet
  facet normal 0 0 1
    outer loop
      vertex 18.00449583309294 496.7775793022209 45.333333333333336
      vertex 17.745494590390884 519.8102695477659 45.333333333333336
      vertex 17.975453225307113 496.99817980975433 45.333333333333336
    endloop
  endfacet
  facet normal 0 0 1
    outer loop
      vertex 17.56455550557834 498.26279295722645 45.333333333333336
      vertex 17.56455550557834 519.4038737094403 45.333333333333336
      vertex 17.45838574386164 519.2083333333334 45.333333333333336
    endloop
  endfacet
  facet normal 0 0 1
    outer loop
      vertex 17.660345972758833 498.0619640664055 45.333333333333336
      vertex 17.660345972758833 519.6047026002612 45.333333333333336
      vertex 17.56455550557834 519.4038737094403 45.333333333333336
    endloop
  endfacet
  facet normal 0 0 1
    outer loop
      vertex 17.745494590390884 497.8563971189009 45.333333333333336
      vertex 17.745494590390884 519.8102695477659 45.333333333333336
      vertex 17.660345972758833 519.6047026002612 45.333333333333336
    endloop
  endfacet
  facet normal 0 0 1
    outer loop
      vertex 15.707237401670852 492.54655560553283 45.333333333333336
      vertex 25.77777777777778 488.83333333333337 45.333333333333336
      vertex 15.902777777777779 492.6527253672495 45.333333333333336
    endloop
  endfacet
  facet normal 0 0 1
    outer loop
      vertex 15.902777777777779 492.6527253672495 45.333333333333336
      vertex 25.77777777777778 488.83333333333337 45.333333333333336
      vertex 16.092493676591644 492.7689834195653 45.333333333333336
    endloop
  endfacet
  facet normal 0 0 1
    outer loop
      vertex 16.092493676591644 492.7689834195653 45.333333333333336
      vertex 25.77777777777778 488.83333333333337 45.333333333333336
      vertex 16.275865100020788 492.89501110723984 45.333333333333336
    endloop
  endfacet
  facet normal 0 0 1
    outer loop
      vertex 16.275865100020788 492.89501110723984 45.333333333333336
      vertex 25.77777777777778 488.83333333333337 45.333333333333336
      vertex 16.452389439739587 493.0304629971412 45.333333333333336
    endloop
  endfacet
  facet normal 0 0 1
    outer loop
      vertex 16.452389439739587 493.0304629971412 45.333333333333336
      vertex 25.77777777777778 488.83333333333337 45.333333333333336
      vertex 16.621582854802927 493.17496782505447 45.333333333333336
    endloop
  endfacet
  facet normal 0 0 1
    outer loop
      vertex 16.621582854802927 493.17496782505447 45.333333333333336
      vertex 25.77777777777778 488.83333333333337 45.333333333333336
      vertex 16.782981597820605 493.32812951329055 45.333333333333336
    endloop
  endfacet
  facet normal -0.7253743710120535 0.6883545756940007 0
    outer loop
      vertex 16.782981597820605 518.3281295132906 17.333333333333336
      vertex 16.782981597820605 518.3281295132906 45.333333333333336
      vertex 16.936143286056705 518.4895282563082 17.333333333333336
    endloop
  endfacet
  facet normal -0.7604059655999981 0.649448048330222 0
    outer loop
      vertex 16.936143286056705 518.4895282563082 17.333333333333336
      vertex 16.936143286056705 518.4895282563082 45.333333333333336
      vertex 17.080648113969904 518.6587216713715 17.333333333333336
    endloop
  endfacet
  facet normal -0.7933533402913493 0.6087614290085719 0
    outer loop
      vertex 17.080648113969904 518.6587216713715 17.333333333333336
      vertex 17.080648113969904 518.6587216713715 45.333333333333336
      vertex 17.216100003871304 518.8352460110904 17.333333333333336
    endloop
  endfacet
  facet normal -0.8241261886219401 0.5664062369249427 0
    outer loop
      vertex 17.216100003871304 518.8352460110904 17.333333333333336
      vertex 17.216100003871304 518.8352460110904 45.333333333333336
      vertex 17.34212769154583 519.0186174345195 17.333333333333336
    endloop
  endfacet
  facet normal -0.8526401643541571 0.5224985647158431 0
    outer loop
      vertex 17.34212769154583 519.0186174345195 17.333333333333336
      vertex 17.34212769154583 519.0186174345195 45.333333333333336
      vertex 17.45838574386164 519.2083333333334 17.333333333333336
    endloop
  endfacet
  facet normal -0.878817112661957 0.477158760259624 0
    outer loop
      vertex 17.45838574386164 519.2083333333334 17.333333333333336
      vertex 17.45838574386164 519.2083333333334 45.333333333333336
      vertex 17.56455550557834 519.4038737094403 17.333333333333336
    endloop
  endfacet
  facet normal -0.7253743710120535 -0.6883545756940007 0
    outer loop
      vertex 16.782981597820605 524.3385371533761 17.333333333333336
      vertex 16.936143286056705 524.1771384103586 17.333333333333336
      vertex 16.936143286056705 524.1771384103586 45.333333333333336
    endloop
  endfacet
  facet normal -0.7604059655999981 -0.649448048330222 0
    outer loop
      vertex 16.936143286056705 524.1771384103586 17.333333333333336
      vertex 17.080648113969904 524.0079449952952 17.333333333333336
      vertex 17.080648113969904 524.0079449952952 45.333333333333336
    endloop
  endfacet
  facet normal -0.7933533402913493 -0.6087614290085719 0
    outer loop
      vertex 17.080648113969904 524.0079449952952 17.333333333333336
      vertex 17.216100003871304 523.8314206555764 17.333333333333336
      vertex 17.216100003871304 523.8314206555764 45.333333333333336
    endloop
  endfacet
  facet normal -0.8241261886219401 -0.5664062369249427 0
    outer loop
      vertex 17.216100003871304 523.8314206555764 17.333333333333336
      vertex 17.34212769154583 523.6480492321473 17.333333333333336
      vertex 17.34212769154583 523.6480492321473 45.333333333333336
    endloop
  endfacet
  facet normal -0.8526401643541571 -0.5224985647158431 0
    outer loop
      vertex 17.34212769154583 523.6480492321473 17.333333333333336
      vertex 17.45838574386164 523.4583333333334 17.333333333333336
      vertex 17.45838574386164 523.4583333333334 45.333333333333336
    endloop
  endfacet
  facet normal -0.9025852843498858 0.43051109680824207 0
    outer loop
      vertex 17.56455550557834 519.4038737094403 17.333333333333336
      vertex 17.56455550557834 519.4038737094403 45.333333333333336
      vertex 17.660345972758833 519.6047026002612 17.333333333333336
    endloop
  endfacet
  facet normal -0.9238795325112894 0.38268343236508323 0
    outer loop
      vertex 17.660345972758833 519.6047026002612 17.333333333333336
      vertex 17.660345972758833 519.6047026002612 45.333333333333336
      vertex 17.745494590390884 519.8102695477659 17.333333333333336
    endloop
  endfacet
  facet normal -0.9426414910921591 0.3338068592338254 0
    outer loop
      vertex 17.745494590390884 519.8102695477659 17.333333333333336
      vertex 17.745494590390884 519.8102695477659 45.333333333333336
      vertex 17.81976797203218 520.0200111072398 17.333333333333336
    endloop
  endfacet
  facet normal -0.9588197348682146 0.28401534470384965 0
    outer loop
      vertex 17.81976797203218 520.0200111072398 17.333333333333336
      vertex 17.81976797203218 520.0200111072398 45.333333333333336
      vertex 17.88296253950632 520.2333523916477 17.333333333333336
    endloop
  endfacet
  facet normal -0.9723699203976532 0.23344536385600206 0
    outer loop
      vertex 17.88296253950632 520.2333523916477 17.333333333333336
      vertex 17.88296253950632 520.2333523916477 45.333333333333336
      vertex 17.934905080896453 520.4497086473579 17.333333333333336
    endloop
  endfacet
  facet normal -0.878817112661957 -0.477158760259624 0
    outer loop
      vertex 17.45838574386164 523.4583333333334 17.333333333333336
      vertex 17.56455550557834 523.2627929572265 17.333333333333336
      vertex 17.56455550557834 523.2627929572265 45.333333333333336
    endloop
  endfacet
  facet normal -0.9025852843498858 -0.43051109680824207 0
    outer loop
      vertex 17.56455550557834 523.2627929572265 17.333333333333336
      vertex 17.660345972758833 523.0619640664055 17.333333333333336
      vertex 17.660345972758833 523.0619640664055 45.333333333333336
    endloop
  endfacet
  facet normal -0.9238795325112894 -0.38268343236508323 0
    outer loop
      vertex 17.660345972758833 523.0619640664055 17.333333333333336
      vertex 17.745494590390884 522.8563971189009 17.333333333333336
      vertex 17.745494590390884 522.8563971189009 45.333333333333336
    endloop
  endfacet
  facet normal -0.9426414910921591 -0.3338068592338254 0
    outer loop
      vertex 17.745494590390884 522.8563971189009 17.333333333333336
      vertex 17.81976797203218 522.6466555594269 17.333333333333336
      vertex 17.81976797203218 522.6466555594269 45.333333333333336
    endloop
  endfacet
  facet normal -0.9588197348682146 -0.28401534470384965 0
    outer loop
      vertex 17.81976797203218 522.6466555594269 17.333333333333336
      vertex 17.88296253950632 522.433314275019 17.333333333333336
      vertex 17.88296253950632 522.433314275019 45.333333333333336
    endloop
  endfacet
  facet normal -0.9832549075639644 0.18223552549209468 0
    outer loop
      vertex 17.934905080896453 520.4497086473579 17.333333333333336
      vertex 17.934905080896453 520.4497086473579 45.333333333333336
      vertex 17.975453225307113 520.6684868569124 17.333333333333336
    endloop
  endfacet
  facet normal -0.9914448613738146 0.13052619222001938 0
    outer loop
      vertex 17.975453225307113 520.6684868569124 17.333333333333336
      vertex 17.975453225307113 520.6684868569124 45.333333333333336
      vertex 18.00449583309294 520.8890873644459 17.333333333333336
    endloop
  endfacet
  facet normal -0.9914448613738146 -0.13052619222001938 0
    outer loop
      vertex 17.975453225307113 521.9981798097543 17.333333333333336
      vertex 18.00449583309294 521.7775793022208 17.333333333333336
      vertex 18.00449583309294 521.7775793022208 45.333333333333336
    endloop
  endfacet
  facet normal -0.9832549075639644 -0.18223552549209468 0
    outer loop
      vertex 17.934905080896453 522.2169580193089 17.333333333333336
      vertex 17.975453225307113 521.9981798097543 17.333333333333336
      vertex 17.975453225307113 521.9981798097543 45.333333333333336
    endloop
  endfacet
  facet normal -0.9969173337331265 0.0784590957278625 0
    outer loop
      vertex 18.00449583309294 520.8890873644459 17.333333333333336
      vertex 18.00449583309294 520.8890873644459 45.333333333333336
      vertex 18.021953300484718 521.1109055193009 17.333333333333336
    endloop
  endfacet
  facet normal -0.9996573249755573 0.026176948307876254 0
    outer loop
      vertex 18.021953300484718 521.1109055193009 17.333333333333336
      vertex 18.021953300484718 521.1109055193009 45.333333333333336
      vertex 18.02777777777778 521.3333333333334 17.333333333333336
    endloop
  endfacet
  facet normal -0.9996573249755573 -0.026176948307876254 0
    outer loop
      vertex 18.02777777777778 521.3333333333334 17.333333333333336
      vertex 18.02777777777778 521.3333333333334 45.333333333333336
      vertex 18.021953300484718 521.5557611473658 17.333333333333336
    endloop
  endfacet
  facet normal -0.9969173337331265 -0.0784590957278625 0
    outer loop
      vertex 18.021953300484718 521.5557611473658 17.333333333333336
      vertex 18.021953300484718 521.5557611473658 45.333333333333336
      vertex 18.00449583309294 521.7775793022208 17.333333333333336
    endloop
  endfacet
  facet normal -0.9723699203976532 -0.23344536385600206 0
    outer loop
      vertex 17.88296253950632 522.433314275019 17.333333333333336
      vertex 17.934905080896453 522.2169580193089 17.333333333333336
      vertex 17.934905080896453 522.2169580193089 45.333333333333336
    endloop
  endfacet
  facet normal -0.7253743710120535 0.6883545756940007 0
    outer loop
      vertex 16.936143286056705 518.4895282563082 17.333333333333336
      vertex 16.782981597820605 518.3281295132906 45.333333333333336
      vertex 16.936143286056705 518.4895282563082 45.333333333333336
    endloop
  endfacet
  facet normal -0.7604059655999981 0.649448048330222 0
    outer loop
      vertex 17.080648113969904 518.6587216713715 17.333333333333336
      vertex 16.936143286056705 518.4895282563082 45.333333333333336
      vertex 17.080648113969904 518.6587216713715 45.333333333333336
    endloop
  endfacet
  facet normal -0.7933533402913493 0.6087614290085719 0
    outer loop
      vertex 17.216100003871304 518.8352460110904 17.333333333333336
      vertex 17.080648113969904 518.6587216713715 45.333333333333336
      vertex 17.216100003871304 518.8352460110904 45.333333333333336
    endloop
  endfacet
  facet normal -0.8241261886219401 0.5664062369249427 0
    outer loop
      vertex 17.34212769154583 519.0186174345195 17.333333333333336
      vertex 17.216100003871304 518.8352460110904 45.333333333333336
      vertex 17.34212769154583 519.0186174345195 45.333333333333336
    endloop
  endfacet
  facet normal -0.8526401643541571 0.5224985647158431 0
    outer loop
      vertex 17.45838574386164 519.2083333333334 17.333333333333336
      vertex 17.34212769154583 519.0186174345195 45.333333333333336
      vertex 17.45838574386164 519.2083333333334 45.333333333333336
    endloop
  endfacet
  facet normal -0.7253743710120535 -0.6883545756940007 0
    outer loop
      vertex 16.782981597820605 524.3385371533761 17.333333333333336
      vertex 16.936143286056705 524.1771384103586 45.333333333333336
      vertex 16.782981597820605 524.3385371533761 45.333333333333336
    endloop
  endfacet
  facet normal -0.7604059655999981 -0.649448048330222 0
    outer loop
      vertex 16.936143286056705 524.1771384103586 17.333333333333336
      vertex 17.080648113969904 524.0079449952952 45.333333333333336
      vertex 16.936143286056705 524.1771384103586 45.333333333333336
    endloop
  endfacet
  facet normal -0.7933533402913493 -0.6087614290085719 0
    outer loop
      vertex 17.080648113969904 524.0079449952952 17.333333333333336
      vertex 17.216100003871304 523.8314206555764 45.333333333333336
      vertex 17.080648113969904 524.0079449952952 45.333333333333336
    endloop
  endfacet
  facet normal -0.8241261886219401 -0.5664062369249427 0
    outer loop
      vertex 17.216100003871304 523.8314206555764 17.333333333333336
      vertex 17.34212769154583 523.6480492321473 45.333333333333336
      vertex 17.216100003871304 523.8314206555764 45.333333333333336
    endloop
  endfacet
  facet normal -0.8526401643541571 -0.5224985647158431 0
    outer loop
      vertex 17.34212769154583 523.6480492321473 17.333333333333336
      vertex 17.45838574386164 523.4583333333334 45.333333333333336
      vertex 17.34212769154583 523.6480492321473 45.333333333333336
    endloop
  endfacet
  facet normal -0.878817112661957 -0.477158760259624 0
    outer loop
      vertex 17.45838574386164 523.4583333333334 17.333333333333336
      vertex 17.56455550557834 523.2627929572265 45.333333333333336
      vertex 17.45838574386164 523.4583333333334 45.333333333333336
    endloop
  endfacet
  facet normal -0.878817112661957 0.477158760259624 0
    outer loop
      vertex 17.56455550557834 519.4038737094403 17.333333333333336
      vertex 17.45838574386164 519.2083333333334 45.333333333333336
      vertex 17.56455550557834 519.4038737094403 45.333333333333336
    endloop
  endfacet
  facet normal -0.9025852843498858 0.43051109680824207 0
    outer loop
      vertex 17.660345972758833 519.6047026002612 17.333333333333336
      vertex 17.56455550557834 519.4038737094403 45.333333333333336
      vertex 17.660345972758833 519.6047026002612 45.333333333333336
    endloop
  endfacet
  facet normal -0.9238795325112894 0.38268343236508323 0
    outer loop
      vertex 17.745494590390884 519.8102695477659 17.333333333333336
      vertex 17.660345972758833 519.6047026002612 45.333333333333336
      vertex 17.745494590390884 519.8102695477659 45.333333333333336
    endloop
  endfacet
  facet normal -0.9426414910921591 0.3338068592338254 0
    outer loop
      vertex 17.81976797203218 520.0200111072398 17.333333333333336
      vertex 17.745494590390884 519.8102695477659 45.333333333333336
      vertex 17.81976797203218 520.0200111072398 45.333333333333336
    endloop
  endfacet
  facet normal -0.9588197348682146 0.28401534470384965 0
    outer loop
      vertex 17.88296253950632 520.2333523916477 17.333333333333336
      vertex 17.81976797203218 520.0200111072398 45.333333333333336
      vertex 17.88296253950632 520.2333523916477 45.333333333333336
    endloop
  endfacet
  facet normal -0.9025852843498858 -0.43051109680824207 0
    outer loop
      vertex 17.56455550557834 523.2627929572265 17.333333333333336
      vertex 17.660345972758833 523.0619640664055 45.333333333333336
      vertex 17.56455550557834 523.2627929572265 45.333333333333336
    endloop
  endfacet
  facet normal -0.9238795325112894 -0.38268343236508323 0
    outer loop
      vertex 17.660345972758833 523.0619640664055 17.333333333333336
      vertex 17.745494590390884 522.8563971189009 45.333333333333336
      vertex 17.660345972758833 523.0619640664055 45.333333333333336
    endloop
  endfacet
  facet normal -0.9426414910921591 -0.3338068592338254 0
    outer loop
      vertex 17.745494590390884 522.8563971189009 17.333333333333336
      vertex 17.81976797203218 522.6466555594269 45.333333333333336
      vertex 17.745494590390884 522.8563971189009 45.333333333333336
    endloop
  endfacet
  facet normal -0.9588197348682146 -0.28401534470384965 0
    outer loop
      vertex 17.81976797203218 522.6466555594269 17.333333333333336
      vertex 17.88296253950632 522.433314275019 45.333333333333336
      vertex 17.81976797203218 522.6466555594269 45.333333333333336
    endloop
  endfacet
  facet normal -0.9723699203976532 -0.23344536385600206 0
    outer loop
      vertex 17.88296253950632 522.433314275019 17.333333333333336
      vertex 17.934905080896453 522.2169580193089 45.333333333333336
      vertex 17.88296253950632 522.433314275019 45.333333333333336
    endloop
  endfacet
  facet normal -0.9723699203976532 0.23344536385600206 0
    outer loop
      vertex 17.934905080896453 520.4497086473579 17.333333333333336
      vertex 17.88296253950632 520.2333523916477 45.333333333333336
      vertex 17.934905080896453 520.4497086473579 45.333333333333336
    endloop
  endfacet
  facet normal -0.9832549075639644 0.18223552549209468 0
    outer loop
      vertex 17.975453225307113 520.6684868569124 17.333333333333336
      vertex 17.934905080896453 520.4497086473579 45.333333333333336
      vertex 17.975453225307113 520.6684868569124 45.333333333333336
    endloop
  endfacet
  facet normal -0.9914448613738146 0.13052619222001938 0
    outer loop
      vertex 18.00449583309294 520.8890873644459 17.333333333333336
      vertex 17.975453225307113 520.6684868569124 45.333333333333336
      vertex 18.00449583309294 520.8890873644459 45.333333333333336
    endloop
  endfacet
  facet normal -0.9832549075639644 -0.18223552549209468 0
    outer loop
      vertex 17.934905080896453 522.2169580193089 17.333333333333336
      vertex 17.975453225307113 521.9981798097543 45.333333333333336
      vertex 17.934905080896453 522.2169580193089 45.333333333333336
    endloop
  endfacet
  facet normal -0.9914448613738146 -0.13052619222001938 0
    outer loop
      vertex 17.975453225307113 521.9981798097543 17.333333333333336
      vertex 18.00449583309294 521.7775793022208 45.333333333333336
      vertex 17.975453225307113 521.9981798097543 45.333333333333336
    endloop
  endfacet
  facet normal -0.9969173337331265 0.0784590957278625 0
    outer loop
      vertex 18.021953300484718 521.1109055193009 17.333333333333336
      vertex 18.00449583309294 520.8890873644459 45.333333333333336
      vertex 18.021953300484718 521.1109055193009 45.333333333333336
    endloop
  endfacet
  facet normal -0.9996573249755573 0.026176948307876254 0
    outer loop
      vertex 18.02777777777778 521.3333333333334 17.333333333333336
      vertex 18.021953300484718 521.1109055193009 45.333333333333336
      vertex 18.02777777777778 521.3333333333334 45.333333333333336
    endloop
  endfacet
  facet normal -0.9996573249755573 -0.026176948307876254 0
    outer loop
      vertex 18.021953300484718 521.5557611473658 17.333333333333336
      vertex 18.02777777777778 521.3333333333334 45.333333333333336
      vertex 18.021953300484718 521.5557611473658 45.333333333333336
    endloop
  endfacet
  facet normal -0.9969173337331265 -0.0784590957278625 0
    outer loop
      vertex 18.00449583309294 521.7775793022208 17.333333333333336
      vertex 18.021953300484718 521.5557611473658 45.333333333333336
      vertex 18.00449583309294 521.7775793022208 45.333333333333336
    endloop
  endfacet
  facet normal 0 0 1
    outer loop
      vertex 14.87775871946349 525.4385180950619 45.333333333333336
      vertex 15.091100003871304 525.3753235275877 45.333333333333336
      vertex 20.77777777777778 536.3333333333334 45.333333333333336
    endloop
  endfacet
  facet normal 0 0 1
    outer loop
      vertex 15.091100003871304 525.3753235275877 45.333333333333336
      vertex 15.300841563345305 525.3010501459464 45.333333333333336
      vertex 20.77777777777778 536.3333333333334 45.333333333333336
    endloop
  endfacet
  facet normal 0 0 1
    outer loop
      vertex 15.300841563345305 525.3010501459464 45.333333333333336
      vertex 15.50640851084993 525.2159015283144 45.333333333333336
      vertex 20.77777777777778 536.3333333333334 45.333333333333336
    endloop
  endfacet
  facet normal 0 0 1
    outer loop
      vertex 15.50640851084993 525.2159015283144 45.333333333333336
      vertex 15.707237401670852 525.1201110611339 45.333333333333336
      vertex 20.77777777777778 536.3333333333334 45.333333333333336
    endloop
  endfacet
  facet normal 0 0 1
    outer loop
      vertex 15.902777777777779 525.0139412994172 45.333333333333336
      vertex 20.77777777777778 536.3333333333334 45.333333333333336
      vertex 15.707237401670852 525.1201110611339 45.333333333333336
    endloop
  endfacet
  facet normal 0 0 1
    outer loop
      vertex 15.902777777777779 525.0139412994172 45.333333333333336
      vertex 16.092493676591644 524.8976832471014 45.333333333333336
      vertex 20.77777777777778 536.3333333333334 45.333333333333336
    endloop
  endfacet
  facet normal 0 0 1
    outer loop
      vertex 16.092493676591644 524.8976832471014 45.333333333333336
      vertex 16.275865100020788 524.7716555594269 45.333333333333336
      vertex 20.77777777777778 536.3333333333334 45.333333333333336
    endloop
  endfacet
  facet normal 0 0 1
    outer loop
      vertex 16.275865100020788 524.7716555594269 45.333333333333336
      vertex 16.452389439739587 524.6362036695255 45.333333333333336
      vertex 20.77777777777778 536.3333333333334 45.333333333333336
    endloop
  endfacet
  facet normal 0 0 1
    outer loop
      vertex 16.452389439739587 524.6362036695255 45.333333333333336
      vertex 16.621582854802927 524.4916988416123 45.333333333333336
      vertex 20.77777777777778 536.3333333333334 45.333333333333336
    endloop
  endfacet
  facet normal 0 0 1
    outer loop
      vertex 16.621582854802927 524.4916988416123 45.333333333333336
      vertex 16.782981597820605 524.3385371533761 45.333333333333336
      vertex 20.77777777777778 536.3333333333334 45.333333333333336
    endloop
  endfacet
  facet normal 0 0 1
    outer loop
      vertex 16.782981597820605 524.3385371533761 45.333333333333336
      vertex 16.936143286056705 524.1771384103586 45.333333333333336
      vertex 20.77777777777778 536.3333333333334 45.333333333333336
    endloop
  endfacet
  facet normal 0 0 1
    outer loop
      vertex 16.936143286056705 524.1771384103586 45.333333333333336
      vertex 17.080648113969904 524.0079449952952 45.333333333333336
      vertex 20.77777777777778 536.3333333333334 45.333333333333336
    endloop
  endfacet
  facet normal 0 0 1
    outer loop
      vertex 17.34212769154583 523.6480492321473 45.333333333333336
      vertex 17.45838574386164 523.4583333333334 45.333333333333336
      vertex 20.77777777777778 536.3333333333334 45.333333333333336
    endloop
  endfacet
  facet normal 0 0 1
    outer loop
      vertex 17.45838574386164 523.4583333333334 45.333333333333336
      vertex 17.56455550557834 523.2627929572265 45.333333333333336
      vertex 20.77777777777778 536.3333333333334 45.333333333333336
    endloop
  endfacet
  facet normal 0 0 1
    outer loop
      vertex 17.080648113969904 524.0079449952952 45.333333333333336
      vertex 17.216100003871304 523.8314206555764 45.333333333333336
      vertex 20.77777777777778 536.3333333333334 45.333333333333336
    endloop
  endfacet
  facet normal 0 0 1
    outer loop
      vertex 17.216100003871304 523.8314206555764 45.333333333333336
      vertex 17.34212769154583 523.6480492321473 45.333333333333336
      vertex 20.77777777777778 536.3333333333334 45.333333333333336
    endloop
  endfacet
  facet normal 0 0 1
    outer loop
      vertex 17.56455550557834 523.2627929572265 45.333333333333336
      vertex 17.660345972758833 523.0619640664055 45.333333333333336
      vertex 20.77777777777778 536.3333333333334 45.333333333333336
    endloop
  endfacet
  facet normal 0 0 1
    outer loop
      vertex 17.660345972758833 523.0619640664055 45.333333333333336
      vertex 17.745494590390884 522.8563971189009 45.333333333333336
      vertex 20.77777777777778 536.3333333333334 45.333333333333336
    endloop
  endfacet
  facet normal 0 0 1
    outer loop
      vertex 17.81976797203218 522.6466555594269 45.333333333333336
      vertex 17.88296253950632 522.433314275019 45.333333333333336
      vertex 20.77777777777778 536.3333333333334 45.333333333333336
    endloop
  endfacet
  facet normal 0 0 1
    outer loop
      vertex 17.745494590390884 522.8563971189009 45.333333333333336
      vertex 17.81976797203218 522.6466555594269 45.333333333333336
      vertex 20.77777777777778 536.3333333333334 45.333333333333336
    endloop
  endfacet
  facet normal 0 0 1
    outer loop
      vertex 18.02777777777778 521.3333333333334 45.333333333333336
      vertex 20.77777777777778 536.3333333333334 45.333333333333336
      vertex 18.021953300484718 521.5557611473658 45.333333333333336
    endloop
  endfacet
  facet normal 0 0 1
    outer loop
      vertex 17.88296253950632 522.433314275019 45.333333333333336
      vertex 17.934905080896453 522.2169580193089 45.333333333333336
      vertex 20.77777777777778 536.3333333333334 45.333333333333336
    endloop
  endfacet
  facet normal 0 0 1
    outer loop
      vertex 17.975453225307113 521.9981798097543 45.333333333333336
      vertex 18.00449583309294 521.7775793022208 45.333333333333336
      vertex 20.77777777777778 536.3333333333334 45.333333333333336
    endloop
  endfacet
  facet normal 0 0 1
    outer loop
      vertex 17.934905080896453 522.2169580193089 45.333333333333336
      vertex 17.975453225307113 521.9981798097543 45.333333333333336
      vertex 20.77777777777778 536.3333333333334 45.333333333333336
    endloop
  endfacet
  facet normal 0 0 1
    outer loop
      vertex 18.021953300484718 521.5557611473658 45.333333333333336
      vertex 20.77777777777778 536.3333333333334 45.333333333333336
      vertex 18.00449583309294 521.7775793022208 45.333333333333336
    endloop
  endfacet
  facet normal 0 -1 0
    outer loop
      vertex 25.77777777777778 488.83333333333337 -42.666666666666664
      vertex 25.77777777777778 488.83333333333337 45.333333333333336
      vertex 15.777777777777779 488.83333333333337 45.333333333333336
    endloop
  endfacet
  facet normal 0.025272575532688298 0.9651207220514156 -0.26058259495388164
    outer loop
      vertex 21.0394575589925 509.3264810071062 -54.666666666666664
      vertex 20.77777777777778 536.3333333333334 45.333333333333336
      vertex 21.0394575589925 536.3264810071062 45.333333333333336
    endloop
  endfacet
  facet normal 0.07576253899526199 0.9626543318111388 -0.2599166695890075
    outer loop
      vertex 21.300420094116046 509.30594281017477 -54.666666666666664
      vertex 21.0394575589925 536.3264810071062 45.333333333333336
      vertex 21.300420094116046 536.3059428101748 45.333333333333336
    endloop
  endfacet
  facet normal 0.1260867830254144 0.9577242007233753 -0.2585855341953108
    outer loop
      vertex 21.55995010297893 509.27177503630907 -54.666666666666664
      vertex 21.300420094116046 536.3059428101748 45.333333333333336
      vertex 21.55995010297893 536.271775036309 45.333333333333336
    endloop
  endfacet
  facet normal 0.17613431151022252 0.9503357027421626 -0.25659063974038443
    outer loop
      vertex 21.817336231866577 509.2240713370024 -54.666666666666664
      vertex 21.55995010297893 536.271775036309 45.333333333333336
      vertex 21.817336231866577 536.2240713370024 45.333333333333336
    endloop
  endfacet
  facet normal 0.22579337322882245 0.940497085597545 -0.2539342131113371
    outer loop
      vertex 22.07187300329038 509.16296246477873 -54.666666666666664
      vertex 21.817336231866577 536.2240713370024 45.333333333333336
      vertex 22.07187300329038 536.1629624647787 45.333333333333336
    endloop
  endfacet
  facet normal 0.2749511989976268 0.9282196917890546 -0.2506193167830447
    outer loop
      vertex 22.322862749652515 509.0886159148091 -54.666666666666664
      vertex 22.07187300329038 536.1629624647787 45.333333333333336
      vertex 22.322862749652515 536.0886159148091 45.333333333333336
    endloop
  endfacet
  facet normal 0.32349377791732475 0.9135182478726749 -0.2466499269256222
    outer loop
      vertex 22.569617525504277 509.0012354658194 -54.666666666666664
      vertex 22.322862749652515 536.0886159148091 45.333333333333336
      vertex 22.569617525504277 536.0012354658194 45.333333333333336
    endloop
  endfacet
  facet normal 0.3713056836569795 0.8964112172704776 -0.24203102866302845
    outer loop
      vertex 22.81146099315678 508.9010606215464 -54.666666666666664
      vertex 22.569617525504277 536.0012354658194 45.333333333333336
      vertex 22.81146099315678 535.9010606215463 45.333333333333336
    endloop
  endfacet
  facet normal 1 0 0
    outer loop
      vertex 25.77777777777778 488.83333333333337 -42.666666666666664
      vertex 25.77777777777778 531.3333333333334 45.333333333333336
      vertex 25.77777777777778 488.83333333333337 45.333333333333336
    endloop
  endfacet
  facet normal 0.4182699614842183 0.8769212104405529 -0.23676872681894878
    outer loop
      vertex 23.047730276475512 508.7883659542752 -54.666666666666664
      vertex 22.81146099315678 535.9010606215463 45.333333333333336
      vertex 23.047730276475512 535.7883659542752 45.333333333333336
    endloop
  endfacet
  facet normal 0.46426808634821676 0.8550754447511575 -0.23087037008281253
    outer loop
      vertex 23.27777777777778 508.6634603522556 -54.666666666666664
      vertex 23.047730276475512 535.7883659542752 45.333333333333336
      vertex 23.27777777777778 535.6634603522556 45.333333333333336
    endloop
  endfacet
  facet normal 0.5091800016986241 0.830906244824139 -0.2243446861025175
    outer loop
      vertex 23.500972952852912 508.5266861730605 -54.666666666666664
      vertex 23.27777777777778 535.6634603522556 45.333333333333336
      vertex 23.500972952852912 535.5266861730605 45.333333333333336
    endloop
  endfacet
  facet normal 0.5528842478663062 0.8044515724562633 -0.2172019245631911
    outer loop
      vertex 23.716704039240145 508.37841830520813 -54.666666666666664
      vertex 23.500972952852912 535.5266861730605 45.333333333333336
      vertex 23.716704039240145 535.3784183052081 45.333333333333336
    endloop
  endfacet
  facet normal 0.5952581876536662 0.775755573541661 -0.20945400485624846
    outer loop
      vertex 23.924379733026967 508.21906314061823 -54.666666666666664
      vertex 23.716704039240145 535.3784183052081 45.333333333333336
      vertex 23.924379733026967 535.2190631406182 45.333333333333336
    endloop
  endfacet
  facet normal 0.6361783352286953 0.7448691277729419 -0.20111466449869475
    outer loop
      vertex 24.12343080957207 508.04905746072035 -54.666666666666664
      vertex 23.924379733026967 535.2190631406182 45.333333333333336
      vertex 24.12343080957207 535.0490574607204 45.333333333333336
    endloop
  endfacet
  facet normal 0.6755207924938346 0.7118503853439089 -0.1921996040428554
    outer loop
      vertex 24.313311683710516 507.86886723926614 -54.666666666666664
      vertex 24.12343080957207 535.0490574607204 45.333333333333336
      vertex 24.313311683710516 534.8688672392661 45.333333333333336
    endloop
  endfacet
  facet normal 0.8442801041503677 0.5173755132341767 -0.13969138857322771
    outer loop
      vertex 25.10790479669997 506.83333333333337 -54.666666666666664
      vertex 24.971130617504897 534.0565285084085 45.333333333333336
      vertex 25.10790479669997 533.8333333333334 45.333333333333336
    endloop
  endfacet
  facet normal 0.871613402106135 0.47324746455484157 -0.12777681542980723
    outer loop
      vertex 25.232810398719618 506.60328583203113 -54.666666666666664
      vertex 25.10790479669997 533.8333333333334 45.333333333333336
      vertex 25.232810398719618 533.6032858320311 45.333333333333336
    endloop
  endfacet
  facet normal 0.8965488483574133 0.4276318645351929 -0.1154606034245021
    outer loop
      vertex 25.345505065990782 506.3670165487124 -54.666666666666664
      vertex 25.232810398719618 533.6032858320311 45.333333333333336
      vertex 25.345505065990782 533.3670165487124 45.333333333333336
    endloop
  endfacet
  facet normal 0.9189870225541811 0.3806568883867716 -0.10277735986442832
    outer loop
      vertex 25.445679910263788 506.12517308105987 -54.666666666666664
      vertex 25.345505065990782 533.3670165487124 45.333333333333336
      vertex 25.445679910263788 533.1251730810599 45.333333333333336
    endloop
  endfacet
  facet normal 0.9388361064848212 0.33245930186871286 -0.08976401150455246
    outer loop
      vertex 25.533060359253547 505.87841830520813 -54.666666666666664
      vertex 25.445679910263788 533.1251730810599 45.333333333333336
      vertex 25.533060359253547 532.8784183052081 45.333333333333336
    endloop
  endfacet
  facet normal 0.9560129581752091 0.2831839395700747 -0.07645966368392018
    outer loop
      vertex 25.60740690922312 505.62742855884596 -54.666666666666664
      vertex 25.533060359253547 532.8784183052081 45.333333333333336
      vertex 25.60740690922312 532.627428558846 45.333333333333336
    endloop
  endfacet
  facet normal 0.9704441350512727 0.23298302369972185 -0.0629054163989249
    outer loop
      vertex 25.668515781446807 505.3728917874222 -54.666666666666664
      vertex 25.60740690922312 532.627428558846 45.333333333333336
      vertex 25.668515781446807 532.3728917874222 45.333333333333336
    endloop
  endfacet
  facet normal 0.9996323577407563 0.02617629451782551 -0.007067599519812888
    outer loop
      vertex 25.77777777777778 504.33333333333337 -54.666666666666664
      vertex 25.770925451550646 531.5950131145481 45.333333333333336
      vertex 25.77777777777778 531.3333333333334 45.333333333333336
    endloop
  endfacet
  facet normal 0.990829745237644 0.13044521064439005 -0.035220206873985166
    outer loop
      vertex 25.750387254619145 504.8559756496717 -54.666666666666664
      vertex 25.716219480753466 532.1155056585345 45.333333333333336
      vertex 25.750387254619145 531.8559756496716 45.333333333333336
    endloop
  endfacet
  facet normal 0.9966937206877329 0.07844149699952871 -0.021179204189872753
    outer loop
      vertex 25.770925451550646 504.5950131145481 -54.666666666666664
      vertex 25.750387254619145 531.8559756496716 45.333333333333336
      vertex 25.770925451550646 531.5950131145481 45.333333333333336
    endloop
  endfacet
  facet normal 0.982066837514126 0.1820153297237727 -0.049144139025418636
    outer loop
      vertex 25.716219480753466 505.1155056585345 -54.666666666666664
      vertex 25.668515781446807 532.3728917874222 45.333333333333336
      vertex 25.716219480753466 532.1155056585345 45.333333333333336
    endloop
  endfacet
  facet normal 0.7131617947340884 0.6767652735374136 -0.18272662385510166
    outer loop
      vertex 24.49350190516475 507.6789863651277 -54.666666666666664
      vertex 24.313311683710516 534.8688672392661 45.333333333333336
      vertex 24.49350190516475 534.6789863651277 45.333333333333336
    endloop
  endfacet
  facet normal 0.7489783645947884 0.6396879550301969 -0.1727157478581528
    outer loop
      vertex 24.663507585062632 507.47993528858257 -54.666666666666664
      vertex 24.49350190516475 534.6789863651277 45.333333333333336
      vertex 24.663507585062632 534.4799352885825 45.333333333333336
    endloop
  endfacet
  facet normal 0.7828490702757933 0.6007012191370076 -0.16218932916699205
    outer loop
      vertex 24.822862749652515 507.27225959479574 -54.666666666666664
      vertex 24.663507585062632 534.4799352885825 45.333333333333336
      vertex 24.822862749652515 534.2722595947957 45.333333333333336
    endloop
  endfacet
  facet normal 0.8146548803791458 0.5598967871164798 -0.15117213252144956
    outer loop
      vertex 24.971130617504897 507.0565285084085 -54.666666666666664
      vertex 24.822862749652515 534.2722595947957 45.333333333333336
      vertex 24.971130617504897 534.0565285084085 45.333333333333336
    endloop
  endfacet
  facet normal 0 0 1
    outer loop
      vertex 16.782981597820605 493.32812951329055 45.333333333333336
      vertex 25.77777777777778 488.83333333333337 45.333333333333336
      vertex 16.936143286056705 493.48952825630823 45.333333333333336
    endloop
  endfacet
  facet normal 0 0 1
    outer loop
      vertex 16.936143286056705 493.48952825630823 45.333333333333336
      vertex 25.77777777777778 488.83333333333337 45.333333333333336
      vertex 17.080648113969904 493.65872167137155 45.333333333333336
    endloop
  endfacet
  facet normal 0 0 1
    outer loop
      vertex 17.080648113969904 493.65872167137155 45.333333333333336
      vertex 25.77777777777778 488.83333333333337 45.333333333333336
      vertex 17.216100003871304 493.83524601109036 45.333333333333336
    endloop
  endfacet
  facet normal 0 0 1
    outer loop
      vertex 17.216100003871304 493.83524601109036 45.333333333333336
      vertex 25.77777777777778 488.83333333333337 45.333333333333336
      vertex 17.34212769154583 494.0186174345195 45.333333333333336
    endloop
  endfacet
  facet normal 0 0 1
    outer loop
      vertex 17.34212769154583 494.0186174345195 45.333333333333336
      vertex 25.77777777777778 488.83333333333337 45.333333333333336
      vertex 17.45838574386164 494.20833333333337 45.333333333333336
    endloop
  endfacet
  facet normal 0 0 1
    outer loop
      vertex 17.45838574386164 494.20833333333337 45.333333333333336
      vertex 25.77777777777778 488.83333333333337 45.333333333333336
      vertex 17.56455550557834 494.4038737094403 45.333333333333336
    endloop
  endfacet
  facet normal 0 0 1
    outer loop
      vertex 17.56455550557834 494.4038737094403 45.333333333333336
      vertex 25.77777777777778 488.83333333333337 45.333333333333336
      vertex 17.660345972758833 494.60470260026125 45.333333333333336
    endloop
  endfacet
  facet normal 0 0 1
    outer loop
      vertex 17.660345972758833 494.60470260026125 45.333333333333336
      vertex 25.77777777777778 488.83333333333337 45.333333333333336
      vertex 17.745494590390884 494.81026954776587 45.333333333333336
    endloop
  endfacet
  facet normal 0 0 1
    outer loop
      vertex 17.745494590390884 494.81026954776587 45.333333333333336
      vertex 25.77777777777778 488.83333333333337 45.333333333333336
      vertex 17.81976797203218 495.02001110723984 45.333333333333336
    endloop
  endfacet
  facet normal 0 0 1
    outer loop
      vertex 17.81976797203218 495.02001110723984 45.333333333333336
      vertex 25.77777777777778 488.83333333333337 45.333333333333336
      vertex 17.88296253950632 495.23335239164766 45.333333333333336
    endloop
  endfacet
  facet normal 0 0 1
    outer loop
      vertex 18.02777777777778 496.33333333333337 45.333333333333336
      vertex 25.77777777777778 488.83333333333337 45.333333333333336
      vertex 17.745494590390884 519.8102695477659 45.333333333333336
    endloop
  endfacet
  facet normal 0 0 1
    outer loop
      vertex 17.88296253950632 495.23335239164766 45.333333333333336
      vertex 25.77777777777778 488.83333333333337 45.333333333333336
      vertex 17.934905080896453 495.4497086473579 45.333333333333336
    endloop
  endfacet
  facet normal 0 0 1
    outer loop
      vertex 17.934905080896453 495.4497086473579 45.333333333333336
      vertex 25.77777777777778 488.83333333333337 45.333333333333336
      vertex 17.975453225307113 495.6684868569124 45.333333333333336
    endloop
  endfacet
  facet normal 0 0 1
    outer loop
      vertex 17.975453225307113 495.6684868569124 45.333333333333336
      vertex 25.77777777777778 488.83333333333337 45.333333333333336
      vertex 18.00449583309294 495.88908736444586 45.333333333333336
    endloop
  endfacet
  facet normal 0 0 1
    outer loop
      vertex 18.00449583309294 495.88908736444586 45.333333333333336
      vertex 25.77777777777778 488.83333333333337 45.333333333333336
      vertex 18.021953300484718 496.11090551930084 45.333333333333336
    endloop
  endfacet
  facet normal 0 0 1
    outer loop
      vertex 18.021953300484718 496.11090551930084 45.333333333333336
      vertex 25.77777777777778 488.83333333333337 45.333333333333336
      vertex 18.02777777777778 496.33333333333337 45.333333333333336
    endloop
  endfacet
  facet normal 0 0 1
    outer loop
      vertex 17.745494590390884 519.8102695477659 45.333333333333336
      vertex 25.77777777777778 488.83333333333337 45.333333333333336
      vertex 17.81976797203218 520.0200111072398 45.333333333333336
    endloop
  endfacet
  facet normal 0 0 1
    outer loop
      vertex 17.81976797203218 520.0200111072398 45.333333333333336
      vertex 25.77777777777778 488.83333333333337 45.333333333333336
      vertex 17.88296253950632 520.2333523916477 45.333333333333336
    endloop
  endfacet
  facet normal 0 0 1
    outer loop
      vertex 17.88296253950632 520.2333523916477 45.333333333333336
      vertex 25.77777777777778 488.83333333333337 45.333333333333336
      vertex 17.934905080896453 520.4497086473579 45.333333333333336
    endloop
  endfacet
  facet normal 0 0 1
    outer loop
      vertex 17.934905080896453 520.4497086473579 45.333333333333336
      vertex 25.77777777777778 488.83333333333337 45.333333333333336
      vertex 17.975453225307113 520.6684868569124 45.333333333333336
    endloop
  endfacet
  facet normal 0 0 1
    outer loop
      vertex 17.975453225307113 520.6684868569124 45.333333333333336
      vertex 25.77777777777778 488.83333333333337 45.333333333333336
      vertex 18.00449583309294 520.8890873644459 45.333333333333336
    endloop
  endfacet
  facet normal 0 0 1
    outer loop
      vertex 18.00449583309294 520.8890873644459 45.333333333333336
      vertex 25.77777777777778 488.83333333333337 45.333333333333336
      vertex 18.021953300484718 521.1109055193009 45.333333333333336
    endloop
  endfacet
  facet normal 0 0 1
    outer loop
      vertex 18.021953300484718 521.1109055193009 45.333333333333336
      vertex 25.77777777777778 488.83333333333337 45.333333333333336
      vertex 18.02777777777778 521.3333333333334 45.333333333333336
    endloop
  endfacet
  facet normal 0 0 1
    outer loop
      vertex 18.02777777777778 521.3333333333334 45.333333333333336
      vertex 25.77777777777778 488.83333333333337 45.333333333333336
      vertex 20.77777777777778 536.3333333333334 45.333333333333336
    endloop
  endfacet
  facet normal 0 0 1
    outer loop
      vertex 25.77777777777778 488.83333333333337 45.333333333333336
      vertex 21.0394575589925 536.3264810071062 45.333333333333336
      vertex 20.77777777777778 536.3333333333334 45.333333333333336
    endloop
  endfacet
  facet normal 0 0 1
    outer loop
      vertex 25.77777777777778 488.83333333333337 45.333333333333336
      vertex 21.300420094116046 536.3059428101748 45.333333333333336
      vertex 21.0394575589925 536.3264810071062 45.333333333333336
    endloop
  endfacet
  facet normal 0 0 1
    outer loop
      vertex 25.77777777777778 488.83333333333337 45.333333333333336
      vertex 21.55995010297893 536.271775036309 45.333333333333336
      vertex 21.300420094116046 536.3059428101748 45.333333333333336
    endloop
  endfacet
  facet normal 0 0 1
    outer loop
      vertex 25.77777777777778 488.83333333333337 45.333333333333336
      vertex 21.817336231866577 536.2240713370024 45.333333333333336
      vertex 21.55995010297893 536.271775036309 45.333333333333336
    endloop
  endfacet
  facet normal 0 0 1
    outer loop
      vertex 25.77777777777778 488.83333333333337 45.333333333333336
      vertex 22.07187300329038 536.1629624647787 45.333333333333336
      vertex 21.817336231866577 536.2240713370024 45.333333333333336
    endloop
  endfacet
  facet normal 0 0 1
    outer loop
      vertex 25.77777777777778 488.83333333333337 45.333333333333336
      vertex 22.322862749652515 536.0886159148091 45.333333333333336
      vertex 22.07187300329038 536.1629624647787 45.333333333333336
    endloop
  endfacet
  facet normal 0 0 1
    outer loop
      vertex 25.77777777777778 488.83333333333337 45.333333333333336
      vertex 22.569617525504277 536.0012354658194 45.333333333333336
      vertex 22.322862749652515 536.0886159148091 45.333333333333336
    endloop
  endfacet
  facet normal 0 0 1
    outer loop
      vertex 25.77777777777778 488.83333333333337 45.333333333333336
      vertex 22.81146099315678 535.9010606215463 45.333333333333336
      vertex 22.569617525504277 536.0012354658194 45.333333333333336
    endloop
  endfacet
  facet normal 0 0 1
    outer loop
      vertex 25.77777777777778 488.83333333333337 45.333333333333336
      vertex 23.047730276475512 535.7883659542752 45.333333333333336
      vertex 22.81146099315678 535.9010606215463 45.333333333333336
    endloop
  endfacet
  facet normal 0 0 1
    outer loop
      vertex 25.77777777777778 488.83333333333337 45.333333333333336
      vertex 23.27777777777778 535.6634603522556 45.333333333333336
      vertex 23.047730276475512 535.7883659542752 45.333333333333336
    endloop
  endfacet
  facet normal 0 0 1
    outer loop
      vertex 25.77777777777778 488.83333333333337 45.333333333333336
      vertex 23.500972952852912 535.5266861730605 45.333333333333336
      vertex 23.27777777777778 535.6634603522556 45.333333333333336
    endloop
  endfacet
  facet normal 0 0 1
    outer loop
      vertex 25.77777777777778 488.83333333333337 45.333333333333336
      vertex 24.663507585062632 534.4799352885825 45.333333333333336
      vertex 24.49350190516475 534.6789863651277 45.333333333333336
    endloop
  endfacet
  facet normal 0 0 1
    outer loop
      vertex 25.77777777777778 488.83333333333337 45.333333333333336
      vertex 23.716704039240145 535.3784183052081 45.333333333333336
      vertex 23.500972952852912 535.5266861730605 45.333333333333336
    endloop
  endfacet
  facet normal 0 0 1
    outer loop
      vertex 25.77777777777778 488.83333333333337 45.333333333333336
      vertex 23.924379733026967 535.2190631406182 45.333333333333336
      vertex 23.716704039240145 535.3784183052081 45.333333333333336
    endloop
  endfacet
  facet normal 0 0 1
    outer loop
      vertex 25.77777777777778 488.83333333333337 45.333333333333336
      vertex 24.12343080957207 535.0490574607204 45.333333333333336
      vertex 23.924379733026967 535.2190631406182 45.333333333333336
    endloop
  endfacet
  facet normal 0 0 1
    outer loop
      vertex 25.77777777777778 488.83333333333337 45.333333333333336
      vertex 24.313311683710516 534.8688672392661 45.333333333333336
      vertex 24.12343080957207 535.0490574607204 45.333333333333336
    endloop
  endfacet
  facet normal 0 0 1
    outer loop
      vertex 25.77777777777778 488.83333333333337 45.333333333333336
      vertex 24.49350190516475 534.6789863651277 45.333333333333336
      vertex 24.313311683710516 534.8688672392661 45.333333333333336
    endloop
  endfacet
  facet normal 0 0 1
    outer loop
      vertex 25.77777777777778 488.83333333333337 45.333333333333336
      vertex 24.822862749652515 534.2722595947957 45.333333333333336
      vertex 24.663507585062632 534.4799352885825 45.333333333333336
    endloop
  endfacet
  facet normal 0 0 1
    outer loop
      vertex 25.77777777777778 488.83333333333337 45.333333333333336
      vertex 24.971130617504897 534.0565285084085 45.333333333333336
      vertex 24.822862749652515 534.2722595947957 45.333333333333336
    endloop
  endfacet
  facet normal 0 0 1
    outer loop
      vertex 25.77777777777778 488.83333333333337 45.333333333333336
      vertex 25.10790479669997 533.8333333333334 45.333333333333336
      vertex 24.971130617504897 534.0565285084085 45.333333333333336
    endloop
  endfacet
  facet normal 0 0 1
    outer loop
      vertex 25.77777777777778 488.83333333333337 45.333333333333336
      vertex 25.232810398719618 533.6032858320311 45.333333333333336
      vertex 25.10790479669997 533.8333333333334 45.333333333333336
    endloop
  endfacet
  facet normal 0 0 1
    outer loop
      vertex 25.77777777777778 488.83333333333337 45.333333333333336
      vertex 25.345505065990782 533.3670165487124 45.333333333333336
      vertex 25.232810398719618 533.6032858320311 45.333333333333336
    endloop
  endfacet
  facet normal 0 0 1
    outer loop
      vertex 25.77777777777778 488.83333333333337 45.333333333333336
      vertex 25.445679910263788 533.1251730810599 45.333333333333336
      vertex 25.345505065990782 533.3670165487124 45.333333333333336
    endloop
  endfacet
  facet normal 0 0 1
    outer loop
      vertex 25.77777777777778 488.83333333333337 45.333333333333336
      vertex 25.533060359253547 532.8784183052081 45.333333333333336
      vertex 25.445679910263788 533.1251730810599 45.333333333333336
    endloop
  endfacet
  facet normal 0 0 1
    outer loop
      vertex 25.77777777777778 488.83333333333337 45.333333333333336
      vertex 25.77777777777778 531.3333333333334 45.333333333333336
      vertex 25.770925451550646 531.5950131145481 45.333333333333336
    endloop
  endfacet
  facet normal 0 0 1
    outer loop
      vertex 25.77777777777778 488.83333333333337 45.333333333333336
      vertex 25.668515781446807 532.3728917874222 45.333333333333336
      vertex 25.60740690922312 532.627428558846 45.333333333333336
    endloop
  endfacet
  facet normal 0 0 1
    outer loop
      vertex 25.77777777777778 488.83333333333337 45.333333333333336
      vertex 25.716219480753466 532.1155056585345 45.333333333333336
      vertex 25.668515781446807 532.3728917874222 45.333333333333336
    endloop
  endfacet
  facet normal 0 0 1
    outer loop
      vertex 25.77777777777778 488.83333333333337 45.333333333333336
      vertex 25.750387254619145 531.8559756496716 45.333333333333336
      vertex 25.716219480753466 532.1155056585345 45.333333333333336
    endloop
  endfacet
  facet normal 0 0 1
    outer loop
      vertex 25.77777777777778 488.83333333333337 45.333333333333336
      vertex 25.770925451550646 531.5950131145481 45.333333333333336
      vertex 25.750387254619145 531.8559756496716 45.333333333333336
    endloop
  endfacet
  facet normal 0 0 1
    outer loop
      vertex 25.77777777777778 488.83333333333337 45.333333333333336
      vertex 25.60740690922312 532.627428558846 45.333333333333336
      vertex 25.533060359253547 532.8784183052081 45.333333333333336
    endloop
  endfacet
endsolid OpenSCAD_Model
