solid OpenSCAD_Model
  facet normal -0.8982171864314453 -0.42842762097677495 -0.09826321582036125
    outer loop
      vertex 2.3227451568359383 376.84115861241344 -63.55555555555555
      vertex 2.3227451568359383 354.6189363901912 33.333333333333336
      vertex 2.2100504895647743 377.07742789573217 -63.55555555555555
    endloop
  endfacet
  facet normal -0.8736010669808141 -0.4743266785273959 -0.10879052259802661
    outer loop
      vertex 2.3227451568359383 376.84115861241344 -63.55555555555555
      vertex 2.447650758855585 376.61111111111114 -63.55555555555555
      vertex 2.447650758855585 354.3888888888889 33.333333333333336
    endloop
  endfacet
  facet normal -0.9910008755265419 -0.1304677403743581 -0.029923793663843613
    outer loop
      vertex 1.8393360748020884 378.32893878591 -63.55555555555555
      vertex 1.8393360748020884 356.10671656368777 33.333333333333336
      vertex 1.805168300936411 378.5884687947729 -63.55555555555555
    endloop
  endfacet
  facet normal -0.9823971577038095 -0.18207655095229724 -0.04176067682392141
    outer loop
      vertex 1.8393360748020884 378.32893878591 -63.55555555555555
      vertex 1.8870397741087492 378.0715526570224 -63.55555555555555
      vertex 1.8870397741087492 355.84933043480015 33.333333333333336
    endloop
  endfacet
  facet normal -0.9709791145876708 -0.23311146092290153 -0.05346593140433523
    outer loop
      vertex 1.8870397741087492 378.0715526570224 -63.55555555555555
      vertex 1.9481486463324371 377.81701588559855 -63.55555555555555
      vertex 1.9481486463324371 355.5947936633763 33.333333333333336
    endloop
  endfacet
  facet normal -0.9967559583418804 -0.0784463952091115 -0.01799229247915402
    outer loop
      vertex 1.805168300936411 378.5884687947729 -63.55555555555555
      vertex 1.805168300936411 356.36624657255066 33.333333333333336
      vertex 1.7846301040049086 378.84943132989645 -63.55555555555555
    endloop
  endfacet
  facet normal -0.999639308307867 -0.026176476524829632 -0.006003779019456339
    outer loop
      vertex 1.7846301040049086 378.84943132989645 -63.55555555555555
      vertex 1.7846301040049086 356.6272091076742 33.333333333333336
      vertex 1.7777777777777777 379.11111111111114 -63.55555555555555
    endloop
  endfacet
  facet normal -0.956791874129433 -0.2834146649871571 -0.06500336352916448
    outer loop
      vertex 1.9481486463324371 377.81701588559855 -63.55555555555555
      vertex 2.0224951963020095 377.5660261392364 -63.55555555555555
      vertex 2.0224951963020095 355.34380391701416 33.333333333333336
    endloop
  endfacet
  facet normal -0.9398908751899496 -0.332832815056923 -0.07633780161856035
    outer loop
      vertex 2.0224951963020095 377.5660261392364 -63.55555555555555
      vertex 2.109875645291768 377.31927136338464 -63.55555555555555
      vertex 2.109875645291768 355.0970491411624 33.333333333333336
    endloop
  endfacet
  facet normal -0.920341260527501 -0.3812178321220909 -0.08743528259680987
    outer loop
      vertex 2.109875645291768 377.31927136338464 -63.55555555555555
      vertex 2.2100504895647743 377.07742789573217 -63.55555555555555
      vertex 2.2100504895647743 354.85520567350994 33.333333333333336
    endloop
  endfacet
  facet normal -0.8465827718476981 -0.5187865898139251 -0.11898774995732232
    outer loop
      vertex 2.447650758855585 376.61111111111114 -63.55555555555555
      vertex 2.584424938050657 376.387915936036 -63.55555555555555
      vertex 2.584424938050657 354.16569371381377 33.333333333333336
    endloop
  endfacet
  facet normal -0.8172587968036559 -0.5616864092928424 -0.1288271580946887
    outer loop
      vertex 2.584424938050657 376.387915936036 -63.55555555555555
      vertex 2.7326928059030413 376.1721848496488 -63.55555555555555
      vertex 2.7326928059030413 353.94996262742654 33.333333333333336
    endloop
  endfacet
  facet normal -0.7857314256640583 -0.6029129282152055 -0.13828278170073488
    outer loop
      vertex 2.7326928059030413 376.1721848496488 -63.55555555555555
      vertex 2.892047970492924 375.96450915586195 -63.55555555555555
      vertex 2.892047970492924 353.7422869336398 33.333333333333336
    endloop
  endfacet
  facet normal -0.7521079013909996 -0.6423608319626541 -0.14733046604648034
    outer loop
      vertex 2.892047970492924 375.96450915586195 -63.55555555555555
      vertex 3.0620536503908076 375.7654580793169 -63.55555555555555
      vertex 3.0620536503908076 353.54323585709466 33.333333333333336
    endloop
  endfacet
  facet normal -0.7164996225648426 -0.679932753878594 -0.15594787932995277
    outer loop
      vertex 3.0620536503908076 375.7654580793169 -63.55555555555555
      vertex 3.24224387184504 375.57557720517843 -63.55555555555555
      vertex 3.24224387184504 353.3533549829562 33.333333333333336
    endloop
  endfacet
  facet normal -0.6790213795289959 -0.7155392343883774 -0.1641145033000866
    outer loop
      vertex 3.4321247459834856 375.39538698372417 -63.55555555555555
      vertex 3.4321247459834856 353.17316476150194 33.333333333333336
      vertex 3.24224387184504 375.57557720517843 -63.55555555555555
    endloop
  endfacet
  facet normal -0.6397906423384739 -0.7490985959848692 -0.1718116045836856
    outer loop
      vertex 3.4321247459834856 375.39538698372417 -63.55555555555555
      vertex 3.631175822528591 375.2253813038263 -63.55555555555555
      vertex 3.631175822528591 353.00315908160405 33.333333333333336
    endloop
  endfacet
  facet normal -0.5989269102938115 -0.7805367459722082 -0.17902218944316706
    outer loop
      vertex 3.631175822528591 375.2253813038263 -63.55555555555555
      vertex 3.838851516315411 375.0660261392364 -63.55555555555555
      vertex 3.838851516315411 352.84380391701416 33.333333333333336
    endloop
  endfacet
  facet normal -0.5565511304363836 -0.809786919702801 -0.18573094488596356
    outer loop
      vertex 3.838851516315411 375.0660261392364 -63.55555555555555
      vertex 4.054582602702642 374.917758271384 -63.55555555555555
      vertex 4.054582602702642 352.6955360491618 33.333333333333336
    endloop
  endfacet
  facet normal -0.5127851900071372 -0.8367893774478097 -0.19192416913940594
    outer loop
      vertex 4.054582602702642 374.917758271384 -63.55555555555555
      vertex 4.277777777777778 374.78098409218893 -63.55555555555555
      vertex 4.277777777777778 352.5587618699667 33.333333333333336
    endloop
  endfacet
  facet normal -0.4677514855917042 -0.8614910680618556 -0.19758969450959996
    outer loop
      vertex 4.277777777777778 374.78098409218893 -63.55555555555555
      vertex 4.507825279080044 374.6560784901693 -63.55555555555555
      vertex 4.507825279080044 352.4338562679471 33.333333333333336
    endloop
  endfacet
  facet normal -0.42157256956761224 -0.8838452722780823 -0.20271680556836758
    outer loop
      vertex 4.507825279080044 374.6560784901693 -63.55555555555555
      vertex 4.744094562398776 374.54338382289814 -63.55555555555555
      vertex 4.744094562398776 352.3211616006759 33.333333333333336
    endloop
  endfacet
  facet normal -1 0 0
    outer loop
      vertex 1.7777777777777777 379.11111111111114 -63.55555555555555
      vertex 1.7777777777777777 356.8888888888889 33.333333333333336
      vertex 1.7777777777777777 405.83333333333337 -50.666666666666664
    endloop
  endfacet
  facet normal -0.37437087255295465 -0.9038112378748444 -0.2072961554758818
    outer loop
      vertex 4.744094562398776 374.54338382289814 -63.55555555555555
      vertex 4.985938030051277 374.44320897862514 -63.55555555555555
      vertex 4.985938030051277 352.2209867564029 33.333333333333336
    endloop
  endfacet
  facet normal -0.3262684988742427 -0.9213538181362717 -0.21131968305877744
    outer loop
      vertex 4.985938030051277 374.44320897862514 -63.55555555555555
      vertex 5.232692805903041 374.35582852963535 -63.55555555555555
      vertex 5.232692805903041 352.1336063074132 33.333333333333336
    endloop
  endfacet
  facet normal -0.27738709060953826 -0.9364431240551432 -0.21478053304016997
    outer loop
      vertex 5.232692805903041 374.35582852963535 -63.55555555555555
      vertex 5.483682552265175 374.2814819796658 -63.55555555555555
      vertex 5.232692805903041 352.1336063074132 33.333333333333336
    endloop
  endfacet
  facet normal -0.22784775454780526 -0.9490541996340678 -0.2176729815674468
    outer loop
      vertex 5.483682552265175 374.2814819796658 -63.55555555555555
      vertex 5.738219323688981 374.22037310744213 -63.55555555555555
      vertex 5.738219323688981 351.9981508852199 33.333333333333336
    endloop
  endfacet
  facet normal -0.17777104538819116 -0.9591667284882509 -0.21999236891932367
    outer loop
      vertex 5.738219323688981 374.22037310744213 -63.55555555555555
      vertex 5.995605452576624 374.17266940813545 -63.55555555555555
      vertex 5.995605452576624 351.9504471859132 33.333333333333336
    endloop
  endfacet
  facet normal -0.1272769977030076 -0.9667647787588036 -0.22173504099972569
    outer loop
      vertex 5.995605452576624 374.17266940813545 -63.55555555555555
      vertex 6.255135461439511 374.1385016342698 -63.55555555555555
      vertex 6.255135461439511 351.9162794120476 33.333333333333336
    endloop
  endfacet
  facet normal -0.07648519855658159 -0.9718365921464907 -0.22289830095103003
    outer loop
      vertex 6.255135461439511 374.1385016342698 -63.55555555555555
      vertex 6.516097996563058 374.1179634373383 -63.55555555555555
      vertex 6.516097996563058 351.89574121511606 33.333333333333336
    endloop
  endfacet
  facet normal -0.025514892185295644 -0.974374421683843 -0.22348037194583567
    outer loop
      vertex 6.516097996563058 374.1179634373383 -63.55555555555555
      vertex 6.777777777777778 374.11111111111114 -63.55555555555555
      vertex 6.777777777777778 351.8888888888889 33.333333333333336
    endloop
  endfacet
  facet normal -1 0 0
    outer loop
      vertex 1.7777777777777777 379.11111111111114 -63.55555555555555
      vertex 1.7777777777777777 405.83333333333337 -50.666666666666664
      vertex 1.7777777777777777 486.83333333333337 -50.666666666666664
    endloop
  endfacet
  facet normal 0 0 -1
    outer loop
      vertex 1.8870397741087492 378.0715526570224 -63.55555555555555
      vertex 25.77777777777778 379.11111111111114 -63.55555555555555
      vertex 1.9481486463324371 377.81701588559855 -63.55555555555555
    endloop
  endfacet
  facet normal 0 0 -1
    outer loop
      vertex 1.9481486463324371 377.81701588559855 -63.55555555555555
      vertex 25.77777777777778 379.11111111111114 -63.55555555555555
      vertex 2.0224951963020095 377.5660261392364 -63.55555555555555
    endloop
  endfacet
  facet normal 0 0 -1
    outer loop
      vertex 2.0224951963020095 377.5660261392364 -63.55555555555555
      vertex 25.77777777777778 379.11111111111114 -63.55555555555555
      vertex 2.109875645291768 377.31927136338464 -63.55555555555555
    endloop
  endfacet
  facet normal 0 0 -1
    outer loop
      vertex 1.805168300936411 378.5884687947729 -63.55555555555555
      vertex 1.7846301040049086 378.84943132989645 -63.55555555555555
      vertex 25.77777777777778 379.11111111111114 -63.55555555555555
    endloop
  endfacet
  facet normal 0 0 -1
    outer loop
      vertex 1.7846301040049086 378.84943132989645 -63.55555555555555
      vertex 1.7777777777777777 379.11111111111114 -63.55555555555555
      vertex 25.77777777777778 379.11111111111114 -63.55555555555555
    endloop
  endfacet
  facet normal 0 0 -1
    outer loop
      vertex 1.8393360748020884 378.32893878591 -63.55555555555555
      vertex 1.805168300936411 378.5884687947729 -63.55555555555555
      vertex 25.77777777777778 379.11111111111114 -63.55555555555555
    endloop
  endfacet
  facet normal 0 0 -1
    outer loop
      vertex 1.8393360748020884 378.32893878591 -63.55555555555555
      vertex 25.77777777777778 379.11111111111114 -63.55555555555555
      vertex 1.8870397741087492 378.0715526570224 -63.55555555555555
    endloop
  endfacet
  facet normal 0 0 -1
    outer loop
      vertex 2.3227451568359383 376.84115861241344 -63.55555555555555
      vertex 2.2100504895647743 377.07742789573217 -63.55555555555555
      vertex 25.77777777777778 379.11111111111114 -63.55555555555555
    endloop
  endfacet
  facet normal 0 0 -1
    outer loop
      vertex 2.109875645291768 377.31927136338464 -63.55555555555555
      vertex 25.77777777777778 379.11111111111114 -63.55555555555555
      vertex 2.2100504895647743 377.07742789573217 -63.55555555555555
    endloop
  endfacet
  facet normal 0 0 -1
    outer loop
      vertex 2.3227451568359383 376.84115861241344 -63.55555555555555
      vertex 25.77777777777778 379.11111111111114 -63.55555555555555
      vertex 2.447650758855585 376.61111111111114 -63.55555555555555
    endloop
  endfacet
  facet normal 0 0 -1
    outer loop
      vertex 2.447650758855585 376.61111111111114 -63.55555555555555
      vertex 25.77777777777778 379.11111111111114 -63.55555555555555
      vertex 2.584424938050657 376.387915936036 -63.55555555555555
    endloop
  endfacet
  facet normal 0 0 -1
    outer loop
      vertex 2.584424938050657 376.387915936036 -63.55555555555555
      vertex 25.77777777777778 379.11111111111114 -63.55555555555555
      vertex 2.7326928059030413 376.1721848496488 -63.55555555555555
    endloop
  endfacet
  facet normal 0 0 -1
    outer loop
      vertex 2.892047970492924 375.96450915586195 -63.55555555555555
      vertex 25.77777777777778 379.11111111111114 -63.55555555555555
      vertex 3.0620536503908076 375.7654580793169 -63.55555555555555
    endloop
  endfacet
  facet normal 0 0 -1
    outer loop
      vertex 2.7326928059030413 376.1721848496488 -63.55555555555555
      vertex 25.77777777777778 379.11111111111114 -63.55555555555555
      vertex 2.892047970492924 375.96450915586195 -63.55555555555555
    endloop
  endfacet
  facet normal 0 0 -1
    outer loop
      vertex 3.0620536503908076 375.7654580793169 -63.55555555555555
      vertex 25.77777777777778 379.11111111111114 -63.55555555555555
      vertex 3.24224387184504 375.57557720517843 -63.55555555555555
    endloop
  endfacet
  facet normal 0 0 1
    outer loop
      vertex 10.532231789825413 396.5521303644327 -56.666666666666664
      vertex 10.54558161783089 396.3825047166024 -56.666666666666664
      vertex 10.54558161783089 397.0619397278421 -56.666666666666664
    endloop
  endfacet
  facet normal 0 0 1
    outer loop
      vertex 10.532231789825413 396.5521303644327 -56.666666666666664
      vertex 10.532231789825413 396.89231408001183 -56.666666666666664
      vertex 10.527777777777779 396.7222222222223 -56.666666666666664
    endloop
  endfacet
  facet normal 0 0 1
    outer loop
      vertex 10.532231789825413 396.5521303644327 -56.666666666666664
      vertex 10.54558161783089 397.0619397278421 -56.666666666666664
      vertex 10.532231789825413 396.89231408001183 -56.666666666666664
    endloop
  endfacet
  facet normal 0 0 1
    outer loop
      vertex 10.54558161783089 396.3825047166024 -56.666666666666664
      vertex 10.567790670843578 396.21381021084153 -56.666666666666664
      vertex 10.567790670843578 397.230634233603 -56.666666666666664
    endloop
  endfacet
  facet normal 0 0 1
    outer loop
      vertex 10.54558161783089 396.3825047166024 -56.666666666666664
      vertex 10.567790670843578 397.230634233603 -56.666666666666664
      vertex 10.54558161783089 397.0619397278421 -56.666666666666664
    endloop
  endfacet
  facet normal 0 0 1
    outer loop
      vertex 10.59879807539291 396.0465092270645 -56.666666666666664
      vertex 10.59879807539291 397.39793521738 -56.666666666666664
      vertex 10.567790670843578 396.21381021084153 -56.666666666666664
    endloop
  endfacet
  facet normal 0 0 1
    outer loop
      vertex 10.567790670843578 396.21381021084153 -56.666666666666664
      vertex 10.59879807539291 397.39793521738 -56.666666666666664
      vertex 10.567790670843578 397.230634233603 -56.666666666666664
    endloop
  endfacet
  facet normal 0 0 1
    outer loop
      vertex 10.59879807539291 396.0465092270645 -56.666666666666664
      vertex 10.638518842338307 395.88106032563906 -56.666666666666664
      vertex 10.638518842338307 397.56338411880546 -56.666666666666664
    endloop
  endfacet
  facet normal 0 0 1
    outer loop
      vertex 10.638518842338307 395.88106032563906 -56.666666666666664
      vertex 10.68684409981853 395.7179169905037 -56.666666666666664
      vertex 10.68684409981853 397.72652745394083 -56.666666666666664
    endloop
  endfacet
  facet normal 0 0 1
    outer loop
      vertex 10.59879807539291 396.0465092270645 -56.666666666666664
      vertex 10.638518842338307 397.56338411880546 -56.666666666666664
      vertex 10.59879807539291 397.39793521738 -56.666666666666664
    endloop
  endfacet
  facet normal 0 0 1
    outer loop
      vertex 10.638518842338307 395.88106032563906 -56.666666666666664
      vertex 10.68684409981853 397.72652745394083 -56.666666666666664
      vertex 10.638518842338307 397.56338411880546 -56.666666666666664
    endloop
  endfacet
  facet normal 0 0 1
    outer loop
      vertex 10.68684409981853 395.7179169905037 -56.666666666666664
      vertex 10.743641391661871 395.55752638620004 -56.666666666666664
      vertex 10.743641391661871 397.8869180582445 -56.666666666666664
    endloop
  endfacet
  facet normal 0 0 1
    outer loop
      vertex 10.68684409981853 395.7179169905037 -56.666666666666664
      vertex 10.743641391661871 397.8869180582445 -56.666666666666664
      vertex 10.68684409981853 397.72652745394083 -56.666666666666664
    endloop
  endfacet
  facet normal 0 0 1
    outer loop
      vertex 10.743641391661871 395.55752638620004 -56.666666666666664
      vertex 10.808755040439326 398.0441163122186 -56.666666666666664
      vertex 10.743641391661871 397.8869180582445 -56.666666666666664
    endloop
  endfacet
  facet normal 0 0 -1
    outer loop
      vertex 3.4321247459834856 375.39538698372417 -63.55555555555555
      vertex 3.24224387184504 375.57557720517843 -63.55555555555555
      vertex 25.77777777777778 379.11111111111114 -63.55555555555555
    endloop
  endfacet
  facet normal 0 0 -1
    outer loop
      vertex 3.4321247459834856 375.39538698372417 -63.55555555555555
      vertex 25.77777777777778 379.11111111111114 -63.55555555555555
      vertex 3.631175822528591 375.2253813038263 -63.55555555555555
    endloop
  endfacet
  facet normal 0 0 -1
    outer loop
      vertex 3.631175822528591 375.2253813038263 -63.55555555555555
      vertex 25.77777777777778 379.11111111111114 -63.55555555555555
      vertex 3.838851516315411 375.0660261392364 -63.55555555555555
    endloop
  endfacet
  facet normal 0 0 -1
    outer loop
      vertex 3.838851516315411 375.0660261392364 -63.55555555555555
      vertex 25.77777777777778 379.11111111111114 -63.55555555555555
      vertex 4.054582602702642 374.917758271384 -63.55555555555555
    endloop
  endfacet
  facet normal 0 0 -1
    outer loop
      vertex 4.054582602702642 374.917758271384 -63.55555555555555
      vertex 25.77777777777778 379.11111111111114 -63.55555555555555
      vertex 4.277777777777778 374.78098409218893 -63.55555555555555
    endloop
  endfacet
  facet normal 0 0 -1
    outer loop
      vertex 4.277777777777778 374.78098409218893 -63.55555555555555
      vertex 25.77777777777778 379.11111111111114 -63.55555555555555
      vertex 4.507825279080044 374.6560784901693 -63.55555555555555
    endloop
  endfacet
  facet normal 0 0 -1
    outer loop
      vertex 4.507825279080044 374.6560784901693 -63.55555555555555
      vertex 25.77777777777778 379.11111111111114 -63.55555555555555
      vertex 4.744094562398776 374.54338382289814 -63.55555555555555
    endloop
  endfacet
  facet normal 0 0 -1
    outer loop
      vertex 4.744094562398776 374.54338382289814 -63.55555555555555
      vertex 25.77777777777778 379.11111111111114 -63.55555555555555
      vertex 4.985938030051277 374.44320897862514 -63.55555555555555
    endloop
  endfacet
  facet normal 0 0 -1
    outer loop
      vertex 4.985938030051277 374.44320897862514 -63.55555555555555
      vertex 25.77777777777778 379.11111111111114 -63.55555555555555
      vertex 5.232692805903041 374.35582852963535 -63.55555555555555
    endloop
  endfacet
  facet normal 0 0 -1
    outer loop
      vertex 5.232692805903041 374.35582852963535 -63.55555555555555
      vertex 25.77777777777778 379.11111111111114 -63.55555555555555
      vertex 5.483682552265175 374.2814819796658 -63.55555555555555
    endloop
  endfacet
  facet normal 0 0 1
    outer loop
      vertex 11.052098431955148 394.9521453584234 -56.666666666666664
      vertex 11.1484725460592 394.81192015227174 -56.666666666666664
      vertex 11.1484725460592 398.6325242921728 -56.666666666666664
    endloop
  endfacet
  facet normal 0 0 1
    outer loop
      vertex 10.743641391661871 395.55752638620004 -56.666666666666664
      vertex 10.808755040439326 395.4003281322259 -56.666666666666664
      vertex 10.808755040439326 398.0441163122186 -56.666666666666664
    endloop
  endfacet
  facet normal 0 0 1
    outer loop
      vertex 10.808755040439326 395.4003281322259 -56.666666666666664
      vertex 10.882006574165583 395.2467530980687 -56.666666666666664
      vertex 10.882006574165583 398.1976913463758 -56.666666666666664
    endloop
  endfacet
  facet normal 0 0 1
    outer loop
      vertex 10.808755040439326 395.4003281322259 -56.666666666666664
      vertex 10.882006574165583 398.1976913463758 -56.666666666666664
      vertex 10.808755040439326 398.0441163122186 -56.666666666666664
    endloop
  endfacet
  facet normal 0 0 1
    outer loop
      vertex 10.882006574165583 395.2467530980687 -56.666666666666664
      vertex 10.963195215478354 395.0972222222223 -56.666666666666664
      vertex 10.963195215478354 398.3472222222223 -56.666666666666664
    endloop
  endfacet
  facet normal 0 0 1
    outer loop
      vertex 10.882006574165583 395.2467530980687 -56.666666666666664
      vertex 10.963195215478354 398.3472222222223 -56.666666666666664
      vertex 10.882006574165583 398.1976913463758 -56.666666666666664
    endloop
  endfacet
  facet normal 0 0 1
    outer loop
      vertex 10.963195215478354 395.0972222222223 -56.666666666666664
      vertex 11.052098431955148 394.9521453584234 -56.666666666666664
      vertex 11.052098431955148 398.4922990860211 -56.666666666666664
    endloop
  endfacet
  facet normal 0 0 1
    outer loop
      vertex 10.963195215478354 395.0972222222223 -56.666666666666664
      vertex 11.052098431955148 398.4922990860211 -56.666666666666664
      vertex 10.963195215478354 398.3472222222223 -56.666666666666664
    endloop
  endfacet
  facet normal 0 0 1
    outer loop
      vertex 11.052098431955148 394.9521453584234 -56.666666666666664
      vertex 11.1484725460592 398.6325242921728 -56.666666666666664
      vertex 11.052098431955148 398.4922990860211 -56.666666666666664
    endloop
  endfacet
  facet normal 0 0 1
    outer loop
      vertex 11.1484725460592 394.81192015227174 -56.666666666666664
      vertex 11.252053403042623 394.6769309513103 -56.666666666666664
      vertex 11.252053403042623 398.76751349313423 -56.666666666666664
    endloop
  endfacet
  facet normal 0 0 1
    outer loop
      vertex 11.252053403042623 394.6769309513103 -56.666666666666664
      vertex 11.362557094976246 394.54754775155595 -56.666666666666664
      vertex 11.362557094976246 398.89689669288856 -56.666666666666664
    endloop
  endfacet
  facet normal 0 0 1
    outer loop
      vertex 11.362557094976246 394.54754775155595 -56.666666666666664
      vertex 11.479680738921498 394.42412518336596 -56.666666666666664
      vertex 11.479680738921498 399.02031926107855 -56.666666666666664
    endloop
  endfacet
  facet normal 0 0 1
    outer loop
      vertex 11.1484725460592 394.81192015227174 -56.666666666666664
      vertex 11.252053403042623 398.76751349313423 -56.666666666666664
      vertex 11.1484725460592 398.6325242921728 -56.666666666666664
    endloop
  endfacet
  facet normal 0 0 1
    outer loop
      vertex 11.252053403042623 394.6769309513103 -56.666666666666664
      vertex 11.362557094976246 398.89689669288856 -56.666666666666664
      vertex 11.252053403042623 398.76751349313423 -56.666666666666664
    endloop
  endfacet
  facet normal 0 0 1
    outer loop
      vertex 11.362557094976246 394.54754775155595 -56.666666666666664
      vertex 11.479680738921498 399.02031926107855 -56.666666666666664
      vertex 11.362557094976246 398.89689669288856 -56.666666666666664
    endloop
  endfacet
  facet normal 0 0 1
    outer loop
      vertex 11.479680738921498 394.42412518336596 -56.666666666666664
      vertex 11.603103307111489 399.1374429050238 -56.666666666666664
      vertex 11.479680738921498 399.02031926107855 -56.666666666666664
    endloop
  endfacet
  facet normal 0 0 1
    outer loop
      vertex 11.479680738921498 394.42412518336596 -56.666666666666664
      vertex 11.603103307111489 394.30700153942075 -56.666666666666664
      vertex 11.603103307111489 399.1374429050238 -56.666666666666664
    endloop
  endfacet
  facet normal 0 0 1
    outer loop
      vertex 11.603103307111489 394.30700153942075 -56.666666666666664
      vertex 11.732486506865808 394.1964978474871 -56.666666666666664
      vertex 11.732486506865808 399.24794659695743 -56.666666666666664
    endloop
  endfacet
  facet normal 0 0 1
    outer loop
      vertex 11.732486506865808 394.1964978474871 -56.666666666666664
      vertex 11.86747570782724 394.0929169905037 -56.666666666666664
      vertex 11.86747570782724 399.35152745394083 -56.666666666666664
    endloop
  endfacet
  facet normal 0 0 1
    outer loop
      vertex 11.603103307111489 394.30700153942075 -56.666666666666664
      vertex 11.732486506865808 399.24794659695743 -56.666666666666664
      vertex 11.603103307111489 399.1374429050238 -56.666666666666664
    endloop
  endfacet
  facet normal 0 0 1
    outer loop
      vertex 11.732486506865808 394.1964978474871 -56.666666666666664
      vertex 11.86747570782724 399.35152745394083 -56.666666666666664
      vertex 11.732486506865808 399.24794659695743 -56.666666666666664
    endloop
  endfacet
  facet normal 0 0 1
    outer loop
      vertex 11.86747570782724 394.0929169905037 -56.666666666666664
      vertex 12.00770091397894 393.99654287639964 -56.666666666666664
      vertex 12.00770091397894 399.44790156804487 -56.666666666666664
    endloop
  endfacet
  facet normal 0 0 1
    outer loop
      vertex 12.00770091397894 393.99654287639964 -56.666666666666664
      vertex 12.152777777777779 393.90763965992284 -56.666666666666664
      vertex 12.152777777777779 399.5368047845217 -56.666666666666664
    endloop
  endfacet
  facet normal 0 0 1
    outer loop
      vertex 12.152777777777779 393.90763965992284 -56.666666666666664
      vertex 12.302308653624252 393.82645101861004 -56.666666666666664
      vertex 12.302308653624252 399.61799342583447 -56.666666666666664
    endloop
  endfacet
  facet normal 0 0 1
    outer loop
      vertex 11.86747570782724 394.0929169905037 -56.666666666666664
      vertex 12.00770091397894 399.44790156804487 -56.666666666666664
      vertex 11.86747570782724 399.35152745394083 -56.666666666666664
    endloop
  endfacet
  facet normal 0 0 1
    outer loop
      vertex 12.00770091397894 393.99654287639964 -56.666666666666664
      vertex 12.152777777777779 399.5368047845217 -56.666666666666664
      vertex 12.00770091397894 399.44790156804487 -56.666666666666664
    endloop
  endfacet
  facet normal 0 0 1
    outer loop
      vertex 12.152777777777779 393.90763965992284 -56.666666666666664
      vertex 12.302308653624252 399.61799342583447 -56.666666666666664
      vertex 12.152777777777779 399.5368047845217 -56.666666666666664
    endloop
  endfacet
  facet normal 0 0 -1
    outer loop
      vertex 5.483682552265175 374.2814819796658 -63.55555555555555
      vertex 25.77777777777778 379.11111111111114 -63.55555555555555
      vertex 5.738219323688981 374.22037310744213 -63.55555555555555
    endloop
  endfacet
  facet normal 0 0 -1
    outer loop
      vertex 5.738219323688981 374.22037310744213 -63.55555555555555
      vertex 25.77777777777778 379.11111111111114 -63.55555555555555
      vertex 5.995605452576624 374.17266940813545 -63.55555555555555
    endloop
  endfacet
  facet normal 0 0 -1
    outer loop
      vertex 5.995605452576624 374.17266940813545 -63.55555555555555
      vertex 25.77777777777778 379.11111111111114 -63.55555555555555
      vertex 6.255135461439511 374.1385016342698 -63.55555555555555
    endloop
  endfacet
  facet normal 0 0 -1
    outer loop
      vertex 6.255135461439511 374.1385016342698 -63.55555555555555
      vertex 25.77777777777778 379.11111111111114 -63.55555555555555
      vertex 6.516097996563058 374.1179634373383 -63.55555555555555
    endloop
  endfacet
  facet normal 0 0 -1
    outer loop
      vertex 6.516097996563058 374.1179634373383 -63.55555555555555
      vertex 25.77777777777778 379.11111111111114 -63.55555555555555
      vertex 6.777777777777778 374.11111111111114 -63.55555555555555
    endloop
  endfacet
  facet normal 0 0 1
    outer loop
      vertex 12.302308653624252 393.82645101861004 -56.666666666666664
      vertex 12.455883687781427 393.7531994848838 -56.666666666666664
      vertex 12.455883687781427 399.6912449595607 -56.666666666666664
    endloop
  endfacet
  facet normal 0 0 1
    outer loop
      vertex 12.455883687781427 393.7531994848838 -56.666666666666664
      vertex 12.613081941755553 393.6880858361063 -56.666666666666664
      vertex 12.613081941755553 399.75635860833813 -56.666666666666664
    endloop
  endfacet
  facet normal 0 0 1
    outer loop
      vertex 12.302308653624252 393.82645101861004 -56.666666666666664
      vertex 12.455883687781427 399.6912449595607 -56.666666666666664
      vertex 12.302308653624252 399.61799342583447 -56.666666666666664
    endloop
  endfacet
  facet normal 0 0 1
    outer loop
      vertex 12.455883687781427 393.7531994848838 -56.666666666666664
      vertex 12.613081941755553 399.75635860833813 -56.666666666666664
      vertex 12.455883687781427 399.6912449595607 -56.666666666666664
    endloop
  endfacet
  facet normal 0 0 1
    outer loop
      vertex 12.613081941755553 393.6880858361063 -56.666666666666664
      vertex 12.7734725460592 393.631288544263 -56.666666666666664
      vertex 12.7734725460592 399.8131559001815 -56.666666666666664
    endloop
  endfacet
  facet normal 0 0 1
    outer loop
      vertex 12.7734725460592 393.631288544263 -56.666666666666664
      vertex 12.936615881194584 393.5829632867828 -56.666666666666664
      vertex 12.936615881194584 399.86148115766173 -56.666666666666664
    endloop
  endfacet
  facet normal 0 0 1
    outer loop
      vertex 12.613081941755553 393.6880858361063 -56.666666666666664
      vertex 12.7734725460592 399.8131559001815 -56.666666666666664
      vertex 12.613081941755553 399.75635860833813 -56.666666666666664
    endloop
  endfacet
  facet normal 0 0 1
    outer loop
      vertex 12.7734725460592 393.631288544263 -56.666666666666664
      vertex 12.936615881194584 399.86148115766173 -56.666666666666664
      vertex 12.7734725460592 399.8131559001815 -56.666666666666664
    endloop
  endfacet
  facet normal 0 0 1
    outer loop
      vertex 12.936615881194584 393.5829632867828 -56.666666666666664
      vertex 13.102064782620062 399.9012019246071 -56.666666666666664
      vertex 12.936615881194584 399.86148115766173 -56.666666666666664
    endloop
  endfacet
  facet normal 0 0 1
    outer loop
      vertex 12.936615881194584 393.5829632867828 -56.666666666666664
      vertex 13.102064782620062 393.5432425198374 -56.666666666666664
      vertex 13.102064782620062 399.9012019246071 -56.666666666666664
    endloop
  endfacet
  facet normal 0 0 1
    outer loop
      vertex 13.102064782620062 393.5432425198374 -56.666666666666664
      vertex 13.269365766397026 393.51223511528804 -56.666666666666664
      vertex 13.269365766397026 399.9322093291565 -56.666666666666664
    endloop
  endfacet
  facet normal 0 0 1
    outer loop
      vertex 13.269365766397026 393.51223511528804 -56.666666666666664
      vertex 13.438060272157905 393.4900260622754 -56.666666666666664
      vertex 13.438060272157905 399.95441838216914 -56.666666666666664
    endloop
  endfacet
  facet normal 0 0 1
    outer loop
      vertex 13.102064782620062 393.5432425198374 -56.666666666666664
      vertex 13.269365766397026 399.9322093291565 -56.666666666666664
      vertex 13.102064782620062 399.9012019246071 -56.666666666666664
    endloop
  endfacet
  facet normal 0 0 1
    outer loop
      vertex 13.269365766397026 393.51223511528804 -56.666666666666664
      vertex 13.438060272157905 399.95441838216914 -56.666666666666664
      vertex 13.269365766397026 399.9322093291565 -56.666666666666664
    endloop
  endfacet
  facet normal 0 0 1
    outer loop
      vertex 13.438060272157905 393.4900260622754 -56.666666666666664
      vertex 13.60768591998821 393.4766762342699 -56.666666666666664
      vertex 13.60768591998821 399.9677682101746 -56.666666666666664
    endloop
  endfacet
  facet normal 0 0 1
    outer loop
      vertex 13.60768591998821 393.4766762342699 -56.666666666666664
      vertex 13.777777777777779 393.4722222222223 -56.666666666666664
      vertex 13.777777777777779 399.9722222222223 -56.666666666666664
    endloop
  endfacet
  facet normal 0 0 1
    outer loop
      vertex 13.438060272157905 393.4900260622754 -56.666666666666664
      vertex 13.60768591998821 399.9677682101746 -56.666666666666664
      vertex 13.438060272157905 399.95441838216914 -56.666666666666664
    endloop
  endfacet
  facet normal 0 0 1
    outer loop
      vertex 13.60768591998821 393.4766762342699 -56.666666666666664
      vertex 13.777777777777779 399.9722222222223 -56.666666666666664
      vertex 13.60768591998821 399.9677682101746 -56.666666666666664
    endloop
  endfacet
  facet normal 0 0 1
    outer loop
      vertex 10.532231789825413 374.32990814221046 -31.666666666666664
      vertex 10.54558161783089 374.16028249438017 -31.666666666666664
      vertex 10.54558161783089 374.8397175056199 -31.666666666666664
    endloop
  endfacet
  facet normal 0 0 1
    outer loop
      vertex 10.532231789825413 374.32990814221046 -31.666666666666664
      vertex 10.532231789825413 374.6700918577896 -31.666666666666664
      vertex 10.527777777777779 374.50000000000006 -31.666666666666664
    endloop
  endfacet
  facet normal 0 0 1
    outer loop
      vertex 10.532231789825413 374.32990814221046 -31.666666666666664
      vertex 10.54558161783089 374.8397175056199 -31.666666666666664
      vertex 10.532231789825413 374.6700918577896 -31.666666666666664
    endloop
  endfacet
  facet normal 0 0 1
    outer loop
      vertex 10.567790670843578 373.9915879886193 -31.666666666666664
      vertex 10.567790670843578 375.0084120113808 -31.666666666666664
      vertex 10.54558161783089 374.16028249438017 -31.666666666666664
    endloop
  endfacet
  facet normal 0 0 1
    outer loop
      vertex 10.567790670843578 373.9915879886193 -31.666666666666664
      vertex 10.59879807539291 373.82428700484235 -31.666666666666664
      vertex 10.59879807539291 375.17571299515777 -31.666666666666664
    endloop
  endfacet
  facet normal 0 0 1
    outer loop
      vertex 10.54558161783089 374.16028249438017 -31.666666666666664
      vertex 10.567790670843578 375.0084120113808 -31.666666666666664
      vertex 10.54558161783089 374.8397175056199 -31.666666666666664
    endloop
  endfacet
  facet normal 0 0 1
    outer loop
      vertex 10.567790670843578 373.9915879886193 -31.666666666666664
      vertex 10.59879807539291 375.17571299515777 -31.666666666666664
      vertex 10.567790670843578 375.0084120113808 -31.666666666666664
    endloop
  endfacet
  facet normal 0 0 1
    outer loop
      vertex 10.59879807539291 373.82428700484235 -31.666666666666664
      vertex 10.638518842338307 373.6588381034168 -31.666666666666664
      vertex 10.638518842338307 375.34116189658323 -31.666666666666664
    endloop
  endfacet
  facet normal 0 0 1
    outer loop
      vertex 10.638518842338307 373.6588381034168 -31.666666666666664
      vertex 10.68684409981853 373.49569476828145 -31.666666666666664
      vertex 10.68684409981853 375.5043052317186 -31.666666666666664
    endloop
  endfacet
  facet normal 0 0 1
    outer loop
      vertex 10.59879807539291 373.82428700484235 -31.666666666666664
      vertex 10.638518842338307 375.34116189658323 -31.666666666666664
      vertex 10.59879807539291 375.17571299515777 -31.666666666666664
    endloop
  endfacet
  facet normal 0 0 1
    outer loop
      vertex 10.638518842338307 373.6588381034168 -31.666666666666664
      vertex 10.68684409981853 375.5043052317186 -31.666666666666664
      vertex 10.638518842338307 375.34116189658323 -31.666666666666664
    endloop
  endfacet
  facet normal 0 0 1
    outer loop
      vertex 10.68684409981853 373.49569476828145 -31.666666666666664
      vertex 10.743641391661871 373.3353041639778 -31.666666666666664
      vertex 10.743641391661871 375.66469583602225 -31.666666666666664
    endloop
  endfacet
  facet normal 0 0 1
    outer loop
      vertex 10.68684409981853 373.49569476828145 -31.666666666666664
      vertex 10.743641391661871 375.66469583602225 -31.666666666666664
      vertex 10.68684409981853 375.5043052317186 -31.666666666666664
    endloop
  endfacet
  facet normal 0 0 1
    outer loop
      vertex 10.743641391661871 373.3353041639778 -31.666666666666664
      vertex 10.808755040439326 375.8218940899964 -31.666666666666664
      vertex 10.743641391661871 375.66469583602225 -31.666666666666664
    endloop
  endfacet
  facet normal 0.9832549075639607 0.18223552549211483 0
    outer loop
      vertex 10.59879807539291 396.0465092270645 -56.666666666666664
      vertex 10.567790670843578 396.21381021084153 -56.666666666666664
      vertex 10.567790670843578 396.21381021084153 33.333333333333336
    endloop
  endfacet
  facet normal 0.9723699203976723 0.23344536385592315 0
    outer loop
      vertex 10.59879807539291 396.0465092270645 -56.666666666666664
      vertex 10.59879807539291 396.0465092270645 33.333333333333336
      vertex 10.638518842338307 395.88106032563906 -56.666666666666664
    endloop
  endfacet
  facet normal 0.9588197348681878 0.28401534470394035 0
    outer loop
      vertex 10.638518842338307 395.88106032563906 -56.666666666666664
      vertex 10.638518842338307 395.88106032563906 33.333333333333336
      vertex 10.68684409981853 395.7179169905037 -56.666666666666664
    endloop
  endfacet
  facet normal 0.9426414910921789 0.33380685923376974 0
    outer loop
      vertex 10.68684409981853 395.7179169905037 -56.666666666666664
      vertex 10.68684409981853 395.7179169905037 33.333333333333336
      vertex 10.743641391661871 395.55752638620004 -56.666666666666664
    endloop
  endfacet
  facet normal 0.9238795325112742 0.3826834323651202 0
    outer loop
      vertex 10.743641391661871 395.55752638620004 -56.666666666666664
      vertex 10.743641391661871 395.55752638620004 33.333333333333336
      vertex 10.808755040439326 395.4003281322259 -56.666666666666664
    endloop
  endfacet
  facet normal 0.996917333733127 0.07845909572785731 0
    outer loop
      vertex 10.532231789825413 396.5521303644327 -56.666666666666664
      vertex 10.532231789825413 396.5521303644327 33.333333333333336
      vertex 10.54558161783089 396.3825047166024 -56.666666666666664
    endloop
  endfacet
  facet normal 0.9996573249755574 0.02617694830786771 0
    outer loop
      vertex 10.532231789825413 396.5521303644327 -56.666666666666664
      vertex 10.527777777777779 396.7222222222223 -56.666666666666664
      vertex 10.527777777777779 396.7222222222223 33.333333333333336
    endloop
  endfacet
  facet normal 0.9996573249755571 -0.026176948307876452 0
    outer loop
      vertex 10.527777777777779 396.7222222222223 -56.666666666666664
      vertex 10.532231789825413 396.89231408001183 -56.666666666666664
      vertex 10.532231789825413 396.89231408001183 33.333333333333336
    endloop
  endfacet
  facet normal 0.9914448613738118 0.1305261922200405 0
    outer loop
      vertex 10.54558161783089 396.3825047166024 -56.666666666666664
      vertex 10.54558161783089 396.3825047166024 33.333333333333336
      vertex 10.567790670843578 396.21381021084153 -56.666666666666664
    endloop
  endfacet
  facet normal 0.996917333733127 -0.07845909572785731 0
    outer loop
      vertex 10.532231789825413 396.89231408001183 -56.666666666666664
      vertex 10.54558161783089 397.0619397278421 -56.666666666666664
      vertex 10.54558161783089 397.0619397278421 33.333333333333336
    endloop
  endfacet
  facet normal 0.9914448613738118 -0.1305261922200405 0
    outer loop
      vertex 10.54558161783089 397.0619397278421 -56.666666666666664
      vertex 10.567790670843578 397.230634233603 -56.666666666666664
      vertex 10.567790670843578 397.230634233603 33.333333333333336
    endloop
  endfacet
  facet normal 0.9832549075639607 -0.18223552549211483 0
    outer loop
      vertex 10.567790670843578 397.230634233603 -56.666666666666664
      vertex 10.59879807539291 397.39793521738 -56.666666666666664
      vertex 10.59879807539291 397.39793521738 33.333333333333336
    endloop
  endfacet
  facet normal 0.9723699203976723 -0.23344536385592315 0
    outer loop
      vertex 10.59879807539291 397.39793521738 -56.666666666666664
      vertex 10.638518842338307 397.56338411880546 -56.666666666666664
      vertex 10.638518842338307 397.56338411880546 33.333333333333336
    endloop
  endfacet
  facet normal 0.9588197348681878 -0.28401534470394035 0
    outer loop
      vertex 10.638518842338307 397.56338411880546 -56.666666666666664
      vertex 10.68684409981853 397.72652745394083 -56.666666666666664
      vertex 10.68684409981853 397.72652745394083 33.333333333333336
    endloop
  endfacet
  facet normal 0.9426414910921789 -0.33380685923376974 0
    outer loop
      vertex 10.68684409981853 397.72652745394083 -56.666666666666664
      vertex 10.743641391661871 397.8869180582445 -56.666666666666664
      vertex 10.743641391661871 397.8869180582445 33.333333333333336
    endloop
  endfacet
  facet normal 0 0 1
    outer loop
      vertex 10.882006574165583 373.0245308758465 -31.666666666666664
      vertex 10.963195215478354 372.87500000000006 -31.666666666666664
      vertex 10.963195215478354 376.12500000000006 -31.666666666666664
    endloop
  endfacet
  facet normal 0 0 1
    outer loop
      vertex 10.743641391661871 373.3353041639778 -31.666666666666664
      vertex 10.808755040439326 373.1781059100037 -31.666666666666664
      vertex 10.808755040439326 375.8218940899964 -31.666666666666664
    endloop
  endfacet
  facet normal 0 0 1
    outer loop
      vertex 10.808755040439326 373.1781059100037 -31.666666666666664
      vertex 10.882006574165583 373.0245308758465 -31.666666666666664
      vertex 10.882006574165583 375.97546912415356 -31.666666666666664
    endloop
  endfacet
  facet normal 0 0 1
    outer loop
      vertex 10.808755040439326 373.1781059100037 -31.666666666666664
      vertex 10.882006574165583 375.97546912415356 -31.666666666666664
      vertex 10.808755040439326 375.8218940899964 -31.666666666666664
    endloop
  endfacet
  facet normal 0 0 1
    outer loop
      vertex 10.882006574165583 373.0245308758465 -31.666666666666664
      vertex 10.963195215478354 376.12500000000006 -31.666666666666664
      vertex 10.882006574165583 375.97546912415356 -31.666666666666664
    endloop
  endfacet
  facet normal 0 0 1
    outer loop
      vertex 10.963195215478354 372.87500000000006 -31.666666666666664
      vertex 11.052098431955148 372.7299231362012 -31.666666666666664
      vertex 11.052098431955148 376.27007686379886 -31.666666666666664
    endloop
  endfacet
  facet normal 0 0 1
    outer loop
      vertex 11.052098431955148 372.7299231362012 -31.666666666666664
      vertex 11.1484725460592 372.5896979300495 -31.666666666666664
      vertex 11.1484725460592 376.4103020699506 -31.666666666666664
    endloop
  endfacet
  facet normal 0 0 1
    outer loop
      vertex 10.963195215478354 372.87500000000006 -31.666666666666664
      vertex 11.052098431955148 376.27007686379886 -31.666666666666664
      vertex 10.963195215478354 376.12500000000006 -31.666666666666664
    endloop
  endfacet
  facet normal 0 0 1
    outer loop
      vertex 11.052098431955148 372.7299231362012 -31.666666666666664
      vertex 11.1484725460592 376.4103020699506 -31.666666666666664
      vertex 11.052098431955148 376.27007686379886 -31.666666666666664
    endloop
  endfacet
  facet normal 0 0 1
    outer loop
      vertex 11.1484725460592 372.5896979300495 -31.666666666666664
      vertex 11.252053403042623 372.45470872908805 -31.666666666666664
      vertex 11.252053403042623 376.545291270912 -31.666666666666664
    endloop
  endfacet
  facet normal 0 0 1
    outer loop
      vertex 11.252053403042623 372.45470872908805 -31.666666666666664
      vertex 11.362557094976246 372.3253255293338 -31.666666666666664
      vertex 11.362557094976246 376.67467447066633 -31.666666666666664
    endloop
  endfacet
  facet normal 0 0 1
    outer loop
      vertex 11.1484725460592 372.5896979300495 -31.666666666666664
      vertex 11.252053403042623 376.545291270912 -31.666666666666664
      vertex 11.1484725460592 376.4103020699506 -31.666666666666664
    endloop
  endfacet
  facet normal 0 0 1
    outer loop
      vertex 11.252053403042623 372.45470872908805 -31.666666666666664
      vertex 11.362557094976246 376.67467447066633 -31.666666666666664
      vertex 11.252053403042623 376.545291270912 -31.666666666666664
    endloop
  endfacet
  facet normal 0 0 1
    outer loop
      vertex 11.362557094976246 372.3253255293338 -31.666666666666664
      vertex 11.479680738921498 372.2019029611438 -31.666666666666664
      vertex 11.479680738921498 376.7980970388563 -31.666666666666664
    endloop
  endfacet
  facet normal 0 0 1
    outer loop
      vertex 11.362557094976246 372.3253255293338 -31.666666666666664
      vertex 11.479680738921498 376.7980970388563 -31.666666666666664
      vertex 11.362557094976246 376.67467447066633 -31.666666666666664
    endloop
  endfacet
  facet normal 0 0 1
    outer loop
      vertex 11.479680738921498 372.2019029611438 -31.666666666666664
      vertex 11.603103307111489 376.9152206828016 -31.666666666666664
      vertex 11.479680738921498 376.7980970388563 -31.666666666666664
    endloop
  endfacet
  facet normal 0 0 1
    outer loop
      vertex 11.479680738921498 372.2019029611438 -31.666666666666664
      vertex 11.603103307111489 372.0847793171985 -31.666666666666664
      vertex 11.603103307111489 376.9152206828016 -31.666666666666664
    endloop
  endfacet
  facet normal 0 0 1
    outer loop
      vertex 11.603103307111489 372.0847793171985 -31.666666666666664
      vertex 11.732486506865808 371.9742756252649 -31.666666666666664
      vertex 11.732486506865808 377.0257243747352 -31.666666666666664
    endloop
  endfacet
  facet normal 0 0 1
    outer loop
      vertex 11.603103307111489 372.0847793171985 -31.666666666666664
      vertex 11.732486506865808 377.0257243747352 -31.666666666666664
      vertex 11.603103307111489 376.9152206828016 -31.666666666666664
    endloop
  endfacet
  facet normal 0 0 1
    outer loop
      vertex 11.732486506865808 371.9742756252649 -31.666666666666664
      vertex 11.86747570782724 371.87069476828145 -31.666666666666664
      vertex 11.86747570782724 377.1293052317186 -31.666666666666664
    endloop
  endfacet
  facet normal 0 0 1
    outer loop
      vertex 11.732486506865808 371.9742756252649 -31.666666666666664
      vertex 11.86747570782724 377.1293052317186 -31.666666666666664
      vertex 11.732486506865808 377.0257243747352 -31.666666666666664
    endloop
  endfacet
  facet normal 0 0 1
    outer loop
      vertex 11.86747570782724 371.87069476828145 -31.666666666666664
      vertex 12.00770091397894 371.7743206541774 -31.666666666666664
      vertex 12.00770091397894 377.22567934582264 -31.666666666666664
    endloop
  endfacet
  facet normal 0 0 1
    outer loop
      vertex 11.86747570782724 371.87069476828145 -31.666666666666664
      vertex 12.00770091397894 377.22567934582264 -31.666666666666664
      vertex 11.86747570782724 377.1293052317186 -31.666666666666664
    endloop
  endfacet
  facet normal 0 0 1
    outer loop
      vertex 12.00770091397894 371.7743206541774 -31.666666666666664
      vertex 12.152777777777779 377.31458256229945 -31.666666666666664
      vertex 12.00770091397894 377.22567934582264 -31.666666666666664
    endloop
  endfacet
  facet normal 0 0 1
    outer loop
      vertex 12.00770091397894 371.7743206541774 -31.666666666666664
      vertex 12.152777777777779 371.6854174377006 -31.666666666666664
      vertex 12.152777777777779 377.31458256229945 -31.666666666666664
    endloop
  endfacet
  facet normal 0 0 1
    outer loop
      vertex 12.152777777777779 371.6854174377006 -31.666666666666664
      vertex 12.302308653624252 371.6042287963878 -31.666666666666664
      vertex 12.302308653624252 377.39577120361224 -31.666666666666664
    endloop
  endfacet
  facet normal 0 0 1
    outer loop
      vertex 12.152777777777779 371.6854174377006 -31.666666666666664
      vertex 12.302308653624252 377.39577120361224 -31.666666666666664
      vertex 12.152777777777779 377.31458256229945 -31.666666666666664
    endloop
  endfacet
  facet normal 0 0 1
    outer loop
      vertex 12.302308653624252 371.6042287963878 -31.666666666666664
      vertex 12.455883687781427 371.53097726266157 -31.666666666666664
      vertex 12.455883687781427 377.4690227373385 -31.666666666666664
    endloop
  endfacet
  facet normal 0 0 1
    outer loop
      vertex 12.302308653624252 371.6042287963878 -31.666666666666664
      vertex 12.455883687781427 377.4690227373385 -31.666666666666664
      vertex 12.302308653624252 377.39577120361224 -31.666666666666664
    endloop
  endfacet
  facet normal 0 0 1
    outer loop
      vertex 12.455883687781427 371.53097726266157 -31.666666666666664
      vertex 12.613081941755553 371.46586361388415 -31.666666666666664
      vertex 12.613081941755553 377.53413638611596 -31.666666666666664
    endloop
  endfacet
  facet normal 0 0 1
    outer loop
      vertex 12.613081941755553 371.46586361388415 -31.666666666666664
      vertex 12.7734725460592 371.4090663220408 -31.666666666666664
      vertex 12.7734725460592 377.5909336779593 -31.666666666666664
    endloop
  endfacet
  facet normal 0 0 1
    outer loop
      vertex 12.7734725460592 371.4090663220408 -31.666666666666664
      vertex 12.936615881194584 371.36074106456056 -31.666666666666664
      vertex 12.936615881194584 377.6392589354395 -31.666666666666664
    endloop
  endfacet
  facet normal 0 0 1
    outer loop
      vertex 12.936615881194584 371.36074106456056 -31.666666666666664
      vertex 13.102064782620062 371.3210202976152 -31.666666666666664
      vertex 13.102064782620062 377.67897970238494 -31.666666666666664
    endloop
  endfacet
  facet normal 0 0 1
    outer loop
      vertex 13.102064782620062 371.3210202976152 -31.666666666666664
      vertex 13.269365766397026 371.29001289306586 -31.666666666666664
      vertex 13.269365766397026 377.70998710693425 -31.666666666666664
    endloop
  endfacet
  facet normal 0 0 1
    outer loop
      vertex 13.269365766397026 371.29001289306586 -31.666666666666664
      vertex 13.438060272157905 371.26780384005315 -31.666666666666664
      vertex 13.438060272157905 377.7321961599469 -31.666666666666664
    endloop
  endfacet
  facet normal 0 0 1
    outer loop
      vertex 13.438060272157905 371.26780384005315 -31.666666666666664
      vertex 13.60768591998821 371.2544540120477 -31.666666666666664
      vertex 13.60768591998821 377.7455459879524 -31.666666666666664
    endloop
  endfacet
  facet normal 0 0 1
    outer loop
      vertex 13.60768591998821 371.2544540120477 -31.666666666666664
      vertex 13.777777777777779 371.25000000000006 -31.666666666666664
      vertex 13.777777777777779 377.75000000000006 -31.666666666666664
    endloop
  endfacet
  facet normal 0 0 1
    outer loop
      vertex 12.455883687781427 371.53097726266157 -31.666666666666664
      vertex 12.613081941755553 377.53413638611596 -31.666666666666664
      vertex 12.455883687781427 377.4690227373385 -31.666666666666664
    endloop
  endfacet
  facet normal 0 0 1
    outer loop
      vertex 12.613081941755553 371.46586361388415 -31.666666666666664
      vertex 12.7734725460592 377.5909336779593 -31.666666666666664
      vertex 12.613081941755553 377.53413638611596 -31.666666666666664
    endloop
  endfacet
  facet normal 0 0 1
    outer loop
      vertex 12.7734725460592 371.4090663220408 -31.666666666666664
      vertex 12.936615881194584 377.6392589354395 -31.666666666666664
      vertex 12.7734725460592 377.5909336779593 -31.666666666666664
    endloop
  endfacet
  facet normal 0 0 1
    outer loop
      vertex 12.936615881194584 371.36074106456056 -31.666666666666664
      vertex 13.102064782620062 377.67897970238494 -31.666666666666664
      vertex 12.936615881194584 377.6392589354395 -31.666666666666664
    endloop
  endfacet
  facet normal 0 0 1
    outer loop
      vertex 13.102064782620062 371.3210202976152 -31.666666666666664
      vertex 13.269365766397026 377.70998710693425 -31.666666666666664
      vertex 13.102064782620062 377.67897970238494 -31.666666666666664
    endloop
  endfacet
  facet normal 0 0 1
    outer loop
      vertex 13.269365766397026 371.29001289306586 -31.666666666666664
      vertex 13.438060272157905 377.7321961599469 -31.666666666666664
      vertex 13.269365766397026 377.70998710693425 -31.666666666666664
    endloop
  endfacet
  facet normal 0 0 1
    outer loop
      vertex 13.438060272157905 371.26780384005315 -31.666666666666664
      vertex 13.60768591998821 377.7455459879524 -31.666666666666664
      vertex 13.438060272157905 377.7321961599469 -31.666666666666664
    endloop
  endfacet
  facet normal 0 0 1
    outer loop
      vertex 13.60768591998821 371.2544540120477 -31.666666666666664
      vertex 13.777777777777779 377.75000000000006 -31.666666666666664
      vertex 13.60768591998821 377.7455459879524 -31.666666666666664
    endloop
  endfacet
  facet normal 0.902585284349887 0.43051109680823973 0
    outer loop
      vertex 10.808755040439326 395.4003281322259 -56.666666666666664
      vertex 10.808755040439326 395.4003281322259 33.333333333333336
      vertex 10.882006574165583 395.2467530980687 -56.666666666666664
    endloop
  endfacet
  facet normal 0.8788171126619155 0.47715876025970005 0
    outer loop
      vertex 10.882006574165583 395.2467530980687 -56.666666666666664
      vertex 10.882006574165583 395.2467530980687 33.333333333333336
      vertex 10.963195215478354 395.0972222222223 -56.666666666666664
    endloop
  endfacet
  facet normal 0.8526401643541416 0.5224985647158682 0
    outer loop
      vertex 10.963195215478354 395.0972222222223 -56.666666666666664
      vertex 10.963195215478354 395.0972222222223 33.333333333333336
      vertex 11.052098431955148 394.9521453584234 -56.666666666666664
    endloop
  endfacet
  facet normal 0.8241261886219778 0.5664062369248877 0
    outer loop
      vertex 11.052098431955148 394.9521453584234 -56.666666666666664
      vertex 11.052098431955148 394.9521453584234 33.333333333333336
      vertex 11.1484725460592 394.81192015227174 -56.666666666666664
    endloop
  endfacet
  facet normal 0.9238795325112742 -0.3826834323651202 0
    outer loop
      vertex 10.743641391661871 397.8869180582445 -56.666666666666664
      vertex 10.808755040439326 398.0441163122186 -56.666666666666664
      vertex 10.808755040439326 398.0441163122186 33.333333333333336
    endloop
  endfacet
  facet normal 0.902585284349887 -0.43051109680823973 0
    outer loop
      vertex 10.808755040439326 398.0441163122186 -56.666666666666664
      vertex 10.882006574165583 398.1976913463758 -56.666666666666664
      vertex 10.882006574165583 398.1976913463758 33.333333333333336
    endloop
  endfacet
  facet normal 0.8788171126619916 -0.47715876025955994 0
    outer loop
      vertex 10.882006574165583 398.1976913463758 -56.666666666666664
      vertex 10.963195215478354 398.3472222222223 -56.666666666666664
      vertex 10.963195215478354 398.3472222222223 33.333333333333336
    endloop
  endfacet
  facet normal 0.8526401643540504 -0.5224985647160171 0
    outer loop
      vertex 10.963195215478354 398.3472222222223 -56.666666666666664
      vertex 11.052098431955148 398.4922990860211 -56.666666666666664
      vertex 11.052098431955148 398.4922990860211 33.333333333333336
    endloop
  endfacet
  facet normal 0.8241261886219778 -0.5664062369248877 0
    outer loop
      vertex 11.052098431955148 398.4922990860211 -56.666666666666664
      vertex 11.1484725460592 398.6325242921728 -56.666666666666664
      vertex 11.1484725460592 398.6325242921728 33.333333333333336
    endloop
  endfacet
  facet normal 0.7604059656000639 0.649448048330145 0
    outer loop
      vertex 11.252053403042623 394.6769309513103 -56.666666666666664
      vertex 11.252053403042623 394.6769309513103 33.333333333333336
      vertex 11.362557094976246 394.54754775155595 -56.666666666666664
    endloop
  endfacet
  facet normal 0.7933533402912837 0.6087614290086573 0
    outer loop
      vertex 11.1484725460592 394.81192015227174 -56.666666666666664
      vertex 11.1484725460592 394.81192015227174 33.333333333333336
      vertex 11.252053403042623 394.6769309513103 -56.666666666666664
    endloop
  endfacet
  facet normal 0.7253743710122981 0.688354575693743 0
    outer loop
      vertex 11.362557094976246 394.54754775155595 -56.666666666666664
      vertex 11.362557094976246 394.54754775155595 33.333333333333336
      vertex 11.479680738921498 394.42412518336596 -56.666666666666664
    endloop
  endfacet
  facet normal 0.7933533402912837 -0.6087614290086573 0
    outer loop
      vertex 11.1484725460592 398.6325242921728 -56.666666666666664
      vertex 11.252053403042623 398.76751349313423 -56.666666666666664
      vertex 11.252053403042623 398.76751349313423 33.333333333333336
    endloop
  endfacet
  facet normal 0.7604059656000639 -0.649448048330145 0
    outer loop
      vertex 11.252053403042623 398.76751349313423 -56.666666666666664
      vertex 11.362557094976246 398.89689669288856 -56.666666666666664
      vertex 11.362557094976246 398.89689669288856 33.333333333333336
    endloop
  endfacet
  facet normal 0.7253743710122981 -0.688354575693743 0
    outer loop
      vertex 11.362557094976246 398.89689669288856 -56.666666666666664
      vertex 11.479680738921498 399.02031926107855 -56.666666666666664
      vertex 11.479680738921498 399.02031926107855 33.333333333333336
    endloop
  endfacet
  facet normal 0.6883545756937864 -0.725374371012257 0
    outer loop
      vertex 11.479680738921498 399.02031926107855 -56.666666666666664
      vertex 11.603103307111489 399.1374429050238 -56.666666666666664
      vertex 11.479680738921498 399.02031926107855 33.333333333333336
    endloop
  endfacet
  facet normal 0.6883545756936106 0.7253743710124237 0
    outer loop
      vertex 11.479680738921498 394.42412518336596 -56.666666666666664
      vertex 11.603103307111489 394.30700153942075 33.333333333333336
      vertex 11.603103307111489 394.30700153942075 -56.666666666666664
    endloop
  endfacet
  facet normal 0.649448048330345 0.760405965599893 0
    outer loop
      vertex 11.603103307111489 394.30700153942075 -56.666666666666664
      vertex 11.732486506865808 394.1964978474871 33.333333333333336
      vertex 11.732486506865808 394.1964978474871 -56.666666666666664
    endloop
  endfacet
  facet normal 0.608761429008636 0.7933533402913002 0
    outer loop
      vertex 11.732486506865808 394.1964978474871 -56.666666666666664
      vertex 11.86747570782724 394.0929169905037 33.333333333333336
      vertex 11.86747570782724 394.0929169905037 -56.666666666666664
    endloop
  endfacet
  facet normal 0.5664062369247823 0.8241261886220504 0
    outer loop
      vertex 11.86747570782724 394.0929169905037 -56.666666666666664
      vertex 12.00770091397894 393.99654287639964 33.333333333333336
      vertex 12.00770091397894 393.99654287639964 -56.666666666666664
    endloop
  endfacet
  facet normal 0.5224985647159941 0.8526401643540645 0
    outer loop
      vertex 12.00770091397894 393.99654287639964 -56.666666666666664
      vertex 12.152777777777779 393.90763965992284 33.333333333333336
      vertex 12.152777777777779 393.90763965992284 -56.666666666666664
    endloop
  endfacet
  facet normal 0.47715876025970927 0.8788171126619106 0
    outer loop
      vertex 12.152777777777779 393.90763965992284 -56.666666666666664
      vertex 12.302308653624252 393.82645101861004 33.333333333333336
      vertex 12.302308653624252 393.82645101861004 -56.666666666666664
    endloop
  endfacet
  facet normal 0.4305110968082625 0.9025852843498762 0
    outer loop
      vertex 12.302308653624252 393.82645101861004 -56.666666666666664
      vertex 12.455883687781427 393.7531994848838 33.333333333333336
      vertex 12.455883687781427 393.7531994848838 -56.666666666666664
    endloop
  endfacet
  facet normal 0.38268343236516933 0.9238795325112538 0
    outer loop
      vertex 12.455883687781427 393.7531994848838 -56.666666666666664
      vertex 12.613081941755553 393.6880858361063 33.333333333333336
      vertex 12.613081941755553 393.6880858361063 -56.666666666666664
    endloop
  endfacet
  facet normal 0.33380685923374465 0.9426414910921876 0
    outer loop
      vertex 12.613081941755553 393.6880858361063 -56.666666666666664
      vertex 12.7734725460592 393.631288544263 33.333333333333336
      vertex 12.7734725460592 393.631288544263 -56.666666666666664
    endloop
  endfacet
  facet normal 0.2840153447038081 0.958819734868227 0
    outer loop
      vertex 12.7734725460592 393.631288544263 -56.666666666666664
      vertex 12.936615881194584 393.5829632867828 33.333333333333336
      vertex 12.936615881194584 393.5829632867828 -56.666666666666664
    endloop
  endfacet
  facet normal 0.23344536385580547 0.9723699203977006 0
    outer loop
      vertex 12.936615881194584 393.5829632867828 -56.666666666666664
      vertex 13.102064782620062 393.5432425198374 33.333333333333336
      vertex 13.102064782620062 393.5432425198374 -56.666666666666664
    endloop
  endfacet
  facet normal 0.1822355254923855 0.9832549075639104 0
    outer loop
      vertex 13.102064782620062 393.5432425198374 -56.666666666666664
      vertex 13.269365766397026 393.51223511528804 33.333333333333336
      vertex 13.269365766397026 393.51223511528804 -56.666666666666664
    endloop
  endfacet
  facet normal 0.13052619221986822 0.9914448613738346 0
    outer loop
      vertex 13.269365766397026 393.51223511528804 -56.666666666666664
      vertex 13.438060272157905 393.4900260622754 33.333333333333336
      vertex 13.438060272157905 393.4900260622754 -56.666666666666664
    endloop
  endfacet
  facet normal 0.07845909572774538 0.9969173337331358 0
    outer loop
      vertex 13.438060272157905 393.4900260622754 -56.666666666666664
      vertex 13.60768591998821 393.4766762342699 33.333333333333336
      vertex 13.60768591998821 393.4766762342699 -56.666666666666664
    endloop
  endfacet
  facet normal 0.026176948307851763 0.9996573249755578 0
    outer loop
      vertex 13.60768591998821 393.4766762342699 -56.666666666666664
      vertex 13.777777777777779 393.4722222222223 33.333333333333336
      vertex 13.777777777777779 393.4722222222223 -56.666666666666664
    endloop
  endfacet
  facet normal 0 0 1
    outer loop
      vertex 1.7777777777777777 405.83333333333337 -50.666666666666664
      vertex 11.777777777777779 405.83333333333337 -50.666666666666664
      vertex 11.777777777777779 409.83333333333337 -50.666666666666664
    endloop
  endfacet
  facet normal 0 0 -1
    outer loop
      vertex 1.7777777777777777 379.11111111111114 -63.55555555555555
      vertex 1.7777777777777777 513.5555555555557 -63.55555555555555
      vertex 25.77777777777778 379.11111111111114 -63.55555555555555
    endloop
  endfacet
  facet normal 0 0 1
    outer loop
      vertex 1.7777777777777777 405.83333333333337 -50.666666666666664
      vertex 11.777777777777779 409.83333333333337 -50.666666666666664
      vertex 25.77777777777778 486.83333333333337 -50.666666666666664
    endloop
  endfacet
  facet normal 0 1 0
    outer loop
      vertex 1.7777777777777777 405.83333333333337 -50.666666666666664
      vertex 11.777777777777779 405.83333333333337 33.333333333333336
      vertex 11.777777777777779 405.83333333333337 -50.666666666666664
    endloop
  endfacet
  facet normal 0.6494480483301519 -0.7604059656000581 0
    outer loop
      vertex 11.603103307111489 399.1374429050238 -56.666666666666664
      vertex 11.732486506865808 399.24794659695743 -56.666666666666664
      vertex 11.603103307111489 399.1374429050238 33.333333333333336
    endloop
  endfacet
  facet normal 0.608761429008636 -0.7933533402913002 0
    outer loop
      vertex 11.732486506865808 399.24794659695743 -56.666666666666664
      vertex 11.86747570782724 399.35152745394083 -56.666666666666664
      vertex 11.732486506865808 399.24794659695743 33.333333333333336
    endloop
  endfacet
  facet normal 0.5664062369247823 -0.8241261886220504 0
    outer loop
      vertex 11.86747570782724 399.35152745394083 -56.666666666666664
      vertex 12.00770091397894 399.44790156804487 -56.666666666666664
      vertex 11.86747570782724 399.35152745394083 33.333333333333336
    endloop
  endfacet
  facet normal 0.5224985647159941 -0.8526401643540645 0
    outer loop
      vertex 12.00770091397894 399.44790156804487 -56.666666666666664
      vertex 12.152777777777779 399.5368047845217 -56.666666666666664
      vertex 12.00770091397894 399.44790156804487 33.333333333333336
    endloop
  endfacet
  facet normal 0.47715876025970927 -0.8788171126619106 0
    outer loop
      vertex 12.152777777777779 399.5368047845217 -56.666666666666664
      vertex 12.302308653624252 399.61799342583447 -56.666666666666664
      vertex 12.152777777777779 399.5368047845217 33.333333333333336
    endloop
  endfacet
  facet normal -1 0 0
    outer loop
      vertex 11.777777777777779 409.83333333333337 33.333333333333336
      vertex 11.777777777777779 409.83333333333337 -50.666666666666664
      vertex 11.777777777777779 405.83333333333337 -50.666666666666664
    endloop
  endfacet
  facet normal 0.4305110968082625 -0.9025852843498762 0
    outer loop
      vertex 12.302308653624252 399.61799342583447 -56.666666666666664
      vertex 12.455883687781427 399.6912449595607 -56.666666666666664
      vertex 12.302308653624252 399.61799342583447 33.333333333333336
    endloop
  endfacet
  facet normal 0.38268343236488417 -0.9238795325113719 0
    outer loop
      vertex 12.455883687781427 399.6912449595607 -56.666666666666664
      vertex 12.613081941755553 399.75635860833813 -56.666666666666664
      vertex 12.455883687781427 399.6912449595607 33.333333333333336
    endloop
  endfacet
  facet normal 0.33380685923404146 -0.9426414910920825 0
    outer loop
      vertex 12.613081941755553 399.75635860833813 -56.666666666666664
      vertex 12.7734725460592 399.8131559001815 -56.666666666666664
      vertex 12.613081941755553 399.75635860833813 33.333333333333336
    endloop
  endfacet
  facet normal 0.2840153447038081 -0.958819734868227 0
    outer loop
      vertex 12.7734725460592 399.8131559001815 -56.666666666666664
      vertex 12.936615881194584 399.86148115766173 -56.666666666666664
      vertex 12.7734725460592 399.8131559001815 33.333333333333336
    endloop
  endfacet
  facet normal 0.23344536385580547 -0.9723699203977006 0
    outer loop
      vertex 12.936615881194584 399.86148115766173 -56.666666666666664
      vertex 13.102064782620062 399.9012019246071 -56.666666666666664
      vertex 12.936615881194584 399.86148115766173 33.333333333333336
    endloop
  endfacet
  facet normal 0.1822355254923855 -0.9832549075639104 0
    outer loop
      vertex 13.102064782620062 399.9012019246071 -56.666666666666664
      vertex 13.269365766397026 399.9322093291565 -56.666666666666664
      vertex 13.102064782620062 399.9012019246071 33.333333333333336
    endloop
  endfacet
  facet normal 0.13052619221986822 -0.9914448613738346 0
    outer loop
      vertex 13.269365766397026 399.9322093291565 -56.666666666666664
      vertex 13.438060272157905 399.95441838216914 -56.666666666666664
      vertex 13.269365766397026 399.9322093291565 33.333333333333336
    endloop
  endfacet
  facet normal 0.07845909572774538 -0.9969173337331358 0
    outer loop
      vertex 13.438060272157905 399.95441838216914 -56.666666666666664
      vertex 13.60768591998821 399.9677682101746 -56.666666666666664
      vertex 13.438060272157905 399.95441838216914 33.333333333333336
    endloop
  endfacet
  facet normal 0.02617694830818561 -0.9996573249755492 0
    outer loop
      vertex 13.60768591998821 399.9677682101746 -56.666666666666664
      vertex 13.777777777777779 399.9722222222223 -56.666666666666664
      vertex 13.60768591998821 399.9677682101746 33.333333333333336
    endloop
  endfacet
  facet normal 0 1 0
    outer loop
      vertex 11.777777777777779 409.83333333333337 33.333333333333336
      vertex 15.777777777777779 409.83333333333337 -50.666666666666664
      vertex 11.777777777777779 409.83333333333337 -50.666666666666664
    endloop
  endfacet
  facet normal -0.9910008755265419 -0.1304677403743581 -0.029923793663843613
    outer loop
      vertex 1.805168300936411 378.5884687947729 -63.55555555555555
      vertex 1.8393360748020884 356.10671656368777 33.333333333333336
      vertex 1.805168300936411 356.36624657255066 33.333333333333336
    endloop
  endfacet
  facet normal -0.9823971577038098 -0.18207655095229583 -0.04176067682392107
    outer loop
      vertex 1.8393360748020884 378.32893878591 -63.55555555555555
      vertex 1.8870397741087492 355.84933043480015 33.333333333333336
      vertex 1.8393360748020884 356.10671656368777 33.333333333333336
    endloop
  endfacet
  facet normal -0.970979114587671 -0.2331114609229011 -0.05346593140433513
    outer loop
      vertex 1.8870397741087492 378.0715526570224 -63.55555555555555
      vertex 1.9481486463324371 355.5947936633763 33.333333333333336
      vertex 1.8870397741087492 355.84933043480015 33.333333333333336
    endloop
  endfacet
  facet normal -0.9567918741294341 -0.28341466498715384 -0.06500336352916375
    outer loop
      vertex 1.9481486463324371 377.81701588559855 -63.55555555555555
      vertex 2.0224951963020095 355.34380391701416 33.333333333333336
      vertex 1.9481486463324371 355.5947936633763 33.333333333333336
    endloop
  endfacet
  facet normal -0.9398908751899503 -0.3328328150569211 -0.07633780161855991
    outer loop
      vertex 2.0224951963020095 377.5660261392364 -63.55555555555555
      vertex 2.109875645291768 355.0970491411624 33.333333333333336
      vertex 2.0224951963020095 355.34380391701416 33.333333333333336
    endloop
  endfacet
  facet normal -0.920341260527503 -0.38121783212208593 -0.08743528259680874
    outer loop
      vertex 2.109875645291768 377.31927136338464 -63.55555555555555
      vertex 2.2100504895647743 354.85520567350994 33.333333333333336
      vertex 2.109875645291768 355.0970491411624 33.333333333333336
    endloop
  endfacet
  facet normal -0.8982171864314458 -0.4284276209767743 -0.09826321582036109
    outer loop
      vertex 2.2100504895647743 377.07742789573217 -63.55555555555555
      vertex 2.3227451568359383 354.6189363901912 33.333333333333336
      vertex 2.2100504895647743 354.85520567350994 33.333333333333336
    endloop
  endfacet
  facet normal -0.8736010669808145 -0.4743266785273951 -0.10879052259802643
    outer loop
      vertex 2.3227451568359383 376.84115861241344 -63.55555555555555
      vertex 2.447650758855585 354.3888888888889 33.333333333333336
      vertex 2.3227451568359383 354.6189363901912 33.333333333333336
    endloop
  endfacet
  facet normal -0.8465827718476981 -0.5187865898139251 -0.11898774995732232
    outer loop
      vertex 2.447650758855585 376.61111111111114 -63.55555555555555
      vertex 2.584424938050657 354.16569371381377 33.333333333333336
      vertex 2.447650758855585 354.3888888888889 33.333333333333336
    endloop
  endfacet
  facet normal -0.8172587968036559 -0.5616864092928424 -0.12882715809468867
    outer loop
      vertex 2.584424938050657 376.387915936036 -63.55555555555555
      vertex 2.7326928059030413 353.94996262742654 33.333333333333336
      vertex 2.584424938050657 354.16569371381377 33.333333333333336
    endloop
  endfacet
  facet normal -0.7857314256639751 -0.6029129282153082 -0.13828278170075878
    outer loop
      vertex 2.7326928059030413 376.1721848496488 -63.55555555555555
      vertex 2.892047970492924 353.7422869336398 33.333333333333336
      vertex 2.7326928059030413 353.94996262742654 33.333333333333336
    endloop
  endfacet
  facet normal -0.7521079013910973 -0.6423608319625457 -0.14733046604645508
    outer loop
      vertex 2.892047970492924 375.96450915586195 -63.55555555555555
      vertex 3.0620536503908076 353.54323585709466 33.333333333333336
      vertex 2.892047970492924 353.7422869336398 33.333333333333336
    endloop
  endfacet
  facet normal -0.7164996225648445 -0.679932753878592 -0.15594787932995233
    outer loop
      vertex 3.0620536503908076 375.7654580793169 -63.55555555555555
      vertex 3.24224387184504 353.3533549829562 33.333333333333336
      vertex 3.0620536503908076 353.54323585709466 33.333333333333336
    endloop
  endfacet
  facet normal -0.9967559583418805 -0.07844639520911072 -0.017992292479153838
    outer loop
      vertex 1.7846301040049086 378.84943132989645 -63.55555555555555
      vertex 1.805168300936411 356.36624657255066 33.333333333333336
      vertex 1.7846301040049086 356.6272091076742 33.333333333333336
    endloop
  endfacet
  facet normal -0.999639308307867 -0.026176476524829267 -0.006003779019456255
    outer loop
      vertex 1.7777777777777777 379.11111111111114 -63.55555555555555
      vertex 1.7846301040049086 356.6272091076742 33.333333333333336
      vertex 1.7777777777777777 356.8888888888889 33.333333333333336
    endloop
  endfacet
  facet normal -0.6790213795290012 -0.7155392343883726 -0.1641145033000855
    outer loop
      vertex 3.24224387184504 375.57557720517843 -63.55555555555555
      vertex 3.4321247459834856 353.17316476150194 33.333333333333336
      vertex 3.24224387184504 353.3533549829562 33.333333333333336
    endloop
  endfacet
  facet normal -0.6397906423384727 -0.74909859598487 -0.17181160458368583
    outer loop
      vertex 3.4321247459834856 375.39538698372417 -63.55555555555555
      vertex 3.631175822528591 353.00315908160405 33.333333333333336
      vertex 3.4321247459834856 353.17316476150194 33.333333333333336
    endloop
  endfacet
  facet normal -0.5989269102938165 -0.7805367459722046 -0.17902218944316625
    outer loop
      vertex 3.631175822528591 375.2253813038263 -63.55555555555555
      vertex 3.838851516315411 352.84380391701416 33.333333333333336
      vertex 3.631175822528591 353.00315908160405 33.333333333333336
    endloop
  endfacet
  facet normal -0.5565511304363823 -0.8097869197028019 -0.1857309448859638
    outer loop
      vertex 3.838851516315411 375.0660261392364 -63.55555555555555
      vertex 4.054582602702642 352.6955360491618 33.333333333333336
      vertex 3.838851516315411 352.84380391701416 33.333333333333336
    endloop
  endfacet
  facet normal -0.5127851900071415 -0.8367893774478071 -0.19192416913940535
    outer loop
      vertex 4.054582602702642 374.917758271384 -63.55555555555555
      vertex 4.277777777777778 352.5587618699667 33.333333333333336
      vertex 4.054582602702642 352.6955360491618 33.333333333333336
    endloop
  endfacet
  facet normal -0.46775148559171037 -0.8614910680618525 -0.19758969450959926
    outer loop
      vertex 4.277777777777778 374.78098409218893 -63.55555555555555
      vertex 4.507825279080044 352.4338562679471 33.333333333333336
      vertex 4.277777777777778 352.5587618699667 33.333333333333336
    endloop
  endfacet
  facet normal -0.4215725695676219 -0.883845272278078 -0.20271680556836658
    outer loop
      vertex 4.507825279080044 374.6560784901693 -63.55555555555555
      vertex 4.744094562398776 352.3211616006759 33.333333333333336
      vertex 4.507825279080044 352.4338562679471 33.333333333333336
    endloop
  endfacet
  facet normal -1 0 0
    outer loop
      vertex 1.7777777777777777 405.83333333333337 -50.666666666666664
      vertex 1.7777777777777777 356.8888888888889 33.333333333333336
      vertex 1.7777777777777777 405.83333333333337 33.333333333333336
    endloop
  endfacet
  facet normal -0.374370872552963 -0.903811237874841 -0.20729615547588104
    outer loop
      vertex 4.744094562398776 374.54338382289814 -63.55555555555555
      vertex 4.985938030051277 352.2209867564029 33.333333333333336
      vertex 4.744094562398776 352.3211616006759 33.333333333333336
    endloop
  endfacet
  facet normal -0.32626849887406173 -0.9213538181363324 -0.21131968305879192
    outer loop
      vertex 4.985938030051277 374.44320897862514 -63.55555555555555
      vertex 5.232692805903041 352.1336063074132 33.333333333333336
      vertex 4.985938030051277 352.2209867564029 33.333333333333336
    endloop
  endfacet
  facet normal -0.27738709060972505 -0.9364431240550906 -0.21478053304015846
    outer loop
      vertex 5.483682552265175 374.2814819796658 -63.55555555555555
      vertex 5.483682552265175 352.05925975744356 33.333333333333336
      vertex 5.232692805903041 352.1336063074132 33.333333333333336
    endloop
  endfacet
  facet normal -0.2278477545478145 -0.9490541996340657 -0.21767298156744633
    outer loop
      vertex 5.483682552265175 374.2814819796658 -63.55555555555555
      vertex 5.738219323688981 351.9981508852199 33.333333333333336
      vertex 5.483682552265175 352.05925975744356 33.333333333333336
    endloop
  endfacet
  facet normal -0.1777710453882025 -0.9591667284882489 -0.21999236891932322
    outer loop
      vertex 5.738219323688981 374.22037310744213 -63.55555555555555
      vertex 5.995605452576624 351.9504471859132 33.333333333333336
      vertex 5.738219323688981 351.9981508852199 33.333333333333336
    endloop
  endfacet
  facet normal -0.1272769977030076 -0.9667647787588036 -0.22173504099972569
    outer loop
      vertex 5.995605452576624 374.17266940813545 -63.55555555555555
      vertex 6.255135461439511 351.9162794120476 33.333333333333336
      vertex 5.995605452576624 351.9504471859132 33.333333333333336
    endloop
  endfacet
  facet normal -0.07648519855658352 -0.9718365921464904 -0.22289830095102997
    outer loop
      vertex 6.255135461439511 374.1385016342698 -63.55555555555555
      vertex 6.516097996563058 351.89574121511606 33.333333333333336
      vertex 6.255135461439511 351.9162794120476 33.333333333333336
    endloop
  endfacet
  facet normal -0.025514892185297587 -0.974374421683843 -0.22348037194583562
    outer loop
      vertex 6.516097996563058 374.1179634373383 -63.55555555555555
      vertex 6.777777777777778 351.8888888888889 33.333333333333336
      vertex 6.516097996563058 351.89574121511606 33.333333333333336
    endloop
  endfacet
  facet normal 0 0 1
    outer loop
      vertex 1.8870397741087492 355.84933043480015 33.333333333333336
      vertex 1.9481486463324371 355.5947936633763 33.333333333333336
      vertex 1.7777777777777777 405.83333333333337 33.333333333333336
    endloop
  endfacet
  facet normal 0 0 1
    outer loop
      vertex 1.9481486463324371 355.5947936633763 33.333333333333336
      vertex 2.0224951963020095 355.34380391701416 33.333333333333336
      vertex 1.7777777777777777 405.83333333333337 33.333333333333336
    endloop
  endfacet
  facet normal 0 0 1
    outer loop
      vertex 2.0224951963020095 355.34380391701416 33.333333333333336
      vertex 2.109875645291768 355.0970491411624 33.333333333333336
      vertex 1.7777777777777777 405.83333333333337 33.333333333333336
    endloop
  endfacet
  facet normal 0 0 1
    outer loop
      vertex 2.109875645291768 355.0970491411624 33.333333333333336
      vertex 2.2100504895647743 354.85520567350994 33.333333333333336
      vertex 1.7777777777777777 405.83333333333337 33.333333333333336
    endloop
  endfacet
  facet normal 0 0 1
    outer loop
      vertex 2.3227451568359383 354.6189363901912 33.333333333333336
      vertex 1.7777777777777777 405.83333333333337 33.333333333333336
      vertex 2.2100504895647743 354.85520567350994 33.333333333333336
    endloop
  endfacet
  facet normal 0 0 1
    outer loop
      vertex 1.8393360748020884 356.10671656368777 33.333333333333336
      vertex 1.7777777777777777 405.83333333333337 33.333333333333336
      vertex 1.805168300936411 356.36624657255066 33.333333333333336
    endloop
  endfacet
  facet normal 0 0 1
    outer loop
      vertex 1.7846301040049086 356.6272091076742 33.333333333333336
      vertex 1.805168300936411 356.36624657255066 33.333333333333336
      vertex 1.7777777777777777 405.83333333333337 33.333333333333336
    endloop
  endfacet
  facet normal 0 0 1
    outer loop
      vertex 1.7846301040049086 356.6272091076742 33.333333333333336
      vertex 1.7777777777777777 405.83333333333337 33.333333333333336
      vertex 1.7777777777777777 356.8888888888889 33.333333333333336
    endloop
  endfacet
  facet normal 0 0 1
    outer loop
      vertex 1.8393360748020884 356.10671656368777 33.333333333333336
      vertex 1.8870397741087492 355.84933043480015 33.333333333333336
      vertex 1.7777777777777777 405.83333333333337 33.333333333333336
    endloop
  endfacet
  facet normal 0 0 1
    outer loop
      vertex 2.3227451568359383 354.6189363901912 33.333333333333336
      vertex 2.447650758855585 354.3888888888889 33.333333333333336
      vertex 1.7777777777777777 405.83333333333337 33.333333333333336
    endloop
  endfacet
  facet normal 0 0 1
    outer loop
      vertex 2.447650758855585 354.3888888888889 33.333333333333336
      vertex 2.584424938050657 354.16569371381377 33.333333333333336
      vertex 1.7777777777777777 405.83333333333337 33.333333333333336
    endloop
  endfacet
  facet normal 0 0 1
    outer loop
      vertex 2.584424938050657 354.16569371381377 33.333333333333336
      vertex 2.7326928059030413 353.94996262742654 33.333333333333336
      vertex 1.7777777777777777 405.83333333333337 33.333333333333336
    endloop
  endfacet
  facet normal 0 0 1
    outer loop
      vertex 2.7326928059030413 353.94996262742654 33.333333333333336
      vertex 2.892047970492924 353.7422869336398 33.333333333333336
      vertex 1.7777777777777777 405.83333333333337 33.333333333333336
    endloop
  endfacet
  facet normal 0 0 1
    outer loop
      vertex 2.892047970492924 353.7422869336398 33.333333333333336
      vertex 3.0620536503908076 353.54323585709466 33.333333333333336
      vertex 1.7777777777777777 405.83333333333337 33.333333333333336
    endloop
  endfacet
  facet normal 0 0 1
    outer loop
      vertex 3.0620536503908076 353.54323585709466 33.333333333333336
      vertex 3.24224387184504 353.3533549829562 33.333333333333336
      vertex 1.7777777777777777 405.83333333333337 33.333333333333336
    endloop
  endfacet
  facet normal 0 0 1
    outer loop
      vertex 3.24224387184504 353.3533549829562 33.333333333333336
      vertex 3.4321247459834856 353.17316476150194 33.333333333333336
      vertex 1.7777777777777777 405.83333333333337 33.333333333333336
    endloop
  endfacet
  facet normal 0 0 1
    outer loop
      vertex 3.4321247459834856 353.17316476150194 33.333333333333336
      vertex 3.631175822528591 353.00315908160405 33.333333333333336
      vertex 1.7777777777777777 405.83333333333337 33.333333333333336
    endloop
  endfacet
  facet normal 0 0 1
    outer loop
      vertex 3.631175822528591 353.00315908160405 33.333333333333336
      vertex 3.838851516315411 352.84380391701416 33.333333333333336
      vertex 1.7777777777777777 405.83333333333337 33.333333333333336
    endloop
  endfacet
  facet normal 0 0 1
    outer loop
      vertex 3.838851516315411 352.84380391701416 33.333333333333336
      vertex 4.054582602702642 352.6955360491618 33.333333333333336
      vertex 1.7777777777777777 405.83333333333337 33.333333333333336
    endloop
  endfacet
  facet normal 0 0 1
    outer loop
      vertex 4.054582602702642 352.6955360491618 33.333333333333336
      vertex 4.277777777777778 352.5587618699667 33.333333333333336
      vertex 1.7777777777777777 405.83333333333337 33.333333333333336
    endloop
  endfacet
  facet normal 0 0 1
    outer loop
      vertex 4.277777777777778 352.5587618699667 33.333333333333336
      vertex 4.507825279080044 352.4338562679471 33.333333333333336
      vertex 1.7777777777777777 405.83333333333337 33.333333333333336
    endloop
  endfacet
  facet normal 0 0 1
    outer loop
      vertex 4.507825279080044 352.4338562679471 33.333333333333336
      vertex 4.744094562398776 352.3211616006759 33.333333333333336
      vertex 1.7777777777777777 405.83333333333337 33.333333333333336
    endloop
  endfacet
  facet normal 0 0 1
    outer loop
      vertex 4.744094562398776 352.3211616006759 33.333333333333336
      vertex 4.985938030051277 352.2209867564029 33.333333333333336
      vertex 1.7777777777777777 405.83333333333337 33.333333333333336
    endloop
  endfacet
  facet normal 0 0 1
    outer loop
      vertex 4.985938030051277 352.2209867564029 33.333333333333336
      vertex 5.232692805903041 352.1336063074132 33.333333333333336
      vertex 1.7777777777777777 405.83333333333337 33.333333333333336
    endloop
  endfacet
  facet normal 0 0 1
    outer loop
      vertex 5.232692805903041 352.1336063074132 33.333333333333336
      vertex 5.483682552265175 352.05925975744356 33.333333333333336
      vertex 5.738219323688981 351.9981508852199 33.333333333333336
    endloop
  endfacet
  facet normal 0 0 1
    outer loop
      vertex 5.232692805903041 352.1336063074132 33.333333333333336
      vertex 5.738219323688981 351.9981508852199 33.333333333333336
      vertex 5.995605452576624 351.9504471859132 33.333333333333336
    endloop
  endfacet
  facet normal 0 0 1
    outer loop
      vertex 5.232692805903041 352.1336063074132 33.333333333333336
      vertex 5.995605452576624 351.9504471859132 33.333333333333336
      vertex 6.255135461439511 351.9162794120476 33.333333333333336
    endloop
  endfacet
  facet normal 0 0 1
    outer loop
      vertex 5.232692805903041 352.1336063074132 33.333333333333336
      vertex 6.255135461439511 351.9162794120476 33.333333333333336
      vertex 6.516097996563058 351.89574121511606 33.333333333333336
    endloop
  endfacet
  facet normal 0 0 1
    outer loop
      vertex 5.232692805903041 352.1336063074132 33.333333333333336
      vertex 6.516097996563058 351.89574121511606 33.333333333333336
      vertex 6.777777777777778 351.8888888888889 33.333333333333336
    endloop
  endfacet
  facet normal 0 0 1
    outer loop
      vertex 5.232692805903041 352.1336063074132 33.333333333333336
      vertex 10.567790670843578 373.9915879886193 33.333333333333336
      vertex 1.7777777777777777 405.83333333333337 33.333333333333336
    endloop
  endfacet
  facet normal 0 0 1
    outer loop
      vertex 1.7777777777777777 405.83333333333337 33.333333333333336
      vertex 10.567790670843578 373.9915879886193 33.333333333333336
      vertex 10.54558161783089 374.16028249438017 33.333333333333336
    endloop
  endfacet
  facet normal 0 0 1
    outer loop
      vertex 1.7777777777777777 405.83333333333337 33.333333333333336
      vertex 10.532231789825413 374.32990814221046 33.333333333333336
      vertex 10.527777777777779 374.50000000000006 33.333333333333336
    endloop
  endfacet
  facet normal 0 0 1
    outer loop
      vertex 1.7777777777777777 405.83333333333337 33.333333333333336
      vertex 10.54558161783089 374.16028249438017 33.333333333333336
      vertex 10.532231789825413 374.32990814221046 33.333333333333336
    endloop
  endfacet
  facet normal 0 0 1
    outer loop
      vertex 1.7777777777777777 405.83333333333337 33.333333333333336
      vertex 10.527777777777779 374.50000000000006 33.333333333333336
      vertex 10.532231789825413 396.5521303644327 33.333333333333336
    endloop
  endfacet
  facet normal 0 1 0
    outer loop
      vertex 1.7777777777777777 405.83333333333337 -50.666666666666664
      vertex 1.7777777777777777 405.83333333333337 33.333333333333336
      vertex 11.777777777777779 405.83333333333337 33.333333333333336
    endloop
  endfacet
  facet normal 0 0 1
    outer loop
      vertex 1.7777777777777777 405.83333333333337 33.333333333333336
      vertex 10.527777777777779 396.7222222222223 33.333333333333336
      vertex 10.532231789825413 396.89231408001183 33.333333333333336
    endloop
  endfacet
  facet normal 0 0 1
    outer loop
      vertex 1.7777777777777777 405.83333333333337 33.333333333333336
      vertex 10.532231789825413 396.5521303644327 33.333333333333336
      vertex 10.527777777777779 396.7222222222223 33.333333333333336
    endloop
  endfacet
  facet normal 0 0 1
    outer loop
      vertex 1.7777777777777777 405.83333333333337 33.333333333333336
      vertex 10.532231789825413 396.89231408001183 33.333333333333336
      vertex 10.54558161783089 397.0619397278421 33.333333333333336
    endloop
  endfacet
  facet normal 0 0 1
    outer loop
      vertex 1.7777777777777777 405.83333333333337 33.333333333333336
      vertex 10.54558161783089 397.0619397278421 33.333333333333336
      vertex 10.567790670843578 397.230634233603 33.333333333333336
    endloop
  endfacet
  facet normal 0 0 1
    outer loop
      vertex 1.7777777777777777 405.83333333333337 33.333333333333336
      vertex 10.567790670843578 397.230634233603 33.333333333333336
      vertex 10.59879807539291 397.39793521738 33.333333333333336
    endloop
  endfacet
  facet normal 0 0 1
    outer loop
      vertex 1.7777777777777777 405.83333333333337 33.333333333333336
      vertex 10.59879807539291 397.39793521738 33.333333333333336
      vertex 10.638518842338307 397.56338411880546 33.333333333333336
    endloop
  endfacet
  facet normal 0 0 1
    outer loop
      vertex 1.7777777777777777 405.83333333333337 33.333333333333336
      vertex 10.638518842338307 397.56338411880546 33.333333333333336
      vertex 10.68684409981853 397.72652745394083 33.333333333333336
    endloop
  endfacet
  facet normal 0 0 1
    outer loop
      vertex 1.7777777777777777 405.83333333333337 33.333333333333336
      vertex 10.68684409981853 397.72652745394083 33.333333333333336
      vertex 10.743641391661871 397.8869180582445 33.333333333333336
    endloop
  endfacet
  facet normal 0 0 1
    outer loop
      vertex 1.7777777777777777 405.83333333333337 33.333333333333336
      vertex 10.743641391661871 397.8869180582445 33.333333333333336
      vertex 10.808755040439326 398.0441163122186 33.333333333333336
    endloop
  endfacet
  facet normal 0.9832549075639496 0.1822355254921747 0
    outer loop
      vertex 10.567790670843578 373.9915879886193 -31.666666666666664
      vertex 10.567790670843578 373.9915879886193 33.333333333333336
      vertex 10.59879807539291 373.82428700484235 -31.666666666666664
    endloop
  endfacet
  facet normal 0.996917333733127 0.07845909572785731 0
    outer loop
      vertex 10.532231789825413 374.32990814221046 -31.666666666666664
      vertex 10.532231789825413 374.32990814221046 33.333333333333336
      vertex 10.54558161783089 374.16028249438017 -31.666666666666664
    endloop
  endfacet
  facet normal 0.9996573249755575 0.026176948307867712 0
    outer loop
      vertex 10.532231789825413 374.32990814221046 -31.666666666666664
      vertex 10.527777777777779 374.50000000000006 -31.666666666666664
      vertex 10.527777777777779 374.50000000000006 33.333333333333336
    endloop
  endfacet
  facet normal 0.9996573249755571 -0.026176948307876452 0
    outer loop
      vertex 10.527777777777779 374.50000000000006 -31.666666666666664
      vertex 10.532231789825413 374.6700918577896 -31.666666666666664
      vertex 10.532231789825413 374.6700918577896 33.333333333333336
    endloop
  endfacet
  facet normal 0.9914448613738118 0.1305261922200405 0
    outer loop
      vertex 10.567790670843578 373.9915879886193 -31.666666666666664
      vertex 10.54558161783089 374.16028249438017 -31.666666666666664
      vertex 10.54558161783089 374.16028249438017 33.333333333333336
    endloop
  endfacet
  facet normal 0.996917333733127 -0.07845909572785731 0
    outer loop
      vertex 10.532231789825413 374.6700918577896 -31.666666666666664
      vertex 10.54558161783089 374.8397175056199 -31.666666666666664
      vertex 10.54558161783089 374.8397175056199 33.333333333333336
    endloop
  endfacet
  facet normal 0.9914448613738176 -0.13052619221999728 0
    outer loop
      vertex 10.54558161783089 374.8397175056199 -31.666666666666664
      vertex 10.567790670843578 375.0084120113808 -31.666666666666664
      vertex 10.567790670843578 375.0084120113808 33.333333333333336
    endloop
  endfacet
  facet normal 0.9832549075639496 -0.1822355254921747 0
    outer loop
      vertex 10.567790670843578 375.0084120113808 -31.666666666666664
      vertex 10.59879807539291 375.17571299515777 -31.666666666666664
      vertex 10.59879807539291 375.17571299515777 33.333333333333336
    endloop
  endfacet
  facet normal 0.9723699203976904 0.2334453638558473 0
    outer loop
      vertex 10.59879807539291 373.82428700484235 -31.666666666666664
      vertex 10.59879807539291 373.82428700484235 33.333333333333336
      vertex 10.638518842338307 373.6588381034168 -31.666666666666664
    endloop
  endfacet
  facet normal 0.9588197348681878 0.28401534470394035 0
    outer loop
      vertex 10.638518842338307 373.6588381034168 -31.666666666666664
      vertex 10.638518842338307 373.6588381034168 33.333333333333336
      vertex 10.68684409981853 373.49569476828145 -31.666666666666664
    endloop
  endfacet
  facet normal 0.9238795325112741 0.38268343236512015 0
    outer loop
      vertex 10.743641391661871 373.3353041639778 -31.666666666666664
      vertex 10.743641391661871 373.3353041639778 33.333333333333336
      vertex 10.808755040439326 373.1781059100037 -31.666666666666664
    endloop
  endfacet
  facet normal 0.9426414910921788 0.33380685923376974 0
    outer loop
      vertex 10.68684409981853 373.49569476828145 -31.666666666666664
      vertex 10.68684409981853 373.49569476828145 33.333333333333336
      vertex 10.743641391661871 373.3353041639778 -31.666666666666664
    endloop
  endfacet
  facet normal 0.9723699203976723 -0.23344536385592315 0
    outer loop
      vertex 10.59879807539291 375.17571299515777 -31.666666666666664
      vertex 10.638518842338307 375.34116189658323 -31.666666666666664
      vertex 10.638518842338307 375.34116189658323 33.333333333333336
    endloop
  endfacet
  facet normal 0.9588197348681878 -0.28401534470394035 0
    outer loop
      vertex 10.638518842338307 375.34116189658323 -31.666666666666664
      vertex 10.68684409981853 375.5043052317186 -31.666666666666664
      vertex 10.68684409981853 375.5043052317186 33.333333333333336
    endloop
  endfacet
  facet normal 0.9426414910921788 -0.33380685923376974 0
    outer loop
      vertex 10.68684409981853 375.5043052317186 -31.666666666666664
      vertex 10.743641391661871 375.66469583602225 -31.666666666666664
      vertex 10.743641391661871 375.66469583602225 33.333333333333336
    endloop
  endfacet
  facet normal 0.9832549075639607 0.18223552549211483 0
    outer loop
      vertex 10.59879807539291 396.0465092270645 -56.666666666666664
      vertex 10.567790670843578 396.21381021084153 33.333333333333336
      vertex 10.59879807539291 396.0465092270645 33.333333333333336
    endloop
  endfacet
  facet normal 0.9723699203976723 0.23344536385592315 0
    outer loop
      vertex 10.638518842338307 395.88106032563906 -56.666666666666664
      vertex 10.59879807539291 396.0465092270645 33.333333333333336
      vertex 10.638518842338307 395.88106032563906 33.333333333333336
    endloop
  endfacet
  facet normal 0.9588197348681878 0.28401534470394035 0
    outer loop
      vertex 10.68684409981853 395.7179169905037 -56.666666666666664
      vertex 10.638518842338307 395.88106032563906 33.333333333333336
      vertex 10.68684409981853 395.7179169905037 33.333333333333336
    endloop
  endfacet
  facet normal 0.9426414910921789 0.33380685923376974 0
    outer loop
      vertex 10.743641391661871 395.55752638620004 -56.666666666666664
      vertex 10.68684409981853 395.7179169905037 33.333333333333336
      vertex 10.743641391661871 395.55752638620004 33.333333333333336
    endloop
  endfacet
  facet normal 0.996917333733127 0.07845909572785731 0
    outer loop
      vertex 10.54558161783089 396.3825047166024 -56.666666666666664
      vertex 10.532231789825413 396.5521303644327 33.333333333333336
      vertex 10.54558161783089 396.3825047166024 33.333333333333336
    endloop
  endfacet
  facet normal 0.9996573249755574 0.02617694830786771 0
    outer loop
      vertex 10.532231789825413 396.5521303644327 -56.666666666666664
      vertex 10.527777777777779 396.7222222222223 33.333333333333336
      vertex 10.532231789825413 396.5521303644327 33.333333333333336
    endloop
  endfacet
  facet normal 0.9996573249755571 -0.026176948307876452 0
    outer loop
      vertex 10.527777777777779 396.7222222222223 -56.666666666666664
      vertex 10.532231789825413 396.89231408001183 33.333333333333336
      vertex 10.527777777777779 396.7222222222223 33.333333333333336
    endloop
  endfacet
  facet normal 0.9914448613738118 0.1305261922200405 0
    outer loop
      vertex 10.567790670843578 396.21381021084153 -56.666666666666664
      vertex 10.54558161783089 396.3825047166024 33.333333333333336
      vertex 10.567790670843578 396.21381021084153 33.333333333333336
    endloop
  endfacet
  facet normal 0.996917333733127 -0.07845909572785731 0
    outer loop
      vertex 10.532231789825413 396.89231408001183 -56.666666666666664
      vertex 10.54558161783089 397.0619397278421 33.333333333333336
      vertex 10.532231789825413 396.89231408001183 33.333333333333336
    endloop
  endfacet
  facet normal 0.9914448613738118 -0.1305261922200405 0
    outer loop
      vertex 10.54558161783089 397.0619397278421 -56.666666666666664
      vertex 10.567790670843578 397.230634233603 33.333333333333336
      vertex 10.54558161783089 397.0619397278421 33.333333333333336
    endloop
  endfacet
  facet normal 0.9832549075639607 -0.18223552549211483 0
    outer loop
      vertex 10.567790670843578 397.230634233603 -56.666666666666664
      vertex 10.59879807539291 397.39793521738 33.333333333333336
      vertex 10.567790670843578 397.230634233603 33.333333333333336
    endloop
  endfacet
  facet normal 0.9723699203976723 -0.23344536385592315 0
    outer loop
      vertex 10.59879807539291 397.39793521738 -56.666666666666664
      vertex 10.638518842338307 397.56338411880546 33.333333333333336
      vertex 10.59879807539291 397.39793521738 33.333333333333336
    endloop
  endfacet
  facet normal 0.9588197348681878 -0.28401534470394035 0
    outer loop
      vertex 10.638518842338307 397.56338411880546 -56.666666666666664
      vertex 10.68684409981853 397.72652745394083 33.333333333333336
      vertex 10.638518842338307 397.56338411880546 33.333333333333336
    endloop
  endfacet
  facet normal 0.9426414910921789 -0.33380685923376974 0
    outer loop
      vertex 10.68684409981853 397.72652745394083 -56.666666666666664
      vertex 10.743641391661871 397.8869180582445 33.333333333333336
      vertex 10.68684409981853 397.72652745394083 33.333333333333336
    endloop
  endfacet
  facet normal 0.9238795325112742 -0.3826834323651202 0
    outer loop
      vertex 10.743641391661871 397.8869180582445 -56.666666666666664
      vertex 10.808755040439326 398.0441163122186 33.333333333333336
      vertex 10.743641391661871 397.8869180582445 33.333333333333336
    endloop
  endfacet
  facet normal 0.9025852843498869 0.4305110968082397 0
    outer loop
      vertex 10.808755040439326 373.1781059100037 -31.666666666666664
      vertex 10.808755040439326 373.1781059100037 33.333333333333336
      vertex 10.882006574165583 373.0245308758465 -31.666666666666664
    endloop
  endfacet
  facet normal 0.8788171126619156 0.47715876025970005 0
    outer loop
      vertex 10.882006574165583 373.0245308758465 -31.666666666666664
      vertex 10.882006574165583 373.0245308758465 33.333333333333336
      vertex 10.963195215478354 372.87500000000006 -31.666666666666664
    endloop
  endfacet
  facet normal 0.8526401643541417 0.5224985647158683 0
    outer loop
      vertex 10.963195215478354 372.87500000000006 -31.666666666666664
      vertex 10.963195215478354 372.87500000000006 33.333333333333336
      vertex 11.052098431955148 372.7299231362012 -31.666666666666664
    endloop
  endfacet
  facet normal 0.824126188621978 0.5664062369248878 0
    outer loop
      vertex 11.052098431955148 372.7299231362012 -31.666666666666664
      vertex 11.052098431955148 372.7299231362012 33.333333333333336
      vertex 11.1484725460592 372.5896979300495 -31.666666666666664
    endloop
  endfacet
  facet normal 0.7933533402912838 0.6087614290086573 0
    outer loop
      vertex 11.1484725460592 372.5896979300495 -31.666666666666664
      vertex 11.1484725460592 372.5896979300495 33.333333333333336
      vertex 11.252053403042623 372.45470872908805 -31.666666666666664
    endloop
  endfacet
  facet normal 0.760405965599923 0.64944804833031 0
    outer loop
      vertex 11.252053403042623 372.45470872908805 -31.666666666666664
      vertex 11.252053403042623 372.45470872908805 33.333333333333336
      vertex 11.362557094976246 372.3253255293338 -31.666666666666664
    endloop
  endfacet
  facet normal 0.7253743710122981 0.688354575693743 0
    outer loop
      vertex 11.362557094976246 372.3253255293338 -31.666666666666664
      vertex 11.362557094976246 372.3253255293338 33.333333333333336
      vertex 11.479680738921498 372.2019029611438 -31.666666666666664
    endloop
  endfacet
  facet normal 0.6883545756937864 0.7253743710122569 0
    outer loop
      vertex 11.479680738921498 372.2019029611438 -31.666666666666664
      vertex 11.479680738921498 372.2019029611438 33.333333333333336
      vertex 11.603103307111489 372.0847793171985 -31.666666666666664
    endloop
  endfacet
  facet normal 0.6494480483301519 0.7604059656000581 0
    outer loop
      vertex 11.603103307111489 372.0847793171985 -31.666666666666664
      vertex 11.603103307111489 372.0847793171985 33.333333333333336
      vertex 11.732486506865808 371.9742756252649 -31.666666666666664
    endloop
  endfacet
  facet normal 0.6087614290088462 0.7933533402911389 0
    outer loop
      vertex 11.732486506865808 371.9742756252649 -31.666666666666664
      vertex 11.732486506865808 371.9742756252649 33.333333333333336
      vertex 11.86747570782724 371.87069476828145 -31.666666666666664
    endloop
  endfacet
  facet normal 0.5664062369247823 0.8241261886220504 0
    outer loop
      vertex 11.86747570782724 371.87069476828145 -31.666666666666664
      vertex 11.86747570782724 371.87069476828145 33.333333333333336
      vertex 12.00770091397894 371.7743206541774 -31.666666666666664
    endloop
  endfacet
  facet normal 0.5224985647159941 0.8526401643540645 0
    outer loop
      vertex 12.00770091397894 371.7743206541774 -31.666666666666664
      vertex 12.00770091397894 371.7743206541774 33.333333333333336
      vertex 12.152777777777779 371.6854174377006 -31.666666666666664
    endloop
  endfacet
  facet normal 0.47715876025970927 0.8788171126619106 0
    outer loop
      vertex 12.152777777777779 371.6854174377006 -31.666666666666664
      vertex 12.152777777777779 371.6854174377006 33.333333333333336
      vertex 12.302308653624252 371.6042287963878 -31.666666666666664
    endloop
  endfacet
  facet normal 0.43051109680826255 0.9025852843498763 0
    outer loop
      vertex 12.302308653624252 371.6042287963878 -31.666666666666664
      vertex 12.302308653624252 371.6042287963878 33.333333333333336
      vertex 12.455883687781427 371.53097726266157 -31.666666666666664
    endloop
  endfacet
  facet normal 0.38268343236488417 0.9238795325113719 0
    outer loop
      vertex 12.455883687781427 371.53097726266157 -31.666666666666664
      vertex 12.455883687781427 371.53097726266157 33.333333333333336
      vertex 12.613081941755553 371.46586361388415 -31.666666666666664
    endloop
  endfacet
  facet normal 0.3338068592337446 0.9426414910921876 0
    outer loop
      vertex 12.613081941755553 371.46586361388415 -31.666666666666664
      vertex 12.613081941755553 371.46586361388415 33.333333333333336
      vertex 12.7734725460592 371.4090663220408 -31.666666666666664
    endloop
  endfacet
  facet normal 0.28401534470411527 0.958819734868136 0
    outer loop
      vertex 12.7734725460592 371.4090663220408 -31.666666666666664
      vertex 12.7734725460592 371.4090663220408 33.333333333333336
      vertex 12.936615881194584 371.36074106456056 -31.666666666666664
    endloop
  endfacet
  facet normal 0.23344536385580547 0.9723699203977005 0
    outer loop
      vertex 12.936615881194584 371.36074106456056 -31.666666666666664
      vertex 12.936615881194584 371.36074106456056 33.333333333333336
      vertex 13.102064782620062 371.3210202976152 -31.666666666666664
    endloop
  endfacet
  facet normal 0.1822355254920625 0.9832549075639703 0
    outer loop
      vertex 13.102064782620062 371.3210202976152 -31.666666666666664
      vertex 13.102064782620062 371.3210202976152 33.333333333333336
      vertex 13.269365766397026 371.29001289306586 -31.666666666666664
    endloop
  endfacet
  facet normal 0.1305261922201966 0.9914448613737914 0
    outer loop
      vertex 13.269365766397026 371.29001289306586 -31.666666666666664
      vertex 13.269365766397026 371.29001289306586 33.333333333333336
      vertex 13.438060272157905 371.26780384005315 -31.666666666666664
    endloop
  endfacet
  facet normal 0.07845909572774538 0.9969173337331357 0
    outer loop
      vertex 13.438060272157905 371.26780384005315 -31.666666666666664
      vertex 13.438060272157905 371.26780384005315 33.333333333333336
      vertex 13.60768591998821 371.2544540120477 -31.666666666666664
    endloop
  endfacet
  facet normal 0.026176948307851763 0.9996573249755578 0
    outer loop
      vertex 13.60768591998821 371.2544540120477 -31.666666666666664
      vertex 13.60768591998821 371.2544540120477 33.333333333333336
      vertex 13.777777777777779 371.25000000000006 -31.666666666666664
    endloop
  endfacet
  facet normal 0 -0.9746917402366385 -0.22355315143042176
    outer loop
      vertex 6.777777777777778 374.11111111111114 -63.55555555555555
      vertex 20.77777777777778 351.8888888888889 33.333333333333336
      vertex 6.777777777777778 351.8888888888889 33.333333333333336
    endloop
  endfacet
  facet normal 0.9238795325113232 -0.3826834323650021 0
    outer loop
      vertex 10.743641391661871 375.66469583602225 -31.666666666666664
      vertex 10.808755040439326 375.8218940899964 -31.666666666666664
      vertex 10.808755040439326 375.8218940899964 33.333333333333336
    endloop
  endfacet
  facet normal 0.9025852843498252 -0.4305110968083696 0
    outer loop
      vertex 10.808755040439326 375.8218940899964 -31.666666666666664
      vertex 10.882006574165583 375.97546912415356 -31.666666666666664
      vertex 10.882006574165583 375.97546912415356 33.333333333333336
    endloop
  endfacet
  facet normal 0.8788171126619917 -0.47715876025956 0
    outer loop
      vertex 10.882006574165583 375.97546912415356 -31.666666666666664
      vertex 10.963195215478354 376.12500000000006 -31.666666666666664
      vertex 10.963195215478354 376.12500000000006 33.333333333333336
    endloop
  endfacet
  facet normal 0.8526401643540504 -0.5224985647160171 0
    outer loop
      vertex 10.963195215478354 376.12500000000006 -31.666666666666664
      vertex 11.052098431955148 376.27007686379886 -31.666666666666664
      vertex 11.052098431955148 376.27007686379886 33.333333333333336
    endloop
  endfacet
  facet normal 0.8241261886220852 -0.5664062369247318 0
    outer loop
      vertex 11.052098431955148 376.27007686379886 -31.666666666666664
      vertex 11.1484725460592 376.4103020699506 -31.666666666666664
      vertex 11.1484725460592 376.4103020699506 33.333333333333336
    endloop
  endfacet
  facet normal 0.79335334029116 -0.6087614290088186 0
    outer loop
      vertex 11.1484725460592 376.4103020699506 -31.666666666666664
      vertex 11.252053403042623 376.545291270912 -31.666666666666664
      vertex 11.252053403042623 376.545291270912 33.333333333333336
    endloop
  endfacet
  facet normal 0.7604059656000639 -0.649448048330145 0
    outer loop
      vertex 11.252053403042623 376.545291270912 -31.666666666666664
      vertex 11.362557094976246 376.67467447066633 -31.666666666666664
      vertex 11.362557094976246 376.67467447066633 33.333333333333336
    endloop
  endfacet
  facet normal 0.7253743710122981 -0.688354575693743 0
    outer loop
      vertex 11.362557094976246 376.67467447066633 -31.666666666666664
      vertex 11.479680738921498 376.7980970388563 -31.666666666666664
      vertex 11.479680738921498 376.7980970388563 33.333333333333336
    endloop
  endfacet
  facet normal 0.6883545756937864 -0.7253743710122569 0
    outer loop
      vertex 11.479680738921498 376.7980970388563 -31.666666666666664
      vertex 11.603103307111489 376.9152206828016 -31.666666666666664
      vertex 11.603103307111489 376.9152206828016 33.333333333333336
    endloop
  endfacet
  facet normal 0.6494480483301519 -0.7604059656000581 0
    outer loop
      vertex 11.603103307111489 376.9152206828016 -31.666666666666664
      vertex 11.732486506865808 377.0257243747352 -31.666666666666664
      vertex 11.732486506865808 377.0257243747352 33.333333333333336
    endloop
  endfacet
  facet normal 0.608761429008636 -0.7933533402913002 0
    outer loop
      vertex 11.732486506865808 377.0257243747352 -31.666666666666664
      vertex 11.86747570782724 377.1293052317186 -31.666666666666664
      vertex 11.86747570782724 377.1293052317186 33.333333333333336
    endloop
  endfacet
  facet normal 0.5664062369247823 -0.8241261886220504 0
    outer loop
      vertex 11.86747570782724 377.1293052317186 -31.666666666666664
      vertex 12.00770091397894 377.22567934582264 -31.666666666666664
      vertex 12.00770091397894 377.22567934582264 33.333333333333336
    endloop
  endfacet
  facet normal 0.5224985647159941 -0.8526401643540645 0
    outer loop
      vertex 12.00770091397894 377.22567934582264 -31.666666666666664
      vertex 12.152777777777779 377.31458256229945 -31.666666666666664
      vertex 12.152777777777779 377.31458256229945 33.333333333333336
    endloop
  endfacet
  facet normal 0.47715876025970927 -0.8788171126619106 0
    outer loop
      vertex 12.152777777777779 377.31458256229945 -31.666666666666664
      vertex 12.302308653624252 377.39577120361224 -31.666666666666664
      vertex 12.302308653624252 377.39577120361224 33.333333333333336
    endloop
  endfacet
  facet normal 0.43051109680826255 -0.9025852843498763 0
    outer loop
      vertex 12.302308653624252 377.39577120361224 -31.666666666666664
      vertex 12.455883687781427 377.4690227373385 -31.666666666666664
      vertex 12.455883687781427 377.4690227373385 33.333333333333336
    endloop
  endfacet
  facet normal 0.38268343236516933 -0.9238795325112538 0
    outer loop
      vertex 12.455883687781427 377.4690227373385 -31.666666666666664
      vertex 12.613081941755553 377.53413638611596 -31.666666666666664
      vertex 12.613081941755553 377.53413638611596 33.333333333333336
    endloop
  endfacet
  facet normal 0.3338068592337446 -0.9426414910921876 0
    outer loop
      vertex 12.613081941755553 377.53413638611596 -31.666666666666664
      vertex 12.7734725460592 377.5909336779593 -31.666666666666664
      vertex 12.7734725460592 377.5909336779593 33.333333333333336
    endloop
  endfacet
  facet normal 0.2840153447038081 -0.958819734868227 0
    outer loop
      vertex 12.7734725460592 377.5909336779593 -31.666666666666664
      vertex 12.936615881194584 377.6392589354395 -31.666666666666664
      vertex 12.936615881194584 377.6392589354395 33.333333333333336
    endloop
  endfacet
  facet normal 0.23344536385612133 -0.9723699203976247 0
    outer loop
      vertex 12.936615881194584 377.6392589354395 -31.666666666666664
      vertex 13.102064782620062 377.67897970238494 -31.666666666666664
      vertex 13.102064782620062 377.67897970238494 33.333333333333336
    endloop
  endfacet
  facet normal 0.1822355254920625 -0.9832549075639703 0
    outer loop
      vertex 13.102064782620062 377.67897970238494 -31.666666666666664
      vertex 13.269365766397026 377.70998710693425 -31.666666666666664
      vertex 13.269365766397026 377.70998710693425 33.333333333333336
    endloop
  endfacet
  facet normal 0.13052619221986822 -0.9914448613738346 0
    outer loop
      vertex 13.269365766397026 377.70998710693425 -31.666666666666664
      vertex 13.438060272157905 377.7321961599469 -31.666666666666664
      vertex 13.438060272157905 377.7321961599469 33.333333333333336
    endloop
  endfacet
  facet normal 0.07845909572807741 -0.9969173337331096 0
    outer loop
      vertex 13.438060272157905 377.7321961599469 -31.666666666666664
      vertex 13.60768591998821 377.7455459879524 -31.666666666666664
      vertex 13.60768591998821 377.7455459879524 33.333333333333336
    endloop
  endfacet
  facet normal 0.026176948307851763 -0.9996573249755578 0
    outer loop
      vertex 13.60768591998821 377.7455459879524 -31.666666666666664
      vertex 13.777777777777779 377.75000000000006 -31.666666666666664
      vertex 13.777777777777779 377.75000000000006 33.333333333333336
    endloop
  endfacet
  facet normal 0.902585284349887 0.43051109680823973 0
    outer loop
      vertex 10.882006574165583 395.2467530980687 -56.666666666666664
      vertex 10.808755040439326 395.4003281322259 33.333333333333336
      vertex 10.882006574165583 395.2467530980687 33.333333333333336
    endloop
  endfacet
  facet normal 0.9238795325112742 0.3826834323651202 0
    outer loop
      vertex 10.808755040439326 395.4003281322259 -56.666666666666664
      vertex 10.743641391661871 395.55752638620004 33.333333333333336
      vertex 10.808755040439326 395.4003281322259 33.333333333333336
    endloop
  endfacet
  facet normal 0.8788171126619155 0.47715876025970005 0
    outer loop
      vertex 10.963195215478354 395.0972222222223 -56.666666666666664
      vertex 10.882006574165583 395.2467530980687 33.333333333333336
      vertex 10.963195215478354 395.0972222222223 33.333333333333336
    endloop
  endfacet
  facet normal 0.8526401643541416 0.5224985647158682 0
    outer loop
      vertex 11.052098431955148 394.9521453584234 -56.666666666666664
      vertex 10.963195215478354 395.0972222222223 33.333333333333336
      vertex 11.052098431955148 394.9521453584234 33.333333333333336
    endloop
  endfacet
  facet normal 0.8241261886219778 0.5664062369248877 0
    outer loop
      vertex 11.1484725460592 394.81192015227174 -56.666666666666664
      vertex 11.052098431955148 394.9521453584234 33.333333333333336
      vertex 11.1484725460592 394.81192015227174 33.333333333333336
    endloop
  endfacet
  facet normal 0.902585284349887 -0.43051109680823973 0
    outer loop
      vertex 10.808755040439326 398.0441163122186 -56.666666666666664
      vertex 10.882006574165583 398.1976913463758 33.333333333333336
      vertex 10.808755040439326 398.0441163122186 33.333333333333336
    endloop
  endfacet
  facet normal 0.8788171126619916 -0.47715876025955994 0
    outer loop
      vertex 10.882006574165583 398.1976913463758 -56.666666666666664
      vertex 10.963195215478354 398.3472222222223 33.333333333333336
      vertex 10.882006574165583 398.1976913463758 33.333333333333336
    endloop
  endfacet
  facet normal 0.8526401643540504 -0.5224985647160171 0
    outer loop
      vertex 10.963195215478354 398.3472222222223 -56.666666666666664
      vertex 11.052098431955148 398.4922990860211 33.333333333333336
      vertex 10.963195215478354 398.3472222222223 33.333333333333336
    endloop
  endfacet
  facet normal 0.8241261886219778 -0.5664062369248877 0
    outer loop
      vertex 11.052098431955148 398.4922990860211 -56.666666666666664
      vertex 11.1484725460592 398.6325242921728 33.333333333333336
      vertex 11.052098431955148 398.4922990860211 33.333333333333336
    endloop
  endfacet
  facet normal 0.7604059656000639 0.649448048330145 0
    outer loop
      vertex 11.362557094976246 394.54754775155595 -56.666666666666664
      vertex 11.252053403042623 394.6769309513103 33.333333333333336
      vertex 11.362557094976246 394.54754775155595 33.333333333333336
    endloop
  endfacet
  facet normal 0.7933533402912837 0.6087614290086573 0
    outer loop
      vertex 11.252053403042623 394.6769309513103 -56.666666666666664
      vertex 11.1484725460592 394.81192015227174 33.333333333333336
      vertex 11.252053403042623 394.6769309513103 33.333333333333336
    endloop
  endfacet
  facet normal 0.7253743710122981 0.688354575693743 0
    outer loop
      vertex 11.479680738921498 394.42412518336596 -56.666666666666664
      vertex 11.362557094976246 394.54754775155595 33.333333333333336
      vertex 11.479680738921498 394.42412518336596 33.333333333333336
    endloop
  endfacet
  facet normal 0.6883545756936106 0.7253743710124237 0
    outer loop
      vertex 11.479680738921498 394.42412518336596 -56.666666666666664
      vertex 11.479680738921498 394.42412518336596 33.333333333333336
      vertex 11.603103307111489 394.30700153942075 33.333333333333336
    endloop
  endfacet
  facet normal 0.7933533402912837 -0.6087614290086573 0
    outer loop
      vertex 11.1484725460592 398.6325242921728 -56.666666666666664
      vertex 11.252053403042623 398.76751349313423 33.333333333333336
      vertex 11.1484725460592 398.6325242921728 33.333333333333336
    endloop
  endfacet
  facet normal 0.7604059656000639 -0.649448048330145 0
    outer loop
      vertex 11.252053403042623 398.76751349313423 -56.666666666666664
      vertex 11.362557094976246 398.89689669288856 33.333333333333336
      vertex 11.252053403042623 398.76751349313423 33.333333333333336
    endloop
  endfacet
  facet normal 0.7253743710122981 -0.688354575693743 0
    outer loop
      vertex 11.362557094976246 398.89689669288856 -56.666666666666664
      vertex 11.479680738921498 399.02031926107855 33.333333333333336
      vertex 11.362557094976246 398.89689669288856 33.333333333333336
    endloop
  endfacet
  facet normal 0.649448048330345 0.760405965599893 0
    outer loop
      vertex 11.603103307111489 394.30700153942075 -56.666666666666664
      vertex 11.603103307111489 394.30700153942075 33.333333333333336
      vertex 11.732486506865808 394.1964978474871 33.333333333333336
    endloop
  endfacet
  facet normal 0.608761429008636 0.7933533402913002 0
    outer loop
      vertex 11.732486506865808 394.1964978474871 -56.666666666666664
      vertex 11.732486506865808 394.1964978474871 33.333333333333336
      vertex 11.86747570782724 394.0929169905037 33.333333333333336
    endloop
  endfacet
  facet normal 0.6883545756937864 -0.725374371012257 0
    outer loop
      vertex 11.603103307111489 399.1374429050238 -56.666666666666664
      vertex 11.603103307111489 399.1374429050238 33.333333333333336
      vertex 11.479680738921498 399.02031926107855 33.333333333333336
    endloop
  endfacet
  facet normal 0.5664062369247823 0.8241261886220504 0
    outer loop
      vertex 11.86747570782724 394.0929169905037 -56.666666666666664
      vertex 11.86747570782724 394.0929169905037 33.333333333333336
      vertex 12.00770091397894 393.99654287639964 33.333333333333336
    endloop
  endfacet
  facet normal 0.5224985647159941 0.8526401643540645 0
    outer loop
      vertex 12.00770091397894 393.99654287639964 -56.666666666666664
      vertex 12.00770091397894 393.99654287639964 33.333333333333336
      vertex 12.152777777777779 393.90763965992284 33.333333333333336
    endloop
  endfacet
  facet normal 0.47715876025970927 0.8788171126619106 0
    outer loop
      vertex 12.152777777777779 393.90763965992284 -56.666666666666664
      vertex 12.152777777777779 393.90763965992284 33.333333333333336
      vertex 12.302308653624252 393.82645101861004 33.333333333333336
    endloop
  endfacet
  facet normal 0.4305110968082625 0.9025852843498762 0
    outer loop
      vertex 12.302308653624252 393.82645101861004 -56.666666666666664
      vertex 12.302308653624252 393.82645101861004 33.333333333333336
      vertex 12.455883687781427 393.7531994848838 33.333333333333336
    endloop
  endfacet
  facet normal 0.38268343236516933 0.9238795325112538 0
    outer loop
      vertex 12.455883687781427 393.7531994848838 -56.666666666666664
      vertex 12.455883687781427 393.7531994848838 33.333333333333336
      vertex 12.613081941755553 393.6880858361063 33.333333333333336
    endloop
  endfacet
  facet normal 0.33380685923374465 0.9426414910921876 0
    outer loop
      vertex 12.613081941755553 393.6880858361063 -56.666666666666664
      vertex 12.613081941755553 393.6880858361063 33.333333333333336
      vertex 12.7734725460592 393.631288544263 33.333333333333336
    endloop
  endfacet
  facet normal 0.2840153447038081 0.958819734868227 0
    outer loop
      vertex 12.7734725460592 393.631288544263 -56.666666666666664
      vertex 12.7734725460592 393.631288544263 33.333333333333336
      vertex 12.936615881194584 393.5829632867828 33.333333333333336
    endloop
  endfacet
  facet normal 0.23344536385580547 0.9723699203977006 0
    outer loop
      vertex 12.936615881194584 393.5829632867828 -56.666666666666664
      vertex 12.936615881194584 393.5829632867828 33.333333333333336
      vertex 13.102064782620062 393.5432425198374 33.333333333333336
    endloop
  endfacet
  facet normal 0.1822355254923855 0.9832549075639104 0
    outer loop
      vertex 13.102064782620062 393.5432425198374 -56.666666666666664
      vertex 13.102064782620062 393.5432425198374 33.333333333333336
      vertex 13.269365766397026 393.51223511528804 33.333333333333336
    endloop
  endfacet
  facet normal 0.13052619221986822 0.9914448613738346 0
    outer loop
      vertex 13.269365766397026 393.51223511528804 -56.666666666666664
      vertex 13.269365766397026 393.51223511528804 33.333333333333336
      vertex 13.438060272157905 393.4900260622754 33.333333333333336
    endloop
  endfacet
  facet normal 0.07845909572774538 0.9969173337331358 0
    outer loop
      vertex 13.438060272157905 393.4900260622754 -56.666666666666664
      vertex 13.438060272157905 393.4900260622754 33.333333333333336
      vertex 13.60768591998821 393.4766762342699 33.333333333333336
    endloop
  endfacet
  facet normal 0.026176948307851763 0.9996573249755578 0
    outer loop
      vertex 13.60768591998821 393.4766762342699 -56.666666666666664
      vertex 13.60768591998821 393.4766762342699 33.333333333333336
      vertex 13.777777777777779 393.4722222222223 33.333333333333336
    endloop
  endfacet
  facet normal 0.9832549075639496 0.1822355254921747 0
    outer loop
      vertex 10.59879807539291 373.82428700484235 -31.666666666666664
      vertex 10.567790670843578 373.9915879886193 33.333333333333336
      vertex 10.59879807539291 373.82428700484235 33.333333333333336
    endloop
  endfacet
  facet normal 0.996917333733127 0.07845909572785731 0
    outer loop
      vertex 10.54558161783089 374.16028249438017 -31.666666666666664
      vertex 10.532231789825413 374.32990814221046 33.333333333333336
      vertex 10.54558161783089 374.16028249438017 33.333333333333336
    endloop
  endfacet
  facet normal 0.9996573249755575 0.026176948307867712 0
    outer loop
      vertex 10.532231789825413 374.32990814221046 -31.666666666666664
      vertex 10.527777777777779 374.50000000000006 33.333333333333336
      vertex 10.532231789825413 374.32990814221046 33.333333333333336
    endloop
  endfacet
  facet normal 0.9996573249755571 -0.026176948307876452 0
    outer loop
      vertex 10.527777777777779 374.50000000000006 -31.666666666666664
      vertex 10.532231789825413 374.6700918577896 33.333333333333336
      vertex 10.527777777777779 374.50000000000006 33.333333333333336
    endloop
  endfacet
  facet normal 0.996917333733127 -0.07845909572785731 0
    outer loop
      vertex 10.532231789825413 374.6700918577896 -31.666666666666664
      vertex 10.54558161783089 374.8397175056199 33.333333333333336
      vertex 10.532231789825413 374.6700918577896 33.333333333333336
    endloop
  endfacet
  facet normal 0.9914448613738118 0.1305261922200405 0
    outer loop
      vertex 10.567790670843578 373.9915879886193 -31.666666666666664
      vertex 10.54558161783089 374.16028249438017 33.333333333333336
      vertex 10.567790670843578 373.9915879886193 33.333333333333336
    endloop
  endfacet
  facet normal 0.9914448613738176 -0.13052619221999728 0
    outer loop
      vertex 10.54558161783089 374.8397175056199 -31.666666666666664
      vertex 10.567790670843578 375.0084120113808 33.333333333333336
      vertex 10.54558161783089 374.8397175056199 33.333333333333336
    endloop
  endfacet
  facet normal 0.9832549075639496 -0.1822355254921747 0
    outer loop
      vertex 10.567790670843578 375.0084120113808 -31.666666666666664
      vertex 10.59879807539291 375.17571299515777 33.333333333333336
      vertex 10.567790670843578 375.0084120113808 33.333333333333336
    endloop
  endfacet
  facet normal 0.9723699203976904 0.2334453638558473 0
    outer loop
      vertex 10.638518842338307 373.6588381034168 -31.666666666666664
      vertex 10.59879807539291 373.82428700484235 33.333333333333336
      vertex 10.638518842338307 373.6588381034168 33.333333333333336
    endloop
  endfacet
  facet normal 0.9588197348681878 0.28401534470394035 0
    outer loop
      vertex 10.68684409981853 373.49569476828145 -31.666666666666664
      vertex 10.638518842338307 373.6588381034168 33.333333333333336
      vertex 10.68684409981853 373.49569476828145 33.333333333333336
    endloop
  endfacet
  facet normal 0.9426414910921788 0.33380685923376974 0
    outer loop
      vertex 10.743641391661871 373.3353041639778 -31.666666666666664
      vertex 10.68684409981853 373.49569476828145 33.333333333333336
      vertex 10.743641391661871 373.3353041639778 33.333333333333336
    endloop
  endfacet
  facet normal 0.9723699203976723 -0.23344536385592315 0
    outer loop
      vertex 10.59879807539291 375.17571299515777 -31.666666666666664
      vertex 10.638518842338307 375.34116189658323 33.333333333333336
      vertex 10.59879807539291 375.17571299515777 33.333333333333336
    endloop
  endfacet
  facet normal 0.9588197348681878 -0.28401534470394035 0
    outer loop
      vertex 10.638518842338307 375.34116189658323 -31.666666666666664
      vertex 10.68684409981853 375.5043052317186 33.333333333333336
      vertex 10.638518842338307 375.34116189658323 33.333333333333336
    endloop
  endfacet
  facet normal 0 0 1
    outer loop
      vertex 5.232692805903041 352.1336063074132 33.333333333333336
      vertex 10.638518842338307 373.6588381034168 33.333333333333336
      vertex 10.59879807539291 373.82428700484235 33.333333333333336
    endloop
  endfacet
  facet normal 0 0 1
    outer loop
      vertex 5.232692805903041 352.1336063074132 33.333333333333336
      vertex 10.68684409981853 373.49569476828145 33.333333333333336
      vertex 10.638518842338307 373.6588381034168 33.333333333333336
    endloop
  endfacet
  facet normal 0 0 1
    outer loop
      vertex 5.232692805903041 352.1336063074132 33.333333333333336
      vertex 10.743641391661871 373.3353041639778 33.333333333333336
      vertex 10.68684409981853 373.49569476828145 33.333333333333336
    endloop
  endfacet
  facet normal 0 0 1
    outer loop
      vertex 5.232692805903041 352.1336063074132 33.333333333333336
      vertex 10.59879807539291 373.82428700484235 33.333333333333336
      vertex 10.567790670843578 373.9915879886193 33.333333333333336
    endloop
  endfacet
  facet normal 0 0 1
    outer loop
      vertex 5.232692805903041 352.1336063074132 33.333333333333336
      vertex 10.808755040439326 373.1781059100037 33.333333333333336
      vertex 10.743641391661871 373.3353041639778 33.333333333333336
    endloop
  endfacet
  facet normal 0 0 1
    outer loop
      vertex 5.232692805903041 352.1336063074132 33.333333333333336
      vertex 10.882006574165583 373.0245308758465 33.333333333333336
      vertex 10.808755040439326 373.1781059100037 33.333333333333336
    endloop
  endfacet
  facet normal 0 0 1
    outer loop
      vertex 5.232692805903041 352.1336063074132 33.333333333333336
      vertex 10.963195215478354 372.87500000000006 33.333333333333336
      vertex 10.882006574165583 373.0245308758465 33.333333333333336
    endloop
  endfacet
  facet normal 0 0 1
    outer loop
      vertex 5.232692805903041 352.1336063074132 33.333333333333336
      vertex 11.052098431955148 372.7299231362012 33.333333333333336
      vertex 10.963195215478354 372.87500000000006 33.333333333333336
    endloop
  endfacet
  facet normal 0 0 1
    outer loop
      vertex 5.232692805903041 352.1336063074132 33.333333333333336
      vertex 11.1484725460592 372.5896979300495 33.333333333333336
      vertex 11.052098431955148 372.7299231362012 33.333333333333336
    endloop
  endfacet
  facet normal 0 0 1
    outer loop
      vertex 5.232692805903041 352.1336063074132 33.333333333333336
      vertex 11.252053403042623 372.45470872908805 33.333333333333336
      vertex 11.1484725460592 372.5896979300495 33.333333333333336
    endloop
  endfacet
  facet normal 0 0 1
    outer loop
      vertex 5.232692805903041 352.1336063074132 33.333333333333336
      vertex 11.362557094976246 372.3253255293338 33.333333333333336
      vertex 11.252053403042623 372.45470872908805 33.333333333333336
    endloop
  endfacet
  facet normal 0 0 1
    outer loop
      vertex 5.232692805903041 352.1336063074132 33.333333333333336
      vertex 11.479680738921498 372.2019029611438 33.333333333333336
      vertex 11.362557094976246 372.3253255293338 33.333333333333336
    endloop
  endfacet
  facet normal 0 0 1
    outer loop
      vertex 5.232692805903041 352.1336063074132 33.333333333333336
      vertex 11.603103307111489 372.0847793171985 33.333333333333336
      vertex 11.479680738921498 372.2019029611438 33.333333333333336
    endloop
  endfacet
  facet normal 0 0 1
    outer loop
      vertex 5.232692805903041 352.1336063074132 33.333333333333336
      vertex 11.732486506865808 371.9742756252649 33.333333333333336
      vertex 11.603103307111489 372.0847793171985 33.333333333333336
    endloop
  endfacet
  facet normal 0 0 1
    outer loop
      vertex 5.232692805903041 352.1336063074132 33.333333333333336
      vertex 11.86747570782724 371.87069476828145 33.333333333333336
      vertex 11.732486506865808 371.9742756252649 33.333333333333336
    endloop
  endfacet
  facet normal 0 0 1
    outer loop
      vertex 5.232692805903041 352.1336063074132 33.333333333333336
      vertex 12.00770091397894 371.7743206541774 33.333333333333336
      vertex 11.86747570782724 371.87069476828145 33.333333333333336
    endloop
  endfacet
  facet normal 0 0 1
    outer loop
      vertex 5.232692805903041 352.1336063074132 33.333333333333336
      vertex 12.152777777777779 371.6854174377006 33.333333333333336
      vertex 12.00770091397894 371.7743206541774 33.333333333333336
    endloop
  endfacet
  facet normal 0 0 1
    outer loop
      vertex 5.232692805903041 352.1336063074132 33.333333333333336
      vertex 12.302308653624252 371.6042287963878 33.333333333333336
      vertex 12.152777777777779 371.6854174377006 33.333333333333336
    endloop
  endfacet
  facet normal 0 0 1
    outer loop
      vertex 5.232692805903041 352.1336063074132 33.333333333333336
      vertex 12.455883687781427 371.53097726266157 33.333333333333336
      vertex 12.302308653624252 371.6042287963878 33.333333333333336
    endloop
  endfacet
  facet normal 0 0 1
    outer loop
      vertex 5.232692805903041 352.1336063074132 33.333333333333336
      vertex 12.613081941755553 371.46586361388415 33.333333333333336
      vertex 12.455883687781427 371.53097726266157 33.333333333333336
    endloop
  endfacet
  facet normal 0 0 1
    outer loop
      vertex 5.232692805903041 352.1336063074132 33.333333333333336
      vertex 12.7734725460592 371.4090663220408 33.333333333333336
      vertex 12.613081941755553 371.46586361388415 33.333333333333336
    endloop
  endfacet
  facet normal 0 0 1
    outer loop
      vertex 5.232692805903041 352.1336063074132 33.333333333333336
      vertex 12.936615881194584 371.36074106456056 33.333333333333336
      vertex 12.7734725460592 371.4090663220408 33.333333333333336
    endloop
  endfacet
  facet normal 0 0 1
    outer loop
      vertex 5.232692805903041 352.1336063074132 33.333333333333336
      vertex 13.102064782620062 371.3210202976152 33.333333333333336
      vertex 12.936615881194584 371.36074106456056 33.333333333333336
    endloop
  endfacet
  facet normal 0 0 1
    outer loop
      vertex 5.232692805903041 352.1336063074132 33.333333333333336
      vertex 13.269365766397026 371.29001289306586 33.333333333333336
      vertex 13.102064782620062 371.3210202976152 33.333333333333336
    endloop
  endfacet
  facet normal 0 0 1
    outer loop
      vertex 5.232692805903041 352.1336063074132 33.333333333333336
      vertex 13.438060272157905 371.26780384005315 33.333333333333336
      vertex 13.269365766397026 371.29001289306586 33.333333333333336
    endloop
  endfacet
  facet normal 0 0 1
    outer loop
      vertex 5.232692805903041 352.1336063074132 33.333333333333336
      vertex 13.60768591998821 371.2544540120477 33.333333333333336
      vertex 13.438060272157905 371.26780384005315 33.333333333333336
    endloop
  endfacet
  facet normal 0.9426414910921788 -0.33380685923376974 0
    outer loop
      vertex 10.68684409981853 375.5043052317186 -31.666666666666664
      vertex 10.743641391661871 375.66469583602225 33.333333333333336
      vertex 10.68684409981853 375.5043052317186 33.333333333333336
    endloop
  endfacet
  facet normal 0.9238795325113232 -0.3826834323650021 0
    outer loop
      vertex 10.743641391661871 375.66469583602225 -31.666666666666664
      vertex 10.808755040439326 375.8218940899964 33.333333333333336
      vertex 10.743641391661871 375.66469583602225 33.333333333333336
    endloop
  endfacet
  facet normal 0 0 1
    outer loop
      vertex 10.527777777777779 374.50000000000006 33.333333333333336
      vertex 10.532231789825413 374.6700918577896 33.333333333333336
      vertex 10.532231789825413 396.5521303644327 33.333333333333336
    endloop
  endfacet
  facet normal 0 0 1
    outer loop
      vertex 10.532231789825413 374.6700918577896 33.333333333333336
      vertex 10.54558161783089 374.8397175056199 33.333333333333336
      vertex 10.532231789825413 396.5521303644327 33.333333333333336
    endloop
  endfacet
  facet normal 0 0 1
    outer loop
      vertex 10.54558161783089 374.8397175056199 33.333333333333336
      vertex 10.567790670843578 375.0084120113808 33.333333333333336
      vertex 10.54558161783089 396.3825047166024 33.333333333333336
    endloop
  endfacet
  facet normal 0 0 1
    outer loop
      vertex 10.567790670843578 375.0084120113808 33.333333333333336
      vertex 10.59879807539291 375.17571299515777 33.333333333333336
      vertex 10.567790670843578 396.21381021084153 33.333333333333336
    endloop
  endfacet
  facet normal 0 0 1
    outer loop
      vertex 10.59879807539291 375.17571299515777 33.333333333333336
      vertex 10.638518842338307 375.34116189658323 33.333333333333336
      vertex 10.59879807539291 396.0465092270645 33.333333333333336
    endloop
  endfacet
  facet normal 0 0 1
    outer loop
      vertex 10.638518842338307 375.34116189658323 33.333333333333336
      vertex 10.68684409981853 375.5043052317186 33.333333333333336
      vertex 10.638518842338307 395.88106032563906 33.333333333333336
    endloop
  endfacet
  facet normal 0 0 1
    outer loop
      vertex 10.68684409981853 375.5043052317186 33.333333333333336
      vertex 10.743641391661871 375.66469583602225 33.333333333333336
      vertex 10.68684409981853 395.7179169905037 33.333333333333336
    endloop
  endfacet
  facet normal 0 0 1
    outer loop
      vertex 10.743641391661871 375.66469583602225 33.333333333333336
      vertex 10.808755040439326 375.8218940899964 33.333333333333336
      vertex 10.743641391661871 395.55752638620004 33.333333333333336
    endloop
  endfacet
  facet normal 0 0 1
    outer loop
      vertex 10.54558161783089 374.8397175056199 33.333333333333336
      vertex 10.54558161783089 396.3825047166024 33.333333333333336
      vertex 10.532231789825413 396.5521303644327 33.333333333333336
    endloop
  endfacet
  facet normal 0 0 1
    outer loop
      vertex 10.59879807539291 375.17571299515777 33.333333333333336
      vertex 10.59879807539291 396.0465092270645 33.333333333333336
      vertex 10.567790670843578 396.21381021084153 33.333333333333336
    endloop
  endfacet
  facet normal 0 0 1
    outer loop
      vertex 10.567790670843578 375.0084120113808 33.333333333333336
      vertex 10.567790670843578 396.21381021084153 33.333333333333336
      vertex 10.54558161783089 396.3825047166024 33.333333333333336
    endloop
  endfacet
  facet normal 0 0 1
    outer loop
      vertex 10.638518842338307 375.34116189658323 33.333333333333336
      vertex 10.638518842338307 395.88106032563906 33.333333333333336
      vertex 10.59879807539291 396.0465092270645 33.333333333333336
    endloop
  endfacet
  facet normal 0 0 1
    outer loop
      vertex 10.68684409981853 375.5043052317186 33.333333333333336
      vertex 10.68684409981853 395.7179169905037 33.333333333333336
      vertex 10.638518842338307 395.88106032563906 33.333333333333336
    endloop
  endfacet
  facet normal 0 0 1
    outer loop
      vertex 10.743641391661871 375.66469583602225 33.333333333333336
      vertex 10.743641391661871 395.55752638620004 33.333333333333336
      vertex 10.68684409981853 395.7179169905037 33.333333333333336
    endloop
  endfacet
  facet normal 0.9238795325112741 0.38268343236512015 0
    outer loop
      vertex 10.808755040439326 373.1781059100037 -31.666666666666664
      vertex 10.743641391661871 373.3353041639778 33.333333333333336
      vertex 10.808755040439326 373.1781059100037 33.333333333333336
    endloop
  endfacet
  facet normal 0.9025852843498869 0.4305110968082397 0
    outer loop
      vertex 10.882006574165583 373.0245308758465 -31.666666666666664
      vertex 10.808755040439326 373.1781059100037 33.333333333333336
      vertex 10.882006574165583 373.0245308758465 33.333333333333336
    endloop
  endfacet
  facet normal 0.8788171126619156 0.47715876025970005 0
    outer loop
      vertex 10.963195215478354 372.87500000000006 -31.666666666666664
      vertex 10.882006574165583 373.0245308758465 33.333333333333336
      vertex 10.963195215478354 372.87500000000006 33.333333333333336
    endloop
  endfacet
  facet normal 0.8526401643541417 0.5224985647158683 0
    outer loop
      vertex 11.052098431955148 372.7299231362012 -31.666666666666664
      vertex 10.963195215478354 372.87500000000006 33.333333333333336
      vertex 11.052098431955148 372.7299231362012 33.333333333333336
    endloop
  endfacet
  facet normal 0.824126188621978 0.5664062369248878 0
    outer loop
      vertex 11.1484725460592 372.5896979300495 -31.666666666666664
      vertex 11.052098431955148 372.7299231362012 33.333333333333336
      vertex 11.1484725460592 372.5896979300495 33.333333333333336
    endloop
  endfacet
  facet normal 0.7933533402912838 0.6087614290086573 0
    outer loop
      vertex 11.252053403042623 372.45470872908805 -31.666666666666664
      vertex 11.1484725460592 372.5896979300495 33.333333333333336
      vertex 11.252053403042623 372.45470872908805 33.333333333333336
    endloop
  endfacet
  facet normal 0.760405965599923 0.64944804833031 0
    outer loop
      vertex 11.362557094976246 372.3253255293338 -31.666666666666664
      vertex 11.252053403042623 372.45470872908805 33.333333333333336
      vertex 11.362557094976246 372.3253255293338 33.333333333333336
    endloop
  endfacet
  facet normal 0.7253743710122981 0.688354575693743 0
    outer loop
      vertex 11.479680738921498 372.2019029611438 -31.666666666666664
      vertex 11.362557094976246 372.3253255293338 33.333333333333336
      vertex 11.479680738921498 372.2019029611438 33.333333333333336
    endloop
  endfacet
  facet normal 0.6883545756937864 0.7253743710122569 0
    outer loop
      vertex 11.603103307111489 372.0847793171985 -31.666666666666664
      vertex 11.479680738921498 372.2019029611438 33.333333333333336
      vertex 11.603103307111489 372.0847793171985 33.333333333333336
    endloop
  endfacet
  facet normal 0.6494480483301519 0.7604059656000581 0
    outer loop
      vertex 11.732486506865808 371.9742756252649 -31.666666666666664
      vertex 11.603103307111489 372.0847793171985 33.333333333333336
      vertex 11.732486506865808 371.9742756252649 33.333333333333336
    endloop
  endfacet
  facet normal 0.6087614290088462 0.7933533402911389 0
    outer loop
      vertex 11.86747570782724 371.87069476828145 -31.666666666666664
      vertex 11.732486506865808 371.9742756252649 33.333333333333336
      vertex 11.86747570782724 371.87069476828145 33.333333333333336
    endloop
  endfacet
  facet normal 0.5664062369247823 0.8241261886220504 0
    outer loop
      vertex 12.00770091397894 371.7743206541774 -31.666666666666664
      vertex 11.86747570782724 371.87069476828145 33.333333333333336
      vertex 12.00770091397894 371.7743206541774 33.333333333333336
    endloop
  endfacet
  facet normal 0.5224985647159941 0.8526401643540645 0
    outer loop
      vertex 12.152777777777779 371.6854174377006 -31.666666666666664
      vertex 12.00770091397894 371.7743206541774 33.333333333333336
      vertex 12.152777777777779 371.6854174377006 33.333333333333336
    endloop
  endfacet
  facet normal 0.47715876025970927 0.8788171126619106 0
    outer loop
      vertex 12.302308653624252 371.6042287963878 -31.666666666666664
      vertex 12.152777777777779 371.6854174377006 33.333333333333336
      vertex 12.302308653624252 371.6042287963878 33.333333333333336
    endloop
  endfacet
  facet normal 0.43051109680826255 0.9025852843498763 0
    outer loop
      vertex 12.455883687781427 371.53097726266157 -31.666666666666664
      vertex 12.302308653624252 371.6042287963878 33.333333333333336
      vertex 12.455883687781427 371.53097726266157 33.333333333333336
    endloop
  endfacet
  facet normal 0.38268343236488417 0.9238795325113719 0
    outer loop
      vertex 12.613081941755553 371.46586361388415 -31.666666666666664
      vertex 12.455883687781427 371.53097726266157 33.333333333333336
      vertex 12.613081941755553 371.46586361388415 33.333333333333336
    endloop
  endfacet
  facet normal 0.3338068592337446 0.9426414910921876 0
    outer loop
      vertex 12.7734725460592 371.4090663220408 -31.666666666666664
      vertex 12.613081941755553 371.46586361388415 33.333333333333336
      vertex 12.7734725460592 371.4090663220408 33.333333333333336
    endloop
  endfacet
  facet normal 0.28401534470411527 0.958819734868136 0
    outer loop
      vertex 12.936615881194584 371.36074106456056 -31.666666666666664
      vertex 12.7734725460592 371.4090663220408 33.333333333333336
      vertex 12.936615881194584 371.36074106456056 33.333333333333336
    endloop
  endfacet
  facet normal 0.23344536385580547 0.9723699203977005 0
    outer loop
      vertex 13.102064782620062 371.3210202976152 -31.666666666666664
      vertex 12.936615881194584 371.36074106456056 33.333333333333336
      vertex 13.102064782620062 371.3210202976152 33.333333333333336
    endloop
  endfacet
  facet normal 0.1822355254920625 0.9832549075639703 0
    outer loop
      vertex 13.269365766397026 371.29001289306586 -31.666666666666664
      vertex 13.102064782620062 371.3210202976152 33.333333333333336
      vertex 13.269365766397026 371.29001289306586 33.333333333333336
    endloop
  endfacet
  facet normal 0.1305261922201966 0.9914448613737914 0
    outer loop
      vertex 13.438060272157905 371.26780384005315 -31.666666666666664
      vertex 13.269365766397026 371.29001289306586 33.333333333333336
      vertex 13.438060272157905 371.26780384005315 33.333333333333336
    endloop
  endfacet
  facet normal 0.07845909572774538 0.9969173337331357 0
    outer loop
      vertex 13.60768591998821 371.2544540120477 -31.666666666666664
      vertex 13.438060272157905 371.26780384005315 33.333333333333336
      vertex 13.60768591998821 371.2544540120477 33.333333333333336
    endloop
  endfacet
  facet normal 0.026176948307851763 0.9996573249755578 0
    outer loop
      vertex 13.60768591998821 371.2544540120477 33.333333333333336
      vertex 13.777777777777779 371.25000000000006 33.333333333333336
      vertex 13.777777777777779 371.25000000000006 -31.666666666666664
    endloop
  endfacet
  facet normal 0 0 1
    outer loop
      vertex 5.232692805903041 352.1336063074132 33.333333333333336
      vertex 6.777777777777778 351.8888888888889 33.333333333333336
      vertex 20.77777777777778 351.8888888888889 33.333333333333336
    endloop
  endfacet
  facet normal 0 0 1
    outer loop
      vertex 5.232692805903041 352.1336063074132 33.333333333333336
      vertex 13.777777777777779 371.25000000000006 33.333333333333336
      vertex 13.60768591998821 371.2544540120477 33.333333333333336
    endloop
  endfacet
  facet normal 0 0 1
    outer loop
      vertex 5.232692805903041 352.1336063074132 33.333333333333336
      vertex 13.947869635567343 371.2544540120477 33.333333333333336
      vertex 13.777777777777779 371.25000000000006 33.333333333333336
    endloop
  endfacet
  facet normal 0 0 1
    outer loop
      vertex 5.232692805903041 352.1336063074132 33.333333333333336
      vertex 14.117495283397652 371.26780384005315 33.333333333333336
      vertex 13.947869635567343 371.2544540120477 33.333333333333336
    endloop
  endfacet
  facet normal 0 0 1
    outer loop
      vertex 5.232692805903041 352.1336063074132 33.333333333333336
      vertex 14.286189789158527 371.29001289306586 33.333333333333336
      vertex 14.117495283397652 371.26780384005315 33.333333333333336
    endloop
  endfacet
  facet normal 0 0 1
    outer loop
      vertex 5.232692805903041 352.1336063074132 33.333333333333336
      vertex 14.453490772935496 371.3210202976152 33.333333333333336
      vertex 14.286189789158527 371.29001289306586 33.333333333333336
    endloop
  endfacet
  facet normal 0 0 1
    outer loop
      vertex 5.232692805903041 352.1336063074132 33.333333333333336
      vertex 14.61893967436097 371.36074106456056 33.333333333333336
      vertex 14.453490772935496 371.3210202976152 33.333333333333336
    endloop
  endfacet
  facet normal 0 0 1
    outer loop
      vertex 5.232692805903041 352.1336063074132 33.333333333333336
      vertex 14.782083009496358 371.4090663220408 33.333333333333336
      vertex 14.61893967436097 371.36074106456056 33.333333333333336
    endloop
  endfacet
  facet normal 0 0 1
    outer loop
      vertex 5.232692805903041 352.1336063074132 33.333333333333336
      vertex 14.942473613800004 371.46586361388415 33.333333333333336
      vertex 14.782083009496358 371.4090663220408 33.333333333333336
    endloop
  endfacet
  facet normal 0 0 1
    outer loop
      vertex 5.232692805903041 352.1336063074132 33.333333333333336
      vertex 15.099671867774127 371.53097726266157 33.333333333333336
      vertex 14.942473613800004 371.46586361388415 33.333333333333336
    endloop
  endfacet
  facet normal 0.9025852843498252 -0.4305110968083696 0
    outer loop
      vertex 10.808755040439326 375.8218940899964 -31.666666666666664
      vertex 10.882006574165583 375.97546912415356 33.333333333333336
      vertex 10.808755040439326 375.8218940899964 33.333333333333336
    endloop
  endfacet
  facet normal 0.8788171126619917 -0.47715876025956 0
    outer loop
      vertex 10.882006574165583 375.97546912415356 -31.666666666666664
      vertex 10.963195215478354 376.12500000000006 33.333333333333336
      vertex 10.882006574165583 375.97546912415356 33.333333333333336
    endloop
  endfacet
  facet normal 0.8526401643540504 -0.5224985647160171 0
    outer loop
      vertex 10.963195215478354 376.12500000000006 -31.666666666666664
      vertex 11.052098431955148 376.27007686379886 33.333333333333336
      vertex 10.963195215478354 376.12500000000006 33.333333333333336
    endloop
  endfacet
  facet normal 0.8241261886220852 -0.5664062369247318 0
    outer loop
      vertex 11.052098431955148 376.27007686379886 -31.666666666666664
      vertex 11.1484725460592 376.4103020699506 33.333333333333336
      vertex 11.052098431955148 376.27007686379886 33.333333333333336
    endloop
  endfacet
  facet normal 0.79335334029116 -0.6087614290088186 0
    outer loop
      vertex 11.1484725460592 376.4103020699506 -31.666666666666664
      vertex 11.252053403042623 376.545291270912 33.333333333333336
      vertex 11.1484725460592 376.4103020699506 33.333333333333336
    endloop
  endfacet
  facet normal 0.7604059656000639 -0.649448048330145 0
    outer loop
      vertex 11.252053403042623 376.545291270912 -31.666666666666664
      vertex 11.362557094976246 376.67467447066633 33.333333333333336
      vertex 11.252053403042623 376.545291270912 33.333333333333336
    endloop
  endfacet
  facet normal 0.7253743710122981 -0.688354575693743 0
    outer loop
      vertex 11.362557094976246 376.67467447066633 -31.666666666666664
      vertex 11.479680738921498 376.7980970388563 33.333333333333336
      vertex 11.362557094976246 376.67467447066633 33.333333333333336
    endloop
  endfacet
  facet normal 0.6883545756937864 -0.7253743710122569 0
    outer loop
      vertex 11.479680738921498 376.7980970388563 -31.666666666666664
      vertex 11.603103307111489 376.9152206828016 33.333333333333336
      vertex 11.479680738921498 376.7980970388563 33.333333333333336
    endloop
  endfacet
  facet normal 0.6494480483301519 -0.7604059656000581 0
    outer loop
      vertex 11.603103307111489 376.9152206828016 -31.666666666666664
      vertex 11.732486506865808 377.0257243747352 33.333333333333336
      vertex 11.603103307111489 376.9152206828016 33.333333333333336
    endloop
  endfacet
  facet normal 0.608761429008636 -0.7933533402913002 0
    outer loop
      vertex 11.732486506865808 377.0257243747352 -31.666666666666664
      vertex 11.86747570782724 377.1293052317186 33.333333333333336
      vertex 11.732486506865808 377.0257243747352 33.333333333333336
    endloop
  endfacet
  facet normal 0.5664062369247823 -0.8241261886220504 0
    outer loop
      vertex 11.86747570782724 377.1293052317186 -31.666666666666664
      vertex 12.00770091397894 377.22567934582264 33.333333333333336
      vertex 11.86747570782724 377.1293052317186 33.333333333333336
    endloop
  endfacet
  facet normal 0.5224985647159941 -0.8526401643540645 0
    outer loop
      vertex 12.00770091397894 377.22567934582264 -31.666666666666664
      vertex 12.152777777777779 377.31458256229945 33.333333333333336
      vertex 12.00770091397894 377.22567934582264 33.333333333333336
    endloop
  endfacet
  facet normal 0.47715876025970927 -0.8788171126619106 0
    outer loop
      vertex 12.152777777777779 377.31458256229945 -31.666666666666664
      vertex 12.302308653624252 377.39577120361224 33.333333333333336
      vertex 12.152777777777779 377.31458256229945 33.333333333333336
    endloop
  endfacet
  facet normal 0.43051109680826255 -0.9025852843498763 0
    outer loop
      vertex 12.302308653624252 377.39577120361224 -31.666666666666664
      vertex 12.455883687781427 377.4690227373385 33.333333333333336
      vertex 12.302308653624252 377.39577120361224 33.333333333333336
    endloop
  endfacet
  facet normal 0.38268343236516933 -0.9238795325112538 0
    outer loop
      vertex 12.455883687781427 377.4690227373385 -31.666666666666664
      vertex 12.613081941755553 377.53413638611596 33.333333333333336
      vertex 12.455883687781427 377.4690227373385 33.333333333333336
    endloop
  endfacet
  facet normal 0.3338068592337446 -0.9426414910921876 0
    outer loop
      vertex 12.613081941755553 377.53413638611596 -31.666666666666664
      vertex 12.7734725460592 377.5909336779593 33.333333333333336
      vertex 12.613081941755553 377.53413638611596 33.333333333333336
    endloop
  endfacet
  facet normal 0.2840153447038081 -0.958819734868227 0
    outer loop
      vertex 12.7734725460592 377.5909336779593 -31.666666666666664
      vertex 12.936615881194584 377.6392589354395 33.333333333333336
      vertex 12.7734725460592 377.5909336779593 33.333333333333336
    endloop
  endfacet
  facet normal 0.23344536385612133 -0.9723699203976247 0
    outer loop
      vertex 12.936615881194584 377.6392589354395 -31.666666666666664
      vertex 13.102064782620062 377.67897970238494 33.333333333333336
      vertex 12.936615881194584 377.6392589354395 33.333333333333336
    endloop
  endfacet
  facet normal 0.1822355254920625 -0.9832549075639703 0
    outer loop
      vertex 13.102064782620062 377.67897970238494 -31.666666666666664
      vertex 13.269365766397026 377.70998710693425 33.333333333333336
      vertex 13.102064782620062 377.67897970238494 33.333333333333336
    endloop
  endfacet
  facet normal 0.13052619221986822 -0.9914448613738346 0
    outer loop
      vertex 13.269365766397026 377.70998710693425 -31.666666666666664
      vertex 13.438060272157905 377.7321961599469 33.333333333333336
      vertex 13.269365766397026 377.70998710693425 33.333333333333336
    endloop
  endfacet
  facet normal 0.07845909572807741 -0.9969173337331096 0
    outer loop
      vertex 13.438060272157905 377.7321961599469 -31.666666666666664
      vertex 13.60768591998821 377.7455459879524 33.333333333333336
      vertex 13.438060272157905 377.7321961599469 33.333333333333336
    endloop
  endfacet
  facet normal 0.026176948307851763 -0.9996573249755578 0
    outer loop
      vertex 13.60768591998821 377.7455459879524 -31.666666666666664
      vertex 13.777777777777779 377.75000000000006 33.333333333333336
      vertex 13.60768591998821 377.7455459879524 33.333333333333336
    endloop
  endfacet
  facet normal 0 0 1
    outer loop
      vertex 10.808755040439326 375.8218940899964 33.333333333333336
      vertex 10.882006574165583 375.97546912415356 33.333333333333336
      vertex 10.808755040439326 395.4003281322259 33.333333333333336
    endloop
  endfacet
  facet normal 0 0 1
    outer loop
      vertex 10.882006574165583 375.97546912415356 33.333333333333336
      vertex 10.963195215478354 376.12500000000006 33.333333333333336
      vertex 10.882006574165583 395.2467530980687 33.333333333333336
    endloop
  endfacet
  facet normal 0 0 1
    outer loop
      vertex 10.963195215478354 376.12500000000006 33.333333333333336
      vertex 11.052098431955148 376.27007686379886 33.333333333333336
      vertex 10.963195215478354 395.0972222222223 33.333333333333336
    endloop
  endfacet
  facet normal 0 0 1
    outer loop
      vertex 11.052098431955148 376.27007686379886 33.333333333333336
      vertex 11.1484725460592 376.4103020699506 33.333333333333336
      vertex 11.052098431955148 394.9521453584234 33.333333333333336
    endloop
  endfacet
  facet normal 0 0 1
    outer loop
      vertex 11.1484725460592 376.4103020699506 33.333333333333336
      vertex 11.252053403042623 376.545291270912 33.333333333333336
      vertex 11.1484725460592 394.81192015227174 33.333333333333336
    endloop
  endfacet
  facet normal 0 0 1
    outer loop
      vertex 11.252053403042623 376.545291270912 33.333333333333336
      vertex 11.362557094976246 376.67467447066633 33.333333333333336
      vertex 11.252053403042623 394.6769309513103 33.333333333333336
    endloop
  endfacet
  facet normal 0 0 1
    outer loop
      vertex 11.362557094976246 376.67467447066633 33.333333333333336
      vertex 11.479680738921498 376.7980970388563 33.333333333333336
      vertex 11.362557094976246 394.54754775155595 33.333333333333336
    endloop
  endfacet
  facet normal 0 0 1
    outer loop
      vertex 11.479680738921498 376.7980970388563 33.333333333333336
      vertex 11.603103307111489 376.9152206828016 33.333333333333336
      vertex 11.479680738921498 394.42412518336596 33.333333333333336
    endloop
  endfacet
  facet normal 0 0 1
    outer loop
      vertex 11.603103307111489 376.9152206828016 33.333333333333336
      vertex 11.732486506865808 377.0257243747352 33.333333333333336
      vertex 11.603103307111489 394.30700153942075 33.333333333333336
    endloop
  endfacet
  facet normal 0 0 1
    outer loop
      vertex 11.732486506865808 377.0257243747352 33.333333333333336
      vertex 11.86747570782724 377.1293052317186 33.333333333333336
      vertex 11.732486506865808 394.1964978474871 33.333333333333336
    endloop
  endfacet
  facet normal 0 0 1
    outer loop
      vertex 11.86747570782724 377.1293052317186 33.333333333333336
      vertex 12.00770091397894 377.22567934582264 33.333333333333336
      vertex 11.86747570782724 394.0929169905037 33.333333333333336
    endloop
  endfacet
  facet normal 0 0 1
    outer loop
      vertex 12.00770091397894 377.22567934582264 33.333333333333336
      vertex 12.152777777777779 377.31458256229945 33.333333333333336
      vertex 12.00770091397894 393.99654287639964 33.333333333333336
    endloop
  endfacet
  facet normal 0 0 1
    outer loop
      vertex 12.152777777777779 377.31458256229945 33.333333333333336
      vertex 12.302308653624252 377.39577120361224 33.333333333333336
      vertex 12.152777777777779 393.90763965992284 33.333333333333336
    endloop
  endfacet
  facet normal 0 0 1
    outer loop
      vertex 10.743641391661871 395.55752638620004 33.333333333333336
      vertex 10.808755040439326 375.8218940899964 33.333333333333336
      vertex 10.808755040439326 395.4003281322259 33.333333333333336
    endloop
  endfacet
  facet normal 0 0 1
    outer loop
      vertex 10.882006574165583 375.97546912415356 33.333333333333336
      vertex 10.882006574165583 395.2467530980687 33.333333333333336
      vertex 10.808755040439326 395.4003281322259 33.333333333333336
    endloop
  endfacet
  facet normal 0 0 1
    outer loop
      vertex 10.963195215478354 376.12500000000006 33.333333333333336
      vertex 10.963195215478354 395.0972222222223 33.333333333333336
      vertex 10.882006574165583 395.2467530980687 33.333333333333336
    endloop
  endfacet
  facet normal 0 0 1
    outer loop
      vertex 11.052098431955148 376.27007686379886 33.333333333333336
      vertex 11.052098431955148 394.9521453584234 33.333333333333336
      vertex 10.963195215478354 395.0972222222223 33.333333333333336
    endloop
  endfacet
  facet normal 0 0 1
    outer loop
      vertex 11.1484725460592 376.4103020699506 33.333333333333336
      vertex 11.1484725460592 394.81192015227174 33.333333333333336
      vertex 11.052098431955148 394.9521453584234 33.333333333333336
    endloop
  endfacet
  facet normal 0 0 1
    outer loop
      vertex 11.252053403042623 376.545291270912 33.333333333333336
      vertex 11.252053403042623 394.6769309513103 33.333333333333336
      vertex 11.1484725460592 394.81192015227174 33.333333333333336
    endloop
  endfacet
  facet normal 0 0 1
    outer loop
      vertex 11.362557094976246 376.67467447066633 33.333333333333336
      vertex 11.362557094976246 394.54754775155595 33.333333333333336
      vertex 11.252053403042623 394.6769309513103 33.333333333333336
    endloop
  endfacet
  facet normal 0 0 1
    outer loop
      vertex 11.479680738921498 376.7980970388563 33.333333333333336
      vertex 11.479680738921498 394.42412518336596 33.333333333333336
      vertex 11.362557094976246 394.54754775155595 33.333333333333336
    endloop
  endfacet
  facet normal 0 0 1
    outer loop
      vertex 11.603103307111489 376.9152206828016 33.333333333333336
      vertex 11.603103307111489 394.30700153942075 33.333333333333336
      vertex 11.479680738921498 394.42412518336596 33.333333333333336
    endloop
  endfacet
  facet normal 0 0 1
    outer loop
      vertex 11.732486506865808 377.0257243747352 33.333333333333336
      vertex 11.732486506865808 394.1964978474871 33.333333333333336
      vertex 11.603103307111489 394.30700153942075 33.333333333333336
    endloop
  endfacet
  facet normal 0 0 1
    outer loop
      vertex 11.86747570782724 377.1293052317186 33.333333333333336
      vertex 11.86747570782724 394.0929169905037 33.333333333333336
      vertex 11.732486506865808 394.1964978474871 33.333333333333336
    endloop
  endfacet
  facet normal 0 0 1
    outer loop
      vertex 12.00770091397894 377.22567934582264 33.333333333333336
      vertex 12.00770091397894 393.99654287639964 33.333333333333336
      vertex 11.86747570782724 394.0929169905037 33.333333333333336
    endloop
  endfacet
  facet normal 0 0 1
    outer loop
      vertex 12.152777777777779 377.31458256229945 33.333333333333336
      vertex 12.152777777777779 393.90763965992284 33.333333333333336
      vertex 12.00770091397894 393.99654287639964 33.333333333333336
    endloop
  endfacet
  facet normal 0 0 1
    outer loop
      vertex 12.152777777777779 393.90763965992284 33.333333333333336
      vertex 12.302308653624252 377.39577120361224 33.333333333333336
      vertex 12.302308653624252 393.82645101861004 33.333333333333336
    endloop
  endfacet
  facet normal 0 0 1
    outer loop
      vertex 12.302308653624252 377.39577120361224 33.333333333333336
      vertex 12.455883687781427 377.4690227373385 33.333333333333336
      vertex 12.302308653624252 393.82645101861004 33.333333333333336
    endloop
  endfacet
  facet normal 0 0 1
    outer loop
      vertex 12.455883687781427 377.4690227373385 33.333333333333336
      vertex 12.613081941755553 377.53413638611596 33.333333333333336
      vertex 12.455883687781427 393.7531994848838 33.333333333333336
    endloop
  endfacet
  facet normal 0 0 1
    outer loop
      vertex 12.613081941755553 377.53413638611596 33.333333333333336
      vertex 12.7734725460592 377.5909336779593 33.333333333333336
      vertex 12.613081941755553 393.6880858361063 33.333333333333336
    endloop
  endfacet
  facet normal 0 0 1
    outer loop
      vertex 12.7734725460592 377.5909336779593 33.333333333333336
      vertex 12.936615881194584 377.6392589354395 33.333333333333336
      vertex 12.7734725460592 393.631288544263 33.333333333333336
    endloop
  endfacet
  facet normal 0 0 1
    outer loop
      vertex 12.936615881194584 377.6392589354395 33.333333333333336
      vertex 13.102064782620062 377.67897970238494 33.333333333333336
      vertex 12.936615881194584 393.5829632867828 33.333333333333336
    endloop
  endfacet
  facet normal 0 0 1
    outer loop
      vertex 13.102064782620062 377.67897970238494 33.333333333333336
      vertex 13.269365766397026 377.70998710693425 33.333333333333336
      vertex 13.102064782620062 393.5432425198374 33.333333333333336
    endloop
  endfacet
  facet normal 0 0 1
    outer loop
      vertex 13.269365766397026 377.70998710693425 33.333333333333336
      vertex 13.438060272157905 377.7321961599469 33.333333333333336
      vertex 13.269365766397026 393.51223511528804 33.333333333333336
    endloop
  endfacet
  facet normal 0 0 1
    outer loop
      vertex 13.438060272157905 377.7321961599469 33.333333333333336
      vertex 13.60768591998821 377.7455459879524 33.333333333333336
      vertex 13.438060272157905 393.4900260622754 33.333333333333336
    endloop
  endfacet
  facet normal 0 0 1
    outer loop
      vertex 13.60768591998821 377.7455459879524 33.333333333333336
      vertex 13.777777777777779 377.75000000000006 33.333333333333336
      vertex 13.60768591998821 393.4766762342699 33.333333333333336
    endloop
  endfacet
  facet normal 0 0 1
    outer loop
      vertex 12.455883687781427 377.4690227373385 33.333333333333336
      vertex 12.455883687781427 393.7531994848838 33.333333333333336
      vertex 12.302308653624252 393.82645101861004 33.333333333333336
    endloop
  endfacet
  facet normal 0 0 1
    outer loop
      vertex 12.613081941755553 377.53413638611596 33.333333333333336
      vertex 12.613081941755553 393.6880858361063 33.333333333333336
      vertex 12.455883687781427 393.7531994848838 33.333333333333336
    endloop
  endfacet
  facet normal 0 0 1
    outer loop
      vertex 12.7734725460592 377.5909336779593 33.333333333333336
      vertex 12.7734725460592 393.631288544263 33.333333333333336
      vertex 12.613081941755553 393.6880858361063 33.333333333333336
    endloop
  endfacet
  facet normal 0 0 1
    outer loop
      vertex 12.936615881194584 377.6392589354395 33.333333333333336
      vertex 12.936615881194584 393.5829632867828 33.333333333333336
      vertex 12.7734725460592 393.631288544263 33.333333333333336
    endloop
  endfacet
  facet normal 0 0 1
    outer loop
      vertex 13.102064782620062 377.67897970238494 33.333333333333336
      vertex 13.102064782620062 393.5432425198374 33.333333333333336
      vertex 12.936615881194584 393.5829632867828 33.333333333333336
    endloop
  endfacet
  facet normal 0 0 1
    outer loop
      vertex 13.269365766397026 377.70998710693425 33.333333333333336
      vertex 13.269365766397026 393.51223511528804 33.333333333333336
      vertex 13.102064782620062 393.5432425198374 33.333333333333336
    endloop
  endfacet
  facet normal 0 0 1
    outer loop
      vertex 13.438060272157905 377.7321961599469 33.333333333333336
      vertex 13.438060272157905 393.4900260622754 33.333333333333336
      vertex 13.269365766397026 393.51223511528804 33.333333333333336
    endloop
  endfacet
  facet normal 0 0 1
    outer loop
      vertex 13.60768591998821 377.7455459879524 33.333333333333336
      vertex 13.60768591998821 393.4766762342699 33.333333333333336
      vertex 13.438060272157905 393.4900260622754 33.333333333333336
    endloop
  endfacet
  facet normal 0 0 1
    outer loop
      vertex 13.60768591998821 393.4766762342699 33.333333333333336
      vertex 13.777777777777779 377.75000000000006 33.333333333333336
      vertex 13.777777777777779 393.4722222222223 33.333333333333336
    endloop
  endfacet
  facet normal 0.6494480483301519 -0.7604059656000581 0
    outer loop
      vertex 11.732486506865808 399.24794659695743 -56.666666666666664
      vertex 11.732486506865808 399.24794659695743 33.333333333333336
      vertex 11.603103307111489 399.1374429050238 33.333333333333336
    endloop
  endfacet
  facet normal 0.608761429008636 -0.7933533402913002 0
    outer loop
      vertex 11.86747570782724 399.35152745394083 -56.666666666666664
      vertex 11.86747570782724 399.35152745394083 33.333333333333336
      vertex 11.732486506865808 399.24794659695743 33.333333333333336
    endloop
  endfacet
  facet normal 0.5664062369247823 -0.8241261886220504 0
    outer loop
      vertex 12.00770091397894 399.44790156804487 -56.666666666666664
      vertex 12.00770091397894 399.44790156804487 33.333333333333336
      vertex 11.86747570782724 399.35152745394083 33.333333333333336
    endloop
  endfacet
  facet normal 0.5224985647159941 -0.8526401643540645 0
    outer loop
      vertex 12.152777777777779 399.5368047845217 -56.666666666666664
      vertex 12.152777777777779 399.5368047845217 33.333333333333336
      vertex 12.00770091397894 399.44790156804487 33.333333333333336
    endloop
  endfacet
  facet normal 0.47715876025970927 -0.8788171126619106 0
    outer loop
      vertex 12.302308653624252 399.61799342583447 -56.666666666666664
      vertex 12.302308653624252 399.61799342583447 33.333333333333336
      vertex 12.152777777777779 399.5368047845217 33.333333333333336
    endloop
  endfacet
  facet normal -1 0 0
    outer loop
      vertex 11.777777777777779 409.83333333333337 33.333333333333336
      vertex 11.777777777777779 405.83333333333337 -50.666666666666664
      vertex 11.777777777777779 405.83333333333337 33.333333333333336
    endloop
  endfacet
  facet normal 0.4305110968082625 -0.9025852843498762 0
    outer loop
      vertex 12.455883687781427 399.6912449595607 -56.666666666666664
      vertex 12.455883687781427 399.6912449595607 33.333333333333336
      vertex 12.302308653624252 399.61799342583447 33.333333333333336
    endloop
  endfacet
  facet normal 0.38268343236488417 -0.9238795325113719 0
    outer loop
      vertex 12.613081941755553 399.75635860833813 -56.666666666666664
      vertex 12.613081941755553 399.75635860833813 33.333333333333336
      vertex 12.455883687781427 399.6912449595607 33.333333333333336
    endloop
  endfacet
  facet normal 0.33380685923404146 -0.9426414910920825 0
    outer loop
      vertex 12.7734725460592 399.8131559001815 -56.666666666666664
      vertex 12.7734725460592 399.8131559001815 33.333333333333336
      vertex 12.613081941755553 399.75635860833813 33.333333333333336
    endloop
  endfacet
  facet normal 0.2840153447038081 -0.958819734868227 0
    outer loop
      vertex 12.936615881194584 399.86148115766173 -56.666666666666664
      vertex 12.936615881194584 399.86148115766173 33.333333333333336
      vertex 12.7734725460592 399.8131559001815 33.333333333333336
    endloop
  endfacet
  facet normal 0.23344536385580547 -0.9723699203977006 0
    outer loop
      vertex 13.102064782620062 399.9012019246071 -56.666666666666664
      vertex 13.102064782620062 399.9012019246071 33.333333333333336
      vertex 12.936615881194584 399.86148115766173 33.333333333333336
    endloop
  endfacet
  facet normal 0.1822355254923855 -0.9832549075639104 0
    outer loop
      vertex 13.269365766397026 399.9322093291565 -56.666666666666664
      vertex 13.269365766397026 399.9322093291565 33.333333333333336
      vertex 13.102064782620062 399.9012019246071 33.333333333333336
    endloop
  endfacet
  facet normal 0.13052619221986822 -0.9914448613738346 0
    outer loop
      vertex 13.438060272157905 399.95441838216914 -56.666666666666664
      vertex 13.438060272157905 399.95441838216914 33.333333333333336
      vertex 13.269365766397026 399.9322093291565 33.333333333333336
    endloop
  endfacet
  facet normal 0.07845909572774538 -0.9969173337331358 0
    outer loop
      vertex 13.60768591998821 399.9677682101746 -56.666666666666664
      vertex 13.60768591998821 399.9677682101746 33.333333333333336
      vertex 13.438060272157905 399.95441838216914 33.333333333333336
    endloop
  endfacet
  facet normal 0.02617694830818561 -0.9996573249755492 0
    outer loop
      vertex 13.60768591998821 399.9677682101746 33.333333333333336
      vertex 13.777777777777779 399.9722222222223 -56.666666666666664
      vertex 13.777777777777779 399.9722222222223 33.333333333333336
    endloop
  endfacet
  facet normal 0 0 1
    outer loop
      vertex 1.7777777777777777 405.83333333333337 33.333333333333336
      vertex 10.808755040439326 398.0441163122186 33.333333333333336
      vertex 10.882006574165583 398.1976913463758 33.333333333333336
    endloop
  endfacet
  facet normal 0 0 1
    outer loop
      vertex 1.7777777777777777 405.83333333333337 33.333333333333336
      vertex 10.882006574165583 398.1976913463758 33.333333333333336
      vertex 10.963195215478354 398.3472222222223 33.333333333333336
    endloop
  endfacet
  facet normal 0 0 1
    outer loop
      vertex 1.7777777777777777 405.83333333333337 33.333333333333336
      vertex 10.963195215478354 398.3472222222223 33.333333333333336
      vertex 11.052098431955148 398.4922990860211 33.333333333333336
    endloop
  endfacet
  facet normal 0 0 1
    outer loop
      vertex 1.7777777777777777 405.83333333333337 33.333333333333336
      vertex 11.052098431955148 398.4922990860211 33.333333333333336
      vertex 11.1484725460592 398.6325242921728 33.333333333333336
    endloop
  endfacet
  facet normal 0 0 1
    outer loop
      vertex 1.7777777777777777 405.83333333333337 33.333333333333336
      vertex 11.1484725460592 398.6325242921728 33.333333333333336
      vertex 11.252053403042623 398.76751349313423 33.333333333333336
    endloop
  endfacet
  facet normal 0 0 1
    outer loop
      vertex 1.7777777777777777 405.83333333333337 33.333333333333336
      vertex 11.252053403042623 398.76751349313423 33.333333333333336
      vertex 11.362557094976246 398.89689669288856 33.333333333333336
    endloop
  endfacet
  facet normal 0 0 1
    outer loop
      vertex 1.7777777777777777 405.83333333333337 33.333333333333336
      vertex 11.362557094976246 398.89689669288856 33.333333333333336
      vertex 11.479680738921498 399.02031926107855 33.333333333333336
    endloop
  endfacet
  facet normal 0 0 1
    outer loop
      vertex 1.7777777777777777 405.83333333333337 33.333333333333336
      vertex 11.479680738921498 399.02031926107855 33.333333333333336
      vertex 11.603103307111489 399.1374429050238 33.333333333333336
    endloop
  endfacet
  facet normal 0 0 1
    outer loop
      vertex 1.7777777777777777 405.83333333333337 33.333333333333336
      vertex 11.603103307111489 399.1374429050238 33.333333333333336
      vertex 11.732486506865808 399.24794659695743 33.333333333333336
    endloop
  endfacet
  facet normal 0 0 1
    outer loop
      vertex 1.7777777777777777 405.83333333333337 33.333333333333336
      vertex 11.732486506865808 399.24794659695743 33.333333333333336
      vertex 11.86747570782724 399.35152745394083 33.333333333333336
    endloop
  endfacet
  facet normal 0 0 1
    outer loop
      vertex 1.7777777777777777 405.83333333333337 33.333333333333336
      vertex 11.86747570782724 399.35152745394083 33.333333333333336
      vertex 12.00770091397894 399.44790156804487 33.333333333333336
    endloop
  endfacet
  facet normal 0 0 1
    outer loop
      vertex 1.7777777777777777 405.83333333333337 33.333333333333336
      vertex 12.00770091397894 399.44790156804487 33.333333333333336
      vertex 12.152777777777779 399.5368047845217 33.333333333333336
    endloop
  endfacet
  facet normal 0 0 1
    outer loop
      vertex 1.7777777777777777 405.83333333333337 33.333333333333336
      vertex 12.152777777777779 399.5368047845217 33.333333333333336
      vertex 12.302308653624252 399.61799342583447 33.333333333333336
    endloop
  endfacet
  facet normal 0 0 1
    outer loop
      vertex 1.7777777777777777 405.83333333333337 33.333333333333336
      vertex 12.302308653624252 399.61799342583447 33.333333333333336
      vertex 12.455883687781427 399.6912449595607 33.333333333333336
    endloop
  endfacet
  facet normal 0 0 1
    outer loop
      vertex 1.7777777777777777 405.83333333333337 33.333333333333336
      vertex 12.455883687781427 399.6912449595607 33.333333333333336
      vertex 12.613081941755553 399.75635860833813 33.333333333333336
    endloop
  endfacet
  facet normal 0 0 1
    outer loop
      vertex 1.7777777777777777 405.83333333333337 33.333333333333336
      vertex 12.613081941755553 399.75635860833813 33.333333333333336
      vertex 12.7734725460592 399.8131559001815 33.333333333333336
    endloop
  endfacet
  facet normal 0 0 1
    outer loop
      vertex 1.7777777777777777 405.83333333333337 33.333333333333336
      vertex 12.7734725460592 399.8131559001815 33.333333333333336
      vertex 12.936615881194584 399.86148115766173 33.333333333333336
    endloop
  endfacet
  facet normal 0 0 1
    outer loop
      vertex 1.7777777777777777 405.83333333333337 33.333333333333336
      vertex 12.936615881194584 399.86148115766173 33.333333333333336
      vertex 13.102064782620062 399.9012019246071 33.333333333333336
    endloop
  endfacet
  facet normal 0 0 1
    outer loop
      vertex 1.7777777777777777 405.83333333333337 33.333333333333336
      vertex 13.102064782620062 399.9012019246071 33.333333333333336
      vertex 13.269365766397026 399.9322093291565 33.333333333333336
    endloop
  endfacet
  facet normal 0 0 1
    outer loop
      vertex 1.7777777777777777 405.83333333333337 33.333333333333336
      vertex 13.269365766397026 399.9322093291565 33.333333333333336
      vertex 13.438060272157905 399.95441838216914 33.333333333333336
    endloop
  endfacet
  facet normal 0 0 1
    outer loop
      vertex 1.7777777777777777 405.83333333333337 33.333333333333336
      vertex 13.438060272157905 399.95441838216914 33.333333333333336
      vertex 13.60768591998821 399.9677682101746 33.333333333333336
    endloop
  endfacet
  facet normal 0 0 1
    outer loop
      vertex 1.7777777777777777 405.83333333333337 33.333333333333336
      vertex 14.61893967436097 399.86148115766173 33.333333333333336
      vertex 11.777777777777779 405.83333333333337 33.333333333333336
    endloop
  endfacet
  facet normal 0 0 1
    outer loop
      vertex 1.7777777777777777 405.83333333333337 33.333333333333336
      vertex 13.60768591998821 399.9677682101746 33.333333333333336
      vertex 13.777777777777779 399.9722222222223 33.333333333333336
    endloop
  endfacet
  facet normal 0 0 1
    outer loop
      vertex 1.7777777777777777 405.83333333333337 33.333333333333336
      vertex 13.777777777777779 399.9722222222223 33.333333333333336
      vertex 13.947869635567343 399.9677682101746 33.333333333333336
    endloop
  endfacet
  facet normal 0 0 1
    outer loop
      vertex 1.7777777777777777 405.83333333333337 33.333333333333336
      vertex 13.947869635567343 399.9677682101746 33.333333333333336
      vertex 14.117495283397652 399.95441838216914 33.333333333333336
    endloop
  endfacet
  facet normal 0 0 1
    outer loop
      vertex 1.7777777777777777 405.83333333333337 33.333333333333336
      vertex 14.117495283397652 399.95441838216914 33.333333333333336
      vertex 14.286189789158527 399.9322093291565 33.333333333333336
    endloop
  endfacet
  facet normal 0 0 1
    outer loop
      vertex 1.7777777777777777 405.83333333333337 33.333333333333336
      vertex 14.286189789158527 399.9322093291565 33.333333333333336
      vertex 14.453490772935496 399.9012019246071 33.333333333333336
    endloop
  endfacet
  facet normal 0 0 1
    outer loop
      vertex 1.7777777777777777 405.83333333333337 33.333333333333336
      vertex 14.453490772935496 399.9012019246071 33.333333333333336
      vertex 14.61893967436097 399.86148115766173 33.333333333333336
    endloop
  endfacet
  facet normal 0 0 1
    outer loop
      vertex 11.777777777777779 409.83333333333337 33.333333333333336
      vertex 11.777777777777779 405.83333333333337 33.333333333333336
      vertex 15.777777777777779 405.83333333333337 33.333333333333336
    endloop
  endfacet
  facet normal -1 0 0
    outer loop
      vertex 1.7777777777777777 379.11111111111114 -63.55555555555555
      vertex 1.7777777777777777 486.83333333333337 -50.666666666666664
      vertex 1.7777777777777777 513.5555555555557 -63.55555555555555
    endloop
  endfacet
  facet normal 0 0 1
    outer loop
      vertex 1.7777777777777777 405.83333333333337 -50.666666666666664
      vertex 11.777777777777779 482.83333333333337 -50.666666666666664
      vertex 1.7777777777777777 486.83333333333337 -50.666666666666664
    endloop
  endfacet
  facet normal 0 -1 0
    outer loop
      vertex 1.7777777777777777 486.83333333333337 -50.666666666666664
      vertex 11.777777777777779 486.83333333333337 -50.666666666666664
      vertex 1.7777777777777777 486.83333333333337 33.333333333333336
    endloop
  endfacet
  facet normal -1 0 0
    outer loop
      vertex 1.7777777777777777 486.83333333333337 -50.666666666666664
      vertex 1.7777777777777777 486.83333333333337 33.333333333333336
      vertex 1.7777777777777777 513.5555555555557 -63.55555555555555
    endloop
  endfacet
  facet normal -0.9996393083078667 0.02617647652483531 -0.006003779019457626
    outer loop
      vertex 1.7777777777777777 513.5555555555557 -63.55555555555555
      vertex 1.7777777777777777 535.7777777777778 33.333333333333336
      vertex 1.7846301040049086 513.8172353367703 -63.55555555555555
    endloop
  endfacet
  facet normal -0.9967559583418804 0.0784463952091115 -0.017992292479154064
    outer loop
      vertex 1.7846301040049086 513.8172353367703 -63.55555555555555
      vertex 1.7846301040049086 536.0394575589926 33.333333333333336
      vertex 1.805168300936411 514.0781978718938 -63.55555555555555
    endloop
  endfacet
  facet normal -0.9910008755265458 0.13046774037433007 -0.029923793663837257
    outer loop
      vertex 1.805168300936411 514.0781978718938 -63.55555555555555
      vertex 1.805168300936411 536.3004200941161 33.333333333333336
      vertex 1.8393360748020884 514.3377278807568 -63.55555555555555
    endloop
  endfacet
  facet normal -0.9823971577038019 0.18207655095233602 -0.041760676823930185
    outer loop
      vertex 1.8393360748020884 514.3377278807568 -63.55555555555555
      vertex 1.8393360748020884 536.559950102979 33.333333333333336
      vertex 1.8870397741087492 514.5951140096444 -63.55555555555555
    endloop
  endfacet
  facet normal -0.9709791145876833 0.23311146092285245 -0.05346593140432412
    outer loop
      vertex 1.8870397741087492 514.5951140096444 -63.55555555555555
      vertex 1.8870397741087492 536.8173362318666 33.333333333333336
      vertex 1.9481486463324371 514.8496507810682 -63.55555555555555
    endloop
  endfacet
  facet normal -0.956791874129433 0.2834146649871571 -0.06500336352916432
    outer loop
      vertex 1.9481486463324371 514.8496507810682 -63.55555555555555
      vertex 1.9481486463324371 537.0718730032904 33.333333333333336
      vertex 2.0224951963020095 515.1006405274304 -63.55555555555555
    endloop
  endfacet
  facet normal -0.9398908751899496 0.332832815056923 -0.07633780161856016
    outer loop
      vertex 2.0224951963020095 515.1006405274304 -63.55555555555555
      vertex 2.0224951963020095 537.3228627496526 33.333333333333336
      vertex 2.109875645291768 515.3473953032822 -63.55555555555555
    endloop
  endfacet
  facet normal -0.9203412605274679 0.38121783212216676 -0.08743528259682705
    outer loop
      vertex 2.109875645291768 515.3473953032822 -63.55555555555555
      vertex 2.109875645291768 537.5696175255043 33.333333333333336
      vertex 2.2100504895647743 515.5892387709346 -63.55555555555555
    endloop
  endfacet
  facet normal -0.8982171864314453 0.42842762097677495 -0.098263215820361
    outer loop
      vertex 2.2100504895647743 515.5892387709346 -63.55555555555555
      vertex 2.2100504895647743 537.8114609931567 33.333333333333336
      vertex 2.3227451568359383 515.8255080542533 -63.55555555555555
    endloop
  endfacet
  facet normal -0.8736010669808651 0.4743266785273065 -0.10879052259800583
    outer loop
      vertex 2.3227451568359383 515.8255080542533 -63.55555555555555
      vertex 2.3227451568359383 538.0477302764755 33.333333333333336
      vertex 2.447650758855585 516.0555555555557 -63.55555555555555
    endloop
  endfacet
  facet normal -0.8465827718475761 0.5187865898141146 -0.11898774995736547
    outer loop
      vertex 2.447650758855585 516.0555555555557 -63.55555555555555
      vertex 2.447650758855585 538.2777777777778 33.333333333333336
      vertex 2.584424938050657 516.2787507306307 -63.55555555555555
    endloop
  endfacet
  facet normal -0.8172587968036559 0.5616864092928424 -0.128827158094689
    outer loop
      vertex 2.584424938050657 516.2787507306307 -63.55555555555555
      vertex 2.584424938050657 538.500972952853 33.333333333333336
      vertex 2.7326928059030413 516.4944818170179 -63.55555555555555
    endloop
  endfacet
  facet normal -0.7857314256641404 0.6029129282151034 -0.1382827817007122
    outer loop
      vertex 2.7326928059030413 516.4944818170179 -63.55555555555555
      vertex 2.7326928059030413 538.7167040392402 33.333333333333336
      vertex 2.892047970492924 516.7021575108048 -63.55555555555555
    endloop
  endfacet
  facet normal -0.7521079013909997 0.6423608319626543 -0.14733046604648
    outer loop
      vertex 2.892047970492924 516.7021575108048 -63.55555555555555
      vertex 2.892047970492924 538.924379733027 33.333333333333336
      vertex 3.0620536503908076 516.9012085873499 -63.55555555555555
    endloop
  endfacet
  facet normal -0.7164996225648427 0.6799327538785941 -0.1559478793299524
    outer loop
      vertex 3.0620536503908076 516.9012085873499 -63.55555555555555
      vertex 3.0620536503908076 539.123430809572 33.333333333333336
      vertex 3.24224387184504 517.0910894614883 -63.55555555555555
    endloop
  endfacet
  facet normal -0.6790213795289959 0.7155392343883774 -0.16411450330008617
    outer loop
      vertex 3.24224387184504 517.0910894614883 -63.55555555555555
      vertex 3.24224387184504 539.3133116837105 33.333333333333336
      vertex 3.4321247459834856 517.2712796829426 -63.55555555555555
    endloop
  endfacet
  facet normal -0.6397906423386003 0.7490985959847667 -0.17181160458366165
    outer loop
      vertex 3.4321247459834856 517.2712796829426 -63.55555555555555
      vertex 3.4321247459834856 539.4935019051647 33.333333333333336
      vertex 3.631175822528591 517.4412853628405 -63.55555555555555
    endloop
  endfacet
  facet normal -0.5989269102938115 0.7805367459722083 -0.17902218944316664
    outer loop
      vertex 3.631175822528591 517.4412853628405 -63.55555555555555
      vertex 3.631175822528591 539.6635075850627 33.333333333333336
      vertex 3.838851516315411 517.6006405274304 -63.55555555555555
    endloop
  endfacet
  facet normal -0.5565511304363837 0.8097869197028011 -0.18573094488596315
    outer loop
      vertex 3.838851516315411 517.6006405274304 -63.55555555555555
      vertex 3.838851516315411 539.8228627496526 33.333333333333336
      vertex 4.054582602702642 517.7489083952828 -63.55555555555555
    endloop
  endfacet
  facet normal -0.5127851900071372 0.8367893774478098 -0.19192416913940546
    outer loop
      vertex 4.054582602702642 517.7489083952828 -63.55555555555555
      vertex 4.054582602702642 539.971130617505 33.333333333333336
      vertex 4.277777777777778 517.8856825744779 -63.55555555555555
    endloop
  endfacet
  facet normal -0.467751485591538 0.8614910680619414 -0.1975896945096192
    outer loop
      vertex 4.277777777777778 517.8856825744779 -63.55555555555555
      vertex 4.277777777777778 540.1079047967 33.333333333333336
      vertex 4.507825279080044 518.0105881764974 -63.55555555555555
    endloop
  endfacet
  facet normal -0.4215725695676122 0.8838452722780822 -0.20271680556836805
    outer loop
      vertex 4.507825279080044 518.0105881764974 -63.55555555555555
      vertex 4.507825279080044 540.2328103987197 33.333333333333336
      vertex 4.744094562398776 518.1232828437686 -63.55555555555555
    endloop
  endfacet
  facet normal -0.3743708725531372 0.9038112378747724 -0.20729615547586586
    outer loop
      vertex 4.744094562398776 518.1232828437686 -63.55555555555555
      vertex 4.744094562398776 540.3455050659909 33.333333333333336
      vertex 4.985938030051277 518.2234576880417 -63.55555555555555
    endloop
  endfacet
  facet normal -0.32626849887405307 0.9213538181363354 -0.21131968305879206
    outer loop
      vertex 4.985938030051277 518.2234576880417 -63.55555555555555
      vertex 4.985938030051277 540.4456799102638 33.333333333333336
      vertex 5.232692805903041 518.3108381370314 -63.55555555555555
    endloop
  endfacet
  facet normal -0.27738709060934247 0.9364431240551983 -0.2147805330401826
    outer loop
      vertex 5.232692805903041 518.3108381370314 -63.55555555555555
      vertex 5.232692805903041 540.5330603592536 33.333333333333336
      vertex 5.483682552265175 518.3851846870009 -63.55555555555555
    endloop
  endfacet
  facet normal -0.22784775454800618 0.9490541996340218 -0.2176729815674368
    outer loop
      vertex 5.483682552265175 518.3851846870009 -63.55555555555555
      vertex 5.483682552265175 540.6074069092232 33.333333333333336
      vertex 5.738219323688981 518.4462935592246 -63.55555555555555
    endloop
  endfacet
  facet normal -0.17777104538819116 0.9591667284882509 -0.2199923689193231
    outer loop
      vertex 5.738219323688981 518.4462935592246 -63.55555555555555
      vertex 5.738219323688981 540.6685157814468 33.333333333333336
      vertex 5.995605452576624 518.4939972585313 -63.55555555555555
    endloop
  endfacet
  facet normal -0.12727699770300757 0.9667647787588035 -0.2217350409997262
    outer loop
      vertex 5.995605452576624 518.4939972585313 -63.55555555555555
      vertex 6.255135461439511 540.7503872546192 33.333333333333336
      vertex 6.255135461439511 518.5281650323969 -63.55555555555555
    endloop
  endfacet
  facet normal -0.07648519855658158 0.9718365921464904 -0.22289830095103055
    outer loop
      vertex 6.255135461439511 518.5281650323969 -63.55555555555555
      vertex 6.255135461439511 540.7503872546192 33.333333333333336
      vertex 6.516097996563058 518.5487032293285 -63.55555555555555
    endloop
  endfacet
  facet normal -0.025514892185507163 0.9743744216838377 -0.22348037194583498
    outer loop
      vertex 6.516097996563058 518.5487032293285 -63.55555555555555
      vertex 6.516097996563058 540.7709254515507 33.333333333333336
      vertex 6.777777777777778 518.5555555555557 -63.55555555555555
    endloop
  endfacet
  facet normal 0 0 -1
    outer loop
      vertex 1.7777777777777777 513.5555555555557 -63.55555555555555
      vertex 1.7846301040049086 513.8172353367703 -63.55555555555555
      vertex 25.77777777777778 379.11111111111114 -63.55555555555555
    endloop
  endfacet
  facet normal 0 0 -1
    outer loop
      vertex 1.7846301040049086 513.8172353367703 -63.55555555555555
      vertex 1.805168300936411 514.0781978718938 -63.55555555555555
      vertex 25.77777777777778 379.11111111111114 -63.55555555555555
    endloop
  endfacet
  facet normal 0 0 -1
    outer loop
      vertex 1.805168300936411 514.0781978718938 -63.55555555555555
      vertex 1.8393360748020884 514.3377278807568 -63.55555555555555
      vertex 25.77777777777778 379.11111111111114 -63.55555555555555
    endloop
  endfacet
  facet normal 0 0 -1
    outer loop
      vertex 1.8393360748020884 514.3377278807568 -63.55555555555555
      vertex 1.8870397741087492 514.5951140096444 -63.55555555555555
      vertex 25.77777777777778 379.11111111111114 -63.55555555555555
    endloop
  endfacet
  facet normal 0 0 -1
    outer loop
      vertex 1.8870397741087492 514.5951140096444 -63.55555555555555
      vertex 1.9481486463324371 514.8496507810682 -63.55555555555555
      vertex 25.77777777777778 379.11111111111114 -63.55555555555555
    endloop
  endfacet
  facet normal 0 0 -1
    outer loop
      vertex 1.9481486463324371 514.8496507810682 -63.55555555555555
      vertex 2.0224951963020095 515.1006405274304 -63.55555555555555
      vertex 25.77777777777778 379.11111111111114 -63.55555555555555
    endloop
  endfacet
  facet normal 0 0 -1
    outer loop
      vertex 2.0224951963020095 515.1006405274304 -63.55555555555555
      vertex 2.109875645291768 515.3473953032822 -63.55555555555555
      vertex 25.77777777777778 379.11111111111114 -63.55555555555555
    endloop
  endfacet
  facet normal 0 0 1
    outer loop
      vertex 1.7777777777777777 405.83333333333337 -50.666666666666664
      vertex 15.777777777777779 482.83333333333337 -50.666666666666664
      vertex 11.777777777777779 482.83333333333337 -50.666666666666664
    endloop
  endfacet
  facet normal 0 0 -1
    outer loop
      vertex 2.109875645291768 515.3473953032822 -63.55555555555555
      vertex 2.2100504895647743 515.5892387709346 -63.55555555555555
      vertex 25.77777777777778 379.11111111111114 -63.55555555555555
    endloop
  endfacet
  facet normal 0 0 -1
    outer loop
      vertex 2.2100504895647743 515.5892387709346 -63.55555555555555
      vertex 2.3227451568359383 515.8255080542533 -63.55555555555555
      vertex 25.77777777777778 379.11111111111114 -63.55555555555555
    endloop
  endfacet
  facet normal 0 0 -1
    outer loop
      vertex 2.3227451568359383 515.8255080542533 -63.55555555555555
      vertex 2.447650758855585 516.0555555555557 -63.55555555555555
      vertex 25.77777777777778 379.11111111111114 -63.55555555555555
    endloop
  endfacet
  facet normal 0 0 -1
    outer loop
      vertex 2.447650758855585 516.0555555555557 -63.55555555555555
      vertex 2.584424938050657 516.2787507306307 -63.55555555555555
      vertex 25.77777777777778 379.11111111111114 -63.55555555555555
    endloop
  endfacet
  facet normal 0 0 -1
    outer loop
      vertex 2.584424938050657 516.2787507306307 -63.55555555555555
      vertex 2.7326928059030413 516.4944818170179 -63.55555555555555
      vertex 25.77777777777778 379.11111111111114 -63.55555555555555
    endloop
  endfacet
  facet normal 0 0 -1
    outer loop
      vertex 2.7326928059030413 516.4944818170179 -63.55555555555555
      vertex 2.892047970492924 516.7021575108048 -63.55555555555555
      vertex 25.77777777777778 379.11111111111114 -63.55555555555555
    endloop
  endfacet
  facet normal 0 0 -1
    outer loop
      vertex 2.892047970492924 516.7021575108048 -63.55555555555555
      vertex 3.0620536503908076 516.9012085873499 -63.55555555555555
      vertex 25.77777777777778 379.11111111111114 -63.55555555555555
    endloop
  endfacet
  facet normal 0 0 -1
    outer loop
      vertex 3.0620536503908076 516.9012085873499 -63.55555555555555
      vertex 3.24224387184504 517.0910894614883 -63.55555555555555
      vertex 25.77777777777778 379.11111111111114 -63.55555555555555
    endloop
  endfacet
  facet normal 0 0 1
    outer loop
      vertex 1.7777777777777777 486.83333333333337 -50.666666666666664
      vertex 11.777777777777779 482.83333333333337 -50.666666666666664
      vertex 11.777777777777779 486.83333333333337 -50.666666666666664
    endloop
  endfacet
  facet normal 0 0 -1
    outer loop
      vertex 3.24224387184504 517.0910894614883 -63.55555555555555
      vertex 3.4321247459834856 517.2712796829426 -63.55555555555555
      vertex 25.77777777777778 379.11111111111114 -63.55555555555555
    endloop
  endfacet
  facet normal 0 0 -1
    outer loop
      vertex 3.4321247459834856 517.2712796829426 -63.55555555555555
      vertex 3.631175822528591 517.4412853628405 -63.55555555555555
      vertex 25.77777777777778 379.11111111111114 -63.55555555555555
    endloop
  endfacet
  facet normal 0 0 -1
    outer loop
      vertex 3.631175822528591 517.4412853628405 -63.55555555555555
      vertex 3.838851516315411 517.6006405274304 -63.55555555555555
      vertex 25.77777777777778 379.11111111111114 -63.55555555555555
    endloop
  endfacet
  facet normal 0 0 -1
    outer loop
      vertex 3.838851516315411 517.6006405274304 -63.55555555555555
      vertex 4.054582602702642 517.7489083952828 -63.55555555555555
      vertex 25.77777777777778 379.11111111111114 -63.55555555555555
    endloop
  endfacet
  facet normal 0 0 -1
    outer loop
      vertex 4.054582602702642 517.7489083952828 -63.55555555555555
      vertex 4.277777777777778 517.8856825744779 -63.55555555555555
      vertex 25.77777777777778 379.11111111111114 -63.55555555555555
    endloop
  endfacet
  facet normal 0 0 -1
    outer loop
      vertex 4.277777777777778 517.8856825744779 -63.55555555555555
      vertex 4.507825279080044 518.0105881764974 -63.55555555555555
      vertex 25.77777777777778 379.11111111111114 -63.55555555555555
    endloop
  endfacet
  facet normal 0 0 -1
    outer loop
      vertex 4.507825279080044 518.0105881764974 -63.55555555555555
      vertex 4.744094562398776 518.1232828437686 -63.55555555555555
      vertex 25.77777777777778 379.11111111111114 -63.55555555555555
    endloop
  endfacet
  facet normal 0 0 -1
    outer loop
      vertex 4.744094562398776 518.1232828437686 -63.55555555555555
      vertex 4.985938030051277 518.2234576880417 -63.55555555555555
      vertex 25.77777777777778 379.11111111111114 -63.55555555555555
    endloop
  endfacet
  facet normal 0 0 -1
    outer loop
      vertex 4.985938030051277 518.2234576880417 -63.55555555555555
      vertex 5.232692805903041 518.3108381370314 -63.55555555555555
      vertex 25.77777777777778 379.11111111111114 -63.55555555555555
    endloop
  endfacet
  facet normal 0 0 -1
    outer loop
      vertex 5.232692805903041 518.3108381370314 -63.55555555555555
      vertex 5.483682552265175 518.3851846870009 -63.55555555555555
      vertex 25.77777777777778 379.11111111111114 -63.55555555555555
    endloop
  endfacet
  facet normal 0 0 -1
    outer loop
      vertex 5.483682552265175 518.3851846870009 -63.55555555555555
      vertex 5.738219323688981 518.4462935592246 -63.55555555555555
      vertex 25.77777777777778 379.11111111111114 -63.55555555555555
    endloop
  endfacet
  facet normal 0 0 -1
    outer loop
      vertex 5.738219323688981 518.4462935592246 -63.55555555555555
      vertex 5.995605452576624 518.4939972585313 -63.55555555555555
      vertex 25.77777777777778 379.11111111111114 -63.55555555555555
    endloop
  endfacet
  facet normal 0 0 -1
    outer loop
      vertex 5.995605452576624 518.4939972585313 -63.55555555555555
      vertex 6.255135461439511 518.5281650323969 -63.55555555555555
      vertex 25.77777777777778 379.11111111111114 -63.55555555555555
    endloop
  endfacet
  facet normal 0 0 -1
    outer loop
      vertex 6.255135461439511 518.5281650323969 -63.55555555555555
      vertex 6.516097996563058 518.5487032293285 -63.55555555555555
      vertex 25.77777777777778 379.11111111111114 -63.55555555555555
    endloop
  endfacet
  facet normal 0 0 -1
    outer loop
      vertex 6.516097996563058 518.5487032293285 -63.55555555555555
      vertex 6.777777777777778 518.5555555555557 -63.55555555555555
      vertex 25.77777777777778 379.11111111111114 -63.55555555555555
    endloop
  endfacet
  facet normal -1 0 0
    outer loop
      vertex 11.777777777777779 482.83333333333337 -50.666666666666664
      vertex 11.777777777777779 486.83333333333337 33.333333333333336
      vertex 11.777777777777779 486.83333333333337 -50.666666666666664
    endloop
  endfacet
  facet normal 0.6494480483299586 0.7604059656002231 0
    outer loop
      vertex 11.603103307111489 493.5292237616429 -56.666666666666664
      vertex 11.732486506865808 493.41872006970937 33.333333333333336
      vertex 11.732486506865808 493.41872006970937 -56.666666666666664
    endloop
  endfacet
  facet normal 0.6087614290088461 0.7933533402911388 0
    outer loop
      vertex 11.732486506865808 493.41872006970937 -56.666666666666664
      vertex 11.86747570782724 493.3151392127259 33.333333333333336
      vertex 11.86747570782724 493.3151392127259 -56.666666666666664
    endloop
  endfacet
  facet normal 0.5664062369247823 0.8241261886220504 0
    outer loop
      vertex 11.86747570782724 493.3151392127259 -56.666666666666664
      vertex 12.00770091397894 493.2187650986219 33.333333333333336
      vertex 12.00770091397894 493.2187650986219 -56.666666666666664
    endloop
  endfacet
  facet normal 0.5224985647159941 0.8526401643540645 0
    outer loop
      vertex 12.00770091397894 493.2187650986219 -56.666666666666664
      vertex 12.152777777777779 493.12986188214506 33.333333333333336
      vertex 12.152777777777779 493.12986188214506 -56.666666666666664
    endloop
  endfacet
  facet normal 0.47715876025970927 0.8788171126619106 0
    outer loop
      vertex 12.152777777777779 493.12986188214506 -56.666666666666664
      vertex 12.302308653624252 493.0486732408323 33.333333333333336
      vertex 12.302308653624252 493.0486732408323 -56.666666666666664
    endloop
  endfacet
  facet normal 0.4305110968082625 0.9025852843498762 0
    outer loop
      vertex 12.302308653624252 493.0486732408323 -56.666666666666664
      vertex 12.455883687781427 492.975421707106 33.333333333333336
      vertex 12.455883687781427 492.975421707106 -56.666666666666664
    endloop
  endfacet
  facet normal 0.38268343236488417 0.9238795325113719 0
    outer loop
      vertex 12.455883687781427 492.975421707106 -56.666666666666664
      vertex 12.613081941755553 492.9103080583286 33.333333333333336
      vertex 12.613081941755553 492.9103080583286 -56.666666666666664
    endloop
  endfacet
  facet normal 0.33380685923404146 0.9426414910920825 0
    outer loop
      vertex 12.613081941755553 492.9103080583286 -56.666666666666664
      vertex 12.7734725460592 492.8535107664852 33.333333333333336
      vertex 12.7734725460592 492.8535107664852 -56.666666666666664
    endloop
  endfacet
  facet normal 0.2840153447038081 0.958819734868227 0
    outer loop
      vertex 12.7734725460592 492.8535107664852 -56.666666666666664
      vertex 12.936615881194584 492.805185509005 33.333333333333336
      vertex 12.936615881194584 492.805185509005 -56.666666666666664
    endloop
  endfacet
  facet normal 0.23344536385580547 0.9723699203977006 0
    outer loop
      vertex 12.936615881194584 492.805185509005 -56.666666666666664
      vertex 13.102064782620062 492.76546474205963 33.333333333333336
      vertex 13.102064782620062 492.76546474205963 -56.666666666666664
    endloop
  endfacet
  facet normal 0.1822355254920625 0.9832549075639703 0
    outer loop
      vertex 13.102064782620062 492.76546474205963 -56.666666666666664
      vertex 13.269365766397026 492.7344573375103 33.333333333333336
      vertex 13.269365766397026 492.7344573375103 -56.666666666666664
    endloop
  endfacet
  facet normal 0.1305261922201966 0.9914448613737913 0
    outer loop
      vertex 13.269365766397026 492.7344573375103 -56.666666666666664
      vertex 13.438060272157905 492.7122482844976 33.333333333333336
      vertex 13.438060272157905 492.7122482844976 -56.666666666666664
    endloop
  endfacet
  facet normal 0.07845909572807741 0.9969173337331096 0
    outer loop
      vertex 13.438060272157905 492.7122482844976 -56.666666666666664
      vertex 13.60768591998821 492.6988984564921 33.333333333333336
      vertex 13.60768591998821 492.6988984564921 -56.666666666666664
    endloop
  endfacet
  facet normal 0.026176948307851763 0.9996573249755578 0
    outer loop
      vertex 13.60768591998821 492.6988984564921 -56.666666666666664
      vertex 13.777777777777779 492.69444444444446 33.333333333333336
      vertex 13.777777777777779 492.69444444444446 -56.666666666666664
    endloop
  endfacet
  facet normal 0 0 1
    outer loop
      vertex 10.54558161783089 495.6047269388246 -56.666666666666664
      vertex 10.54558161783089 496.28416195006434 -56.666666666666664
      vertex 10.532231789825413 495.7743525866549 -56.666666666666664
    endloop
  endfacet
  facet normal 0 0 1
    outer loop
      vertex 10.532231789825413 495.7743525866549 -56.666666666666664
      vertex 10.532231789825413 496.11453630223406 -56.666666666666664
      vertex 10.527777777777779 495.94444444444446 -56.666666666666664
    endloop
  endfacet
  facet normal 0 0 1
    outer loop
      vertex 10.532231789825413 495.7743525866549 -56.666666666666664
      vertex 10.54558161783089 496.28416195006434 -56.666666666666664
      vertex 10.532231789825413 496.11453630223406 -56.666666666666664
    endloop
  endfacet
  facet normal 0 0 1
    outer loop
      vertex 10.54558161783089 495.6047269388246 -56.666666666666664
      vertex 10.567790670843578 495.4360324330637 -56.666666666666664
      vertex 10.567790670843578 496.4528564558252 -56.666666666666664
    endloop
  endfacet
  facet normal 0 0 1
    outer loop
      vertex 10.54558161783089 495.6047269388246 -56.666666666666664
      vertex 10.567790670843578 496.4528564558252 -56.666666666666664
      vertex 10.54558161783089 496.28416195006434 -56.666666666666664
    endloop
  endfacet
  facet normal 0 0 1
    outer loop
      vertex 10.567790670843578 495.4360324330637 -56.666666666666664
      vertex 10.59879807539291 495.26873144928675 -56.666666666666664
      vertex 10.59879807539291 496.6201574396022 -56.666666666666664
    endloop
  endfacet
  facet normal 0 0 1
    outer loop
      vertex 10.567790670843578 495.4360324330637 -56.666666666666664
      vertex 10.59879807539291 496.6201574396022 -56.666666666666664
      vertex 10.567790670843578 496.4528564558252 -56.666666666666664
    endloop
  endfacet
  facet normal 0 0 1
    outer loop
      vertex 10.59879807539291 495.26873144928675 -56.666666666666664
      vertex 10.638518842338307 495.1032825478613 -56.666666666666664
      vertex 10.638518842338307 496.7856063410277 -56.666666666666664
    endloop
  endfacet
  facet normal 0 0 1
    outer loop
      vertex 10.68684409981853 494.9401392127259 -56.666666666666664
      vertex 10.68684409981853 496.94874967616306 -56.666666666666664
      vertex 10.638518842338307 495.1032825478613 -56.666666666666664
    endloop
  endfacet
  facet normal 0 0 1
    outer loop
      vertex 10.59879807539291 495.26873144928675 -56.666666666666664
      vertex 10.638518842338307 496.7856063410277 -56.666666666666664
      vertex 10.59879807539291 496.6201574396022 -56.666666666666664
    endloop
  endfacet
  facet normal 0 0 1
    outer loop
      vertex 10.638518842338307 495.1032825478613 -56.666666666666664
      vertex 10.68684409981853 496.94874967616306 -56.666666666666664
      vertex 10.638518842338307 496.7856063410277 -56.666666666666664
    endloop
  endfacet
  facet normal 0 0 1
    outer loop
      vertex 10.68684409981853 494.9401392127259 -56.666666666666664
      vertex 10.743641391661871 494.77974860842227 -56.666666666666664
      vertex 10.743641391661871 497.1091402804667 -56.666666666666664
    endloop
  endfacet
  facet normal 0 0 1
    outer loop
      vertex 10.68684409981853 494.9401392127259 -56.666666666666664
      vertex 10.743641391661871 497.1091402804667 -56.666666666666664
      vertex 10.68684409981853 496.94874967616306 -56.666666666666664
    endloop
  endfacet
  facet normal 0 0 1
    outer loop
      vertex 10.743641391661871 494.77974860842227 -56.666666666666664
      vertex 10.808755040439326 497.2663385344408 -56.666666666666664
      vertex 10.743641391661871 497.1091402804667 -56.666666666666664
    endloop
  endfacet
  facet normal 0 0 1
    outer loop
      vertex 10.743641391661871 494.77974860842227 -56.666666666666664
      vertex 10.808755040439326 494.62255035444815 -56.666666666666664
      vertex 10.808755040439326 497.2663385344408 -56.666666666666664
    endloop
  endfacet
  facet normal 0 0 1
    outer loop
      vertex 10.808755040439326 494.62255035444815 -56.666666666666664
      vertex 10.882006574165583 494.46897532029095 -56.666666666666664
      vertex 10.882006574165583 497.419913568598 -56.666666666666664
    endloop
  endfacet
  facet normal 0 0 1
    outer loop
      vertex 10.808755040439326 494.62255035444815 -56.666666666666664
      vertex 10.882006574165583 497.419913568598 -56.666666666666664
      vertex 10.808755040439326 497.2663385344408 -56.666666666666664
    endloop
  endfacet
  facet normal 0 0 1
    outer loop
      vertex 10.882006574165583 494.46897532029095 -56.666666666666664
      vertex 10.963195215478354 494.31944444444446 -56.666666666666664
      vertex 10.963195215478354 497.56944444444446 -56.666666666666664
    endloop
  endfacet
  facet normal 0 0 1
    outer loop
      vertex 10.882006574165583 494.46897532029095 -56.666666666666664
      vertex 10.963195215478354 497.56944444444446 -56.666666666666664
      vertex 10.882006574165583 497.419913568598 -56.666666666666664
    endloop
  endfacet
  facet normal 0 0 1
    outer loop
      vertex 10.963195215478354 494.31944444444446 -56.666666666666664
      vertex 11.052098431955148 494.17436758064565 -56.666666666666664
      vertex 11.052098431955148 497.7145213082433 -56.666666666666664
    endloop
  endfacet
  facet normal 0 0 1
    outer loop
      vertex 11.052098431955148 494.17436758064565 -56.666666666666664
      vertex 11.1484725460592 494.03414237449397 -56.666666666666664
      vertex 11.1484725460592 497.854746514395 -56.666666666666664
    endloop
  endfacet
  facet normal 0 0 1
    outer loop
      vertex 10.963195215478354 494.31944444444446 -56.666666666666664
      vertex 11.052098431955148 497.7145213082433 -56.666666666666664
      vertex 10.963195215478354 497.56944444444446 -56.666666666666664
    endloop
  endfacet
  facet normal 0 0 1
    outer loop
      vertex 11.052098431955148 494.17436758064565 -56.666666666666664
      vertex 11.1484725460592 497.854746514395 -56.666666666666664
      vertex 11.052098431955148 497.7145213082433 -56.666666666666664
    endloop
  endfacet
  facet normal 0 0 1
    outer loop
      vertex 11.1484725460592 494.03414237449397 -56.666666666666664
      vertex 11.252053403042623 493.8991531735325 -56.666666666666664
      vertex 11.252053403042623 497.98973571535646 -56.666666666666664
    endloop
  endfacet
  facet normal 0 0 1
    outer loop
      vertex 11.252053403042623 493.8991531735325 -56.666666666666664
      vertex 11.362557094976246 493.7697699737782 -56.666666666666664
      vertex 11.362557094976246 498.1191189151108 -56.666666666666664
    endloop
  endfacet
  facet normal 0 0 1
    outer loop
      vertex 11.362557094976246 493.7697699737782 -56.666666666666664
      vertex 11.479680738921498 493.6463474055882 -56.666666666666664
      vertex 11.479680738921498 498.2425414833008 -56.666666666666664
    endloop
  endfacet
  facet normal 0 0 1
    outer loop
      vertex 11.1484725460592 494.03414237449397 -56.666666666666664
      vertex 11.252053403042623 497.98973571535646 -56.666666666666664
      vertex 11.1484725460592 497.854746514395 -56.666666666666664
    endloop
  endfacet
  facet normal 0 0 1
    outer loop
      vertex 11.252053403042623 493.8991531735325 -56.666666666666664
      vertex 11.362557094976246 498.1191189151108 -56.666666666666664
      vertex 11.252053403042623 497.98973571535646 -56.666666666666664
    endloop
  endfacet
  facet normal 0 0 1
    outer loop
      vertex 11.362557094976246 493.7697699737782 -56.666666666666664
      vertex 11.479680738921498 498.2425414833008 -56.666666666666664
      vertex 11.362557094976246 498.1191189151108 -56.666666666666664
    endloop
  endfacet
  facet normal 0 0 1
    outer loop
      vertex 11.479680738921498 493.6463474055882 -56.666666666666664
      vertex 11.603103307111489 498.359665127246 -56.666666666666664
      vertex 11.479680738921498 498.2425414833008 -56.666666666666664
    endloop
  endfacet
  facet normal 0 0 1
    outer loop
      vertex 11.603103307111489 493.5292237616429 -56.666666666666664
      vertex 11.603103307111489 498.359665127246 -56.666666666666664
      vertex 11.479680738921498 493.6463474055882 -56.666666666666664
    endloop
  endfacet
  facet normal 0 0 1
    outer loop
      vertex 11.603103307111489 493.5292237616429 -56.666666666666664
      vertex 11.732486506865808 493.41872006970937 -56.666666666666664
      vertex 11.732486506865808 498.47016881917966 -56.666666666666664
    endloop
  endfacet
  facet normal 0 0 1
    outer loop
      vertex 11.732486506865808 493.41872006970937 -56.666666666666664
      vertex 11.86747570782724 493.3151392127259 -56.666666666666664
      vertex 11.86747570782724 498.57374967616306 -56.666666666666664
    endloop
  endfacet
  facet normal 0 0 1
    outer loop
      vertex 11.603103307111489 493.5292237616429 -56.666666666666664
      vertex 11.732486506865808 498.47016881917966 -56.666666666666664
      vertex 11.603103307111489 498.359665127246 -56.666666666666664
    endloop
  endfacet
  facet normal 0 0 1
    outer loop
      vertex 11.732486506865808 493.41872006970937 -56.666666666666664
      vertex 11.86747570782724 498.57374967616306 -56.666666666666664
      vertex 11.732486506865808 498.47016881917966 -56.666666666666664
    endloop
  endfacet
  facet normal 0 0 1
    outer loop
      vertex 11.86747570782724 493.3151392127259 -56.666666666666664
      vertex 12.00770091397894 493.2187650986219 -56.666666666666664
      vertex 12.00770091397894 498.6701237902671 -56.666666666666664
    endloop
  endfacet
  facet normal 0 0 1
    outer loop
      vertex 12.152777777777779 493.12986188214506 -56.666666666666664
      vertex 12.302308653624252 493.0486732408323 -56.666666666666664
      vertex 12.302308653624252 498.8402156480567 -56.666666666666664
    endloop
  endfacet
  facet normal 0 0 1
    outer loop
      vertex 12.00770091397894 493.2187650986219 -56.666666666666664
      vertex 12.152777777777779 493.12986188214506 -56.666666666666664
      vertex 12.152777777777779 498.7590270067439 -56.666666666666664
    endloop
  endfacet
  facet normal 0 0 1
    outer loop
      vertex 11.86747570782724 493.3151392127259 -56.666666666666664
      vertex 12.00770091397894 498.6701237902671 -56.666666666666664
      vertex 11.86747570782724 498.57374967616306 -56.666666666666664
    endloop
  endfacet
  facet normal 0 0 1
    outer loop
      vertex 12.00770091397894 493.2187650986219 -56.666666666666664
      vertex 12.152777777777779 498.7590270067439 -56.666666666666664
      vertex 12.00770091397894 498.6701237902671 -56.666666666666664
    endloop
  endfacet
  facet normal 0 0 1
    outer loop
      vertex 12.152777777777779 493.12986188214506 -56.666666666666664
      vertex 12.302308653624252 498.8402156480567 -56.666666666666664
      vertex 12.152777777777779 498.7590270067439 -56.666666666666664
    endloop
  endfacet
  facet normal 0 0 1
    outer loop
      vertex 12.302308653624252 493.0486732408323 -56.666666666666664
      vertex 12.455883687781427 492.975421707106 -56.666666666666664
      vertex 12.455883687781427 498.91346718178295 -56.666666666666664
    endloop
  endfacet
  facet normal 0 0 1
    outer loop
      vertex 12.455883687781427 492.975421707106 -56.666666666666664
      vertex 12.613081941755553 492.9103080583286 -56.666666666666664
      vertex 12.613081941755553 498.9785808305604 -56.666666666666664
    endloop
  endfacet
  facet normal 0 0 1
    outer loop
      vertex 12.302308653624252 493.0486732408323 -56.666666666666664
      vertex 12.455883687781427 498.91346718178295 -56.666666666666664
      vertex 12.302308653624252 498.8402156480567 -56.666666666666664
    endloop
  endfacet
  facet normal 0 0 1
    outer loop
      vertex 12.455883687781427 492.975421707106 -56.666666666666664
      vertex 12.613081941755553 498.9785808305604 -56.666666666666664
      vertex 12.455883687781427 498.91346718178295 -56.666666666666664
    endloop
  endfacet
  facet normal 0 0 1
    outer loop
      vertex 12.613081941755553 492.9103080583286 -56.666666666666664
      vertex 12.7734725460592 492.8535107664852 -56.666666666666664
      vertex 12.7734725460592 499.0353781224037 -56.666666666666664
    endloop
  endfacet
  facet normal 0 0 1
    outer loop
      vertex 12.7734725460592 492.8535107664852 -56.666666666666664
      vertex 12.936615881194584 492.805185509005 -56.666666666666664
      vertex 12.936615881194584 499.08370337988396 -56.666666666666664
    endloop
  endfacet
  facet normal 0 0 1
    outer loop
      vertex 12.613081941755553 492.9103080583286 -56.666666666666664
      vertex 12.7734725460592 499.0353781224037 -56.666666666666664
      vertex 12.613081941755553 498.9785808305604 -56.666666666666664
    endloop
  endfacet
  facet normal 0 0 1
    outer loop
      vertex 12.7734725460592 492.8535107664852 -56.666666666666664
      vertex 12.936615881194584 499.08370337988396 -56.666666666666664
      vertex 12.7734725460592 499.0353781224037 -56.666666666666664
    endloop
  endfacet
  facet normal 0 0 1
    outer loop
      vertex 12.936615881194584 492.805185509005 -56.666666666666664
      vertex 13.102064782620062 499.12342414682934 -56.666666666666664
      vertex 12.936615881194584 499.08370337988396 -56.666666666666664
    endloop
  endfacet
  facet normal 0 0 1
    outer loop
      vertex 12.936615881194584 492.805185509005 -56.666666666666664
      vertex 13.102064782620062 492.76546474205963 -56.666666666666664
      vertex 13.102064782620062 499.12342414682934 -56.666666666666664
    endloop
  endfacet
  facet normal 0 0 1
    outer loop
      vertex 13.102064782620062 492.76546474205963 -56.666666666666664
      vertex 13.269365766397026 492.7344573375103 -56.666666666666664
      vertex 13.269365766397026 499.1544315513787 -56.666666666666664
    endloop
  endfacet
  facet normal 0 0 1
    outer loop
      vertex 13.269365766397026 492.7344573375103 -56.666666666666664
      vertex 13.438060272157905 492.7122482844976 -56.666666666666664
      vertex 13.438060272157905 499.17664060439137 -56.666666666666664
    endloop
  endfacet
  facet normal 0 0 1
    outer loop
      vertex 13.102064782620062 492.76546474205963 -56.666666666666664
      vertex 13.269365766397026 499.1544315513787 -56.666666666666664
      vertex 13.102064782620062 499.12342414682934 -56.666666666666664
    endloop
  endfacet
  facet normal 0 0 1
    outer loop
      vertex 13.269365766397026 492.7344573375103 -56.666666666666664
      vertex 13.438060272157905 499.17664060439137 -56.666666666666664
      vertex 13.269365766397026 499.1544315513787 -56.666666666666664
    endloop
  endfacet
  facet normal 0 0 1
    outer loop
      vertex 13.438060272157905 492.7122482844976 -56.666666666666664
      vertex 13.60768591998821 492.6988984564921 -56.666666666666664
      vertex 13.60768591998821 499.1899904323968 -56.666666666666664
    endloop
  endfacet
  facet normal 0 0 1
    outer loop
      vertex 13.60768591998821 492.6988984564921 -56.666666666666664
      vertex 13.777777777777779 492.69444444444446 -56.666666666666664
      vertex 13.777777777777779 499.19444444444446 -56.666666666666664
    endloop
  endfacet
  facet normal 0 0 1
    outer loop
      vertex 13.438060272157905 492.7122482844976 -56.666666666666664
      vertex 13.60768591998821 499.1899904323968 -56.666666666666664
      vertex 13.438060272157905 499.17664060439137 -56.666666666666664
    endloop
  endfacet
  facet normal 0 0 1
    outer loop
      vertex 13.60768591998821 492.6988984564921 -56.666666666666664
      vertex 13.777777777777779 499.19444444444446 -56.666666666666664
      vertex 13.60768591998821 499.1899904323968 -56.666666666666664
    endloop
  endfacet
  facet normal 0.996917333733127 0.07845909572785731 0
    outer loop
      vertex 10.54558161783089 495.6047269388246 -56.666666666666664
      vertex 10.532231789825413 495.7743525866549 -56.666666666666664
      vertex 10.532231789825413 495.7743525866549 33.333333333333336
    endloop
  endfacet
  facet normal 0.9832549075639495 0.18223552549217467 0
    outer loop
      vertex 10.567790670843578 495.4360324330637 -56.666666666666664
      vertex 10.567790670843578 495.4360324330637 33.333333333333336
      vertex 10.59879807539291 495.26873144928675 -56.666666666666664
    endloop
  endfacet
  facet normal 0.9914448613738176 0.13052619221999728 0
    outer loop
      vertex 10.54558161783089 495.6047269388246 -56.666666666666664
      vertex 10.54558161783089 495.6047269388246 33.333333333333336
      vertex 10.567790670843578 495.4360324330637 -56.666666666666664
    endloop
  endfacet
  facet normal 0.9996573249755571 0.026176948307876452 0
    outer loop
      vertex 10.532231789825413 495.7743525866549 -56.666666666666664
      vertex 10.527777777777779 495.94444444444446 -56.666666666666664
      vertex 10.527777777777779 495.94444444444446 33.333333333333336
    endloop
  endfacet
  facet normal 0.9996573249755574 -0.02617694830786771 0
    outer loop
      vertex 10.527777777777779 495.94444444444446 -56.666666666666664
      vertex 10.532231789825413 496.11453630223406 -56.666666666666664
      vertex 10.532231789825413 496.11453630223406 33.333333333333336
    endloop
  endfacet
  facet normal 0.996917333733127 -0.07845909572785731 0
    outer loop
      vertex 10.532231789825413 496.11453630223406 -56.666666666666664
      vertex 10.54558161783089 496.28416195006434 -56.666666666666664
      vertex 10.54558161783089 496.28416195006434 33.333333333333336
    endloop
  endfacet
  facet normal 0.9914448613738118 -0.1305261922200405 0
    outer loop
      vertex 10.54558161783089 496.28416195006434 -56.666666666666664
      vertex 10.567790670843578 496.4528564558252 -56.666666666666664
      vertex 10.567790670843578 496.4528564558252 33.333333333333336
    endloop
  endfacet
  facet normal 0.9426414910921789 0.33380685923376974 0
    outer loop
      vertex 10.68684409981853 494.9401392127259 -56.666666666666664
      vertex 10.68684409981853 494.9401392127259 33.333333333333336
      vertex 10.743641391661871 494.77974860842227 -56.666666666666664
    endloop
  endfacet
  facet normal 0.9238795325112742 0.3826834323651202 0
    outer loop
      vertex 10.743641391661871 494.77974860842227 -56.666666666666664
      vertex 10.743641391661871 494.77974860842227 33.333333333333336
      vertex 10.808755040439326 494.62255035444815 -56.666666666666664
    endloop
  endfacet
  facet normal 0.9723699203976723 0.23344536385592315 0
    outer loop
      vertex 10.59879807539291 495.26873144928675 -56.666666666666664
      vertex 10.59879807539291 495.26873144928675 33.333333333333336
      vertex 10.638518842338307 495.1032825478613 -56.666666666666664
    endloop
  endfacet
  facet normal 0.9588197348681878 0.28401534470394035 0
    outer loop
      vertex 10.68684409981853 494.9401392127259 -56.666666666666664
      vertex 10.638518842338307 495.1032825478613 -56.666666666666664
      vertex 10.638518842338307 495.1032825478613 33.333333333333336
    endloop
  endfacet
  facet normal 0.9832549075639607 -0.18223552549211483 0
    outer loop
      vertex 10.567790670843578 496.4528564558252 -56.666666666666664
      vertex 10.59879807539291 496.6201574396022 -56.666666666666664
      vertex 10.59879807539291 496.6201574396022 33.333333333333336
    endloop
  endfacet
  facet normal 0.9723699203976723 -0.23344536385592315 0
    outer loop
      vertex 10.59879807539291 496.6201574396022 -56.666666666666664
      vertex 10.638518842338307 496.7856063410277 -56.666666666666664
      vertex 10.638518842338307 496.7856063410277 33.333333333333336
    endloop
  endfacet
  facet normal 0.9588197348681878 -0.28401534470394035 0
    outer loop
      vertex 10.638518842338307 496.7856063410277 -56.666666666666664
      vertex 10.68684409981853 496.94874967616306 -56.666666666666664
      vertex 10.68684409981853 496.94874967616306 33.333333333333336
    endloop
  endfacet
  facet normal 0.9426414910921789 -0.33380685923376974 0
    outer loop
      vertex 10.68684409981853 496.94874967616306 -56.666666666666664
      vertex 10.743641391661871 497.1091402804667 -56.666666666666664
      vertex 10.743641391661871 497.1091402804667 33.333333333333336
    endloop
  endfacet
  facet normal 0 0 1
    outer loop
      vertex 10.54558161783089 517.8269491610467 -31.666666666666664
      vertex 10.54558161783089 518.5063841722865 -31.666666666666664
      vertex 10.532231789825413 517.9965748088771 -31.666666666666664
    endloop
  endfacet
  facet normal 0 0 1
    outer loop
      vertex 10.532231789825413 517.9965748088771 -31.666666666666664
      vertex 10.532231789825413 518.3367585244563 -31.666666666666664
      vertex 10.527777777777779 518.1666666666667 -31.666666666666664
    endloop
  endfacet
  facet normal 0 0 1
    outer loop
      vertex 10.532231789825413 517.9965748088771 -31.666666666666664
      vertex 10.54558161783089 518.5063841722865 -31.666666666666664
      vertex 10.532231789825413 518.3367585244563 -31.666666666666664
    endloop
  endfacet
  facet normal 0 0 1
    outer loop
      vertex 10.54558161783089 517.8269491610467 -31.666666666666664
      vertex 10.567790670843578 517.6582546552859 -31.666666666666664
      vertex 10.567790670843578 518.6750786780474 -31.666666666666664
    endloop
  endfacet
  facet normal 0 0 1
    outer loop
      vertex 10.567790670843578 517.6582546552859 -31.666666666666664
      vertex 10.59879807539291 517.490953671509 -31.666666666666664
      vertex 10.59879807539291 518.8423796618245 -31.666666666666664
    endloop
  endfacet
  facet normal 0 0 1
    outer loop
      vertex 10.54558161783089 517.8269491610467 -31.666666666666664
      vertex 10.567790670843578 518.6750786780474 -31.666666666666664
      vertex 10.54558161783089 518.5063841722865 -31.666666666666664
    endloop
  endfacet
  facet normal 0 0 1
    outer loop
      vertex 10.567790670843578 517.6582546552859 -31.666666666666664
      vertex 10.59879807539291 518.8423796618245 -31.666666666666664
      vertex 10.567790670843578 518.6750786780474 -31.666666666666664
    endloop
  endfacet
  facet normal 0 0 1
    outer loop
      vertex 10.68684409981853 517.1623614349481 -31.666666666666664
      vertex 10.68684409981853 519.1709718983852 -31.666666666666664
      vertex 10.638518842338307 517.3255047700835 -31.666666666666664
    endloop
  endfacet
  facet normal 0 0 1
    outer loop
      vertex 10.59879807539291 517.490953671509 -31.666666666666664
      vertex 10.638518842338307 517.3255047700835 -31.666666666666664
      vertex 10.638518842338307 519.0078285632499 -31.666666666666664
    endloop
  endfacet
  facet normal 0 0 1
    outer loop
      vertex 10.59879807539291 517.490953671509 -31.666666666666664
      vertex 10.638518842338307 519.0078285632499 -31.666666666666664
      vertex 10.59879807539291 518.8423796618245 -31.666666666666664
    endloop
  endfacet
  facet normal 0 0 1
    outer loop
      vertex 10.638518842338307 517.3255047700835 -31.666666666666664
      vertex 10.68684409981853 519.1709718983852 -31.666666666666664
      vertex 10.638518842338307 519.0078285632499 -31.666666666666664
    endloop
  endfacet
  facet normal 0 0 1
    outer loop
      vertex 10.68684409981853 517.1623614349481 -31.666666666666664
      vertex 10.743641391661871 517.0019708306445 -31.666666666666664
      vertex 10.743641391661871 519.3313625026889 -31.666666666666664
    endloop
  endfacet
  facet normal 0 0 1
    outer loop
      vertex 10.68684409981853 517.1623614349481 -31.666666666666664
      vertex 10.743641391661871 519.3313625026889 -31.666666666666664
      vertex 10.68684409981853 519.1709718983852 -31.666666666666664
    endloop
  endfacet
  facet normal 0 0 1
    outer loop
      vertex 10.743641391661871 517.0019708306445 -31.666666666666664
      vertex 10.808755040439326 519.488560756663 -31.666666666666664
      vertex 10.743641391661871 519.3313625026889 -31.666666666666664
    endloop
  endfacet
  facet normal 0 0 1
    outer loop
      vertex 12.613081941755553 515.1325302805508 -31.666666666666664
      vertex 12.7734725460592 515.0757329887074 -31.666666666666664
      vertex 12.7734725460592 521.2576003446259 -31.666666666666664
    endloop
  endfacet
  facet normal 0 0 1
    outer loop
      vertex 12.7734725460592 515.0757329887074 -31.666666666666664
      vertex 12.936615881194584 515.0274077312272 -31.666666666666664
      vertex 12.936615881194584 521.3059256021062 -31.666666666666664
    endloop
  endfacet
  facet normal 0 0 1
    outer loop
      vertex 12.936615881194584 515.0274077312272 -31.666666666666664
      vertex 13.102064782620062 514.9876869642818 -31.666666666666664
      vertex 13.102064782620062 521.3456463690516 -31.666666666666664
    endloop
  endfacet
  facet normal 0 0 1
    outer loop
      vertex 13.102064782620062 514.9876869642818 -31.666666666666664
      vertex 13.269365766397026 514.9566795597325 -31.666666666666664
      vertex 13.269365766397026 521.3766537736009 -31.666666666666664
    endloop
  endfacet
  facet normal 0 0 1
    outer loop
      vertex 13.269365766397026 514.9566795597325 -31.666666666666664
      vertex 13.438060272157905 514.9344705067198 -31.666666666666664
      vertex 13.438060272157905 521.3988628266136 -31.666666666666664
    endloop
  endfacet
  facet normal 0 0 1
    outer loop
      vertex 13.438060272157905 514.9344705067198 -31.666666666666664
      vertex 13.60768591998821 514.9211206787143 -31.666666666666664
      vertex 13.60768591998821 521.412212654619 -31.666666666666664
    endloop
  endfacet
  facet normal 0 0 1
    outer loop
      vertex 13.60768591998821 514.9211206787143 -31.666666666666664
      vertex 13.777777777777779 514.9166666666667 -31.666666666666664
      vertex 13.777777777777779 521.4166666666667 -31.666666666666664
    endloop
  endfacet
  facet normal 0.902585284349887 0.43051109680823973 0
    outer loop
      vertex 10.808755040439326 494.62255035444815 -56.666666666666664
      vertex 10.808755040439326 494.62255035444815 33.333333333333336
      vertex 10.882006574165583 494.46897532029095 -56.666666666666664
    endloop
  endfacet
  facet normal 0.8788171126619916 0.47715876025955994 0
    outer loop
      vertex 10.882006574165583 494.46897532029095 -56.666666666666664
      vertex 10.882006574165583 494.46897532029095 33.333333333333336
      vertex 10.963195215478354 494.31944444444446 -56.666666666666664
    endloop
  endfacet
  facet normal 0.8526401643540504 0.5224985647160171 0
    outer loop
      vertex 10.963195215478354 494.31944444444446 -56.666666666666664
      vertex 10.963195215478354 494.31944444444446 33.333333333333336
      vertex 11.052098431955148 494.17436758064565 -56.666666666666664
    endloop
  endfacet
  facet normal 0.8241261886219778 0.5664062369248877 0
    outer loop
      vertex 11.052098431955148 494.17436758064565 -56.666666666666664
      vertex 11.052098431955148 494.17436758064565 33.333333333333336
      vertex 11.1484725460592 494.03414237449397 -56.666666666666664
    endloop
  endfacet
  facet normal 0.9238795325112742 -0.3826834323651202 0
    outer loop
      vertex 10.743641391661871 497.1091402804667 -56.666666666666664
      vertex 10.808755040439326 497.2663385344408 -56.666666666666664
      vertex 10.808755040439326 497.2663385344408 33.333333333333336
    endloop
  endfacet
  facet normal 0.902585284349887 -0.43051109680823973 0
    outer loop
      vertex 10.808755040439326 497.2663385344408 -56.666666666666664
      vertex 10.882006574165583 497.419913568598 -56.666666666666664
      vertex 10.882006574165583 497.419913568598 33.333333333333336
    endloop
  endfacet
  facet normal 0.8788171126619155 -0.47715876025970005 0
    outer loop
      vertex 10.882006574165583 497.419913568598 -56.666666666666664
      vertex 10.963195215478354 497.56944444444446 -56.666666666666664
      vertex 10.963195215478354 497.56944444444446 33.333333333333336
    endloop
  endfacet
  facet normal 0.8526401643541416 -0.5224985647158682 0
    outer loop
      vertex 10.963195215478354 497.56944444444446 -56.666666666666664
      vertex 11.052098431955148 497.7145213082433 -56.666666666666664
      vertex 11.052098431955148 497.7145213082433 33.333333333333336
    endloop
  endfacet
  facet normal 0.8241261886219778 -0.5664062369248877 0
    outer loop
      vertex 11.052098431955148 497.7145213082433 -56.666666666666664
      vertex 11.1484725460592 497.854746514395 -56.666666666666664
      vertex 11.1484725460592 497.854746514395 33.333333333333336
    endloop
  endfacet
  facet normal 0.7933533402912837 0.6087614290086573 0
    outer loop
      vertex 11.1484725460592 494.03414237449397 -56.666666666666664
      vertex 11.1484725460592 494.03414237449397 33.333333333333336
      vertex 11.252053403042623 493.8991531735325 -56.666666666666664
    endloop
  endfacet
  facet normal 0.7604059656000639 0.649448048330145 0
    outer loop
      vertex 11.252053403042623 493.8991531735325 -56.666666666666664
      vertex 11.252053403042623 493.8991531735325 33.333333333333336
      vertex 11.362557094976246 493.7697699737782 -56.666666666666664
    endloop
  endfacet
  facet normal 0.7253743710122981 0.688354575693743 0
    outer loop
      vertex 11.362557094976246 493.7697699737782 -56.666666666666664
      vertex 11.362557094976246 493.7697699737782 33.333333333333336
      vertex 11.479680738921498 493.6463474055882 -56.666666666666664
    endloop
  endfacet
  facet normal 0.7933533402912837 -0.6087614290086573 0
    outer loop
      vertex 11.1484725460592 497.854746514395 -56.666666666666664
      vertex 11.252053403042623 497.98973571535646 -56.666666666666664
      vertex 11.252053403042623 497.98973571535646 33.333333333333336
    endloop
  endfacet
  facet normal 0.7604059656000639 -0.649448048330145 0
    outer loop
      vertex 11.252053403042623 497.98973571535646 -56.666666666666664
      vertex 11.362557094976246 498.1191189151108 -56.666666666666664
      vertex 11.362557094976246 498.1191189151108 33.333333333333336
    endloop
  endfacet
  facet normal 0.7253743710122981 -0.688354575693743 0
    outer loop
      vertex 11.362557094976246 498.1191189151108 -56.666666666666664
      vertex 11.479680738921498 498.2425414833008 -56.666666666666664
      vertex 11.479680738921498 498.2425414833008 33.333333333333336
    endloop
  endfacet
  facet normal 0.6883545756936106 -0.7253743710124237 0
    outer loop
      vertex 11.479680738921498 498.2425414833008 -56.666666666666664
      vertex 11.603103307111489 498.359665127246 -56.666666666666664
      vertex 11.479680738921498 498.2425414833008 33.333333333333336
    endloop
  endfacet
  facet normal 0.6883545756937864 0.725374371012257 0
    outer loop
      vertex 11.603103307111489 493.5292237616429 -56.666666666666664
      vertex 11.479680738921498 493.6463474055882 -56.666666666666664
      vertex 11.603103307111489 493.5292237616429 33.333333333333336
    endloop
  endfacet
  facet normal 0.649448048330345 -0.760405965599893 0
    outer loop
      vertex 11.603103307111489 498.359665127246 -56.666666666666664
      vertex 11.732486506865808 498.47016881917966 -56.666666666666664
      vertex 11.603103307111489 498.359665127246 33.333333333333336
    endloop
  endfacet
  facet normal 0.608761429008636 -0.7933533402913002 0
    outer loop
      vertex 11.732486506865808 498.47016881917966 -56.666666666666664
      vertex 11.86747570782724 498.57374967616306 -56.666666666666664
      vertex 11.732486506865808 498.47016881917966 33.333333333333336
    endloop
  endfacet
  facet normal 0.5664062369247823 -0.8241261886220504 0
    outer loop
      vertex 11.86747570782724 498.57374967616306 -56.666666666666664
      vertex 12.00770091397894 498.6701237902671 -56.666666666666664
      vertex 11.86747570782724 498.57374967616306 33.333333333333336
    endloop
  endfacet
  facet normal 0.5224985647159941 -0.8526401643540645 0
    outer loop
      vertex 12.00770091397894 498.6701237902671 -56.666666666666664
      vertex 12.152777777777779 498.7590270067439 -56.666666666666664
      vertex 12.00770091397894 498.6701237902671 33.333333333333336
    endloop
  endfacet
  facet normal 0.47715876025970927 -0.8788171126619106 0
    outer loop
      vertex 12.152777777777779 498.7590270067439 -56.666666666666664
      vertex 12.302308653624252 498.8402156480567 -56.666666666666664
      vertex 12.152777777777779 498.7590270067439 33.333333333333336
    endloop
  endfacet
  facet normal 0.4305110968082625 -0.9025852843498762 0
    outer loop
      vertex 12.302308653624252 498.8402156480567 -56.666666666666664
      vertex 12.455883687781427 498.91346718178295 -56.666666666666664
      vertex 12.302308653624252 498.8402156480567 33.333333333333336
    endloop
  endfacet
  facet normal 0.38268343236516933 -0.9238795325112538 0
    outer loop
      vertex 12.455883687781427 498.91346718178295 -56.666666666666664
      vertex 12.613081941755553 498.9785808305604 -56.666666666666664
      vertex 12.455883687781427 498.91346718178295 33.333333333333336
    endloop
  endfacet
  facet normal 0.3338068592334478 -0.9426414910922928 0
    outer loop
      vertex 12.613081941755553 498.9785808305604 -56.666666666666664
      vertex 12.7734725460592 499.0353781224037 -56.666666666666664
      vertex 12.613081941755553 498.9785808305604 33.333333333333336
    endloop
  endfacet
  facet normal 0.2840153447041152 -0.958819734868136 0
    outer loop
      vertex 12.7734725460592 499.0353781224037 -56.666666666666664
      vertex 12.936615881194584 499.08370337988396 -56.666666666666664
      vertex 12.7734725460592 499.0353781224037 33.333333333333336
    endloop
  endfacet
  facet normal 0.23344536385580547 -0.9723699203977006 0
    outer loop
      vertex 12.936615881194584 499.08370337988396 -56.666666666666664
      vertex 13.102064782620062 499.12342414682934 -56.666666666666664
      vertex 12.936615881194584 499.08370337988396 33.333333333333336
    endloop
  endfacet
  facet normal 0.1822355254923855 -0.9832549075639104 0
    outer loop
      vertex 13.102064782620062 499.12342414682934 -56.666666666666664
      vertex 13.269365766397026 499.1544315513787 -56.666666666666664
      vertex 13.102064782620062 499.12342414682934 33.333333333333336
    endloop
  endfacet
  facet normal 0.13052619221986822 -0.9914448613738346 0
    outer loop
      vertex 13.269365766397026 499.1544315513787 -56.666666666666664
      vertex 13.438060272157905 499.17664060439137 -56.666666666666664
      vertex 13.269365766397026 499.1544315513787 33.333333333333336
    endloop
  endfacet
  facet normal 0.07845909572774538 -0.9969173337331358 0
    outer loop
      vertex 13.438060272157905 499.17664060439137 -56.666666666666664
      vertex 13.60768591998821 499.1899904323968 -56.666666666666664
      vertex 13.438060272157905 499.17664060439137 33.333333333333336
    endloop
  endfacet
  facet normal 0.026176948307851763 -0.9996573249755578 0
    outer loop
      vertex 13.60768591998821 499.1899904323968 -56.666666666666664
      vertex 13.777777777777779 499.19444444444446 -56.666666666666664
      vertex 13.60768591998821 499.1899904323968 33.333333333333336
    endloop
  endfacet
  facet normal 0 0 1
    outer loop
      vertex 10.743641391661871 517.0019708306445 -31.666666666666664
      vertex 10.808755040439326 516.8447725766703 -31.666666666666664
      vertex 10.808755040439326 519.488560756663 -31.666666666666664
    endloop
  endfacet
  facet normal 0 0 1
    outer loop
      vertex 10.808755040439326 516.8447725766703 -31.666666666666664
      vertex 10.882006574165583 516.6911975425131 -31.666666666666664
      vertex 10.882006574165583 519.6421357908202 -31.666666666666664
    endloop
  endfacet
  facet normal 0 0 1
    outer loop
      vertex 10.882006574165583 516.6911975425131 -31.666666666666664
      vertex 10.963195215478354 516.5416666666667 -31.666666666666664
      vertex 10.963195215478354 519.7916666666667 -31.666666666666664
    endloop
  endfacet
  facet normal 0 0 1
    outer loop
      vertex 10.808755040439326 516.8447725766703 -31.666666666666664
      vertex 10.882006574165583 519.6421357908202 -31.666666666666664
      vertex 10.808755040439326 519.488560756663 -31.666666666666664
    endloop
  endfacet
  facet normal 0 0 1
    outer loop
      vertex 10.882006574165583 516.6911975425131 -31.666666666666664
      vertex 10.963195215478354 519.7916666666667 -31.666666666666664
      vertex 10.882006574165583 519.6421357908202 -31.666666666666664
    endloop
  endfacet
  facet normal 0 0 1
    outer loop
      vertex 10.963195215478354 516.5416666666667 -31.666666666666664
      vertex 11.052098431955148 516.3965898028679 -31.666666666666664
      vertex 11.052098431955148 519.9367435304655 -31.666666666666664
    endloop
  endfacet
  facet normal 0 0 1
    outer loop
      vertex 11.052098431955148 516.3965898028679 -31.666666666666664
      vertex 11.1484725460592 516.2563645967161 -31.666666666666664
      vertex 11.1484725460592 520.0769687366172 -31.666666666666664
    endloop
  endfacet
  facet normal 0 0 1
    outer loop
      vertex 10.963195215478354 516.5416666666667 -31.666666666666664
      vertex 11.052098431955148 519.9367435304655 -31.666666666666664
      vertex 10.963195215478354 519.7916666666667 -31.666666666666664
    endloop
  endfacet
  facet normal 0 0 1
    outer loop
      vertex 11.052098431955148 516.3965898028679 -31.666666666666664
      vertex 11.1484725460592 520.0769687366172 -31.666666666666664
      vertex 11.052098431955148 519.9367435304655 -31.666666666666664
    endloop
  endfacet
  facet normal 0 0 1
    outer loop
      vertex 11.1484725460592 516.2563645967161 -31.666666666666664
      vertex 11.252053403042623 516.1213753957547 -31.666666666666664
      vertex 11.252053403042623 520.2119579375786 -31.666666666666664
    endloop
  endfacet
  facet normal 0 0 1
    outer loop
      vertex 11.252053403042623 516.1213753957547 -31.666666666666664
      vertex 11.362557094976246 515.9919921960004 -31.666666666666664
      vertex 11.362557094976246 520.341341137333 -31.666666666666664
    endloop
  endfacet
  facet normal 0 0 1
    outer loop
      vertex 11.1484725460592 516.2563645967161 -31.666666666666664
      vertex 11.252053403042623 520.2119579375786 -31.666666666666664
      vertex 11.1484725460592 520.0769687366172 -31.666666666666664
    endloop
  endfacet
  facet normal 0 0 1
    outer loop
      vertex 11.252053403042623 516.1213753957547 -31.666666666666664
      vertex 11.362557094976246 520.341341137333 -31.666666666666664
      vertex 11.252053403042623 520.2119579375786 -31.666666666666664
    endloop
  endfacet
  facet normal 0 0 1
    outer loop
      vertex 11.362557094976246 515.9919921960004 -31.666666666666664
      vertex 11.479680738921498 515.8685696278104 -31.666666666666664
      vertex 11.479680738921498 520.464763705523 -31.666666666666664
    endloop
  endfacet
  facet normal 0 0 1
    outer loop
      vertex 11.362557094976246 515.9919921960004 -31.666666666666664
      vertex 11.479680738921498 520.464763705523 -31.666666666666664
      vertex 11.362557094976246 520.341341137333 -31.666666666666664
    endloop
  endfacet
  facet normal 0 0 1
    outer loop
      vertex 11.479680738921498 515.8685696278104 -31.666666666666664
      vertex 11.603103307111489 520.5818873494682 -31.666666666666664
      vertex 11.479680738921498 520.464763705523 -31.666666666666664
    endloop
  endfacet
  facet normal 0 0.9746917402366387 -0.22355315143042123
    outer loop
      vertex 6.777777777777778 518.5555555555557 -63.55555555555555
      vertex 6.777777777777778 540.7777777777778 33.333333333333336
      vertex 20.77777777777778 518.5555555555557 -63.55555555555555
    endloop
  endfacet
  facet normal 0 0 1
    outer loop
      vertex 11.479680738921498 515.8685696278104 -31.666666666666664
      vertex 11.603103307111489 515.7514459838651 -31.666666666666664
      vertex 11.603103307111489 520.5818873494682 -31.666666666666664
    endloop
  endfacet
  facet normal 0 0 1
    outer loop
      vertex 11.603103307111489 515.7514459838651 -31.666666666666664
      vertex 11.732486506865808 515.6409422919315 -31.666666666666664
      vertex 11.732486506865808 520.6923910414018 -31.666666666666664
    endloop
  endfacet
  facet normal 0 0 1
    outer loop
      vertex 11.603103307111489 515.7514459838651 -31.666666666666664
      vertex 11.732486506865808 520.6923910414018 -31.666666666666664
      vertex 11.603103307111489 520.5818873494682 -31.666666666666664
    endloop
  endfacet
  facet normal 0 0 1
    outer loop
      vertex 11.732486506865808 515.6409422919315 -31.666666666666664
      vertex 11.86747570782724 515.5373614349481 -31.666666666666664
      vertex 11.86747570782724 520.7959718983852 -31.666666666666664
    endloop
  endfacet
  facet normal 0 0 1
    outer loop
      vertex 11.732486506865808 515.6409422919315 -31.666666666666664
      vertex 11.86747570782724 520.7959718983852 -31.666666666666664
      vertex 11.732486506865808 520.6923910414018 -31.666666666666664
    endloop
  endfacet
  facet normal 0 0 1
    outer loop
      vertex 11.86747570782724 515.5373614349481 -31.666666666666664
      vertex 12.00770091397894 515.440987320844 -31.666666666666664
      vertex 12.00770091397894 520.8923460124893 -31.666666666666664
    endloop
  endfacet
  facet normal 0 0 1
    outer loop
      vertex 11.86747570782724 515.5373614349481 -31.666666666666664
      vertex 12.00770091397894 520.8923460124893 -31.666666666666664
      vertex 11.86747570782724 520.7959718983852 -31.666666666666664
    endloop
  endfacet
  facet normal 0 0 1
    outer loop
      vertex 12.00770091397894 515.440987320844 -31.666666666666664
      vertex 12.152777777777779 520.9812492289661 -31.666666666666664
      vertex 12.00770091397894 520.8923460124893 -31.666666666666664
    endloop
  endfacet
  facet normal 0 0 1
    outer loop
      vertex 12.00770091397894 515.440987320844 -31.666666666666664
      vertex 12.152777777777779 515.3520841043672 -31.666666666666664
      vertex 12.152777777777779 520.9812492289661 -31.666666666666664
    endloop
  endfacet
  facet normal 0 0 1
    outer loop
      vertex 12.152777777777779 515.3520841043672 -31.666666666666664
      vertex 12.302308653624252 515.2708954630546 -31.666666666666664
      vertex 12.302308653624252 521.0624378702789 -31.666666666666664
    endloop
  endfacet
  facet normal 0 0 1
    outer loop
      vertex 12.152777777777779 515.3520841043672 -31.666666666666664
      vertex 12.302308653624252 521.0624378702789 -31.666666666666664
      vertex 12.152777777777779 520.9812492289661 -31.666666666666664
    endloop
  endfacet
  facet normal 0 0 1
    outer loop
      vertex 12.302308653624252 515.2708954630546 -31.666666666666664
      vertex 12.455883687781427 515.1976439293283 -31.666666666666664
      vertex 12.455883687781427 521.1356894040051 -31.666666666666664
    endloop
  endfacet
  facet normal 0 0 1
    outer loop
      vertex 12.302308653624252 515.2708954630546 -31.666666666666664
      vertex 12.455883687781427 521.1356894040051 -31.666666666666664
      vertex 12.302308653624252 521.0624378702789 -31.666666666666664
    endloop
  endfacet
  facet normal 0 0 1
    outer loop
      vertex 12.455883687781427 515.1976439293283 -31.666666666666664
      vertex 12.613081941755553 515.1325302805508 -31.666666666666664
      vertex 12.613081941755553 521.2008030527826 -31.666666666666664
    endloop
  endfacet
  facet normal 0 0 1
    outer loop
      vertex 12.455883687781427 515.1976439293283 -31.666666666666664
      vertex 12.613081941755553 521.2008030527826 -31.666666666666664
      vertex 12.455883687781427 521.1356894040051 -31.666666666666664
    endloop
  endfacet
  facet normal 0 0 1
    outer loop
      vertex 12.613081941755553 515.1325302805508 -31.666666666666664
      vertex 12.7734725460592 521.2576003446259 -31.666666666666664
      vertex 12.613081941755553 521.2008030527826 -31.666666666666664
    endloop
  endfacet
  facet normal 0 0 1
    outer loop
      vertex 12.7734725460592 515.0757329887074 -31.666666666666664
      vertex 12.936615881194584 521.3059256021062 -31.666666666666664
      vertex 12.7734725460592 521.2576003446259 -31.666666666666664
    endloop
  endfacet
  facet normal 0 0 1
    outer loop
      vertex 12.936615881194584 515.0274077312272 -31.666666666666664
      vertex 13.102064782620062 521.3456463690516 -31.666666666666664
      vertex 12.936615881194584 521.3059256021062 -31.666666666666664
    endloop
  endfacet
  facet normal 0 0 1
    outer loop
      vertex 13.102064782620062 514.9876869642818 -31.666666666666664
      vertex 13.269365766397026 521.3766537736009 -31.666666666666664
      vertex 13.102064782620062 521.3456463690516 -31.666666666666664
    endloop
  endfacet
  facet normal 0 0 1
    outer loop
      vertex 13.269365766397026 514.9566795597325 -31.666666666666664
      vertex 13.438060272157905 521.3988628266136 -31.666666666666664
      vertex 13.269365766397026 521.3766537736009 -31.666666666666664
    endloop
  endfacet
  facet normal 0 0 1
    outer loop
      vertex 13.438060272157905 514.9344705067198 -31.666666666666664
      vertex 13.60768591998821 521.412212654619 -31.666666666666664
      vertex 13.438060272157905 521.3988628266136 -31.666666666666664
    endloop
  endfacet
  facet normal 0 0 1
    outer loop
      vertex 13.60768591998821 514.9211206787143 -31.666666666666664
      vertex 13.777777777777779 521.4166666666667 -31.666666666666664
      vertex 13.60768591998821 521.412212654619 -31.666666666666664
    endloop
  endfacet
  facet normal 0 0 1
    outer loop
      vertex 1.7777777777777777 486.83333333333337 33.333333333333336
      vertex 10.808755040439326 494.62255035444815 33.333333333333336
      vertex 10.743641391661871 494.77974860842227 33.333333333333336
    endloop
  endfacet
  facet normal 0 0 1
    outer loop
      vertex 1.7777777777777777 486.83333333333337 33.333333333333336
      vertex 10.567790670843578 495.4360324330637 33.333333333333336
      vertex 10.54558161783089 495.6047269388246 33.333333333333336
    endloop
  endfacet
  facet normal 0 0 1
    outer loop
      vertex 1.7777777777777777 486.83333333333337 33.333333333333336
      vertex 10.638518842338307 495.1032825478613 33.333333333333336
      vertex 10.59879807539291 495.26873144928675 33.333333333333336
    endloop
  endfacet
  facet normal 0 0 1
    outer loop
      vertex 1.7777777777777777 486.83333333333337 33.333333333333336
      vertex 10.59879807539291 495.26873144928675 33.333333333333336
      vertex 10.567790670843578 495.4360324330637 33.333333333333336
    endloop
  endfacet
  facet normal 0 0 1
    outer loop
      vertex 1.7777777777777777 486.83333333333337 33.333333333333336
      vertex 10.68684409981853 494.9401392127259 33.333333333333336
      vertex 10.638518842338307 495.1032825478613 33.333333333333336
    endloop
  endfacet
  facet normal 0 0 1
    outer loop
      vertex 1.7777777777777777 486.83333333333337 33.333333333333336
      vertex 10.743641391661871 494.77974860842227 33.333333333333336
      vertex 10.68684409981853 494.9401392127259 33.333333333333336
    endloop
  endfacet
  facet normal -1 0 0
    outer loop
      vertex 1.7777777777777777 513.5555555555557 -63.55555555555555
      vertex 1.7777777777777777 486.83333333333337 33.333333333333336
      vertex 1.7777777777777777 535.7777777777778 33.333333333333336
    endloop
  endfacet
  facet normal -0.999639308307867 0.026176476524824105 -0.006003779019455086
    outer loop
      vertex 1.7846301040049086 513.8172353367703 -63.55555555555555
      vertex 1.7777777777777777 535.7777777777778 33.333333333333336
      vertex 1.7846301040049086 536.0394575589926 33.333333333333336
    endloop
  endfacet
  facet normal -0.9967559583418804 0.07844639520911212 -0.017992292479154206
    outer loop
      vertex 1.805168300936411 514.0781978718938 -63.55555555555555
      vertex 1.7846301040049086 536.0394575589926 33.333333333333336
      vertex 1.805168300936411 536.3004200941161 33.333333333333336
    endloop
  endfacet
  facet normal -0.991000875526538 0.1304677403743859 -0.029923793663849913
    outer loop
      vertex 1.8393360748020884 514.3377278807568 -63.55555555555555
      vertex 1.805168300936411 536.3004200941161 33.333333333333336
      vertex 1.8393360748020884 536.559950102979 33.333333333333336
    endloop
  endfacet
  facet normal -0.9823971577038166 0.18207655095226058 -0.0417606768239131
    outer loop
      vertex 1.8870397741087492 514.5951140096444 -63.55555555555555
      vertex 1.8393360748020884 536.559950102979 33.333333333333336
      vertex 1.8870397741087492 536.8173362318666 33.333333333333336
    endloop
  endfacet
  facet normal -0.9709791145876587 0.2331114609229497 -0.053465931404346155
    outer loop
      vertex 1.9481486463324371 514.8496507810682 -63.55555555555555
      vertex 1.8870397741087492 536.8173362318666 33.333333333333336
      vertex 1.9481486463324371 537.0718730032904 33.333333333333336
    endloop
  endfacet
  facet normal -0.9567918741294326 0.28341466498715867 -0.06500336352916469
    outer loop
      vertex 2.0224951963020095 515.1006405274304 -63.55555555555555
      vertex 1.9481486463324371 537.0718730032904 33.333333333333336
      vertex 2.0224951963020095 537.3228627496526 33.333333333333336
    endloop
  endfacet
  facet normal -0.9398908751899483 0.33283281505692675 -0.076337801618561
    outer loop
      vertex 2.109875645291768 515.3473953032822 -63.55555555555555
      vertex 2.0224951963020095 537.3228627496526 33.333333333333336
      vertex 2.109875645291768 537.5696175255043 33.333333333333336
    endloop
  endfacet
  facet normal -0.9203412605274676 0.3812178321221675 -0.0874352825968272
    outer loop
      vertex 2.2100504895647743 515.5892387709346 -63.55555555555555
      vertex 2.109875645291768 537.5696175255043 33.333333333333336
      vertex 2.2100504895647743 537.8114609931567 33.333333333333336
    endloop
  endfacet
  facet normal -0.8982171864314458 0.4284276209767743 -0.09826321582036084
    outer loop
      vertex 2.3227451568359383 515.8255080542533 -63.55555555555555
      vertex 2.2100504895647743 537.8114609931567 33.333333333333336
      vertex 2.3227451568359383 538.0477302764755 33.333333333333336
    endloop
  endfacet
  facet normal -0.8736010669808651 0.4743266785273065 -0.10879052259800583
    outer loop
      vertex 2.447650758855585 516.0555555555557 -63.55555555555555
      vertex 2.3227451568359383 538.0477302764755 33.333333333333336
      vertex 2.447650758855585 538.2777777777778 33.333333333333336
    endloop
  endfacet
  facet normal -0.8465827718476981 0.5187865898139251 -0.11898774995732261
    outer loop
      vertex 2.584424938050657 516.2787507306307 -63.55555555555555
      vertex 2.447650758855585 538.2777777777778 33.333333333333336
      vertex 2.584424938050657 538.500972952853 33.333333333333336
    endloop
  endfacet
  facet normal -0.8172587968036559 0.5616864092928424 -0.128827158094689
    outer loop
      vertex 2.7326928059030413 516.4944818170179 -63.55555555555555
      vertex 2.584424938050657 538.500972952853 33.333333333333336
      vertex 2.7326928059030413 538.7167040392402 33.333333333333336
    endloop
  endfacet
  facet normal -0.7857314256639751 0.6029129282153082 -0.13828278170075844
    outer loop
      vertex 2.892047970492924 516.7021575108048 -63.55555555555555
      vertex 2.7326928059030413 538.7167040392402 33.333333333333336
      vertex 2.892047970492924 538.924379733027 33.333333333333336
    endloop
  endfacet
  facet normal -0.7521079013909973 0.642360831962657 -0.14733046604648065
    outer loop
      vertex 3.0620536503908076 516.9012085873499 -63.55555555555555
      vertex 2.892047970492924 538.924379733027 33.333333333333336
      vertex 3.0620536503908076 539.123430809572 33.333333333333336
    endloop
  endfacet
  facet normal -0.7164996225648446 0.6799327538785921 -0.15594787932995197
    outer loop
      vertex 3.24224387184504 517.0910894614883 -63.55555555555555
      vertex 3.0620536503908076 539.123430809572 33.333333333333336
      vertex 3.24224387184504 539.3133116837105 33.333333333333336
    endloop
  endfacet
  facet normal -0.6790213795289916 0.7155392343883812 -0.16411450330008703
    outer loop
      vertex 3.4321247459834856 517.2712796829426 -63.55555555555555
      vertex 3.24224387184504 539.3133116837105 33.333333333333336
      vertex 3.4321247459834856 539.4935019051647 33.333333333333336
    endloop
  endfacet
  facet normal -0.6397906423385981 0.7490985959847686 -0.1718116045836621
    outer loop
      vertex 3.631175822528591 517.4412853628405 -63.55555555555555
      vertex 3.4321247459834856 539.4935019051647 33.333333333333336
      vertex 3.631175822528591 539.6635075850627 33.333333333333336
    endloop
  endfacet
  facet normal -0.5989269102938053 0.7805367459722129 -0.1790221894431677
    outer loop
      vertex 3.838851516315411 517.6006405274304 -63.55555555555555
      vertex 3.631175822528591 539.6635075850627 33.333333333333336
      vertex 3.838851516315411 539.8228627496526 33.333333333333336
    endloop
  endfacet
  facet normal -0.5565511304363824 0.809786919702802 -0.18573094488596334
    outer loop
      vertex 4.054582602702642 517.7489083952828 -63.55555555555555
      vertex 3.838851516315411 539.8228627496526 33.333333333333336
      vertex 4.054582602702642 539.971130617505 33.333333333333336
    endloop
  endfacet
  facet normal -0.5127851900071285 0.8367893774478148 -0.1919241691394066
    outer loop
      vertex 4.277777777777778 517.8856825744779 -63.55555555555555
      vertex 4.054582602702642 539.971130617505 33.333333333333336
      vertex 4.277777777777778 540.1079047967 33.333333333333336
    endloop
  endfacet
  facet normal -0.4677514855918613 0.8614910680617744 -0.19758969450958186
    outer loop
      vertex 4.507825279080044 518.0105881764974 -63.55555555555555
      vertex 4.277777777777778 540.1079047967 33.333333333333336
      vertex 4.507825279080044 540.2328103987197 33.333333333333336
    endloop
  endfacet
  facet normal -0.4215725695676074 0.8838452722780844 -0.20271680556836857
    outer loop
      vertex 4.744094562398776 518.1232828437686 -63.55555555555555
      vertex 4.507825279080044 540.2328103987197 33.333333333333336
      vertex 4.744094562398776 540.3455050659909 33.333333333333336
    endloop
  endfacet
  facet normal -0.37437087255276696 0.9038112378749183 -0.20729615547589825
    outer loop
      vertex 4.985938030051277 518.2234576880417 -63.55555555555555
      vertex 4.744094562398776 540.3455050659909 33.333333333333336
      vertex 4.985938030051277 540.4456799102638 33.333333333333336
    endloop
  endfacet
  facet normal -0.32626849887404613 0.9213538181363379 -0.21131968305879262
    outer loop
      vertex 5.232692805903041 518.3108381370314 -63.55555555555555
      vertex 4.985938030051277 540.4456799102638 33.333333333333336
      vertex 5.232692805903041 540.5330603592536 33.333333333333336
    endloop
  endfacet
  facet normal -0.277387090609725 0.9364431240550904 -0.214780533040159
    outer loop
      vertex 5.483682552265175 518.3851846870009 -63.55555555555555
      vertex 5.232692805903041 540.5330603592536 33.333333333333336
      vertex 5.483682552265175 540.6074069092232 33.333333333333336
    endloop
  endfacet
  facet normal -0.22784775454759879 0.9490541996341149 -0.21767298156745707
    outer loop
      vertex 5.738219323688981 518.4462935592246 -63.55555555555555
      vertex 5.483682552265175 540.6074069092232 33.333333333333336
      vertex 5.738219323688981 540.6685157814468 33.333333333333336
    endloop
  endfacet
  facet normal -0.17777104538859204 0.9591667284881802 -0.219992368919308
    outer loop
      vertex 5.995605452576624 518.4939972585313 -63.55555555555555
      vertex 5.738219323688981 540.6685157814468 33.333333333333336
      vertex 5.995605452576624 540.7162194807536 33.333333333333336
    endloop
  endfacet
  facet normal -0.12727699770300757 0.9667647787588035 -0.22173504099972619
    outer loop
      vertex 5.995605452576624 518.4939972585313 -63.55555555555555
      vertex 5.995605452576624 540.7162194807536 33.333333333333336
      vertex 6.255135461439511 540.7503872546192 33.333333333333336
    endloop
  endfacet
  facet normal -0.07648519855656613 0.9718365921464917 -0.22289830095103083
    outer loop
      vertex 6.516097996563058 518.5487032293285 -63.55555555555555
      vertex 6.255135461439511 540.7503872546192 33.333333333333336
      vertex 6.516097996563058 540.7709254515507 33.333333333333336
    endloop
  endfacet
  facet normal -0.025514892185088008 0.9743744216838484 -0.2234803719458363
    outer loop
      vertex 6.777777777777778 518.5555555555557 -63.55555555555555
      vertex 6.516097996563058 540.7709254515507 33.333333333333336
      vertex 6.777777777777778 540.7777777777778 33.333333333333336
    endloop
  endfacet
  facet normal 0 0 1
    outer loop
      vertex 1.7777777777777777 486.83333333333337 33.333333333333336
      vertex 6.255135461439511 540.7503872546192 33.333333333333336
      vertex 1.7777777777777777 535.7777777777778 33.333333333333336
    endloop
  endfacet
  facet normal 0 0 1
    outer loop
      vertex 1.7777777777777777 535.7777777777778 33.333333333333336
      vertex 6.255135461439511 540.7503872546192 33.333333333333336
      vertex 1.7846301040049086 536.0394575589926 33.333333333333336
    endloop
  endfacet
  facet normal 0 0 1
    outer loop
      vertex 1.7846301040049086 536.0394575589926 33.333333333333336
      vertex 6.255135461439511 540.7503872546192 33.333333333333336
      vertex 1.805168300936411 536.3004200941161 33.333333333333336
    endloop
  endfacet
  facet normal 0 0 1
    outer loop
      vertex 1.805168300936411 536.3004200941161 33.333333333333336
      vertex 6.255135461439511 540.7503872546192 33.333333333333336
      vertex 1.8393360748020884 536.559950102979 33.333333333333336
    endloop
  endfacet
  facet normal 0 0 1
    outer loop
      vertex 1.8393360748020884 536.559950102979 33.333333333333336
      vertex 6.255135461439511 540.7503872546192 33.333333333333336
      vertex 1.8870397741087492 536.8173362318666 33.333333333333336
    endloop
  endfacet
  facet normal 0 0 1
    outer loop
      vertex 1.8870397741087492 536.8173362318666 33.333333333333336
      vertex 6.255135461439511 540.7503872546192 33.333333333333336
      vertex 1.9481486463324371 537.0718730032904 33.333333333333336
    endloop
  endfacet
  facet normal 0 0 1
    outer loop
      vertex 1.9481486463324371 537.0718730032904 33.333333333333336
      vertex 6.255135461439511 540.7503872546192 33.333333333333336
      vertex 2.0224951963020095 537.3228627496526 33.333333333333336
    endloop
  endfacet
  facet normal 0 0 1
    outer loop
      vertex 2.0224951963020095 537.3228627496526 33.333333333333336
      vertex 6.255135461439511 540.7503872546192 33.333333333333336
      vertex 2.109875645291768 537.5696175255043 33.333333333333336
    endloop
  endfacet
  facet normal 0 0 1
    outer loop
      vertex 2.109875645291768 537.5696175255043 33.333333333333336
      vertex 6.255135461439511 540.7503872546192 33.333333333333336
      vertex 2.2100504895647743 537.8114609931567 33.333333333333336
    endloop
  endfacet
  facet normal 0 0 1
    outer loop
      vertex 2.2100504895647743 537.8114609931567 33.333333333333336
      vertex 6.255135461439511 540.7503872546192 33.333333333333336
      vertex 2.3227451568359383 538.0477302764755 33.333333333333336
    endloop
  endfacet
  facet normal 0 0 1
    outer loop
      vertex 2.3227451568359383 538.0477302764755 33.333333333333336
      vertex 6.255135461439511 540.7503872546192 33.333333333333336
      vertex 2.447650758855585 538.2777777777778 33.333333333333336
    endloop
  endfacet
  facet normal 0 0 1
    outer loop
      vertex 2.447650758855585 538.2777777777778 33.333333333333336
      vertex 6.255135461439511 540.7503872546192 33.333333333333336
      vertex 2.584424938050657 538.500972952853 33.333333333333336
    endloop
  endfacet
  facet normal 0 0 1
    outer loop
      vertex 2.584424938050657 538.500972952853 33.333333333333336
      vertex 6.255135461439511 540.7503872546192 33.333333333333336
      vertex 2.7326928059030413 538.7167040392402 33.333333333333336
    endloop
  endfacet
  facet normal 0 0 1
    outer loop
      vertex 2.7326928059030413 538.7167040392402 33.333333333333336
      vertex 6.255135461439511 540.7503872546192 33.333333333333336
      vertex 2.892047970492924 538.924379733027 33.333333333333336
    endloop
  endfacet
  facet normal 0 0 1
    outer loop
      vertex 2.892047970492924 538.924379733027 33.333333333333336
      vertex 6.255135461439511 540.7503872546192 33.333333333333336
      vertex 3.0620536503908076 539.123430809572 33.333333333333336
    endloop
  endfacet
  facet normal 0 0 1
    outer loop
      vertex 3.0620536503908076 539.123430809572 33.333333333333336
      vertex 6.255135461439511 540.7503872546192 33.333333333333336
      vertex 3.24224387184504 539.3133116837105 33.333333333333336
    endloop
  endfacet
  facet normal 0 0 1
    outer loop
      vertex 3.24224387184504 539.3133116837105 33.333333333333336
      vertex 6.255135461439511 540.7503872546192 33.333333333333336
      vertex 3.4321247459834856 539.4935019051647 33.333333333333336
    endloop
  endfacet
  facet normal 0 0 1
    outer loop
      vertex 3.4321247459834856 539.4935019051647 33.333333333333336
      vertex 6.255135461439511 540.7503872546192 33.333333333333336
      vertex 3.631175822528591 539.6635075850627 33.333333333333336
    endloop
  endfacet
  facet normal 0 0 1
    outer loop
      vertex 3.631175822528591 539.6635075850627 33.333333333333336
      vertex 6.255135461439511 540.7503872546192 33.333333333333336
      vertex 3.838851516315411 539.8228627496526 33.333333333333336
    endloop
  endfacet
  facet normal 0 0 1
    outer loop
      vertex 3.838851516315411 539.8228627496526 33.333333333333336
      vertex 6.255135461439511 540.7503872546192 33.333333333333336
      vertex 4.054582602702642 539.971130617505 33.333333333333336
    endloop
  endfacet
  facet normal 0 0 1
    outer loop
      vertex 1.7777777777777777 486.83333333333337 33.333333333333336
      vertex 10.54558161783089 495.6047269388246 33.333333333333336
      vertex 6.255135461439511 540.7503872546192 33.333333333333336
    endloop
  endfacet
  facet normal 0 0 1
    outer loop
      vertex 4.054582602702642 539.971130617505 33.333333333333336
      vertex 6.255135461439511 540.7503872546192 33.333333333333336
      vertex 4.277777777777778 540.1079047967 33.333333333333336
    endloop
  endfacet
  facet normal 0 0 1
    outer loop
      vertex 4.277777777777778 540.1079047967 33.333333333333336
      vertex 6.255135461439511 540.7503872546192 33.333333333333336
      vertex 4.507825279080044 540.2328103987197 33.333333333333336
    endloop
  endfacet
  facet normal 0 0 1
    outer loop
      vertex 4.507825279080044 540.2328103987197 33.333333333333336
      vertex 6.255135461439511 540.7503872546192 33.333333333333336
      vertex 4.744094562398776 540.3455050659909 33.333333333333336
    endloop
  endfacet
  facet normal 0 0 1
    outer loop
      vertex 4.744094562398776 540.3455050659909 33.333333333333336
      vertex 6.255135461439511 540.7503872546192 33.333333333333336
      vertex 4.985938030051277 540.4456799102638 33.333333333333336
    endloop
  endfacet
  facet normal 0 0 1
    outer loop
      vertex 4.985938030051277 540.4456799102638 33.333333333333336
      vertex 6.255135461439511 540.7503872546192 33.333333333333336
      vertex 5.232692805903041 540.5330603592536 33.333333333333336
    endloop
  endfacet
  facet normal 0 0 1
    outer loop
      vertex 5.232692805903041 540.5330603592536 33.333333333333336
      vertex 6.255135461439511 540.7503872546192 33.333333333333336
      vertex 5.483682552265175 540.6074069092232 33.333333333333336
    endloop
  endfacet
  facet normal 0 0 1
    outer loop
      vertex 5.483682552265175 540.6074069092232 33.333333333333336
      vertex 6.255135461439511 540.7503872546192 33.333333333333336
      vertex 5.738219323688981 540.6685157814468 33.333333333333336
    endloop
  endfacet
  facet normal 0 0 1
    outer loop
      vertex 5.738219323688981 540.6685157814468 33.333333333333336
      vertex 6.255135461439511 540.7503872546192 33.333333333333336
      vertex 5.995605452576624 540.7162194807536 33.333333333333336
    endloop
  endfacet
  facet normal 0 -1 0
    outer loop
      vertex 1.7777777777777777 486.83333333333337 33.333333333333336
      vertex 11.777777777777779 486.83333333333337 -50.666666666666664
      vertex 11.777777777777779 486.83333333333337 33.333333333333336
    endloop
  endfacet
  facet normal -1 0 0
    outer loop
      vertex 11.777777777777779 482.83333333333337 33.333333333333336
      vertex 11.777777777777779 486.83333333333337 33.333333333333336
      vertex 11.777777777777779 482.83333333333337 -50.666666666666664
    endloop
  endfacet
  facet normal 0.6494480483299586 0.7604059656002231 0
    outer loop
      vertex 11.603103307111489 493.5292237616429 -56.666666666666664
      vertex 11.603103307111489 493.5292237616429 33.333333333333336
      vertex 11.732486506865808 493.41872006970937 33.333333333333336
    endloop
  endfacet
  facet normal 0.6087614290088461 0.7933533402911388 0
    outer loop
      vertex 11.732486506865808 493.41872006970937 -56.666666666666664
      vertex 11.732486506865808 493.41872006970937 33.333333333333336
      vertex 11.86747570782724 493.3151392127259 33.333333333333336
    endloop
  endfacet
  facet normal 0.5664062369247823 0.8241261886220504 0
    outer loop
      vertex 11.86747570782724 493.3151392127259 -56.666666666666664
      vertex 11.86747570782724 493.3151392127259 33.333333333333336
      vertex 12.00770091397894 493.2187650986219 33.333333333333336
    endloop
  endfacet
  facet normal 0.5224985647159941 0.8526401643540645 0
    outer loop
      vertex 12.00770091397894 493.2187650986219 -56.666666666666664
      vertex 12.00770091397894 493.2187650986219 33.333333333333336
      vertex 12.152777777777779 493.12986188214506 33.333333333333336
    endloop
  endfacet
  facet normal 0.47715876025970927 0.8788171126619106 0
    outer loop
      vertex 12.152777777777779 493.12986188214506 -56.666666666666664
      vertex 12.152777777777779 493.12986188214506 33.333333333333336
      vertex 12.302308653624252 493.0486732408323 33.333333333333336
    endloop
  endfacet
  facet normal 0.4305110968082625 0.9025852843498762 0
    outer loop
      vertex 12.302308653624252 493.0486732408323 -56.666666666666664
      vertex 12.302308653624252 493.0486732408323 33.333333333333336
      vertex 12.455883687781427 492.975421707106 33.333333333333336
    endloop
  endfacet
  facet normal 0.38268343236488417 0.9238795325113719 0
    outer loop
      vertex 12.455883687781427 492.975421707106 -56.666666666666664
      vertex 12.455883687781427 492.975421707106 33.333333333333336
      vertex 12.613081941755553 492.9103080583286 33.333333333333336
    endloop
  endfacet
  facet normal 0.33380685923404146 0.9426414910920825 0
    outer loop
      vertex 12.613081941755553 492.9103080583286 -56.666666666666664
      vertex 12.613081941755553 492.9103080583286 33.333333333333336
      vertex 12.7734725460592 492.8535107664852 33.333333333333336
    endloop
  endfacet
  facet normal 0.2840153447038081 0.958819734868227 0
    outer loop
      vertex 12.7734725460592 492.8535107664852 -56.666666666666664
      vertex 12.7734725460592 492.8535107664852 33.333333333333336
      vertex 12.936615881194584 492.805185509005 33.333333333333336
    endloop
  endfacet
  facet normal 0.23344536385580547 0.9723699203977006 0
    outer loop
      vertex 12.936615881194584 492.805185509005 -56.666666666666664
      vertex 12.936615881194584 492.805185509005 33.333333333333336
      vertex 13.102064782620062 492.76546474205963 33.333333333333336
    endloop
  endfacet
  facet normal 0 -1 0
    outer loop
      vertex 11.777777777777779 482.83333333333337 33.333333333333336
      vertex 11.777777777777779 482.83333333333337 -50.666666666666664
      vertex 15.777777777777779 482.83333333333337 33.333333333333336
    endloop
  endfacet
  facet normal 0.1822355254920625 0.9832549075639703 0
    outer loop
      vertex 13.102064782620062 492.76546474205963 -56.666666666666664
      vertex 13.102064782620062 492.76546474205963 33.333333333333336
      vertex 13.269365766397026 492.7344573375103 33.333333333333336
    endloop
  endfacet
  facet normal 0.1305261922201966 0.9914448613737913 0
    outer loop
      vertex 13.269365766397026 492.7344573375103 -56.666666666666664
      vertex 13.269365766397026 492.7344573375103 33.333333333333336
      vertex 13.438060272157905 492.7122482844976 33.333333333333336
    endloop
  endfacet
  facet normal 0.07845909572807741 0.9969173337331096 0
    outer loop
      vertex 13.438060272157905 492.7122482844976 -56.666666666666664
      vertex 13.438060272157905 492.7122482844976 33.333333333333336
      vertex 13.60768591998821 492.6988984564921 33.333333333333336
    endloop
  endfacet
  facet normal 0.026176948307851763 0.9996573249755578 0
    outer loop
      vertex 13.60768591998821 492.6988984564921 -56.666666666666664
      vertex 13.60768591998821 492.6988984564921 33.333333333333336
      vertex 13.777777777777779 492.69444444444446 33.333333333333336
    endloop
  endfacet
  facet normal 0 0 1
    outer loop
      vertex 1.7777777777777777 486.83333333333337 33.333333333333336
      vertex 10.882006574165583 494.46897532029095 33.333333333333336
      vertex 10.808755040439326 494.62255035444815 33.333333333333336
    endloop
  endfacet
  facet normal 0 0 1
    outer loop
      vertex 1.7777777777777777 486.83333333333337 33.333333333333336
      vertex 10.963195215478354 494.31944444444446 33.333333333333336
      vertex 10.882006574165583 494.46897532029095 33.333333333333336
    endloop
  endfacet
  facet normal 0 0 1
    outer loop
      vertex 1.7777777777777777 486.83333333333337 33.333333333333336
      vertex 11.052098431955148 494.17436758064565 33.333333333333336
      vertex 10.963195215478354 494.31944444444446 33.333333333333336
    endloop
  endfacet
  facet normal 0 0 1
    outer loop
      vertex 1.7777777777777777 486.83333333333337 33.333333333333336
      vertex 11.1484725460592 494.03414237449397 33.333333333333336
      vertex 11.052098431955148 494.17436758064565 33.333333333333336
    endloop
  endfacet
  facet normal 0 0 1
    outer loop
      vertex 1.7777777777777777 486.83333333333337 33.333333333333336
      vertex 11.252053403042623 493.8991531735325 33.333333333333336
      vertex 11.1484725460592 494.03414237449397 33.333333333333336
    endloop
  endfacet
  facet normal 0 0 1
    outer loop
      vertex 1.7777777777777777 486.83333333333337 33.333333333333336
      vertex 11.362557094976246 493.7697699737782 33.333333333333336
      vertex 11.252053403042623 493.8991531735325 33.333333333333336
    endloop
  endfacet
  facet normal 0 0 1
    outer loop
      vertex 1.7777777777777777 486.83333333333337 33.333333333333336
      vertex 11.479680738921498 493.6463474055882 33.333333333333336
      vertex 11.362557094976246 493.7697699737782 33.333333333333336
    endloop
  endfacet
  facet normal 0 0 1
    outer loop
      vertex 1.7777777777777777 486.83333333333337 33.333333333333336
      vertex 11.603103307111489 493.5292237616429 33.333333333333336
      vertex 11.479680738921498 493.6463474055882 33.333333333333336
    endloop
  endfacet
  facet normal 0 0 1
    outer loop
      vertex 1.7777777777777777 486.83333333333337 33.333333333333336
      vertex 11.732486506865808 493.41872006970937 33.333333333333336
      vertex 11.603103307111489 493.5292237616429 33.333333333333336
    endloop
  endfacet
  facet normal 0 0 1
    outer loop
      vertex 1.7777777777777777 486.83333333333337 33.333333333333336
      vertex 11.86747570782724 493.3151392127259 33.333333333333336
      vertex 11.732486506865808 493.41872006970937 33.333333333333336
    endloop
  endfacet
  facet normal 0 0 1
    outer loop
      vertex 1.7777777777777777 486.83333333333337 33.333333333333336
      vertex 12.00770091397894 493.2187650986219 33.333333333333336
      vertex 11.86747570782724 493.3151392127259 33.333333333333336
    endloop
  endfacet
  facet normal 0 0 1
    outer loop
      vertex 1.7777777777777777 486.83333333333337 33.333333333333336
      vertex 12.152777777777779 493.12986188214506 33.333333333333336
      vertex 12.00770091397894 493.2187650986219 33.333333333333336
    endloop
  endfacet
  facet normal 0 0 1
    outer loop
      vertex 1.7777777777777777 486.83333333333337 33.333333333333336
      vertex 12.302308653624252 493.0486732408323 33.333333333333336
      vertex 12.152777777777779 493.12986188214506 33.333333333333336
    endloop
  endfacet
  facet normal 0 0 1
    outer loop
      vertex 1.7777777777777777 486.83333333333337 33.333333333333336
      vertex 12.455883687781427 492.975421707106 33.333333333333336
      vertex 12.302308653624252 493.0486732408323 33.333333333333336
    endloop
  endfacet
  facet normal 0 0 1
    outer loop
      vertex 1.7777777777777777 486.83333333333337 33.333333333333336
      vertex 11.777777777777779 486.83333333333337 33.333333333333336
      vertex 13.947869635567343 492.6988984564921 33.333333333333336
    endloop
  endfacet
  facet normal 0 0 1
    outer loop
      vertex 1.7777777777777777 486.83333333333337 33.333333333333336
      vertex 12.613081941755553 492.9103080583286 33.333333333333336
      vertex 12.455883687781427 492.975421707106 33.333333333333336
    endloop
  endfacet
  facet normal 0 0 1
    outer loop
      vertex 1.7777777777777777 486.83333333333337 33.333333333333336
      vertex 12.7734725460592 492.8535107664852 33.333333333333336
      vertex 12.613081941755553 492.9103080583286 33.333333333333336
    endloop
  endfacet
  facet normal 0 0 1
    outer loop
      vertex 1.7777777777777777 486.83333333333337 33.333333333333336
      vertex 12.936615881194584 492.805185509005 33.333333333333336
      vertex 12.7734725460592 492.8535107664852 33.333333333333336
    endloop
  endfacet
  facet normal 0 0 1
    outer loop
      vertex 1.7777777777777777 486.83333333333337 33.333333333333336
      vertex 13.102064782620062 492.76546474205963 33.333333333333336
      vertex 12.936615881194584 492.805185509005 33.333333333333336
    endloop
  endfacet
  facet normal 0 0 1
    outer loop
      vertex 1.7777777777777777 486.83333333333337 33.333333333333336
      vertex 13.269365766397026 492.7344573375103 33.333333333333336
      vertex 13.102064782620062 492.76546474205963 33.333333333333336
    endloop
  endfacet
  facet normal 0 0 1
    outer loop
      vertex 1.7777777777777777 486.83333333333337 33.333333333333336
      vertex 13.438060272157905 492.7122482844976 33.333333333333336
      vertex 13.269365766397026 492.7344573375103 33.333333333333336
    endloop
  endfacet
  facet normal 0 0 1
    outer loop
      vertex 1.7777777777777777 486.83333333333337 33.333333333333336
      vertex 13.60768591998821 492.6988984564921 33.333333333333336
      vertex 13.438060272157905 492.7122482844976 33.333333333333336
    endloop
  endfacet
  facet normal 0 0 1
    outer loop
      vertex 1.7777777777777777 486.83333333333337 33.333333333333336
      vertex 13.777777777777779 492.69444444444446 33.333333333333336
      vertex 13.60768591998821 492.6988984564921 33.333333333333336
    endloop
  endfacet
  facet normal 0 0 1
    outer loop
      vertex 1.7777777777777777 486.83333333333337 33.333333333333336
      vertex 13.947869635567343 492.6988984564921 33.333333333333336
      vertex 13.777777777777779 492.69444444444446 33.333333333333336
    endloop
  endfacet
  facet normal 0 0 1
    outer loop
      vertex 11.777777777777779 482.83333333333337 33.333333333333336
      vertex 15.777777777777779 482.83333333333337 33.333333333333336
      vertex 11.777777777777779 486.83333333333337 33.333333333333336
    endloop
  endfacet
  facet normal 0.9426414910921788 0.33380685923376974 0
    outer loop
      vertex 10.68684409981853 517.1623614349481 -31.666666666666664
      vertex 10.68684409981853 517.1623614349481 33.333333333333336
      vertex 10.743641391661871 517.0019708306445 -31.666666666666664
    endloop
  endfacet
  facet normal 0.923879532511372 0.38268343236488395 0
    outer loop
      vertex 10.743641391661871 517.0019708306445 -31.666666666666664
      vertex 10.743641391661871 517.0019708306445 33.333333333333336
      vertex 10.808755040439326 516.8447725766703 -31.666666666666664
    endloop
  endfacet
  facet normal 0.996917333733127 0.07845909572785731 0
    outer loop
      vertex 10.54558161783089 495.6047269388246 -56.666666666666664
      vertex 10.532231789825413 495.7743525866549 33.333333333333336
      vertex 10.54558161783089 495.6047269388246 33.333333333333336
    endloop
  endfacet
  facet normal 0.9832549075639495 0.18223552549217467 0
    outer loop
      vertex 10.59879807539291 495.26873144928675 -56.666666666666664
      vertex 10.567790670843578 495.4360324330637 33.333333333333336
      vertex 10.59879807539291 495.26873144928675 33.333333333333336
    endloop
  endfacet
  facet normal 0.9914448613738176 0.13052619221999728 0
    outer loop
      vertex 10.567790670843578 495.4360324330637 -56.666666666666664
      vertex 10.54558161783089 495.6047269388246 33.333333333333336
      vertex 10.567790670843578 495.4360324330637 33.333333333333336
    endloop
  endfacet
  facet normal 0.9996573249755571 0.026176948307876452 0
    outer loop
      vertex 10.532231789825413 495.7743525866549 -56.666666666666664
      vertex 10.527777777777779 495.94444444444446 33.333333333333336
      vertex 10.532231789825413 495.7743525866549 33.333333333333336
    endloop
  endfacet
  facet normal 0.9996573249755574 -0.02617694830786771 0
    outer loop
      vertex 10.527777777777779 495.94444444444446 -56.666666666666664
      vertex 10.532231789825413 496.11453630223406 33.333333333333336
      vertex 10.527777777777779 495.94444444444446 33.333333333333336
    endloop
  endfacet
  facet normal 0.996917333733127 -0.07845909572785731 0
    outer loop
      vertex 10.532231789825413 496.11453630223406 -56.666666666666664
      vertex 10.54558161783089 496.28416195006434 33.333333333333336
      vertex 10.532231789825413 496.11453630223406 33.333333333333336
    endloop
  endfacet
  facet normal 0.9914448613738118 -0.1305261922200405 0
    outer loop
      vertex 10.54558161783089 496.28416195006434 -56.666666666666664
      vertex 10.567790670843578 496.4528564558252 33.333333333333336
      vertex 10.54558161783089 496.28416195006434 33.333333333333336
    endloop
  endfacet
  facet normal 0.9588197348681878 0.28401534470394035 0
    outer loop
      vertex 10.68684409981853 494.9401392127259 -56.666666666666664
      vertex 10.638518842338307 495.1032825478613 33.333333333333336
      vertex 10.68684409981853 494.9401392127259 33.333333333333336
    endloop
  endfacet
  facet normal 0.9426414910921789 0.33380685923376974 0
    outer loop
      vertex 10.743641391661871 494.77974860842227 -56.666666666666664
      vertex 10.68684409981853 494.9401392127259 33.333333333333336
      vertex 10.743641391661871 494.77974860842227 33.333333333333336
    endloop
  endfacet
  facet normal 0.9723699203976723 0.23344536385592315 0
    outer loop
      vertex 10.638518842338307 495.1032825478613 -56.666666666666664
      vertex 10.59879807539291 495.26873144928675 33.333333333333336
      vertex 10.638518842338307 495.1032825478613 33.333333333333336
    endloop
  endfacet
  facet normal 0.9832549075639607 -0.18223552549211483 0
    outer loop
      vertex 10.567790670843578 496.4528564558252 -56.666666666666664
      vertex 10.59879807539291 496.6201574396022 33.333333333333336
      vertex 10.567790670843578 496.4528564558252 33.333333333333336
    endloop
  endfacet
  facet normal 0.9723699203976723 -0.23344536385592315 0
    outer loop
      vertex 10.59879807539291 496.6201574396022 -56.666666666666664
      vertex 10.638518842338307 496.7856063410277 33.333333333333336
      vertex 10.59879807539291 496.6201574396022 33.333333333333336
    endloop
  endfacet
  facet normal 0.9588197348681878 -0.28401534470394035 0
    outer loop
      vertex 10.638518842338307 496.7856063410277 -56.666666666666664
      vertex 10.68684409981853 496.94874967616306 33.333333333333336
      vertex 10.638518842338307 496.7856063410277 33.333333333333336
    endloop
  endfacet
  facet normal 0.9426414910921789 -0.33380685923376974 0
    outer loop
      vertex 10.68684409981853 496.94874967616306 -56.666666666666664
      vertex 10.743641391661871 497.1091402804667 33.333333333333336
      vertex 10.68684409981853 496.94874967616306 33.333333333333336
    endloop
  endfacet
  facet normal 0.9238795325112742 -0.3826834323651202 0
    outer loop
      vertex 10.743641391661871 497.1091402804667 -56.666666666666664
      vertex 10.808755040439326 497.2663385344408 33.333333333333336
      vertex 10.743641391661871 497.1091402804667 33.333333333333336
    endloop
  endfacet
  facet normal 0.9914448613738118 0.1305261922200405 0
    outer loop
      vertex 10.54558161783089 517.8269491610467 -31.666666666666664
      vertex 10.54558161783089 517.8269491610467 33.333333333333336
      vertex 10.567790670843578 517.6582546552859 -31.666666666666664
    endloop
  endfacet
  facet normal 0.9832549075639274 0.1822355254922944 0
    outer loop
      vertex 10.567790670843578 517.6582546552859 -31.666666666666664
      vertex 10.567790670843578 517.6582546552859 33.333333333333336
      vertex 10.59879807539291 517.490953671509 -31.666666666666664
    endloop
  endfacet
  facet normal 0.9969173337331291 0.07845909572783118 0
    outer loop
      vertex 10.54558161783089 517.8269491610467 -31.666666666666664
      vertex 10.532231789825413 517.9965748088771 -31.666666666666664
      vertex 10.532231789825413 517.9965748088771 33.333333333333336
    endloop
  endfacet
  facet normal 0.9996573249755576 0.026176948307858966 0
    outer loop
      vertex 10.532231789825413 517.9965748088771 -31.666666666666664
      vertex 10.527777777777779 518.1666666666667 -31.666666666666664
      vertex 10.527777777777779 518.1666666666667 33.333333333333336
    endloop
  endfacet
  facet normal 0.9996573249755571 -0.026176948307876452 0
    outer loop
      vertex 10.527777777777779 518.1666666666667 -31.666666666666664
      vertex 10.532231789825413 518.3367585244563 -31.666666666666664
      vertex 10.532231789825413 518.3367585244563 33.333333333333336
    endloop
  endfacet
  facet normal 0.996917333733125 -0.07845909572788344 0
    outer loop
      vertex 10.532231789825413 518.3367585244563 -31.666666666666664
      vertex 10.54558161783089 518.5063841722865 -31.666666666666664
      vertex 10.54558161783089 518.5063841722865 33.333333333333336
    endloop
  endfacet
  facet normal 0.9914448613738118 -0.1305261922200405 0
    outer loop
      vertex 10.54558161783089 518.5063841722865 -31.666666666666664
      vertex 10.567790670843578 518.6750786780474 -31.666666666666664
      vertex 10.567790670843578 518.6750786780474 33.333333333333336
    endloop
  endfacet
  facet normal 0.9832549075639717 -0.18223552549205496 0
    outer loop
      vertex 10.567790670843578 518.6750786780474 -31.666666666666664
      vertex 10.59879807539291 518.8423796618245 -31.666666666666664
      vertex 10.59879807539291 518.8423796618245 33.333333333333336
    endloop
  endfacet
  facet normal 0.9723699203976904 0.2334453638558473 0
    outer loop
      vertex 10.59879807539291 517.490953671509 -31.666666666666664
      vertex 10.59879807539291 517.490953671509 33.333333333333336
      vertex 10.638518842338307 517.3255047700835 -31.666666666666664
    endloop
  endfacet
  facet normal 0.9588197348681878 0.28401534470394035 0
    outer loop
      vertex 10.68684409981853 517.1623614349481 -31.666666666666664
      vertex 10.638518842338307 517.3255047700835 -31.666666666666664
      vertex 10.638518842338307 517.3255047700835 33.333333333333336
    endloop
  endfacet
  facet normal 0.9723699203976542 -0.233445363855999 0
    outer loop
      vertex 10.59879807539291 518.8423796618245 -31.666666666666664
      vertex 10.638518842338307 519.0078285632499 -31.666666666666664
      vertex 10.638518842338307 519.0078285632499 33.333333333333336
    endloop
  endfacet
  facet normal 0.9588197348681878 -0.28401534470394035 0
    outer loop
      vertex 10.638518842338307 519.0078285632499 -31.666666666666664
      vertex 10.68684409981853 519.1709718983852 -31.666666666666664
      vertex 10.68684409981853 519.1709718983852 33.333333333333336
    endloop
  endfacet
  facet normal 0.9426414910921788 -0.33380685923376974 0
    outer loop
      vertex 10.68684409981853 519.1709718983852 -31.666666666666664
      vertex 10.743641391661871 519.3313625026889 -31.666666666666664
      vertex 10.743641391661871 519.3313625026889 33.333333333333336
    endloop
  endfacet
  facet normal 0.9025852843498252 0.4305110968083696 0
    outer loop
      vertex 10.808755040439326 516.8447725766703 -31.666666666666664
      vertex 10.808755040439326 516.8447725766703 33.333333333333336
      vertex 10.882006574165583 516.6911975425131 -31.666666666666664
    endloop
  endfacet
  facet normal 0.8788171126618396 0.47715876025984016 0
    outer loop
      vertex 10.882006574165583 516.6911975425131 -31.666666666666664
      vertex 10.882006574165583 516.6911975425131 33.333333333333336
      vertex 10.963195215478354 516.5416666666667 -31.666666666666664
    endloop
  endfacet
  facet normal 0.8526401643541417 0.5224985647158683 0
    outer loop
      vertex 10.963195215478354 516.5416666666667 -31.666666666666664
      vertex 10.963195215478354 516.5416666666667 33.333333333333336
      vertex 11.052098431955148 516.3965898028679 -31.666666666666664
    endloop
  endfacet
  facet normal 0.8241261886220852 0.5664062369247318 0
    outer loop
      vertex 11.052098431955148 516.3965898028679 -31.666666666666664
      vertex 11.052098431955148 516.3965898028679 33.333333333333336
      vertex 11.1484725460592 516.2563645967161 -31.666666666666664
    endloop
  endfacet
  facet normal 0.79335334029116 0.6087614290088186 0
    outer loop
      vertex 11.1484725460592 516.2563645967161 -31.666666666666664
      vertex 11.1484725460592 516.2563645967161 33.333333333333336
      vertex 11.252053403042623 516.1213753957547 -31.666666666666664
    endloop
  endfacet
  facet normal 0.7604059656000639 0.649448048330145 0
    outer loop
      vertex 11.252053403042623 516.1213753957547 -31.666666666666664
      vertex 11.252053403042623 516.1213753957547 33.333333333333336
      vertex 11.362557094976246 515.9919921960004 -31.666666666666664
    endloop
  endfacet
  facet normal 0.7253743710122981 0.688354575693743 0
    outer loop
      vertex 11.362557094976246 515.9919921960004 -31.666666666666664
      vertex 11.362557094976246 515.9919921960004 33.333333333333336
      vertex 11.479680738921498 515.8685696278104 -31.666666666666664
    endloop
  endfacet
  facet normal 0.6883545756939622 0.72537437101209 0
    outer loop
      vertex 11.479680738921498 515.8685696278104 -31.666666666666664
      vertex 11.479680738921498 515.8685696278104 33.333333333333336
      vertex 11.603103307111489 515.7514459838651 -31.666666666666664
    endloop
  endfacet
  facet normal 0.6494480483299586 0.760405965600223 0
    outer loop
      vertex 11.603103307111489 515.7514459838651 -31.666666666666664
      vertex 11.603103307111489 515.7514459838651 33.333333333333336
      vertex 11.732486506865808 515.6409422919315 -31.666666666666664
    endloop
  endfacet
  facet normal 0.608761429008636 0.7933533402913002 0
    outer loop
      vertex 11.732486506865808 515.6409422919315 -31.666666666666664
      vertex 11.732486506865808 515.6409422919315 33.333333333333336
      vertex 11.86747570782724 515.5373614349481 -31.666666666666664
    endloop
  endfacet
  facet normal 0.5664062369252361 0.8241261886217385 0
    outer loop
      vertex 11.86747570782724 515.5373614349481 -31.666666666666664
      vertex 11.86747570782724 515.5373614349481 33.333333333333336
      vertex 12.00770091397894 515.440987320844 -31.666666666666664
    endloop
  endfacet
  facet normal 0.5224985647157512 0.8526401643542134 0
    outer loop
      vertex 12.00770091397894 515.440987320844 -31.666666666666664
      vertex 12.00770091397894 515.440987320844 33.333333333333336
      vertex 12.152777777777779 515.3520841043672 -31.666666666666664
    endloop
  endfacet
  facet normal 0.47715876025919324 0.8788171126621908 0
    outer loop
      vertex 12.152777777777779 515.3520841043672 -31.666666666666664
      vertex 12.152777777777779 515.3520841043672 33.333333333333336
      vertex 12.302308653624252 515.2708954630546 -31.666666666666664
    endloop
  endfacet
  facet normal 0.43051109680853467 0.9025852843497464 0
    outer loop
      vertex 12.302308653624252 515.2708954630546 -31.666666666666664
      vertex 12.302308653624252 515.2708954630546 33.333333333333336
      vertex 12.455883687781427 515.1976439293283 -31.666666666666664
    endloop
  endfacet
  facet normal 0.38268343236516933 0.9238795325112538 0
    outer loop
      vertex 12.455883687781427 515.1976439293283 -31.666666666666664
      vertex 12.455883687781427 515.1976439293283 33.333333333333336
      vertex 12.613081941755553 515.1325302805508 -31.666666666666664
    endloop
  endfacet
  facet normal 0.33380685923404146 0.9426414910920826 0
    outer loop
      vertex 12.613081941755553 515.1325302805508 -31.666666666666664
      vertex 12.613081941755553 515.1325302805508 33.333333333333336
      vertex 12.7734725460592 515.0757329887074 -31.666666666666664
    endloop
  endfacet
  facet normal 0.2840153447038081 0.958819734868227 0
    outer loop
      vertex 12.7734725460592 515.0757329887074 -31.666666666666664
      vertex 12.7734725460592 515.0757329887074 33.333333333333336
      vertex 12.936615881194584 515.0274077312272 -31.666666666666664
    endloop
  endfacet
  facet normal 0.23344536385580547 0.9723699203977005 0
    outer loop
      vertex 12.936615881194584 515.0274077312272 -31.666666666666664
      vertex 12.936615881194584 515.0274077312272 33.333333333333336
      vertex 13.102064782620062 514.9876869642818 -31.666666666666664
    endloop
  endfacet
  facet normal 0.1822355254920625 0.9832549075639703 0
    outer loop
      vertex 13.102064782620062 514.9876869642818 -31.666666666666664
      vertex 13.102064782620062 514.9876869642818 33.333333333333336
      vertex 13.269365766397026 514.9566795597325 -31.666666666666664
    endloop
  endfacet
  facet normal 0.1305261922201966 0.9914448613737914 0
    outer loop
      vertex 13.269365766397026 514.9566795597325 -31.666666666666664
      vertex 13.269365766397026 514.9566795597325 33.333333333333336
      vertex 13.438060272157905 514.9344705067198 -31.666666666666664
    endloop
  endfacet
  facet normal 0.07845909572807741 0.9969173337331096 0
    outer loop
      vertex 13.438060272157905 514.9344705067198 -31.666666666666664
      vertex 13.438060272157905 514.9344705067198 33.333333333333336
      vertex 13.60768591998821 514.9211206787143 -31.666666666666664
    endloop
  endfacet
  facet normal 0.026176948307184065 0.9996573249755754 0
    outer loop
      vertex 13.60768591998821 514.9211206787143 -31.666666666666664
      vertex 13.60768591998821 514.9211206787143 33.333333333333336
      vertex 13.777777777777779 514.9166666666667 -31.666666666666664
    endloop
  endfacet
  facet normal 0.9238795325112742 0.3826834323651202 0
    outer loop
      vertex 10.808755040439326 494.62255035444815 -56.666666666666664
      vertex 10.743641391661871 494.77974860842227 33.333333333333336
      vertex 10.808755040439326 494.62255035444815 33.333333333333336
    endloop
  endfacet
  facet normal 0.902585284349887 0.43051109680823973 0
    outer loop
      vertex 10.882006574165583 494.46897532029095 -56.666666666666664
      vertex 10.808755040439326 494.62255035444815 33.333333333333336
      vertex 10.882006574165583 494.46897532029095 33.333333333333336
    endloop
  endfacet
  facet normal 0.8788171126619916 0.47715876025955994 0
    outer loop
      vertex 10.963195215478354 494.31944444444446 -56.666666666666664
      vertex 10.882006574165583 494.46897532029095 33.333333333333336
      vertex 10.963195215478354 494.31944444444446 33.333333333333336
    endloop
  endfacet
  facet normal 0.8526401643540504 0.5224985647160171 0
    outer loop
      vertex 11.052098431955148 494.17436758064565 -56.666666666666664
      vertex 10.963195215478354 494.31944444444446 33.333333333333336
      vertex 11.052098431955148 494.17436758064565 33.333333333333336
    endloop
  endfacet
  facet normal 0.8241261886219778 0.5664062369248877 0
    outer loop
      vertex 11.1484725460592 494.03414237449397 -56.666666666666664
      vertex 11.052098431955148 494.17436758064565 33.333333333333336
      vertex 11.1484725460592 494.03414237449397 33.333333333333336
    endloop
  endfacet
  facet normal 0.902585284349887 -0.43051109680823973 0
    outer loop
      vertex 10.808755040439326 497.2663385344408 -56.666666666666664
      vertex 10.882006574165583 497.419913568598 33.333333333333336
      vertex 10.808755040439326 497.2663385344408 33.333333333333336
    endloop
  endfacet
  facet normal 0.8788171126619155 -0.47715876025970005 0
    outer loop
      vertex 10.882006574165583 497.419913568598 -56.666666666666664
      vertex 10.963195215478354 497.56944444444446 33.333333333333336
      vertex 10.882006574165583 497.419913568598 33.333333333333336
    endloop
  endfacet
  facet normal 0.8526401643541416 -0.5224985647158682 0
    outer loop
      vertex 10.963195215478354 497.56944444444446 -56.666666666666664
      vertex 11.052098431955148 497.7145213082433 33.333333333333336
      vertex 10.963195215478354 497.56944444444446 33.333333333333336
    endloop
  endfacet
  facet normal 0.8241261886219778 -0.5664062369248877 0
    outer loop
      vertex 11.052098431955148 497.7145213082433 -56.666666666666664
      vertex 11.1484725460592 497.854746514395 33.333333333333336
      vertex 11.052098431955148 497.7145213082433 33.333333333333336
    endloop
  endfacet
  facet normal 0.7933533402912837 0.6087614290086573 0
    outer loop
      vertex 11.252053403042623 493.8991531735325 -56.666666666666664
      vertex 11.1484725460592 494.03414237449397 33.333333333333336
      vertex 11.252053403042623 493.8991531735325 33.333333333333336
    endloop
  endfacet
  facet normal 0.7604059656000639 0.649448048330145 0
    outer loop
      vertex 11.362557094976246 493.7697699737782 -56.666666666666664
      vertex 11.252053403042623 493.8991531735325 33.333333333333336
      vertex 11.362557094976246 493.7697699737782 33.333333333333336
    endloop
  endfacet
  facet normal 0.7253743710122981 0.688354575693743 0
    outer loop
      vertex 11.479680738921498 493.6463474055882 -56.666666666666664
      vertex 11.362557094976246 493.7697699737782 33.333333333333336
      vertex 11.479680738921498 493.6463474055882 33.333333333333336
    endloop
  endfacet
  facet normal 0.6883545756937864 0.725374371012257 0
    outer loop
      vertex 11.479680738921498 493.6463474055882 -56.666666666666664
      vertex 11.479680738921498 493.6463474055882 33.333333333333336
      vertex 11.603103307111489 493.5292237616429 33.333333333333336
    endloop
  endfacet
  facet normal 0.7933533402912837 -0.6087614290086573 0
    outer loop
      vertex 11.1484725460592 497.854746514395 -56.666666666666664
      vertex 11.252053403042623 497.98973571535646 33.333333333333336
      vertex 11.1484725460592 497.854746514395 33.333333333333336
    endloop
  endfacet
  facet normal 0.7604059656000639 -0.649448048330145 0
    outer loop
      vertex 11.252053403042623 497.98973571535646 -56.666666666666664
      vertex 11.362557094976246 498.1191189151108 33.333333333333336
      vertex 11.252053403042623 497.98973571535646 33.333333333333336
    endloop
  endfacet
  facet normal 0.7253743710122981 -0.688354575693743 0
    outer loop
      vertex 11.362557094976246 498.1191189151108 -56.666666666666664
      vertex 11.479680738921498 498.2425414833008 33.333333333333336
      vertex 11.362557094976246 498.1191189151108 33.333333333333336
    endloop
  endfacet
  facet normal 0.6883545756936106 -0.7253743710124237 0
    outer loop
      vertex 11.603103307111489 498.359665127246 -56.666666666666664
      vertex 11.603103307111489 498.359665127246 33.333333333333336
      vertex 11.479680738921498 498.2425414833008 33.333333333333336
    endloop
  endfacet
  facet normal 0.649448048330345 -0.760405965599893 0
    outer loop
      vertex 11.732486506865808 498.47016881917966 -56.666666666666664
      vertex 11.732486506865808 498.47016881917966 33.333333333333336
      vertex 11.603103307111489 498.359665127246 33.333333333333336
    endloop
  endfacet
  facet normal 0.608761429008636 -0.7933533402913002 0
    outer loop
      vertex 11.86747570782724 498.57374967616306 -56.666666666666664
      vertex 11.86747570782724 498.57374967616306 33.333333333333336
      vertex 11.732486506865808 498.47016881917966 33.333333333333336
    endloop
  endfacet
  facet normal 0.5664062369247823 -0.8241261886220504 0
    outer loop
      vertex 12.00770091397894 498.6701237902671 -56.666666666666664
      vertex 12.00770091397894 498.6701237902671 33.333333333333336
      vertex 11.86747570782724 498.57374967616306 33.333333333333336
    endloop
  endfacet
  facet normal 0.5224985647159941 -0.8526401643540645 0
    outer loop
      vertex 12.152777777777779 498.7590270067439 -56.666666666666664
      vertex 12.152777777777779 498.7590270067439 33.333333333333336
      vertex 12.00770091397894 498.6701237902671 33.333333333333336
    endloop
  endfacet
  facet normal 0.47715876025970927 -0.8788171126619106 0
    outer loop
      vertex 12.302308653624252 498.8402156480567 -56.666666666666664
      vertex 12.302308653624252 498.8402156480567 33.333333333333336
      vertex 12.152777777777779 498.7590270067439 33.333333333333336
    endloop
  endfacet
  facet normal 0.4305110968082625 -0.9025852843498762 0
    outer loop
      vertex 12.455883687781427 498.91346718178295 -56.666666666666664
      vertex 12.455883687781427 498.91346718178295 33.333333333333336
      vertex 12.302308653624252 498.8402156480567 33.333333333333336
    endloop
  endfacet
  facet normal 0.38268343236516933 -0.9238795325112538 0
    outer loop
      vertex 12.613081941755553 498.9785808305604 -56.666666666666664
      vertex 12.613081941755553 498.9785808305604 33.333333333333336
      vertex 12.455883687781427 498.91346718178295 33.333333333333336
    endloop
  endfacet
  facet normal 0.3338068592334478 -0.9426414910922928 0
    outer loop
      vertex 12.7734725460592 499.0353781224037 -56.666666666666664
      vertex 12.7734725460592 499.0353781224037 33.333333333333336
      vertex 12.613081941755553 498.9785808305604 33.333333333333336
    endloop
  endfacet
  facet normal 0.2840153447041152 -0.958819734868136 0
    outer loop
      vertex 12.936615881194584 499.08370337988396 -56.666666666666664
      vertex 12.936615881194584 499.08370337988396 33.333333333333336
      vertex 12.7734725460592 499.0353781224037 33.333333333333336
    endloop
  endfacet
  facet normal 0.23344536385580547 -0.9723699203977006 0
    outer loop
      vertex 13.102064782620062 499.12342414682934 -56.666666666666664
      vertex 13.102064782620062 499.12342414682934 33.333333333333336
      vertex 12.936615881194584 499.08370337988396 33.333333333333336
    endloop
  endfacet
  facet normal 0.1822355254923855 -0.9832549075639104 0
    outer loop
      vertex 13.269365766397026 499.1544315513787 -56.666666666666664
      vertex 13.269365766397026 499.1544315513787 33.333333333333336
      vertex 13.102064782620062 499.12342414682934 33.333333333333336
    endloop
  endfacet
  facet normal 0.13052619221986822 -0.9914448613738346 0
    outer loop
      vertex 13.438060272157905 499.17664060439137 -56.666666666666664
      vertex 13.438060272157905 499.17664060439137 33.333333333333336
      vertex 13.269365766397026 499.1544315513787 33.333333333333336
    endloop
  endfacet
  facet normal 0.07845909572774538 -0.9969173337331358 0
    outer loop
      vertex 13.60768591998821 499.1899904323968 -56.666666666666664
      vertex 13.60768591998821 499.1899904323968 33.333333333333336
      vertex 13.438060272157905 499.17664060439137 33.333333333333336
    endloop
  endfacet
  facet normal 0.026176948307851763 -0.9996573249755578 0
    outer loop
      vertex 13.60768591998821 499.1899904323968 33.333333333333336
      vertex 13.777777777777779 499.19444444444446 -56.666666666666664
      vertex 13.777777777777779 499.19444444444446 33.333333333333336
    endloop
  endfacet
  facet normal 0.9238795325112741 -0.38268343236512015 0
    outer loop
      vertex 10.743641391661871 519.3313625026889 -31.666666666666664
      vertex 10.808755040439326 519.488560756663 -31.666666666666664
      vertex 10.808755040439326 519.488560756663 33.333333333333336
    endloop
  endfacet
  facet normal 0.902585284349949 -0.4305110968081099 0
    outer loop
      vertex 10.808755040439326 519.488560756663 -31.666666666666664
      vertex 10.882006574165583 519.6421357908202 -31.666666666666664
      vertex 10.882006574165583 519.6421357908202 33.333333333333336
    endloop
  endfacet
  facet normal 0.8788171126619917 -0.47715876025956 0
    outer loop
      vertex 10.882006574165583 519.6421357908202 -31.666666666666664
      vertex 10.963195215478354 519.7916666666667 -31.666666666666664
      vertex 10.963195215478354 519.7916666666667 33.333333333333336
    endloop
  endfacet
  facet normal 0.8526401643539593 -0.522498564716166 0
    outer loop
      vertex 10.963195215478354 519.7916666666667 -31.666666666666664
      vertex 11.052098431955148 519.9367435304655 -31.666666666666664
      vertex 11.052098431955148 519.9367435304655 33.333333333333336
    endloop
  endfacet
  facet normal 0.8241261886220852 -0.5664062369247318 0
    outer loop
      vertex 11.052098431955148 519.9367435304655 -31.666666666666664
      vertex 11.1484725460592 520.0769687366172 -31.666666666666664
      vertex 11.1484725460592 520.0769687366172 33.333333333333336
    endloop
  endfacet
  facet normal 0.79335334029116 -0.6087614290088186 0
    outer loop
      vertex 11.1484725460592 520.0769687366172 -31.666666666666664
      vertex 11.252053403042623 520.2119579375786 -31.666666666666664
      vertex 11.252053403042623 520.2119579375786 33.333333333333336
    endloop
  endfacet
  facet normal 0.7604059656000639 -0.649448048330145 0
    outer loop
      vertex 11.252053403042623 520.2119579375786 -31.666666666666664
      vertex 11.362557094976246 520.341341137333 -31.666666666666664
      vertex 11.362557094976246 520.341341137333 33.333333333333336
    endloop
  endfacet
  facet normal 0.7253743710122981 -0.688354575693743 0
    outer loop
      vertex 11.362557094976246 520.341341137333 -31.666666666666664
      vertex 11.479680738921498 520.464763705523 -31.666666666666664
      vertex 11.479680738921498 520.464763705523 33.333333333333336
    endloop
  endfacet
  facet normal 0.6883545756936106 -0.7253743710124237 0
    outer loop
      vertex 11.479680738921498 520.464763705523 -31.666666666666664
      vertex 11.603103307111489 520.5818873494682 -31.666666666666664
      vertex 11.603103307111489 520.5818873494682 33.333333333333336
    endloop
  endfacet
  facet normal 0.649448048330345 -0.7604059655998932 0
    outer loop
      vertex 11.603103307111489 520.5818873494682 -31.666666666666664
      vertex 11.732486506865808 520.6923910414018 -31.666666666666664
      vertex 11.732486506865808 520.6923910414018 33.333333333333336
    endloop
  endfacet
  facet normal 0.608761429008636 -0.7933533402913002 0
    outer loop
      vertex 11.732486506865808 520.6923910414018 -31.666666666666664
      vertex 11.86747570782724 520.7959718983852 -31.666666666666664
      vertex 11.86747570782724 520.7959718983852 33.333333333333336
    endloop
  endfacet
  facet normal 0.5664062369247823 -0.8241261886220504 0
    outer loop
      vertex 11.86747570782724 520.7959718983852 -31.666666666666664
      vertex 12.00770091397894 520.8923460124893 -31.666666666666664
      vertex 12.00770091397894 520.8923460124893 33.333333333333336
    endloop
  endfacet
  facet normal 0.5224985647162369 -0.8526401643539157 0
    outer loop
      vertex 12.00770091397894 520.8923460124893 -31.666666666666664
      vertex 12.152777777777779 520.9812492289661 -31.666666666666664
      vertex 12.152777777777779 520.9812492289661 33.333333333333336
    endloop
  endfacet
  facet normal 0.47715876025970927 -0.8788171126619106 0
    outer loop
      vertex 12.152777777777779 520.9812492289661 -31.666666666666664
      vertex 12.302308653624252 521.0624378702789 -31.666666666666664
      vertex 12.302308653624252 521.0624378702789 33.333333333333336
    endloop
  endfacet
  facet normal 0.4305110968079903 -0.902585284350006 0
    outer loop
      vertex 12.302308653624252 521.0624378702789 -31.666666666666664
      vertex 12.455883687781427 521.1356894040051 -31.666666666666664
      vertex 12.455883687781427 521.1356894040051 33.333333333333336
    endloop
  endfacet
  facet normal 0.38268343236516933 -0.9238795325112538 0
    outer loop
      vertex 12.455883687781427 521.1356894040051 -31.666666666666664
      vertex 12.613081941755553 521.2008030527826 -31.666666666666664
      vertex 12.613081941755553 521.2008030527826 33.333333333333336
    endloop
  endfacet
  facet normal 0.3338068592334478 -0.9426414910922929 0
    outer loop
      vertex 12.613081941755553 521.2008030527826 -31.666666666666664
      vertex 12.7734725460592 521.2576003446259 -31.666666666666664
      vertex 12.7734725460592 521.2576003446259 33.333333333333336
    endloop
  endfacet
  facet normal 0.28401534470442236 -0.9588197348680451 0
    outer loop
      vertex 12.7734725460592 521.2576003446259 -31.666666666666664
      vertex 12.936615881194584 521.3059256021062 -31.666666666666664
      vertex 12.936615881194584 521.3059256021062 33.333333333333336
    endloop
  endfacet
  facet normal 0.23344536385580547 -0.9723699203977005 0
    outer loop
      vertex 12.936615881194584 521.3059256021062 -31.666666666666664
      vertex 13.102064782620062 521.3456463690516 -31.666666666666664
      vertex 13.102064782620062 521.3456463690516 33.333333333333336
    endloop
  endfacet
  facet normal 0.1822355254920625 -0.9832549075639703 0
    outer loop
      vertex 13.102064782620062 521.3456463690516 -31.666666666666664
      vertex 13.269365766397026 521.3766537736009 -31.666666666666664
      vertex 13.269365766397026 521.3766537736009 33.333333333333336
    endloop
  endfacet
  facet normal 0.1305261922201966 -0.9914448613737914 0
    outer loop
      vertex 13.269365766397026 521.3766537736009 -31.666666666666664
      vertex 13.438060272157905 521.3988628266136 -31.666666666666664
      vertex 13.438060272157905 521.3988628266136 33.333333333333336
    endloop
  endfacet
  facet normal 0.07845909572741336 -0.9969173337331619 0
    outer loop
      vertex 13.438060272157905 521.3988628266136 -31.666666666666664
      vertex 13.60768591998821 521.412212654619 -31.666666666666664
      vertex 13.60768591998821 521.412212654619 33.333333333333336
    endloop
  endfacet
  facet normal 0.026176948308519462 -0.9996573249755404 0
    outer loop
      vertex 13.60768591998821 521.412212654619 -31.666666666666664
      vertex 13.777777777777779 521.4166666666667 -31.666666666666664
      vertex 13.777777777777779 521.4166666666667 33.333333333333336
    endloop
  endfacet
  facet normal 0.9426414910921788 0.33380685923376974 0
    outer loop
      vertex 10.743641391661871 517.0019708306445 -31.666666666666664
      vertex 10.68684409981853 517.1623614349481 33.333333333333336
      vertex 10.743641391661871 517.0019708306445 33.333333333333336
    endloop
  endfacet
  facet normal 0 0 1
    outer loop
      vertex 6.255135461439511 540.7503872546192 33.333333333333336
      vertex 10.54558161783089 495.6047269388246 33.333333333333336
      vertex 10.532231789825413 495.7743525866549 33.333333333333336
    endloop
  endfacet
  facet normal 0 0 1
    outer loop
      vertex 6.255135461439511 540.7503872546192 33.333333333333336
      vertex 10.532231789825413 495.7743525866549 33.333333333333336
      vertex 10.527777777777779 495.94444444444446 33.333333333333336
    endloop
  endfacet
  facet normal 0 0 1
    outer loop
      vertex 6.255135461439511 540.7503872546192 33.333333333333336
      vertex 10.527777777777779 495.94444444444446 33.333333333333336
      vertex 10.532231789825413 496.11453630223406 33.333333333333336
    endloop
  endfacet
  facet normal 0 0 1
    outer loop
      vertex 6.255135461439511 540.7503872546192 33.333333333333336
      vertex 10.532231789825413 496.11453630223406 33.333333333333336
      vertex 10.54558161783089 496.28416195006434 33.333333333333336
    endloop
  endfacet
  facet normal 0 0 1
    outer loop
      vertex 6.255135461439511 540.7503872546192 33.333333333333336
      vertex 10.54558161783089 496.28416195006434 33.333333333333336
      vertex 10.567790670843578 496.4528564558252 33.333333333333336
    endloop
  endfacet
  facet normal 0 0 1
    outer loop
      vertex 6.255135461439511 540.7503872546192 33.333333333333336
      vertex 10.567790670843578 496.4528564558252 33.333333333333336
      vertex 10.59879807539291 496.6201574396022 33.333333333333336
    endloop
  endfacet
  facet normal 0 0 1
    outer loop
      vertex 6.255135461439511 540.7503872546192 33.333333333333336
      vertex 10.59879807539291 496.6201574396022 33.333333333333336
      vertex 10.638518842338307 496.7856063410277 33.333333333333336
    endloop
  endfacet
  facet normal 0 0 1
    outer loop
      vertex 6.255135461439511 540.7503872546192 33.333333333333336
      vertex 10.638518842338307 496.7856063410277 33.333333333333336
      vertex 10.68684409981853 496.94874967616306 33.333333333333336
    endloop
  endfacet
  facet normal 0 0 1
    outer loop
      vertex 6.255135461439511 540.7503872546192 33.333333333333336
      vertex 10.68684409981853 496.94874967616306 33.333333333333336
      vertex 10.743641391661871 497.1091402804667 33.333333333333336
    endloop
  endfacet
  facet normal 0 0 1
    outer loop
      vertex 6.255135461439511 540.7503872546192 33.333333333333336
      vertex 10.743641391661871 497.1091402804667 33.333333333333336
      vertex 10.808755040439326 497.2663385344408 33.333333333333336
    endloop
  endfacet
  facet normal 0 0 1
    outer loop
      vertex 6.255135461439511 540.7503872546192 33.333333333333336
      vertex 10.808755040439326 497.2663385344408 33.333333333333336
      vertex 10.882006574165583 497.419913568598 33.333333333333336
    endloop
  endfacet
  facet normal 0 0 1
    outer loop
      vertex 6.255135461439511 540.7503872546192 33.333333333333336
      vertex 10.882006574165583 497.419913568598 33.333333333333336
      vertex 10.963195215478354 497.56944444444446 33.333333333333336
    endloop
  endfacet
  facet normal 0 0 1
    outer loop
      vertex 6.255135461439511 540.7503872546192 33.333333333333336
      vertex 10.963195215478354 497.56944444444446 33.333333333333336
      vertex 11.052098431955148 497.7145213082433 33.333333333333336
    endloop
  endfacet
  facet normal 0 0 1
    outer loop
      vertex 6.516097996563058 540.7709254515507 33.333333333333336
      vertex 11.052098431955148 497.7145213082433 33.333333333333336
      vertex 11.1484725460592 497.854746514395 33.333333333333336
    endloop
  endfacet
  facet normal 0 0 1
    outer loop
      vertex 6.516097996563058 540.7709254515507 33.333333333333336
      vertex 11.1484725460592 497.854746514395 33.333333333333336
      vertex 11.252053403042623 497.98973571535646 33.333333333333336
    endloop
  endfacet
  facet normal 0.9969173337331291 0.07845909572783118 0
    outer loop
      vertex 10.54558161783089 517.8269491610467 -31.666666666666664
      vertex 10.532231789825413 517.9965748088771 33.333333333333336
      vertex 10.54558161783089 517.8269491610467 33.333333333333336
    endloop
  endfacet
  facet normal 0.9914448613738118 0.1305261922200405 0
    outer loop
      vertex 10.567790670843578 517.6582546552859 -31.666666666666664
      vertex 10.54558161783089 517.8269491610467 33.333333333333336
      vertex 10.567790670843578 517.6582546552859 33.333333333333336
    endloop
  endfacet
  facet normal 0.9832549075639274 0.1822355254922944 0
    outer loop
      vertex 10.59879807539291 517.490953671509 -31.666666666666664
      vertex 10.567790670843578 517.6582546552859 33.333333333333336
      vertex 10.59879807539291 517.490953671509 33.333333333333336
    endloop
  endfacet
  facet normal 0.9996573249755576 0.026176948307858966 0
    outer loop
      vertex 10.532231789825413 517.9965748088771 -31.666666666666664
      vertex 10.527777777777779 518.1666666666667 33.333333333333336
      vertex 10.532231789825413 517.9965748088771 33.333333333333336
    endloop
  endfacet
  facet normal 0.9996573249755571 -0.026176948307876452 0
    outer loop
      vertex 10.527777777777779 518.1666666666667 -31.666666666666664
      vertex 10.532231789825413 518.3367585244563 33.333333333333336
      vertex 10.527777777777779 518.1666666666667 33.333333333333336
    endloop
  endfacet
  facet normal 0.996917333733125 -0.07845909572788344 0
    outer loop
      vertex 10.532231789825413 518.3367585244563 -31.666666666666664
      vertex 10.54558161783089 518.5063841722865 33.333333333333336
      vertex 10.532231789825413 518.3367585244563 33.333333333333336
    endloop
  endfacet
  facet normal 0.9914448613738118 -0.1305261922200405 0
    outer loop
      vertex 10.54558161783089 518.5063841722865 -31.666666666666664
      vertex 10.567790670843578 518.6750786780474 33.333333333333336
      vertex 10.54558161783089 518.5063841722865 33.333333333333336
    endloop
  endfacet
  facet normal 0.9832549075639717 -0.18223552549205496 0
    outer loop
      vertex 10.567790670843578 518.6750786780474 -31.666666666666664
      vertex 10.59879807539291 518.8423796618245 33.333333333333336
      vertex 10.567790670843578 518.6750786780474 33.333333333333336
    endloop
  endfacet
  facet normal 0.9723699203976904 0.2334453638558473 0
    outer loop
      vertex 10.638518842338307 517.3255047700835 -31.666666666666664
      vertex 10.59879807539291 517.490953671509 33.333333333333336
      vertex 10.638518842338307 517.3255047700835 33.333333333333336
    endloop
  endfacet
  facet normal 0.9588197348681878 0.28401534470394035 0
    outer loop
      vertex 10.68684409981853 517.1623614349481 -31.666666666666664
      vertex 10.638518842338307 517.3255047700835 33.333333333333336
      vertex 10.68684409981853 517.1623614349481 33.333333333333336
    endloop
  endfacet
  facet normal 0.9723699203976542 -0.233445363855999 0
    outer loop
      vertex 10.59879807539291 518.8423796618245 -31.666666666666664
      vertex 10.638518842338307 519.0078285632499 33.333333333333336
      vertex 10.59879807539291 518.8423796618245 33.333333333333336
    endloop
  endfacet
  facet normal 0.9588197348681878 -0.28401534470394035 0
    outer loop
      vertex 10.638518842338307 519.0078285632499 -31.666666666666664
      vertex 10.68684409981853 519.1709718983852 33.333333333333336
      vertex 10.638518842338307 519.0078285632499 33.333333333333336
    endloop
  endfacet
  facet normal 0.9426414910921788 -0.33380685923376974 0
    outer loop
      vertex 10.68684409981853 519.1709718983852 -31.666666666666664
      vertex 10.743641391661871 519.3313625026889 33.333333333333336
      vertex 10.68684409981853 519.1709718983852 33.333333333333336
    endloop
  endfacet
  facet normal 0.9238795325112741 -0.38268343236512015 0
    outer loop
      vertex 10.743641391661871 519.3313625026889 -31.666666666666664
      vertex 10.808755040439326 519.488560756663 33.333333333333336
      vertex 10.743641391661871 519.3313625026889 33.333333333333336
    endloop
  endfacet
  facet normal 0 0 1
    outer loop
      vertex 6.255135461439511 540.7503872546192 33.333333333333336
      vertex 11.052098431955148 497.7145213082433 33.333333333333336
      vertex 6.516097996563058 540.7709254515507 33.333333333333336
    endloop
  endfacet
  facet normal 0 0 1
    outer loop
      vertex 6.516097996563058 540.7709254515507 33.333333333333336
      vertex 11.252053403042623 497.98973571535646 33.333333333333336
      vertex 6.777777777777778 540.7777777777778 33.333333333333336
    endloop
  endfacet
  facet normal 0 0 1
    outer loop
      vertex 6.777777777777778 540.7777777777778 33.333333333333336
      vertex 11.252053403042623 497.98973571535646 33.333333333333336
      vertex 10.567790670843578 517.6582546552859 33.333333333333336
    endloop
  endfacet
  facet normal 0 0 1
    outer loop
      vertex 6.777777777777778 540.7777777777778 33.333333333333336
      vertex 10.567790670843578 517.6582546552859 33.333333333333336
      vertex 10.54558161783089 517.8269491610467 33.333333333333336
    endloop
  endfacet
  facet normal 0 0 1
    outer loop
      vertex 6.777777777777778 540.7777777777778 33.333333333333336
      vertex 10.54558161783089 517.8269491610467 33.333333333333336
      vertex 10.532231789825413 517.9965748088771 33.333333333333336
    endloop
  endfacet
  facet normal 0 0 1
    outer loop
      vertex 6.777777777777778 540.7777777777778 33.333333333333336
      vertex 10.532231789825413 517.9965748088771 33.333333333333336
      vertex 10.527777777777779 518.1666666666667 33.333333333333336
    endloop
  endfacet
  facet normal 0 0 1
    outer loop
      vertex 6.777777777777778 540.7777777777778 33.333333333333336
      vertex 10.527777777777779 518.1666666666667 33.333333333333336
      vertex 10.532231789825413 518.3367585244563 33.333333333333336
    endloop
  endfacet
  facet normal 0 0 1
    outer loop
      vertex 6.777777777777778 540.7777777777778 33.333333333333336
      vertex 10.54558161783089 518.5063841722865 33.333333333333336
      vertex 10.567790670843578 518.6750786780474 33.333333333333336
    endloop
  endfacet
  facet normal 0 0 1
    outer loop
      vertex 6.777777777777778 540.7777777777778 33.333333333333336
      vertex 10.532231789825413 518.3367585244563 33.333333333333336
      vertex 10.54558161783089 518.5063841722865 33.333333333333336
    endloop
  endfacet
  facet normal 0 0 1
    outer loop
      vertex 6.777777777777778 540.7777777777778 33.333333333333336
      vertex 10.567790670843578 518.6750786780474 33.333333333333336
      vertex 10.59879807539291 518.8423796618245 33.333333333333336
    endloop
  endfacet
  facet normal 0 0 1
    outer loop
      vertex 6.777777777777778 540.7777777777778 33.333333333333336
      vertex 10.59879807539291 518.8423796618245 33.333333333333336
      vertex 10.638518842338307 519.0078285632499 33.333333333333336
    endloop
  endfacet
  facet normal 0 0 1
    outer loop
      vertex 6.777777777777778 540.7777777777778 33.333333333333336
      vertex 10.638518842338307 519.0078285632499 33.333333333333336
      vertex 10.68684409981853 519.1709718983852 33.333333333333336
    endloop
  endfacet
  facet normal 0 0 1
    outer loop
      vertex 6.777777777777778 540.7777777777778 33.333333333333336
      vertex 10.68684409981853 519.1709718983852 33.333333333333336
      vertex 10.743641391661871 519.3313625026889 33.333333333333336
    endloop
  endfacet
  facet normal 0 0 1
    outer loop
      vertex 6.777777777777778 540.7777777777778 33.333333333333336
      vertex 10.743641391661871 519.3313625026889 33.333333333333336
      vertex 10.808755040439326 519.488560756663 33.333333333333336
    endloop
  endfacet
  facet normal 0 0 1
    outer loop
      vertex 6.777777777777778 540.7777777777778 33.333333333333336
      vertex 10.808755040439326 519.488560756663 33.333333333333336
      vertex 10.882006574165583 519.6421357908202 33.333333333333336
    endloop
  endfacet
  facet normal 0 0 1
    outer loop
      vertex 6.777777777777778 540.7777777777778 33.333333333333336
      vertex 10.882006574165583 519.6421357908202 33.333333333333336
      vertex 10.963195215478354 519.7916666666667 33.333333333333336
    endloop
  endfacet
  facet normal 0 0 1
    outer loop
      vertex 6.777777777777778 540.7777777777778 33.333333333333336
      vertex 10.963195215478354 519.7916666666667 33.333333333333336
      vertex 11.052098431955148 519.9367435304655 33.333333333333336
    endloop
  endfacet
  facet normal 0 0 1
    outer loop
      vertex 6.777777777777778 540.7777777777778 33.333333333333336
      vertex 11.052098431955148 519.9367435304655 33.333333333333336
      vertex 11.1484725460592 520.0769687366172 33.333333333333336
    endloop
  endfacet
  facet normal 0 0 1
    outer loop
      vertex 6.777777777777778 540.7777777777778 33.333333333333336
      vertex 11.1484725460592 520.0769687366172 33.333333333333336
      vertex 11.252053403042623 520.2119579375786 33.333333333333336
    endloop
  endfacet
  facet normal 0 0 1
    outer loop
      vertex 6.777777777777778 540.7777777777778 33.333333333333336
      vertex 11.252053403042623 520.2119579375786 33.333333333333336
      vertex 11.362557094976246 520.341341137333 33.333333333333336
    endloop
  endfacet
  facet normal 0 0 1
    outer loop
      vertex 6.777777777777778 540.7777777777778 33.333333333333336
      vertex 11.362557094976246 520.341341137333 33.333333333333336
      vertex 11.479680738921498 520.464763705523 33.333333333333336
    endloop
  endfacet
  facet normal 0 0 1
    outer loop
      vertex 6.777777777777778 540.7777777777778 33.333333333333336
      vertex 11.479680738921498 520.464763705523 33.333333333333336
      vertex 11.603103307111489 520.5818873494682 33.333333333333336
    endloop
  endfacet
  facet normal 0 0 1
    outer loop
      vertex 6.777777777777778 540.7777777777778 33.333333333333336
      vertex 11.603103307111489 520.5818873494682 33.333333333333336
      vertex 11.732486506865808 520.6923910414018 33.333333333333336
    endloop
  endfacet
  facet normal 0 0 1
    outer loop
      vertex 6.777777777777778 540.7777777777778 33.333333333333336
      vertex 11.732486506865808 520.6923910414018 33.333333333333336
      vertex 11.86747570782724 520.7959718983852 33.333333333333336
    endloop
  endfacet
  facet normal 0 0 1
    outer loop
      vertex 6.777777777777778 540.7777777777778 33.333333333333336
      vertex 11.86747570782724 520.7959718983852 33.333333333333336
      vertex 12.00770091397894 520.8923460124893 33.333333333333336
    endloop
  endfacet
  facet normal 0 0 1
    outer loop
      vertex 6.777777777777778 540.7777777777778 33.333333333333336
      vertex 12.00770091397894 520.8923460124893 33.333333333333336
      vertex 12.152777777777779 520.9812492289661 33.333333333333336
    endloop
  endfacet
  facet normal 0 0 1
    outer loop
      vertex 6.777777777777778 540.7777777777778 33.333333333333336
      vertex 12.152777777777779 520.9812492289661 33.333333333333336
      vertex 12.302308653624252 521.0624378702789 33.333333333333336
    endloop
  endfacet
  facet normal 0 0 1
    outer loop
      vertex 6.777777777777778 540.7777777777778 33.333333333333336
      vertex 12.302308653624252 521.0624378702789 33.333333333333336
      vertex 12.455883687781427 521.1356894040051 33.333333333333336
    endloop
  endfacet
  facet normal 0 0 1
    outer loop
      vertex 6.777777777777778 540.7777777777778 33.333333333333336
      vertex 12.455883687781427 521.1356894040051 33.333333333333336
      vertex 12.613081941755553 521.2008030527826 33.333333333333336
    endloop
  endfacet
  facet normal 0 0 1
    outer loop
      vertex 6.777777777777778 540.7777777777778 33.333333333333336
      vertex 12.613081941755553 521.2008030527826 33.333333333333336
      vertex 12.7734725460592 521.2576003446259 33.333333333333336
    endloop
  endfacet
  facet normal 0.923879532511372 0.38268343236488395 0
    outer loop
      vertex 10.808755040439326 516.8447725766703 -31.666666666666664
      vertex 10.743641391661871 517.0019708306445 33.333333333333336
      vertex 10.808755040439326 516.8447725766703 33.333333333333336
    endloop
  endfacet
  facet normal 0.9025852843498252 0.4305110968083696 0
    outer loop
      vertex 10.882006574165583 516.6911975425131 -31.666666666666664
      vertex 10.808755040439326 516.8447725766703 33.333333333333336
      vertex 10.882006574165583 516.6911975425131 33.333333333333336
    endloop
  endfacet
  facet normal 0.8788171126618396 0.47715876025984016 0
    outer loop
      vertex 10.963195215478354 516.5416666666667 -31.666666666666664
      vertex 10.882006574165583 516.6911975425131 33.333333333333336
      vertex 10.963195215478354 516.5416666666667 33.333333333333336
    endloop
  endfacet
  facet normal 0.8526401643541417 0.5224985647158683 0
    outer loop
      vertex 11.052098431955148 516.3965898028679 -31.666666666666664
      vertex 10.963195215478354 516.5416666666667 33.333333333333336
      vertex 11.052098431955148 516.3965898028679 33.333333333333336
    endloop
  endfacet
  facet normal 0.8241261886220852 0.5664062369247318 0
    outer loop
      vertex 11.1484725460592 516.2563645967161 -31.666666666666664
      vertex 11.052098431955148 516.3965898028679 33.333333333333336
      vertex 11.1484725460592 516.2563645967161 33.333333333333336
    endloop
  endfacet
  facet normal 0.79335334029116 0.6087614290088186 0
    outer loop
      vertex 11.252053403042623 516.1213753957547 -31.666666666666664
      vertex 11.1484725460592 516.2563645967161 33.333333333333336
      vertex 11.252053403042623 516.1213753957547 33.333333333333336
    endloop
  endfacet
  facet normal 0.7604059656000639 0.649448048330145 0
    outer loop
      vertex 11.362557094976246 515.9919921960004 -31.666666666666664
      vertex 11.252053403042623 516.1213753957547 33.333333333333336
      vertex 11.362557094976246 515.9919921960004 33.333333333333336
    endloop
  endfacet
  facet normal 0.7253743710122981 0.688354575693743 0
    outer loop
      vertex 11.479680738921498 515.8685696278104 -31.666666666666664
      vertex 11.362557094976246 515.9919921960004 33.333333333333336
      vertex 11.479680738921498 515.8685696278104 33.333333333333336
    endloop
  endfacet
  facet normal 0.6494480483299586 0.760405965600223 0
    outer loop
      vertex 11.732486506865808 515.6409422919315 -31.666666666666664
      vertex 11.603103307111489 515.7514459838651 33.333333333333336
      vertex 11.732486506865808 515.6409422919315 33.333333333333336
    endloop
  endfacet
  facet normal 0.6883545756939622 0.72537437101209 0
    outer loop
      vertex 11.603103307111489 515.7514459838651 -31.666666666666664
      vertex 11.479680738921498 515.8685696278104 33.333333333333336
      vertex 11.603103307111489 515.7514459838651 33.333333333333336
    endloop
  endfacet
  facet normal 0.608761429008636 0.7933533402913002 0
    outer loop
      vertex 11.86747570782724 515.5373614349481 -31.666666666666664
      vertex 11.732486506865808 515.6409422919315 33.333333333333336
      vertex 11.86747570782724 515.5373614349481 33.333333333333336
    endloop
  endfacet
  facet normal 0.5664062369252361 0.8241261886217385 0
    outer loop
      vertex 12.00770091397894 515.440987320844 -31.666666666666664
      vertex 11.86747570782724 515.5373614349481 33.333333333333336
      vertex 12.00770091397894 515.440987320844 33.333333333333336
    endloop
  endfacet
  facet normal 0.5224985647157512 0.8526401643542134 0
    outer loop
      vertex 12.152777777777779 515.3520841043672 -31.666666666666664
      vertex 12.00770091397894 515.440987320844 33.333333333333336
      vertex 12.152777777777779 515.3520841043672 33.333333333333336
    endloop
  endfacet
  facet normal 0.47715876025919324 0.8788171126621908 0
    outer loop
      vertex 12.302308653624252 515.2708954630546 -31.666666666666664
      vertex 12.152777777777779 515.3520841043672 33.333333333333336
      vertex 12.302308653624252 515.2708954630546 33.333333333333336
    endloop
  endfacet
  facet normal 0.43051109680853467 0.9025852843497464 0
    outer loop
      vertex 12.455883687781427 515.1976439293283 -31.666666666666664
      vertex 12.302308653624252 515.2708954630546 33.333333333333336
      vertex 12.455883687781427 515.1976439293283 33.333333333333336
    endloop
  endfacet
  facet normal 0.38268343236516933 0.9238795325112538 0
    outer loop
      vertex 12.613081941755553 515.1325302805508 -31.666666666666664
      vertex 12.455883687781427 515.1976439293283 33.333333333333336
      vertex 12.613081941755553 515.1325302805508 33.333333333333336
    endloop
  endfacet
  facet normal 0.33380685923404146 0.9426414910920826 0
    outer loop
      vertex 12.7734725460592 515.0757329887074 -31.666666666666664
      vertex 12.613081941755553 515.1325302805508 33.333333333333336
      vertex 12.7734725460592 515.0757329887074 33.333333333333336
    endloop
  endfacet
  facet normal 0.2840153447038081 0.958819734868227 0
    outer loop
      vertex 12.936615881194584 515.0274077312272 -31.666666666666664
      vertex 12.7734725460592 515.0757329887074 33.333333333333336
      vertex 12.936615881194584 515.0274077312272 33.333333333333336
    endloop
  endfacet
  facet normal 0.23344536385580547 0.9723699203977005 0
    outer loop
      vertex 13.102064782620062 514.9876869642818 -31.666666666666664
      vertex 12.936615881194584 515.0274077312272 33.333333333333336
      vertex 13.102064782620062 514.9876869642818 33.333333333333336
    endloop
  endfacet
  facet normal 0.1822355254920625 0.9832549075639703 0
    outer loop
      vertex 13.269365766397026 514.9566795597325 -31.666666666666664
      vertex 13.102064782620062 514.9876869642818 33.333333333333336
      vertex 13.269365766397026 514.9566795597325 33.333333333333336
    endloop
  endfacet
  facet normal 0.1305261922201966 0.9914448613737914 0
    outer loop
      vertex 13.438060272157905 514.9344705067198 -31.666666666666664
      vertex 13.269365766397026 514.9566795597325 33.333333333333336
      vertex 13.438060272157905 514.9344705067198 33.333333333333336
    endloop
  endfacet
  facet normal 0.07845909572807741 0.9969173337331096 0
    outer loop
      vertex 13.60768591998821 514.9211206787143 -31.666666666666664
      vertex 13.438060272157905 514.9344705067198 33.333333333333336
      vertex 13.60768591998821 514.9211206787143 33.333333333333336
    endloop
  endfacet
  facet normal 0.026176948307184065 0.9996573249755754 0
    outer loop
      vertex 13.60768591998821 514.9211206787143 33.333333333333336
      vertex 13.777777777777779 514.9166666666667 33.333333333333336
      vertex 13.777777777777779 514.9166666666667 -31.666666666666664
    endloop
  endfacet
  facet normal 0 0 1
    outer loop
      vertex 11.252053403042623 497.98973571535646 33.333333333333336
      vertex 11.362557094976246 498.1191189151108 33.333333333333336
      vertex 11.252053403042623 516.1213753957547 33.333333333333336
    endloop
  endfacet
  facet normal 0 0 1
    outer loop
      vertex 11.362557094976246 498.1191189151108 33.333333333333336
      vertex 11.479680738921498 498.2425414833008 33.333333333333336
      vertex 11.362557094976246 515.9919921960004 33.333333333333336
    endloop
  endfacet
  facet normal 0 0 1
    outer loop
      vertex 11.479680738921498 498.2425414833008 33.333333333333336
      vertex 11.603103307111489 498.359665127246 33.333333333333336
      vertex 11.479680738921498 515.8685696278104 33.333333333333336
    endloop
  endfacet
  facet normal 0 0 1
    outer loop
      vertex 11.603103307111489 498.359665127246 33.333333333333336
      vertex 11.732486506865808 498.47016881917966 33.333333333333336
      vertex 11.732486506865808 515.6409422919315 33.333333333333336
    endloop
  endfacet
  facet normal 0 0 1
    outer loop
      vertex 11.732486506865808 498.47016881917966 33.333333333333336
      vertex 11.86747570782724 498.57374967616306 33.333333333333336
      vertex 11.86747570782724 515.5373614349481 33.333333333333336
    endloop
  endfacet
  facet normal 0 0 1
    outer loop
      vertex 11.86747570782724 498.57374967616306 33.333333333333336
      vertex 12.00770091397894 498.6701237902671 33.333333333333336
      vertex 11.86747570782724 515.5373614349481 33.333333333333336
    endloop
  endfacet
  facet normal 0 0 1
    outer loop
      vertex 12.00770091397894 498.6701237902671 33.333333333333336
      vertex 12.152777777777779 498.7590270067439 33.333333333333336
      vertex 12.152777777777779 515.3520841043672 33.333333333333336
    endloop
  endfacet
  facet normal 0 0 1
    outer loop
      vertex 12.152777777777779 498.7590270067439 33.333333333333336
      vertex 12.302308653624252 498.8402156480567 33.333333333333336
      vertex 12.152777777777779 515.3520841043672 33.333333333333336
    endloop
  endfacet
  facet normal 0 0 1
    outer loop
      vertex 10.567790670843578 517.6582546552859 33.333333333333336
      vertex 11.252053403042623 497.98973571535646 33.333333333333336
      vertex 10.59879807539291 517.490953671509 33.333333333333336
    endloop
  endfacet
  facet normal 0 0 1
    outer loop
      vertex 10.68684409981853 517.1623614349481 33.333333333333336
      vertex 10.638518842338307 517.3255047700835 33.333333333333336
      vertex 11.252053403042623 497.98973571535646 33.333333333333336
    endloop
  endfacet
  facet normal 0 0 1
    outer loop
      vertex 10.59879807539291 517.490953671509 33.333333333333336
      vertex 11.252053403042623 497.98973571535646 33.333333333333336
      vertex 10.638518842338307 517.3255047700835 33.333333333333336
    endloop
  endfacet
  facet normal 0 0 1
    outer loop
      vertex 10.68684409981853 517.1623614349481 33.333333333333336
      vertex 11.252053403042623 497.98973571535646 33.333333333333336
      vertex 10.743641391661871 517.0019708306445 33.333333333333336
    endloop
  endfacet
  facet normal 0 0 1
    outer loop
      vertex 10.743641391661871 517.0019708306445 33.333333333333336
      vertex 11.252053403042623 497.98973571535646 33.333333333333336
      vertex 10.808755040439326 516.8447725766703 33.333333333333336
    endloop
  endfacet
  facet normal 0 0 1
    outer loop
      vertex 11.252053403042623 497.98973571535646 33.333333333333336
      vertex 10.882006574165583 516.6911975425131 33.333333333333336
      vertex 10.808755040439326 516.8447725766703 33.333333333333336
    endloop
  endfacet
  facet normal 0 0 1
    outer loop
      vertex 11.252053403042623 497.98973571535646 33.333333333333336
      vertex 10.963195215478354 516.5416666666667 33.333333333333336
      vertex 10.882006574165583 516.6911975425131 33.333333333333336
    endloop
  endfacet
  facet normal 0 0 1
    outer loop
      vertex 11.252053403042623 497.98973571535646 33.333333333333336
      vertex 11.052098431955148 516.3965898028679 33.333333333333336
      vertex 10.963195215478354 516.5416666666667 33.333333333333336
    endloop
  endfacet
  facet normal 0 0 1
    outer loop
      vertex 11.252053403042623 497.98973571535646 33.333333333333336
      vertex 11.1484725460592 516.2563645967161 33.333333333333336
      vertex 11.052098431955148 516.3965898028679 33.333333333333336
    endloop
  endfacet
  facet normal 0 0 1
    outer loop
      vertex 11.252053403042623 497.98973571535646 33.333333333333336
      vertex 11.252053403042623 516.1213753957547 33.333333333333336
      vertex 11.1484725460592 516.2563645967161 33.333333333333336
    endloop
  endfacet
  facet normal 0 0 1
    outer loop
      vertex 11.362557094976246 498.1191189151108 33.333333333333336
      vertex 11.362557094976246 515.9919921960004 33.333333333333336
      vertex 11.252053403042623 516.1213753957547 33.333333333333336
    endloop
  endfacet
  facet normal 0 0 1
    outer loop
      vertex 11.479680738921498 498.2425414833008 33.333333333333336
      vertex 11.479680738921498 515.8685696278104 33.333333333333336
      vertex 11.362557094976246 515.9919921960004 33.333333333333336
    endloop
  endfacet
  facet normal 0 0 1
    outer loop
      vertex 11.603103307111489 498.359665127246 33.333333333333336
      vertex 11.603103307111489 515.7514459838651 33.333333333333336
      vertex 11.479680738921498 515.8685696278104 33.333333333333336
    endloop
  endfacet
  facet normal 0 0 1
    outer loop
      vertex 11.603103307111489 498.359665127246 33.333333333333336
      vertex 11.732486506865808 515.6409422919315 33.333333333333336
      vertex 11.603103307111489 515.7514459838651 33.333333333333336
    endloop
  endfacet
  facet normal 0 0 1
    outer loop
      vertex 11.732486506865808 498.47016881917966 33.333333333333336
      vertex 11.86747570782724 515.5373614349481 33.333333333333336
      vertex 11.732486506865808 515.6409422919315 33.333333333333336
    endloop
  endfacet
  facet normal 0 0 1
    outer loop
      vertex 12.00770091397894 498.6701237902671 33.333333333333336
      vertex 12.00770091397894 515.440987320844 33.333333333333336
      vertex 11.86747570782724 515.5373614349481 33.333333333333336
    endloop
  endfacet
  facet normal 0 0 1
    outer loop
      vertex 12.00770091397894 498.6701237902671 33.333333333333336
      vertex 12.152777777777779 515.3520841043672 33.333333333333336
      vertex 12.00770091397894 515.440987320844 33.333333333333336
    endloop
  endfacet
  facet normal 0 0 1
    outer loop
      vertex 12.152777777777779 515.3520841043672 33.333333333333336
      vertex 12.302308653624252 498.8402156480567 33.333333333333336
      vertex 12.302308653624252 515.2708954630546 33.333333333333336
    endloop
  endfacet
  facet normal 0 0 1
    outer loop
      vertex 12.302308653624252 498.8402156480567 33.333333333333336
      vertex 12.455883687781427 498.91346718178295 33.333333333333336
      vertex 12.302308653624252 515.2708954630546 33.333333333333336
    endloop
  endfacet
  facet normal 0 0 1
    outer loop
      vertex 12.455883687781427 498.91346718178295 33.333333333333336
      vertex 12.613081941755553 498.9785808305604 33.333333333333336
      vertex 12.613081941755553 515.1325302805508 33.333333333333336
    endloop
  endfacet
  facet normal 0 0 1
    outer loop
      vertex 12.613081941755553 498.9785808305604 33.333333333333336
      vertex 12.7734725460592 499.0353781224037 33.333333333333336
      vertex 12.7734725460592 515.0757329887074 33.333333333333336
    endloop
  endfacet
  facet normal 0 0 1
    outer loop
      vertex 12.7734725460592 499.0353781224037 33.333333333333336
      vertex 12.936615881194584 499.08370337988396 33.333333333333336
      vertex 12.936615881194584 515.0274077312272 33.333333333333336
    endloop
  endfacet
  facet normal 0 0 1
    outer loop
      vertex 12.936615881194584 499.08370337988396 33.333333333333336
      vertex 13.102064782620062 499.12342414682934 33.333333333333336
      vertex 12.936615881194584 515.0274077312272 33.333333333333336
    endloop
  endfacet
  facet normal 0 0 1
    outer loop
      vertex 13.102064782620062 499.12342414682934 33.333333333333336
      vertex 13.269365766397026 499.1544315513787 33.333333333333336
      vertex 13.269365766397026 514.9566795597325 33.333333333333336
    endloop
  endfacet
  facet normal 0 0 1
    outer loop
      vertex 13.269365766397026 499.1544315513787 33.333333333333336
      vertex 13.438060272157905 499.17664060439137 33.333333333333336
      vertex 13.269365766397026 514.9566795597325 33.333333333333336
    endloop
  endfacet
  facet normal 0 0 1
    outer loop
      vertex 13.438060272157905 499.17664060439137 33.333333333333336
      vertex 13.60768591998821 499.1899904323968 33.333333333333336
      vertex 13.60768591998821 514.9211206787143 33.333333333333336
    endloop
  endfacet
  facet normal 0 0 1
    outer loop
      vertex 13.60768591998821 499.1899904323968 33.333333333333336
      vertex 13.777777777777779 499.19444444444446 33.333333333333336
      vertex 13.60768591998821 514.9211206787143 33.333333333333336
    endloop
  endfacet
  facet normal 0 0 1
    outer loop
      vertex 12.455883687781427 498.91346718178295 33.333333333333336
      vertex 12.455883687781427 515.1976439293283 33.333333333333336
      vertex 12.302308653624252 515.2708954630546 33.333333333333336
    endloop
  endfacet
  facet normal 0 0 1
    outer loop
      vertex 12.455883687781427 498.91346718178295 33.333333333333336
      vertex 12.613081941755553 515.1325302805508 33.333333333333336
      vertex 12.455883687781427 515.1976439293283 33.333333333333336
    endloop
  endfacet
  facet normal 0 0 1
    outer loop
      vertex 12.613081941755553 498.9785808305604 33.333333333333336
      vertex 12.7734725460592 515.0757329887074 33.333333333333336
      vertex 12.613081941755553 515.1325302805508 33.333333333333336
    endloop
  endfacet
  facet normal 0 0 1
    outer loop
      vertex 12.7734725460592 499.0353781224037 33.333333333333336
      vertex 12.936615881194584 515.0274077312272 33.333333333333336
      vertex 12.7734725460592 515.0757329887074 33.333333333333336
    endloop
  endfacet
  facet normal 0 0 1
    outer loop
      vertex 13.102064782620062 499.12342414682934 33.333333333333336
      vertex 13.102064782620062 514.9876869642818 33.333333333333336
      vertex 12.936615881194584 515.0274077312272 33.333333333333336
    endloop
  endfacet
  facet normal 0 0 1
    outer loop
      vertex 13.102064782620062 499.12342414682934 33.333333333333336
      vertex 13.269365766397026 514.9566795597325 33.333333333333336
      vertex 13.102064782620062 514.9876869642818 33.333333333333336
    endloop
  endfacet
  facet normal 0 0 1
    outer loop
      vertex 13.438060272157905 499.17664060439137 33.333333333333336
      vertex 13.438060272157905 514.9344705067198 33.333333333333336
      vertex 13.269365766397026 514.9566795597325 33.333333333333336
    endloop
  endfacet
  facet normal 0 0 1
    outer loop
      vertex 13.438060272157905 499.17664060439137 33.333333333333336
      vertex 13.60768591998821 514.9211206787143 33.333333333333336
      vertex 13.438060272157905 514.9344705067198 33.333333333333336
    endloop
  endfacet
  facet normal 0 0 1
    outer loop
      vertex 13.60768591998821 514.9211206787143 33.333333333333336
      vertex 13.777777777777779 499.19444444444446 33.333333333333336
      vertex 13.777777777777779 514.9166666666667 33.333333333333336
    endloop
  endfacet
  facet normal 0.902585284349949 -0.4305110968081099 0
    outer loop
      vertex 10.808755040439326 519.488560756663 -31.666666666666664
      vertex 10.882006574165583 519.6421357908202 33.333333333333336
      vertex 10.808755040439326 519.488560756663 33.333333333333336
    endloop
  endfacet
  facet normal 0.8788171126619917 -0.47715876025956 0
    outer loop
      vertex 10.882006574165583 519.6421357908202 -31.666666666666664
      vertex 10.963195215478354 519.7916666666667 33.333333333333336
      vertex 10.882006574165583 519.6421357908202 33.333333333333336
    endloop
  endfacet
  facet normal 0.8526401643539593 -0.522498564716166 0
    outer loop
      vertex 10.963195215478354 519.7916666666667 -31.666666666666664
      vertex 11.052098431955148 519.9367435304655 33.333333333333336
      vertex 10.963195215478354 519.7916666666667 33.333333333333336
    endloop
  endfacet
  facet normal 0.8241261886220852 -0.5664062369247318 0
    outer loop
      vertex 11.052098431955148 519.9367435304655 -31.666666666666664
      vertex 11.1484725460592 520.0769687366172 33.333333333333336
      vertex 11.052098431955148 519.9367435304655 33.333333333333336
    endloop
  endfacet
  facet normal 0.79335334029116 -0.6087614290088186 0
    outer loop
      vertex 11.1484725460592 520.0769687366172 -31.666666666666664
      vertex 11.252053403042623 520.2119579375786 33.333333333333336
      vertex 11.1484725460592 520.0769687366172 33.333333333333336
    endloop
  endfacet
  facet normal 0.7604059656000639 -0.649448048330145 0
    outer loop
      vertex 11.252053403042623 520.2119579375786 -31.666666666666664
      vertex 11.362557094976246 520.341341137333 33.333333333333336
      vertex 11.252053403042623 520.2119579375786 33.333333333333336
    endloop
  endfacet
  facet normal 0.7253743710122981 -0.688354575693743 0
    outer loop
      vertex 11.362557094976246 520.341341137333 -31.666666666666664
      vertex 11.479680738921498 520.464763705523 33.333333333333336
      vertex 11.362557094976246 520.341341137333 33.333333333333336
    endloop
  endfacet
  facet normal 0.6883545756936106 -0.7253743710124237 0
    outer loop
      vertex 11.479680738921498 520.464763705523 -31.666666666666664
      vertex 11.603103307111489 520.5818873494682 33.333333333333336
      vertex 11.479680738921498 520.464763705523 33.333333333333336
    endloop
  endfacet
  facet normal 0.649448048330345 -0.7604059655998932 0
    outer loop
      vertex 11.603103307111489 520.5818873494682 -31.666666666666664
      vertex 11.732486506865808 520.6923910414018 33.333333333333336
      vertex 11.603103307111489 520.5818873494682 33.333333333333336
    endloop
  endfacet
  facet normal 0.608761429008636 -0.7933533402913002 0
    outer loop
      vertex 11.732486506865808 520.6923910414018 -31.666666666666664
      vertex 11.86747570782724 520.7959718983852 33.333333333333336
      vertex 11.732486506865808 520.6923910414018 33.333333333333336
    endloop
  endfacet
  facet normal 0.5664062369247823 -0.8241261886220504 0
    outer loop
      vertex 11.86747570782724 520.7959718983852 -31.666666666666664
      vertex 12.00770091397894 520.8923460124893 33.333333333333336
      vertex 11.86747570782724 520.7959718983852 33.333333333333336
    endloop
  endfacet
  facet normal 0.5224985647162369 -0.8526401643539157 0
    outer loop
      vertex 12.00770091397894 520.8923460124893 -31.666666666666664
      vertex 12.152777777777779 520.9812492289661 33.333333333333336
      vertex 12.00770091397894 520.8923460124893 33.333333333333336
    endloop
  endfacet
  facet normal 0.47715876025970927 -0.8788171126619106 0
    outer loop
      vertex 12.152777777777779 520.9812492289661 -31.666666666666664
      vertex 12.302308653624252 521.0624378702789 33.333333333333336
      vertex 12.152777777777779 520.9812492289661 33.333333333333336
    endloop
  endfacet
  facet normal 0.4305110968079903 -0.902585284350006 0
    outer loop
      vertex 12.302308653624252 521.0624378702789 -31.666666666666664
      vertex 12.455883687781427 521.1356894040051 33.333333333333336
      vertex 12.302308653624252 521.0624378702789 33.333333333333336
    endloop
  endfacet
  facet normal 0.38268343236516933 -0.9238795325112538 0
    outer loop
      vertex 12.455883687781427 521.1356894040051 -31.666666666666664
      vertex 12.613081941755553 521.2008030527826 33.333333333333336
      vertex 12.455883687781427 521.1356894040051 33.333333333333336
    endloop
  endfacet
  facet normal 0.3338068592334478 -0.9426414910922929 0
    outer loop
      vertex 12.613081941755553 521.2008030527826 -31.666666666666664
      vertex 12.7734725460592 521.2576003446259 33.333333333333336
      vertex 12.613081941755553 521.2008030527826 33.333333333333336
    endloop
  endfacet
  facet normal 0.28401534470442236 -0.9588197348680451 0
    outer loop
      vertex 12.7734725460592 521.2576003446259 -31.666666666666664
      vertex 12.936615881194584 521.3059256021062 33.333333333333336
      vertex 12.7734725460592 521.2576003446259 33.333333333333336
    endloop
  endfacet
  facet normal 0.23344536385580547 -0.9723699203977005 0
    outer loop
      vertex 12.936615881194584 521.3059256021062 -31.666666666666664
      vertex 13.102064782620062 521.3456463690516 33.333333333333336
      vertex 12.936615881194584 521.3059256021062 33.333333333333336
    endloop
  endfacet
  facet normal 0.1822355254920625 -0.9832549075639703 0
    outer loop
      vertex 13.102064782620062 521.3456463690516 -31.666666666666664
      vertex 13.269365766397026 521.3766537736009 33.333333333333336
      vertex 13.102064782620062 521.3456463690516 33.333333333333336
    endloop
  endfacet
  facet normal 0.1305261922201966 -0.9914448613737914 0
    outer loop
      vertex 13.269365766397026 521.3766537736009 -31.666666666666664
      vertex 13.438060272157905 521.3988628266136 33.333333333333336
      vertex 13.269365766397026 521.3766537736009 33.333333333333336
    endloop
  endfacet
  facet normal 0.07845909572741336 -0.9969173337331619 0
    outer loop
      vertex 13.438060272157905 521.3988628266136 -31.666666666666664
      vertex 13.60768591998821 521.412212654619 33.333333333333336
      vertex 13.438060272157905 521.3988628266136 33.333333333333336
    endloop
  endfacet
  facet normal 0.026176948308519462 -0.9996573249755404 0
    outer loop
      vertex 13.60768591998821 521.412212654619 -31.666666666666664
      vertex 13.777777777777779 521.4166666666667 33.333333333333336
      vertex 13.60768591998821 521.412212654619 33.333333333333336
    endloop
  endfacet
  facet normal 0 0 1
    outer loop
      vertex 6.777777777777778 540.7777777777778 33.333333333333336
      vertex 12.7734725460592 521.2576003446259 33.333333333333336
      vertex 12.936615881194584 521.3059256021062 33.333333333333336
    endloop
  endfacet
  facet normal 0 0 1
    outer loop
      vertex 6.777777777777778 540.7777777777778 33.333333333333336
      vertex 12.936615881194584 521.3059256021062 33.333333333333336
      vertex 13.102064782620062 521.3456463690516 33.333333333333336
    endloop
  endfacet
  facet normal 0 0 1
    outer loop
      vertex 6.777777777777778 540.7777777777778 33.333333333333336
      vertex 13.102064782620062 521.3456463690516 33.333333333333336
      vertex 13.269365766397026 521.3766537736009 33.333333333333336
    endloop
  endfacet
  facet normal 0 0 1
    outer loop
      vertex 6.777777777777778 540.7777777777778 33.333333333333336
      vertex 13.269365766397026 521.3766537736009 33.333333333333336
      vertex 13.438060272157905 521.3988628266136 33.333333333333336
    endloop
  endfacet
  facet normal 0 0 1
    outer loop
      vertex 6.777777777777778 540.7777777777778 33.333333333333336
      vertex 13.438060272157905 521.3988628266136 33.333333333333336
      vertex 13.60768591998821 521.412212654619 33.333333333333336
    endloop
  endfacet
  facet normal 0 0 1
    outer loop
      vertex 6.777777777777778 540.7777777777778 33.333333333333336
      vertex 13.60768591998821 521.412212654619 33.333333333333336
      vertex 13.777777777777779 521.4166666666667 33.333333333333336
    endloop
  endfacet
  facet normal 0 0 1
    outer loop
      vertex 6.777777777777778 540.7777777777778 33.333333333333336
      vertex 13.777777777777779 521.4166666666667 33.333333333333336
      vertex 13.947869635567343 521.412212654619 33.333333333333336
    endloop
  endfacet
  facet normal 0 0 1
    outer loop
      vertex 6.777777777777778 540.7777777777778 33.333333333333336
      vertex 13.947869635567343 521.412212654619 33.333333333333336
      vertex 14.117495283397652 521.3988628266136 33.333333333333336
    endloop
  endfacet
  facet normal 0 0 1
    outer loop
      vertex 6.777777777777778 540.7777777777778 33.333333333333336
      vertex 14.117495283397652 521.3988628266136 33.333333333333336
      vertex 14.286189789158527 521.3766537736009 33.333333333333336
    endloop
  endfacet
  facet normal 0 0 1
    outer loop
      vertex 6.777777777777778 540.7777777777778 33.333333333333336
      vertex 14.286189789158527 521.3766537736009 33.333333333333336
      vertex 14.453490772935496 521.3456463690516 33.333333333333336
    endloop
  endfacet
  facet normal 0 0 1
    outer loop
      vertex 13.777777777777779 393.4722222222223 -56.666666666666664
      vertex 13.947869635567343 393.4766762342699 -56.666666666666664
      vertex 13.947869635567343 399.9677682101746 -56.666666666666664
    endloop
  endfacet
  facet normal 0 0 1
    outer loop
      vertex 13.947869635567343 393.4766762342699 -56.666666666666664
      vertex 14.117495283397652 393.4900260622754 -56.666666666666664
      vertex 14.117495283397652 399.95441838216914 -56.666666666666664
    endloop
  endfacet
  facet normal 0 0 1
    outer loop
      vertex 13.777777777777779 393.4722222222223 -56.666666666666664
      vertex 13.947869635567343 399.9677682101746 -56.666666666666664
      vertex 13.777777777777779 399.9722222222223 -56.666666666666664
    endloop
  endfacet
  facet normal 0 0 1
    outer loop
      vertex 13.947869635567343 393.4766762342699 -56.666666666666664
      vertex 14.117495283397652 399.95441838216914 -56.666666666666664
      vertex 13.947869635567343 399.9677682101746 -56.666666666666664
    endloop
  endfacet
  facet normal 0 0 1
    outer loop
      vertex 14.117495283397652 393.4900260622754 -56.666666666666664
      vertex 14.286189789158527 393.51223511528804 -56.666666666666664
      vertex 14.286189789158527 399.9322093291565 -56.666666666666664
    endloop
  endfacet
  facet normal 0 0 1
    outer loop
      vertex 14.286189789158527 393.51223511528804 -56.666666666666664
      vertex 14.453490772935496 393.5432425198374 -56.666666666666664
      vertex 14.453490772935496 399.9012019246071 -56.666666666666664
    endloop
  endfacet
  facet normal 0 0 1
    outer loop
      vertex 14.117495283397652 393.4900260622754 -56.666666666666664
      vertex 14.286189789158527 399.9322093291565 -56.666666666666664
      vertex 14.117495283397652 399.95441838216914 -56.666666666666664
    endloop
  endfacet
  facet normal 0 0 1
    outer loop
      vertex 14.286189789158527 393.51223511528804 -56.666666666666664
      vertex 14.453490772935496 399.9012019246071 -56.666666666666664
      vertex 14.286189789158527 399.9322093291565 -56.666666666666664
    endloop
  endfacet
  facet normal 0 0 1
    outer loop
      vertex 14.453490772935496 393.5432425198374 -56.666666666666664
      vertex 14.61893967436097 399.86148115766173 -56.666666666666664
      vertex 14.453490772935496 399.9012019246071 -56.666666666666664
    endloop
  endfacet
  facet normal 0 0 1
    outer loop
      vertex 14.453490772935496 393.5432425198374 -56.666666666666664
      vertex 14.61893967436097 393.5829632867828 -56.666666666666664
      vertex 14.61893967436097 399.86148115766173 -56.666666666666664
    endloop
  endfacet
  facet normal 0 0 1
    outer loop
      vertex 14.61893967436097 393.5829632867828 -56.666666666666664
      vertex 14.782083009496358 393.631288544263 -56.666666666666664
      vertex 14.782083009496358 399.8131559001815 -56.666666666666664
    endloop
  endfacet
  facet normal 0 0 1
    outer loop
      vertex 14.782083009496358 393.631288544263 -56.666666666666664
      vertex 14.942473613800004 393.6880858361063 -56.666666666666664
      vertex 14.942473613800004 399.75635860833813 -56.666666666666664
    endloop
  endfacet
  facet normal 0 0 1
    outer loop
      vertex 14.61893967436097 393.5829632867828 -56.666666666666664
      vertex 14.782083009496358 399.8131559001815 -56.666666666666664
      vertex 14.61893967436097 399.86148115766173 -56.666666666666664
    endloop
  endfacet
  facet normal 0 0 1
    outer loop
      vertex 14.782083009496358 393.631288544263 -56.666666666666664
      vertex 14.942473613800004 399.75635860833813 -56.666666666666664
      vertex 14.782083009496358 399.8131559001815 -56.666666666666664
    endloop
  endfacet
  facet normal 0 0 1
    outer loop
      vertex 14.942473613800004 393.6880858361063 -56.666666666666664
      vertex 15.099671867774127 393.7531994848838 -56.666666666666664
      vertex 15.099671867774127 399.6912449595607 -56.666666666666664
    endloop
  endfacet
  facet normal 0 0 1
    outer loop
      vertex 15.099671867774127 393.7531994848838 -56.666666666666664
      vertex 15.253246901931306 393.82645101861004 -56.666666666666664
      vertex 15.253246901931306 399.61799342583447 -56.666666666666664
    endloop
  endfacet
  facet normal 0 0 1
    outer loop
      vertex 14.942473613800004 393.6880858361063 -56.666666666666664
      vertex 15.099671867774127 399.6912449595607 -56.666666666666664
      vertex 14.942473613800004 399.75635860833813 -56.666666666666664
    endloop
  endfacet
  facet normal 0 0 1
    outer loop
      vertex 15.099671867774127 393.7531994848838 -56.666666666666664
      vertex 15.253246901931306 399.61799342583447 -56.666666666666664
      vertex 15.099671867774127 399.6912449595607 -56.666666666666664
    endloop
  endfacet
  facet normal 0 0 1
    outer loop
      vertex 15.253246901931306 393.82645101861004 -56.666666666666664
      vertex 15.402777777777779 393.90763965992284 -56.666666666666664
      vertex 15.402777777777779 399.5368047845217 -56.666666666666664
    endloop
  endfacet
  facet normal 0 0 1
    outer loop
      vertex 15.402777777777779 393.90763965992284 -56.666666666666664
      vertex 15.547854641576617 393.99654287639964 -56.666666666666664
      vertex 15.547854641576617 399.44790156804487 -56.666666666666664
    endloop
  endfacet
  facet normal 0 0 1
    outer loop
      vertex 15.547854641576617 393.99654287639964 -56.666666666666664
      vertex 15.688079847728314 394.0929169905037 -56.666666666666664
      vertex 15.688079847728314 399.35152745394083 -56.666666666666664
    endloop
  endfacet
  facet normal 0 0 1
    outer loop
      vertex 15.402777777777779 393.90763965992284 -56.666666666666664
      vertex 15.547854641576617 399.44790156804487 -56.666666666666664
      vertex 15.402777777777779 399.5368047845217 -56.666666666666664
    endloop
  endfacet
  facet normal 0 0 1
    outer loop
      vertex 15.253246901931306 393.82645101861004 -56.666666666666664
      vertex 15.402777777777779 399.5368047845217 -56.666666666666664
      vertex 15.253246901931306 399.61799342583447 -56.666666666666664
    endloop
  endfacet
  facet normal 0 0 1
    outer loop
      vertex 15.547854641576617 393.99654287639964 -56.666666666666664
      vertex 15.688079847728314 399.35152745394083 -56.666666666666664
      vertex 15.547854641576617 399.44790156804487 -56.666666666666664
    endloop
  endfacet
  facet normal 0 0 1
    outer loop
      vertex 15.688079847728314 394.0929169905037 -56.666666666666664
      vertex 15.82306904868975 394.1964978474871 -56.666666666666664
      vertex 15.82306904868975 399.24794659695743 -56.666666666666664
    endloop
  endfacet
  facet normal 0 0 1
    outer loop
      vertex 15.82306904868975 394.1964978474871 -56.666666666666664
      vertex 15.952452248444068 394.30700153942075 -56.666666666666664
      vertex 15.952452248444068 399.1374429050238 -56.666666666666664
    endloop
  endfacet
  facet normal 0 0 1
    outer loop
      vertex 15.688079847728314 394.0929169905037 -56.666666666666664
      vertex 15.82306904868975 399.24794659695743 -56.666666666666664
      vertex 15.688079847728314 399.35152745394083 -56.666666666666664
    endloop
  endfacet
  facet normal 0 0 1
    outer loop
      vertex 15.82306904868975 394.1964978474871 -56.666666666666664
      vertex 15.952452248444068 399.1374429050238 -56.666666666666664
      vertex 15.82306904868975 399.24794659695743 -56.666666666666664
    endloop
  endfacet
  facet normal 0 0 1
    outer loop
      vertex 15.952452248444068 394.30700153942075 -56.666666666666664
      vertex 16.07587481663406 399.02031926107855 -56.666666666666664
      vertex 15.952452248444068 399.1374429050238 -56.666666666666664
    endloop
  endfacet
  facet normal 0 0 1
    outer loop
      vertex 15.952452248444068 394.30700153942075 -56.666666666666664
      vertex 16.07587481663406 394.42412518336596 -56.666666666666664
      vertex 16.07587481663406 399.02031926107855 -56.666666666666664
    endloop
  endfacet
  facet normal 0 0 1
    outer loop
      vertex 16.07587481663406 394.42412518336596 -56.666666666666664
      vertex 16.19299846057931 394.54754775155595 -56.666666666666664
      vertex 16.19299846057931 398.89689669288856 -56.666666666666664
    endloop
  endfacet
  facet normal 0 0 1
    outer loop
      vertex 16.19299846057931 394.54754775155595 -56.666666666666664
      vertex 16.303502152512934 394.6769309513103 -56.666666666666664
      vertex 16.303502152512934 398.76751349313423 -56.666666666666664
    endloop
  endfacet
  facet normal 0 0 1
    outer loop
      vertex 16.303502152512934 394.6769309513103 -56.666666666666664
      vertex 16.407083009496358 394.81192015227174 -56.666666666666664
      vertex 16.407083009496358 398.6325242921728 -56.666666666666664
    endloop
  endfacet
  facet normal 0 0 1
    outer loop
      vertex 16.07587481663406 394.42412518336596 -56.666666666666664
      vertex 16.19299846057931 398.89689669288856 -56.666666666666664
      vertex 16.07587481663406 399.02031926107855 -56.666666666666664
    endloop
  endfacet
  facet normal 0 0 1
    outer loop
      vertex 16.19299846057931 394.54754775155595 -56.666666666666664
      vertex 16.303502152512934 398.76751349313423 -56.666666666666664
      vertex 16.19299846057931 398.89689669288856 -56.666666666666664
    endloop
  endfacet
  facet normal 0 0 1
    outer loop
      vertex 16.303502152512934 394.6769309513103 -56.666666666666664
      vertex 16.407083009496358 398.6325242921728 -56.666666666666664
      vertex 16.303502152512934 398.76751349313423 -56.666666666666664
    endloop
  endfacet
  facet normal 0 0 1
    outer loop
      vertex 16.407083009496358 394.81192015227174 -56.666666666666664
      vertex 16.503457123600406 394.9521453584234 -56.666666666666664
      vertex 16.503457123600406 398.4922990860211 -56.666666666666664
    endloop
  endfacet
  facet normal 0 0 1
    outer loop
      vertex 16.503457123600406 394.9521453584234 -56.666666666666664
      vertex 16.592360340077203 395.0972222222223 -56.666666666666664
      vertex 16.592360340077203 398.3472222222223 -56.666666666666664
    endloop
  endfacet
  facet normal 0 0 1
    outer loop
      vertex 16.407083009496358 394.81192015227174 -56.666666666666664
      vertex 16.503457123600406 398.4922990860211 -56.666666666666664
      vertex 16.407083009496358 398.6325242921728 -56.666666666666664
    endloop
  endfacet
  facet normal 0 0 1
    outer loop
      vertex 16.503457123600406 394.9521453584234 -56.666666666666664
      vertex 16.592360340077203 398.3472222222223 -56.666666666666664
      vertex 16.503457123600406 398.4922990860211 -56.666666666666664
    endloop
  endfacet
  facet normal 0 0 1
    outer loop
      vertex 16.592360340077203 395.0972222222223 -56.666666666666664
      vertex 16.673548981389974 395.2467530980687 -56.666666666666664
      vertex 16.673548981389974 398.1976913463758 -56.666666666666664
    endloop
  endfacet
  facet normal 0 0 1
    outer loop
      vertex 16.592360340077203 395.0972222222223 -56.666666666666664
      vertex 16.673548981389974 398.1976913463758 -56.666666666666664
      vertex 16.592360340077203 398.3472222222223 -56.666666666666664
    endloop
  endfacet
  facet normal 0 0 1
    outer loop
      vertex 16.673548981389974 395.2467530980687 -56.666666666666664
      vertex 16.74680051511623 395.4003281322259 -56.666666666666664
      vertex 16.74680051511623 398.0441163122186 -56.666666666666664
    endloop
  endfacet
  facet normal 0 0 1
    outer loop
      vertex 16.673548981389974 395.2467530980687 -56.666666666666664
      vertex 16.74680051511623 398.0441163122186 -56.666666666666664
      vertex 16.673548981389974 398.1976913463758 -56.666666666666664
    endloop
  endfacet
  facet normal 0 0 1
    outer loop
      vertex 16.74680051511623 395.4003281322259 -56.666666666666664
      vertex 16.811914163893682 397.8869180582445 -56.666666666666664
      vertex 16.74680051511623 398.0441163122186 -56.666666666666664
    endloop
  endfacet
  facet normal 0 0 -1
    outer loop
      vertex 6.777777777777778 374.11111111111114 -63.55555555555555
      vertex 25.77777777777778 379.11111111111114 -63.55555555555555
      vertex 20.77777777777778 374.11111111111114 -63.55555555555555
    endloop
  endfacet
  facet normal 0 0 1
    outer loop
      vertex 16.74680051511623 395.4003281322259 -56.666666666666664
      vertex 16.811914163893682 395.55752638620004 -56.666666666666664
      vertex 16.811914163893682 397.8869180582445 -56.666666666666664
    endloop
  endfacet
  facet normal 0 0 1
    outer loop
      vertex 16.811914163893682 395.55752638620004 -56.666666666666664
      vertex 16.868711455737028 395.7179169905037 -56.666666666666664
      vertex 16.868711455737028 397.72652745394083 -56.666666666666664
    endloop
  endfacet
  facet normal 0 0 1
    outer loop
      vertex 16.811914163893682 395.55752638620004 -56.666666666666664
      vertex 16.868711455737028 397.72652745394083 -56.666666666666664
      vertex 16.811914163893682 397.8869180582445 -56.666666666666664
    endloop
  endfacet
  facet normal 0 0 1
    outer loop
      vertex 16.868711455737028 395.7179169905037 -56.666666666666664
      vertex 16.91703671321725 395.88106032563906 -56.666666666666664
      vertex 16.91703671321725 397.56338411880546 -56.666666666666664
    endloop
  endfacet
  facet normal 0 0 1
    outer loop
      vertex 16.91703671321725 395.88106032563906 -56.666666666666664
      vertex 16.956757480162647 396.0465092270645 -56.666666666666664
      vertex 16.956757480162647 397.39793521738 -56.666666666666664
    endloop
  endfacet
  facet normal 0 0 1
    outer loop
      vertex 16.868711455737028 395.7179169905037 -56.666666666666664
      vertex 16.91703671321725 397.56338411880546 -56.666666666666664
      vertex 16.868711455737028 397.72652745394083 -56.666666666666664
    endloop
  endfacet
  facet normal 0 0 1
    outer loop
      vertex 16.91703671321725 395.88106032563906 -56.666666666666664
      vertex 16.956757480162647 397.39793521738 -56.666666666666664
      vertex 16.91703671321725 397.56338411880546 -56.666666666666664
    endloop
  endfacet
  facet normal 0 0 1
    outer loop
      vertex 16.956757480162647 396.0465092270645 -56.666666666666664
      vertex 16.987764884711975 396.21381021084153 -56.666666666666664
      vertex 16.987764884711975 397.230634233603 -56.666666666666664
    endloop
  endfacet
  facet normal 0 0 1
    outer loop
      vertex 16.956757480162647 396.0465092270645 -56.666666666666664
      vertex 16.987764884711975 397.230634233603 -56.666666666666664
      vertex 16.956757480162647 397.39793521738 -56.666666666666664
    endloop
  endfacet
  facet normal 0 0 1
    outer loop
      vertex 16.987764884711975 396.21381021084153 -56.666666666666664
      vertex 17.009973937724666 396.3825047166024 -56.666666666666664
      vertex 17.009973937724666 397.0619397278421 -56.666666666666664
    endloop
  endfacet
  facet normal 0 0 1
    outer loop
      vertex 16.987764884711975 396.21381021084153 -56.666666666666664
      vertex 17.009973937724666 397.0619397278421 -56.666666666666664
      vertex 16.987764884711975 397.230634233603 -56.666666666666664
    endloop
  endfacet
  facet normal 0 0 1
    outer loop
      vertex 17.009973937724666 396.3825047166024 -56.666666666666664
      vertex 17.023323765730144 396.5521303644327 -56.666666666666664
      vertex 17.023323765730144 396.89231408001183 -56.666666666666664
    endloop
  endfacet
  facet normal 0 0 1
    outer loop
      vertex 17.023323765730144 396.5521303644327 -56.666666666666664
      vertex 17.02777777777778 396.7222222222223 -56.666666666666664
      vertex 17.023323765730144 396.89231408001183 -56.666666666666664
    endloop
  endfacet
  facet normal 0 0 1
    outer loop
      vertex 17.009973937724666 396.3825047166024 -56.666666666666664
      vertex 17.023323765730144 396.89231408001183 -56.666666666666664
      vertex 17.009973937724666 397.0619397278421 -56.666666666666664
    endloop
  endfacet
  facet normal 0 0 1
    outer loop
      vertex 13.777777777777779 371.25000000000006 -31.666666666666664
      vertex 13.947869635567343 371.2544540120477 -31.666666666666664
      vertex 13.947869635567343 377.7455459879524 -31.666666666666664
    endloop
  endfacet
  facet normal 0 0 1
    outer loop
      vertex 13.947869635567343 371.2544540120477 -31.666666666666664
      vertex 14.117495283397652 371.26780384005315 -31.666666666666664
      vertex 14.117495283397652 377.7321961599469 -31.666666666666664
    endloop
  endfacet
  facet normal 0 0 1
    outer loop
      vertex 14.117495283397652 371.26780384005315 -31.666666666666664
      vertex 14.286189789158527 371.29001289306586 -31.666666666666664
      vertex 14.286189789158527 377.70998710693425 -31.666666666666664
    endloop
  endfacet
  facet normal 0 0 1
    outer loop
      vertex 14.286189789158527 371.29001289306586 -31.666666666666664
      vertex 14.453490772935496 371.3210202976152 -31.666666666666664
      vertex 14.453490772935496 377.67897970238494 -31.666666666666664
    endloop
  endfacet
  facet normal 0 0 1
    outer loop
      vertex 14.453490772935496 371.3210202976152 -31.666666666666664
      vertex 14.61893967436097 371.36074106456056 -31.666666666666664
      vertex 14.61893967436097 377.6392589354395 -31.666666666666664
    endloop
  endfacet
  facet normal 0 0 1
    outer loop
      vertex 14.61893967436097 371.36074106456056 -31.666666666666664
      vertex 14.782083009496358 371.4090663220408 -31.666666666666664
      vertex 14.782083009496358 377.5909336779593 -31.666666666666664
    endloop
  endfacet
  facet normal 0 0 1
    outer loop
      vertex 14.782083009496358 371.4090663220408 -31.666666666666664
      vertex 14.942473613800004 371.46586361388415 -31.666666666666664
      vertex 14.942473613800004 377.53413638611596 -31.666666666666664
    endloop
  endfacet
  facet normal 0 0 1
    outer loop
      vertex 14.942473613800004 371.46586361388415 -31.666666666666664
      vertex 15.099671867774127 371.53097726266157 -31.666666666666664
      vertex 15.099671867774127 377.4690227373385 -31.666666666666664
    endloop
  endfacet
  facet normal 0 0 1
    outer loop
      vertex 14.942473613800004 371.46586361388415 -31.666666666666664
      vertex 15.099671867774127 377.4690227373385 -31.666666666666664
      vertex 14.942473613800004 377.53413638611596 -31.666666666666664
    endloop
  endfacet
  facet normal 0 0 1
    outer loop
      vertex 15.099671867774127 371.53097726266157 -31.666666666666664
      vertex 15.253246901931306 371.6042287963878 -31.666666666666664
      vertex 15.253246901931306 377.39577120361224 -31.666666666666664
    endloop
  endfacet
  facet normal 0 0 1
    outer loop
      vertex 15.099671867774127 371.53097726266157 -31.666666666666664
      vertex 15.253246901931306 377.39577120361224 -31.666666666666664
      vertex 15.099671867774127 377.4690227373385 -31.666666666666664
    endloop
  endfacet
  facet normal 0 0 1
    outer loop
      vertex 15.253246901931306 371.6042287963878 -31.666666666666664
      vertex 15.402777777777779 371.6854174377006 -31.666666666666664
      vertex 15.402777777777779 377.31458256229945 -31.666666666666664
    endloop
  endfacet
  facet normal 0 0 1
    outer loop
      vertex 15.253246901931306 371.6042287963878 -31.666666666666664
      vertex 15.402777777777779 377.31458256229945 -31.666666666666664
      vertex 15.253246901931306 377.39577120361224 -31.666666666666664
    endloop
  endfacet
  facet normal 0 0 1
    outer loop
      vertex 15.402777777777779 371.6854174377006 -31.666666666666664
      vertex 15.547854641576617 377.22567934582264 -31.666666666666664
      vertex 15.402777777777779 377.31458256229945 -31.666666666666664
    endloop
  endfacet
  facet normal 0 0 1
    outer loop
      vertex 15.402777777777779 371.6854174377006 -31.666666666666664
      vertex 15.547854641576617 371.7743206541774 -31.666666666666664
      vertex 15.547854641576617 377.22567934582264 -31.666666666666664
    endloop
  endfacet
  facet normal 0 0 1
    outer loop
      vertex 15.547854641576617 371.7743206541774 -31.666666666666664
      vertex 15.688079847728314 371.87069476828145 -31.666666666666664
      vertex 15.688079847728314 377.1293052317186 -31.666666666666664
    endloop
  endfacet
  facet normal 0 0 1
    outer loop
      vertex 15.547854641576617 371.7743206541774 -31.666666666666664
      vertex 15.688079847728314 377.1293052317186 -31.666666666666664
      vertex 15.547854641576617 377.22567934582264 -31.666666666666664
    endloop
  endfacet
  facet normal 0 0 1
    outer loop
      vertex 15.688079847728314 371.87069476828145 -31.666666666666664
      vertex 15.82306904868975 371.9742756252649 -31.666666666666664
      vertex 15.82306904868975 377.0257243747352 -31.666666666666664
    endloop
  endfacet
  facet normal 0 0 1
    outer loop
      vertex 15.688079847728314 371.87069476828145 -31.666666666666664
      vertex 15.82306904868975 377.0257243747352 -31.666666666666664
      vertex 15.688079847728314 377.1293052317186 -31.666666666666664
    endloop
  endfacet
  facet normal 0 0 1
    outer loop
      vertex 15.82306904868975 371.9742756252649 -31.666666666666664
      vertex 15.952452248444068 372.0847793171985 -31.666666666666664
      vertex 15.952452248444068 376.9152206828016 -31.666666666666664
    endloop
  endfacet
  facet normal 0 0 1
    outer loop
      vertex 15.82306904868975 371.9742756252649 -31.666666666666664
      vertex 15.952452248444068 376.9152206828016 -31.666666666666664
      vertex 15.82306904868975 377.0257243747352 -31.666666666666664
    endloop
  endfacet
  facet normal 0 0 1
    outer loop
      vertex 15.952452248444068 372.0847793171985 -31.666666666666664
      vertex 16.07587481663406 376.7980970388563 -31.666666666666664
      vertex 15.952452248444068 376.9152206828016 -31.666666666666664
    endloop
  endfacet
  facet normal 0 -0.9746917402366385 -0.22355315143042176
    outer loop
      vertex 6.777777777777778 374.11111111111114 -63.55555555555555
      vertex 20.77777777777778 374.11111111111114 -63.55555555555555
      vertex 20.77777777777778 351.8888888888889 33.333333333333336
    endloop
  endfacet
  facet normal 0 0 1
    outer loop
      vertex 15.952452248444068 372.0847793171985 -31.666666666666664
      vertex 16.07587481663406 372.2019029611438 -31.666666666666664
      vertex 16.07587481663406 376.7980970388563 -31.666666666666664
    endloop
  endfacet
  facet normal 0 0 1
    outer loop
      vertex 16.07587481663406 372.2019029611438 -31.666666666666664
      vertex 16.19299846057931 372.3253255293338 -31.666666666666664
      vertex 16.19299846057931 376.67467447066633 -31.666666666666664
    endloop
  endfacet
  facet normal 0 0 1
    outer loop
      vertex 16.07587481663406 372.2019029611438 -31.666666666666664
      vertex 16.19299846057931 376.67467447066633 -31.666666666666664
      vertex 16.07587481663406 376.7980970388563 -31.666666666666664
    endloop
  endfacet
  facet normal 0 0 1
    outer loop
      vertex 16.19299846057931 372.3253255293338 -31.666666666666664
      vertex 16.303502152512934 372.45470872908805 -31.666666666666664
      vertex 16.303502152512934 376.545291270912 -31.666666666666664
    endloop
  endfacet
  facet normal 0 0 1
    outer loop
      vertex 16.303502152512934 372.45470872908805 -31.666666666666664
      vertex 16.407083009496358 372.5896979300495 -31.666666666666664
      vertex 16.407083009496358 376.4103020699506 -31.666666666666664
    endloop
  endfacet
  facet normal 0 0 1
    outer loop
      vertex 16.19299846057931 372.3253255293338 -31.666666666666664
      vertex 16.303502152512934 376.545291270912 -31.666666666666664
      vertex 16.19299846057931 376.67467447066633 -31.666666666666664
    endloop
  endfacet
  facet normal 0 0 1
    outer loop
      vertex 16.303502152512934 372.45470872908805 -31.666666666666664
      vertex 16.407083009496358 376.4103020699506 -31.666666666666664
      vertex 16.303502152512934 376.545291270912 -31.666666666666664
    endloop
  endfacet
  facet normal 0 0 1
    outer loop
      vertex 16.407083009496358 372.5896979300495 -31.666666666666664
      vertex 16.503457123600406 372.7299231362012 -31.666666666666664
      vertex 16.503457123600406 376.27007686379886 -31.666666666666664
    endloop
  endfacet
  facet normal 0 0 1
    outer loop
      vertex 16.503457123600406 372.7299231362012 -31.666666666666664
      vertex 16.592360340077203 372.87500000000006 -31.666666666666664
      vertex 16.592360340077203 376.12500000000006 -31.666666666666664
    endloop
  endfacet
  facet normal 0 0 1
    outer loop
      vertex 16.407083009496358 372.5896979300495 -31.666666666666664
      vertex 16.503457123600406 376.27007686379886 -31.666666666666664
      vertex 16.407083009496358 376.4103020699506 -31.666666666666664
    endloop
  endfacet
  facet normal 0 0 1
    outer loop
      vertex 16.503457123600406 372.7299231362012 -31.666666666666664
      vertex 16.592360340077203 376.12500000000006 -31.666666666666664
      vertex 16.503457123600406 376.27007686379886 -31.666666666666664
    endloop
  endfacet
  facet normal 0 0 1
    outer loop
      vertex 16.592360340077203 372.87500000000006 -31.666666666666664
      vertex 16.673548981389974 373.0245308758465 -31.666666666666664
      vertex 16.673548981389974 375.97546912415356 -31.666666666666664
    endloop
  endfacet
  facet normal 0 0 1
    outer loop
      vertex 16.673548981389974 373.0245308758465 -31.666666666666664
      vertex 16.74680051511623 373.1781059100037 -31.666666666666664
      vertex 16.74680051511623 375.8218940899964 -31.666666666666664
    endloop
  endfacet
  facet normal 0 0 1
    outer loop
      vertex 16.592360340077203 372.87500000000006 -31.666666666666664
      vertex 16.673548981389974 375.97546912415356 -31.666666666666664
      vertex 16.592360340077203 376.12500000000006 -31.666666666666664
    endloop
  endfacet
  facet normal 0 0 1
    outer loop
      vertex 16.673548981389974 373.0245308758465 -31.666666666666664
      vertex 16.74680051511623 375.8218940899964 -31.666666666666664
      vertex 16.673548981389974 375.97546912415356 -31.666666666666664
    endloop
  endfacet
  facet normal 0 0 1
    outer loop
      vertex 16.74680051511623 373.1781059100037 -31.666666666666664
      vertex 16.811914163893682 375.66469583602225 -31.666666666666664
      vertex 16.74680051511623 375.8218940899964 -31.666666666666664
    endloop
  endfacet
  facet normal 0 0 1
    outer loop
      vertex 13.777777777777779 371.25000000000006 -31.666666666666664
      vertex 13.947869635567343 377.7455459879524 -31.666666666666664
      vertex 13.777777777777779 377.75000000000006 -31.666666666666664
    endloop
  endfacet
  facet normal 0 0 1
    outer loop
      vertex 13.947869635567343 371.2544540120477 -31.666666666666664
      vertex 14.117495283397652 377.7321961599469 -31.666666666666664
      vertex 13.947869635567343 377.7455459879524 -31.666666666666664
    endloop
  endfacet
  facet normal 0 0 1
    outer loop
      vertex 14.117495283397652 371.26780384005315 -31.666666666666664
      vertex 14.286189789158527 377.70998710693425 -31.666666666666664
      vertex 14.117495283397652 377.7321961599469 -31.666666666666664
    endloop
  endfacet
  facet normal 0 0 1
    outer loop
      vertex 14.286189789158527 371.29001289306586 -31.666666666666664
      vertex 14.453490772935496 377.67897970238494 -31.666666666666664
      vertex 14.286189789158527 377.70998710693425 -31.666666666666664
    endloop
  endfacet
  facet normal 0 0 1
    outer loop
      vertex 14.453490772935496 371.3210202976152 -31.666666666666664
      vertex 14.61893967436097 377.6392589354395 -31.666666666666664
      vertex 14.453490772935496 377.67897970238494 -31.666666666666664
    endloop
  endfacet
  facet normal 0 0 1
    outer loop
      vertex 14.61893967436097 371.36074106456056 -31.666666666666664
      vertex 14.782083009496358 377.5909336779593 -31.666666666666664
      vertex 14.61893967436097 377.6392589354395 -31.666666666666664
    endloop
  endfacet
  facet normal 0 0 1
    outer loop
      vertex 14.782083009496358 371.4090663220408 -31.666666666666664
      vertex 14.942473613800004 377.53413638611596 -31.666666666666664
      vertex 14.782083009496358 377.5909336779593 -31.666666666666664
    endloop
  endfacet
  facet normal -0.026176948307852308 0.9996573249755578 0
    outer loop
      vertex 13.777777777777779 393.4722222222223 -56.666666666666664
      vertex 13.947869635567343 393.4766762342699 33.333333333333336
      vertex 13.947869635567343 393.4766762342699 -56.666666666666664
    endloop
  endfacet
  facet normal -0.07845909572774376 0.996917333733136 0
    outer loop
      vertex 13.947869635567343 393.4766762342699 -56.666666666666664
      vertex 14.117495283397652 393.4900260622754 33.333333333333336
      vertex 14.117495283397652 393.4900260622754 -56.666666666666664
    endloop
  endfacet
  facet normal -0.1305261922198709 0.9914448613738341 0
    outer loop
      vertex 14.117495283397652 393.4900260622754 -56.666666666666664
      vertex 14.286189789158527 393.51223511528804 33.333333333333336
      vertex 14.286189789158527 393.51223511528804 -56.666666666666664
    endloop
  endfacet
  facet normal -0.18223552549238176 0.9832549075639111 0
    outer loop
      vertex 14.286189789158527 393.51223511528804 -56.666666666666664
      vertex 14.453490772935496 393.5432425198374 33.333333333333336
      vertex 14.453490772935496 393.5432425198374 -56.666666666666664
    endloop
  endfacet
  facet normal -0.23344536385581022 0.9723699203976994 0
    outer loop
      vertex 14.453490772935496 393.5432425198374 -56.666666666666664
      vertex 14.61893967436097 393.5829632867828 33.333333333333336
      vertex 14.61893967436097 393.5829632867828 -56.666666666666664
    endloop
  endfacet
  facet normal -0.2840153447038024 0.9588197348682287 0
    outer loop
      vertex 14.61893967436097 393.5829632867828 -56.666666666666664
      vertex 14.782083009496358 393.631288544263 33.333333333333336
      vertex 14.782083009496358 393.631288544263 -56.666666666666664
    endloop
  endfacet
  facet normal -0.33380685923374465 0.9426414910921876 0
    outer loop
      vertex 14.782083009496358 393.631288544263 -56.666666666666664
      vertex 14.942473613800004 393.6880858361063 33.333333333333336
      vertex 14.942473613800004 393.6880858361063 -56.666666666666664
    endloop
  endfacet
  facet normal -0.3826834323651767 0.9238795325112508 0
    outer loop
      vertex 14.942473613800004 393.6880858361063 -56.666666666666664
      vertex 15.099671867774127 393.7531994848838 33.333333333333336
      vertex 15.099671867774127 393.7531994848838 -56.666666666666664
    endloop
  endfacet
  facet normal -0.4305110968082544 0.9025852843498801 0
    outer loop
      vertex 15.099671867774127 393.7531994848838 -56.666666666666664
      vertex 15.253246901931306 393.82645101861004 33.333333333333336
      vertex 15.253246901931306 393.82645101861004 -56.666666666666664
    endloop
  endfacet
  facet normal -0.47715876025970927 0.8788171126619106 0
    outer loop
      vertex 15.253246901931306 393.82645101861004 -56.666666666666664
      vertex 15.402777777777779 393.90763965992284 33.333333333333336
      vertex 15.402777777777779 393.90763965992284 -56.666666666666664
    endloop
  endfacet
  facet normal -0.5224985647159941 0.8526401643540645 0
    outer loop
      vertex 15.402777777777779 393.90763965992284 -56.666666666666664
      vertex 15.547854641576617 393.99654287639964 33.333333333333336
      vertex 15.547854641576617 393.99654287639964 -56.666666666666664
    endloop
  endfacet
  facet normal -0.5664062369247921 0.8241261886220437 0
    outer loop
      vertex 15.547854641576617 393.99654287639964 -56.666666666666664
      vertex 15.688079847728314 394.0929169905037 33.333333333333336
      vertex 15.688079847728314 394.0929169905037 -56.666666666666664
    endloop
  endfacet
  facet normal -0.6087614290086258 0.793353340291308 0
    outer loop
      vertex 15.688079847728314 394.0929169905037 -56.666666666666664
      vertex 15.82306904868975 394.1964978474871 33.333333333333336
      vertex 15.82306904868975 394.1964978474871 -56.666666666666664
    endloop
  endfacet
  facet normal -0.649448048330345 0.760405965599893 0
    outer loop
      vertex 15.82306904868975 394.1964978474871 -56.666666666666664
      vertex 15.952452248444068 394.30700153942075 33.333333333333336
      vertex 15.952452248444068 394.30700153942075 -56.666666666666664
    endloop
  endfacet
  facet normal -0.6883545756937864 -0.725374371012257 0
    outer loop
      vertex 16.07587481663406 399.02031926107855 -56.666666666666664
      vertex 15.952452248444068 399.1374429050238 33.333333333333336
      vertex 15.952452248444068 399.1374429050238 -56.666666666666664
    endloop
  endfacet
  facet normal -0.6883545756936106 0.7253743710124237 0
    outer loop
      vertex 15.952452248444068 394.30700153942075 -56.666666666666664
      vertex 16.07587481663406 394.42412518336596 33.333333333333336
      vertex 16.07587481663406 394.42412518336596 -56.666666666666664
    endloop
  endfacet
  facet normal -0.7253743710122981 0.688354575693743 0
    outer loop
      vertex 16.07587481663406 394.42412518336596 -56.666666666666664
      vertex 16.07587481663406 394.42412518336596 33.333333333333336
      vertex 16.19299846057931 394.54754775155595 -56.666666666666664
    endloop
  endfacet
  facet normal -0.7604059656000639 0.649448048330145 0
    outer loop
      vertex 16.19299846057931 394.54754775155595 -56.666666666666664
      vertex 16.19299846057931 394.54754775155595 33.333333333333336
      vertex 16.303502152512934 394.6769309513103 -56.666666666666664
    endloop
  endfacet
  facet normal -0.7933533402912837 0.6087614290086573 0
    outer loop
      vertex 16.303502152512934 394.6769309513103 -56.666666666666664
      vertex 16.303502152512934 394.6769309513103 33.333333333333336
      vertex 16.407083009496358 394.81192015227174 -56.666666666666664
    endloop
  endfacet
  facet normal -0.7253743710122981 -0.688354575693743 0
    outer loop
      vertex 16.07587481663406 399.02031926107855 -56.666666666666664
      vertex 16.19299846057931 398.89689669288856 -56.666666666666664
      vertex 16.19299846057931 398.89689669288856 33.333333333333336
    endloop
  endfacet
  facet normal -0.7604059656000639 -0.649448048330145 0
    outer loop
      vertex 16.19299846057931 398.89689669288856 -56.666666666666664
      vertex 16.303502152512934 398.76751349313423 -56.666666666666664
      vertex 16.303502152512934 398.76751349313423 33.333333333333336
    endloop
  endfacet
  facet normal -0.7933533402912837 -0.6087614290086573 0
    outer loop
      vertex 16.303502152512934 398.76751349313423 -56.666666666666664
      vertex 16.407083009496358 398.6325242921728 -56.666666666666664
      vertex 16.407083009496358 398.6325242921728 33.333333333333336
    endloop
  endfacet
  facet normal -0.8241261886219876 0.5664062369248736 0
    outer loop
      vertex 16.407083009496358 394.81192015227174 -56.666666666666664
      vertex 16.407083009496358 394.81192015227174 33.333333333333336
      vertex 16.503457123600406 394.9521453584234 -56.666666666666664
    endloop
  endfacet
  facet normal -0.8526401643541324 0.5224985647158834 0
    outer loop
      vertex 16.503457123600406 394.9521453584234 -56.666666666666664
      vertex 16.503457123600406 394.9521453584234 33.333333333333336
      vertex 16.592360340077203 395.0972222222223 -56.666666666666664
    endloop
  endfacet
  facet normal -0.8788171126619155 0.47715876025970005 0
    outer loop
      vertex 16.592360340077203 395.0972222222223 -56.666666666666664
      vertex 16.592360340077203 395.0972222222223 33.333333333333336
      vertex 16.673548981389974 395.2467530980687 -56.666666666666664
    endloop
  endfacet
  facet normal -0.902585284349887 0.43051109680823973 0
    outer loop
      vertex 16.673548981389974 395.2467530980687 -56.666666666666664
      vertex 16.673548981389974 395.2467530980687 33.333333333333336
      vertex 16.74680051511623 395.4003281322259 -56.666666666666664
    endloop
  endfacet
  facet normal -0.9238795325112816 0.3826834323651024 0
    outer loop
      vertex 16.74680051511623 395.4003281322259 -56.666666666666664
      vertex 16.74680051511623 395.4003281322259 33.333333333333336
      vertex 16.811914163893682 395.55752638620004 -56.666666666666664
    endloop
  endfacet
  facet normal -0.8241261886219876 -0.5664062369248736 0
    outer loop
      vertex 16.407083009496358 398.6325242921728 -56.666666666666664
      vertex 16.503457123600406 398.4922990860211 -56.666666666666664
      vertex 16.503457123600406 398.4922990860211 33.333333333333336
    endloop
  endfacet
  facet normal -0.8526401643540411 -0.5224985647160323 0
    outer loop
      vertex 16.503457123600406 398.4922990860211 -56.666666666666664
      vertex 16.592360340077203 398.3472222222223 -56.666666666666664
      vertex 16.592360340077203 398.3472222222223 33.333333333333336
    endloop
  endfacet
  facet normal -0.8788171126619916 -0.47715876025955994 0
    outer loop
      vertex 16.592360340077203 398.3472222222223 -56.666666666666664
      vertex 16.673548981389974 398.1976913463758 -56.666666666666664
      vertex 16.673548981389974 398.1976913463758 33.333333333333336
    endloop
  endfacet
  facet normal -0.902585284349887 -0.43051109680823973 0
    outer loop
      vertex 16.673548981389974 398.1976913463758 -56.666666666666664
      vertex 16.74680051511623 398.0441163122186 -56.666666666666664
      vertex 16.74680051511623 398.0441163122186 33.333333333333336
    endloop
  endfacet
  facet normal 0 0 1
    outer loop
      vertex 16.74680051511623 373.1781059100037 -31.666666666666664
      vertex 16.811914163893682 373.3353041639778 -31.666666666666664
      vertex 16.811914163893682 375.66469583602225 -31.666666666666664
    endloop
  endfacet
  facet normal 0 0 1
    outer loop
      vertex 16.811914163893682 373.3353041639778 -31.666666666666664
      vertex 16.868711455737028 373.49569476828145 -31.666666666666664
      vertex 16.868711455737028 375.5043052317186 -31.666666666666664
    endloop
  endfacet
  facet normal 0 0 1
    outer loop
      vertex 16.811914163893682 373.3353041639778 -31.666666666666664
      vertex 16.868711455737028 375.5043052317186 -31.666666666666664
      vertex 16.811914163893682 375.66469583602225 -31.666666666666664
    endloop
  endfacet
  facet normal 0 0 1
    outer loop
      vertex 16.868711455737028 373.49569476828145 -31.666666666666664
      vertex 16.91703671321725 373.6588381034168 -31.666666666666664
      vertex 16.91703671321725 375.34116189658323 -31.666666666666664
    endloop
  endfacet
  facet normal 0 0 1
    outer loop
      vertex 16.91703671321725 373.6588381034168 -31.666666666666664
      vertex 16.956757480162647 373.82428700484235 -31.666666666666664
      vertex 16.956757480162647 375.17571299515777 -31.666666666666664
    endloop
  endfacet
  facet normal 0 0 1
    outer loop
      vertex 16.91703671321725 373.6588381034168 -31.666666666666664
      vertex 16.956757480162647 375.17571299515777 -31.666666666666664
      vertex 16.91703671321725 375.34116189658323 -31.666666666666664
    endloop
  endfacet
  facet normal 0 0 1
    outer loop
      vertex 16.868711455737028 373.49569476828145 -31.666666666666664
      vertex 16.91703671321725 375.34116189658323 -31.666666666666664
      vertex 16.868711455737028 375.5043052317186 -31.666666666666664
    endloop
  endfacet
  facet normal 0 0 1
    outer loop
      vertex 16.956757480162647 373.82428700484235 -31.666666666666664
      vertex 16.987764884711975 373.9915879886193 -31.666666666666664
      vertex 16.987764884711975 375.0084120113808 -31.666666666666664
    endloop
  endfacet
  facet normal 0 0 1
    outer loop
      vertex 16.987764884711975 373.9915879886193 -31.666666666666664
      vertex 17.009973937724666 374.16028249438017 -31.666666666666664
      vertex 17.009973937724666 374.8397175056199 -31.666666666666664
    endloop
  endfacet
  facet normal 0 0 1
    outer loop
      vertex 16.956757480162647 373.82428700484235 -31.666666666666664
      vertex 16.987764884711975 375.0084120113808 -31.666666666666664
      vertex 16.956757480162647 375.17571299515777 -31.666666666666664
    endloop
  endfacet
  facet normal 0 0 1
    outer loop
      vertex 16.987764884711975 373.9915879886193 -31.666666666666664
      vertex 17.009973937724666 374.8397175056199 -31.666666666666664
      vertex 16.987764884711975 375.0084120113808 -31.666666666666664
    endloop
  endfacet
  facet normal 0 0 1
    outer loop
      vertex 17.009973937724666 374.16028249438017 -31.666666666666664
      vertex 17.023323765730144 374.32990814221046 -31.666666666666664
      vertex 17.023323765730144 374.6700918577896 -31.666666666666664
    endloop
  endfacet
  facet normal 0 0 1
    outer loop
      vertex 17.023323765730144 374.32990814221046 -31.666666666666664
      vertex 17.02777777777778 374.50000000000006 -31.666666666666664
      vertex 17.023323765730144 374.6700918577896 -31.666666666666664
    endloop
  endfacet
  facet normal 0 0 1
    outer loop
      vertex 17.009973937724666 374.16028249438017 -31.666666666666664
      vertex 17.023323765730144 374.6700918577896 -31.666666666666664
      vertex 17.009973937724666 374.8397175056199 -31.666666666666664
    endloop
  endfacet
  facet normal -0.9426414910921723 0.33380685923378833 0
    outer loop
      vertex 16.811914163893682 395.55752638620004 -56.666666666666664
      vertex 16.811914163893682 395.55752638620004 33.333333333333336
      vertex 16.868711455737028 395.7179169905037 -56.666666666666664
    endloop
  endfacet
  facet normal -0.9588197348681878 0.28401534470394035 0
    outer loop
      vertex 16.868711455737028 395.7179169905037 -56.666666666666664
      vertex 16.868711455737028 395.7179169905037 33.333333333333336
      vertex 16.91703671321725 395.88106032563906 -56.666666666666664
    endloop
  endfacet
  facet normal -0.9723699203976723 0.23344536385592315 0
    outer loop
      vertex 16.91703671321725 395.88106032563906 -56.666666666666664
      vertex 16.91703671321725 395.88106032563906 33.333333333333336
      vertex 16.956757480162647 396.0465092270645 -56.666666666666664
    endloop
  endfacet
  facet normal -0.9832549075639644 0.18223552549209462 0
    outer loop
      vertex 16.956757480162647 396.0465092270645 -56.666666666666664
      vertex 16.956757480162647 396.0465092270645 33.333333333333336
      vertex 16.987764884711975 396.21381021084153 -56.666666666666664
    endloop
  endfacet
  facet normal -0.9588197348681878 -0.28401534470394035 0
    outer loop
      vertex 16.91703671321725 397.56338411880546 -56.666666666666664
      vertex 16.91703671321725 397.56338411880546 33.333333333333336
      vertex 16.868711455737028 397.72652745394083 -56.666666666666664
    endloop
  endfacet
  facet normal -0.9723699203976723 -0.23344536385592315 0
    outer loop
      vertex 16.91703671321725 397.56338411880546 -56.666666666666664
      vertex 16.956757480162647 397.39793521738 -56.666666666666664
      vertex 16.956757480162647 397.39793521738 33.333333333333336
    endloop
  endfacet
  facet normal -0.9238795325112816 -0.3826834323651024 0
    outer loop
      vertex 16.74680051511623 398.0441163122186 -56.666666666666664
      vertex 16.811914163893682 397.8869180582445 -56.666666666666664
      vertex 16.811914163893682 397.8869180582445 33.333333333333336
    endloop
  endfacet
  facet normal -0.9426414910921723 -0.33380685923378833 0
    outer loop
      vertex 16.811914163893682 397.8869180582445 -56.666666666666664
      vertex 16.868711455737028 397.72652745394083 -56.666666666666664
      vertex 16.868711455737028 397.72652745394083 33.333333333333336
    endloop
  endfacet
  facet normal -0.9914448613738092 0.13052619222006104 0
    outer loop
      vertex 16.987764884711975 396.21381021084153 -56.666666666666664
      vertex 16.987764884711975 396.21381021084153 33.333333333333336
      vertex 17.009973937724666 396.3825047166024 -56.666666666666664
    endloop
  endfacet
  facet normal -0.996917333733127 0.07845909572785731 0
    outer loop
      vertex 17.009973937724666 396.3825047166024 -56.666666666666664
      vertex 17.009973937724666 396.3825047166024 33.333333333333336
      vertex 17.023323765730144 396.5521303644327 -56.666666666666664
    endloop
  endfacet
  facet normal -0.9996573249755574 0.02617694830786771 0
    outer loop
      vertex 17.023323765730144 396.5521303644327 -56.666666666666664
      vertex 17.023323765730144 396.5521303644327 33.333333333333336
      vertex 17.02777777777778 396.7222222222223 -56.666666666666664
    endloop
  endfacet
  facet normal -0.9996573249755571 -0.026176948307876452 0
    outer loop
      vertex 17.02777777777778 396.7222222222223 -56.666666666666664
      vertex 17.02777777777778 396.7222222222223 33.333333333333336
      vertex 17.023323765730144 396.89231408001183 -56.666666666666664
    endloop
  endfacet
  facet normal -0.9914448613738092 -0.13052619222006104 0
    outer loop
      vertex 16.987764884711975 397.230634233603 -56.666666666666664
      vertex 17.009973937724666 397.0619397278421 -56.666666666666664
      vertex 17.009973937724666 397.0619397278421 33.333333333333336
    endloop
  endfacet
  facet normal -0.9832549075639644 -0.18223552549209462 0
    outer loop
      vertex 16.956757480162647 397.39793521738 -56.666666666666664
      vertex 16.987764884711975 397.230634233603 -56.666666666666664
      vertex 16.987764884711975 397.230634233603 33.333333333333336
    endloop
  endfacet
  facet normal -0.996917333733127 -0.07845909572785731 0
    outer loop
      vertex 17.023323765730144 396.89231408001183 -56.666666666666664
      vertex 17.023323765730144 396.89231408001183 33.333333333333336
      vertex 17.009973937724666 397.0619397278421 -56.666666666666664
    endloop
  endfacet
  facet normal 0 0 1
    outer loop
      vertex 25.77777777777778 405.83333333333337 -50.666666666666664
      vertex 15.777777777777779 409.83333333333337 -50.666666666666664
      vertex 15.777777777777779 405.83333333333337 -50.666666666666664
    endloop
  endfacet
  facet normal 0 0 1
    outer loop
      vertex 25.77777777777778 486.83333333333337 -50.666666666666664
      vertex 11.777777777777779 409.83333333333337 -50.666666666666664
      vertex 15.777777777777779 409.83333333333337 -50.666666666666664
    endloop
  endfacet
  facet normal -0.02617694830818616 -0.9996573249755492 0
    outer loop
      vertex 13.777777777777779 399.9722222222223 -56.666666666666664
      vertex 13.947869635567343 399.9677682101746 -56.666666666666664
      vertex 13.777777777777779 399.9722222222223 33.333333333333336
    endloop
  endfacet
  facet normal -0.07845909572774376 -0.996917333733136 0
    outer loop
      vertex 13.947869635567343 399.9677682101746 -56.666666666666664
      vertex 14.117495283397652 399.95441838216914 -56.666666666666664
      vertex 13.947869635567343 399.9677682101746 33.333333333333336
    endloop
  endfacet
  facet normal -0.1305261922198709 -0.9914448613738341 0
    outer loop
      vertex 14.117495283397652 399.95441838216914 -56.666666666666664
      vertex 14.286189789158527 399.9322093291565 -56.666666666666664
      vertex 14.117495283397652 399.95441838216914 33.333333333333336
    endloop
  endfacet
  facet normal -0.18223552549238176 -0.9832549075639111 0
    outer loop
      vertex 14.286189789158527 399.9322093291565 -56.666666666666664
      vertex 14.453490772935496 399.9012019246071 -56.666666666666664
      vertex 14.286189789158527 399.9322093291565 33.333333333333336
    endloop
  endfacet
  facet normal -0.23344536385581022 -0.9723699203976994 0
    outer loop
      vertex 14.453490772935496 399.9012019246071 -56.666666666666664
      vertex 14.61893967436097 399.86148115766173 -56.666666666666664
      vertex 14.453490772935496 399.9012019246071 33.333333333333336
    endloop
  endfacet
  facet normal -0.2840153447038024 -0.9588197348682287 0
    outer loop
      vertex 14.61893967436097 399.86148115766173 -56.666666666666664
      vertex 14.782083009496358 399.8131559001815 -56.666666666666664
      vertex 14.61893967436097 399.86148115766173 33.333333333333336
    endloop
  endfacet
  facet normal -0.33380685923404146 -0.9426414910920825 0
    outer loop
      vertex 14.782083009496358 399.8131559001815 -56.666666666666664
      vertex 14.942473613800004 399.75635860833813 -56.666666666666664
      vertex 14.782083009496358 399.8131559001815 33.333333333333336
    endloop
  endfacet
  facet normal -0.38268343236489155 -0.9238795325113689 0
    outer loop
      vertex 14.942473613800004 399.75635860833813 -56.666666666666664
      vertex 15.099671867774127 399.6912449595607 -56.666666666666664
      vertex 14.942473613800004 399.75635860833813 33.333333333333336
    endloop
  endfacet
  facet normal -0.4305110968082544 -0.9025852843498801 0
    outer loop
      vertex 15.099671867774127 399.6912449595607 -56.666666666666664
      vertex 15.253246901931306 399.61799342583447 -56.666666666666664
      vertex 15.099671867774127 399.6912449595607 33.333333333333336
    endloop
  endfacet
  facet normal -0.47715876025970927 -0.8788171126619106 0
    outer loop
      vertex 15.253246901931306 399.61799342583447 -56.666666666666664
      vertex 15.402777777777779 399.5368047845217 -56.666666666666664
      vertex 15.253246901931306 399.61799342583447 33.333333333333336
    endloop
  endfacet
  facet normal -0.5224985647159941 -0.8526401643540645 0
    outer loop
      vertex 15.402777777777779 399.5368047845217 -56.666666666666664
      vertex 15.547854641576617 399.44790156804487 -56.666666666666664
      vertex 15.402777777777779 399.5368047845217 33.333333333333336
    endloop
  endfacet
  facet normal -0.5664062369247921 -0.8241261886220437 0
    outer loop
      vertex 15.547854641576617 399.44790156804487 -56.666666666666664
      vertex 15.688079847728314 399.35152745394083 -56.666666666666664
      vertex 15.547854641576617 399.44790156804487 33.333333333333336
    endloop
  endfacet
  facet normal -0.6087614290086258 -0.793353340291308 0
    outer loop
      vertex 15.688079847728314 399.35152745394083 -56.666666666666664
      vertex 15.82306904868975 399.24794659695743 -56.666666666666664
      vertex 15.688079847728314 399.35152745394083 33.333333333333336
    endloop
  endfacet
  facet normal -0.6494480483301519 -0.7604059656000581 0
    outer loop
      vertex 15.82306904868975 399.24794659695743 -56.666666666666664
      vertex 15.952452248444068 399.1374429050238 -56.666666666666664
      vertex 15.82306904868975 399.24794659695743 33.333333333333336
    endloop
  endfacet
  facet normal 1 0 0
    outer loop
      vertex 15.777777777777779 405.83333333333337 33.333333333333336
      vertex 15.777777777777779 405.83333333333337 -50.666666666666664
      vertex 15.777777777777779 409.83333333333337 -50.666666666666664
    endloop
  endfacet
  facet normal 0 0 -1
    outer loop
      vertex 20.77777777777778 374.11111111111114 -63.55555555555555
      vertex 25.77777777777778 379.11111111111114 -63.55555555555555
      vertex 21.0394575589925 374.1179634373383 -63.55555555555555
    endloop
  endfacet
  facet normal 0 0 -1
    outer loop
      vertex 21.0394575589925 374.1179634373383 -63.55555555555555
      vertex 25.77777777777778 379.11111111111114 -63.55555555555555
      vertex 21.300420094116046 374.1385016342698 -63.55555555555555
    endloop
  endfacet
  facet normal 0 0 -1
    outer loop
      vertex 21.300420094116046 374.1385016342698 -63.55555555555555
      vertex 25.77777777777778 379.11111111111114 -63.55555555555555
      vertex 21.55995010297893 374.17266940813545 -63.55555555555555
    endloop
  endfacet
  facet normal 0 0 -1
    outer loop
      vertex 21.55995010297893 374.17266940813545 -63.55555555555555
      vertex 25.77777777777778 379.11111111111114 -63.55555555555555
      vertex 21.817336231866577 374.22037310744213 -63.55555555555555
    endloop
  endfacet
  facet normal 0 0 -1
    outer loop
      vertex 21.817336231866577 374.22037310744213 -63.55555555555555
      vertex 25.77777777777778 379.11111111111114 -63.55555555555555
      vertex 22.07187300329038 374.2814819796658 -63.55555555555555
    endloop
  endfacet
  facet normal 0 0 -1
    outer loop
      vertex 22.07187300329038 374.2814819796658 -63.55555555555555
      vertex 25.77777777777778 379.11111111111114 -63.55555555555555
      vertex 22.322862749652515 374.35582852963535 -63.55555555555555
    endloop
  endfacet
  facet normal 0 0 -1
    outer loop
      vertex 22.322862749652515 374.35582852963535 -63.55555555555555
      vertex 25.77777777777778 379.11111111111114 -63.55555555555555
      vertex 22.569617525504277 374.44320897862514 -63.55555555555555
    endloop
  endfacet
  facet normal 0 0 -1
    outer loop
      vertex 22.569617525504277 374.44320897862514 -63.55555555555555
      vertex 25.77777777777778 379.11111111111114 -63.55555555555555
      vertex 22.81146099315678 374.54338382289814 -63.55555555555555
    endloop
  endfacet
  facet normal 0 0 -1
    outer loop
      vertex 22.81146099315678 374.54338382289814 -63.55555555555555
      vertex 25.77777777777778 379.11111111111114 -63.55555555555555
      vertex 23.047730276475512 374.6560784901693 -63.55555555555555
    endloop
  endfacet
  facet normal 0 0 -1
    outer loop
      vertex 23.047730276475512 374.6560784901693 -63.55555555555555
      vertex 25.77777777777778 379.11111111111114 -63.55555555555555
      vertex 23.27777777777778 374.78098409218893 -63.55555555555555
    endloop
  endfacet
  facet normal 0 0 -1
    outer loop
      vertex 23.27777777777778 374.78098409218893 -63.55555555555555
      vertex 25.77777777777778 379.11111111111114 -63.55555555555555
      vertex 23.500972952852912 374.917758271384 -63.55555555555555
    endloop
  endfacet
  facet normal 0 0 -1
    outer loop
      vertex 23.500972952852912 374.917758271384 -63.55555555555555
      vertex 25.77777777777778 379.11111111111114 -63.55555555555555
      vertex 23.716704039240145 375.0660261392364 -63.55555555555555
    endloop
  endfacet
  facet normal 0 0 -1
    outer loop
      vertex 23.716704039240145 375.0660261392364 -63.55555555555555
      vertex 25.77777777777778 379.11111111111114 -63.55555555555555
      vertex 23.924379733026967 375.2253813038263 -63.55555555555555
    endloop
  endfacet
  facet normal 0 0 -1
    outer loop
      vertex 23.924379733026967 375.2253813038263 -63.55555555555555
      vertex 25.77777777777778 379.11111111111114 -63.55555555555555
      vertex 24.12343080957207 375.39538698372417 -63.55555555555555
    endloop
  endfacet
  facet normal 0 0 -1
    outer loop
      vertex 24.12343080957207 375.39538698372417 -63.55555555555555
      vertex 25.77777777777778 379.11111111111114 -63.55555555555555
      vertex 24.313311683710516 375.57557720517843 -63.55555555555555
    endloop
  endfacet
  facet normal 0 0 -1
    outer loop
      vertex 24.313311683710516 375.57557720517843 -63.55555555555555
      vertex 25.77777777777778 379.11111111111114 -63.55555555555555
      vertex 24.49350190516475 375.7654580793169 -63.55555555555555
    endloop
  endfacet
  facet normal 0 0 -1
    outer loop
      vertex 24.49350190516475 375.7654580793169 -63.55555555555555
      vertex 25.77777777777778 379.11111111111114 -63.55555555555555
      vertex 24.663507585062632 375.96450915586195 -63.55555555555555
    endloop
  endfacet
  facet normal 0 0 -1
    outer loop
      vertex 24.663507585062632 375.96450915586195 -63.55555555555555
      vertex 25.77777777777778 379.11111111111114 -63.55555555555555
      vertex 24.822862749652515 376.1721848496488 -63.55555555555555
    endloop
  endfacet
  facet normal 0 0 -1
    outer loop
      vertex 24.822862749652515 376.1721848496488 -63.55555555555555
      vertex 25.77777777777778 379.11111111111114 -63.55555555555555
      vertex 24.971130617504897 376.387915936036 -63.55555555555555
    endloop
  endfacet
  facet normal 0 0 -1
    outer loop
      vertex 24.971130617504897 376.387915936036 -63.55555555555555
      vertex 25.77777777777778 379.11111111111114 -63.55555555555555
      vertex 25.10790479669997 376.61111111111114 -63.55555555555555
    endloop
  endfacet
  facet normal 0 0 -1
    outer loop
      vertex 25.10790479669997 376.61111111111114 -63.55555555555555
      vertex 25.77777777777778 379.11111111111114 -63.55555555555555
      vertex 25.232810398719618 376.84115861241344 -63.55555555555555
    endloop
  endfacet
  facet normal 0 0 -1
    outer loop
      vertex 25.232810398719618 376.84115861241344 -63.55555555555555
      vertex 25.77777777777778 379.11111111111114 -63.55555555555555
      vertex 25.345505065990782 377.07742789573217 -63.55555555555555
    endloop
  endfacet
  facet normal 0 0 -1
    outer loop
      vertex 25.345505065990782 377.07742789573217 -63.55555555555555
      vertex 25.77777777777778 379.11111111111114 -63.55555555555555
      vertex 25.445679910263788 377.31927136338464 -63.55555555555555
    endloop
  endfacet
  facet normal 0 0 -1
    outer loop
      vertex 25.445679910263788 377.31927136338464 -63.55555555555555
      vertex 25.77777777777778 379.11111111111114 -63.55555555555555
      vertex 25.533060359253547 377.5660261392364 -63.55555555555555
    endloop
  endfacet
  facet normal 0 0 -1
    outer loop
      vertex 25.533060359253547 377.5660261392364 -63.55555555555555
      vertex 25.77777777777778 379.11111111111114 -63.55555555555555
      vertex 25.60740690922312 377.81701588559855 -63.55555555555555
    endloop
  endfacet
  facet normal 0 0 -1
    outer loop
      vertex 25.60740690922312 377.81701588559855 -63.55555555555555
      vertex 25.77777777777778 379.11111111111114 -63.55555555555555
      vertex 25.668515781446807 378.0715526570224 -63.55555555555555
    endloop
  endfacet
  facet normal 0 0 -1
    outer loop
      vertex 25.668515781446807 378.0715526570224 -63.55555555555555
      vertex 25.77777777777778 379.11111111111114 -63.55555555555555
      vertex 25.716219480753466 378.32893878591 -63.55555555555555
    endloop
  endfacet
  facet normal 0 0 -1
    outer loop
      vertex 25.716219480753466 378.32893878591 -63.55555555555555
      vertex 25.77777777777778 379.11111111111114 -63.55555555555555
      vertex 25.750387254619145 378.5884687947729 -63.55555555555555
    endloop
  endfacet
  facet normal 0 0 -1
    outer loop
      vertex 25.750387254619145 378.5884687947729 -63.55555555555555
      vertex 25.77777777777778 379.11111111111114 -63.55555555555555
      vertex 25.770925451550646 378.84943132989645 -63.55555555555555
    endloop
  endfacet
  facet normal 0.02551489218529556 -0.9743744216838431 -0.22348037194583564
    outer loop
      vertex 20.77777777777778 374.11111111111114 -63.55555555555555
      vertex 21.0394575589925 374.1179634373383 -63.55555555555555
      vertex 21.0394575589925 351.89574121511606 33.333333333333336
    endloop
  endfacet
  facet normal 0.07648519855658184 -0.9718365921464905 -0.22289830095103003
    outer loop
      vertex 21.0394575589925 374.1179634373383 -63.55555555555555
      vertex 21.300420094116046 374.1385016342698 -63.55555555555555
      vertex 21.300420094116046 351.9162794120476 33.333333333333336
    endloop
  endfacet
  facet normal 0.12727699770300846 -0.9667647787588035 -0.22173504099972566
    outer loop
      vertex 21.300420094116046 374.1385016342698 -63.55555555555555
      vertex 21.55995010297893 374.17266940813545 -63.55555555555555
      vertex 21.55995010297893 351.9504471859132 33.333333333333336
    endloop
  endfacet
  facet normal 0.17777104538818878 -0.9591667284882512 -0.21999236891932372
    outer loop
      vertex 21.55995010297893 374.17266940813545 -63.55555555555555
      vertex 21.817336231866577 374.22037310744213 -63.55555555555555
      vertex 21.817336231866577 351.9981508852199 33.333333333333336
    endloop
  endfacet
  facet normal 0.22784775454780679 -0.9490541996340675 -0.21767298156744672
    outer loop
      vertex 21.817336231866577 374.22037310744213 -63.55555555555555
      vertex 22.07187300329038 374.2814819796658 -63.55555555555555
      vertex 22.07187300329038 352.05925975744356 33.333333333333336
    endloop
  endfacet
  facet normal 0.27738709060953826 -0.9364431240551432 -0.21478053304016997
    outer loop
      vertex 22.07187300329038 374.2814819796658 -63.55555555555555
      vertex 22.322862749652515 374.35582852963535 -63.55555555555555
      vertex 22.322862749652515 352.1336063074132 33.333333333333336
    endloop
  endfacet
  facet normal 0.3262684988742448 -0.9213538181362709 -0.2113196830587778
    outer loop
      vertex 22.322862749652515 374.35582852963535 -63.55555555555555
      vertex 22.569617525504277 374.44320897862514 -63.55555555555555
      vertex 22.569617525504277 352.2209867564029 33.333333333333336
    endloop
  endfacet
  facet normal 0.37437087255295465 -0.9038112378748444 -0.2072961554758818
    outer loop
      vertex 22.569617525504277 374.44320897862514 -63.55555555555555
      vertex 22.81146099315678 374.54338382289814 -63.55555555555555
      vertex 22.81146099315678 352.3211616006759 33.333333333333336
    endloop
  endfacet
  facet normal 0.4215725695676096 -0.8838452722780835 -0.2027168055683678
    outer loop
      vertex 22.81146099315678 374.54338382289814 -63.55555555555555
      vertex 23.047730276475512 374.6560784901693 -63.55555555555555
      vertex 23.047730276475512 352.4338562679471 33.333333333333336
    endloop
  endfacet
  facet normal 0.4677514855917042 -0.8614910680618556 -0.1975896945096
    outer loop
      vertex 23.047730276475512 374.6560784901693 -63.55555555555555
      vertex 23.27777777777778 374.78098409218893 -63.55555555555555
      vertex 23.27777777777778 352.5587618699667 33.333333333333336
    endloop
  endfacet
  facet normal 0.5127851900071403 -0.836789377447808 -0.1919241691394056
    outer loop
      vertex 23.27777777777778 374.78098409218893 -63.55555555555555
      vertex 23.500972952852912 374.917758271384 -63.55555555555555
      vertex 23.500972952852912 352.6955360491618 33.333333333333336
    endloop
  endfacet
  facet normal 0.5565511304363806 -0.8097869197028031 -0.1857309448859641
    outer loop
      vertex 23.500972952852912 374.917758271384 -63.55555555555555
      vertex 23.716704039240145 375.0660261392364 -63.55555555555555
      vertex 23.716704039240145 352.84380391701416 33.333333333333336
    endloop
  endfacet
  facet normal 0.5989269102938083 -0.7805367459722107 -0.17902218944316764
    outer loop
      vertex 23.716704039240145 375.0660261392364 -63.55555555555555
      vertex 23.924379733026967 375.2253813038263 -63.55555555555555
      vertex 23.924379733026967 353.00315908160405 33.333333333333336
    endloop
  endfacet
  facet normal 0.6397906423384774 -0.7490985959848664 -0.17181160458368502
    outer loop
      vertex 23.924379733026967 375.2253813038263 -63.55555555555555
      vertex 24.12343080957207 375.39538698372417 -63.55555555555555
      vertex 24.12343080957207 353.17316476150194 33.333333333333336
    endloop
  endfacet
  facet normal 0.6790213795289959 -0.7155392343883774 -0.1641145033000866
    outer loop
      vertex 24.12343080957207 375.39538698372417 -63.55555555555555
      vertex 24.313311683710516 375.57557720517843 -63.55555555555555
      vertex 24.313311683710516 353.3533549829562 33.333333333333336
    endloop
  endfacet
  facet normal 0.7164996225648426 -0.679932753878594 -0.15594787932995277
    outer loop
      vertex 24.313311683710516 375.57557720517843 -63.55555555555555
      vertex 24.49350190516475 375.7654580793169 -63.55555555555555
      vertex 24.49350190516475 353.54323585709466 33.333333333333336
    endloop
  endfacet
  facet normal 0.7521079013909997 -0.6423608319626543 -0.14733046604648
    outer loop
      vertex 24.49350190516475 375.7654580793169 -63.55555555555555
      vertex 24.663507585062632 375.96450915586195 -63.55555555555555
      vertex 24.663507585062632 353.7422869336398 33.333333333333336
    endloop
  endfacet
  facet normal 0.7857314256640583 -0.6029129282152055 -0.13828278170073524
    outer loop
      vertex 24.663507585062632 375.96450915586195 -63.55555555555555
      vertex 24.822862749652515 376.1721848496488 -63.55555555555555
      vertex 24.822862749652515 353.94996262742654 33.333333333333336
    endloop
  endfacet
  facet normal 0.8172587968036593 -0.5616864092928381 -0.12882715809468767
    outer loop
      vertex 24.822862749652515 376.1721848496488 -63.55555555555555
      vertex 24.971130617504897 376.387915936036 -63.55555555555555
      vertex 24.971130617504897 354.16569371381377 33.333333333333336
    endloop
  endfacet
  facet normal 0.8465827718476981 -0.5187865898139251 -0.11898774995732231
    outer loop
      vertex 24.971130617504897 376.387915936036 -63.55555555555555
      vertex 25.10790479669997 376.61111111111114 -63.55555555555555
      vertex 25.10790479669997 354.3888888888889 33.333333333333336
    endloop
  endfacet
  facet normal 0.8736010669808112 -0.47432667852740096 -0.10879052259802778
    outer loop
      vertex 25.10790479669997 376.61111111111114 -63.55555555555555
      vertex 25.232810398719618 376.84115861241344 -63.55555555555555
      vertex 25.232810398719618 354.6189363901912 33.333333333333336
    endloop
  endfacet
  facet normal 0.8982171864314453 -0.42842762097677495 -0.09826321582036125
    outer loop
      vertex 25.232810398719618 376.84115861241344 -63.55555555555555
      vertex 25.345505065990782 377.07742789573217 -63.55555555555555
      vertex 25.345505065990782 354.85520567350994 33.333333333333336
    endloop
  endfacet
  facet normal 0.920341260527501 -0.3812178321220909 -0.08743528259680987
    outer loop
      vertex 25.345505065990782 377.07742789573217 -63.55555555555555
      vertex 25.445679910263788 377.31927136338464 -63.55555555555555
      vertex 25.445679910263788 355.0970491411624 33.333333333333336
    endloop
  endfacet
  facet normal 0.9398908751899496 -0.332832815056923 -0.07633780161856035
    outer loop
      vertex 25.445679910263788 377.31927136338464 -63.55555555555555
      vertex 25.533060359253547 377.5660261392364 -63.55555555555555
      vertex 25.533060359253547 355.34380391701416 33.333333333333336
    endloop
  endfacet
  facet normal 0.956791874129433 -0.2834146649871571 -0.0650033635291645
    outer loop
      vertex 25.533060359253547 377.5660261392364 -63.55555555555555
      vertex 25.60740690922312 377.81701588559855 -63.55555555555555
      vertex 25.60740690922312 355.5947936633763 33.333333333333336
    endloop
  endfacet
  facet normal 0.9709791145876708 -0.23311146092290153 -0.05346593140433523
    outer loop
      vertex 25.60740690922312 377.81701588559855 -63.55555555555555
      vertex 25.668515781446807 378.0715526570224 -63.55555555555555
      vertex 25.668515781446807 355.84933043480015 33.333333333333336
    endloop
  endfacet
  facet normal 0.9823971577038106 -0.18207655095229067 -0.041760676823919894
    outer loop
      vertex 25.668515781446807 378.0715526570224 -63.55555555555555
      vertex 25.716219480753466 378.32893878591 -63.55555555555555
      vertex 25.716219480753466 356.10671656368777 33.333333333333336
    endloop
  endfacet
  facet normal 0.9910008755265411 -0.1304677403743648 -0.029923793663845146
    outer loop
      vertex 25.716219480753466 378.32893878591 -63.55555555555555
      vertex 25.750387254619145 378.5884687947729 -63.55555555555555
      vertex 25.750387254619145 356.36624657255066 33.333333333333336
    endloop
  endfacet
  facet normal 0.9967559583418811 -0.07844639520910476 -0.017992292479152475
    outer loop
      vertex 25.750387254619145 378.5884687947729 -63.55555555555555
      vertex 25.770925451550646 378.84943132989645 -63.55555555555555
      vertex 25.770925451550646 356.6272091076742 33.333333333333336
    endloop
  endfacet
  facet normal 0.9996393083078667 -0.026176476524836415 -0.006003779019457894
    outer loop
      vertex 25.770925451550646 378.84943132989645 -63.55555555555555
      vertex 25.77777777777778 379.11111111111114 -63.55555555555555
      vertex 25.77777777777778 356.8888888888889 33.333333333333336
    endloop
  endfacet
  facet normal 1 0 0
    outer loop
      vertex 25.77777777777778 379.11111111111114 -63.55555555555555
      vertex 25.77777777777778 405.83333333333337 -50.666666666666664
      vertex 25.77777777777778 356.8888888888889 33.333333333333336
    endloop
  endfacet
  facet normal 0 0 1
    outer loop
      vertex 25.77777777777778 405.83333333333337 -50.666666666666664
      vertex 25.77777777777778 486.83333333333337 -50.666666666666664
      vertex 15.777777777777779 409.83333333333337 -50.666666666666664
    endloop
  endfacet
  facet normal 1 0 0
    outer loop
      vertex 25.77777777777778 379.11111111111114 -63.55555555555555
      vertex 25.77777777777778 486.83333333333337 -50.666666666666664
      vertex 25.77777777777778 405.83333333333337 -50.666666666666664
    endloop
  endfacet
  facet normal 0 1 0
    outer loop
      vertex 25.77777777777778 405.83333333333337 -50.666666666666664
      vertex 15.777777777777779 405.83333333333337 -50.666666666666664
      vertex 25.77777777777778 405.83333333333337 33.333333333333336
    endloop
  endfacet
  facet normal -0.026176948307852308 0.9996573249755578 0
    outer loop
      vertex 13.777777777777779 371.25000000000006 -31.666666666666664
      vertex 13.777777777777779 371.25000000000006 33.333333333333336
      vertex 13.947869635567343 371.2544540120477 -31.666666666666664
    endloop
  endfacet
  facet normal -0.07845909572774375 0.9969173337331358 0
    outer loop
      vertex 13.947869635567343 371.2544540120477 -31.666666666666664
      vertex 13.947869635567343 371.2544540120477 33.333333333333336
      vertex 14.117495283397652 371.26780384005315 -31.666666666666664
    endloop
  endfacet
  facet normal -0.13052619222019932 0.9914448613737911 0
    outer loop
      vertex 14.117495283397652 371.26780384005315 -31.666666666666664
      vertex 14.117495283397652 371.26780384005315 33.333333333333336
      vertex 14.286189789158527 371.29001289306586 -31.666666666666664
    endloop
  endfacet
  facet normal -0.18223552549205876 0.9832549075639709 0
    outer loop
      vertex 14.286189789158527 371.29001289306586 -31.666666666666664
      vertex 14.286189789158527 371.29001289306586 33.333333333333336
      vertex 14.453490772935496 371.3210202976152 -31.666666666666664
    endloop
  endfacet
  facet normal -0.2334453638558102 0.9723699203976994 0
    outer loop
      vertex 14.453490772935496 371.3210202976152 -31.666666666666664
      vertex 14.453490772935496 371.3210202976152 33.333333333333336
      vertex 14.61893967436097 371.36074106456056 -31.666666666666664
    endloop
  endfacet
  facet normal -0.28401534470410955 0.9588197348681377 0
    outer loop
      vertex 14.61893967436097 371.36074106456056 -31.666666666666664
      vertex 14.61893967436097 371.36074106456056 33.333333333333336
      vertex 14.782083009496358 371.4090663220408 -31.666666666666664
    endloop
  endfacet
  facet normal -0.3338068592337446 0.9426414910921876 0
    outer loop
      vertex 14.782083009496358 371.4090663220408 -31.666666666666664
      vertex 14.782083009496358 371.4090663220408 33.333333333333336
      vertex 14.942473613800004 371.46586361388415 -31.666666666666664
    endloop
  endfacet
  facet normal -0.38268343236489155 0.9238795325113689 0
    outer loop
      vertex 14.942473613800004 371.46586361388415 -31.666666666666664
      vertex 14.942473613800004 371.46586361388415 33.333333333333336
      vertex 15.099671867774127 371.53097726266157 -31.666666666666664
    endloop
  endfacet
  facet normal -0.4305110968082544 0.9025852843498801 0
    outer loop
      vertex 15.099671867774127 371.53097726266157 -31.666666666666664
      vertex 15.099671867774127 371.53097726266157 33.333333333333336
      vertex 15.253246901931306 371.6042287963878 -31.666666666666664
    endloop
  endfacet
  facet normal -0.47715876025970927 0.8788171126619106 0
    outer loop
      vertex 15.253246901931306 371.6042287963878 -31.666666666666664
      vertex 15.253246901931306 371.6042287963878 33.333333333333336
      vertex 15.402777777777779 371.6854174377006 -31.666666666666664
    endloop
  endfacet
  facet normal -0.5224985647159941 0.8526401643540645 0
    outer loop
      vertex 15.402777777777779 371.6854174377006 -31.666666666666664
      vertex 15.402777777777779 371.6854174377006 33.333333333333336
      vertex 15.547854641576617 371.7743206541774 -31.666666666666664
    endloop
  endfacet
  facet normal -0.5664062369247921 0.8241261886220438 0
    outer loop
      vertex 15.547854641576617 371.7743206541774 -31.666666666666664
      vertex 15.547854641576617 371.7743206541774 33.333333333333336
      vertex 15.688079847728314 371.87069476828145 -31.666666666666664
    endloop
  endfacet
  facet normal -0.608761429008836 0.7933533402911466 0
    outer loop
      vertex 15.688079847728314 371.87069476828145 -31.666666666666664
      vertex 15.688079847728314 371.87069476828145 33.333333333333336
      vertex 15.82306904868975 371.9742756252649 -31.666666666666664
    endloop
  endfacet
  facet normal -0.6494480483301519 0.7604059656000581 0
    outer loop
      vertex 15.82306904868975 371.9742756252649 -31.666666666666664
      vertex 15.82306904868975 371.9742756252649 33.333333333333336
      vertex 15.952452248444068 372.0847793171985 -31.666666666666664
    endloop
  endfacet
  facet normal -0.6883545756937864 0.7253743710122569 0
    outer loop
      vertex 15.952452248444068 372.0847793171985 -31.666666666666664
      vertex 15.952452248444068 372.0847793171985 33.333333333333336
      vertex 16.07587481663406 372.2019029611438 -31.666666666666664
    endloop
  endfacet
  facet normal -0.7253743710122981 0.688354575693743 0
    outer loop
      vertex 16.07587481663406 372.2019029611438 -31.666666666666664
      vertex 16.07587481663406 372.2019029611438 33.333333333333336
      vertex 16.19299846057931 372.3253255293338 -31.666666666666664
    endloop
  endfacet
  facet normal -0.760405965599923 0.64944804833031 0
    outer loop
      vertex 16.19299846057931 372.3253255293338 -31.666666666666664
      vertex 16.19299846057931 372.3253255293338 33.333333333333336
      vertex 16.303502152512934 372.45470872908805 -31.666666666666664
    endloop
  endfacet
  facet normal -0.7933533402912838 0.6087614290086573 0
    outer loop
      vertex 16.303502152512934 372.45470872908805 -31.666666666666664
      vertex 16.303502152512934 372.45470872908805 33.333333333333336
      vertex 16.407083009496358 372.5896979300495 -31.666666666666664
    endloop
  endfacet
  facet normal -0.8241261886219877 0.5664062369248736 0
    outer loop
      vertex 16.407083009496358 372.5896979300495 -31.666666666666664
      vertex 16.407083009496358 372.5896979300495 33.333333333333336
      vertex 16.503457123600406 372.7299231362012 -31.666666666666664
    endloop
  endfacet
  facet normal -0.8526401643541324 0.5224985647158834 0
    outer loop
      vertex 16.503457123600406 372.7299231362012 -31.666666666666664
      vertex 16.503457123600406 372.7299231362012 33.333333333333336
      vertex 16.592360340077203 372.87500000000006 -31.666666666666664
    endloop
  endfacet
  facet normal -0.8788171126619156 0.47715876025970005 0
    outer loop
      vertex 16.592360340077203 372.87500000000006 -31.666666666666664
      vertex 16.592360340077203 372.87500000000006 33.333333333333336
      vertex 16.673548981389974 373.0245308758465 -31.666666666666664
    endloop
  endfacet
  facet normal -0.9025852843498869 0.4305110968082397 0
    outer loop
      vertex 16.673548981389974 373.0245308758465 -31.666666666666664
      vertex 16.673548981389974 373.0245308758465 33.333333333333336
      vertex 16.74680051511623 373.1781059100037 -31.666666666666664
    endloop
  endfacet
  facet normal -0.9238795325112815 0.3826834323651024 0
    outer loop
      vertex 16.74680051511623 373.1781059100037 -31.666666666666664
      vertex 16.74680051511623 373.1781059100037 33.333333333333336
      vertex 16.811914163893682 373.3353041639778 -31.666666666666664
    endloop
  endfacet
  facet normal -0.026176948307852308 -0.9996573249755578 0
    outer loop
      vertex 13.777777777777779 377.75000000000006 -31.666666666666664
      vertex 13.947869635567343 377.7455459879524 -31.666666666666664
      vertex 13.947869635567343 377.7455459879524 33.333333333333336
    endloop
  endfacet
  facet normal -0.07845909572807577 -0.9969173337331098 0
    outer loop
      vertex 13.947869635567343 377.7455459879524 -31.666666666666664
      vertex 14.117495283397652 377.7321961599469 -31.666666666666664
      vertex 14.117495283397652 377.7321961599469 33.333333333333336
    endloop
  endfacet
  facet normal -0.1305261922198709 -0.9914448613738343 0
    outer loop
      vertex 14.117495283397652 377.7321961599469 -31.666666666666664
      vertex 14.286189789158527 377.70998710693425 -31.666666666666664
      vertex 14.286189789158527 377.70998710693425 33.333333333333336
    endloop
  endfacet
  facet normal -0.18223552549205876 -0.9832549075639709 0
    outer loop
      vertex 14.286189789158527 377.70998710693425 -31.666666666666664
      vertex 14.453490772935496 377.67897970238494 -31.666666666666664
      vertex 14.453490772935496 377.67897970238494 33.333333333333336
    endloop
  endfacet
  facet normal -0.2334453638561261 -0.9723699203976236 0
    outer loop
      vertex 14.453490772935496 377.67897970238494 -31.666666666666664
      vertex 14.61893967436097 377.6392589354395 -31.666666666666664
      vertex 14.61893967436097 377.6392589354395 33.333333333333336
    endloop
  endfacet
  facet normal -0.2840153447038024 -0.9588197348682287 0
    outer loop
      vertex 14.61893967436097 377.6392589354395 -31.666666666666664
      vertex 14.782083009496358 377.5909336779593 -31.666666666666664
      vertex 14.782083009496358 377.5909336779593 33.333333333333336
    endloop
  endfacet
  facet normal -0.3338068592337446 -0.9426414910921876 0
    outer loop
      vertex 14.782083009496358 377.5909336779593 -31.666666666666664
      vertex 14.942473613800004 377.53413638611596 -31.666666666666664
      vertex 14.942473613800004 377.53413638611596 33.333333333333336
    endloop
  endfacet
  facet normal -0.3826834323651767 -0.9238795325112508 0
    outer loop
      vertex 14.942473613800004 377.53413638611596 -31.666666666666664
      vertex 15.099671867774127 377.4690227373385 -31.666666666666664
      vertex 15.099671867774127 377.4690227373385 33.333333333333336
    endloop
  endfacet
  facet normal -0.4305110968082544 -0.9025852843498801 0
    outer loop
      vertex 15.099671867774127 377.4690227373385 -31.666666666666664
      vertex 15.253246901931306 377.39577120361224 -31.666666666666664
      vertex 15.253246901931306 377.39577120361224 33.333333333333336
    endloop
  endfacet
  facet normal -0.47715876025970927 -0.8788171126619106 0
    outer loop
      vertex 15.253246901931306 377.39577120361224 -31.666666666666664
      vertex 15.402777777777779 377.31458256229945 -31.666666666666664
      vertex 15.402777777777779 377.31458256229945 33.333333333333336
    endloop
  endfacet
  facet normal -0.5224985647159941 -0.8526401643540645 0
    outer loop
      vertex 15.402777777777779 377.31458256229945 -31.666666666666664
      vertex 15.547854641576617 377.22567934582264 -31.666666666666664
      vertex 15.547854641576617 377.22567934582264 33.333333333333336
    endloop
  endfacet
  facet normal -0.5664062369247921 -0.8241261886220438 0
    outer loop
      vertex 15.547854641576617 377.22567934582264 -31.666666666666664
      vertex 15.688079847728314 377.1293052317186 -31.666666666666664
      vertex 15.688079847728314 377.1293052317186 33.333333333333336
    endloop
  endfacet
  facet normal -0.6087614290086258 -0.793353340291308 0
    outer loop
      vertex 15.688079847728314 377.1293052317186 -31.666666666666664
      vertex 15.82306904868975 377.0257243747352 -31.666666666666664
      vertex 15.82306904868975 377.0257243747352 33.333333333333336
    endloop
  endfacet
  facet normal -0.6494480483301519 -0.7604059656000581 0
    outer loop
      vertex 15.82306904868975 377.0257243747352 -31.666666666666664
      vertex 15.952452248444068 376.9152206828016 -31.666666666666664
      vertex 15.952452248444068 376.9152206828016 33.333333333333336
    endloop
  endfacet
  facet normal -0.6883545756937864 -0.7253743710122569 0
    outer loop
      vertex 15.952452248444068 376.9152206828016 -31.666666666666664
      vertex 16.07587481663406 376.7980970388563 -31.666666666666664
      vertex 16.07587481663406 376.7980970388563 33.333333333333336
    endloop
  endfacet
  facet normal -0.7253743710122981 -0.688354575693743 0
    outer loop
      vertex 16.07587481663406 376.7980970388563 -31.666666666666664
      vertex 16.19299846057931 376.67467447066633 -31.666666666666664
      vertex 16.19299846057931 376.67467447066633 33.333333333333336
    endloop
  endfacet
  facet normal -0.7604059656000639 -0.649448048330145 0
    outer loop
      vertex 16.19299846057931 376.67467447066633 -31.666666666666664
      vertex 16.303502152512934 376.545291270912 -31.666666666666664
      vertex 16.303502152512934 376.545291270912 33.333333333333336
    endloop
  endfacet
  facet normal -0.79335334029116 -0.6087614290088186 0
    outer loop
      vertex 16.303502152512934 376.545291270912 -31.666666666666664
      vertex 16.407083009496358 376.4103020699506 -31.666666666666664
      vertex 16.407083009496358 376.4103020699506 33.333333333333336
    endloop
  endfacet
  facet normal -0.8241261886220949 -0.5664062369247176 0
    outer loop
      vertex 16.407083009496358 376.4103020699506 -31.666666666666664
      vertex 16.503457123600406 376.27007686379886 -31.666666666666664
      vertex 16.503457123600406 376.27007686379886 33.333333333333336
    endloop
  endfacet
  facet normal -0.8526401643540411 -0.5224985647160323 0
    outer loop
      vertex 16.503457123600406 376.27007686379886 -31.666666666666664
      vertex 16.592360340077203 376.12500000000006 -31.666666666666664
      vertex 16.592360340077203 376.12500000000006 33.333333333333336
    endloop
  endfacet
  facet normal -0.8788171126619917 -0.47715876025956 0
    outer loop
      vertex 16.592360340077203 376.12500000000006 -31.666666666666664
      vertex 16.673548981389974 375.97546912415356 -31.666666666666664
      vertex 16.673548981389974 375.97546912415356 33.333333333333336
    endloop
  endfacet
  facet normal -0.9025852843498252 -0.4305110968083696 0
    outer loop
      vertex 16.673548981389974 375.97546912415356 -31.666666666666664
      vertex 16.74680051511623 375.8218940899964 -31.666666666666664
      vertex 16.74680051511623 375.8218940899964 33.333333333333336
    endloop
  endfacet
  facet normal -0.026176948307852308 0.9996573249755578 0
    outer loop
      vertex 13.777777777777779 393.4722222222223 -56.666666666666664
      vertex 13.777777777777779 393.4722222222223 33.333333333333336
      vertex 13.947869635567343 393.4766762342699 33.333333333333336
    endloop
  endfacet
  facet normal -0.07845909572774376 0.996917333733136 0
    outer loop
      vertex 13.947869635567343 393.4766762342699 -56.666666666666664
      vertex 13.947869635567343 393.4766762342699 33.333333333333336
      vertex 14.117495283397652 393.4900260622754 33.333333333333336
    endloop
  endfacet
  facet normal -0.1305261922198709 0.9914448613738341 0
    outer loop
      vertex 14.117495283397652 393.4900260622754 -56.666666666666664
      vertex 14.117495283397652 393.4900260622754 33.333333333333336
      vertex 14.286189789158527 393.51223511528804 33.333333333333336
    endloop
  endfacet
  facet normal -0.18223552549238176 0.9832549075639111 0
    outer loop
      vertex 14.286189789158527 393.51223511528804 -56.666666666666664
      vertex 14.286189789158527 393.51223511528804 33.333333333333336
      vertex 14.453490772935496 393.5432425198374 33.333333333333336
    endloop
  endfacet
  facet normal -0.23344536385581022 0.9723699203976994 0
    outer loop
      vertex 14.453490772935496 393.5432425198374 -56.666666666666664
      vertex 14.453490772935496 393.5432425198374 33.333333333333336
      vertex 14.61893967436097 393.5829632867828 33.333333333333336
    endloop
  endfacet
  facet normal -0.2840153447038024 0.9588197348682287 0
    outer loop
      vertex 14.61893967436097 393.5829632867828 -56.666666666666664
      vertex 14.61893967436097 393.5829632867828 33.333333333333336
      vertex 14.782083009496358 393.631288544263 33.333333333333336
    endloop
  endfacet
  facet normal -0.33380685923374465 0.9426414910921876 0
    outer loop
      vertex 14.782083009496358 393.631288544263 -56.666666666666664
      vertex 14.782083009496358 393.631288544263 33.333333333333336
      vertex 14.942473613800004 393.6880858361063 33.333333333333336
    endloop
  endfacet
  facet normal -0.3826834323651767 0.9238795325112508 0
    outer loop
      vertex 14.942473613800004 393.6880858361063 -56.666666666666664
      vertex 14.942473613800004 393.6880858361063 33.333333333333336
      vertex 15.099671867774127 393.7531994848838 33.333333333333336
    endloop
  endfacet
  facet normal -0.4305110968082544 0.9025852843498801 0
    outer loop
      vertex 15.099671867774127 393.7531994848838 -56.666666666666664
      vertex 15.099671867774127 393.7531994848838 33.333333333333336
      vertex 15.253246901931306 393.82645101861004 33.333333333333336
    endloop
  endfacet
  facet normal -0.47715876025970927 0.8788171126619106 0
    outer loop
      vertex 15.253246901931306 393.82645101861004 -56.666666666666664
      vertex 15.253246901931306 393.82645101861004 33.333333333333336
      vertex 15.402777777777779 393.90763965992284 33.333333333333336
    endloop
  endfacet
  facet normal -0.5224985647159941 0.8526401643540645 0
    outer loop
      vertex 15.402777777777779 393.90763965992284 -56.666666666666664
      vertex 15.402777777777779 393.90763965992284 33.333333333333336
      vertex 15.547854641576617 393.99654287639964 33.333333333333336
    endloop
  endfacet
  facet normal -0.5664062369247921 0.8241261886220437 0
    outer loop
      vertex 15.547854641576617 393.99654287639964 -56.666666666666664
      vertex 15.547854641576617 393.99654287639964 33.333333333333336
      vertex 15.688079847728314 394.0929169905037 33.333333333333336
    endloop
  endfacet
  facet normal -0.6087614290086258 0.793353340291308 0
    outer loop
      vertex 15.688079847728314 394.0929169905037 -56.666666666666664
      vertex 15.688079847728314 394.0929169905037 33.333333333333336
      vertex 15.82306904868975 394.1964978474871 33.333333333333336
    endloop
  endfacet
  facet normal -0.649448048330345 0.760405965599893 0
    outer loop
      vertex 15.82306904868975 394.1964978474871 -56.666666666666664
      vertex 15.82306904868975 394.1964978474871 33.333333333333336
      vertex 15.952452248444068 394.30700153942075 33.333333333333336
    endloop
  endfacet
  facet normal -0.6883545756936106 0.7253743710124237 0
    outer loop
      vertex 15.952452248444068 394.30700153942075 -56.666666666666664
      vertex 15.952452248444068 394.30700153942075 33.333333333333336
      vertex 16.07587481663406 394.42412518336596 33.333333333333336
    endloop
  endfacet
  facet normal -0.7253743710122981 0.688354575693743 0
    outer loop
      vertex 16.19299846057931 394.54754775155595 -56.666666666666664
      vertex 16.07587481663406 394.42412518336596 33.333333333333336
      vertex 16.19299846057931 394.54754775155595 33.333333333333336
    endloop
  endfacet
  facet normal -0.7604059656000639 0.649448048330145 0
    outer loop
      vertex 16.303502152512934 394.6769309513103 -56.666666666666664
      vertex 16.19299846057931 394.54754775155595 33.333333333333336
      vertex 16.303502152512934 394.6769309513103 33.333333333333336
    endloop
  endfacet
  facet normal -0.7933533402912837 0.6087614290086573 0
    outer loop
      vertex 16.407083009496358 394.81192015227174 -56.666666666666664
      vertex 16.303502152512934 394.6769309513103 33.333333333333336
      vertex 16.407083009496358 394.81192015227174 33.333333333333336
    endloop
  endfacet
  facet normal -0.6883545756937864 -0.725374371012257 0
    outer loop
      vertex 16.07587481663406 399.02031926107855 -56.666666666666664
      vertex 16.07587481663406 399.02031926107855 33.333333333333336
      vertex 15.952452248444068 399.1374429050238 33.333333333333336
    endloop
  endfacet
  facet normal -0.7253743710122981 -0.688354575693743 0
    outer loop
      vertex 16.07587481663406 399.02031926107855 -56.666666666666664
      vertex 16.19299846057931 398.89689669288856 33.333333333333336
      vertex 16.07587481663406 399.02031926107855 33.333333333333336
    endloop
  endfacet
  facet normal -0.7604059656000639 -0.649448048330145 0
    outer loop
      vertex 16.19299846057931 398.89689669288856 -56.666666666666664
      vertex 16.303502152512934 398.76751349313423 33.333333333333336
      vertex 16.19299846057931 398.89689669288856 33.333333333333336
    endloop
  endfacet
  facet normal -0.7933533402912837 -0.6087614290086573 0
    outer loop
      vertex 16.303502152512934 398.76751349313423 -56.666666666666664
      vertex 16.407083009496358 398.6325242921728 33.333333333333336
      vertex 16.303502152512934 398.76751349313423 33.333333333333336
    endloop
  endfacet
  facet normal -0.8241261886219876 0.5664062369248736 0
    outer loop
      vertex 16.503457123600406 394.9521453584234 -56.666666666666664
      vertex 16.407083009496358 394.81192015227174 33.333333333333336
      vertex 16.503457123600406 394.9521453584234 33.333333333333336
    endloop
  endfacet
  facet normal -0.8526401643541324 0.5224985647158834 0
    outer loop
      vertex 16.592360340077203 395.0972222222223 -56.666666666666664
      vertex 16.503457123600406 394.9521453584234 33.333333333333336
      vertex 16.592360340077203 395.0972222222223 33.333333333333336
    endloop
  endfacet
  facet normal -0.8788171126619155 0.47715876025970005 0
    outer loop
      vertex 16.673548981389974 395.2467530980687 -56.666666666666664
      vertex 16.592360340077203 395.0972222222223 33.333333333333336
      vertex 16.673548981389974 395.2467530980687 33.333333333333336
    endloop
  endfacet
  facet normal -0.902585284349887 0.43051109680823973 0
    outer loop
      vertex 16.74680051511623 395.4003281322259 -56.666666666666664
      vertex 16.673548981389974 395.2467530980687 33.333333333333336
      vertex 16.74680051511623 395.4003281322259 33.333333333333336
    endloop
  endfacet
  facet normal -0.8241261886219876 -0.5664062369248736 0
    outer loop
      vertex 16.407083009496358 398.6325242921728 -56.666666666666664
      vertex 16.503457123600406 398.4922990860211 33.333333333333336
      vertex 16.407083009496358 398.6325242921728 33.333333333333336
    endloop
  endfacet
  facet normal -0.8526401643540411 -0.5224985647160323 0
    outer loop
      vertex 16.503457123600406 398.4922990860211 -56.666666666666664
      vertex 16.592360340077203 398.3472222222223 33.333333333333336
      vertex 16.503457123600406 398.4922990860211 33.333333333333336
    endloop
  endfacet
  facet normal -0.8788171126619916 -0.47715876025955994 0
    outer loop
      vertex 16.592360340077203 398.3472222222223 -56.666666666666664
      vertex 16.673548981389974 398.1976913463758 33.333333333333336
      vertex 16.592360340077203 398.3472222222223 33.333333333333336
    endloop
  endfacet
  facet normal -0.902585284349887 -0.43051109680823973 0
    outer loop
      vertex 16.673548981389974 398.1976913463758 -56.666666666666664
      vertex 16.74680051511623 398.0441163122186 33.333333333333336
      vertex 16.673548981389974 398.1976913463758 33.333333333333336
    endloop
  endfacet
  facet normal -0.9238795325112816 -0.3826834323651024 0
    outer loop
      vertex 16.74680051511623 398.0441163122186 -56.666666666666664
      vertex 16.811914163893682 397.8869180582445 33.333333333333336
      vertex 16.74680051511623 398.0441163122186 33.333333333333336
    endloop
  endfacet
  facet normal -0.9426414910921722 0.3338068592337883 0
    outer loop
      vertex 16.811914163893682 373.3353041639778 -31.666666666666664
      vertex 16.811914163893682 373.3353041639778 33.333333333333336
      vertex 16.868711455737028 373.49569476828145 -31.666666666666664
    endloop
  endfacet
  facet normal -0.9588197348681878 0.28401534470394035 0
    outer loop
      vertex 16.868711455737028 373.49569476828145 -31.666666666666664
      vertex 16.868711455737028 373.49569476828145 33.333333333333336
      vertex 16.91703671321725 373.6588381034168 -31.666666666666664
    endloop
  endfacet
  facet normal -0.9723699203976904 0.2334453638558473 0
    outer loop
      vertex 16.91703671321725 373.6588381034168 -31.666666666666664
      vertex 16.91703671321725 373.6588381034168 33.333333333333336
      vertex 16.956757480162647 373.82428700484235 -31.666666666666664
    endloop
  endfacet
  facet normal -0.9588197348681878 -0.28401534470394035 0
    outer loop
      vertex 16.91703671321725 375.34116189658323 -31.666666666666664
      vertex 16.91703671321725 375.34116189658323 33.333333333333336
      vertex 16.868711455737028 375.5043052317186 -31.666666666666664
    endloop
  endfacet
  facet normal -0.9723699203976723 -0.23344536385592315 0
    outer loop
      vertex 16.91703671321725 375.34116189658323 -31.666666666666664
      vertex 16.956757480162647 375.17571299515777 -31.666666666666664
      vertex 16.956757480162647 375.17571299515777 33.333333333333336
    endloop
  endfacet
  facet normal -0.9832549075639533 0.1822355254921545 0
    outer loop
      vertex 16.956757480162647 373.82428700484235 -31.666666666666664
      vertex 16.956757480162647 373.82428700484235 33.333333333333336
      vertex 16.987764884711975 373.9915879886193 -31.666666666666664
    endloop
  endfacet
  facet normal -0.9914448613738092 0.13052619222006104 0
    outer loop
      vertex 16.987764884711975 373.9915879886193 -31.666666666666664
      vertex 16.987764884711975 373.9915879886193 33.333333333333336
      vertex 17.009973937724666 374.16028249438017 -31.666666666666664
    endloop
  endfacet
  facet normal -0.996917333733127 0.07845909572785731 0
    outer loop
      vertex 17.009973937724666 374.16028249438017 -31.666666666666664
      vertex 17.009973937724666 374.16028249438017 33.333333333333336
      vertex 17.023323765730144 374.32990814221046 -31.666666666666664
    endloop
  endfacet
  facet normal -0.9996573249755575 0.026176948307867712 0
    outer loop
      vertex 17.023323765730144 374.32990814221046 -31.666666666666664
      vertex 17.023323765730144 374.32990814221046 33.333333333333336
      vertex 17.02777777777778 374.50000000000006 -31.666666666666664
    endloop
  endfacet
  facet normal -0.9996573249755571 -0.026176948307876452 0
    outer loop
      vertex 17.02777777777778 374.50000000000006 -31.666666666666664
      vertex 17.02777777777778 374.50000000000006 33.333333333333336
      vertex 17.023323765730144 374.6700918577896 -31.666666666666664
    endloop
  endfacet
  facet normal -0.996917333733127 -0.07845909572785731 0
    outer loop
      vertex 17.023323765730144 374.6700918577896 -31.666666666666664
      vertex 17.023323765730144 374.6700918577896 33.333333333333336
      vertex 17.009973937724666 374.8397175056199 -31.666666666666664
    endloop
  endfacet
  facet normal -0.9832549075639533 -0.1822355254921545 0
    outer loop
      vertex 16.956757480162647 375.17571299515777 -31.666666666666664
      vertex 16.987764884711975 375.0084120113808 -31.666666666666664
      vertex 16.987764884711975 375.0084120113808 33.333333333333336
    endloop
  endfacet
  facet normal -0.9914448613738149 -0.1305261922200178 0
    outer loop
      vertex 16.987764884711975 375.0084120113808 -31.666666666666664
      vertex 17.009973937724666 374.8397175056199 -31.666666666666664
      vertex 17.009973937724666 374.8397175056199 33.333333333333336
    endloop
  endfacet
  facet normal -0.9238795325113306 -0.3826834323649843 0
    outer loop
      vertex 16.74680051511623 375.8218940899964 -31.666666666666664
      vertex 16.811914163893682 375.66469583602225 -31.666666666666664
      vertex 16.811914163893682 375.66469583602225 33.333333333333336
    endloop
  endfacet
  facet normal -0.9426414910921722 -0.3338068592337883 0
    outer loop
      vertex 16.811914163893682 375.66469583602225 -31.666666666666664
      vertex 16.868711455737028 375.5043052317186 -31.666666666666664
      vertex 16.868711455737028 375.5043052317186 33.333333333333336
    endloop
  endfacet
  facet normal -0.9238795325112816 0.3826834323651024 0
    outer loop
      vertex 16.811914163893682 395.55752638620004 -56.666666666666664
      vertex 16.74680051511623 395.4003281322259 33.333333333333336
      vertex 16.811914163893682 395.55752638620004 33.333333333333336
    endloop
  endfacet
  facet normal -0.9426414910921723 0.33380685923378833 0
    outer loop
      vertex 16.868711455737028 395.7179169905037 -56.666666666666664
      vertex 16.811914163893682 395.55752638620004 33.333333333333336
      vertex 16.868711455737028 395.7179169905037 33.333333333333336
    endloop
  endfacet
  facet normal -0.9588197348681878 0.28401534470394035 0
    outer loop
      vertex 16.91703671321725 395.88106032563906 -56.666666666666664
      vertex 16.868711455737028 395.7179169905037 33.333333333333336
      vertex 16.91703671321725 395.88106032563906 33.333333333333336
    endloop
  endfacet
  facet normal -0.9723699203976723 0.23344536385592315 0
    outer loop
      vertex 16.956757480162647 396.0465092270645 -56.666666666666664
      vertex 16.91703671321725 395.88106032563906 33.333333333333336
      vertex 16.956757480162647 396.0465092270645 33.333333333333336
    endloop
  endfacet
  facet normal -0.9832549075639644 0.18223552549209462 0
    outer loop
      vertex 16.987764884711975 396.21381021084153 -56.666666666666664
      vertex 16.956757480162647 396.0465092270645 33.333333333333336
      vertex 16.987764884711975 396.21381021084153 33.333333333333336
    endloop
  endfacet
  facet normal -0.9723699203976723 -0.23344536385592315 0
    outer loop
      vertex 16.91703671321725 397.56338411880546 -56.666666666666664
      vertex 16.956757480162647 397.39793521738 33.333333333333336
      vertex 16.91703671321725 397.56338411880546 33.333333333333336
    endloop
  endfacet
  facet normal -0.9426414910921723 -0.33380685923378833 0
    outer loop
      vertex 16.811914163893682 397.8869180582445 -56.666666666666664
      vertex 16.868711455737028 397.72652745394083 33.333333333333336
      vertex 16.811914163893682 397.8869180582445 33.333333333333336
    endloop
  endfacet
  facet normal -0.9588197348681878 -0.28401534470394035 0
    outer loop
      vertex 16.868711455737028 397.72652745394083 -56.666666666666664
      vertex 16.91703671321725 397.56338411880546 33.333333333333336
      vertex 16.868711455737028 397.72652745394083 33.333333333333336
    endloop
  endfacet
  facet normal -0.9914448613738092 0.13052619222006104 0
    outer loop
      vertex 17.009973937724666 396.3825047166024 -56.666666666666664
      vertex 16.987764884711975 396.21381021084153 33.333333333333336
      vertex 17.009973937724666 396.3825047166024 33.333333333333336
    endloop
  endfacet
  facet normal -0.996917333733127 0.07845909572785731 0
    outer loop
      vertex 17.023323765730144 396.5521303644327 -56.666666666666664
      vertex 17.009973937724666 396.3825047166024 33.333333333333336
      vertex 17.023323765730144 396.5521303644327 33.333333333333336
    endloop
  endfacet
  facet normal -0.9996573249755574 0.02617694830786771 0
    outer loop
      vertex 17.02777777777778 396.7222222222223 -56.666666666666664
      vertex 17.023323765730144 396.5521303644327 33.333333333333336
      vertex 17.02777777777778 396.7222222222223 33.333333333333336
    endloop
  endfacet
  facet normal -0.9996573249755571 -0.026176948307876452 0
    outer loop
      vertex 17.023323765730144 396.89231408001183 -56.666666666666664
      vertex 17.02777777777778 396.7222222222223 33.333333333333336
      vertex 17.023323765730144 396.89231408001183 33.333333333333336
    endloop
  endfacet
  facet normal -0.9914448613738092 -0.13052619222006104 0
    outer loop
      vertex 16.987764884711975 397.230634233603 -56.666666666666664
      vertex 17.009973937724666 397.0619397278421 33.333333333333336
      vertex 16.987764884711975 397.230634233603 33.333333333333336
    endloop
  endfacet
  facet normal -0.9832549075639644 -0.18223552549209462 0
    outer loop
      vertex 16.956757480162647 397.39793521738 -56.666666666666664
      vertex 16.987764884711975 397.230634233603 33.333333333333336
      vertex 16.956757480162647 397.39793521738 33.333333333333336
    endloop
  endfacet
  facet normal -0.996917333733127 -0.07845909572785731 0
    outer loop
      vertex 17.009973937724666 397.0619397278421 -56.666666666666664
      vertex 17.023323765730144 396.89231408001183 33.333333333333336
      vertex 17.009973937724666 397.0619397278421 33.333333333333336
    endloop
  endfacet
  facet normal -0.026176948307852308 0.9996573249755578 0
    outer loop
      vertex 13.947869635567343 371.2544540120477 -31.666666666666664
      vertex 13.777777777777779 371.25000000000006 33.333333333333336
      vertex 13.947869635567343 371.2544540120477 33.333333333333336
    endloop
  endfacet
  facet normal -0.07845909572774375 0.9969173337331358 0
    outer loop
      vertex 14.117495283397652 371.26780384005315 -31.666666666666664
      vertex 13.947869635567343 371.2544540120477 33.333333333333336
      vertex 14.117495283397652 371.26780384005315 33.333333333333336
    endloop
  endfacet
  facet normal -0.13052619222019932 0.9914448613737911 0
    outer loop
      vertex 14.286189789158527 371.29001289306586 -31.666666666666664
      vertex 14.117495283397652 371.26780384005315 33.333333333333336
      vertex 14.286189789158527 371.29001289306586 33.333333333333336
    endloop
  endfacet
  facet normal -0.18223552549205876 0.9832549075639709 0
    outer loop
      vertex 14.453490772935496 371.3210202976152 -31.666666666666664
      vertex 14.286189789158527 371.29001289306586 33.333333333333336
      vertex 14.453490772935496 371.3210202976152 33.333333333333336
    endloop
  endfacet
  facet normal -0.2334453638558102 0.9723699203976994 0
    outer loop
      vertex 14.61893967436097 371.36074106456056 -31.666666666666664
      vertex 14.453490772935496 371.3210202976152 33.333333333333336
      vertex 14.61893967436097 371.36074106456056 33.333333333333336
    endloop
  endfacet
  facet normal -0.28401534470410955 0.9588197348681377 0
    outer loop
      vertex 14.782083009496358 371.4090663220408 -31.666666666666664
      vertex 14.61893967436097 371.36074106456056 33.333333333333336
      vertex 14.782083009496358 371.4090663220408 33.333333333333336
    endloop
  endfacet
  facet normal -0.3338068592337446 0.9426414910921876 0
    outer loop
      vertex 14.942473613800004 371.46586361388415 -31.666666666666664
      vertex 14.782083009496358 371.4090663220408 33.333333333333336
      vertex 14.942473613800004 371.46586361388415 33.333333333333336
    endloop
  endfacet
  facet normal -0.38268343236489155 0.9238795325113689 0
    outer loop
      vertex 15.099671867774127 371.53097726266157 -31.666666666666664
      vertex 14.942473613800004 371.46586361388415 33.333333333333336
      vertex 15.099671867774127 371.53097726266157 33.333333333333336
    endloop
  endfacet
  facet normal -0.4305110968082544 0.9025852843498801 0
    outer loop
      vertex 15.253246901931306 371.6042287963878 -31.666666666666664
      vertex 15.099671867774127 371.53097726266157 33.333333333333336
      vertex 15.253246901931306 371.6042287963878 33.333333333333336
    endloop
  endfacet
  facet normal -0.47715876025970927 0.8788171126619106 0
    outer loop
      vertex 15.402777777777779 371.6854174377006 -31.666666666666664
      vertex 15.253246901931306 371.6042287963878 33.333333333333336
      vertex 15.402777777777779 371.6854174377006 33.333333333333336
    endloop
  endfacet
  facet normal -0.5224985647159941 0.8526401643540645 0
    outer loop
      vertex 15.547854641576617 371.7743206541774 -31.666666666666664
      vertex 15.402777777777779 371.6854174377006 33.333333333333336
      vertex 15.547854641576617 371.7743206541774 33.333333333333336
    endloop
  endfacet
  facet normal -0.5664062369247921 0.8241261886220438 0
    outer loop
      vertex 15.688079847728314 371.87069476828145 -31.666666666666664
      vertex 15.547854641576617 371.7743206541774 33.333333333333336
      vertex 15.688079847728314 371.87069476828145 33.333333333333336
    endloop
  endfacet
  facet normal -0.608761429008836 0.7933533402911466 0
    outer loop
      vertex 15.82306904868975 371.9742756252649 -31.666666666666664
      vertex 15.688079847728314 371.87069476828145 33.333333333333336
      vertex 15.82306904868975 371.9742756252649 33.333333333333336
    endloop
  endfacet
  facet normal -0.6494480483301519 0.7604059656000581 0
    outer loop
      vertex 15.952452248444068 372.0847793171985 -31.666666666666664
      vertex 15.82306904868975 371.9742756252649 33.333333333333336
      vertex 15.952452248444068 372.0847793171985 33.333333333333336
    endloop
  endfacet
  facet normal -0.6883545756937864 0.7253743710122569 0
    outer loop
      vertex 16.07587481663406 372.2019029611438 -31.666666666666664
      vertex 15.952452248444068 372.0847793171985 33.333333333333336
      vertex 16.07587481663406 372.2019029611438 33.333333333333336
    endloop
  endfacet
  facet normal -0.7253743710122981 0.688354575693743 0
    outer loop
      vertex 16.19299846057931 372.3253255293338 -31.666666666666664
      vertex 16.07587481663406 372.2019029611438 33.333333333333336
      vertex 16.19299846057931 372.3253255293338 33.333333333333336
    endloop
  endfacet
  facet normal -0.760405965599923 0.64944804833031 0
    outer loop
      vertex 16.303502152512934 372.45470872908805 -31.666666666666664
      vertex 16.19299846057931 372.3253255293338 33.333333333333336
      vertex 16.303502152512934 372.45470872908805 33.333333333333336
    endloop
  endfacet
  facet normal -0.7933533402912838 0.6087614290086573 0
    outer loop
      vertex 16.407083009496358 372.5896979300495 -31.666666666666664
      vertex 16.303502152512934 372.45470872908805 33.333333333333336
      vertex 16.407083009496358 372.5896979300495 33.333333333333336
    endloop
  endfacet
  facet normal -0.8241261886219877 0.5664062369248736 0
    outer loop
      vertex 16.503457123600406 372.7299231362012 -31.666666666666664
      vertex 16.407083009496358 372.5896979300495 33.333333333333336
      vertex 16.503457123600406 372.7299231362012 33.333333333333336
    endloop
  endfacet
  facet normal -0.8526401643541324 0.5224985647158834 0
    outer loop
      vertex 16.592360340077203 372.87500000000006 -31.666666666666664
      vertex 16.503457123600406 372.7299231362012 33.333333333333336
      vertex 16.592360340077203 372.87500000000006 33.333333333333336
    endloop
  endfacet
  facet normal -0.8788171126619156 0.47715876025970005 0
    outer loop
      vertex 16.673548981389974 373.0245308758465 -31.666666666666664
      vertex 16.592360340077203 372.87500000000006 33.333333333333336
      vertex 16.673548981389974 373.0245308758465 33.333333333333336
    endloop
  endfacet
  facet normal -0.9025852843498869 0.4305110968082397 0
    outer loop
      vertex 16.74680051511623 373.1781059100037 -31.666666666666664
      vertex 16.673548981389974 373.0245308758465 33.333333333333336
      vertex 16.74680051511623 373.1781059100037 33.333333333333336
    endloop
  endfacet
  facet normal 0 0 1
    outer loop
      vertex 5.232692805903041 352.1336063074132 33.333333333333336
      vertex 20.77777777777778 351.8888888888889 33.333333333333336
      vertex 21.0394575589925 351.89574121511606 33.333333333333336
    endloop
  endfacet
  facet normal 0 0 1
    outer loop
      vertex 5.232692805903041 352.1336063074132 33.333333333333336
      vertex 21.0394575589925 351.89574121511606 33.333333333333336
      vertex 21.300420094116046 351.9162794120476 33.333333333333336
    endloop
  endfacet
  facet normal 0 0 1
    outer loop
      vertex 5.232692805903041 352.1336063074132 33.333333333333336
      vertex 25.77777777777778 356.8888888888889 33.333333333333336
      vertex 15.099671867774127 371.53097726266157 33.333333333333336
    endloop
  endfacet
  facet normal 0 0 1
    outer loop
      vertex 5.232692805903041 352.1336063074132 33.333333333333336
      vertex 21.300420094116046 351.9162794120476 33.333333333333336
      vertex 21.55995010297893 351.9504471859132 33.333333333333336
    endloop
  endfacet
  facet normal 0 0 1
    outer loop
      vertex 5.232692805903041 352.1336063074132 33.333333333333336
      vertex 21.55995010297893 351.9504471859132 33.333333333333336
      vertex 21.817336231866577 351.9981508852199 33.333333333333336
    endloop
  endfacet
  facet normal 0 0 1
    outer loop
      vertex 5.232692805903041 352.1336063074132 33.333333333333336
      vertex 21.817336231866577 351.9981508852199 33.333333333333336
      vertex 22.07187300329038 352.05925975744356 33.333333333333336
    endloop
  endfacet
  facet normal 0 0 1
    outer loop
      vertex 5.232692805903041 352.1336063074132 33.333333333333336
      vertex 22.07187300329038 352.05925975744356 33.333333333333336
      vertex 22.322862749652515 352.1336063074132 33.333333333333336
    endloop
  endfacet
  facet normal 0 0 1
    outer loop
      vertex 5.232692805903041 352.1336063074132 33.333333333333336
      vertex 22.322862749652515 352.1336063074132 33.333333333333336
      vertex 22.569617525504277 352.2209867564029 33.333333333333336
    endloop
  endfacet
  facet normal -0.026176948307852308 -0.9996573249755578 0
    outer loop
      vertex 13.777777777777779 377.75000000000006 -31.666666666666664
      vertex 13.947869635567343 377.7455459879524 33.333333333333336
      vertex 13.777777777777779 377.75000000000006 33.333333333333336
    endloop
  endfacet
  facet normal -0.07845909572807577 -0.9969173337331098 0
    outer loop
      vertex 13.947869635567343 377.7455459879524 -31.666666666666664
      vertex 14.117495283397652 377.7321961599469 33.333333333333336
      vertex 13.947869635567343 377.7455459879524 33.333333333333336
    endloop
  endfacet
  facet normal -0.1305261922198709 -0.9914448613738343 0
    outer loop
      vertex 14.117495283397652 377.7321961599469 -31.666666666666664
      vertex 14.286189789158527 377.70998710693425 33.333333333333336
      vertex 14.117495283397652 377.7321961599469 33.333333333333336
    endloop
  endfacet
  facet normal -0.18223552549205876 -0.9832549075639709 0
    outer loop
      vertex 14.286189789158527 377.70998710693425 -31.666666666666664
      vertex 14.453490772935496 377.67897970238494 33.333333333333336
      vertex 14.286189789158527 377.70998710693425 33.333333333333336
    endloop
  endfacet
  facet normal -0.2334453638561261 -0.9723699203976236 0
    outer loop
      vertex 14.453490772935496 377.67897970238494 -31.666666666666664
      vertex 14.61893967436097 377.6392589354395 33.333333333333336
      vertex 14.453490772935496 377.67897970238494 33.333333333333336
    endloop
  endfacet
  facet normal -0.2840153447038024 -0.9588197348682287 0
    outer loop
      vertex 14.61893967436097 377.6392589354395 -31.666666666666664
      vertex 14.782083009496358 377.5909336779593 33.333333333333336
      vertex 14.61893967436097 377.6392589354395 33.333333333333336
    endloop
  endfacet
  facet normal -0.3338068592337446 -0.9426414910921876 0
    outer loop
      vertex 14.782083009496358 377.5909336779593 -31.666666666666664
      vertex 14.942473613800004 377.53413638611596 33.333333333333336
      vertex 14.782083009496358 377.5909336779593 33.333333333333336
    endloop
  endfacet
  facet normal -0.3826834323651767 -0.9238795325112508 0
    outer loop
      vertex 14.942473613800004 377.53413638611596 -31.666666666666664
      vertex 15.099671867774127 377.4690227373385 33.333333333333336
      vertex 14.942473613800004 377.53413638611596 33.333333333333336
    endloop
  endfacet
  facet normal -0.4305110968082544 -0.9025852843498801 0
    outer loop
      vertex 15.099671867774127 377.4690227373385 -31.666666666666664
      vertex 15.253246901931306 377.39577120361224 33.333333333333336
      vertex 15.099671867774127 377.4690227373385 33.333333333333336
    endloop
  endfacet
  facet normal -0.47715876025970927 -0.8788171126619106 0
    outer loop
      vertex 15.253246901931306 377.39577120361224 -31.666666666666664
      vertex 15.402777777777779 377.31458256229945 33.333333333333336
      vertex 15.253246901931306 377.39577120361224 33.333333333333336
    endloop
  endfacet
  facet normal -0.5224985647159941 -0.8526401643540645 0
    outer loop
      vertex 15.402777777777779 377.31458256229945 -31.666666666666664
      vertex 15.547854641576617 377.22567934582264 33.333333333333336
      vertex 15.402777777777779 377.31458256229945 33.333333333333336
    endloop
  endfacet
  facet normal -0.5664062369247921 -0.8241261886220438 0
    outer loop
      vertex 15.547854641576617 377.22567934582264 -31.666666666666664
      vertex 15.688079847728314 377.1293052317186 33.333333333333336
      vertex 15.547854641576617 377.22567934582264 33.333333333333336
    endloop
  endfacet
  facet normal -0.6087614290086258 -0.793353340291308 0
    outer loop
      vertex 15.688079847728314 377.1293052317186 -31.666666666666664
      vertex 15.82306904868975 377.0257243747352 33.333333333333336
      vertex 15.688079847728314 377.1293052317186 33.333333333333336
    endloop
  endfacet
  facet normal -0.6883545756937864 -0.7253743710122569 0
    outer loop
      vertex 15.952452248444068 376.9152206828016 -31.666666666666664
      vertex 16.07587481663406 376.7980970388563 33.333333333333336
      vertex 15.952452248444068 376.9152206828016 33.333333333333336
    endloop
  endfacet
  facet normal -0.6494480483301519 -0.7604059656000581 0
    outer loop
      vertex 15.82306904868975 377.0257243747352 -31.666666666666664
      vertex 15.952452248444068 376.9152206828016 33.333333333333336
      vertex 15.82306904868975 377.0257243747352 33.333333333333336
    endloop
  endfacet
  facet normal -0.7253743710122981 -0.688354575693743 0
    outer loop
      vertex 16.07587481663406 376.7980970388563 -31.666666666666664
      vertex 16.19299846057931 376.67467447066633 33.333333333333336
      vertex 16.07587481663406 376.7980970388563 33.333333333333336
    endloop
  endfacet
  facet normal -0.7604059656000639 -0.649448048330145 0
    outer loop
      vertex 16.19299846057931 376.67467447066633 -31.666666666666664
      vertex 16.303502152512934 376.545291270912 33.333333333333336
      vertex 16.19299846057931 376.67467447066633 33.333333333333336
    endloop
  endfacet
  facet normal -0.79335334029116 -0.6087614290088186 0
    outer loop
      vertex 16.303502152512934 376.545291270912 -31.666666666666664
      vertex 16.407083009496358 376.4103020699506 33.333333333333336
      vertex 16.303502152512934 376.545291270912 33.333333333333336
    endloop
  endfacet
  facet normal -0.8241261886220949 -0.5664062369247176 0
    outer loop
      vertex 16.407083009496358 376.4103020699506 -31.666666666666664
      vertex 16.503457123600406 376.27007686379886 33.333333333333336
      vertex 16.407083009496358 376.4103020699506 33.333333333333336
    endloop
  endfacet
  facet normal -0.8526401643540411 -0.5224985647160323 0
    outer loop
      vertex 16.503457123600406 376.27007686379886 -31.666666666666664
      vertex 16.592360340077203 376.12500000000006 33.333333333333336
      vertex 16.503457123600406 376.27007686379886 33.333333333333336
    endloop
  endfacet
  facet normal -0.8788171126619917 -0.47715876025956 0
    outer loop
      vertex 16.592360340077203 376.12500000000006 -31.666666666666664
      vertex 16.673548981389974 375.97546912415356 33.333333333333336
      vertex 16.592360340077203 376.12500000000006 33.333333333333336
    endloop
  endfacet
  facet normal -0.9025852843498252 -0.4305110968083696 0
    outer loop
      vertex 16.673548981389974 375.97546912415356 -31.666666666666664
      vertex 16.74680051511623 375.8218940899964 33.333333333333336
      vertex 16.673548981389974 375.97546912415356 33.333333333333336
    endloop
  endfacet
  facet normal -0.9238795325113306 -0.3826834323649843 0
    outer loop
      vertex 16.74680051511623 375.8218940899964 -31.666666666666664
      vertex 16.811914163893682 375.66469583602225 33.333333333333336
      vertex 16.74680051511623 375.8218940899964 33.333333333333336
    endloop
  endfacet
  facet normal 0 0 1
    outer loop
      vertex 13.777777777777779 377.75000000000006 33.333333333333336
      vertex 13.947869635567343 377.7455459879524 33.333333333333336
      vertex 13.777777777777779 393.4722222222223 33.333333333333336
    endloop
  endfacet
  facet normal 0 0 1
    outer loop
      vertex 13.947869635567343 377.7455459879524 33.333333333333336
      vertex 14.117495283397652 377.7321961599469 33.333333333333336
      vertex 13.947869635567343 393.4766762342699 33.333333333333336
    endloop
  endfacet
  facet normal 0 0 1
    outer loop
      vertex 14.117495283397652 377.7321961599469 33.333333333333336
      vertex 14.286189789158527 377.70998710693425 33.333333333333336
      vertex 14.117495283397652 393.4900260622754 33.333333333333336
    endloop
  endfacet
  facet normal 0 0 1
    outer loop
      vertex 14.286189789158527 377.70998710693425 33.333333333333336
      vertex 14.453490772935496 377.67897970238494 33.333333333333336
      vertex 14.286189789158527 393.51223511528804 33.333333333333336
    endloop
  endfacet
  facet normal 0 0 1
    outer loop
      vertex 14.453490772935496 377.67897970238494 33.333333333333336
      vertex 14.61893967436097 377.6392589354395 33.333333333333336
      vertex 14.453490772935496 393.5432425198374 33.333333333333336
    endloop
  endfacet
  facet normal 0 0 1
    outer loop
      vertex 14.61893967436097 377.6392589354395 33.333333333333336
      vertex 14.782083009496358 377.5909336779593 33.333333333333336
      vertex 14.61893967436097 393.5829632867828 33.333333333333336
    endloop
  endfacet
  facet normal 0 0 1
    outer loop
      vertex 14.782083009496358 377.5909336779593 33.333333333333336
      vertex 14.942473613800004 377.53413638611596 33.333333333333336
      vertex 14.782083009496358 393.631288544263 33.333333333333336
    endloop
  endfacet
  facet normal 0 0 1
    outer loop
      vertex 14.942473613800004 377.53413638611596 33.333333333333336
      vertex 15.099671867774127 377.4690227373385 33.333333333333336
      vertex 14.942473613800004 393.6880858361063 33.333333333333336
    endloop
  endfacet
  facet normal 0 0 1
    outer loop
      vertex 15.099671867774127 377.4690227373385 33.333333333333336
      vertex 15.253246901931306 377.39577120361224 33.333333333333336
      vertex 15.099671867774127 393.7531994848838 33.333333333333336
    endloop
  endfacet
  facet normal 0 0 1
    outer loop
      vertex 13.947869635567343 377.7455459879524 33.333333333333336
      vertex 13.947869635567343 393.4766762342699 33.333333333333336
      vertex 13.777777777777779 393.4722222222223 33.333333333333336
    endloop
  endfacet
  facet normal 0 0 1
    outer loop
      vertex 14.117495283397652 377.7321961599469 33.333333333333336
      vertex 14.117495283397652 393.4900260622754 33.333333333333336
      vertex 13.947869635567343 393.4766762342699 33.333333333333336
    endloop
  endfacet
  facet normal 0 0 1
    outer loop
      vertex 14.286189789158527 377.70998710693425 33.333333333333336
      vertex 14.286189789158527 393.51223511528804 33.333333333333336
      vertex 14.117495283397652 393.4900260622754 33.333333333333336
    endloop
  endfacet
  facet normal 0 0 1
    outer loop
      vertex 14.453490772935496 377.67897970238494 33.333333333333336
      vertex 14.453490772935496 393.5432425198374 33.333333333333336
      vertex 14.286189789158527 393.51223511528804 33.333333333333336
    endloop
  endfacet
  facet normal 0 0 1
    outer loop
      vertex 14.61893967436097 377.6392589354395 33.333333333333336
      vertex 14.61893967436097 393.5829632867828 33.333333333333336
      vertex 14.453490772935496 393.5432425198374 33.333333333333336
    endloop
  endfacet
  facet normal 0 0 1
    outer loop
      vertex 14.782083009496358 377.5909336779593 33.333333333333336
      vertex 14.782083009496358 393.631288544263 33.333333333333336
      vertex 14.61893967436097 393.5829632867828 33.333333333333336
    endloop
  endfacet
  facet normal 0 0 1
    outer loop
      vertex 14.942473613800004 377.53413638611596 33.333333333333336
      vertex 14.942473613800004 393.6880858361063 33.333333333333336
      vertex 14.782083009496358 393.631288544263 33.333333333333336
    endloop
  endfacet
  facet normal 0 0 1
    outer loop
      vertex 15.099671867774127 377.4690227373385 33.333333333333336
      vertex 15.099671867774127 393.7531994848838 33.333333333333336
      vertex 14.942473613800004 393.6880858361063 33.333333333333336
    endloop
  endfacet
  facet normal 0 0 1
    outer loop
      vertex 15.253246901931306 377.39577120361224 33.333333333333336
      vertex 15.253246901931306 393.82645101861004 33.333333333333336
      vertex 15.099671867774127 393.7531994848838 33.333333333333336
    endloop
  endfacet
  facet normal 0 0 1
    outer loop
      vertex 15.253246901931306 377.39577120361224 33.333333333333336
      vertex 15.402777777777779 377.31458256229945 33.333333333333336
      vertex 15.253246901931306 393.82645101861004 33.333333333333336
    endloop
  endfacet
  facet normal 0 0 1
    outer loop
      vertex 15.402777777777779 377.31458256229945 33.333333333333336
      vertex 15.547854641576617 377.22567934582264 33.333333333333336
      vertex 15.402777777777779 393.90763965992284 33.333333333333336
    endloop
  endfacet
  facet normal 0 0 1
    outer loop
      vertex 15.547854641576617 377.22567934582264 33.333333333333336
      vertex 15.688079847728314 377.1293052317186 33.333333333333336
      vertex 15.547854641576617 393.99654287639964 33.333333333333336
    endloop
  endfacet
  facet normal 0 0 1
    outer loop
      vertex 15.688079847728314 377.1293052317186 33.333333333333336
      vertex 15.82306904868975 377.0257243747352 33.333333333333336
      vertex 15.688079847728314 394.0929169905037 33.333333333333336
    endloop
  endfacet
  facet normal 0 0 1
    outer loop
      vertex 15.82306904868975 377.0257243747352 33.333333333333336
      vertex 15.952452248444068 376.9152206828016 33.333333333333336
      vertex 15.82306904868975 394.1964978474871 33.333333333333336
    endloop
  endfacet
  facet normal 0 0 1
    outer loop
      vertex 15.952452248444068 376.9152206828016 33.333333333333336
      vertex 16.07587481663406 376.7980970388563 33.333333333333336
      vertex 15.952452248444068 394.30700153942075 33.333333333333336
    endloop
  endfacet
  facet normal 0 0 1
    outer loop
      vertex 16.07587481663406 376.7980970388563 33.333333333333336
      vertex 16.19299846057931 376.67467447066633 33.333333333333336
      vertex 16.07587481663406 394.42412518336596 33.333333333333336
    endloop
  endfacet
  facet normal 0 0 1
    outer loop
      vertex 16.19299846057931 376.67467447066633 33.333333333333336
      vertex 16.303502152512934 376.545291270912 33.333333333333336
      vertex 16.19299846057931 394.54754775155595 33.333333333333336
    endloop
  endfacet
  facet normal 0 0 1
    outer loop
      vertex 16.303502152512934 376.545291270912 33.333333333333336
      vertex 16.407083009496358 376.4103020699506 33.333333333333336
      vertex 16.303502152512934 394.6769309513103 33.333333333333336
    endloop
  endfacet
  facet normal 0 0 1
    outer loop
      vertex 16.407083009496358 376.4103020699506 33.333333333333336
      vertex 16.503457123600406 376.27007686379886 33.333333333333336
      vertex 16.407083009496358 394.81192015227174 33.333333333333336
    endloop
  endfacet
  facet normal 0 0 1
    outer loop
      vertex 16.503457123600406 376.27007686379886 33.333333333333336
      vertex 16.592360340077203 376.12500000000006 33.333333333333336
      vertex 16.503457123600406 394.9521453584234 33.333333333333336
    endloop
  endfacet
  facet normal 0 0 1
    outer loop
      vertex 16.592360340077203 376.12500000000006 33.333333333333336
      vertex 16.673548981389974 375.97546912415356 33.333333333333336
      vertex 16.592360340077203 395.0972222222223 33.333333333333336
    endloop
  endfacet
  facet normal 0 0 1
    outer loop
      vertex 16.673548981389974 375.97546912415356 33.333333333333336
      vertex 16.74680051511623 375.8218940899964 33.333333333333336
      vertex 16.673548981389974 395.2467530980687 33.333333333333336
    endloop
  endfacet
  facet normal 0 0 1
    outer loop
      vertex 16.74680051511623 375.8218940899964 33.333333333333336
      vertex 16.811914163893682 375.66469583602225 33.333333333333336
      vertex 16.74680051511623 395.4003281322259 33.333333333333336
    endloop
  endfacet
  facet normal 0 0 1
    outer loop
      vertex 15.253246901931306 393.82645101861004 33.333333333333336
      vertex 15.402777777777779 377.31458256229945 33.333333333333336
      vertex 15.402777777777779 393.90763965992284 33.333333333333336
    endloop
  endfacet
  facet normal 0 0 1
    outer loop
      vertex 15.547854641576617 377.22567934582264 33.333333333333336
      vertex 15.547854641576617 393.99654287639964 33.333333333333336
      vertex 15.402777777777779 393.90763965992284 33.333333333333336
    endloop
  endfacet
  facet normal 0 0 1
    outer loop
      vertex 15.688079847728314 377.1293052317186 33.333333333333336
      vertex 15.688079847728314 394.0929169905037 33.333333333333336
      vertex 15.547854641576617 393.99654287639964 33.333333333333336
    endloop
  endfacet
  facet normal 0 0 1
    outer loop
      vertex 15.82306904868975 377.0257243747352 33.333333333333336
      vertex 15.82306904868975 394.1964978474871 33.333333333333336
      vertex 15.688079847728314 394.0929169905037 33.333333333333336
    endloop
  endfacet
  facet normal 0 0 1
    outer loop
      vertex 15.952452248444068 376.9152206828016 33.333333333333336
      vertex 15.952452248444068 394.30700153942075 33.333333333333336
      vertex 15.82306904868975 394.1964978474871 33.333333333333336
    endloop
  endfacet
  facet normal 0 0 1
    outer loop
      vertex 16.07587481663406 376.7980970388563 33.333333333333336
      vertex 16.07587481663406 394.42412518336596 33.333333333333336
      vertex 15.952452248444068 394.30700153942075 33.333333333333336
    endloop
  endfacet
  facet normal 0 0 1
    outer loop
      vertex 16.19299846057931 376.67467447066633 33.333333333333336
      vertex 16.19299846057931 394.54754775155595 33.333333333333336
      vertex 16.07587481663406 394.42412518336596 33.333333333333336
    endloop
  endfacet
  facet normal 0 0 1
    outer loop
      vertex 16.303502152512934 376.545291270912 33.333333333333336
      vertex 16.303502152512934 394.6769309513103 33.333333333333336
      vertex 16.19299846057931 394.54754775155595 33.333333333333336
    endloop
  endfacet
  facet normal 0 0 1
    outer loop
      vertex 16.407083009496358 376.4103020699506 33.333333333333336
      vertex 16.407083009496358 394.81192015227174 33.333333333333336
      vertex 16.303502152512934 394.6769309513103 33.333333333333336
    endloop
  endfacet
  facet normal 0 0 1
    outer loop
      vertex 16.503457123600406 376.27007686379886 33.333333333333336
      vertex 16.503457123600406 394.9521453584234 33.333333333333336
      vertex 16.407083009496358 394.81192015227174 33.333333333333336
    endloop
  endfacet
  facet normal 0 0 1
    outer loop
      vertex 16.592360340077203 376.12500000000006 33.333333333333336
      vertex 16.592360340077203 395.0972222222223 33.333333333333336
      vertex 16.503457123600406 394.9521453584234 33.333333333333336
    endloop
  endfacet
  facet normal 0 0 1
    outer loop
      vertex 16.673548981389974 375.97546912415356 33.333333333333336
      vertex 16.673548981389974 395.2467530980687 33.333333333333336
      vertex 16.592360340077203 395.0972222222223 33.333333333333336
    endloop
  endfacet
  facet normal 0 0 1
    outer loop
      vertex 16.74680051511623 375.8218940899964 33.333333333333336
      vertex 16.74680051511623 395.4003281322259 33.333333333333336
      vertex 16.673548981389974 395.2467530980687 33.333333333333336
    endloop
  endfacet
  facet normal -0.9238795325112815 0.3826834323651024 0
    outer loop
      vertex 16.811914163893682 373.3353041639778 -31.666666666666664
      vertex 16.74680051511623 373.1781059100037 33.333333333333336
      vertex 16.811914163893682 373.3353041639778 33.333333333333336
    endloop
  endfacet
  facet normal -0.9426414910921722 0.3338068592337883 0
    outer loop
      vertex 16.868711455737028 373.49569476828145 -31.666666666666664
      vertex 16.811914163893682 373.3353041639778 33.333333333333336
      vertex 16.868711455737028 373.49569476828145 33.333333333333336
    endloop
  endfacet
  facet normal -0.9588197348681878 0.28401534470394035 0
    outer loop
      vertex 16.91703671321725 373.6588381034168 -31.666666666666664
      vertex 16.868711455737028 373.49569476828145 33.333333333333336
      vertex 16.91703671321725 373.6588381034168 33.333333333333336
    endloop
  endfacet
  facet normal -0.9723699203976904 0.2334453638558473 0
    outer loop
      vertex 16.956757480162647 373.82428700484235 -31.666666666666664
      vertex 16.91703671321725 373.6588381034168 33.333333333333336
      vertex 16.956757480162647 373.82428700484235 33.333333333333336
    endloop
  endfacet
  facet normal -0.9588197348681878 -0.28401534470394035 0
    outer loop
      vertex 16.868711455737028 375.5043052317186 -31.666666666666664
      vertex 16.91703671321725 375.34116189658323 33.333333333333336
      vertex 16.868711455737028 375.5043052317186 33.333333333333336
    endloop
  endfacet
  facet normal -0.9723699203976723 -0.23344536385592315 0
    outer loop
      vertex 16.91703671321725 375.34116189658323 -31.666666666666664
      vertex 16.956757480162647 375.17571299515777 33.333333333333336
      vertex 16.91703671321725 375.34116189658323 33.333333333333336
    endloop
  endfacet
  facet normal -0.9832549075639533 0.1822355254921545 0
    outer loop
      vertex 16.987764884711975 373.9915879886193 -31.666666666666664
      vertex 16.956757480162647 373.82428700484235 33.333333333333336
      vertex 16.987764884711975 373.9915879886193 33.333333333333336
    endloop
  endfacet
  facet normal -0.9914448613738092 0.13052619222006104 0
    outer loop
      vertex 17.009973937724666 374.16028249438017 -31.666666666666664
      vertex 16.987764884711975 373.9915879886193 33.333333333333336
      vertex 17.009973937724666 374.16028249438017 33.333333333333336
    endloop
  endfacet
  facet normal -0.996917333733127 0.07845909572785731 0
    outer loop
      vertex 17.023323765730144 374.32990814221046 -31.666666666666664
      vertex 17.009973937724666 374.16028249438017 33.333333333333336
      vertex 17.023323765730144 374.32990814221046 33.333333333333336
    endloop
  endfacet
  facet normal -0.9996573249755575 0.026176948307867712 0
    outer loop
      vertex 17.02777777777778 374.50000000000006 -31.666666666666664
      vertex 17.023323765730144 374.32990814221046 33.333333333333336
      vertex 17.02777777777778 374.50000000000006 33.333333333333336
    endloop
  endfacet
  facet normal -0.9996573249755571 -0.026176948307876452 0
    outer loop
      vertex 17.023323765730144 374.6700918577896 -31.666666666666664
      vertex 17.02777777777778 374.50000000000006 33.333333333333336
      vertex 17.023323765730144 374.6700918577896 33.333333333333336
    endloop
  endfacet
  facet normal -0.9832549075639533 -0.1822355254921545 0
    outer loop
      vertex 16.956757480162647 375.17571299515777 -31.666666666666664
      vertex 16.987764884711975 375.0084120113808 33.333333333333336
      vertex 16.956757480162647 375.17571299515777 33.333333333333336
    endloop
  endfacet
  facet normal -0.9914448613738149 -0.1305261922200178 0
    outer loop
      vertex 16.987764884711975 375.0084120113808 -31.666666666666664
      vertex 17.009973937724666 374.8397175056199 33.333333333333336
      vertex 16.987764884711975 375.0084120113808 33.333333333333336
    endloop
  endfacet
  facet normal -0.996917333733127 -0.07845909572785731 0
    outer loop
      vertex 17.009973937724666 374.8397175056199 -31.666666666666664
      vertex 17.023323765730144 374.6700918577896 33.333333333333336
      vertex 17.009973937724666 374.8397175056199 33.333333333333336
    endloop
  endfacet
  facet normal 0 0 1
    outer loop
      vertex 5.232692805903041 352.1336063074132 33.333333333333336
      vertex 22.569617525504277 352.2209867564029 33.333333333333336
      vertex 22.81146099315678 352.3211616006759 33.333333333333336
    endloop
  endfacet
  facet normal 0 0 1
    outer loop
      vertex 5.232692805903041 352.1336063074132 33.333333333333336
      vertex 22.81146099315678 352.3211616006759 33.333333333333336
      vertex 23.047730276475512 352.4338562679471 33.333333333333336
    endloop
  endfacet
  facet normal 0 0 1
    outer loop
      vertex 5.232692805903041 352.1336063074132 33.333333333333336
      vertex 23.047730276475512 352.4338562679471 33.333333333333336
      vertex 23.27777777777778 352.5587618699667 33.333333333333336
    endloop
  endfacet
  facet normal 0 0 1
    outer loop
      vertex 5.232692805903041 352.1336063074132 33.333333333333336
      vertex 23.27777777777778 352.5587618699667 33.333333333333336
      vertex 23.500972952852912 352.6955360491618 33.333333333333336
    endloop
  endfacet
  facet normal 0 0 1
    outer loop
      vertex 5.232692805903041 352.1336063074132 33.333333333333336
      vertex 23.500972952852912 352.6955360491618 33.333333333333336
      vertex 23.716704039240145 352.84380391701416 33.333333333333336
    endloop
  endfacet
  facet normal 0 0 1
    outer loop
      vertex 5.232692805903041 352.1336063074132 33.333333333333336
      vertex 23.716704039240145 352.84380391701416 33.333333333333336
      vertex 23.924379733026967 353.00315908160405 33.333333333333336
    endloop
  endfacet
  facet normal 0 0 1
    outer loop
      vertex 5.232692805903041 352.1336063074132 33.333333333333336
      vertex 23.924379733026967 353.00315908160405 33.333333333333336
      vertex 24.12343080957207 353.17316476150194 33.333333333333336
    endloop
  endfacet
  facet normal 0 0 1
    outer loop
      vertex 5.232692805903041 352.1336063074132 33.333333333333336
      vertex 24.12343080957207 353.17316476150194 33.333333333333336
      vertex 24.313311683710516 353.3533549829562 33.333333333333336
    endloop
  endfacet
  facet normal 0 0 1
    outer loop
      vertex 5.232692805903041 352.1336063074132 33.333333333333336
      vertex 24.313311683710516 353.3533549829562 33.333333333333336
      vertex 24.49350190516475 353.54323585709466 33.333333333333336
    endloop
  endfacet
  facet normal 0 0 1
    outer loop
      vertex 5.232692805903041 352.1336063074132 33.333333333333336
      vertex 24.49350190516475 353.54323585709466 33.333333333333336
      vertex 24.663507585062632 353.7422869336398 33.333333333333336
    endloop
  endfacet
  facet normal 0 0 1
    outer loop
      vertex 5.232692805903041 352.1336063074132 33.333333333333336
      vertex 24.663507585062632 353.7422869336398 33.333333333333336
      vertex 24.822862749652515 353.94996262742654 33.333333333333336
    endloop
  endfacet
  facet normal 0 0 1
    outer loop
      vertex 5.232692805903041 352.1336063074132 33.333333333333336
      vertex 24.822862749652515 353.94996262742654 33.333333333333336
      vertex 24.971130617504897 354.16569371381377 33.333333333333336
    endloop
  endfacet
  facet normal 0 0 1
    outer loop
      vertex 5.232692805903041 352.1336063074132 33.333333333333336
      vertex 24.971130617504897 354.16569371381377 33.333333333333336
      vertex 25.10790479669997 354.3888888888889 33.333333333333336
    endloop
  endfacet
  facet normal 0 0 1
    outer loop
      vertex 5.232692805903041 352.1336063074132 33.333333333333336
      vertex 25.10790479669997 354.3888888888889 33.333333333333336
      vertex 25.232810398719618 354.6189363901912 33.333333333333336
    endloop
  endfacet
  facet normal 0 0 1
    outer loop
      vertex 5.232692805903041 352.1336063074132 33.333333333333336
      vertex 25.232810398719618 354.6189363901912 33.333333333333336
      vertex 25.345505065990782 354.85520567350994 33.333333333333336
    endloop
  endfacet
  facet normal 0 0 1
    outer loop
      vertex 5.232692805903041 352.1336063074132 33.333333333333336
      vertex 25.345505065990782 354.85520567350994 33.333333333333336
      vertex 25.445679910263788 355.0970491411624 33.333333333333336
    endloop
  endfacet
  facet normal 0 0 1
    outer loop
      vertex 5.232692805903041 352.1336063074132 33.333333333333336
      vertex 25.445679910263788 355.0970491411624 33.333333333333336
      vertex 25.533060359253547 355.34380391701416 33.333333333333336
    endloop
  endfacet
  facet normal 0 0 1
    outer loop
      vertex 5.232692805903041 352.1336063074132 33.333333333333336
      vertex 25.533060359253547 355.34380391701416 33.333333333333336
      vertex 25.60740690922312 355.5947936633763 33.333333333333336
    endloop
  endfacet
  facet normal 0 0 1
    outer loop
      vertex 5.232692805903041 352.1336063074132 33.333333333333336
      vertex 25.60740690922312 355.5947936633763 33.333333333333336
      vertex 25.668515781446807 355.84933043480015 33.333333333333336
    endloop
  endfacet
  facet normal 0 0 1
    outer loop
      vertex 5.232692805903041 352.1336063074132 33.333333333333336
      vertex 25.668515781446807 355.84933043480015 33.333333333333336
      vertex 25.716219480753466 356.10671656368777 33.333333333333336
    endloop
  endfacet
  facet normal 0 0 1
    outer loop
      vertex 5.232692805903041 352.1336063074132 33.333333333333336
      vertex 25.716219480753466 356.10671656368777 33.333333333333336
      vertex 25.750387254619145 356.36624657255066 33.333333333333336
    endloop
  endfacet
  facet normal 0 0 1
    outer loop
      vertex 5.232692805903041 352.1336063074132 33.333333333333336
      vertex 25.750387254619145 356.36624657255066 33.333333333333336
      vertex 25.770925451550646 356.6272091076742 33.333333333333336
    endloop
  endfacet
  facet normal 0 0 1
    outer loop
      vertex 5.232692805903041 352.1336063074132 33.333333333333336
      vertex 25.770925451550646 356.6272091076742 33.333333333333336
      vertex 25.77777777777778 356.8888888888889 33.333333333333336
    endloop
  endfacet
  facet normal 0 0 1
    outer loop
      vertex 15.099671867774127 371.53097726266157 33.333333333333336
      vertex 25.77777777777778 356.8888888888889 33.333333333333336
      vertex 15.253246901931306 371.6042287963878 33.333333333333336
    endloop
  endfacet
  facet normal 0 0 1
    outer loop
      vertex 15.253246901931306 371.6042287963878 33.333333333333336
      vertex 25.77777777777778 356.8888888888889 33.333333333333336
      vertex 15.402777777777779 371.6854174377006 33.333333333333336
    endloop
  endfacet
  facet normal 0 0 1
    outer loop
      vertex 15.402777777777779 371.6854174377006 33.333333333333336
      vertex 25.77777777777778 356.8888888888889 33.333333333333336
      vertex 15.547854641576617 371.7743206541774 33.333333333333336
    endloop
  endfacet
  facet normal 0 0 1
    outer loop
      vertex 15.547854641576617 371.7743206541774 33.333333333333336
      vertex 25.77777777777778 356.8888888888889 33.333333333333336
      vertex 15.688079847728314 371.87069476828145 33.333333333333336
    endloop
  endfacet
  facet normal 0 0 1
    outer loop
      vertex 15.688079847728314 371.87069476828145 33.333333333333336
      vertex 25.77777777777778 356.8888888888889 33.333333333333336
      vertex 15.82306904868975 371.9742756252649 33.333333333333336
    endloop
  endfacet
  facet normal 0 0 1
    outer loop
      vertex 15.82306904868975 371.9742756252649 33.333333333333336
      vertex 25.77777777777778 356.8888888888889 33.333333333333336
      vertex 15.952452248444068 372.0847793171985 33.333333333333336
    endloop
  endfacet
  facet normal 0 0 1
    outer loop
      vertex 15.952452248444068 372.0847793171985 33.333333333333336
      vertex 25.77777777777778 356.8888888888889 33.333333333333336
      vertex 16.07587481663406 372.2019029611438 33.333333333333336
    endloop
  endfacet
  facet normal 0 0 1
    outer loop
      vertex 16.07587481663406 372.2019029611438 33.333333333333336
      vertex 25.77777777777778 356.8888888888889 33.333333333333336
      vertex 16.19299846057931 372.3253255293338 33.333333333333336
    endloop
  endfacet
  facet normal 0 0 1
    outer loop
      vertex 16.19299846057931 372.3253255293338 33.333333333333336
      vertex 25.77777777777778 356.8888888888889 33.333333333333336
      vertex 16.303502152512934 372.45470872908805 33.333333333333336
    endloop
  endfacet
  facet normal 0 0 1
    outer loop
      vertex 16.303502152512934 372.45470872908805 33.333333333333336
      vertex 25.77777777777778 356.8888888888889 33.333333333333336
      vertex 16.407083009496358 372.5896979300495 33.333333333333336
    endloop
  endfacet
  facet normal 0 0 1
    outer loop
      vertex 16.407083009496358 372.5896979300495 33.333333333333336
      vertex 25.77777777777778 356.8888888888889 33.333333333333336
      vertex 16.503457123600406 372.7299231362012 33.333333333333336
    endloop
  endfacet
  facet normal 0 0 1
    outer loop
      vertex 16.503457123600406 372.7299231362012 33.333333333333336
      vertex 25.77777777777778 356.8888888888889 33.333333333333336
      vertex 16.592360340077203 372.87500000000006 33.333333333333336
    endloop
  endfacet
  facet normal 0 0 1
    outer loop
      vertex 16.592360340077203 372.87500000000006 33.333333333333336
      vertex 25.77777777777778 356.8888888888889 33.333333333333336
      vertex 16.673548981389974 373.0245308758465 33.333333333333336
    endloop
  endfacet
  facet normal 0 0 1
    outer loop
      vertex 16.673548981389974 373.0245308758465 33.333333333333336
      vertex 25.77777777777778 356.8888888888889 33.333333333333336
      vertex 16.74680051511623 373.1781059100037 33.333333333333336
    endloop
  endfacet
  facet normal -0.9426414910921722 -0.3338068592337883 0
    outer loop
      vertex 16.811914163893682 375.66469583602225 -31.666666666666664
      vertex 16.868711455737028 375.5043052317186 33.333333333333336
      vertex 16.811914163893682 375.66469583602225 33.333333333333336
    endloop
  endfacet
  facet normal 0 0 1
    outer loop
      vertex 16.811914163893682 375.66469583602225 33.333333333333336
      vertex 16.868711455737028 375.5043052317186 33.333333333333336
      vertex 16.811914163893682 395.55752638620004 33.333333333333336
    endloop
  endfacet
  facet normal 0 0 1
    outer loop
      vertex 16.91703671321725 375.34116189658323 33.333333333333336
      vertex 16.956757480162647 375.17571299515777 33.333333333333336
      vertex 16.91703671321725 395.88106032563906 33.333333333333336
    endloop
  endfacet
  facet normal 0 0 1
    outer loop
      vertex 16.91703671321725 375.34116189658323 33.333333333333336
      vertex 16.868711455737028 395.7179169905037 33.333333333333336
      vertex 16.868711455737028 375.5043052317186 33.333333333333336
    endloop
  endfacet
  facet normal 0 0 1
    outer loop
      vertex 16.956757480162647 375.17571299515777 33.333333333333336
      vertex 16.987764884711975 375.0084120113808 33.333333333333336
      vertex 16.956757480162647 396.0465092270645 33.333333333333336
    endloop
  endfacet
  facet normal 0 0 1
    outer loop
      vertex 16.987764884711975 375.0084120113808 33.333333333333336
      vertex 17.009973937724666 374.8397175056199 33.333333333333336
      vertex 16.987764884711975 396.21381021084153 33.333333333333336
    endloop
  endfacet
  facet normal 0 0 1
    outer loop
      vertex 17.02777777777778 374.50000000000006 33.333333333333336
      vertex 17.023323765730144 396.5521303644327 33.333333333333336
      vertex 17.023323765730144 374.6700918577896 33.333333333333336
    endloop
  endfacet
  facet normal 0 0 1
    outer loop
      vertex 17.023323765730144 374.6700918577896 33.333333333333336
      vertex 17.009973937724666 396.3825047166024 33.333333333333336
      vertex 17.009973937724666 374.8397175056199 33.333333333333336
    endloop
  endfacet
  facet normal 0 0 1
    outer loop
      vertex 16.74680051511623 395.4003281322259 33.333333333333336
      vertex 16.811914163893682 375.66469583602225 33.333333333333336
      vertex 16.811914163893682 395.55752638620004 33.333333333333336
    endloop
  endfacet
  facet normal 0 0 1
    outer loop
      vertex 16.868711455737028 375.5043052317186 33.333333333333336
      vertex 16.868711455737028 395.7179169905037 33.333333333333336
      vertex 16.811914163893682 395.55752638620004 33.333333333333336
    endloop
  endfacet
  facet normal 0 0 1
    outer loop
      vertex 16.91703671321725 375.34116189658323 33.333333333333336
      vertex 16.91703671321725 395.88106032563906 33.333333333333336
      vertex 16.868711455737028 395.7179169905037 33.333333333333336
    endloop
  endfacet
  facet normal 0 0 1
    outer loop
      vertex 16.956757480162647 375.17571299515777 33.333333333333336
      vertex 16.956757480162647 396.0465092270645 33.333333333333336
      vertex 16.91703671321725 395.88106032563906 33.333333333333336
    endloop
  endfacet
  facet normal 0 0 1
    outer loop
      vertex 16.987764884711975 375.0084120113808 33.333333333333336
      vertex 16.987764884711975 396.21381021084153 33.333333333333336
      vertex 16.956757480162647 396.0465092270645 33.333333333333336
    endloop
  endfacet
  facet normal 0 0 1
    outer loop
      vertex 17.009973937724666 374.8397175056199 33.333333333333336
      vertex 17.009973937724666 396.3825047166024 33.333333333333336
      vertex 16.987764884711975 396.21381021084153 33.333333333333336
    endloop
  endfacet
  facet normal 0 0 1
    outer loop
      vertex 17.02777777777778 374.50000000000006 33.333333333333336
      vertex 17.02777777777778 396.7222222222223 33.333333333333336
      vertex 17.023323765730144 396.5521303644327 33.333333333333336
    endloop
  endfacet
  facet normal 0 0 1
    outer loop
      vertex 17.023323765730144 374.6700918577896 33.333333333333336
      vertex 17.023323765730144 396.5521303644327 33.333333333333336
      vertex 17.009973937724666 396.3825047166024 33.333333333333336
    endloop
  endfacet
  facet normal -0.02617694830818616 -0.9996573249755492 0
    outer loop
      vertex 13.947869635567343 399.9677682101746 -56.666666666666664
      vertex 13.947869635567343 399.9677682101746 33.333333333333336
      vertex 13.777777777777779 399.9722222222223 33.333333333333336
    endloop
  endfacet
  facet normal -0.07845909572774376 -0.996917333733136 0
    outer loop
      vertex 14.117495283397652 399.95441838216914 -56.666666666666664
      vertex 14.117495283397652 399.95441838216914 33.333333333333336
      vertex 13.947869635567343 399.9677682101746 33.333333333333336
    endloop
  endfacet
  facet normal -0.1305261922198709 -0.9914448613738341 0
    outer loop
      vertex 14.286189789158527 399.9322093291565 -56.666666666666664
      vertex 14.286189789158527 399.9322093291565 33.333333333333336
      vertex 14.117495283397652 399.95441838216914 33.333333333333336
    endloop
  endfacet
  facet normal -0.18223552549238176 -0.9832549075639111 0
    outer loop
      vertex 14.453490772935496 399.9012019246071 -56.666666666666664
      vertex 14.453490772935496 399.9012019246071 33.333333333333336
      vertex 14.286189789158527 399.9322093291565 33.333333333333336
    endloop
  endfacet
  facet normal 0 1 0
    outer loop
      vertex 11.777777777777779 409.83333333333337 33.333333333333336
      vertex 15.777777777777779 409.83333333333337 33.333333333333336
      vertex 15.777777777777779 409.83333333333337 -50.666666666666664
    endloop
  endfacet
  facet normal -0.23344536385581022 -0.9723699203976994 0
    outer loop
      vertex 14.61893967436097 399.86148115766173 -56.666666666666664
      vertex 14.61893967436097 399.86148115766173 33.333333333333336
      vertex 14.453490772935496 399.9012019246071 33.333333333333336
    endloop
  endfacet
  facet normal -0.2840153447038024 -0.9588197348682287 0
    outer loop
      vertex 14.782083009496358 399.8131559001815 -56.666666666666664
      vertex 14.782083009496358 399.8131559001815 33.333333333333336
      vertex 14.61893967436097 399.86148115766173 33.333333333333336
    endloop
  endfacet
  facet normal -0.33380685923404146 -0.9426414910920825 0
    outer loop
      vertex 14.942473613800004 399.75635860833813 -56.666666666666664
      vertex 14.942473613800004 399.75635860833813 33.333333333333336
      vertex 14.782083009496358 399.8131559001815 33.333333333333336
    endloop
  endfacet
  facet normal -0.38268343236489155 -0.9238795325113689 0
    outer loop
      vertex 15.099671867774127 399.6912449595607 -56.666666666666664
      vertex 15.099671867774127 399.6912449595607 33.333333333333336
      vertex 14.942473613800004 399.75635860833813 33.333333333333336
    endloop
  endfacet
  facet normal -0.4305110968082544 -0.9025852843498801 0
    outer loop
      vertex 15.253246901931306 399.61799342583447 -56.666666666666664
      vertex 15.253246901931306 399.61799342583447 33.333333333333336
      vertex 15.099671867774127 399.6912449595607 33.333333333333336
    endloop
  endfacet
  facet normal -0.47715876025970927 -0.8788171126619106 0
    outer loop
      vertex 15.402777777777779 399.5368047845217 -56.666666666666664
      vertex 15.402777777777779 399.5368047845217 33.333333333333336
      vertex 15.253246901931306 399.61799342583447 33.333333333333336
    endloop
  endfacet
  facet normal -0.5224985647159941 -0.8526401643540645 0
    outer loop
      vertex 15.547854641576617 399.44790156804487 -56.666666666666664
      vertex 15.547854641576617 399.44790156804487 33.333333333333336
      vertex 15.402777777777779 399.5368047845217 33.333333333333336
    endloop
  endfacet
  facet normal -0.5664062369247921 -0.8241261886220437 0
    outer loop
      vertex 15.688079847728314 399.35152745394083 -56.666666666666664
      vertex 15.688079847728314 399.35152745394083 33.333333333333336
      vertex 15.547854641576617 399.44790156804487 33.333333333333336
    endloop
  endfacet
  facet normal -0.6087614290086258 -0.793353340291308 0
    outer loop
      vertex 15.82306904868975 399.24794659695743 -56.666666666666664
      vertex 15.82306904868975 399.24794659695743 33.333333333333336
      vertex 15.688079847728314 399.35152745394083 33.333333333333336
    endloop
  endfacet
  facet normal -0.6494480483301519 -0.7604059656000581 0
    outer loop
      vertex 15.952452248444068 399.1374429050238 -56.666666666666664
      vertex 15.952452248444068 399.1374429050238 33.333333333333336
      vertex 15.82306904868975 399.24794659695743 33.333333333333336
    endloop
  endfacet
  facet normal 1 0 0
    outer loop
      vertex 15.777777777777779 409.83333333333337 33.333333333333336
      vertex 15.777777777777779 405.83333333333337 33.333333333333336
      vertex 15.777777777777779 409.83333333333337 -50.666666666666664
    endloop
  endfacet
  facet normal 0 1 0
    outer loop
      vertex 25.77777777777778 405.83333333333337 33.333333333333336
      vertex 15.777777777777779 405.83333333333337 -50.666666666666664
      vertex 15.777777777777779 405.83333333333337 33.333333333333336
    endloop
  endfacet
  facet normal 0 0 1
    outer loop
      vertex 14.61893967436097 399.86148115766173 33.333333333333336
      vertex 15.777777777777779 405.83333333333337 33.333333333333336
      vertex 11.777777777777779 405.83333333333337 33.333333333333336
    endloop
  endfacet
  facet normal 0 0 1
    outer loop
      vertex 11.777777777777779 409.83333333333337 33.333333333333336
      vertex 15.777777777777779 405.83333333333337 33.333333333333336
      vertex 15.777777777777779 409.83333333333337 33.333333333333336
    endloop
  endfacet
  facet normal 0 0 1
    outer loop
      vertex 14.61893967436097 399.86148115766173 33.333333333333336
      vertex 14.782083009496358 399.8131559001815 33.333333333333336
      vertex 25.77777777777778 405.83333333333337 33.333333333333336
    endloop
  endfacet
  facet normal 0 0 1
    outer loop
      vertex 14.782083009496358 399.8131559001815 33.333333333333336
      vertex 14.942473613800004 399.75635860833813 33.333333333333336
      vertex 25.77777777777778 405.83333333333337 33.333333333333336
    endloop
  endfacet
  facet normal 0 0 1
    outer loop
      vertex 14.942473613800004 399.75635860833813 33.333333333333336
      vertex 15.099671867774127 399.6912449595607 33.333333333333336
      vertex 25.77777777777778 405.83333333333337 33.333333333333336
    endloop
  endfacet
  facet normal 0 0 1
    outer loop
      vertex 15.099671867774127 399.6912449595607 33.333333333333336
      vertex 15.253246901931306 399.61799342583447 33.333333333333336
      vertex 25.77777777777778 405.83333333333337 33.333333333333336
    endloop
  endfacet
  facet normal 0 0 1
    outer loop
      vertex 15.253246901931306 399.61799342583447 33.333333333333336
      vertex 15.402777777777779 399.5368047845217 33.333333333333336
      vertex 25.77777777777778 405.83333333333337 33.333333333333336
    endloop
  endfacet
  facet normal 0 0 1
    outer loop
      vertex 15.402777777777779 399.5368047845217 33.333333333333336
      vertex 15.547854641576617 399.44790156804487 33.333333333333336
      vertex 25.77777777777778 405.83333333333337 33.333333333333336
    endloop
  endfacet
  facet normal 0 0 1
    outer loop
      vertex 15.547854641576617 399.44790156804487 33.333333333333336
      vertex 15.688079847728314 399.35152745394083 33.333333333333336
      vertex 25.77777777777778 405.83333333333337 33.333333333333336
    endloop
  endfacet
  facet normal 0 0 1
    outer loop
      vertex 14.61893967436097 399.86148115766173 33.333333333333336
      vertex 25.77777777777778 405.83333333333337 33.333333333333336
      vertex 15.777777777777779 405.83333333333337 33.333333333333336
    endloop
  endfacet
  facet normal 0 0 1
    outer loop
      vertex 15.688079847728314 399.35152745394083 33.333333333333336
      vertex 15.82306904868975 399.24794659695743 33.333333333333336
      vertex 25.77777777777778 405.83333333333337 33.333333333333336
    endloop
  endfacet
  facet normal 0 0 1
    outer loop
      vertex 15.82306904868975 399.24794659695743 33.333333333333336
      vertex 15.952452248444068 399.1374429050238 33.333333333333336
      vertex 25.77777777777778 405.83333333333337 33.333333333333336
    endloop
  endfacet
  facet normal 0 0 1
    outer loop
      vertex 16.07587481663406 399.02031926107855 33.333333333333336
      vertex 25.77777777777778 405.83333333333337 33.333333333333336
      vertex 15.952452248444068 399.1374429050238 33.333333333333336
    endloop
  endfacet
  facet normal 0 0 1
    outer loop
      vertex 16.07587481663406 399.02031926107855 33.333333333333336
      vertex 16.19299846057931 398.89689669288856 33.333333333333336
      vertex 25.77777777777778 405.83333333333337 33.333333333333336
    endloop
  endfacet
  facet normal 0 0 1
    outer loop
      vertex 16.19299846057931 398.89689669288856 33.333333333333336
      vertex 16.303502152512934 398.76751349313423 33.333333333333336
      vertex 25.77777777777778 405.83333333333337 33.333333333333336
    endloop
  endfacet
  facet normal 0 0 1
    outer loop
      vertex 16.303502152512934 398.76751349313423 33.333333333333336
      vertex 16.407083009496358 398.6325242921728 33.333333333333336
      vertex 25.77777777777778 405.83333333333337 33.333333333333336
    endloop
  endfacet
  facet normal 0 0 1
    outer loop
      vertex 16.407083009496358 398.6325242921728 33.333333333333336
      vertex 16.503457123600406 398.4922990860211 33.333333333333336
      vertex 25.77777777777778 405.83333333333337 33.333333333333336
    endloop
  endfacet
  facet normal 0 0 1
    outer loop
      vertex 16.503457123600406 398.4922990860211 33.333333333333336
      vertex 16.592360340077203 398.3472222222223 33.333333333333336
      vertex 25.77777777777778 405.83333333333337 33.333333333333336
    endloop
  endfacet
  facet normal 0 0 1
    outer loop
      vertex 16.592360340077203 398.3472222222223 33.333333333333336
      vertex 16.673548981389974 398.1976913463758 33.333333333333336
      vertex 25.77777777777778 405.83333333333337 33.333333333333336
    endloop
  endfacet
  facet normal 0 0 1
    outer loop
      vertex 16.673548981389974 398.1976913463758 33.333333333333336
      vertex 16.74680051511623 398.0441163122186 33.333333333333336
      vertex 25.77777777777778 405.83333333333337 33.333333333333336
    endloop
  endfacet
  facet normal 0.0255148921852975 -0.974374421683843 -0.22348037194583564
    outer loop
      vertex 20.77777777777778 374.11111111111114 -63.55555555555555
      vertex 21.0394575589925 351.89574121511606 33.333333333333336
      vertex 20.77777777777778 351.8888888888889 33.333333333333336
    endloop
  endfacet
  facet normal 0.07648519855658378 -0.9718365921464904 -0.22289830095103
    outer loop
      vertex 21.0394575589925 374.1179634373383 -63.55555555555555
      vertex 21.300420094116046 351.9162794120476 33.333333333333336
      vertex 21.0394575589925 351.89574121511606 33.333333333333336
    endloop
  endfacet
  facet normal 0.12727699770300846 -0.9667647787588035 -0.22173504099972566
    outer loop
      vertex 21.300420094116046 374.1385016342698 -63.55555555555555
      vertex 21.55995010297893 351.9504471859132 33.333333333333336
      vertex 21.300420094116046 351.9162794120476 33.333333333333336
    endloop
  endfacet
  facet normal 0.17777104538818317 -0.9591667284882522 -0.21999236891932397
    outer loop
      vertex 21.55995010297893 374.17266940813545 -63.55555555555555
      vertex 21.817336231866577 351.9981508852199 33.333333333333336
      vertex 21.55995010297893 351.9504471859132 33.333333333333336
    endloop
  endfacet
  facet normal 0.22784775454779943 -0.9490541996340691 -0.2176729815674471
    outer loop
      vertex 21.817336231866577 374.22037310744213 -63.55555555555555
      vertex 22.07187300329038 352.05925975744356 33.333333333333336
      vertex 21.817336231866577 351.9981508852199 33.333333333333336
    endloop
  endfacet
  facet normal 0.27738709060972505 -0.9364431240550906 -0.21478053304015846
    outer loop
      vertex 22.07187300329038 374.2814819796658 -63.55555555555555
      vertex 22.322862749652515 352.1336063074132 33.333333333333336
      vertex 22.07187300329038 352.05925975744356 33.333333333333336
    endloop
  endfacet
  facet normal 0.3262684988740483 -0.9213538181363372 -0.2113196830587925
    outer loop
      vertex 22.322862749652515 374.35582852963535 -63.55555555555555
      vertex 22.569617525504277 352.2209867564029 33.333333333333336
      vertex 22.322862749652515 352.1336063074132 33.333333333333336
    endloop
  endfacet
  facet normal 0.37437087255294793 -0.9038112378748471 -0.20729615547588243
    outer loop
      vertex 22.569617525504277 374.44320897862514 -63.55555555555555
      vertex 22.81146099315678 352.3211616006759 33.333333333333336
      vertex 22.569617525504277 352.2209867564029 33.333333333333336
    endloop
  endfacet
  facet normal 0.4215725695676048 -0.8838452722780856 -0.2027168055683683
    outer loop
      vertex 22.81146099315678 374.54338382289814 -63.55555555555555
      vertex 23.047730276475512 352.4338562679471 33.333333333333336
      vertex 22.81146099315678 352.3211616006759 33.333333333333336
    endloop
  endfacet
  facet normal 0.4677514855916966 -0.8614910680618596 -0.1975896945096009
    outer loop
      vertex 23.047730276475512 374.6560784901693 -63.55555555555555
      vertex 23.27777777777778 352.5587618699667 33.333333333333336
      vertex 23.047730276475512 352.4338562679471 33.333333333333336
    endloop
  endfacet
  facet normal 0.5127851900071316 -0.8367893774478129 -0.19192416913940671
    outer loop
      vertex 23.27777777777778 374.78098409218893 -63.55555555555555
      vertex 23.500972952852912 352.6955360491618 33.333333333333336
      vertex 23.27777777777778 352.5587618699667 33.333333333333336
    endloop
  endfacet
  facet normal 0.5565511304363792 -0.8097869197028039 -0.18573094488596426
    outer loop
      vertex 23.500972952852912 374.917758271384 -63.55555555555555
      vertex 23.716704039240145 352.84380391701416 33.333333333333336
      vertex 23.500972952852912 352.6955360491618 33.333333333333336
    endloop
  endfacet
  facet normal 0.598926910293802 -0.7805367459722151 -0.17902218944316867
    outer loop
      vertex 23.716704039240145 375.0660261392364 -63.55555555555555
      vertex 23.924379733026967 353.00315908160405 33.333333333333336
      vertex 23.716704039240145 352.84380391701416 33.333333333333336
    endloop
  endfacet
  facet normal 0.6397906423384762 -0.7490985959848673 -0.17181160458368522
    outer loop
      vertex 23.924379733026967 375.2253813038263 -63.55555555555555
      vertex 24.12343080957207 353.17316476150194 33.333333333333336
      vertex 23.924379733026967 353.00315908160405 33.333333333333336
    endloop
  endfacet
  facet normal 0.6790213795289916 -0.7155392343883812 -0.16411450330008745
    outer loop
      vertex 24.12343080957207 375.39538698372417 -63.55555555555555
      vertex 24.313311683710516 353.3533549829562 33.333333333333336
      vertex 24.12343080957207 353.17316476150194 33.333333333333336
    endloop
  endfacet
  facet normal 0.7164996225648359 -0.6799327538786006 -0.1559478793299543
    outer loop
      vertex 24.313311683710516 375.57557720517843 -63.55555555555555
      vertex 24.49350190516475 353.54323585709466 33.333333333333336
      vertex 24.313311683710516 353.3533549829562 33.333333333333336
    endloop
  endfacet
  facet normal 0.7521079013910895 -0.6423608319625542 -0.14733046604645744
    outer loop
      vertex 24.49350190516475 375.7654580793169 -63.55555555555555
      vertex 24.663507585062632 353.7422869336398 33.333333333333336
      vertex 24.49350190516475 353.54323585709466 33.333333333333336
    endloop
  endfacet
  facet normal 0.7857314256639751 -0.6029129282153082 -0.13828278170075844
    outer loop
      vertex 24.663507585062632 375.96450915586195 -63.55555555555555
      vertex 24.822862749652515 353.94996262742654 33.333333333333336
      vertex 24.663507585062632 353.7422869336398 33.333333333333336
    endloop
  endfacet
  facet normal 0.8172587968036593 -0.5616864092928381 -0.12882715809468767
    outer loop
      vertex 24.822862749652515 376.1721848496488 -63.55555555555555
      vertex 24.971130617504897 354.16569371381377 33.333333333333336
      vertex 24.822862749652515 353.94996262742654 33.333333333333336
    endloop
  endfacet
  facet normal 0.8465827718476981 -0.5187865898139251 -0.11898774995732232
    outer loop
      vertex 24.971130617504897 376.387915936036 -63.55555555555555
      vertex 25.10790479669997 354.3888888888889 33.333333333333336
      vertex 24.971130617504897 354.16569371381377 33.333333333333336
    endloop
  endfacet
  facet normal 0.8736010669808116 -0.4743266785274002 -0.1087905225980276
    outer loop
      vertex 25.10790479669997 376.61111111111114 -63.55555555555555
      vertex 25.232810398719618 354.6189363901912 33.333333333333336
      vertex 25.10790479669997 354.3888888888889 33.333333333333336
    endloop
  endfacet
  facet normal 0.8982171864314458 -0.4284276209767743 -0.09826321582036109
    outer loop
      vertex 25.232810398719618 376.84115861241344 -63.55555555555555
      vertex 25.345505065990782 354.85520567350994 33.333333333333336
      vertex 25.232810398719618 354.6189363901912 33.333333333333336
    endloop
  endfacet
  facet normal 0.9203412605275004 -0.38121783212209226 -0.08743528259681019
    outer loop
      vertex 25.345505065990782 377.07742789573217 -63.55555555555555
      vertex 25.445679910263788 355.0970491411624 33.333333333333336
      vertex 25.345505065990782 354.85520567350994 33.333333333333336
    endloop
  endfacet
  facet normal 0.9398908751899482 -0.3328328150569267 -0.07633780161856119
    outer loop
      vertex 25.445679910263788 377.31927136338464 -63.55555555555555
      vertex 25.533060359253547 355.34380391701416 33.333333333333336
      vertex 25.445679910263788 355.0970491411624 33.333333333333336
    endloop
  endfacet
  facet normal 0.9567918741294326 -0.28341466498715867 -0.06500336352916486
    outer loop
      vertex 25.533060359253547 377.5660261392364 -63.55555555555555
      vertex 25.60740690922312 355.5947936633763 33.333333333333336
      vertex 25.533060359253547 355.34380391701416 33.333333333333336
    endloop
  endfacet
  facet normal 0.970979114587671 -0.2331114609229011 -0.05346593140433513
    outer loop
      vertex 25.60740690922312 377.81701588559855 -63.55555555555555
      vertex 25.668515781446807 355.84933043480015 33.333333333333336
      vertex 25.60740690922312 355.5947936633763 33.333333333333336
    endloop
  endfacet
  facet normal 0.9823971577038103 -0.18207655095229244 -0.041760676823920304
    outer loop
      vertex 25.668515781446807 378.0715526570224 -63.55555555555555
      vertex 25.716219480753466 356.10671656368777 33.333333333333336
      vertex 25.668515781446807 355.84933043480015 33.333333333333336
    endloop
  endfacet
  facet normal 0.9910008755265411 -0.1304677403743648 -0.029923793663845146
    outer loop
      vertex 25.716219480753466 378.32893878591 -63.55555555555555
      vertex 25.750387254619145 356.36624657255066 33.333333333333336
      vertex 25.716219480753466 356.10671656368777 33.333333333333336
    endloop
  endfacet
  facet normal 0.9967559583418809 -0.07844639520910537 -0.017992292479152613
    outer loop
      vertex 25.750387254619145 378.5884687947729 -63.55555555555555
      vertex 25.770925451550646 356.6272091076742 33.333333333333336
      vertex 25.750387254619145 356.36624657255066 33.333333333333336
    endloop
  endfacet
  facet normal 0.9996393083078666 -0.02617647652483651 -0.006003779019457918
    outer loop
      vertex 25.770925451550646 378.84943132989645 -63.55555555555555
      vertex 25.77777777777778 356.8888888888889 33.333333333333336
      vertex 25.770925451550646 356.6272091076742 33.333333333333336
    endloop
  endfacet
  facet normal 1 0 0
    outer loop
      vertex 25.77777777777778 405.83333333333337 -50.666666666666664
      vertex 25.77777777777778 405.83333333333337 33.333333333333336
      vertex 25.77777777777778 356.8888888888889 33.333333333333336
    endloop
  endfacet
  facet normal 0 0 1
    outer loop
      vertex 16.74680051511623 373.1781059100037 33.333333333333336
      vertex 25.77777777777778 356.8888888888889 33.333333333333336
      vertex 16.811914163893682 373.3353041639778 33.333333333333336
    endloop
  endfacet
  facet normal 0 0 1
    outer loop
      vertex 16.811914163893682 373.3353041639778 33.333333333333336
      vertex 25.77777777777778 356.8888888888889 33.333333333333336
      vertex 16.868711455737028 373.49569476828145 33.333333333333336
    endloop
  endfacet
  facet normal 0 0 1
    outer loop
      vertex 16.868711455737028 373.49569476828145 33.333333333333336
      vertex 25.77777777777778 356.8888888888889 33.333333333333336
      vertex 16.91703671321725 373.6588381034168 33.333333333333336
    endloop
  endfacet
  facet normal 0 0 1
    outer loop
      vertex 16.91703671321725 373.6588381034168 33.333333333333336
      vertex 25.77777777777778 356.8888888888889 33.333333333333336
      vertex 16.956757480162647 373.82428700484235 33.333333333333336
    endloop
  endfacet
  facet normal 0 0 1
    outer loop
      vertex 16.956757480162647 373.82428700484235 33.333333333333336
      vertex 25.77777777777778 356.8888888888889 33.333333333333336
      vertex 16.987764884711975 373.9915879886193 33.333333333333336
    endloop
  endfacet
  facet normal 0 0 1
    outer loop
      vertex 17.009973937724666 374.16028249438017 33.333333333333336
      vertex 25.77777777777778 356.8888888888889 33.333333333333336
      vertex 17.023323765730144 374.32990814221046 33.333333333333336
    endloop
  endfacet
  facet normal 0 0 1
    outer loop
      vertex 16.987764884711975 373.9915879886193 33.333333333333336
      vertex 25.77777777777778 356.8888888888889 33.333333333333336
      vertex 17.009973937724666 374.16028249438017 33.333333333333336
    endloop
  endfacet
  facet normal 0 0 1
    outer loop
      vertex 17.023323765730144 374.32990814221046 33.333333333333336
      vertex 25.77777777777778 356.8888888888889 33.333333333333336
      vertex 17.02777777777778 374.50000000000006 33.333333333333336
    endloop
  endfacet
  facet normal 0 0 1
    outer loop
      vertex 17.02777777777778 374.50000000000006 33.333333333333336
      vertex 25.77777777777778 405.83333333333337 33.333333333333336
      vertex 17.02777777777778 396.7222222222223 33.333333333333336
    endloop
  endfacet
  facet normal 0 0 1
    outer loop
      vertex 17.02777777777778 374.50000000000006 33.333333333333336
      vertex 25.77777777777778 356.8888888888889 33.333333333333336
      vertex 25.77777777777778 405.83333333333337 33.333333333333336
    endloop
  endfacet
  facet normal 0 0 1
    outer loop
      vertex 16.811914163893682 397.8869180582445 33.333333333333336
      vertex 16.868711455737028 397.72652745394083 33.333333333333336
      vertex 25.77777777777778 405.83333333333337 33.333333333333336
    endloop
  endfacet
  facet normal 0 0 1
    outer loop
      vertex 16.91703671321725 397.56338411880546 33.333333333333336
      vertex 25.77777777777778 405.83333333333337 33.333333333333336
      vertex 16.868711455737028 397.72652745394083 33.333333333333336
    endloop
  endfacet
  facet normal 0 0 1
    outer loop
      vertex 17.02777777777778 396.7222222222223 33.333333333333336
      vertex 25.77777777777778 405.83333333333337 33.333333333333336
      vertex 17.023323765730144 396.89231408001183 33.333333333333336
    endloop
  endfacet
  facet normal 0 0 1
    outer loop
      vertex 16.956757480162647 397.39793521738 33.333333333333336
      vertex 16.987764884711975 397.230634233603 33.333333333333336
      vertex 25.77777777777778 405.83333333333337 33.333333333333336
    endloop
  endfacet
  facet normal 0 0 1
    outer loop
      vertex 16.91703671321725 397.56338411880546 33.333333333333336
      vertex 16.956757480162647 397.39793521738 33.333333333333336
      vertex 25.77777777777778 405.83333333333337 33.333333333333336
    endloop
  endfacet
  facet normal 0 0 1
    outer loop
      vertex 17.023323765730144 396.89231408001183 33.333333333333336
      vertex 25.77777777777778 405.83333333333337 33.333333333333336
      vertex 17.009973937724666 397.0619397278421 33.333333333333336
    endloop
  endfacet
  facet normal 0 0 1
    outer loop
      vertex 16.987764884711975 397.230634233603 33.333333333333336
      vertex 17.009973937724666 397.0619397278421 33.333333333333336
      vertex 25.77777777777778 405.83333333333337 33.333333333333336
    endloop
  endfacet
  facet normal 0 0 1
    outer loop
      vertex 16.74680051511623 398.0441163122186 33.333333333333336
      vertex 16.811914163893682 397.8869180582445 33.333333333333336
      vertex 25.77777777777778 405.83333333333337 33.333333333333336
    endloop
  endfacet
  facet normal 0 0 1
    outer loop
      vertex 1.7777777777777777 405.83333333333337 -50.666666666666664
      vertex 25.77777777777778 486.83333333333337 -50.666666666666664
      vertex 15.777777777777779 482.83333333333337 -50.666666666666664
    endloop
  endfacet
  facet normal 0 0 -1
    outer loop
      vertex 6.777777777777778 518.5555555555557 -63.55555555555555
      vertex 20.77777777777778 518.5555555555557 -63.55555555555555
      vertex 25.77777777777778 379.11111111111114 -63.55555555555555
    endloop
  endfacet
  facet normal 0 0 1
    outer loop
      vertex 25.77777777777778 486.83333333333337 -50.666666666666664
      vertex 15.777777777777779 486.83333333333337 -50.666666666666664
      vertex 15.777777777777779 482.83333333333337 -50.666666666666664
    endloop
  endfacet
  facet normal 0 -1 0
    outer loop
      vertex 15.777777777777779 482.83333333333337 33.333333333333336
      vertex 11.777777777777779 482.83333333333337 -50.666666666666664
      vertex 15.777777777777779 482.83333333333337 -50.666666666666664
    endloop
  endfacet
  facet normal -0.026176948307852308 0.9996573249755578 0
    outer loop
      vertex 13.777777777777779 492.69444444444446 -56.666666666666664
      vertex 13.947869635567343 492.6988984564921 33.333333333333336
      vertex 13.947869635567343 492.6988984564921 -56.666666666666664
    endloop
  endfacet
  facet normal -0.07845909572807577 0.9969173337331098 0
    outer loop
      vertex 13.947869635567343 492.6988984564921 -56.666666666666664
      vertex 14.117495283397652 492.7122482844976 33.333333333333336
      vertex 14.117495283397652 492.7122482844976 -56.666666666666664
    endloop
  endfacet
  facet normal -0.13052619222019932 0.9914448613737911 0
    outer loop
      vertex 14.117495283397652 492.7122482844976 -56.666666666666664
      vertex 14.286189789158527 492.7344573375103 33.333333333333336
      vertex 14.286189789158527 492.7344573375103 -56.666666666666664
    endloop
  endfacet
  facet normal -0.1822355254920588 0.9832549075639709 0
    outer loop
      vertex 14.286189789158527 492.7344573375103 -56.666666666666664
      vertex 14.453490772935496 492.76546474205963 33.333333333333336
      vertex 14.453490772935496 492.76546474205963 -56.666666666666664
    endloop
  endfacet
  facet normal -0.23344536385581022 0.9723699203976994 0
    outer loop
      vertex 14.453490772935496 492.76546474205963 -56.666666666666664
      vertex 14.61893967436097 492.805185509005 33.333333333333336
      vertex 14.61893967436097 492.805185509005 -56.666666666666664
    endloop
  endfacet
  facet normal -0.2840153447038024 0.9588197348682287 0
    outer loop
      vertex 14.61893967436097 492.805185509005 -56.666666666666664
      vertex 14.782083009496358 492.8535107664852 33.333333333333336
      vertex 14.782083009496358 492.8535107664852 -56.666666666666664
    endloop
  endfacet
  facet normal -0.33380685923404146 0.9426414910920825 0
    outer loop
      vertex 14.782083009496358 492.8535107664852 -56.666666666666664
      vertex 14.942473613800004 492.9103080583286 33.333333333333336
      vertex 14.942473613800004 492.9103080583286 -56.666666666666664
    endloop
  endfacet
  facet normal -0.38268343236489155 0.9238795325113689 0
    outer loop
      vertex 14.942473613800004 492.9103080583286 -56.666666666666664
      vertex 15.099671867774127 492.975421707106 33.333333333333336
      vertex 15.099671867774127 492.975421707106 -56.666666666666664
    endloop
  endfacet
  facet normal -0.4305110968082544 0.9025852843498801 0
    outer loop
      vertex 15.099671867774127 492.975421707106 -56.666666666666664
      vertex 15.253246901931306 493.0486732408323 33.333333333333336
      vertex 15.253246901931306 493.0486732408323 -56.666666666666664
    endloop
  endfacet
  facet normal 1 0 0
    outer loop
      vertex 15.777777777777779 482.83333333333337 33.333333333333336
      vertex 15.777777777777779 482.83333333333337 -50.666666666666664
      vertex 15.777777777777779 486.83333333333337 -50.666666666666664
    endloop
  endfacet
  facet normal -0.47715876025970927 0.8788171126619106 0
    outer loop
      vertex 15.253246901931306 493.0486732408323 -56.666666666666664
      vertex 15.402777777777779 493.12986188214506 33.333333333333336
      vertex 15.402777777777779 493.12986188214506 -56.666666666666664
    endloop
  endfacet
  facet normal -0.5224985647159941 0.8526401643540645 0
    outer loop
      vertex 15.402777777777779 493.12986188214506 -56.666666666666664
      vertex 15.547854641576617 493.2187650986219 33.333333333333336
      vertex 15.547854641576617 493.2187650986219 -56.666666666666664
    endloop
  endfacet
  facet normal -0.5664062369247921 0.8241261886220437 0
    outer loop
      vertex 15.547854641576617 493.2187650986219 -56.666666666666664
      vertex 15.688079847728314 493.3151392127259 33.333333333333336
      vertex 15.688079847728314 493.3151392127259 -56.666666666666664
    endloop
  endfacet
  facet normal -0.6087614290088361 0.7933533402911467 0
    outer loop
      vertex 15.688079847728314 493.3151392127259 -56.666666666666664
      vertex 15.82306904868975 493.41872006970937 33.333333333333336
      vertex 15.82306904868975 493.41872006970937 -56.666666666666664
    endloop
  endfacet
  facet normal -0.6494480483299586 0.7604059656002231 0
    outer loop
      vertex 15.82306904868975 493.41872006970937 -56.666666666666664
      vertex 15.952452248444068 493.5292237616429 33.333333333333336
      vertex 15.952452248444068 493.5292237616429 -56.666666666666664
    endloop
  endfacet
  facet normal 0 -1 0
    outer loop
      vertex 25.77777777777778 486.83333333333337 -50.666666666666664
      vertex 15.777777777777779 486.83333333333337 33.333333333333336
      vertex 15.777777777777779 486.83333333333337 -50.666666666666664
    endloop
  endfacet
  facet normal 0 0 1
    outer loop
      vertex 13.777777777777779 492.69444444444446 -56.666666666666664
      vertex 13.947869635567343 492.6988984564921 -56.666666666666664
      vertex 13.947869635567343 499.1899904323968 -56.666666666666664
    endloop
  endfacet
  facet normal 0 0 1
    outer loop
      vertex 13.947869635567343 492.6988984564921 -56.666666666666664
      vertex 14.117495283397652 492.7122482844976 -56.666666666666664
      vertex 14.117495283397652 499.17664060439137 -56.666666666666664
    endloop
  endfacet
  facet normal 0 0 1
    outer loop
      vertex 13.777777777777779 492.69444444444446 -56.666666666666664
      vertex 13.947869635567343 499.1899904323968 -56.666666666666664
      vertex 13.777777777777779 499.19444444444446 -56.666666666666664
    endloop
  endfacet
  facet normal 0 0 1
    outer loop
      vertex 13.947869635567343 492.6988984564921 -56.666666666666664
      vertex 14.117495283397652 499.17664060439137 -56.666666666666664
      vertex 13.947869635567343 499.1899904323968 -56.666666666666664
    endloop
  endfacet
  facet normal 0 0 1
    outer loop
      vertex 14.117495283397652 492.7122482844976 -56.666666666666664
      vertex 14.286189789158527 492.7344573375103 -56.666666666666664
      vertex 14.286189789158527 499.1544315513787 -56.666666666666664
    endloop
  endfacet
  facet normal 0 0 1
    outer loop
      vertex 14.286189789158527 492.7344573375103 -56.666666666666664
      vertex 14.453490772935496 492.76546474205963 -56.666666666666664
      vertex 14.453490772935496 499.12342414682934 -56.666666666666664
    endloop
  endfacet
  facet normal 0 0 1
    outer loop
      vertex 14.117495283397652 492.7122482844976 -56.666666666666664
      vertex 14.286189789158527 499.1544315513787 -56.666666666666664
      vertex 14.117495283397652 499.17664060439137 -56.666666666666664
    endloop
  endfacet
  facet normal 0 0 1
    outer loop
      vertex 14.286189789158527 492.7344573375103 -56.666666666666664
      vertex 14.453490772935496 499.12342414682934 -56.666666666666664
      vertex 14.286189789158527 499.1544315513787 -56.666666666666664
    endloop
  endfacet
  facet normal 0 0 1
    outer loop
      vertex 14.453490772935496 492.76546474205963 -56.666666666666664
      vertex 14.61893967436097 499.08370337988396 -56.666666666666664
      vertex 14.453490772935496 499.12342414682934 -56.666666666666664
    endloop
  endfacet
  facet normal 0 0 1
    outer loop
      vertex 14.453490772935496 492.76546474205963 -56.666666666666664
      vertex 14.61893967436097 492.805185509005 -56.666666666666664
      vertex 14.61893967436097 499.08370337988396 -56.666666666666664
    endloop
  endfacet
  facet normal 0 0 1
    outer loop
      vertex 14.61893967436097 492.805185509005 -56.666666666666664
      vertex 14.782083009496358 492.8535107664852 -56.666666666666664
      vertex 14.782083009496358 499.0353781224037 -56.666666666666664
    endloop
  endfacet
  facet normal 0 0 1
    outer loop
      vertex 14.782083009496358 492.8535107664852 -56.666666666666664
      vertex 14.942473613800004 492.9103080583286 -56.666666666666664
      vertex 14.942473613800004 498.9785808305604 -56.666666666666664
    endloop
  endfacet
  facet normal 0 0 1
    outer loop
      vertex 14.61893967436097 492.805185509005 -56.666666666666664
      vertex 14.782083009496358 499.0353781224037 -56.666666666666664
      vertex 14.61893967436097 499.08370337988396 -56.666666666666664
    endloop
  endfacet
  facet normal 0 0 1
    outer loop
      vertex 14.782083009496358 492.8535107664852 -56.666666666666664
      vertex 14.942473613800004 498.9785808305604 -56.666666666666664
      vertex 14.782083009496358 499.0353781224037 -56.666666666666664
    endloop
  endfacet
  facet normal 0 0 1
    outer loop
      vertex 14.942473613800004 492.9103080583286 -56.666666666666664
      vertex 15.099671867774127 492.975421707106 -56.666666666666664
      vertex 15.099671867774127 498.91346718178295 -56.666666666666664
    endloop
  endfacet
  facet normal 0 0 1
    outer loop
      vertex 15.099671867774127 492.975421707106 -56.666666666666664
      vertex 15.253246901931306 493.0486732408323 -56.666666666666664
      vertex 15.253246901931306 498.8402156480567 -56.666666666666664
    endloop
  endfacet
  facet normal 0 0 1
    outer loop
      vertex 14.942473613800004 492.9103080583286 -56.666666666666664
      vertex 15.099671867774127 498.91346718178295 -56.666666666666664
      vertex 14.942473613800004 498.9785808305604 -56.666666666666664
    endloop
  endfacet
  facet normal 0 0 1
    outer loop
      vertex 15.099671867774127 492.975421707106 -56.666666666666664
      vertex 15.253246901931306 498.8402156480567 -56.666666666666664
      vertex 15.099671867774127 498.91346718178295 -56.666666666666664
    endloop
  endfacet
  facet normal 0 0 1
    outer loop
      vertex 15.253246901931306 493.0486732408323 -56.666666666666664
      vertex 15.402777777777779 493.12986188214506 -56.666666666666664
      vertex 15.402777777777779 498.7590270067439 -56.666666666666664
    endloop
  endfacet
  facet normal 0 0 1
    outer loop
      vertex 15.402777777777779 493.12986188214506 -56.666666666666664
      vertex 15.547854641576617 493.2187650986219 -56.666666666666664
      vertex 15.547854641576617 498.6701237902671 -56.666666666666664
    endloop
  endfacet
  facet normal 0 0 1
    outer loop
      vertex 15.547854641576617 493.2187650986219 -56.666666666666664
      vertex 15.688079847728314 493.3151392127259 -56.666666666666664
      vertex 15.688079847728314 498.57374967616306 -56.666666666666664
    endloop
  endfacet
  facet normal 0 0 1
    outer loop
      vertex 15.253246901931306 493.0486732408323 -56.666666666666664
      vertex 15.402777777777779 498.7590270067439 -56.666666666666664
      vertex 15.253246901931306 498.8402156480567 -56.666666666666664
    endloop
  endfacet
  facet normal 0 0 1
    outer loop
      vertex 15.402777777777779 493.12986188214506 -56.666666666666664
      vertex 15.547854641576617 498.6701237902671 -56.666666666666664
      vertex 15.402777777777779 498.7590270067439 -56.666666666666664
    endloop
  endfacet
  facet normal 0 0 1
    outer loop
      vertex 15.547854641576617 493.2187650986219 -56.666666666666664
      vertex 15.688079847728314 498.57374967616306 -56.666666666666664
      vertex 15.547854641576617 498.6701237902671 -56.666666666666664
    endloop
  endfacet
  facet normal 0 0 1
    outer loop
      vertex 15.688079847728314 493.3151392127259 -56.666666666666664
      vertex 15.82306904868975 493.41872006970937 -56.666666666666664
      vertex 15.82306904868975 498.47016881917966 -56.666666666666664
    endloop
  endfacet
  facet normal 0 0 1
    outer loop
      vertex 15.82306904868975 493.41872006970937 -56.666666666666664
      vertex 15.952452248444068 493.5292237616429 -56.666666666666664
      vertex 15.952452248444068 498.359665127246 -56.666666666666664
    endloop
  endfacet
  facet normal 0 0 1
    outer loop
      vertex 15.688079847728314 493.3151392127259 -56.666666666666664
      vertex 15.82306904868975 498.47016881917966 -56.666666666666664
      vertex 15.688079847728314 498.57374967616306 -56.666666666666664
    endloop
  endfacet
  facet normal 0 0 1
    outer loop
      vertex 15.82306904868975 493.41872006970937 -56.666666666666664
      vertex 15.952452248444068 498.359665127246 -56.666666666666664
      vertex 15.82306904868975 498.47016881917966 -56.666666666666664
    endloop
  endfacet
  facet normal 0 0 1
    outer loop
      vertex 15.952452248444068 493.5292237616429 -56.666666666666664
      vertex 16.07587481663406 498.2425414833008 -56.666666666666664
      vertex 15.952452248444068 498.359665127246 -56.666666666666664
    endloop
  endfacet
  facet normal 0 0 1
    outer loop
      vertex 15.952452248444068 493.5292237616429 -56.666666666666664
      vertex 16.07587481663406 493.6463474055882 -56.666666666666664
      vertex 16.07587481663406 498.2425414833008 -56.666666666666664
    endloop
  endfacet
  facet normal 0 0 1
    outer loop
      vertex 16.07587481663406 493.6463474055882 -56.666666666666664
      vertex 16.19299846057931 493.7697699737782 -56.666666666666664
      vertex 16.19299846057931 498.1191189151108 -56.666666666666664
    endloop
  endfacet
  facet normal 0 0 1
    outer loop
      vertex 16.19299846057931 493.7697699737782 -56.666666666666664
      vertex 16.303502152512934 493.8991531735325 -56.666666666666664
      vertex 16.303502152512934 497.98973571535646 -56.666666666666664
    endloop
  endfacet
  facet normal 0 0 1
    outer loop
      vertex 16.303502152512934 493.8991531735325 -56.666666666666664
      vertex 16.407083009496358 494.03414237449397 -56.666666666666664
      vertex 16.407083009496358 497.854746514395 -56.666666666666664
    endloop
  endfacet
  facet normal 0 0 1
    outer loop
      vertex 16.07587481663406 493.6463474055882 -56.666666666666664
      vertex 16.19299846057931 498.1191189151108 -56.666666666666664
      vertex 16.07587481663406 498.2425414833008 -56.666666666666664
    endloop
  endfacet
  facet normal 0 0 1
    outer loop
      vertex 16.19299846057931 493.7697699737782 -56.666666666666664
      vertex 16.303502152512934 497.98973571535646 -56.666666666666664
      vertex 16.19299846057931 498.1191189151108 -56.666666666666664
    endloop
  endfacet
  facet normal 0 0 1
    outer loop
      vertex 16.303502152512934 493.8991531735325 -56.666666666666664
      vertex 16.407083009496358 497.854746514395 -56.666666666666664
      vertex 16.303502152512934 497.98973571535646 -56.666666666666664
    endloop
  endfacet
  facet normal 0 0 1
    outer loop
      vertex 16.407083009496358 494.03414237449397 -56.666666666666664
      vertex 16.503457123600406 494.17436758064565 -56.666666666666664
      vertex 16.503457123600406 497.7145213082433 -56.666666666666664
    endloop
  endfacet
  facet normal 0 0 1
    outer loop
      vertex 16.503457123600406 494.17436758064565 -56.666666666666664
      vertex 16.592360340077203 494.31944444444446 -56.666666666666664
      vertex 16.592360340077203 497.56944444444446 -56.666666666666664
    endloop
  endfacet
  facet normal 0 0 1
    outer loop
      vertex 16.503457123600406 494.17436758064565 -56.666666666666664
      vertex 16.592360340077203 497.56944444444446 -56.666666666666664
      vertex 16.503457123600406 497.7145213082433 -56.666666666666664
    endloop
  endfacet
  facet normal 0 0 1
    outer loop
      vertex 16.592360340077203 494.31944444444446 -56.666666666666664
      vertex 16.673548981389974 494.46897532029095 -56.666666666666664
      vertex 16.673548981389974 497.419913568598 -56.666666666666664
    endloop
  endfacet
  facet normal 0 0 1
    outer loop
      vertex 16.592360340077203 494.31944444444446 -56.666666666666664
      vertex 16.673548981389974 497.419913568598 -56.666666666666664
      vertex 16.592360340077203 497.56944444444446 -56.666666666666664
    endloop
  endfacet
  facet normal 0 0 1
    outer loop
      vertex 16.673548981389974 494.46897532029095 -56.666666666666664
      vertex 16.74680051511623 494.62255035444815 -56.666666666666664
      vertex 16.74680051511623 497.2663385344408 -56.666666666666664
    endloop
  endfacet
  facet normal 0 0 1
    outer loop
      vertex 16.673548981389974 494.46897532029095 -56.666666666666664
      vertex 16.74680051511623 497.2663385344408 -56.666666666666664
      vertex 16.673548981389974 497.419913568598 -56.666666666666664
    endloop
  endfacet
  facet normal 0 0 1
    outer loop
      vertex 16.74680051511623 494.62255035444815 -56.666666666666664
      vertex 16.811914163893682 497.1091402804667 -56.666666666666664
      vertex 16.74680051511623 497.2663385344408 -56.666666666666664
    endloop
  endfacet
  facet normal 0 0 1
    outer loop
      vertex 16.407083009496358 494.03414237449397 -56.666666666666664
      vertex 16.503457123600406 497.7145213082433 -56.666666666666664
      vertex 16.407083009496358 497.854746514395 -56.666666666666664
    endloop
  endfacet
  facet normal 0 0 1
    outer loop
      vertex 16.74680051511623 494.62255035444815 -56.666666666666664
      vertex 16.811914163893682 494.77974860842227 -56.666666666666664
      vertex 16.811914163893682 497.1091402804667 -56.666666666666664
    endloop
  endfacet
  facet normal 0 0 1
    outer loop
      vertex 16.811914163893682 494.77974860842227 -56.666666666666664
      vertex 16.868711455737028 494.9401392127259 -56.666666666666664
      vertex 16.868711455737028 496.94874967616306 -56.666666666666664
    endloop
  endfacet
  facet normal 0 0 1
    outer loop
      vertex 16.811914163893682 494.77974860842227 -56.666666666666664
      vertex 16.868711455737028 496.94874967616306 -56.666666666666664
      vertex 16.811914163893682 497.1091402804667 -56.666666666666664
    endloop
  endfacet
  facet normal 0 0 1
    outer loop
      vertex 16.868711455737028 494.9401392127259 -56.666666666666664
      vertex 16.91703671321725 495.1032825478613 -56.666666666666664
      vertex 16.91703671321725 496.7856063410277 -56.666666666666664
    endloop
  endfacet
  facet normal 0 0 1
    outer loop
      vertex 16.91703671321725 495.1032825478613 -56.666666666666664
      vertex 16.956757480162647 495.26873144928675 -56.666666666666664
      vertex 16.956757480162647 496.6201574396022 -56.666666666666664
    endloop
  endfacet
  facet normal 0 0 1
    outer loop
      vertex 16.868711455737028 494.9401392127259 -56.666666666666664
      vertex 16.91703671321725 496.7856063410277 -56.666666666666664
      vertex 16.868711455737028 496.94874967616306 -56.666666666666664
    endloop
  endfacet
  facet normal 0 0 1
    outer loop
      vertex 16.91703671321725 495.1032825478613 -56.666666666666664
      vertex 16.956757480162647 496.6201574396022 -56.666666666666664
      vertex 16.91703671321725 496.7856063410277 -56.666666666666664
    endloop
  endfacet
  facet normal 0 0 1
    outer loop
      vertex 16.956757480162647 495.26873144928675 -56.666666666666664
      vertex 16.987764884711975 495.4360324330637 -56.666666666666664
      vertex 16.987764884711975 496.4528564558252 -56.666666666666664
    endloop
  endfacet
  facet normal 0 0 1
    outer loop
      vertex 16.956757480162647 495.26873144928675 -56.666666666666664
      vertex 16.987764884711975 496.4528564558252 -56.666666666666664
      vertex 16.956757480162647 496.6201574396022 -56.666666666666664
    endloop
  endfacet
  facet normal 0 0 1
    outer loop
      vertex 16.987764884711975 495.4360324330637 -56.666666666666664
      vertex 17.009973937724666 495.6047269388246 -56.666666666666664
      vertex 17.009973937724666 496.28416195006434 -56.666666666666664
    endloop
  endfacet
  facet normal 0 0 1
    outer loop
      vertex 16.987764884711975 495.4360324330637 -56.666666666666664
      vertex 17.009973937724666 496.28416195006434 -56.666666666666664
      vertex 16.987764884711975 496.4528564558252 -56.666666666666664
    endloop
  endfacet
  facet normal 0 0 1
    outer loop
      vertex 17.009973937724666 495.6047269388246 -56.666666666666664
      vertex 17.023323765730144 495.7743525866549 -56.666666666666664
      vertex 17.023323765730144 496.11453630223406 -56.666666666666664
    endloop
  endfacet
  facet normal 0 0 1
    outer loop
      vertex 17.023323765730144 495.7743525866549 -56.666666666666664
      vertex 17.02777777777778 495.94444444444446 -56.666666666666664
      vertex 17.023323765730144 496.11453630223406 -56.666666666666664
    endloop
  endfacet
  facet normal 0 0 1
    outer loop
      vertex 17.009973937724666 495.6047269388246 -56.666666666666664
      vertex 17.023323765730144 496.11453630223406 -56.666666666666664
      vertex 17.009973937724666 496.28416195006434 -56.666666666666664
    endloop
  endfacet
  facet normal 0 0 1
    outer loop
      vertex 13.777777777777779 514.9166666666667 -31.666666666666664
      vertex 13.947869635567343 514.9211206787143 -31.666666666666664
      vertex 13.947869635567343 521.412212654619 -31.666666666666664
    endloop
  endfacet
  facet normal 0 0 1
    outer loop
      vertex 13.947869635567343 514.9211206787143 -31.666666666666664
      vertex 14.117495283397652 514.9344705067198 -31.666666666666664
      vertex 14.117495283397652 521.3988628266136 -31.666666666666664
    endloop
  endfacet
  facet normal 0 0 1
    outer loop
      vertex 14.117495283397652 514.9344705067198 -31.666666666666664
      vertex 14.286189789158527 514.9566795597325 -31.666666666666664
      vertex 14.286189789158527 521.3766537736009 -31.666666666666664
    endloop
  endfacet
  facet normal 0 0 1
    outer loop
      vertex 14.286189789158527 514.9566795597325 -31.666666666666664
      vertex 14.453490772935496 514.9876869642818 -31.666666666666664
      vertex 14.453490772935496 521.3456463690516 -31.666666666666664
    endloop
  endfacet
  facet normal 0 0 1
    outer loop
      vertex 14.453490772935496 514.9876869642818 -31.666666666666664
      vertex 14.61893967436097 515.0274077312272 -31.666666666666664
      vertex 14.61893967436097 521.3059256021062 -31.666666666666664
    endloop
  endfacet
  facet normal 0 0 1
    outer loop
      vertex 14.61893967436097 515.0274077312272 -31.666666666666664
      vertex 14.782083009496358 515.0757329887074 -31.666666666666664
      vertex 14.782083009496358 521.2576003446259 -31.666666666666664
    endloop
  endfacet
  facet normal 0 0 1
    outer loop
      vertex 14.782083009496358 515.0757329887074 -31.666666666666664
      vertex 14.942473613800004 515.1325302805508 -31.666666666666664
      vertex 14.942473613800004 521.2008030527826 -31.666666666666664
    endloop
  endfacet
  facet normal 0 0 1
    outer loop
      vertex 14.942473613800004 515.1325302805508 -31.666666666666664
      vertex 15.099671867774127 515.1976439293283 -31.666666666666664
      vertex 15.099671867774127 521.1356894040051 -31.666666666666664
    endloop
  endfacet
  facet normal -0.026176948307852308 -0.9996573249755578 0
    outer loop
      vertex 13.777777777777779 499.19444444444446 -56.666666666666664
      vertex 13.947869635567343 499.1899904323968 -56.666666666666664
      vertex 13.777777777777779 499.19444444444446 33.333333333333336
    endloop
  endfacet
  facet normal -0.07845909572774376 -0.996917333733136 0
    outer loop
      vertex 13.947869635567343 499.1899904323968 -56.666666666666664
      vertex 14.117495283397652 499.17664060439137 -56.666666666666664
      vertex 13.947869635567343 499.1899904323968 33.333333333333336
    endloop
  endfacet
  facet normal -0.1305261922198709 -0.9914448613738341 0
    outer loop
      vertex 14.117495283397652 499.17664060439137 -56.666666666666664
      vertex 14.286189789158527 499.1544315513787 -56.666666666666664
      vertex 14.117495283397652 499.17664060439137 33.333333333333336
    endloop
  endfacet
  facet normal -0.18223552549238176 -0.9832549075639111 0
    outer loop
      vertex 14.286189789158527 499.1544315513787 -56.666666666666664
      vertex 14.453490772935496 499.12342414682934 -56.666666666666664
      vertex 14.286189789158527 499.1544315513787 33.333333333333336
    endloop
  endfacet
  facet normal -0.23344536385581022 -0.9723699203976994 0
    outer loop
      vertex 14.453490772935496 499.12342414682934 -56.666666666666664
      vertex 14.61893967436097 499.08370337988396 -56.666666666666664
      vertex 14.453490772935496 499.12342414682934 33.333333333333336
    endloop
  endfacet
  facet normal -0.28401534470410955 -0.9588197348681377 0
    outer loop
      vertex 14.61893967436097 499.08370337988396 -56.666666666666664
      vertex 14.782083009496358 499.0353781224037 -56.666666666666664
      vertex 14.61893967436097 499.08370337988396 33.333333333333336
    endloop
  endfacet
  facet normal -0.3338068592334478 -0.9426414910922928 0
    outer loop
      vertex 14.782083009496358 499.0353781224037 -56.666666666666664
      vertex 14.942473613800004 498.9785808305604 -56.666666666666664
      vertex 14.782083009496358 499.0353781224037 33.333333333333336
    endloop
  endfacet
  facet normal -0.3826834323651767 -0.9238795325112508 0
    outer loop
      vertex 14.942473613800004 498.9785808305604 -56.666666666666664
      vertex 15.099671867774127 498.91346718178295 -56.666666666666664
      vertex 14.942473613800004 498.9785808305604 33.333333333333336
    endloop
  endfacet
  facet normal -0.4305110968082544 -0.9025852843498801 0
    outer loop
      vertex 15.099671867774127 498.91346718178295 -56.666666666666664
      vertex 15.253246901931306 498.8402156480567 -56.666666666666664
      vertex 15.099671867774127 498.91346718178295 33.333333333333336
    endloop
  endfacet
  facet normal -0.47715876025970927 -0.8788171126619106 0
    outer loop
      vertex 15.253246901931306 498.8402156480567 -56.666666666666664
      vertex 15.402777777777779 498.7590270067439 -56.666666666666664
      vertex 15.253246901931306 498.8402156480567 33.333333333333336
    endloop
  endfacet
  facet normal -0.5224985647159941 -0.8526401643540645 0
    outer loop
      vertex 15.402777777777779 498.7590270067439 -56.666666666666664
      vertex 15.547854641576617 498.6701237902671 -56.666666666666664
      vertex 15.402777777777779 498.7590270067439 33.333333333333336
    endloop
  endfacet
  facet normal -0.5664062369247921 -0.8241261886220437 0
    outer loop
      vertex 15.547854641576617 498.6701237902671 -56.666666666666664
      vertex 15.688079847728314 498.57374967616306 -56.666666666666664
      vertex 15.547854641576617 498.6701237902671 33.333333333333336
    endloop
  endfacet
  facet normal -0.6087614290086258 -0.793353340291308 0
    outer loop
      vertex 15.688079847728314 498.57374967616306 -56.666666666666664
      vertex 15.82306904868975 498.47016881917966 -56.666666666666664
      vertex 15.688079847728314 498.57374967616306 33.333333333333336
    endloop
  endfacet
  facet normal -0.649448048330345 -0.760405965599893 0
    outer loop
      vertex 15.82306904868975 498.47016881917966 -56.666666666666664
      vertex 15.952452248444068 498.359665127246 -56.666666666666664
      vertex 15.82306904868975 498.47016881917966 33.333333333333336
    endloop
  endfacet
  facet normal -0.6883545756936106 -0.7253743710124237 0
    outer loop
      vertex 15.952452248444068 498.359665127246 -56.666666666666664
      vertex 16.07587481663406 498.2425414833008 -56.666666666666664
      vertex 15.952452248444068 498.359665127246 33.333333333333336
    endloop
  endfacet
  facet normal -0.6883545756937864 0.725374371012257 0
    outer loop
      vertex 15.952452248444068 493.5292237616429 -56.666666666666664
      vertex 16.07587481663406 493.6463474055882 33.333333333333336
      vertex 16.07587481663406 493.6463474055882 -56.666666666666664
    endloop
  endfacet
  facet normal -0.7253743710122981 0.688354575693743 0
    outer loop
      vertex 16.07587481663406 493.6463474055882 -56.666666666666664
      vertex 16.07587481663406 493.6463474055882 33.333333333333336
      vertex 16.19299846057931 493.7697699737782 -56.666666666666664
    endloop
  endfacet
  facet normal -0.7604059656000639 0.649448048330145 0
    outer loop
      vertex 16.19299846057931 493.7697699737782 -56.666666666666664
      vertex 16.19299846057931 493.7697699737782 33.333333333333336
      vertex 16.303502152512934 493.8991531735325 -56.666666666666664
    endloop
  endfacet
  facet normal -0.7933533402912837 0.6087614290086573 0
    outer loop
      vertex 16.303502152512934 493.8991531735325 -56.666666666666664
      vertex 16.303502152512934 493.8991531735325 33.333333333333336
      vertex 16.407083009496358 494.03414237449397 -56.666666666666664
    endloop
  endfacet
  facet normal -0.7253743710122981 -0.688354575693743 0
    outer loop
      vertex 16.07587481663406 498.2425414833008 -56.666666666666664
      vertex 16.19299846057931 498.1191189151108 -56.666666666666664
      vertex 16.19299846057931 498.1191189151108 33.333333333333336
    endloop
  endfacet
  facet normal -0.7933533402912837 -0.6087614290086573 0
    outer loop
      vertex 16.303502152512934 497.98973571535646 -56.666666666666664
      vertex 16.407083009496358 497.854746514395 -56.666666666666664
      vertex 16.407083009496358 497.854746514395 33.333333333333336
    endloop
  endfacet
  facet normal -0.7604059656000639 -0.649448048330145 0
    outer loop
      vertex 16.19299846057931 498.1191189151108 -56.666666666666664
      vertex 16.303502152512934 497.98973571535646 -56.666666666666664
      vertex 16.303502152512934 497.98973571535646 33.333333333333336
    endloop
  endfacet
  facet normal -0.8241261886219876 0.5664062369248736 0
    outer loop
      vertex 16.407083009496358 494.03414237449397 -56.666666666666664
      vertex 16.407083009496358 494.03414237449397 33.333333333333336
      vertex 16.503457123600406 494.17436758064565 -56.666666666666664
    endloop
  endfacet
  facet normal -0.8526401643540411 0.5224985647160323 0
    outer loop
      vertex 16.503457123600406 494.17436758064565 -56.666666666666664
      vertex 16.503457123600406 494.17436758064565 33.333333333333336
      vertex 16.592360340077203 494.31944444444446 -56.666666666666664
    endloop
  endfacet
  facet normal -0.8788171126619916 0.47715876025955994 0
    outer loop
      vertex 16.592360340077203 494.31944444444446 -56.666666666666664
      vertex 16.592360340077203 494.31944444444446 33.333333333333336
      vertex 16.673548981389974 494.46897532029095 -56.666666666666664
    endloop
  endfacet
  facet normal -0.902585284349887 0.43051109680823973 0
    outer loop
      vertex 16.673548981389974 494.46897532029095 -56.666666666666664
      vertex 16.673548981389974 494.46897532029095 33.333333333333336
      vertex 16.74680051511623 494.62255035444815 -56.666666666666664
    endloop
  endfacet
  facet normal -0.9238795325112816 0.3826834323651024 0
    outer loop
      vertex 16.74680051511623 494.62255035444815 -56.666666666666664
      vertex 16.74680051511623 494.62255035444815 33.333333333333336
      vertex 16.811914163893682 494.77974860842227 -56.666666666666664
    endloop
  endfacet
  facet normal -0.8241261886219876 -0.5664062369248736 0
    outer loop
      vertex 16.407083009496358 497.854746514395 -56.666666666666664
      vertex 16.503457123600406 497.7145213082433 -56.666666666666664
      vertex 16.503457123600406 497.7145213082433 33.333333333333336
    endloop
  endfacet
  facet normal -0.8526401643541324 -0.5224985647158834 0
    outer loop
      vertex 16.503457123600406 497.7145213082433 -56.666666666666664
      vertex 16.592360340077203 497.56944444444446 -56.666666666666664
      vertex 16.592360340077203 497.56944444444446 33.333333333333336
    endloop
  endfacet
  facet normal -0.8788171126619155 -0.47715876025970005 0
    outer loop
      vertex 16.592360340077203 497.56944444444446 -56.666666666666664
      vertex 16.673548981389974 497.419913568598 -56.666666666666664
      vertex 16.673548981389974 497.419913568598 33.333333333333336
    endloop
  endfacet
  facet normal -0.902585284349887 -0.43051109680823973 0
    outer loop
      vertex 16.673548981389974 497.419913568598 -56.666666666666664
      vertex 16.74680051511623 497.2663385344408 -56.666666666666664
      vertex 16.74680051511623 497.2663385344408 33.333333333333336
    endloop
  endfacet
  facet normal 0 0 1
    outer loop
      vertex 13.777777777777779 514.9166666666667 -31.666666666666664
      vertex 13.947869635567343 521.412212654619 -31.666666666666664
      vertex 13.777777777777779 521.4166666666667 -31.666666666666664
    endloop
  endfacet
  facet normal 0 0 1
    outer loop
      vertex 13.947869635567343 514.9211206787143 -31.666666666666664
      vertex 14.117495283397652 521.3988628266136 -31.666666666666664
      vertex 13.947869635567343 521.412212654619 -31.666666666666664
    endloop
  endfacet
  facet normal 0 0 1
    outer loop
      vertex 14.117495283397652 514.9344705067198 -31.666666666666664
      vertex 14.286189789158527 521.3766537736009 -31.666666666666664
      vertex 14.117495283397652 521.3988628266136 -31.666666666666664
    endloop
  endfacet
  facet normal 0 0 1
    outer loop
      vertex 14.286189789158527 514.9566795597325 -31.666666666666664
      vertex 14.453490772935496 521.3456463690516 -31.666666666666664
      vertex 14.286189789158527 521.3766537736009 -31.666666666666664
    endloop
  endfacet
  facet normal 0 0 1
    outer loop
      vertex 14.453490772935496 514.9876869642818 -31.666666666666664
      vertex 14.61893967436097 521.3059256021062 -31.666666666666664
      vertex 14.453490772935496 521.3456463690516 -31.666666666666664
    endloop
  endfacet
  facet normal 0 0 1
    outer loop
      vertex 14.61893967436097 515.0274077312272 -31.666666666666664
      vertex 14.782083009496358 521.2576003446259 -31.666666666666664
      vertex 14.61893967436097 521.3059256021062 -31.666666666666664
    endloop
  endfacet
  facet normal 0 0 1
    outer loop
      vertex 14.782083009496358 515.0757329887074 -31.666666666666664
      vertex 14.942473613800004 521.2008030527826 -31.666666666666664
      vertex 14.782083009496358 521.2576003446259 -31.666666666666664
    endloop
  endfacet
  facet normal 0 0 1
    outer loop
      vertex 14.942473613800004 515.1325302805508 -31.666666666666664
      vertex 15.099671867774127 521.1356894040051 -31.666666666666664
      vertex 14.942473613800004 521.2008030527826 -31.666666666666664
    endloop
  endfacet
  facet normal 0 0 1
    outer loop
      vertex 15.099671867774127 515.1976439293283 -31.666666666666664
      vertex 15.253246901931306 515.2708954630546 -31.666666666666664
      vertex 15.253246901931306 521.0624378702789 -31.666666666666664
    endloop
  endfacet
  facet normal 0 0 1
    outer loop
      vertex 15.099671867774127 515.1976439293283 -31.666666666666664
      vertex 15.253246901931306 521.0624378702789 -31.666666666666664
      vertex 15.099671867774127 521.1356894040051 -31.666666666666664
    endloop
  endfacet
  facet normal 0 0 1
    outer loop
      vertex 15.253246901931306 515.2708954630546 -31.666666666666664
      vertex 15.402777777777779 515.3520841043672 -31.666666666666664
      vertex 15.402777777777779 520.9812492289661 -31.666666666666664
    endloop
  endfacet
  facet normal 0 0 1
    outer loop
      vertex 15.253246901931306 515.2708954630546 -31.666666666666664
      vertex 15.402777777777779 520.9812492289661 -31.666666666666664
      vertex 15.253246901931306 521.0624378702789 -31.666666666666664
    endloop
  endfacet
  facet normal 0 0 1
    outer loop
      vertex 15.402777777777779 515.3520841043672 -31.666666666666664
      vertex 15.547854641576617 520.8923460124893 -31.666666666666664
      vertex 15.402777777777779 520.9812492289661 -31.666666666666664
    endloop
  endfacet
  facet normal 0 0 1
    outer loop
      vertex 15.402777777777779 515.3520841043672 -31.666666666666664
      vertex 15.547854641576617 515.440987320844 -31.666666666666664
      vertex 15.547854641576617 520.8923460124893 -31.666666666666664
    endloop
  endfacet
  facet normal 0 0 1
    outer loop
      vertex 15.547854641576617 515.440987320844 -31.666666666666664
      vertex 15.688079847728314 515.5373614349481 -31.666666666666664
      vertex 15.688079847728314 520.7959718983852 -31.666666666666664
    endloop
  endfacet
  facet normal 0 0 1
    outer loop
      vertex 15.547854641576617 515.440987320844 -31.666666666666664
      vertex 15.688079847728314 520.7959718983852 -31.666666666666664
      vertex 15.547854641576617 520.8923460124893 -31.666666666666664
    endloop
  endfacet
  facet normal 0 0 1
    outer loop
      vertex 15.688079847728314 515.5373614349481 -31.666666666666664
      vertex 15.82306904868975 515.6409422919315 -31.666666666666664
      vertex 15.82306904868975 520.6923910414018 -31.666666666666664
    endloop
  endfacet
  facet normal 0 0 1
    outer loop
      vertex 15.688079847728314 515.5373614349481 -31.666666666666664
      vertex 15.82306904868975 520.6923910414018 -31.666666666666664
      vertex 15.688079847728314 520.7959718983852 -31.666666666666664
    endloop
  endfacet
  facet normal 0 0 1
    outer loop
      vertex 15.82306904868975 515.6409422919315 -31.666666666666664
      vertex 15.952452248444068 515.7514459838651 -31.666666666666664
      vertex 15.952452248444068 520.5818873494682 -31.666666666666664
    endloop
  endfacet
  facet normal 0 0 1
    outer loop
      vertex 15.82306904868975 515.6409422919315 -31.666666666666664
      vertex 15.952452248444068 520.5818873494682 -31.666666666666664
      vertex 15.82306904868975 520.6923910414018 -31.666666666666664
    endloop
  endfacet
  facet normal 0 0 1
    outer loop
      vertex 15.952452248444068 515.7514459838651 -31.666666666666664
      vertex 16.07587481663406 520.464763705523 -31.666666666666664
      vertex 15.952452248444068 520.5818873494682 -31.666666666666664
    endloop
  endfacet
  facet normal 0 0 1
    outer loop
      vertex 15.952452248444068 515.7514459838651 -31.666666666666664
      vertex 16.07587481663406 515.8685696278104 -31.666666666666664
      vertex 16.07587481663406 520.464763705523 -31.666666666666664
    endloop
  endfacet
  facet normal 0 0 1
    outer loop
      vertex 16.07587481663406 515.8685696278104 -31.666666666666664
      vertex 16.19299846057931 515.9919921960004 -31.666666666666664
      vertex 16.19299846057931 520.341341137333 -31.666666666666664
    endloop
  endfacet
  facet normal 0 0 1
    outer loop
      vertex 16.07587481663406 515.8685696278104 -31.666666666666664
      vertex 16.19299846057931 520.341341137333 -31.666666666666664
      vertex 16.07587481663406 520.464763705523 -31.666666666666664
    endloop
  endfacet
  facet normal 0 0 1
    outer loop
      vertex 16.19299846057931 515.9919921960004 -31.666666666666664
      vertex 16.303502152512934 516.1213753957547 -31.666666666666664
      vertex 16.303502152512934 520.2119579375786 -31.666666666666664
    endloop
  endfacet
  facet normal 0 0 1
    outer loop
      vertex 16.303502152512934 516.1213753957547 -31.666666666666664
      vertex 16.407083009496358 516.2563645967161 -31.666666666666664
      vertex 16.407083009496358 520.0769687366172 -31.666666666666664
    endloop
  endfacet
  facet normal 0 0 1
    outer loop
      vertex 16.19299846057931 515.9919921960004 -31.666666666666664
      vertex 16.303502152512934 520.2119579375786 -31.666666666666664
      vertex 16.19299846057931 520.341341137333 -31.666666666666664
    endloop
  endfacet
  facet normal 0 0 1
    outer loop
      vertex 16.303502152512934 516.1213753957547 -31.666666666666664
      vertex 16.407083009496358 520.0769687366172 -31.666666666666664
      vertex 16.303502152512934 520.2119579375786 -31.666666666666664
    endloop
  endfacet
  facet normal 0 0 1
    outer loop
      vertex 16.407083009496358 516.2563645967161 -31.666666666666664
      vertex 16.503457123600406 516.3965898028679 -31.666666666666664
      vertex 16.503457123600406 519.9367435304655 -31.666666666666664
    endloop
  endfacet
  facet normal 0 0 1
    outer loop
      vertex 16.503457123600406 516.3965898028679 -31.666666666666664
      vertex 16.592360340077203 516.5416666666667 -31.666666666666664
      vertex 16.592360340077203 519.7916666666667 -31.666666666666664
    endloop
  endfacet
  facet normal 0 0 1
    outer loop
      vertex 16.407083009496358 516.2563645967161 -31.666666666666664
      vertex 16.503457123600406 519.9367435304655 -31.666666666666664
      vertex 16.407083009496358 520.0769687366172 -31.666666666666664
    endloop
  endfacet
  facet normal 0 0 1
    outer loop
      vertex 16.503457123600406 516.3965898028679 -31.666666666666664
      vertex 16.592360340077203 519.7916666666667 -31.666666666666664
      vertex 16.503457123600406 519.9367435304655 -31.666666666666664
    endloop
  endfacet
  facet normal 0 0 1
    outer loop
      vertex 16.592360340077203 516.5416666666667 -31.666666666666664
      vertex 16.673548981389974 516.6911975425131 -31.666666666666664
      vertex 16.673548981389974 519.6421357908202 -31.666666666666664
    endloop
  endfacet
  facet normal 0 0 1
    outer loop
      vertex 16.673548981389974 516.6911975425131 -31.666666666666664
      vertex 16.74680051511623 516.8447725766703 -31.666666666666664
      vertex 16.74680051511623 519.488560756663 -31.666666666666664
    endloop
  endfacet
  facet normal 0 0 1
    outer loop
      vertex 16.673548981389974 516.6911975425131 -31.666666666666664
      vertex 16.74680051511623 519.488560756663 -31.666666666666664
      vertex 16.673548981389974 519.6421357908202 -31.666666666666664
    endloop
  endfacet
  facet normal 0 0 1
    outer loop
      vertex 16.74680051511623 516.8447725766703 -31.666666666666664
      vertex 16.811914163893682 519.3313625026889 -31.666666666666664
      vertex 16.74680051511623 519.488560756663 -31.666666666666664
    endloop
  endfacet
  facet normal 0 0 1
    outer loop
      vertex 16.592360340077203 516.5416666666667 -31.666666666666664
      vertex 16.673548981389974 519.6421357908202 -31.666666666666664
      vertex 16.592360340077203 519.7916666666667 -31.666666666666664
    endloop
  endfacet
  facet normal -0.9426414910921723 0.33380685923378833 0
    outer loop
      vertex 16.811914163893682 494.77974860842227 -56.666666666666664
      vertex 16.811914163893682 494.77974860842227 33.333333333333336
      vertex 16.868711455737028 494.9401392127259 -56.666666666666664
    endloop
  endfacet
  facet normal -0.9588197348681878 0.28401534470394035 0
    outer loop
      vertex 16.868711455737028 494.9401392127259 -56.666666666666664
      vertex 16.868711455737028 494.9401392127259 33.333333333333336
      vertex 16.91703671321725 495.1032825478613 -56.666666666666664
    endloop
  endfacet
  facet normal -0.9723699203976723 0.23344536385592315 0
    outer loop
      vertex 16.91703671321725 495.1032825478613 -56.666666666666664
      vertex 16.91703671321725 495.1032825478613 33.333333333333336
      vertex 16.956757480162647 495.26873144928675 -56.666666666666664
    endloop
  endfacet
  facet normal -0.9832549075639533 0.1822355254921545 0
    outer loop
      vertex 16.956757480162647 495.26873144928675 -56.666666666666664
      vertex 16.956757480162647 495.26873144928675 33.333333333333336
      vertex 16.987764884711975 495.4360324330637 -56.666666666666664
    endloop
  endfacet
  facet normal -0.9914448613738148 0.1305261922200178 0
    outer loop
      vertex 16.987764884711975 495.4360324330637 -56.666666666666664
      vertex 16.987764884711975 495.4360324330637 33.333333333333336
      vertex 17.009973937724666 495.6047269388246 -56.666666666666664
    endloop
  endfacet
  facet normal -0.996917333733127 0.07845909572785731 0
    outer loop
      vertex 17.009973937724666 495.6047269388246 -56.666666666666664
      vertex 17.009973937724666 495.6047269388246 33.333333333333336
      vertex 17.023323765730144 495.7743525866549 -56.666666666666664
    endloop
  endfacet
  facet normal -0.9914448613738092 -0.13052619222006104 0
    outer loop
      vertex 16.987764884711975 496.4528564558252 -56.666666666666664
      vertex 17.009973937724666 496.28416195006434 -56.666666666666664
      vertex 17.009973937724666 496.28416195006434 33.333333333333336
    endloop
  endfacet
  facet normal -0.9996573249755571 0.026176948307876452 0
    outer loop
      vertex 17.023323765730144 495.7743525866549 -56.666666666666664
      vertex 17.023323765730144 495.7743525866549 33.333333333333336
      vertex 17.02777777777778 495.94444444444446 -56.666666666666664
    endloop
  endfacet
  facet normal -0.9996573249755574 -0.02617694830786771 0
    outer loop
      vertex 17.02777777777778 495.94444444444446 -56.666666666666664
      vertex 17.02777777777778 495.94444444444446 33.333333333333336
      vertex 17.023323765730144 496.11453630223406 -56.666666666666664
    endloop
  endfacet
  facet normal -0.996917333733127 -0.07845909572785731 0
    outer loop
      vertex 17.009973937724666 496.28416195006434 -56.666666666666664
      vertex 17.023323765730144 496.11453630223406 -56.666666666666664
      vertex 17.023323765730144 496.11453630223406 33.333333333333336
    endloop
  endfacet
  facet normal -0.9238795325112816 -0.3826834323651024 0
    outer loop
      vertex 16.74680051511623 497.2663385344408 -56.666666666666664
      vertex 16.811914163893682 497.1091402804667 -56.666666666666664
      vertex 16.811914163893682 497.1091402804667 33.333333333333336
    endloop
  endfacet
  facet normal -0.9426414910921723 -0.33380685923378833 0
    outer loop
      vertex 16.811914163893682 497.1091402804667 -56.666666666666664
      vertex 16.868711455737028 496.94874967616306 -56.666666666666664
      vertex 16.868711455737028 496.94874967616306 33.333333333333336
    endloop
  endfacet
  facet normal -0.9588197348681878 -0.28401534470394035 0
    outer loop
      vertex 16.868711455737028 496.94874967616306 -56.666666666666664
      vertex 16.91703671321725 496.7856063410277 -56.666666666666664
      vertex 16.91703671321725 496.7856063410277 33.333333333333336
    endloop
  endfacet
  facet normal -0.9723699203976723 -0.23344536385592315 0
    outer loop
      vertex 16.91703671321725 496.7856063410277 -56.666666666666664
      vertex 16.956757480162647 496.6201574396022 -56.666666666666664
      vertex 16.956757480162647 496.6201574396022 33.333333333333336
    endloop
  endfacet
  facet normal -0.9832549075639644 -0.18223552549209462 0
    outer loop
      vertex 16.987764884711975 496.4528564558252 -56.666666666666664
      vertex 16.987764884711975 496.4528564558252 33.333333333333336
      vertex 16.956757480162647 496.6201574396022 -56.666666666666664
    endloop
  endfacet
  facet normal 0 0 1
    outer loop
      vertex 16.74680051511623 516.8447725766703 -31.666666666666664
      vertex 16.811914163893682 517.0019708306445 -31.666666666666664
      vertex 16.811914163893682 519.3313625026889 -31.666666666666664
    endloop
  endfacet
  facet normal 0 0 1
    outer loop
      vertex 16.811914163893682 517.0019708306445 -31.666666666666664
      vertex 16.868711455737028 517.1623614349481 -31.666666666666664
      vertex 16.868711455737028 519.1709718983852 -31.666666666666664
    endloop
  endfacet
  facet normal 0 0 1
    outer loop
      vertex 16.811914163893682 517.0019708306445 -31.666666666666664
      vertex 16.868711455737028 519.1709718983852 -31.666666666666664
      vertex 16.811914163893682 519.3313625026889 -31.666666666666664
    endloop
  endfacet
  facet normal 0 0 1
    outer loop
      vertex 16.868711455737028 517.1623614349481 -31.666666666666664
      vertex 16.91703671321725 517.3255047700835 -31.666666666666664
      vertex 16.91703671321725 519.0078285632499 -31.666666666666664
    endloop
  endfacet
  facet normal 0 0 1
    outer loop
      vertex 16.91703671321725 517.3255047700835 -31.666666666666664
      vertex 16.956757480162647 517.490953671509 -31.666666666666664
      vertex 16.956757480162647 518.8423796618245 -31.666666666666664
    endloop
  endfacet
  facet normal 0 0 1
    outer loop
      vertex 16.868711455737028 517.1623614349481 -31.666666666666664
      vertex 16.91703671321725 519.0078285632499 -31.666666666666664
      vertex 16.868711455737028 519.1709718983852 -31.666666666666664
    endloop
  endfacet
  facet normal 0 0 1
    outer loop
      vertex 16.91703671321725 517.3255047700835 -31.666666666666664
      vertex 16.956757480162647 518.8423796618245 -31.666666666666664
      vertex 16.91703671321725 519.0078285632499 -31.666666666666664
    endloop
  endfacet
  facet normal 0 0 1
    outer loop
      vertex 16.956757480162647 517.490953671509 -31.666666666666664
      vertex 16.987764884711975 517.6582546552859 -31.666666666666664
      vertex 16.987764884711975 518.6750786780474 -31.666666666666664
    endloop
  endfacet
  facet normal 0 0 1
    outer loop
      vertex 16.987764884711975 517.6582546552859 -31.666666666666664
      vertex 17.009973937724666 517.8269491610467 -31.666666666666664
      vertex 17.009973937724666 518.5063841722865 -31.666666666666664
    endloop
  endfacet
  facet normal 0 0 1
    outer loop
      vertex 16.956757480162647 517.490953671509 -31.666666666666664
      vertex 16.987764884711975 518.6750786780474 -31.666666666666664
      vertex 16.956757480162647 518.8423796618245 -31.666666666666664
    endloop
  endfacet
  facet normal 0 0 1
    outer loop
      vertex 16.987764884711975 517.6582546552859 -31.666666666666664
      vertex 17.009973937724666 518.5063841722865 -31.666666666666664
      vertex 16.987764884711975 518.6750786780474 -31.666666666666664
    endloop
  endfacet
  facet normal 0 0 1
    outer loop
      vertex 17.009973937724666 517.8269491610467 -31.666666666666664
      vertex 17.023323765730144 517.9965748088771 -31.666666666666664
      vertex 17.023323765730144 518.3367585244563 -31.666666666666664
    endloop
  endfacet
  facet normal 0 0 1
    outer loop
      vertex 17.023323765730144 517.9965748088771 -31.666666666666664
      vertex 17.02777777777778 518.1666666666667 -31.666666666666664
      vertex 17.023323765730144 518.3367585244563 -31.666666666666664
    endloop
  endfacet
  facet normal 0 0 1
    outer loop
      vertex 17.009973937724666 517.8269491610467 -31.666666666666664
      vertex 17.023323765730144 518.3367585244563 -31.666666666666664
      vertex 17.009973937724666 518.5063841722865 -31.666666666666664
    endloop
  endfacet
  facet normal 0 0 -1
    outer loop
      vertex 25.77777777777778 379.11111111111114 -63.55555555555555
      vertex 20.77777777777778 518.5555555555557 -63.55555555555555
      vertex 21.0394575589925 518.5487032293285 -63.55555555555555
    endloop
  endfacet
  facet normal 0 0 -1
    outer loop
      vertex 25.77777777777778 379.11111111111114 -63.55555555555555
      vertex 21.0394575589925 518.5487032293285 -63.55555555555555
      vertex 21.300420094116046 518.5281650323969 -63.55555555555555
    endloop
  endfacet
  facet normal 1 0 0
    outer loop
      vertex 25.77777777777778 379.11111111111114 -63.55555555555555
      vertex 25.77777777777778 513.5555555555557 -63.55555555555555
      vertex 25.77777777777778 486.83333333333337 -50.666666666666664
    endloop
  endfacet
  facet normal 0 0 -1
    outer loop
      vertex 25.77777777777778 379.11111111111114 -63.55555555555555
      vertex 25.445679910263788 515.3473953032822 -63.55555555555555
      vertex 25.533060359253547 515.1006405274304 -63.55555555555555
    endloop
  endfacet
  facet normal 0 0 -1
    outer loop
      vertex 25.77777777777778 379.11111111111114 -63.55555555555555
      vertex 25.533060359253547 515.1006405274304 -63.55555555555555
      vertex 25.60740690922312 514.8496507810682 -63.55555555555555
    endloop
  endfacet
  facet normal 0 0 -1
    outer loop
      vertex 25.77777777777778 379.11111111111114 -63.55555555555555
      vertex 25.770925451550646 513.8172353367703 -63.55555555555555
      vertex 25.77777777777778 513.5555555555557 -63.55555555555555
    endloop
  endfacet
  facet normal 0 0 -1
    outer loop
      vertex 25.77777777777778 379.11111111111114 -63.55555555555555
      vertex 25.716219480753466 514.3377278807568 -63.55555555555555
      vertex 25.750387254619145 514.0781978718938 -63.55555555555555
    endloop
  endfacet
  facet normal 0 0 -1
    outer loop
      vertex 25.77777777777778 379.11111111111114 -63.55555555555555
      vertex 25.750387254619145 514.0781978718938 -63.55555555555555
      vertex 25.770925451550646 513.8172353367703 -63.55555555555555
    endloop
  endfacet
  facet normal 0 0 -1
    outer loop
      vertex 25.77777777777778 379.11111111111114 -63.55555555555555
      vertex 25.60740690922312 514.8496507810682 -63.55555555555555
      vertex 25.668515781446807 514.5951140096444 -63.55555555555555
    endloop
  endfacet
  facet normal 0 0 -1
    outer loop
      vertex 25.77777777777778 379.11111111111114 -63.55555555555555
      vertex 25.668515781446807 514.5951140096444 -63.55555555555555
      vertex 25.716219480753466 514.3377278807568 -63.55555555555555
    endloop
  endfacet
  facet normal 0 0 -1
    outer loop
      vertex 25.77777777777778 379.11111111111114 -63.55555555555555
      vertex 21.300420094116046 518.5281650323969 -63.55555555555555
      vertex 21.55995010297893 518.4939972585313 -63.55555555555555
    endloop
  endfacet
  facet normal 0 0 -1
    outer loop
      vertex 25.77777777777778 379.11111111111114 -63.55555555555555
      vertex 21.55995010297893 518.4939972585313 -63.55555555555555
      vertex 21.817336231866577 518.4462935592246 -63.55555555555555
    endloop
  endfacet
  facet normal 0 0 -1
    outer loop
      vertex 25.77777777777778 379.11111111111114 -63.55555555555555
      vertex 21.817336231866577 518.4462935592246 -63.55555555555555
      vertex 22.07187300329038 518.3851846870009 -63.55555555555555
    endloop
  endfacet
  facet normal 0 0 -1
    outer loop
      vertex 25.77777777777778 379.11111111111114 -63.55555555555555
      vertex 22.07187300329038 518.3851846870009 -63.55555555555555
      vertex 22.322862749652515 518.3108381370314 -63.55555555555555
    endloop
  endfacet
  facet normal 0 0 -1
    outer loop
      vertex 25.77777777777778 379.11111111111114 -63.55555555555555
      vertex 22.322862749652515 518.3108381370314 -63.55555555555555
      vertex 22.569617525504277 518.2234576880417 -63.55555555555555
    endloop
  endfacet
  facet normal 0 0 -1
    outer loop
      vertex 25.77777777777778 379.11111111111114 -63.55555555555555
      vertex 22.569617525504277 518.2234576880417 -63.55555555555555
      vertex 22.81146099315678 518.1232828437686 -63.55555555555555
    endloop
  endfacet
  facet normal 0 0 -1
    outer loop
      vertex 25.77777777777778 379.11111111111114 -63.55555555555555
      vertex 22.81146099315678 518.1232828437686 -63.55555555555555
      vertex 23.047730276475512 518.0105881764974 -63.55555555555555
    endloop
  endfacet
  facet normal 0 0 -1
    outer loop
      vertex 25.77777777777778 379.11111111111114 -63.55555555555555
      vertex 23.047730276475512 518.0105881764974 -63.55555555555555
      vertex 23.27777777777778 517.8856825744779 -63.55555555555555
    endloop
  endfacet
  facet normal 0 0 -1
    outer loop
      vertex 25.77777777777778 379.11111111111114 -63.55555555555555
      vertex 23.27777777777778 517.8856825744779 -63.55555555555555
      vertex 23.500972952852912 517.7489083952828 -63.55555555555555
    endloop
  endfacet
  facet normal 0 0 -1
    outer loop
      vertex 25.77777777777778 379.11111111111114 -63.55555555555555
      vertex 23.500972952852912 517.7489083952828 -63.55555555555555
      vertex 23.716704039240145 517.6006405274304 -63.55555555555555
    endloop
  endfacet
  facet normal 0 0 -1
    outer loop
      vertex 25.77777777777778 379.11111111111114 -63.55555555555555
      vertex 23.716704039240145 517.6006405274304 -63.55555555555555
      vertex 23.924379733026967 517.4412853628405 -63.55555555555555
    endloop
  endfacet
  facet normal 0 0 -1
    outer loop
      vertex 25.77777777777778 379.11111111111114 -63.55555555555555
      vertex 23.924379733026967 517.4412853628405 -63.55555555555555
      vertex 24.12343080957207 517.2712796829426 -63.55555555555555
    endloop
  endfacet
  facet normal 0 0 -1
    outer loop
      vertex 25.77777777777778 379.11111111111114 -63.55555555555555
      vertex 24.12343080957207 517.2712796829426 -63.55555555555555
      vertex 24.313311683710516 517.0910894614883 -63.55555555555555
    endloop
  endfacet
  facet normal 0 0 -1
    outer loop
      vertex 25.77777777777778 379.11111111111114 -63.55555555555555
      vertex 24.313311683710516 517.0910894614883 -63.55555555555555
      vertex 24.49350190516475 516.9012085873499 -63.55555555555555
    endloop
  endfacet
  facet normal 0 0 -1
    outer loop
      vertex 25.77777777777778 379.11111111111114 -63.55555555555555
      vertex 24.49350190516475 516.9012085873499 -63.55555555555555
      vertex 24.663507585062632 516.7021575108048 -63.55555555555555
    endloop
  endfacet
  facet normal 0 0 -1
    outer loop
      vertex 25.77777777777778 379.11111111111114 -63.55555555555555
      vertex 24.663507585062632 516.7021575108048 -63.55555555555555
      vertex 24.822862749652515 516.4944818170179 -63.55555555555555
    endloop
  endfacet
  facet normal 0 0 -1
    outer loop
      vertex 25.77777777777778 379.11111111111114 -63.55555555555555
      vertex 24.822862749652515 516.4944818170179 -63.55555555555555
      vertex 24.971130617504897 516.2787507306307 -63.55555555555555
    endloop
  endfacet
  facet normal 0 0 -1
    outer loop
      vertex 25.77777777777778 379.11111111111114 -63.55555555555555
      vertex 24.971130617504897 516.2787507306307 -63.55555555555555
      vertex 25.10790479669997 516.0555555555557 -63.55555555555555
    endloop
  endfacet
  facet normal 0 0 -1
    outer loop
      vertex 25.77777777777778 379.11111111111114 -63.55555555555555
      vertex 25.10790479669997 516.0555555555557 -63.55555555555555
      vertex 25.232810398719618 515.8255080542533 -63.55555555555555
    endloop
  endfacet
  facet normal 0 0 -1
    outer loop
      vertex 25.77777777777778 379.11111111111114 -63.55555555555555
      vertex 25.232810398719618 515.8255080542533 -63.55555555555555
      vertex 25.345505065990782 515.5892387709346 -63.55555555555555
    endloop
  endfacet
  facet normal 0 0 -1
    outer loop
      vertex 25.77777777777778 379.11111111111114 -63.55555555555555
      vertex 25.345505065990782 515.5892387709346 -63.55555555555555
      vertex 25.445679910263788 515.3473953032822 -63.55555555555555
    endloop
  endfacet
  facet normal 0.025514892185507086 0.974374421683838 -0.22348037194583395
    outer loop
      vertex 20.77777777777778 518.5555555555557 -63.55555555555555
      vertex 20.77777777777778 540.7777777777778 33.333333333333336
      vertex 21.0394575589925 518.5487032293285 -63.55555555555555
    endloop
  endfacet
  facet normal 0.07648519855658183 0.9718365921464904 -0.22289830095103058
    outer loop
      vertex 21.0394575589925 518.5487032293285 -63.55555555555555
      vertex 21.0394575589925 540.7709254515507 33.333333333333336
      vertex 21.300420094116046 518.5281650323969 -63.55555555555555
    endloop
  endfacet
  facet normal 0.12727699770300846 0.9667647787588034 -0.2217350409997262
    outer loop
      vertex 21.300420094116046 518.5281650323969 -63.55555555555555
      vertex 21.300420094116046 540.7503872546192 33.333333333333336
      vertex 21.55995010297893 518.4939972585313 -63.55555555555555
    endloop
  endfacet
  facet normal 0.17777104538818875 0.959166728488251 -0.21999236891932428
    outer loop
      vertex 21.55995010297893 518.4939972585313 -63.55555555555555
      vertex 21.55995010297893 540.7162194807536 33.333333333333336
      vertex 21.817336231866577 518.4462935592246 -63.55555555555555
    endloop
  endfacet
  facet normal 0.22784775454800776 0.9490541996340218 -0.2176729815674357
    outer loop
      vertex 21.817336231866577 518.4462935592246 -63.55555555555555
      vertex 21.817336231866577 540.6685157814468 33.333333333333336
      vertex 22.07187300329038 518.3851846870009 -63.55555555555555
    endloop
  endfacet
  facet normal 0.27738709060934247 0.9364431240551981 -0.2147805330401837
    outer loop
      vertex 22.07187300329038 518.3851846870009 -63.55555555555555
      vertex 22.07187300329038 540.6074069092232 33.333333333333336
      vertex 22.322862749652515 518.3108381370314 -63.55555555555555
    endloop
  endfacet
  facet normal 0.32626849887405523 0.9213538181363349 -0.21131968305879195
    outer loop
      vertex 22.322862749652515 518.3108381370314 -63.55555555555555
      vertex 22.322862749652515 540.5330603592536 33.333333333333336
      vertex 22.569617525504277 518.2234576880417 -63.55555555555555
    endloop
  endfacet
  facet normal 0.3743708725531373 0.9038112378747726 -0.2072961554758648
    outer loop
      vertex 22.569617525504277 518.2234576880417 -63.55555555555555
      vertex 22.569617525504277 540.4456799102638 33.333333333333336
      vertex 22.81146099315678 518.1232828437686 -63.55555555555555
    endloop
  endfacet
  facet normal 1 0 0
    outer loop
      vertex 25.77777777777778 486.83333333333337 -50.666666666666664
      vertex 25.77777777777778 513.5555555555557 -63.55555555555555
      vertex 25.77777777777778 535.7777777777778 33.333333333333336
    endloop
  endfacet
  facet normal 0.4215725695676096 0.8838452722780835 -0.20271680556836835
    outer loop
      vertex 22.81146099315678 518.1232828437686 -63.55555555555555
      vertex 22.81146099315678 540.3455050659909 33.333333333333336
      vertex 23.047730276475512 518.0105881764974 -63.55555555555555
    endloop
  endfacet
  facet normal 0.46775148559153784 0.8614910680619412 -0.19758969450962013
    outer loop
      vertex 23.047730276475512 518.0105881764974 -63.55555555555555
      vertex 23.047730276475512 540.2328103987197 33.333333333333336
      vertex 23.27777777777778 517.8856825744779 -63.55555555555555
    endloop
  endfacet
  facet normal 0.5127851900071403 0.836789377447808 -0.1919241691394051
    outer loop
      vertex 23.27777777777778 517.8856825744779 -63.55555555555555
      vertex 23.27777777777778 540.1079047967 33.333333333333336
      vertex 23.500972952852912 517.7489083952828 -63.55555555555555
    endloop
  endfacet
  facet normal 0.5565511304363806 0.8097869197028031 -0.18573094488596362
    outer loop
      vertex 23.500972952852912 517.7489083952828 -63.55555555555555
      vertex 23.500972952852912 539.971130617505 33.333333333333336
      vertex 23.716704039240145 517.6006405274304 -63.55555555555555
    endloop
  endfacet
  facet normal 0.5989269102938083 0.7805367459722107 -0.1790221894431672
    outer loop
      vertex 23.716704039240145 517.6006405274304 -63.55555555555555
      vertex 23.716704039240145 539.8228627496526 33.333333333333336
      vertex 23.924379733026967 517.4412853628405 -63.55555555555555
    endloop
  endfacet
  facet normal 0.6397906423386037 0.7490985959847639 -0.17181160458366107
    outer loop
      vertex 23.924379733026967 517.4412853628405 -63.55555555555555
      vertex 23.924379733026967 539.6635075850627 33.333333333333336
      vertex 24.12343080957207 517.2712796829426 -63.55555555555555
    endloop
  endfacet
  facet normal 0.6790213795289959 0.7155392343883774 -0.16411450330008617
    outer loop
      vertex 24.313311683710516 517.0910894614883 -63.55555555555555
      vertex 24.12343080957207 517.2712796829426 -63.55555555555555
      vertex 24.12343080957207 539.4935019051647 33.333333333333336
    endloop
  endfacet
  facet normal 0.7164996225648427 0.6799327538785941 -0.1559478793299524
    outer loop
      vertex 24.313311683710516 517.0910894614883 -63.55555555555555
      vertex 24.313311683710516 539.3133116837105 33.333333333333336
      vertex 24.49350190516475 516.9012085873499 -63.55555555555555
    endloop
  endfacet
  facet normal 0.7521079013909997 0.6423608319626543 -0.14733046604648
    outer loop
      vertex 24.49350190516475 516.9012085873499 -63.55555555555555
      vertex 24.49350190516475 539.123430809572 33.333333333333336
      vertex 24.663507585062632 516.7021575108048 -63.55555555555555
    endloop
  endfacet
  facet normal 0.7857314256641404 0.6029129282151034 -0.1382827817007115
    outer loop
      vertex 24.663507585062632 516.7021575108048 -63.55555555555555
      vertex 24.663507585062632 538.924379733027 33.333333333333336
      vertex 24.822862749652515 516.4944818170179 -63.55555555555555
    endloop
  endfacet
  facet normal 0.8172587968036592 0.561686409292838 -0.12882715809468798
    outer loop
      vertex 24.822862749652515 516.4944818170179 -63.55555555555555
      vertex 24.822862749652515 538.7167040392402 33.333333333333336
      vertex 24.971130617504897 516.2787507306307 -63.55555555555555
    endloop
  endfacet
  facet normal 0.8465827718475761 0.5187865898141146 -0.11898774995736608
    outer loop
      vertex 24.971130617504897 516.2787507306307 -63.55555555555555
      vertex 24.971130617504897 538.500972952853 33.333333333333336
      vertex 25.10790479669997 516.0555555555557 -63.55555555555555
    endloop
  endfacet
  facet normal 0.9203412605274679 0.38121783212216676 -0.08743528259682705
    outer loop
      vertex 25.345505065990782 515.5892387709346 -63.55555555555555
      vertex 25.345505065990782 537.8114609931567 33.333333333333336
      vertex 25.445679910263788 515.3473953032822 -63.55555555555555
    endloop
  endfacet
  facet normal 0.9398908751899496 0.332832815056923 -0.07633780161856016
    outer loop
      vertex 25.445679910263788 515.3473953032822 -63.55555555555555
      vertex 25.445679910263788 537.5696175255043 33.333333333333336
      vertex 25.533060359253547 515.1006405274304 -63.55555555555555
    endloop
  endfacet
  facet normal 0.956791874129433 0.2834146649871571 -0.06500336352916432
    outer loop
      vertex 25.533060359253547 515.1006405274304 -63.55555555555555
      vertex 25.533060359253547 537.3228627496526 33.333333333333336
      vertex 25.60740690922312 514.8496507810682 -63.55555555555555
    endloop
  endfacet
  facet normal 0.9996393083078665 0.026176476524842094 -0.006003779019459214
    outer loop
      vertex 25.77777777777778 513.5555555555557 -63.55555555555555
      vertex 25.770925451550646 513.8172353367703 -63.55555555555555
      vertex 25.770925451550646 536.0394575589926 33.333333333333336
    endloop
  endfacet
  facet normal 0.9967559583418811 0.07844639520910476 -0.01799229247915252
    outer loop
      vertex 25.770925451550646 513.8172353367703 -63.55555555555555
      vertex 25.750387254619145 514.0781978718938 -63.55555555555555
      vertex 25.750387254619145 536.3004200941161 33.333333333333336
    endloop
  endfacet
  facet normal 0.9709791145876833 0.23311146092285245 -0.053465931404323846
    outer loop
      vertex 25.60740690922312 514.8496507810682 -63.55555555555555
      vertex 25.60740690922312 537.0718730032904 33.333333333333336
      vertex 25.668515781446807 514.5951140096444 -63.55555555555555
    endloop
  endfacet
  facet normal 0.9823971577038031 0.18207655095232947 -0.0417606768239289
    outer loop
      vertex 25.668515781446807 514.5951140096444 -63.55555555555555
      vertex 25.668515781446807 536.8173362318666 33.333333333333336
      vertex 25.716219480753466 514.3377278807568 -63.55555555555555
    endloop
  endfacet
  facet normal 0.991000875526545 0.13046774037433673 -0.02992379366383863
    outer loop
      vertex 25.750387254619145 514.0781978718938 -63.55555555555555
      vertex 25.716219480753466 514.3377278807568 -63.55555555555555
      vertex 25.716219480753466 536.559950102979 33.333333333333336
    endloop
  endfacet
  facet normal 0.8736010669808623 0.47432667852731153 -0.10879052259800699
    outer loop
      vertex 25.10790479669997 516.0555555555557 -63.55555555555555
      vertex 25.10790479669997 538.2777777777778 33.333333333333336
      vertex 25.232810398719618 515.8255080542533 -63.55555555555555
    endloop
  endfacet
  facet normal 0.8982171864314453 0.42842762097677495 -0.098263215820361
    outer loop
      vertex 25.345505065990782 515.5892387709346 -63.55555555555555
      vertex 25.232810398719618 515.8255080542533 -63.55555555555555
      vertex 25.232810398719618 538.0477302764755 33.333333333333336
    endloop
  endfacet
  facet normal -0.026176948307852308 0.9996573249755578 0
    outer loop
      vertex 13.777777777777779 492.69444444444446 -56.666666666666664
      vertex 13.777777777777779 492.69444444444446 33.333333333333336
      vertex 13.947869635567343 492.6988984564921 33.333333333333336
    endloop
  endfacet
  facet normal -0.07845909572807577 0.9969173337331098 0
    outer loop
      vertex 13.947869635567343 492.6988984564921 -56.666666666666664
      vertex 13.947869635567343 492.6988984564921 33.333333333333336
      vertex 14.117495283397652 492.7122482844976 33.333333333333336
    endloop
  endfacet
  facet normal -0.13052619222019932 0.9914448613737911 0
    outer loop
      vertex 14.117495283397652 492.7122482844976 -56.666666666666664
      vertex 14.117495283397652 492.7122482844976 33.333333333333336
      vertex 14.286189789158527 492.7344573375103 33.333333333333336
    endloop
  endfacet
  facet normal -0.1822355254920588 0.9832549075639709 0
    outer loop
      vertex 14.286189789158527 492.7344573375103 -56.666666666666664
      vertex 14.286189789158527 492.7344573375103 33.333333333333336
      vertex 14.453490772935496 492.76546474205963 33.333333333333336
    endloop
  endfacet
  facet normal -0.23344536385581022 0.9723699203976994 0
    outer loop
      vertex 14.453490772935496 492.76546474205963 -56.666666666666664
      vertex 14.453490772935496 492.76546474205963 33.333333333333336
      vertex 14.61893967436097 492.805185509005 33.333333333333336
    endloop
  endfacet
  facet normal -0.2840153447038024 0.9588197348682287 0
    outer loop
      vertex 14.61893967436097 492.805185509005 -56.666666666666664
      vertex 14.61893967436097 492.805185509005 33.333333333333336
      vertex 14.782083009496358 492.8535107664852 33.333333333333336
    endloop
  endfacet
  facet normal -0.33380685923404146 0.9426414910920825 0
    outer loop
      vertex 14.782083009496358 492.8535107664852 -56.666666666666664
      vertex 14.782083009496358 492.8535107664852 33.333333333333336
      vertex 14.942473613800004 492.9103080583286 33.333333333333336
    endloop
  endfacet
  facet normal -0.38268343236489155 0.9238795325113689 0
    outer loop
      vertex 14.942473613800004 492.9103080583286 -56.666666666666664
      vertex 14.942473613800004 492.9103080583286 33.333333333333336
      vertex 15.099671867774127 492.975421707106 33.333333333333336
    endloop
  endfacet
  facet normal -0.4305110968082544 0.9025852843498801 0
    outer loop
      vertex 15.099671867774127 492.975421707106 -56.666666666666664
      vertex 15.099671867774127 492.975421707106 33.333333333333336
      vertex 15.253246901931306 493.0486732408323 33.333333333333336
    endloop
  endfacet
  facet normal 1 0 0
    outer loop
      vertex 15.777777777777779 482.83333333333337 33.333333333333336
      vertex 15.777777777777779 486.83333333333337 -50.666666666666664
      vertex 15.777777777777779 486.83333333333337 33.333333333333336
    endloop
  endfacet
  facet normal -0.47715876025970927 0.8788171126619106 0
    outer loop
      vertex 15.253246901931306 493.0486732408323 -56.666666666666664
      vertex 15.253246901931306 493.0486732408323 33.333333333333336
      vertex 15.402777777777779 493.12986188214506 33.333333333333336
    endloop
  endfacet
  facet normal -0.5224985647159941 0.8526401643540645 0
    outer loop
      vertex 15.402777777777779 493.12986188214506 -56.666666666666664
      vertex 15.402777777777779 493.12986188214506 33.333333333333336
      vertex 15.547854641576617 493.2187650986219 33.333333333333336
    endloop
  endfacet
  facet normal -0.5664062369247921 0.8241261886220437 0
    outer loop
      vertex 15.547854641576617 493.2187650986219 -56.666666666666664
      vertex 15.547854641576617 493.2187650986219 33.333333333333336
      vertex 15.688079847728314 493.3151392127259 33.333333333333336
    endloop
  endfacet
  facet normal -0.6087614290088361 0.7933533402911467 0
    outer loop
      vertex 15.688079847728314 493.3151392127259 -56.666666666666664
      vertex 15.688079847728314 493.3151392127259 33.333333333333336
      vertex 15.82306904868975 493.41872006970937 33.333333333333336
    endloop
  endfacet
  facet normal -0.6494480483299586 0.7604059656002231 0
    outer loop
      vertex 15.82306904868975 493.41872006970937 -56.666666666666664
      vertex 15.82306904868975 493.41872006970937 33.333333333333336
      vertex 15.952452248444068 493.5292237616429 33.333333333333336
    endloop
  endfacet
  facet normal 0 0 1
    outer loop
      vertex 15.777777777777779 482.83333333333337 33.333333333333336
      vertex 15.777777777777779 486.83333333333337 33.333333333333336
      vertex 11.777777777777779 486.83333333333337 33.333333333333336
    endloop
  endfacet
  facet normal 0 0 1
    outer loop
      vertex 13.947869635567343 492.6988984564921 33.333333333333336
      vertex 11.777777777777779 486.83333333333337 33.333333333333336
      vertex 15.777777777777779 486.83333333333337 33.333333333333336
    endloop
  endfacet
  facet normal 0 0 1
    outer loop
      vertex 13.947869635567343 492.6988984564921 33.333333333333336
      vertex 25.77777777777778 486.83333333333337 33.333333333333336
      vertex 14.117495283397652 492.7122482844976 33.333333333333336
    endloop
  endfacet
  facet normal 0 0 1
    outer loop
      vertex 14.117495283397652 492.7122482844976 33.333333333333336
      vertex 25.77777777777778 486.83333333333337 33.333333333333336
      vertex 14.286189789158527 492.7344573375103 33.333333333333336
    endloop
  endfacet
  facet normal 0 0 1
    outer loop
      vertex 14.286189789158527 492.7344573375103 33.333333333333336
      vertex 25.77777777777778 486.83333333333337 33.333333333333336
      vertex 14.453490772935496 492.76546474205963 33.333333333333336
    endloop
  endfacet
  facet normal 0 0 1
    outer loop
      vertex 13.947869635567343 492.6988984564921 33.333333333333336
      vertex 15.777777777777779 486.83333333333337 33.333333333333336
      vertex 25.77777777777778 486.83333333333337 33.333333333333336
    endloop
  endfacet
  facet normal 0 0 1
    outer loop
      vertex 14.453490772935496 492.76546474205963 33.333333333333336
      vertex 25.77777777777778 486.83333333333337 33.333333333333336
      vertex 14.61893967436097 492.805185509005 33.333333333333336
    endloop
  endfacet
  facet normal 0 0 1
    outer loop
      vertex 14.61893967436097 492.805185509005 33.333333333333336
      vertex 25.77777777777778 486.83333333333337 33.333333333333336
      vertex 14.782083009496358 492.8535107664852 33.333333333333336
    endloop
  endfacet
  facet normal 0 0 1
    outer loop
      vertex 14.782083009496358 492.8535107664852 33.333333333333336
      vertex 25.77777777777778 486.83333333333337 33.333333333333336
      vertex 14.942473613800004 492.9103080583286 33.333333333333336
    endloop
  endfacet
  facet normal 0 0 1
    outer loop
      vertex 14.942473613800004 492.9103080583286 33.333333333333336
      vertex 25.77777777777778 486.83333333333337 33.333333333333336
      vertex 15.099671867774127 492.975421707106 33.333333333333336
    endloop
  endfacet
  facet normal 0 0 1
    outer loop
      vertex 15.099671867774127 492.975421707106 33.333333333333336
      vertex 25.77777777777778 486.83333333333337 33.333333333333336
      vertex 15.253246901931306 493.0486732408323 33.333333333333336
    endloop
  endfacet
  facet normal 0 0 1
    outer loop
      vertex 15.253246901931306 493.0486732408323 33.333333333333336
      vertex 25.77777777777778 486.83333333333337 33.333333333333336
      vertex 15.402777777777779 493.12986188214506 33.333333333333336
    endloop
  endfacet
  facet normal 0 0 1
    outer loop
      vertex 15.402777777777779 493.12986188214506 33.333333333333336
      vertex 25.77777777777778 486.83333333333337 33.333333333333336
      vertex 15.547854641576617 493.2187650986219 33.333333333333336
    endloop
  endfacet
  facet normal 0 0 1
    outer loop
      vertex 15.547854641576617 493.2187650986219 33.333333333333336
      vertex 25.77777777777778 486.83333333333337 33.333333333333336
      vertex 15.688079847728314 493.3151392127259 33.333333333333336
    endloop
  endfacet
  facet normal 0 0 1
    outer loop
      vertex 15.688079847728314 493.3151392127259 33.333333333333336
      vertex 25.77777777777778 486.83333333333337 33.333333333333336
      vertex 15.82306904868975 493.41872006970937 33.333333333333336
    endloop
  endfacet
  facet normal 0 0 1
    outer loop
      vertex 15.82306904868975 493.41872006970937 33.333333333333336
      vertex 25.77777777777778 486.83333333333337 33.333333333333336
      vertex 15.952452248444068 493.5292237616429 33.333333333333336
    endloop
  endfacet
  facet normal 0 0 1
    outer loop
      vertex 15.952452248444068 493.5292237616429 33.333333333333336
      vertex 25.77777777777778 486.83333333333337 33.333333333333336
      vertex 16.07587481663406 493.6463474055882 33.333333333333336
    endloop
  endfacet
  facet normal 0 0 1
    outer loop
      vertex 16.07587481663406 493.6463474055882 33.333333333333336
      vertex 25.77777777777778 486.83333333333337 33.333333333333336
      vertex 16.19299846057931 493.7697699737782 33.333333333333336
    endloop
  endfacet
  facet normal 0 0 1
    outer loop
      vertex 16.19299846057931 493.7697699737782 33.333333333333336
      vertex 25.77777777777778 486.83333333333337 33.333333333333336
      vertex 16.303502152512934 493.8991531735325 33.333333333333336
    endloop
  endfacet
  facet normal 0 0 1
    outer loop
      vertex 16.303502152512934 493.8991531735325 33.333333333333336
      vertex 25.77777777777778 486.83333333333337 33.333333333333336
      vertex 16.407083009496358 494.03414237449397 33.333333333333336
    endloop
  endfacet
  facet normal 0 0 1
    outer loop
      vertex 16.407083009496358 494.03414237449397 33.333333333333336
      vertex 25.77777777777778 486.83333333333337 33.333333333333336
      vertex 16.503457123600406 494.17436758064565 33.333333333333336
    endloop
  endfacet
  facet normal 0 0 1
    outer loop
      vertex 16.503457123600406 494.17436758064565 33.333333333333336
      vertex 25.77777777777778 486.83333333333337 33.333333333333336
      vertex 16.592360340077203 494.31944444444446 33.333333333333336
    endloop
  endfacet
  facet normal 0 0 1
    outer loop
      vertex 16.592360340077203 494.31944444444446 33.333333333333336
      vertex 25.77777777777778 486.83333333333337 33.333333333333336
      vertex 16.673548981389974 494.46897532029095 33.333333333333336
    endloop
  endfacet
  facet normal 0 0 1
    outer loop
      vertex 16.673548981389974 494.46897532029095 33.333333333333336
      vertex 25.77777777777778 486.83333333333337 33.333333333333336
      vertex 16.74680051511623 494.62255035444815 33.333333333333336
    endloop
  endfacet
  facet normal -0.026176948307184613 0.9996573249755754 0
    outer loop
      vertex 13.777777777777779 514.9166666666667 -31.666666666666664
      vertex 13.777777777777779 514.9166666666667 33.333333333333336
      vertex 13.947869635567343 514.9211206787143 -31.666666666666664
    endloop
  endfacet
  facet normal -0.07845909572807577 0.9969173337331098 0
    outer loop
      vertex 13.947869635567343 514.9211206787143 -31.666666666666664
      vertex 13.947869635567343 514.9211206787143 33.333333333333336
      vertex 14.117495283397652 514.9344705067198 -31.666666666666664
    endloop
  endfacet
  facet normal -0.13052619222019932 0.9914448613737911 0
    outer loop
      vertex 14.117495283397652 514.9344705067198 -31.666666666666664
      vertex 14.117495283397652 514.9344705067198 33.333333333333336
      vertex 14.286189789158527 514.9566795597325 -31.666666666666664
    endloop
  endfacet
  facet normal -0.18223552549205876 0.9832549075639709 0
    outer loop
      vertex 14.286189789158527 514.9566795597325 -31.666666666666664
      vertex 14.286189789158527 514.9566795597325 33.333333333333336
      vertex 14.453490772935496 514.9876869642818 -31.666666666666664
    endloop
  endfacet
  facet normal -0.2334453638558102 0.9723699203976994 0
    outer loop
      vertex 14.453490772935496 514.9876869642818 -31.666666666666664
      vertex 14.453490772935496 514.9876869642818 33.333333333333336
      vertex 14.61893967436097 515.0274077312272 -31.666666666666664
    endloop
  endfacet
  facet normal -0.2840153447038024 0.9588197348682287 0
    outer loop
      vertex 14.61893967436097 515.0274077312272 -31.666666666666664
      vertex 14.61893967436097 515.0274077312272 33.333333333333336
      vertex 14.782083009496358 515.0757329887074 -31.666666666666664
    endloop
  endfacet
  facet normal -0.33380685923404146 0.9426414910920826 0
    outer loop
      vertex 14.782083009496358 515.0757329887074 -31.666666666666664
      vertex 14.782083009496358 515.0757329887074 33.333333333333336
      vertex 14.942473613800004 515.1325302805508 -31.666666666666664
    endloop
  endfacet
  facet normal -0.3826834323651767 0.9238795325112508 0
    outer loop
      vertex 14.942473613800004 515.1325302805508 -31.666666666666664
      vertex 14.942473613800004 515.1325302805508 33.333333333333336
      vertex 15.099671867774127 515.1976439293283 -31.666666666666664
    endloop
  endfacet
  facet normal -0.43051109680852656 0.9025852843497503 0
    outer loop
      vertex 15.099671867774127 515.1976439293283 -31.666666666666664
      vertex 15.099671867774127 515.1976439293283 33.333333333333336
      vertex 15.253246901931306 515.2708954630546 -31.666666666666664
    endloop
  endfacet
  facet normal -0.47715876025919324 0.8788171126621908 0
    outer loop
      vertex 15.253246901931306 515.2708954630546 -31.666666666666664
      vertex 15.253246901931306 515.2708954630546 33.333333333333336
      vertex 15.402777777777779 515.3520841043672 -31.666666666666664
    endloop
  endfacet
  facet normal -0.5224985647157512 0.8526401643542134 0
    outer loop
      vertex 15.402777777777779 515.3520841043672 -31.666666666666664
      vertex 15.402777777777779 515.3520841043672 33.333333333333336
      vertex 15.547854641576617 515.440987320844 -31.666666666666664
    endloop
  endfacet
  facet normal -0.5664062369252458 0.8241261886217317 0
    outer loop
      vertex 15.547854641576617 515.440987320844 -31.666666666666664
      vertex 15.547854641576617 515.440987320844 33.333333333333336
      vertex 15.688079847728314 515.5373614349481 -31.666666666666664
    endloop
  endfacet
  facet normal -0.6087614290086258 0.793353340291308 0
    outer loop
      vertex 15.688079847728314 515.5373614349481 -31.666666666666664
      vertex 15.688079847728314 515.5373614349481 33.333333333333336
      vertex 15.82306904868975 515.6409422919315 -31.666666666666664
    endloop
  endfacet
  facet normal -0.6494480483299586 0.760405965600223 0
    outer loop
      vertex 15.82306904868975 515.6409422919315 -31.666666666666664
      vertex 15.82306904868975 515.6409422919315 33.333333333333336
      vertex 15.952452248444068 515.7514459838651 -31.666666666666664
    endloop
  endfacet
  facet normal -0.6883545756939622 0.72537437101209 0
    outer loop
      vertex 15.952452248444068 515.7514459838651 -31.666666666666664
      vertex 15.952452248444068 515.7514459838651 33.333333333333336
      vertex 16.07587481663406 515.8685696278104 -31.666666666666664
    endloop
  endfacet
  facet normal -0.7253743710122981 0.688354575693743 0
    outer loop
      vertex 16.07587481663406 515.8685696278104 -31.666666666666664
      vertex 16.07587481663406 515.8685696278104 33.333333333333336
      vertex 16.19299846057931 515.9919921960004 -31.666666666666664
    endloop
  endfacet
  facet normal -0.7604059656000639 0.649448048330145 0
    outer loop
      vertex 16.19299846057931 515.9919921960004 -31.666666666666664
      vertex 16.19299846057931 515.9919921960004 33.333333333333336
      vertex 16.303502152512934 516.1213753957547 -31.666666666666664
    endloop
  endfacet
  facet normal -0.79335334029116 0.6087614290088186 0
    outer loop
      vertex 16.303502152512934 516.1213753957547 -31.666666666666664
      vertex 16.303502152512934 516.1213753957547 33.333333333333336
      vertex 16.407083009496358 516.2563645967161 -31.666666666666664
    endloop
  endfacet
  facet normal -0.8241261886220949 0.5664062369247176 0
    outer loop
      vertex 16.407083009496358 516.2563645967161 -31.666666666666664
      vertex 16.407083009496358 516.2563645967161 33.333333333333336
      vertex 16.503457123600406 516.3965898028679 -31.666666666666664
    endloop
  endfacet
  facet normal -0.8526401643541324 0.5224985647158834 0
    outer loop
      vertex 16.503457123600406 516.3965898028679 -31.666666666666664
      vertex 16.503457123600406 516.3965898028679 33.333333333333336
      vertex 16.592360340077203 516.5416666666667 -31.666666666666664
    endloop
  endfacet
  facet normal -0.8788171126618396 0.47715876025984016 0
    outer loop
      vertex 16.592360340077203 516.5416666666667 -31.666666666666664
      vertex 16.592360340077203 516.5416666666667 33.333333333333336
      vertex 16.673548981389974 516.6911975425131 -31.666666666666664
    endloop
  endfacet
  facet normal -0.9025852843498252 0.4305110968083696 0
    outer loop
      vertex 16.673548981389974 516.6911975425131 -31.666666666666664
      vertex 16.673548981389974 516.6911975425131 33.333333333333336
      vertex 16.74680051511623 516.8447725766703 -31.666666666666664
    endloop
  endfacet
  facet normal -0.9238795325113794 0.3826834323648662 0
    outer loop
      vertex 16.74680051511623 516.8447725766703 -31.666666666666664
      vertex 16.74680051511623 516.8447725766703 33.333333333333336
      vertex 16.811914163893682 517.0019708306445 -31.666666666666664
    endloop
  endfacet
  facet normal -0.026176948307852308 -0.9996573249755578 0
    outer loop
      vertex 13.947869635567343 499.1899904323968 -56.666666666666664
      vertex 13.947869635567343 499.1899904323968 33.333333333333336
      vertex 13.777777777777779 499.19444444444446 33.333333333333336
    endloop
  endfacet
  facet normal -0.07845909572774376 -0.996917333733136 0
    outer loop
      vertex 14.117495283397652 499.17664060439137 -56.666666666666664
      vertex 14.117495283397652 499.17664060439137 33.333333333333336
      vertex 13.947869635567343 499.1899904323968 33.333333333333336
    endloop
  endfacet
  facet normal -0.1305261922198709 -0.9914448613738341 0
    outer loop
      vertex 14.286189789158527 499.1544315513787 -56.666666666666664
      vertex 14.286189789158527 499.1544315513787 33.333333333333336
      vertex 14.117495283397652 499.17664060439137 33.333333333333336
    endloop
  endfacet
  facet normal -0.18223552549238176 -0.9832549075639111 0
    outer loop
      vertex 14.453490772935496 499.12342414682934 -56.666666666666664
      vertex 14.453490772935496 499.12342414682934 33.333333333333336
      vertex 14.286189789158527 499.1544315513787 33.333333333333336
    endloop
  endfacet
  facet normal -0.23344536385581022 -0.9723699203976994 0
    outer loop
      vertex 14.61893967436097 499.08370337988396 -56.666666666666664
      vertex 14.61893967436097 499.08370337988396 33.333333333333336
      vertex 14.453490772935496 499.12342414682934 33.333333333333336
    endloop
  endfacet
  facet normal -0.28401534470410955 -0.9588197348681377 0
    outer loop
      vertex 14.782083009496358 499.0353781224037 -56.666666666666664
      vertex 14.782083009496358 499.0353781224037 33.333333333333336
      vertex 14.61893967436097 499.08370337988396 33.333333333333336
    endloop
  endfacet
  facet normal -0.3338068592334478 -0.9426414910922928 0
    outer loop
      vertex 14.942473613800004 498.9785808305604 -56.666666666666664
      vertex 14.942473613800004 498.9785808305604 33.333333333333336
      vertex 14.782083009496358 499.0353781224037 33.333333333333336
    endloop
  endfacet
  facet normal -0.3826834323651767 -0.9238795325112508 0
    outer loop
      vertex 15.099671867774127 498.91346718178295 -56.666666666666664
      vertex 15.099671867774127 498.91346718178295 33.333333333333336
      vertex 14.942473613800004 498.9785808305604 33.333333333333336
    endloop
  endfacet
  facet normal -0.4305110968082544 -0.9025852843498801 0
    outer loop
      vertex 15.253246901931306 498.8402156480567 -56.666666666666664
      vertex 15.253246901931306 498.8402156480567 33.333333333333336
      vertex 15.099671867774127 498.91346718178295 33.333333333333336
    endloop
  endfacet
  facet normal -0.47715876025970927 -0.8788171126619106 0
    outer loop
      vertex 15.402777777777779 498.7590270067439 -56.666666666666664
      vertex 15.402777777777779 498.7590270067439 33.333333333333336
      vertex 15.253246901931306 498.8402156480567 33.333333333333336
    endloop
  endfacet
  facet normal -0.5224985647159941 -0.8526401643540645 0
    outer loop
      vertex 15.547854641576617 498.6701237902671 -56.666666666666664
      vertex 15.547854641576617 498.6701237902671 33.333333333333336
      vertex 15.402777777777779 498.7590270067439 33.333333333333336
    endloop
  endfacet
  facet normal -0.5664062369247921 -0.8241261886220437 0
    outer loop
      vertex 15.688079847728314 498.57374967616306 -56.666666666666664
      vertex 15.688079847728314 498.57374967616306 33.333333333333336
      vertex 15.547854641576617 498.6701237902671 33.333333333333336
    endloop
  endfacet
  facet normal -0.6883545756937864 0.725374371012257 0
    outer loop
      vertex 15.952452248444068 493.5292237616429 -56.666666666666664
      vertex 15.952452248444068 493.5292237616429 33.333333333333336
      vertex 16.07587481663406 493.6463474055882 33.333333333333336
    endloop
  endfacet
  facet normal -0.6087614290086258 -0.793353340291308 0
    outer loop
      vertex 15.82306904868975 498.47016881917966 -56.666666666666664
      vertex 15.82306904868975 498.47016881917966 33.333333333333336
      vertex 15.688079847728314 498.57374967616306 33.333333333333336
    endloop
  endfacet
  facet normal -0.649448048330345 -0.760405965599893 0
    outer loop
      vertex 15.952452248444068 498.359665127246 -56.666666666666664
      vertex 15.952452248444068 498.359665127246 33.333333333333336
      vertex 15.82306904868975 498.47016881917966 33.333333333333336
    endloop
  endfacet
  facet normal -0.7253743710122981 0.688354575693743 0
    outer loop
      vertex 16.19299846057931 493.7697699737782 -56.666666666666664
      vertex 16.07587481663406 493.6463474055882 33.333333333333336
      vertex 16.19299846057931 493.7697699737782 33.333333333333336
    endloop
  endfacet
  facet normal -0.7604059656000639 0.649448048330145 0
    outer loop
      vertex 16.303502152512934 493.8991531735325 -56.666666666666664
      vertex 16.19299846057931 493.7697699737782 33.333333333333336
      vertex 16.303502152512934 493.8991531735325 33.333333333333336
    endloop
  endfacet
  facet normal -0.7933533402912837 0.6087614290086573 0
    outer loop
      vertex 16.407083009496358 494.03414237449397 -56.666666666666664
      vertex 16.303502152512934 493.8991531735325 33.333333333333336
      vertex 16.407083009496358 494.03414237449397 33.333333333333336
    endloop
  endfacet
  facet normal -0.6883545756936106 -0.7253743710124237 0
    outer loop
      vertex 16.07587481663406 498.2425414833008 -56.666666666666664
      vertex 16.07587481663406 498.2425414833008 33.333333333333336
      vertex 15.952452248444068 498.359665127246 33.333333333333336
    endloop
  endfacet
  facet normal -0.7253743710122981 -0.688354575693743 0
    outer loop
      vertex 16.07587481663406 498.2425414833008 -56.666666666666664
      vertex 16.19299846057931 498.1191189151108 33.333333333333336
      vertex 16.07587481663406 498.2425414833008 33.333333333333336
    endloop
  endfacet
  facet normal -0.7933533402912837 -0.6087614290086573 0
    outer loop
      vertex 16.303502152512934 497.98973571535646 -56.666666666666664
      vertex 16.407083009496358 497.854746514395 33.333333333333336
      vertex 16.303502152512934 497.98973571535646 33.333333333333336
    endloop
  endfacet
  facet normal -0.7604059656000639 -0.649448048330145 0
    outer loop
      vertex 16.19299846057931 498.1191189151108 -56.666666666666664
      vertex 16.303502152512934 497.98973571535646 33.333333333333336
      vertex 16.19299846057931 498.1191189151108 33.333333333333336
    endloop
  endfacet
  facet normal -0.8241261886219876 0.5664062369248736 0
    outer loop
      vertex 16.503457123600406 494.17436758064565 -56.666666666666664
      vertex 16.407083009496358 494.03414237449397 33.333333333333336
      vertex 16.503457123600406 494.17436758064565 33.333333333333336
    endloop
  endfacet
  facet normal -0.8526401643540411 0.5224985647160323 0
    outer loop
      vertex 16.592360340077203 494.31944444444446 -56.666666666666664
      vertex 16.503457123600406 494.17436758064565 33.333333333333336
      vertex 16.592360340077203 494.31944444444446 33.333333333333336
    endloop
  endfacet
  facet normal -0.8788171126619916 0.47715876025955994 0
    outer loop
      vertex 16.673548981389974 494.46897532029095 -56.666666666666664
      vertex 16.592360340077203 494.31944444444446 33.333333333333336
      vertex 16.673548981389974 494.46897532029095 33.333333333333336
    endloop
  endfacet
  facet normal -0.902585284349887 0.43051109680823973 0
    outer loop
      vertex 16.74680051511623 494.62255035444815 -56.666666666666664
      vertex 16.673548981389974 494.46897532029095 33.333333333333336
      vertex 16.74680051511623 494.62255035444815 33.333333333333336
    endloop
  endfacet
  facet normal -0.8241261886219876 -0.5664062369248736 0
    outer loop
      vertex 16.407083009496358 497.854746514395 -56.666666666666664
      vertex 16.503457123600406 497.7145213082433 33.333333333333336
      vertex 16.407083009496358 497.854746514395 33.333333333333336
    endloop
  endfacet
  facet normal -0.8526401643541324 -0.5224985647158834 0
    outer loop
      vertex 16.503457123600406 497.7145213082433 -56.666666666666664
      vertex 16.592360340077203 497.56944444444446 33.333333333333336
      vertex 16.503457123600406 497.7145213082433 33.333333333333336
    endloop
  endfacet
  facet normal -0.8788171126619155 -0.47715876025970005 0
    outer loop
      vertex 16.592360340077203 497.56944444444446 -56.666666666666664
      vertex 16.673548981389974 497.419913568598 33.333333333333336
      vertex 16.592360340077203 497.56944444444446 33.333333333333336
    endloop
  endfacet
  facet normal -0.9238795325112816 -0.3826834323651024 0
    outer loop
      vertex 16.74680051511623 497.2663385344408 -56.666666666666664
      vertex 16.811914163893682 497.1091402804667 33.333333333333336
      vertex 16.74680051511623 497.2663385344408 33.333333333333336
    endloop
  endfacet
  facet normal -0.902585284349887 -0.43051109680823973 0
    outer loop
      vertex 16.673548981389974 497.419913568598 -56.666666666666664
      vertex 16.74680051511623 497.2663385344408 33.333333333333336
      vertex 16.673548981389974 497.419913568598 33.333333333333336
    endloop
  endfacet
  facet normal -0.026176948308520007 -0.9996573249755404 0
    outer loop
      vertex 13.777777777777779 521.4166666666667 -31.666666666666664
      vertex 13.947869635567343 521.412212654619 -31.666666666666664
      vertex 13.947869635567343 521.412212654619 33.333333333333336
    endloop
  endfacet
  facet normal -0.07845909572741173 -0.9969173337331622 0
    outer loop
      vertex 13.947869635567343 521.412212654619 -31.666666666666664
      vertex 14.117495283397652 521.3988628266136 -31.666666666666664
      vertex 14.117495283397652 521.3988628266136 33.333333333333336
    endloop
  endfacet
  facet normal -0.13052619222019932 -0.9914448613737911 0
    outer loop
      vertex 14.117495283397652 521.3988628266136 -31.666666666666664
      vertex 14.286189789158527 521.3766537736009 -31.666666666666664
      vertex 14.286189789158527 521.3766537736009 33.333333333333336
    endloop
  endfacet
  facet normal -0.18223552549205876 -0.9832549075639709 0
    outer loop
      vertex 14.286189789158527 521.3766537736009 -31.666666666666664
      vertex 14.453490772935496 521.3456463690516 -31.666666666666664
      vertex 14.453490772935496 521.3456463690516 33.333333333333336
    endloop
  endfacet
  facet normal -0.2334453638558102 -0.9723699203976994 0
    outer loop
      vertex 14.453490772935496 521.3456463690516 -31.666666666666664
      vertex 14.61893967436097 521.3059256021062 -31.666666666666664
      vertex 14.61893967436097 521.3059256021062 33.333333333333336
    endloop
  endfacet
  facet normal -0.2840153447044167 -0.9588197348680466 0
    outer loop
      vertex 14.61893967436097 521.3059256021062 -31.666666666666664
      vertex 14.782083009496358 521.2576003446259 -31.666666666666664
      vertex 14.782083009496358 521.2576003446259 33.333333333333336
    endloop
  endfacet
  facet normal -0.3338068592334478 -0.9426414910922929 0
    outer loop
      vertex 14.782083009496358 521.2576003446259 -31.666666666666664
      vertex 14.942473613800004 521.2008030527826 -31.666666666666664
      vertex 14.942473613800004 521.2008030527826 33.333333333333336
    endloop
  endfacet
  facet normal -0.3826834323651767 -0.9238795325112508 0
    outer loop
      vertex 14.942473613800004 521.2008030527826 -31.666666666666664
      vertex 15.099671867774127 521.1356894040051 -31.666666666666664
      vertex 15.099671867774127 521.1356894040051 33.333333333333336
    endloop
  endfacet
  facet normal -0.4305110968079823 -0.90258528435001 0
    outer loop
      vertex 15.099671867774127 521.1356894040051 -31.666666666666664
      vertex 15.253246901931306 521.0624378702789 -31.666666666666664
      vertex 15.253246901931306 521.0624378702789 33.333333333333336
    endloop
  endfacet
  facet normal -0.47715876025970927 -0.8788171126619106 0
    outer loop
      vertex 15.253246901931306 521.0624378702789 -31.666666666666664
      vertex 15.402777777777779 520.9812492289661 -31.666666666666664
      vertex 15.402777777777779 520.9812492289661 33.333333333333336
    endloop
  endfacet
  facet normal -0.5224985647162369 -0.8526401643539157 0
    outer loop
      vertex 15.402777777777779 520.9812492289661 -31.666666666666664
      vertex 15.547854641576617 520.8923460124893 -31.666666666666664
      vertex 15.547854641576617 520.8923460124893 33.333333333333336
    endloop
  endfacet
  facet normal -0.5664062369247921 -0.8241261886220438 0
    outer loop
      vertex 15.547854641576617 520.8923460124893 -31.666666666666664
      vertex 15.688079847728314 520.7959718983852 -31.666666666666664
      vertex 15.688079847728314 520.7959718983852 33.333333333333336
    endloop
  endfacet
  facet normal -0.6087614290086258 -0.793353340291308 0
    outer loop
      vertex 15.688079847728314 520.7959718983852 -31.666666666666664
      vertex 15.82306904868975 520.6923910414018 -31.666666666666664
      vertex 15.82306904868975 520.6923910414018 33.333333333333336
    endloop
  endfacet
  facet normal -0.649448048330345 -0.7604059655998932 0
    outer loop
      vertex 15.82306904868975 520.6923910414018 -31.666666666666664
      vertex 15.952452248444068 520.5818873494682 -31.666666666666664
      vertex 15.952452248444068 520.5818873494682 33.333333333333336
    endloop
  endfacet
  facet normal -0.6883545756936106 -0.7253743710124237 0
    outer loop
      vertex 15.952452248444068 520.5818873494682 -31.666666666666664
      vertex 16.07587481663406 520.464763705523 -31.666666666666664
      vertex 16.07587481663406 520.464763705523 33.333333333333336
    endloop
  endfacet
  facet normal -0.7253743710122981 -0.688354575693743 0
    outer loop
      vertex 16.07587481663406 520.464763705523 -31.666666666666664
      vertex 16.19299846057931 520.341341137333 -31.666666666666664
      vertex 16.19299846057931 520.341341137333 33.333333333333336
    endloop
  endfacet
  facet normal -0.7604059656000639 -0.649448048330145 0
    outer loop
      vertex 16.19299846057931 520.341341137333 -31.666666666666664
      vertex 16.303502152512934 520.2119579375786 -31.666666666666664
      vertex 16.303502152512934 520.2119579375786 33.333333333333336
    endloop
  endfacet
  facet normal -0.79335334029116 -0.6087614290088186 0
    outer loop
      vertex 16.303502152512934 520.2119579375786 -31.666666666666664
      vertex 16.407083009496358 520.0769687366172 -31.666666666666664
      vertex 16.407083009496358 520.0769687366172 33.333333333333336
    endloop
  endfacet
  facet normal -0.8241261886220949 -0.5664062369247176 0
    outer loop
      vertex 16.407083009496358 520.0769687366172 -31.666666666666664
      vertex 16.503457123600406 519.9367435304655 -31.666666666666664
      vertex 16.503457123600406 519.9367435304655 33.333333333333336
    endloop
  endfacet
  facet normal -0.85264016435395 -0.5224985647161812 0
    outer loop
      vertex 16.503457123600406 519.9367435304655 -31.666666666666664
      vertex 16.592360340077203 519.7916666666667 -31.666666666666664
      vertex 16.592360340077203 519.7916666666667 33.333333333333336
    endloop
  endfacet
  facet normal -0.8788171126619917 -0.47715876025956 0
    outer loop
      vertex 16.592360340077203 519.7916666666667 -31.666666666666664
      vertex 16.673548981389974 519.6421357908202 -31.666666666666664
      vertex 16.673548981389974 519.6421357908202 33.333333333333336
    endloop
  endfacet
  facet normal -0.902585284349949 -0.4305110968081099 0
    outer loop
      vertex 16.673548981389974 519.6421357908202 -31.666666666666664
      vertex 16.74680051511623 519.488560756663 -31.666666666666664
      vertex 16.74680051511623 519.488560756663 33.333333333333336
    endloop
  endfacet
  facet normal 0 0.9746917402366387 -0.22355315143042123
    outer loop
      vertex 6.777777777777778 540.7777777777778 33.333333333333336
      vertex 20.77777777777778 540.7777777777778 33.333333333333336
      vertex 20.77777777777778 518.5555555555557 -63.55555555555555
    endloop
  endfacet
  facet normal -0.9426414910921722 0.3338068592337883 0
    outer loop
      vertex 16.811914163893682 517.0019708306445 -31.666666666666664
      vertex 16.811914163893682 517.0019708306445 33.333333333333336
      vertex 16.868711455737028 517.1623614349481 -31.666666666666664
    endloop
  endfacet
  facet normal -0.9238795325112816 0.3826834323651024 0
    outer loop
      vertex 16.811914163893682 494.77974860842227 -56.666666666666664
      vertex 16.74680051511623 494.62255035444815 33.333333333333336
      vertex 16.811914163893682 494.77974860842227 33.333333333333336
    endloop
  endfacet
  facet normal -0.9426414910921723 0.33380685923378833 0
    outer loop
      vertex 16.868711455737028 494.9401392127259 -56.666666666666664
      vertex 16.811914163893682 494.77974860842227 33.333333333333336
      vertex 16.868711455737028 494.9401392127259 33.333333333333336
    endloop
  endfacet
  facet normal -0.9588197348681878 0.28401534470394035 0
    outer loop
      vertex 16.91703671321725 495.1032825478613 -56.666666666666664
      vertex 16.868711455737028 494.9401392127259 33.333333333333336
      vertex 16.91703671321725 495.1032825478613 33.333333333333336
    endloop
  endfacet
  facet normal -0.9723699203976723 0.23344536385592315 0
    outer loop
      vertex 16.956757480162647 495.26873144928675 -56.666666666666664
      vertex 16.91703671321725 495.1032825478613 33.333333333333336
      vertex 16.956757480162647 495.26873144928675 33.333333333333336
    endloop
  endfacet
  facet normal -0.9832549075639533 0.1822355254921545 0
    outer loop
      vertex 16.987764884711975 495.4360324330637 -56.666666666666664
      vertex 16.956757480162647 495.26873144928675 33.333333333333336
      vertex 16.987764884711975 495.4360324330637 33.333333333333336
    endloop
  endfacet
  facet normal -0.9914448613738148 0.1305261922200178 0
    outer loop
      vertex 17.009973937724666 495.6047269388246 -56.666666666666664
      vertex 16.987764884711975 495.4360324330637 33.333333333333336
      vertex 17.009973937724666 495.6047269388246 33.333333333333336
    endloop
  endfacet
  facet normal -0.996917333733127 0.07845909572785731 0
    outer loop
      vertex 17.023323765730144 495.7743525866549 -56.666666666666664
      vertex 17.009973937724666 495.6047269388246 33.333333333333336
      vertex 17.023323765730144 495.7743525866549 33.333333333333336
    endloop
  endfacet
  facet normal -0.9914448613738092 -0.13052619222006104 0
    outer loop
      vertex 16.987764884711975 496.4528564558252 -56.666666666666664
      vertex 17.009973937724666 496.28416195006434 33.333333333333336
      vertex 16.987764884711975 496.4528564558252 33.333333333333336
    endloop
  endfacet
  facet normal -0.9996573249755571 0.026176948307876452 0
    outer loop
      vertex 17.02777777777778 495.94444444444446 -56.666666666666664
      vertex 17.023323765730144 495.7743525866549 33.333333333333336
      vertex 17.02777777777778 495.94444444444446 33.333333333333336
    endloop
  endfacet
  facet normal -0.9996573249755574 -0.02617694830786771 0
    outer loop
      vertex 17.023323765730144 496.11453630223406 -56.666666666666664
      vertex 17.02777777777778 495.94444444444446 33.333333333333336
      vertex 17.023323765730144 496.11453630223406 33.333333333333336
    endloop
  endfacet
  facet normal -0.996917333733127 -0.07845909572785731 0
    outer loop
      vertex 17.009973937724666 496.28416195006434 -56.666666666666664
      vertex 17.023323765730144 496.11453630223406 33.333333333333336
      vertex 17.009973937724666 496.28416195006434 33.333333333333336
    endloop
  endfacet
  facet normal -0.9426414910921723 -0.33380685923378833 0
    outer loop
      vertex 16.811914163893682 497.1091402804667 -56.666666666666664
      vertex 16.868711455737028 496.94874967616306 33.333333333333336
      vertex 16.811914163893682 497.1091402804667 33.333333333333336
    endloop
  endfacet
  facet normal -0.9588197348681878 -0.28401534470394035 0
    outer loop
      vertex 16.868711455737028 496.94874967616306 -56.666666666666664
      vertex 16.91703671321725 496.7856063410277 33.333333333333336
      vertex 16.868711455737028 496.94874967616306 33.333333333333336
    endloop
  endfacet
  facet normal -0.9723699203976723 -0.23344536385592315 0
    outer loop
      vertex 16.91703671321725 496.7856063410277 -56.666666666666664
      vertex 16.956757480162647 496.6201574396022 33.333333333333336
      vertex 16.91703671321725 496.7856063410277 33.333333333333336
    endloop
  endfacet
  facet normal -0.9832549075639644 -0.18223552549209462 0
    outer loop
      vertex 16.956757480162647 496.6201574396022 -56.666666666666664
      vertex 16.987764884711975 496.4528564558252 33.333333333333336
      vertex 16.956757480162647 496.6201574396022 33.333333333333336
    endloop
  endfacet
  facet normal -0.9588197348681878 0.28401534470394035 0
    outer loop
      vertex 16.868711455737028 517.1623614349481 -31.666666666666664
      vertex 16.868711455737028 517.1623614349481 33.333333333333336
      vertex 16.91703671321725 517.3255047700835 -31.666666666666664
    endloop
  endfacet
  facet normal -0.9723699203976904 0.2334453638558473 0
    outer loop
      vertex 16.91703671321725 517.3255047700835 -31.666666666666664
      vertex 16.91703671321725 517.3255047700835 33.333333333333336
      vertex 16.956757480162647 517.490953671509 -31.666666666666664
    endloop
  endfacet
  facet normal -0.9426414910921722 -0.3338068592337883 0
    outer loop
      vertex 16.811914163893682 519.3313625026889 -31.666666666666664
      vertex 16.868711455737028 519.1709718983852 -31.666666666666664
      vertex 16.868711455737028 519.1709718983852 33.333333333333336
    endloop
  endfacet
  facet normal -0.9238795325112815 -0.3826834323651024 0
    outer loop
      vertex 16.74680051511623 519.488560756663 -31.666666666666664
      vertex 16.811914163893682 519.3313625026889 -31.666666666666664
      vertex 16.811914163893682 519.3313625026889 33.333333333333336
    endloop
  endfacet
  facet normal -0.9588197348681878 -0.28401534470394035 0
    outer loop
      vertex 16.868711455737028 519.1709718983852 -31.666666666666664
      vertex 16.91703671321725 519.0078285632499 -31.666666666666664
      vertex 16.91703671321725 519.0078285632499 33.333333333333336
    endloop
  endfacet
  facet normal -0.9723699203976542 -0.233445363855999 0
    outer loop
      vertex 16.91703671321725 519.0078285632499 -31.666666666666664
      vertex 16.956757480162647 518.8423796618245 -31.666666666666664
      vertex 16.956757480162647 518.8423796618245 33.333333333333336
    endloop
  endfacet
  facet normal -0.9832549075639311 0.1822355254922742 0
    outer loop
      vertex 16.956757480162647 517.490953671509 -31.666666666666664
      vertex 16.956757480162647 517.490953671509 33.333333333333336
      vertex 16.987764884711975 517.6582546552859 -31.666666666666664
    endloop
  endfacet
  facet normal -0.9914448613738092 0.13052619222006104 0
    outer loop
      vertex 16.987764884711975 517.6582546552859 -31.666666666666664
      vertex 16.987764884711975 517.6582546552859 33.333333333333336
      vertex 17.009973937724666 517.8269491610467 -31.666666666666664
    endloop
  endfacet
  facet normal -0.9969173337331291 0.07845909572783118 0
    outer loop
      vertex 17.009973937724666 517.8269491610467 -31.666666666666664
      vertex 17.009973937724666 517.8269491610467 33.333333333333336
      vertex 17.023323765730144 517.9965748088771 -31.666666666666664
    endloop
  endfacet
  facet normal -0.9914448613738092 -0.13052619222006104 0
    outer loop
      vertex 17.009973937724666 518.5063841722865 -31.666666666666664
      vertex 17.009973937724666 518.5063841722865 33.333333333333336
      vertex 16.987764884711975 518.6750786780474 -31.666666666666664
    endloop
  endfacet
  facet normal -0.9996573249755576 0.026176948307858966 0
    outer loop
      vertex 17.023323765730144 517.9965748088771 -31.666666666666664
      vertex 17.023323765730144 517.9965748088771 33.333333333333336
      vertex 17.02777777777778 518.1666666666667 -31.666666666666664
    endloop
  endfacet
  facet normal -0.9996573249755571 -0.026176948307876452 0
    outer loop
      vertex 17.02777777777778 518.1666666666667 -31.666666666666664
      vertex 17.02777777777778 518.1666666666667 33.333333333333336
      vertex 17.023323765730144 518.3367585244563 -31.666666666666664
    endloop
  endfacet
  facet normal -0.996917333733125 -0.07845909572788344 0
    outer loop
      vertex 17.009973937724666 518.5063841722865 -31.666666666666664
      vertex 17.023323765730144 518.3367585244563 -31.666666666666664
      vertex 17.023323765730144 518.3367585244563 33.333333333333336
    endloop
  endfacet
  facet normal -0.9832549075639755 -0.18223552549203478 0
    outer loop
      vertex 16.956757480162647 518.8423796618245 -31.666666666666664
      vertex 16.987764884711975 518.6750786780474 -31.666666666666664
      vertex 16.987764884711975 518.6750786780474 33.333333333333336
    endloop
  endfacet
  facet normal -0.026176948307184613 0.9996573249755754 0
    outer loop
      vertex 13.947869635567343 514.9211206787143 -31.666666666666664
      vertex 13.777777777777779 514.9166666666667 33.333333333333336
      vertex 13.947869635567343 514.9211206787143 33.333333333333336
    endloop
  endfacet
  facet normal -0.07845909572807577 0.9969173337331098 0
    outer loop
      vertex 14.117495283397652 514.9344705067198 -31.666666666666664
      vertex 13.947869635567343 514.9211206787143 33.333333333333336
      vertex 14.117495283397652 514.9344705067198 33.333333333333336
    endloop
  endfacet
  facet normal -0.13052619222019932 0.9914448613737911 0
    outer loop
      vertex 14.286189789158527 514.9566795597325 -31.666666666666664
      vertex 14.117495283397652 514.9344705067198 33.333333333333336
      vertex 14.286189789158527 514.9566795597325 33.333333333333336
    endloop
  endfacet
  facet normal -0.18223552549205876 0.9832549075639709 0
    outer loop
      vertex 14.453490772935496 514.9876869642818 -31.666666666666664
      vertex 14.286189789158527 514.9566795597325 33.333333333333336
      vertex 14.453490772935496 514.9876869642818 33.333333333333336
    endloop
  endfacet
  facet normal -0.2334453638558102 0.9723699203976994 0
    outer loop
      vertex 14.61893967436097 515.0274077312272 -31.666666666666664
      vertex 14.453490772935496 514.9876869642818 33.333333333333336
      vertex 14.61893967436097 515.0274077312272 33.333333333333336
    endloop
  endfacet
  facet normal -0.2840153447038024 0.9588197348682287 0
    outer loop
      vertex 14.782083009496358 515.0757329887074 -31.666666666666664
      vertex 14.61893967436097 515.0274077312272 33.333333333333336
      vertex 14.782083009496358 515.0757329887074 33.333333333333336
    endloop
  endfacet
  facet normal -0.33380685923404146 0.9426414910920826 0
    outer loop
      vertex 14.942473613800004 515.1325302805508 -31.666666666666664
      vertex 14.782083009496358 515.0757329887074 33.333333333333336
      vertex 14.942473613800004 515.1325302805508 33.333333333333336
    endloop
  endfacet
  facet normal -0.3826834323651767 0.9238795325112508 0
    outer loop
      vertex 15.099671867774127 515.1976439293283 -31.666666666666664
      vertex 14.942473613800004 515.1325302805508 33.333333333333336
      vertex 15.099671867774127 515.1976439293283 33.333333333333336
    endloop
  endfacet
  facet normal -0.43051109680852656 0.9025852843497503 0
    outer loop
      vertex 15.253246901931306 515.2708954630546 -31.666666666666664
      vertex 15.099671867774127 515.1976439293283 33.333333333333336
      vertex 15.253246901931306 515.2708954630546 33.333333333333336
    endloop
  endfacet
  facet normal -0.47715876025919324 0.8788171126621908 0
    outer loop
      vertex 15.402777777777779 515.3520841043672 -31.666666666666664
      vertex 15.253246901931306 515.2708954630546 33.333333333333336
      vertex 15.402777777777779 515.3520841043672 33.333333333333336
    endloop
  endfacet
  facet normal -0.5224985647157512 0.8526401643542134 0
    outer loop
      vertex 15.547854641576617 515.440987320844 -31.666666666666664
      vertex 15.402777777777779 515.3520841043672 33.333333333333336
      vertex 15.547854641576617 515.440987320844 33.333333333333336
    endloop
  endfacet
  facet normal -0.5664062369252458 0.8241261886217317 0
    outer loop
      vertex 15.688079847728314 515.5373614349481 -31.666666666666664
      vertex 15.547854641576617 515.440987320844 33.333333333333336
      vertex 15.688079847728314 515.5373614349481 33.333333333333336
    endloop
  endfacet
  facet normal -0.6087614290086258 0.793353340291308 0
    outer loop
      vertex 15.82306904868975 515.6409422919315 -31.666666666666664
      vertex 15.688079847728314 515.5373614349481 33.333333333333336
      vertex 15.82306904868975 515.6409422919315 33.333333333333336
    endloop
  endfacet
  facet normal -0.6494480483299586 0.760405965600223 0
    outer loop
      vertex 15.952452248444068 515.7514459838651 -31.666666666666664
      vertex 15.82306904868975 515.6409422919315 33.333333333333336
      vertex 15.952452248444068 515.7514459838651 33.333333333333336
    endloop
  endfacet
  facet normal -0.6883545756939622 0.72537437101209 0
    outer loop
      vertex 16.07587481663406 515.8685696278104 -31.666666666666664
      vertex 15.952452248444068 515.7514459838651 33.333333333333336
      vertex 16.07587481663406 515.8685696278104 33.333333333333336
    endloop
  endfacet
  facet normal -0.7253743710122981 0.688354575693743 0
    outer loop
      vertex 16.19299846057931 515.9919921960004 -31.666666666666664
      vertex 16.07587481663406 515.8685696278104 33.333333333333336
      vertex 16.19299846057931 515.9919921960004 33.333333333333336
    endloop
  endfacet
  facet normal -0.7604059656000639 0.649448048330145 0
    outer loop
      vertex 16.303502152512934 516.1213753957547 -31.666666666666664
      vertex 16.19299846057931 515.9919921960004 33.333333333333336
      vertex 16.303502152512934 516.1213753957547 33.333333333333336
    endloop
  endfacet
  facet normal -0.79335334029116 0.6087614290088186 0
    outer loop
      vertex 16.407083009496358 516.2563645967161 -31.666666666666664
      vertex 16.303502152512934 516.1213753957547 33.333333333333336
      vertex 16.407083009496358 516.2563645967161 33.333333333333336
    endloop
  endfacet
  facet normal -0.8241261886220949 0.5664062369247176 0
    outer loop
      vertex 16.503457123600406 516.3965898028679 -31.666666666666664
      vertex 16.407083009496358 516.2563645967161 33.333333333333336
      vertex 16.503457123600406 516.3965898028679 33.333333333333336
    endloop
  endfacet
  facet normal -0.8526401643541324 0.5224985647158834 0
    outer loop
      vertex 16.592360340077203 516.5416666666667 -31.666666666666664
      vertex 16.503457123600406 516.3965898028679 33.333333333333336
      vertex 16.592360340077203 516.5416666666667 33.333333333333336
    endloop
  endfacet
  facet normal -0.8788171126618396 0.47715876025984016 0
    outer loop
      vertex 16.673548981389974 516.6911975425131 -31.666666666666664
      vertex 16.592360340077203 516.5416666666667 33.333333333333336
      vertex 16.673548981389974 516.6911975425131 33.333333333333336
    endloop
  endfacet
  facet normal -0.9025852843498252 0.4305110968083696 0
    outer loop
      vertex 16.74680051511623 516.8447725766703 -31.666666666666664
      vertex 16.673548981389974 516.6911975425131 33.333333333333336
      vertex 16.74680051511623 516.8447725766703 33.333333333333336
    endloop
  endfacet
  facet normal 0 0 1
    outer loop
      vertex 13.777777777777779 499.19444444444446 33.333333333333336
      vertex 13.947869635567343 499.1899904323968 33.333333333333336
      vertex 13.777777777777779 514.9166666666667 33.333333333333336
    endloop
  endfacet
  facet normal 0 0 1
    outer loop
      vertex 13.947869635567343 499.1899904323968 33.333333333333336
      vertex 14.117495283397652 499.17664060439137 33.333333333333336
      vertex 13.947869635567343 514.9211206787143 33.333333333333336
    endloop
  endfacet
  facet normal 0 0 1
    outer loop
      vertex 14.117495283397652 499.17664060439137 33.333333333333336
      vertex 14.286189789158527 499.1544315513787 33.333333333333336
      vertex 14.117495283397652 514.9344705067198 33.333333333333336
    endloop
  endfacet
  facet normal 0 0 1
    outer loop
      vertex 14.286189789158527 499.1544315513787 33.333333333333336
      vertex 14.453490772935496 499.12342414682934 33.333333333333336
      vertex 14.286189789158527 514.9566795597325 33.333333333333336
    endloop
  endfacet
  facet normal 0 0 1
    outer loop
      vertex 14.453490772935496 499.12342414682934 33.333333333333336
      vertex 14.61893967436097 499.08370337988396 33.333333333333336
      vertex 14.453490772935496 514.9876869642818 33.333333333333336
    endloop
  endfacet
  facet normal 0 0 1
    outer loop
      vertex 14.61893967436097 499.08370337988396 33.333333333333336
      vertex 14.782083009496358 499.0353781224037 33.333333333333336
      vertex 14.61893967436097 515.0274077312272 33.333333333333336
    endloop
  endfacet
  facet normal 0 0 1
    outer loop
      vertex 14.782083009496358 499.0353781224037 33.333333333333336
      vertex 14.942473613800004 498.9785808305604 33.333333333333336
      vertex 14.782083009496358 515.0757329887074 33.333333333333336
    endloop
  endfacet
  facet normal 0 0 1
    outer loop
      vertex 14.942473613800004 498.9785808305604 33.333333333333336
      vertex 15.099671867774127 498.91346718178295 33.333333333333336
      vertex 14.942473613800004 515.1325302805508 33.333333333333336
    endloop
  endfacet
  facet normal 0 0 1
    outer loop
      vertex 15.099671867774127 498.91346718178295 33.333333333333336
      vertex 15.253246901931306 498.8402156480567 33.333333333333336
      vertex 15.099671867774127 515.1976439293283 33.333333333333336
    endloop
  endfacet
  facet normal 0 0 1
    outer loop
      vertex 13.947869635567343 499.1899904323968 33.333333333333336
      vertex 13.947869635567343 514.9211206787143 33.333333333333336
      vertex 13.777777777777779 514.9166666666667 33.333333333333336
    endloop
  endfacet
  facet normal 0 0 1
    outer loop
      vertex 14.117495283397652 499.17664060439137 33.333333333333336
      vertex 14.117495283397652 514.9344705067198 33.333333333333336
      vertex 13.947869635567343 514.9211206787143 33.333333333333336
    endloop
  endfacet
  facet normal 0 0 1
    outer loop
      vertex 14.286189789158527 499.1544315513787 33.333333333333336
      vertex 14.286189789158527 514.9566795597325 33.333333333333336
      vertex 14.117495283397652 514.9344705067198 33.333333333333336
    endloop
  endfacet
  facet normal 0 0 1
    outer loop
      vertex 14.453490772935496 499.12342414682934 33.333333333333336
      vertex 14.453490772935496 514.9876869642818 33.333333333333336
      vertex 14.286189789158527 514.9566795597325 33.333333333333336
    endloop
  endfacet
  facet normal 0 0 1
    outer loop
      vertex 14.61893967436097 499.08370337988396 33.333333333333336
      vertex 14.61893967436097 515.0274077312272 33.333333333333336
      vertex 14.453490772935496 514.9876869642818 33.333333333333336
    endloop
  endfacet
  facet normal 0 0 1
    outer loop
      vertex 14.782083009496358 499.0353781224037 33.333333333333336
      vertex 14.782083009496358 515.0757329887074 33.333333333333336
      vertex 14.61893967436097 515.0274077312272 33.333333333333336
    endloop
  endfacet
  facet normal 0 0 1
    outer loop
      vertex 14.942473613800004 498.9785808305604 33.333333333333336
      vertex 14.942473613800004 515.1325302805508 33.333333333333336
      vertex 14.782083009496358 515.0757329887074 33.333333333333336
    endloop
  endfacet
  facet normal 0 0 1
    outer loop
      vertex 15.099671867774127 498.91346718178295 33.333333333333336
      vertex 15.099671867774127 515.1976439293283 33.333333333333336
      vertex 14.942473613800004 515.1325302805508 33.333333333333336
    endloop
  endfacet
  facet normal 0 0 1
    outer loop
      vertex 15.253246901931306 498.8402156480567 33.333333333333336
      vertex 15.253246901931306 515.2708954630546 33.333333333333336
      vertex 15.099671867774127 515.1976439293283 33.333333333333336
    endloop
  endfacet
  facet normal 0 0 1
    outer loop
      vertex 15.253246901931306 498.8402156480567 33.333333333333336
      vertex 15.402777777777779 498.7590270067439 33.333333333333336
      vertex 15.253246901931306 515.2708954630546 33.333333333333336
    endloop
  endfacet
  facet normal 0 0 1
    outer loop
      vertex 15.402777777777779 498.7590270067439 33.333333333333336
      vertex 15.547854641576617 498.6701237902671 33.333333333333336
      vertex 15.402777777777779 515.3520841043672 33.333333333333336
    endloop
  endfacet
  facet normal 0 0 1
    outer loop
      vertex 15.547854641576617 498.6701237902671 33.333333333333336
      vertex 15.688079847728314 498.57374967616306 33.333333333333336
      vertex 15.547854641576617 515.440987320844 33.333333333333336
    endloop
  endfacet
  facet normal 0 0 1
    outer loop
      vertex 15.688079847728314 498.57374967616306 33.333333333333336
      vertex 15.82306904868975 498.47016881917966 33.333333333333336
      vertex 15.688079847728314 515.5373614349481 33.333333333333336
    endloop
  endfacet
  facet normal 0 0 1
    outer loop
      vertex 15.82306904868975 498.47016881917966 33.333333333333336
      vertex 15.952452248444068 498.359665127246 33.333333333333336
      vertex 15.82306904868975 515.6409422919315 33.333333333333336
    endloop
  endfacet
  facet normal 0 0 1
    outer loop
      vertex 15.952452248444068 498.359665127246 33.333333333333336
      vertex 16.07587481663406 498.2425414833008 33.333333333333336
      vertex 15.952452248444068 515.7514459838651 33.333333333333336
    endloop
  endfacet
  facet normal 0 0 1
    outer loop
      vertex 16.07587481663406 498.2425414833008 33.333333333333336
      vertex 16.19299846057931 498.1191189151108 33.333333333333336
      vertex 16.07587481663406 515.8685696278104 33.333333333333336
    endloop
  endfacet
  facet normal 0 0 1
    outer loop
      vertex 16.19299846057931 498.1191189151108 33.333333333333336
      vertex 16.303502152512934 497.98973571535646 33.333333333333336
      vertex 16.19299846057931 515.9919921960004 33.333333333333336
    endloop
  endfacet
  facet normal 0 0 1
    outer loop
      vertex 16.303502152512934 497.98973571535646 33.333333333333336
      vertex 16.407083009496358 497.854746514395 33.333333333333336
      vertex 16.303502152512934 516.1213753957547 33.333333333333336
    endloop
  endfacet
  facet normal 0 0 1
    outer loop
      vertex 16.407083009496358 497.854746514395 33.333333333333336
      vertex 16.503457123600406 497.7145213082433 33.333333333333336
      vertex 16.407083009496358 516.2563645967161 33.333333333333336
    endloop
  endfacet
  facet normal 0 0 1
    outer loop
      vertex 16.503457123600406 497.7145213082433 33.333333333333336
      vertex 16.592360340077203 497.56944444444446 33.333333333333336
      vertex 16.503457123600406 516.3965898028679 33.333333333333336
    endloop
  endfacet
  facet normal 0 0 1
    outer loop
      vertex 16.592360340077203 497.56944444444446 33.333333333333336
      vertex 16.673548981389974 497.419913568598 33.333333333333336
      vertex 16.592360340077203 516.5416666666667 33.333333333333336
    endloop
  endfacet
  facet normal 0 0 1
    outer loop
      vertex 16.673548981389974 497.419913568598 33.333333333333336
      vertex 16.74680051511623 497.2663385344408 33.333333333333336
      vertex 16.673548981389974 516.6911975425131 33.333333333333336
    endloop
  endfacet
  facet normal 0 0 1
    outer loop
      vertex 16.74680051511623 497.2663385344408 33.333333333333336
      vertex 16.811914163893682 497.1091402804667 33.333333333333336
      vertex 16.74680051511623 516.8447725766703 33.333333333333336
    endloop
  endfacet
  facet normal 0 0 1
    outer loop
      vertex 15.253246901931306 515.2708954630546 33.333333333333336
      vertex 15.402777777777779 498.7590270067439 33.333333333333336
      vertex 15.402777777777779 515.3520841043672 33.333333333333336
    endloop
  endfacet
  facet normal 0 0 1
    outer loop
      vertex 15.547854641576617 498.6701237902671 33.333333333333336
      vertex 15.547854641576617 515.440987320844 33.333333333333336
      vertex 15.402777777777779 515.3520841043672 33.333333333333336
    endloop
  endfacet
  facet normal 0 0 1
    outer loop
      vertex 15.688079847728314 498.57374967616306 33.333333333333336
      vertex 15.688079847728314 515.5373614349481 33.333333333333336
      vertex 15.547854641576617 515.440987320844 33.333333333333336
    endloop
  endfacet
  facet normal 0 0 1
    outer loop
      vertex 15.82306904868975 498.47016881917966 33.333333333333336
      vertex 15.82306904868975 515.6409422919315 33.333333333333336
      vertex 15.688079847728314 515.5373614349481 33.333333333333336
    endloop
  endfacet
  facet normal 0 0 1
    outer loop
      vertex 15.952452248444068 498.359665127246 33.333333333333336
      vertex 15.952452248444068 515.7514459838651 33.333333333333336
      vertex 15.82306904868975 515.6409422919315 33.333333333333336
    endloop
  endfacet
  facet normal 0 0 1
    outer loop
      vertex 16.07587481663406 498.2425414833008 33.333333333333336
      vertex 16.07587481663406 515.8685696278104 33.333333333333336
      vertex 15.952452248444068 515.7514459838651 33.333333333333336
    endloop
  endfacet
  facet normal 0 0 1
    outer loop
      vertex 16.19299846057931 498.1191189151108 33.333333333333336
      vertex 16.19299846057931 515.9919921960004 33.333333333333336
      vertex 16.07587481663406 515.8685696278104 33.333333333333336
    endloop
  endfacet
  facet normal 0 0 1
    outer loop
      vertex 16.303502152512934 497.98973571535646 33.333333333333336
      vertex 16.303502152512934 516.1213753957547 33.333333333333336
      vertex 16.19299846057931 515.9919921960004 33.333333333333336
    endloop
  endfacet
  facet normal 0 0 1
    outer loop
      vertex 16.407083009496358 497.854746514395 33.333333333333336
      vertex 16.407083009496358 516.2563645967161 33.333333333333336
      vertex 16.303502152512934 516.1213753957547 33.333333333333336
    endloop
  endfacet
  facet normal 0 0 1
    outer loop
      vertex 16.503457123600406 497.7145213082433 33.333333333333336
      vertex 16.503457123600406 516.3965898028679 33.333333333333336
      vertex 16.407083009496358 516.2563645967161 33.333333333333336
    endloop
  endfacet
  facet normal 0 0 1
    outer loop
      vertex 16.592360340077203 497.56944444444446 33.333333333333336
      vertex 16.592360340077203 516.5416666666667 33.333333333333336
      vertex 16.503457123600406 516.3965898028679 33.333333333333336
    endloop
  endfacet
  facet normal 0 0 1
    outer loop
      vertex 16.673548981389974 497.419913568598 33.333333333333336
      vertex 16.673548981389974 516.6911975425131 33.333333333333336
      vertex 16.592360340077203 516.5416666666667 33.333333333333336
    endloop
  endfacet
  facet normal 0 0 1
    outer loop
      vertex 16.74680051511623 497.2663385344408 33.333333333333336
      vertex 16.74680051511623 516.8447725766703 33.333333333333336
      vertex 16.673548981389974 516.6911975425131 33.333333333333336
    endloop
  endfacet
  facet normal -0.026176948308520007 -0.9996573249755404 0
    outer loop
      vertex 13.777777777777779 521.4166666666667 -31.666666666666664
      vertex 13.947869635567343 521.412212654619 33.333333333333336
      vertex 13.777777777777779 521.4166666666667 33.333333333333336
    endloop
  endfacet
  facet normal -0.07845909572741173 -0.9969173337331622 0
    outer loop
      vertex 13.947869635567343 521.412212654619 -31.666666666666664
      vertex 14.117495283397652 521.3988628266136 33.333333333333336
      vertex 13.947869635567343 521.412212654619 33.333333333333336
    endloop
  endfacet
  facet normal -0.13052619222019932 -0.9914448613737911 0
    outer loop
      vertex 14.117495283397652 521.3988628266136 -31.666666666666664
      vertex 14.286189789158527 521.3766537736009 33.333333333333336
      vertex 14.117495283397652 521.3988628266136 33.333333333333336
    endloop
  endfacet
  facet normal -0.18223552549205876 -0.9832549075639709 0
    outer loop
      vertex 14.286189789158527 521.3766537736009 -31.666666666666664
      vertex 14.453490772935496 521.3456463690516 33.333333333333336
      vertex 14.286189789158527 521.3766537736009 33.333333333333336
    endloop
  endfacet
  facet normal -0.2334453638558102 -0.9723699203976994 0
    outer loop
      vertex 14.453490772935496 521.3456463690516 -31.666666666666664
      vertex 14.61893967436097 521.3059256021062 33.333333333333336
      vertex 14.453490772935496 521.3456463690516 33.333333333333336
    endloop
  endfacet
  facet normal -0.2840153447044167 -0.9588197348680466 0
    outer loop
      vertex 14.61893967436097 521.3059256021062 -31.666666666666664
      vertex 14.782083009496358 521.2576003446259 33.333333333333336
      vertex 14.61893967436097 521.3059256021062 33.333333333333336
    endloop
  endfacet
  facet normal -0.3338068592334478 -0.9426414910922929 0
    outer loop
      vertex 14.782083009496358 521.2576003446259 -31.666666666666664
      vertex 14.942473613800004 521.2008030527826 33.333333333333336
      vertex 14.782083009496358 521.2576003446259 33.333333333333336
    endloop
  endfacet
  facet normal -0.3826834323651767 -0.9238795325112508 0
    outer loop
      vertex 14.942473613800004 521.2008030527826 -31.666666666666664
      vertex 15.099671867774127 521.1356894040051 33.333333333333336
      vertex 14.942473613800004 521.2008030527826 33.333333333333336
    endloop
  endfacet
  facet normal -0.4305110968079823 -0.90258528435001 0
    outer loop
      vertex 15.099671867774127 521.1356894040051 -31.666666666666664
      vertex 15.253246901931306 521.0624378702789 33.333333333333336
      vertex 15.099671867774127 521.1356894040051 33.333333333333336
    endloop
  endfacet
  facet normal -0.47715876025970927 -0.8788171126619106 0
    outer loop
      vertex 15.253246901931306 521.0624378702789 -31.666666666666664
      vertex 15.402777777777779 520.9812492289661 33.333333333333336
      vertex 15.253246901931306 521.0624378702789 33.333333333333336
    endloop
  endfacet
  facet normal -0.5224985647162369 -0.8526401643539157 0
    outer loop
      vertex 15.402777777777779 520.9812492289661 -31.666666666666664
      vertex 15.547854641576617 520.8923460124893 33.333333333333336
      vertex 15.402777777777779 520.9812492289661 33.333333333333336
    endloop
  endfacet
  facet normal -0.5664062369247921 -0.8241261886220438 0
    outer loop
      vertex 15.547854641576617 520.8923460124893 -31.666666666666664
      vertex 15.688079847728314 520.7959718983852 33.333333333333336
      vertex 15.547854641576617 520.8923460124893 33.333333333333336
    endloop
  endfacet
  facet normal -0.6087614290086258 -0.793353340291308 0
    outer loop
      vertex 15.688079847728314 520.7959718983852 -31.666666666666664
      vertex 15.82306904868975 520.6923910414018 33.333333333333336
      vertex 15.688079847728314 520.7959718983852 33.333333333333336
    endloop
  endfacet
  facet normal -0.649448048330345 -0.7604059655998932 0
    outer loop
      vertex 15.82306904868975 520.6923910414018 -31.666666666666664
      vertex 15.952452248444068 520.5818873494682 33.333333333333336
      vertex 15.82306904868975 520.6923910414018 33.333333333333336
    endloop
  endfacet
  facet normal -0.6883545756936106 -0.7253743710124237 0
    outer loop
      vertex 15.952452248444068 520.5818873494682 -31.666666666666664
      vertex 16.07587481663406 520.464763705523 33.333333333333336
      vertex 15.952452248444068 520.5818873494682 33.333333333333336
    endloop
  endfacet
  facet normal -0.7253743710122981 -0.688354575693743 0
    outer loop
      vertex 16.07587481663406 520.464763705523 -31.666666666666664
      vertex 16.19299846057931 520.341341137333 33.333333333333336
      vertex 16.07587481663406 520.464763705523 33.333333333333336
    endloop
  endfacet
  facet normal -0.7604059656000639 -0.649448048330145 0
    outer loop
      vertex 16.19299846057931 520.341341137333 -31.666666666666664
      vertex 16.303502152512934 520.2119579375786 33.333333333333336
      vertex 16.19299846057931 520.341341137333 33.333333333333336
    endloop
  endfacet
  facet normal -0.79335334029116 -0.6087614290088186 0
    outer loop
      vertex 16.303502152512934 520.2119579375786 -31.666666666666664
      vertex 16.407083009496358 520.0769687366172 33.333333333333336
      vertex 16.303502152512934 520.2119579375786 33.333333333333336
    endloop
  endfacet
  facet normal -0.8241261886220949 -0.5664062369247176 0
    outer loop
      vertex 16.407083009496358 520.0769687366172 -31.666666666666664
      vertex 16.503457123600406 519.9367435304655 33.333333333333336
      vertex 16.407083009496358 520.0769687366172 33.333333333333336
    endloop
  endfacet
  facet normal -0.85264016435395 -0.5224985647161812 0
    outer loop
      vertex 16.503457123600406 519.9367435304655 -31.666666666666664
      vertex 16.592360340077203 519.7916666666667 33.333333333333336
      vertex 16.503457123600406 519.9367435304655 33.333333333333336
    endloop
  endfacet
  facet normal -0.8788171126619917 -0.47715876025956 0
    outer loop
      vertex 16.592360340077203 519.7916666666667 -31.666666666666664
      vertex 16.673548981389974 519.6421357908202 33.333333333333336
      vertex 16.592360340077203 519.7916666666667 33.333333333333336
    endloop
  endfacet
  facet normal -0.902585284349949 -0.4305110968081099 0
    outer loop
      vertex 16.673548981389974 519.6421357908202 -31.666666666666664
      vertex 16.74680051511623 519.488560756663 33.333333333333336
      vertex 16.673548981389974 519.6421357908202 33.333333333333336
    endloop
  endfacet
  facet normal -0.9238795325112815 -0.3826834323651024 0
    outer loop
      vertex 16.74680051511623 519.488560756663 -31.666666666666664
      vertex 16.811914163893682 519.3313625026889 33.333333333333336
      vertex 16.74680051511623 519.488560756663 33.333333333333336
    endloop
  endfacet
  facet normal 0 0 1
    outer loop
      vertex 6.777777777777778 540.7777777777778 33.333333333333336
      vertex 14.453490772935496 521.3456463690516 33.333333333333336
      vertex 20.77777777777778 540.7777777777778 33.333333333333336
    endloop
  endfacet
  facet normal 0 0 1
    outer loop
      vertex 14.453490772935496 521.3456463690516 33.333333333333336
      vertex 14.61893967436097 521.3059256021062 33.333333333333336
      vertex 20.77777777777778 540.7777777777778 33.333333333333336
    endloop
  endfacet
  facet normal 0 0 1
    outer loop
      vertex 14.61893967436097 521.3059256021062 33.333333333333336
      vertex 14.782083009496358 521.2576003446259 33.333333333333336
      vertex 20.77777777777778 540.7777777777778 33.333333333333336
    endloop
  endfacet
  facet normal -0.9238795325113794 0.3826834323648662 0
    outer loop
      vertex 16.811914163893682 517.0019708306445 -31.666666666666664
      vertex 16.74680051511623 516.8447725766703 33.333333333333336
      vertex 16.811914163893682 517.0019708306445 33.333333333333336
    endloop
  endfacet
  facet normal -0.9426414910921722 0.3338068592337883 0
    outer loop
      vertex 16.868711455737028 517.1623614349481 -31.666666666666664
      vertex 16.811914163893682 517.0019708306445 33.333333333333336
      vertex 16.868711455737028 517.1623614349481 33.333333333333336
    endloop
  endfacet
  facet normal 0 0 1
    outer loop
      vertex 16.811914163893682 497.1091402804667 33.333333333333336
      vertex 16.868711455737028 496.94874967616306 33.333333333333336
      vertex 16.811914163893682 517.0019708306445 33.333333333333336
    endloop
  endfacet
  facet normal 0 0 1
    outer loop
      vertex 16.868711455737028 496.94874967616306 33.333333333333336
      vertex 16.91703671321725 496.7856063410277 33.333333333333336
      vertex 16.868711455737028 517.1623614349481 33.333333333333336
    endloop
  endfacet
  facet normal 0 0 1
    outer loop
      vertex 16.91703671321725 496.7856063410277 33.333333333333336
      vertex 16.956757480162647 496.6201574396022 33.333333333333336
      vertex 16.91703671321725 517.3255047700835 33.333333333333336
    endloop
  endfacet
  facet normal 0 0 1
    outer loop
      vertex 16.987764884711975 496.4528564558252 33.333333333333336
      vertex 17.009973937724666 496.28416195006434 33.333333333333336
      vertex 16.987764884711975 517.6582546552859 33.333333333333336
    endloop
  endfacet
  facet normal 0 0 1
    outer loop
      vertex 16.987764884711975 496.4528564558252 33.333333333333336
      vertex 16.956757480162647 517.490953671509 33.333333333333336
      vertex 16.956757480162647 496.6201574396022 33.333333333333336
    endloop
  endfacet
  facet normal 0 0 1
    outer loop
      vertex 17.02777777777778 495.94444444444446 33.333333333333336
      vertex 17.023323765730144 517.9965748088771 33.333333333333336
      vertex 17.023323765730144 496.11453630223406 33.333333333333336
    endloop
  endfacet
  facet normal 0 0 1
    outer loop
      vertex 17.009973937724666 496.28416195006434 33.333333333333336
      vertex 17.023323765730144 496.11453630223406 33.333333333333336
      vertex 17.009973937724666 517.8269491610467 33.333333333333336
    endloop
  endfacet
  facet normal 0 0 1
    outer loop
      vertex 16.74680051511623 516.8447725766703 33.333333333333336
      vertex 16.811914163893682 497.1091402804667 33.333333333333336
      vertex 16.811914163893682 517.0019708306445 33.333333333333336
    endloop
  endfacet
  facet normal 0 0 1
    outer loop
      vertex 16.868711455737028 496.94874967616306 33.333333333333336
      vertex 16.868711455737028 517.1623614349481 33.333333333333336
      vertex 16.811914163893682 517.0019708306445 33.333333333333336
    endloop
  endfacet
  facet normal 0 0 1
    outer loop
      vertex 16.91703671321725 496.7856063410277 33.333333333333336
      vertex 16.91703671321725 517.3255047700835 33.333333333333336
      vertex 16.868711455737028 517.1623614349481 33.333333333333336
    endloop
  endfacet
  facet normal 0 0 1
    outer loop
      vertex 16.956757480162647 496.6201574396022 33.333333333333336
      vertex 16.956757480162647 517.490953671509 33.333333333333336
      vertex 16.91703671321725 517.3255047700835 33.333333333333336
    endloop
  endfacet
  facet normal 0 0 1
    outer loop
      vertex 16.987764884711975 496.4528564558252 33.333333333333336
      vertex 16.987764884711975 517.6582546552859 33.333333333333336
      vertex 16.956757480162647 517.490953671509 33.333333333333336
    endloop
  endfacet
  facet normal 0 0 1
    outer loop
      vertex 17.009973937724666 496.28416195006434 33.333333333333336
      vertex 17.009973937724666 517.8269491610467 33.333333333333336
      vertex 16.987764884711975 517.6582546552859 33.333333333333336
    endloop
  endfacet
  facet normal 0 0 1
    outer loop
      vertex 17.02777777777778 495.94444444444446 33.333333333333336
      vertex 17.02777777777778 518.1666666666667 33.333333333333336
      vertex 17.023323765730144 517.9965748088771 33.333333333333336
    endloop
  endfacet
  facet normal 0 0 1
    outer loop
      vertex 17.023323765730144 496.11453630223406 33.333333333333336
      vertex 17.023323765730144 517.9965748088771 33.333333333333336
      vertex 17.009973937724666 517.8269491610467 33.333333333333336
    endloop
  endfacet
  facet normal -0.9588197348681878 0.28401534470394035 0
    outer loop
      vertex 16.91703671321725 517.3255047700835 -31.666666666666664
      vertex 16.868711455737028 517.1623614349481 33.333333333333336
      vertex 16.91703671321725 517.3255047700835 33.333333333333336
    endloop
  endfacet
  facet normal -0.9723699203976904 0.2334453638558473 0
    outer loop
      vertex 16.956757480162647 517.490953671509 -31.666666666666664
      vertex 16.91703671321725 517.3255047700835 33.333333333333336
      vertex 16.956757480162647 517.490953671509 33.333333333333336
    endloop
  endfacet
  facet normal -0.9426414910921722 -0.3338068592337883 0
    outer loop
      vertex 16.811914163893682 519.3313625026889 -31.666666666666664
      vertex 16.868711455737028 519.1709718983852 33.333333333333336
      vertex 16.811914163893682 519.3313625026889 33.333333333333336
    endloop
  endfacet
  facet normal -0.9588197348681878 -0.28401534470394035 0
    outer loop
      vertex 16.868711455737028 519.1709718983852 -31.666666666666664
      vertex 16.91703671321725 519.0078285632499 33.333333333333336
      vertex 16.868711455737028 519.1709718983852 33.333333333333336
    endloop
  endfacet
  facet normal -0.9723699203976542 -0.233445363855999 0
    outer loop
      vertex 16.91703671321725 519.0078285632499 -31.666666666666664
      vertex 16.956757480162647 518.8423796618245 33.333333333333336
      vertex 16.91703671321725 519.0078285632499 33.333333333333336
    endloop
  endfacet
  facet normal -0.9832549075639311 0.1822355254922742 0
    outer loop
      vertex 16.987764884711975 517.6582546552859 -31.666666666666664
      vertex 16.956757480162647 517.490953671509 33.333333333333336
      vertex 16.987764884711975 517.6582546552859 33.333333333333336
    endloop
  endfacet
  facet normal -0.9914448613738092 0.13052619222006104 0
    outer loop
      vertex 17.009973937724666 517.8269491610467 -31.666666666666664
      vertex 16.987764884711975 517.6582546552859 33.333333333333336
      vertex 17.009973937724666 517.8269491610467 33.333333333333336
    endloop
  endfacet
  facet normal -0.9914448613738092 -0.13052619222006104 0
    outer loop
      vertex 16.987764884711975 518.6750786780474 -31.666666666666664
      vertex 17.009973937724666 518.5063841722865 33.333333333333336
      vertex 16.987764884711975 518.6750786780474 33.333333333333336
    endloop
  endfacet
  facet normal -0.9969173337331291 0.07845909572783118 0
    outer loop
      vertex 17.023323765730144 517.9965748088771 -31.666666666666664
      vertex 17.009973937724666 517.8269491610467 33.333333333333336
      vertex 17.023323765730144 517.9965748088771 33.333333333333336
    endloop
  endfacet
  facet normal -0.9996573249755576 0.026176948307858966 0
    outer loop
      vertex 17.02777777777778 518.1666666666667 -31.666666666666664
      vertex 17.023323765730144 517.9965748088771 33.333333333333336
      vertex 17.02777777777778 518.1666666666667 33.333333333333336
    endloop
  endfacet
  facet normal -0.9996573249755571 -0.026176948307876452 0
    outer loop
      vertex 17.023323765730144 518.3367585244563 -31.666666666666664
      vertex 17.02777777777778 518.1666666666667 33.333333333333336
      vertex 17.023323765730144 518.3367585244563 33.333333333333336
    endloop
  endfacet
  facet normal -0.996917333733125 -0.07845909572788344 0
    outer loop
      vertex 17.009973937724666 518.5063841722865 -31.666666666666664
      vertex 17.023323765730144 518.3367585244563 33.333333333333336
      vertex 17.009973937724666 518.5063841722865 33.333333333333336
    endloop
  endfacet
  facet normal -0.9832549075639755 -0.18223552549203478 0
    outer loop
      vertex 16.956757480162647 518.8423796618245 -31.666666666666664
      vertex 16.987764884711975 518.6750786780474 33.333333333333336
      vertex 16.956757480162647 518.8423796618245 33.333333333333336
    endloop
  endfacet
  facet normal 0 0 1
    outer loop
      vertex 14.782083009496358 521.2576003446259 33.333333333333336
      vertex 14.942473613800004 521.2008030527826 33.333333333333336
      vertex 20.77777777777778 540.7777777777778 33.333333333333336
    endloop
  endfacet
  facet normal 0 0 1
    outer loop
      vertex 14.942473613800004 521.2008030527826 33.333333333333336
      vertex 15.099671867774127 521.1356894040051 33.333333333333336
      vertex 20.77777777777778 540.7777777777778 33.333333333333336
    endloop
  endfacet
  facet normal 0 0 1
    outer loop
      vertex 15.099671867774127 521.1356894040051 33.333333333333336
      vertex 15.253246901931306 521.0624378702789 33.333333333333336
      vertex 20.77777777777778 540.7777777777778 33.333333333333336
    endloop
  endfacet
  facet normal 0 0 1
    outer loop
      vertex 15.253246901931306 521.0624378702789 33.333333333333336
      vertex 15.402777777777779 520.9812492289661 33.333333333333336
      vertex 20.77777777777778 540.7777777777778 33.333333333333336
    endloop
  endfacet
  facet normal 0 0 1
    outer loop
      vertex 15.547854641576617 520.8923460124893 33.333333333333336
      vertex 15.688079847728314 520.7959718983852 33.333333333333336
      vertex 20.77777777777778 540.7777777777778 33.333333333333336
    endloop
  endfacet
  facet normal 0 0 1
    outer loop
      vertex 15.402777777777779 520.9812492289661 33.333333333333336
      vertex 15.547854641576617 520.8923460124893 33.333333333333336
      vertex 20.77777777777778 540.7777777777778 33.333333333333336
    endloop
  endfacet
  facet normal 0 0 1
    outer loop
      vertex 15.688079847728314 520.7959718983852 33.333333333333336
      vertex 15.82306904868975 520.6923910414018 33.333333333333336
      vertex 20.77777777777778 540.7777777777778 33.333333333333336
    endloop
  endfacet
  facet normal 0 0 1
    outer loop
      vertex 15.82306904868975 520.6923910414018 33.333333333333336
      vertex 15.952452248444068 520.5818873494682 33.333333333333336
      vertex 20.77777777777778 540.7777777777778 33.333333333333336
    endloop
  endfacet
  facet normal 0 0 1
    outer loop
      vertex 15.952452248444068 520.5818873494682 33.333333333333336
      vertex 16.07587481663406 520.464763705523 33.333333333333336
      vertex 20.77777777777778 540.7777777777778 33.333333333333336
    endloop
  endfacet
  facet normal 0 0 1
    outer loop
      vertex 16.07587481663406 520.464763705523 33.333333333333336
      vertex 16.19299846057931 520.341341137333 33.333333333333336
      vertex 20.77777777777778 540.7777777777778 33.333333333333336
    endloop
  endfacet
  facet normal 0 0 1
    outer loop
      vertex 16.19299846057931 520.341341137333 33.333333333333336
      vertex 16.303502152512934 520.2119579375786 33.333333333333336
      vertex 20.77777777777778 540.7777777777778 33.333333333333336
    endloop
  endfacet
  facet normal 0 0 1
    outer loop
      vertex 16.303502152512934 520.2119579375786 33.333333333333336
      vertex 16.407083009496358 520.0769687366172 33.333333333333336
      vertex 20.77777777777778 540.7777777777778 33.333333333333336
    endloop
  endfacet
  facet normal 0 0 1
    outer loop
      vertex 16.407083009496358 520.0769687366172 33.333333333333336
      vertex 16.503457123600406 519.9367435304655 33.333333333333336
      vertex 20.77777777777778 540.7777777777778 33.333333333333336
    endloop
  endfacet
  facet normal 0 0 1
    outer loop
      vertex 17.02777777777778 518.1666666666667 33.333333333333336
      vertex 20.77777777777778 540.7777777777778 33.333333333333336
      vertex 17.023323765730144 518.3367585244563 33.333333333333336
    endloop
  endfacet
  facet normal 0 0 1
    outer loop
      vertex 17.009973937724666 518.5063841722865 33.333333333333336
      vertex 17.023323765730144 518.3367585244563 33.333333333333336
      vertex 20.77777777777778 540.7777777777778 33.333333333333336
    endloop
  endfacet
  facet normal 0 0 1
    outer loop
      vertex 17.009973937724666 518.5063841722865 33.333333333333336
      vertex 20.77777777777778 540.7777777777778 33.333333333333336
      vertex 16.987764884711975 518.6750786780474 33.333333333333336
    endloop
  endfacet
  facet normal 0 0 1
    outer loop
      vertex 16.503457123600406 519.9367435304655 33.333333333333336
      vertex 16.592360340077203 519.7916666666667 33.333333333333336
      vertex 20.77777777777778 540.7777777777778 33.333333333333336
    endloop
  endfacet
  facet normal 0 0 1
    outer loop
      vertex 16.592360340077203 519.7916666666667 33.333333333333336
      vertex 16.673548981389974 519.6421357908202 33.333333333333336
      vertex 20.77777777777778 540.7777777777778 33.333333333333336
    endloop
  endfacet
  facet normal 0 0 1
    outer loop
      vertex 16.673548981389974 519.6421357908202 33.333333333333336
      vertex 16.74680051511623 519.488560756663 33.333333333333336
      vertex 20.77777777777778 540.7777777777778 33.333333333333336
    endloop
  endfacet
  facet normal 0 0 1
    outer loop
      vertex 16.74680051511623 519.488560756663 33.333333333333336
      vertex 16.811914163893682 519.3313625026889 33.333333333333336
      vertex 20.77777777777778 540.7777777777778 33.333333333333336
    endloop
  endfacet
  facet normal 0 0 1
    outer loop
      vertex 16.811914163893682 519.3313625026889 33.333333333333336
      vertex 16.868711455737028 519.1709718983852 33.333333333333336
      vertex 20.77777777777778 540.7777777777778 33.333333333333336
    endloop
  endfacet
  facet normal 0 0 1
    outer loop
      vertex 16.868711455737028 519.1709718983852 33.333333333333336
      vertex 16.91703671321725 519.0078285632499 33.333333333333336
      vertex 20.77777777777778 540.7777777777778 33.333333333333336
    endloop
  endfacet
  facet normal 0 0 1
    outer loop
      vertex 16.91703671321725 519.0078285632499 33.333333333333336
      vertex 16.956757480162647 518.8423796618245 33.333333333333336
      vertex 20.77777777777778 540.7777777777778 33.333333333333336
    endloop
  endfacet
  facet normal 0 0 1
    outer loop
      vertex 16.956757480162647 518.8423796618245 33.333333333333336
      vertex 16.987764884711975 518.6750786780474 33.333333333333336
      vertex 20.77777777777778 540.7777777777778 33.333333333333336
    endloop
  endfacet
  facet normal 0 -1 0
    outer loop
      vertex 25.77777777777778 486.83333333333337 -50.666666666666664
      vertex 25.77777777777778 486.83333333333337 33.333333333333336
      vertex 15.777777777777779 486.83333333333337 33.333333333333336
    endloop
  endfacet
  facet normal 0 0 1
    outer loop
      vertex 16.74680051511623 494.62255035444815 33.333333333333336
      vertex 25.77777777777778 486.83333333333337 33.333333333333336
      vertex 16.811914163893682 494.77974860842227 33.333333333333336
    endloop
  endfacet
  facet normal 0 0 1
    outer loop
      vertex 16.811914163893682 494.77974860842227 33.333333333333336
      vertex 25.77777777777778 486.83333333333337 33.333333333333336
      vertex 16.868711455737028 494.9401392127259 33.333333333333336
    endloop
  endfacet
  facet normal 0 0 1
    outer loop
      vertex 16.868711455737028 494.9401392127259 33.333333333333336
      vertex 25.77777777777778 486.83333333333337 33.333333333333336
      vertex 16.91703671321725 495.1032825478613 33.333333333333336
    endloop
  endfacet
  facet normal 0 0 1
    outer loop
      vertex 16.91703671321725 495.1032825478613 33.333333333333336
      vertex 25.77777777777778 486.83333333333337 33.333333333333336
      vertex 16.956757480162647 495.26873144928675 33.333333333333336
    endloop
  endfacet
  facet normal 0 0 1
    outer loop
      vertex 16.956757480162647 495.26873144928675 33.333333333333336
      vertex 25.77777777777778 486.83333333333337 33.333333333333336
      vertex 16.987764884711975 495.4360324330637 33.333333333333336
    endloop
  endfacet
  facet normal 0 0 1
    outer loop
      vertex 16.987764884711975 495.4360324330637 33.333333333333336
      vertex 25.77777777777778 486.83333333333337 33.333333333333336
      vertex 17.009973937724666 495.6047269388246 33.333333333333336
    endloop
  endfacet
  facet normal 0 0 1
    outer loop
      vertex 17.009973937724666 495.6047269388246 33.333333333333336
      vertex 25.77777777777778 486.83333333333337 33.333333333333336
      vertex 17.023323765730144 495.7743525866549 33.333333333333336
    endloop
  endfacet
  facet normal 0 0 1
    outer loop
      vertex 17.023323765730144 495.7743525866549 33.333333333333336
      vertex 25.77777777777778 486.83333333333337 33.333333333333336
      vertex 17.02777777777778 495.94444444444446 33.333333333333336
    endloop
  endfacet
  facet normal 0.025514892185087918 0.9743744216838481 -0.2234803719458374
    outer loop
      vertex 21.0394575589925 518.5487032293285 -63.55555555555555
      vertex 20.77777777777778 540.7777777777778 33.333333333333336
      vertex 21.0394575589925 540.7709254515507 33.333333333333336
    endloop
  endfacet
  facet normal 0.07648519855658377 0.9718365921464903 -0.22289830095103053
    outer loop
      vertex 21.300420094116046 518.5281650323969 -63.55555555555555
      vertex 21.0394575589925 540.7709254515507 33.333333333333336
      vertex 21.300420094116046 540.7503872546192 33.333333333333336
    endloop
  endfacet
  facet normal 0.12727699770300846 0.9667647787588034 -0.2217350409997262
    outer loop
      vertex 21.55995010297893 518.4939972585313 -63.55555555555555
      vertex 21.300420094116046 540.7503872546192 33.333333333333336
      vertex 21.55995010297893 540.7162194807536 33.333333333333336
    endloop
  endfacet
  facet normal 0.1777710453886066 0.9591667284881776 -0.21999236891930632
    outer loop
      vertex 21.817336231866577 518.4462935592246 -63.55555555555555
      vertex 21.55995010297893 540.7162194807536 33.333333333333336
      vertex 21.817336231866577 540.6685157814468 33.333333333333336
    endloop
  endfacet
  facet normal 0.22784775454761688 0.9490541996341106 -0.2176729815674572
    outer loop
      vertex 22.07187300329038 518.3851846870009 -63.55555555555555
      vertex 21.817336231866577 540.6685157814468 33.333333333333336
      vertex 22.07187300329038 540.6074069092232 33.333333333333336
    endloop
  endfacet
  facet normal 0.2773870906097412 0.936443124055086 -0.21478053304015687
    outer loop
      vertex 22.322862749652515 518.3108381370314 -63.55555555555555
      vertex 22.07187300329038 540.6074069092232 33.333333333333336
      vertex 22.322862749652515 540.5330603592536 33.333333333333336
    endloop
  endfacet
  facet normal 0.32626849887406395 0.9213538181363319 -0.21131968305879129
    outer loop
      vertex 22.569617525504277 518.2234576880417 -63.55555555555555
      vertex 22.322862749652515 540.5330603592536 33.333333333333336
      vertex 22.569617525504277 540.4456799102638 33.333333333333336
    endloop
  endfacet
  facet normal 0.374370872552782 0.9038112378749122 -0.20729615547589791
    outer loop
      vertex 22.81146099315678 518.1232828437686 -63.55555555555555
      vertex 22.569617525504277 540.4456799102638 33.333333333333336
      vertex 22.81146099315678 540.3455050659909 33.333333333333336
    endloop
  endfacet
  facet normal 1 0 0
    outer loop
      vertex 25.77777777777778 486.83333333333337 -50.666666666666664
      vertex 25.77777777777778 535.7777777777778 33.333333333333336
      vertex 25.77777777777778 486.83333333333337 33.333333333333336
    endloop
  endfacet
  facet normal 0.42157256956761924 0.8838452722780791 -0.20271680556836735
    outer loop
      vertex 23.047730276475512 518.0105881764974 -63.55555555555555
      vertex 22.81146099315678 540.3455050659909 33.333333333333336
      vertex 23.047730276475512 540.2328103987197 33.333333333333336
    endloop
  endfacet
  facet normal 0.4677514855918751 0.8614910680617676 -0.1975896945095793
    outer loop
      vertex 23.27777777777778 517.8856825744779 -63.55555555555555
      vertex 23.047730276475512 540.2328103987197 33.333333333333336
      vertex 23.27777777777778 540.1079047967 33.333333333333336
    endloop
  endfacet
  facet normal 0.5127851900071446 0.8367893774478055 -0.19192416913940452
    outer loop
      vertex 23.500972952852912 517.7489083952828 -63.55555555555555
      vertex 23.27777777777778 540.1079047967 33.333333333333336
      vertex 23.500972952852912 539.971130617505 33.333333333333336
    endloop
  endfacet
  facet normal 0.5565511304363793 0.809786919702804 -0.1857309448859638
    outer loop
      vertex 23.716704039240145 517.6006405274304 -63.55555555555555
      vertex 23.500972952852912 539.971130617505 33.333333333333336
      vertex 23.716704039240145 539.8228627496526 33.333333333333336
    endloop
  endfacet
  facet normal 0.5989269102938133 0.780536745972207 -0.17902218944316636
    outer loop
      vertex 23.924379733026967 517.4412853628405 -63.55555555555555
      vertex 23.716704039240145 539.8228627496526 33.333333333333336
      vertex 23.924379733026967 539.6635075850627 33.333333333333336
    endloop
  endfacet
  facet normal 0.6397906423386015 0.7490985959847658 -0.1718116045836615
    outer loop
      vertex 24.12343080957207 517.2712796829426 -63.55555555555555
      vertex 23.924379733026967 539.6635075850627 33.333333333333336
      vertex 24.12343080957207 539.4935019051647 33.333333333333336
    endloop
  endfacet
  facet normal 0.6790213795290012 0.7155392343883726 -0.1641145033000851
    outer loop
      vertex 24.313311683710516 517.0910894614883 -63.55555555555555
      vertex 24.12343080957207 539.4935019051647 33.333333333333336
      vertex 24.313311683710516 539.3133116837105 33.333333333333336
    endloop
  endfacet
  facet normal 0.9996393083078668 0.026176476524830416 -0.006003779019456504
    outer loop
      vertex 25.77777777777778 513.5555555555557 -63.55555555555555
      vertex 25.770925451550646 536.0394575589926 33.333333333333336
      vertex 25.77777777777778 535.7777777777778 33.333333333333336
    endloop
  endfacet
  facet normal 0.996755958341881 0.07844639520910397 -0.01799229247915234
    outer loop
      vertex 25.770925451550646 513.8172353367703 -63.55555555555555
      vertex 25.750387254619145 536.3004200941161 33.333333333333336
      vertex 25.770925451550646 536.0394575589926 33.333333333333336
    endloop
  endfacet
  facet normal 0.7164996225648446 0.6799327538785921 -0.15594787932995197
    outer loop
      vertex 24.49350190516475 516.9012085873499 -63.55555555555555
      vertex 24.313311683710516 539.3133116837105 33.333333333333336
      vertex 24.49350190516475 539.123430809572 33.333333333333336
    endloop
  endfacet
  facet normal 0.7521079013910048 0.6423608319626485 -0.14733046604647868
    outer loop
      vertex 24.663507585062632 516.7021575108048 -63.55555555555555
      vertex 24.49350190516475 539.123430809572 33.333333333333336
      vertex 24.663507585062632 538.924379733027 33.333333333333336
    endloop
  endfacet
  facet normal 0.7857314256639819 0.6029129282152997 -0.13828278170075722
    outer loop
      vertex 24.822862749652515 516.4944818170179 -63.55555555555555
      vertex 24.663507585062632 538.924379733027 33.333333333333336
      vertex 24.822862749652515 538.7167040392402 33.333333333333336
    endloop
  endfacet
  facet normal 0.8172587968036592 0.561686409292838 -0.12882715809468798
    outer loop
      vertex 24.971130617504897 516.2787507306307 -63.55555555555555
      vertex 24.822862749652515 538.7167040392402 33.333333333333336
      vertex 24.971130617504897 538.500972952853 33.333333333333336
    endloop
  endfacet
  facet normal 0.8465827718476981 0.5187865898139251 -0.118987749957322
    outer loop
      vertex 25.10790479669997 516.0555555555557 -63.55555555555555
      vertex 24.971130617504897 538.500972952853 33.333333333333336
      vertex 25.10790479669997 538.2777777777778 33.333333333333336
    endloop
  endfacet
  facet normal 0.8736010669808623 0.47432667852731153 -0.10879052259800699
    outer loop
      vertex 25.232810398719618 515.8255080542533 -63.55555555555555
      vertex 25.10790479669997 538.2777777777778 33.333333333333336
      vertex 25.232810398719618 538.0477302764755 33.333333333333336
    endloop
  endfacet
  facet normal 0.8982171864314458 0.4284276209767743 -0.09826321582036084
    outer loop
      vertex 25.345505065990782 515.5892387709346 -63.55555555555555
      vertex 25.232810398719618 538.0477302764755 33.333333333333336
      vertex 25.345505065990782 537.8114609931567 33.333333333333336
    endloop
  endfacet
  facet normal 0.9203412605274676 0.3812178321221675 -0.0874352825968272
    outer loop
      vertex 25.445679910263788 515.3473953032822 -63.55555555555555
      vertex 25.345505065990782 537.8114609931567 33.333333333333336
      vertex 25.445679910263788 537.5696175255043 33.333333333333336
    endloop
  endfacet
  facet normal 0.9398908751899503 0.3328328150569211 -0.07633780161855971
    outer loop
      vertex 25.533060359253547 515.1006405274304 -63.55555555555555
      vertex 25.445679910263788 537.5696175255043 33.333333333333336
      vertex 25.533060359253547 537.3228627496526 33.333333333333336
    endloop
  endfacet
  facet normal 0.9567918741294341 0.28341466498715384 -0.06500336352916358
    outer loop
      vertex 25.60740690922312 514.8496507810682 -63.55555555555555
      vertex 25.533060359253547 537.3228627496526 33.333333333333336
      vertex 25.60740690922312 537.0718730032904 33.333333333333336
    endloop
  endfacet
  facet normal 0.9709791145876587 0.2331114609229497 -0.053465931404346426
    outer loop
      vertex 25.668515781446807 514.5951140096444 -63.55555555555555
      vertex 25.60740690922312 537.0718730032904 33.333333333333336
      vertex 25.668515781446807 536.8173362318666 33.333333333333336
    endloop
  endfacet
  facet normal 0.9823971577038184 0.18207655095225078 -0.04176067682391063
    outer loop
      vertex 25.716219480753466 514.3377278807568 -63.55555555555555
      vertex 25.668515781446807 536.8173362318666 33.333333333333336
      vertex 25.716219480753466 536.559950102979 33.333333333333336
    endloop
  endfacet
  facet normal 0.9910008755265373 0.1304677403743926 -0.029923793663851596
    outer loop
      vertex 25.750387254619145 514.0781978718938 -63.55555555555555
      vertex 25.716219480753466 536.559950102979 33.333333333333336
      vertex 25.750387254619145 536.3004200941161 33.333333333333336
    endloop
  endfacet
  facet normal 0 0 1
    outer loop
      vertex 17.02777777777778 495.94444444444446 33.333333333333336
      vertex 25.77777777777778 486.83333333333337 33.333333333333336
      vertex 17.02777777777778 518.1666666666667 33.333333333333336
    endloop
  endfacet
  facet normal 0 0 1
    outer loop
      vertex 17.02777777777778 518.1666666666667 33.333333333333336
      vertex 25.77777777777778 486.83333333333337 33.333333333333336
      vertex 20.77777777777778 540.7777777777778 33.333333333333336
    endloop
  endfacet
  facet normal 0 0 1
    outer loop
      vertex 25.77777777777778 486.83333333333337 33.333333333333336
      vertex 21.0394575589925 540.7709254515507 33.333333333333336
      vertex 20.77777777777778 540.7777777777778 33.333333333333336
    endloop
  endfacet
  facet normal 0 0 1
    outer loop
      vertex 25.77777777777778 486.83333333333337 33.333333333333336
      vertex 21.300420094116046 540.7503872546192 33.333333333333336
      vertex 21.0394575589925 540.7709254515507 33.333333333333336
    endloop
  endfacet
  facet normal 0 0 1
    outer loop
      vertex 25.77777777777778 486.83333333333337 33.333333333333336
      vertex 21.55995010297893 540.7162194807536 33.333333333333336
      vertex 21.300420094116046 540.7503872546192 33.333333333333336
    endloop
  endfacet
  facet normal 0 0 1
    outer loop
      vertex 25.77777777777778 486.83333333333337 33.333333333333336
      vertex 21.817336231866577 540.6685157814468 33.333333333333336
      vertex 21.55995010297893 540.7162194807536 33.333333333333336
    endloop
  endfacet
  facet normal 0 0 1
    outer loop
      vertex 25.77777777777778 486.83333333333337 33.333333333333336
      vertex 22.07187300329038 540.6074069092232 33.333333333333336
      vertex 21.817336231866577 540.6685157814468 33.333333333333336
    endloop
  endfacet
  facet normal 0 0 1
    outer loop
      vertex 25.77777777777778 486.83333333333337 33.333333333333336
      vertex 22.322862749652515 540.5330603592536 33.333333333333336
      vertex 22.07187300329038 540.6074069092232 33.333333333333336
    endloop
  endfacet
  facet normal 0 0 1
    outer loop
      vertex 25.77777777777778 486.83333333333337 33.333333333333336
      vertex 22.569617525504277 540.4456799102638 33.333333333333336
      vertex 22.322862749652515 540.5330603592536 33.333333333333336
    endloop
  endfacet
  facet normal 0 0 1
    outer loop
      vertex 25.77777777777778 486.83333333333337 33.333333333333336
      vertex 22.81146099315678 540.3455050659909 33.333333333333336
      vertex 22.569617525504277 540.4456799102638 33.333333333333336
    endloop
  endfacet
  facet normal 0 0 1
    outer loop
      vertex 25.77777777777778 486.83333333333337 33.333333333333336
      vertex 23.047730276475512 540.2328103987197 33.333333333333336
      vertex 22.81146099315678 540.3455050659909 33.333333333333336
    endloop
  endfacet
  facet normal 0 0 1
    outer loop
      vertex 25.77777777777778 486.83333333333337 33.333333333333336
      vertex 23.27777777777778 540.1079047967 33.333333333333336
      vertex 23.047730276475512 540.2328103987197 33.333333333333336
    endloop
  endfacet
  facet normal 0 0 1
    outer loop
      vertex 25.77777777777778 486.83333333333337 33.333333333333336
      vertex 23.500972952852912 539.971130617505 33.333333333333336
      vertex 23.27777777777778 540.1079047967 33.333333333333336
    endloop
  endfacet
  facet normal 0 0 1
    outer loop
      vertex 25.77777777777778 486.83333333333337 33.333333333333336
      vertex 23.716704039240145 539.8228627496526 33.333333333333336
      vertex 23.500972952852912 539.971130617505 33.333333333333336
    endloop
  endfacet
  facet normal 0 0 1
    outer loop
      vertex 25.77777777777778 486.83333333333337 33.333333333333336
      vertex 23.924379733026967 539.6635075850627 33.333333333333336
      vertex 23.716704039240145 539.8228627496526 33.333333333333336
    endloop
  endfacet
  facet normal 0 0 1
    outer loop
      vertex 25.77777777777778 486.83333333333337 33.333333333333336
      vertex 24.12343080957207 539.4935019051647 33.333333333333336
      vertex 23.924379733026967 539.6635075850627 33.333333333333336
    endloop
  endfacet
  facet normal 0 0 1
    outer loop
      vertex 25.77777777777778 486.83333333333337 33.333333333333336
      vertex 24.313311683710516 539.3133116837105 33.333333333333336
      vertex 24.12343080957207 539.4935019051647 33.333333333333336
    endloop
  endfacet
  facet normal 0 0 1
    outer loop
      vertex 25.77777777777778 486.83333333333337 33.333333333333336
      vertex 24.49350190516475 539.123430809572 33.333333333333336
      vertex 24.313311683710516 539.3133116837105 33.333333333333336
    endloop
  endfacet
  facet normal 0 0 1
    outer loop
      vertex 25.77777777777778 486.83333333333337 33.333333333333336
      vertex 24.663507585062632 538.924379733027 33.333333333333336
      vertex 24.49350190516475 539.123430809572 33.333333333333336
    endloop
  endfacet
  facet normal 0 0 1
    outer loop
      vertex 25.77777777777778 486.83333333333337 33.333333333333336
      vertex 24.822862749652515 538.7167040392402 33.333333333333336
      vertex 24.663507585062632 538.924379733027 33.333333333333336
    endloop
  endfacet
  facet normal 0 0 1
    outer loop
      vertex 25.77777777777778 486.83333333333337 33.333333333333336
      vertex 24.971130617504897 538.500972952853 33.333333333333336
      vertex 24.822862749652515 538.7167040392402 33.333333333333336
    endloop
  endfacet
  facet normal 0 0 1
    outer loop
      vertex 25.77777777777778 486.83333333333337 33.333333333333336
      vertex 25.10790479669997 538.2777777777778 33.333333333333336
      vertex 24.971130617504897 538.500972952853 33.333333333333336
    endloop
  endfacet
  facet normal 0 0 1
    outer loop
      vertex 25.77777777777778 486.83333333333337 33.333333333333336
      vertex 25.232810398719618 538.0477302764755 33.333333333333336
      vertex 25.10790479669997 538.2777777777778 33.333333333333336
    endloop
  endfacet
  facet normal 0 0 1
    outer loop
      vertex 25.77777777777778 486.83333333333337 33.333333333333336
      vertex 25.716219480753466 536.559950102979 33.333333333333336
      vertex 25.668515781446807 536.8173362318666 33.333333333333336
    endloop
  endfacet
  facet normal 0 0 1
    outer loop
      vertex 25.77777777777778 486.83333333333337 33.333333333333336
      vertex 25.77777777777778 535.7777777777778 33.333333333333336
      vertex 25.770925451550646 536.0394575589926 33.333333333333336
    endloop
  endfacet
  facet normal 0 0 1
    outer loop
      vertex 25.77777777777778 486.83333333333337 33.333333333333336
      vertex 25.770925451550646 536.0394575589926 33.333333333333336
      vertex 25.750387254619145 536.3004200941161 33.333333333333336
    endloop
  endfacet
  facet normal 0 0 1
    outer loop
      vertex 25.77777777777778 486.83333333333337 33.333333333333336
      vertex 25.750387254619145 536.3004200941161 33.333333333333336
      vertex 25.716219480753466 536.559950102979 33.333333333333336
    endloop
  endfacet
  facet normal 0 0 1
    outer loop
      vertex 25.77777777777778 486.83333333333337 33.333333333333336
      vertex 25.345505065990782 537.8114609931567 33.333333333333336
      vertex 25.232810398719618 538.0477302764755 33.333333333333336
    endloop
  endfacet
  facet normal 0 0 1
    outer loop
      vertex 25.77777777777778 486.83333333333337 33.333333333333336
      vertex 25.445679910263788 537.5696175255043 33.333333333333336
      vertex 25.345505065990782 537.8114609931567 33.333333333333336
    endloop
  endfacet
  facet normal 0 0 1
    outer loop
      vertex 25.77777777777778 486.83333333333337 33.333333333333336
      vertex 25.533060359253547 537.3228627496526 33.333333333333336
      vertex 25.445679910263788 537.5696175255043 33.333333333333336
    endloop
  endfacet
  facet normal 0 0 1
    outer loop
      vertex 25.77777777777778 486.83333333333337 33.333333333333336
      vertex 25.60740690922312 537.0718730032904 33.333333333333336
      vertex 25.533060359253547 537.3228627496526 33.333333333333336
    endloop
  endfacet
  facet normal 0 0 1
    outer loop
      vertex 25.77777777777778 486.83333333333337 33.333333333333336
      vertex 25.668515781446807 536.8173362318666 33.333333333333336
      vertex 25.60740690922312 537.0718730032904 33.333333333333336
    endloop
  endfacet
endsolid OpenSCAD_Model
