solid OpenSCAD_Model
  facet normal -1 0 0
    outer loop
      vertex 6.666666666666667 381.90152521530507 -60.14196337655229
      vertex 6.666666666666667 403.61111111111114 -54.66666666666666
      vertex 6.666666666666667 382.5815479348966 -60.93816768273271
    endloop
  endfacet
  facet normal -1 0 0
    outer loop
      vertex 6.666666666666667 383.3023088207135 -61.697691179286494
      vertex 6.666666666666667 382.5815479348966 -60.93816768273271
      vertex 6.666666666666667 403.61111111111114 -54.66666666666666
    endloop
  endfacet
  facet normal -1 0 0
    outer loop
      vertex 6.666666666666667 383.3023088207135 -61.697691179286494
      vertex 6.666666666666667 403.61111111111114 -54.66666666666666
      vertex 6.666666666666667 384.0618323172673 -62.41845206510342
    endloop
  endfacet
  facet normal -1 0 0
    outer loop
      vertex 6.666666666666667 379.6243139606771 -56.63536555034648
      vertex 6.666666666666667 403.61111111111114 -54.66666666666666
      vertex 6.666666666666667 380.1239363687557 -57.55555555555554
    endloop
  endfacet
  facet normal -1 0 0
    outer loop
      vertex 6.666666666666667 379.1735352915925 -55.69028841707155
      vertex 6.666666666666667 378.77283591450043 -54.72291454646155
      vertex 6.666666666666667 403.61111111111114 -54.66666666666666
    endloop
  endfacet
  facet normal -1 0 0
    outer loop
      vertex 6.666666666666667 379.6243139606771 -56.63536555034648
      vertex 6.666666666666667 379.1735352915925 -55.69028841707155
      vertex 6.666666666666667 403.61111111111114 -54.66666666666666
    endloop
  endfacet
  facet normal -1 0 0
    outer loop
      vertex 6.666666666666667 380.671033085536 -58.448336255856084
      vertex 6.666666666666667 403.61111111111114 -54.66666666666666
      vertex 6.666666666666667 381.26410455694554 -59.31126060140501
    endloop
  endfacet
  facet normal -1 0 0
    outer loop
      vertex 6.666666666666667 381.90152521530507 -60.14196337655229
      vertex 6.666666666666667 381.26410455694554 -59.31126060140501
      vertex 6.666666666666667 403.61111111111114 -54.66666666666666
    endloop
  endfacet
  facet normal -1 0 0
    outer loop
      vertex 6.666666666666667 380.671033085536 -58.448336255856084
      vertex 6.666666666666667 380.1239363687557 -57.55555555555554
      vertex 6.666666666666667 403.61111111111114 -54.66666666666666
    endloop
  endfacet
  facet normal -1 0 0
    outer loop
      vertex 6.666666666666667 387.44444444444446 -64.8760636312443
      vertex 6.666666666666667 386.5516637441439 -64.32896691446402
      vertex 6.666666666666667 403.61111111111114 -54.66666666666666
    endloop
  endfacet
  facet normal -1 0 0
    outer loop
      vertex 6.666666666666667 387.44444444444446 -64.8760636312443
      vertex 6.666666666666667 403.61111111111114 -54.66666666666666
      vertex 6.666666666666667 388.3646344496535 -65.3756860393229
    endloop
  endfacet
  facet normal -1 0 0
    outer loop
      vertex 6.666666666666667 388.3646344496535 -65.3756860393229
      vertex 6.666666666666667 403.61111111111114 -54.66666666666666
      vertex 6.666666666666667 389.30971158292846 -65.82646470840756
    endloop
  endfacet
  facet normal -1 0 0
    outer loop
      vertex 6.666666666666667 384.85803662344773 -63.09847478469496
      vertex 6.666666666666667 403.61111111111114 -54.66666666666666
      vertex 6.666666666666667 385.68873939859503 -63.73589544305449
    endloop
  endfacet
  facet normal -1 0 0
    outer loop
      vertex 6.666666666666667 385.68873939859503 -63.73589544305449
      vertex 6.666666666666667 403.61111111111114 -54.66666666666666
      vertex 6.666666666666667 386.5516637441439 -64.32896691446402
    endloop
  endfacet
  facet normal -1 0 0
    outer loop
      vertex 6.666666666666667 384.85803662344773 -63.09847478469496
      vertex 6.666666666666667 384.0618323172673 -62.41845206510342
      vertex 6.666666666666667 403.61111111111114 -54.66666666666666
    endloop
  endfacet
  facet normal -1 0 0
    outer loop
      vertex 6.666666666666667 378.77283591450043 -54.72291454646155
      vertex 6.666666666666667 378.4233141185414 -53.73589544305449
      vertex 6.666666666666667 403.61111111111114 -54.66666666666666
    endloop
  endfacet
  facet normal -1 0 0
    outer loop
      vertex 6.666666666666667 378.4233141185414 -53.73589544305449
      vertex 6.666666666666667 378.12592791866314 -52.731936457605954
      vertex 6.666666666666667 403.61111111111114 -54.66666666666666
    endloop
  endfacet
  facet normal -1 0 0
    outer loop
      vertex 6.666666666666667 378.12592791866314 -52.731936457605954
      vertex 6.666666666666667 377.88149242976834 -51.71378937191073
      vertex 6.666666666666667 403.61111111111114 -54.66666666666666
    endloop
  endfacet
  facet normal -1 0 0
    outer loop
      vertex 6.666666666666667 377.88149242976834 -51.71378937191073
      vertex 6.666666666666667 377.69067763254174 -50.68424485636016
      vertex 6.666666666666667 403.61111111111114 -54.66666666666666
    endloop
  endfacet
  facet normal -1 0 0
    outer loop
      vertex 6.666666666666667 377.69067763254174 -50.68424485636016
      vertex 6.666666666666667 377.55400653707903 -49.64612482090861
      vertex 6.666666666666667 403.61111111111114 -54.66666666666666
    endloop
  endfacet
  facet normal -1 0 0
    outer loop
      vertex 6.666666666666667 377.55400653707903 -49.64612482090861
      vertex 6.666666666666667 377.471853749353 -48.602274680414425
      vertex 6.666666666666667 403.61111111111114 -54.66666666666666
    endloop
  endfacet
  facet normal -1 0 0
    outer loop
      vertex 6.666666666666667 377.471853749353 -48.602274680414425
      vertex 6.666666666666667 377.44444444444446 -47.55555555555554
      vertex 6.666666666666667 403.61111111111114 -54.66666666666666
    endloop
  endfacet
  facet normal -1 0 0
    outer loop
      vertex 6.666666666666667 377.44444444444446 -47.555555554727704
      vertex 6.666666666666667 403.61111111111114 -54.66666666666666
      vertex 6.666666666666667 377.44444444444446 -47.55555555555554
    endloop
  endfacet
  facet normal -1 0 0
    outer loop
      vertex 6.666666666666667 377.44444444444446 -47.555555554727704
      vertex 6.666666666666667 377.44444444444446 33.33333333333334
      vertex 6.666666666666667 403.61111111111114 -54.66666666666666
    endloop
  endfacet
  facet normal -1 0 0
    outer loop
      vertex 6.666666666666667 390.27708545353846 -66.22716408549958
      vertex 6.666666666666667 389.30971158292846 -65.82646470840756
      vertex 6.666666666666667 489.0555555555556 -54.66666666666666
    endloop
  endfacet
  facet normal -1 0 0
    outer loop
      vertex 6.666666666666667 390.27708545353846 -66.22716408549958
      vertex 6.666666666666667 489.0555555555556 -54.66666666666666
      vertex 6.666666666666667 391.26410455694554 -66.57668588145862
    endloop
  endfacet
  facet normal -1 0 0
    outer loop
      vertex 6.666666666666667 392.2680635423941 -66.8740720813369
      vertex 6.666666666666667 489.0555555555556 -54.66666666666666
      vertex 6.666666666666667 393.2862106280893 -67.11850757023166
    endloop
  endfacet
  facet normal -1 0 0
    outer loop
      vertex 6.666666666666667 393.2862106280893 -67.11850757023166
      vertex 6.666666666666667 489.0555555555556 -54.66666666666666
      vertex 6.666666666666667 394.3157551436399 -67.3093223674583
    endloop
  endfacet
  facet normal -1 0 0
    outer loop
      vertex 6.666666666666667 394.3157551436399 -67.3093223674583
      vertex 6.666666666666667 489.0555555555556 -54.66666666666666
      vertex 6.666666666666667 395.3538751790914 -67.44599346292101
    endloop
  endfacet
  facet normal -1 0 0
    outer loop
      vertex 6.666666666666667 391.26410455694554 -66.57668588145862
      vertex 6.666666666666667 489.0555555555556 -54.66666666666666
      vertex 6.666666666666667 392.2680635423941 -66.8740720813369
    endloop
  endfacet
  facet normal -1 0 0
    outer loop
      vertex 6.666666666666667 395.3538751790914 -67.44599346292101
      vertex 6.666666666666667 489.0555555555556 -54.66666666666666
      vertex 6.666666666666667 396.3977253195856 -67.52814625064701
    endloop
  endfacet
  facet normal -1 0 0
    outer loop
      vertex 6.666666666666667 396.3977253195856 -67.52814625064701
      vertex 6.666666666666667 489.0555555555556 -54.66666666666666
      vertex 6.666666666666667 397.44444444444446 -67.55555555555554
    endloop
  endfacet
  facet normal -1 0 0
    outer loop
      vertex 6.666666666666667 389.30971158292846 -65.82646470840756
      vertex 6.666666666666667 403.61111111111114 -54.66666666666666
      vertex 6.666666666666667 489.0555555555556 -54.66666666666666
    endloop
  endfacet
  facet normal 0 -0.9025852843498724 -0.4305110968082705
    outer loop
      vertex 6.666666666666667 379.6243139606771 -56.63536555034648
      vertex 30.666666666666668 379.1735352915925 -55.69028841707155
      vertex 6.666666666666667 379.1735352915925 -55.69028841707155
    endloop
  endfacet
  facet normal 0 -0.9238795325112742 -0.3826834323651197
    outer loop
      vertex 6.666666666666667 379.1735352915925 -55.69028841707155
      vertex 30.666666666666668 378.77283591450043 -54.72291454646155
      vertex 6.666666666666667 378.77283591450043 -54.72291454646155
    endloop
  endfacet
  facet normal 0 -0.9426414910921754 -0.33380685923377945
    outer loop
      vertex 6.666666666666667 378.77283591450043 -54.72291454646155
      vertex 30.666666666666668 378.4233141185414 -53.73589544305449
      vertex 6.666666666666667 378.4233141185414 -53.73589544305449
    endloop
  endfacet
  facet normal 0 -0.9588197348682054 -0.2840153447038806
    outer loop
      vertex 6.666666666666667 378.4233141185414 -53.73589544305449
      vertex 30.666666666666668 378.12592791866314 -52.731936457605954
      vertex 6.666666666666667 378.12592791866314 -52.731936457605954
    endloop
  endfacet
  facet normal 0 -0.9723699203976663 -0.23344536385594855
    outer loop
      vertex 6.666666666666667 378.12592791866314 -52.731936457605954
      vertex 30.666666666666668 377.88149242976834 -51.71378937191073
      vertex 6.666666666666667 377.88149242976834 -51.71378937191073
    endloop
  endfacet
  facet normal 0 -0.9832549075639603 -0.18223552549211622
    outer loop
      vertex 6.666666666666667 377.88149242976834 -51.71378937191073
      vertex 30.666666666666668 377.69067763254174 -50.68424485636016
      vertex 6.666666666666667 377.69067763254174 -50.68424485636016
    endloop
  endfacet
  facet normal 0 -0.9914448613738116 -0.1305261922200423
    outer loop
      vertex 6.666666666666667 377.69067763254174 -50.68424485636016
      vertex 30.666666666666668 377.55400653707903 -49.64612482090861
      vertex 6.666666666666667 377.55400653707903 -49.64612482090861
    endloop
  endfacet
  facet normal 0 -0.9969173337331253 -0.07845909572787803
    outer loop
      vertex 6.666666666666667 377.55400653707903 -49.64612482090861
      vertex 30.666666666666668 377.471853749353 -48.602274680414425
      vertex 6.666666666666667 377.471853749353 -48.602274680414425
    endloop
  endfacet
  facet normal 0 -0.9996573249755571 -0.026176948307881004
    outer loop
      vertex 6.666666666666667 377.471853749353 -48.602274680414425
      vertex 30.666666666666668 377.44444444444446 -47.55555555555554
      vertex 6.666666666666667 377.44444444444446 -47.55555555555554
    endloop
  endfacet
  facet normal 0 -1 0
    outer loop
      vertex 6.666666666666667 377.44444444444446 -47.555555554727704
      vertex 6.666666666666667 377.44444444444446 -47.55555555555554
      vertex 30.666666666666668 377.44444444444446 -47.55555555555554
    endloop
  endfacet
  facet normal 0 -0.6494480483301849 -0.7604059656000298
    outer loop
      vertex 6.666666666666667 384.85803662344773 -63.09847478469496
      vertex 30.666666666666668 384.85803662344773 -63.09847478469496
      vertex 6.666666666666667 384.0618323172673 -62.41845206510342
    endloop
  endfacet
  facet normal 0 -0.6883545756937397 -0.7253743710123012
    outer loop
      vertex 6.666666666666667 383.3023088207135 -61.697691179286494
      vertex 6.666666666666667 384.0618323172673 -62.41845206510342
      vertex 30.666666666666668 384.0618323172673 -62.41845206510342
    endloop
  endfacet
  facet normal 0 -0.5224985647159492 -0.8526401643540921
    outer loop
      vertex 6.666666666666667 387.44444444444446 -64.8760636312443
      vertex 30.666666666666668 387.44444444444446 -64.8760636312443
      vertex 6.666666666666667 386.5516637441439 -64.32896691446402
    endloop
  endfacet
  facet normal 0 -0.38268343236509417 -0.923879532511285
    outer loop
      vertex 6.666666666666667 390.27708545353846 -66.22716408549958
      vertex 30.666666666666668 390.27708545353846 -66.22716408549958
      vertex 6.666666666666667 389.30971158292846 -65.82646470840756
    endloop
  endfacet
  facet normal 0 -0.4771587602596149 -0.8788171126619618
    outer loop
      vertex 6.666666666666667 387.44444444444446 -64.8760636312443
      vertex 6.666666666666667 388.3646344496535 -65.3756860393229
      vertex 30.666666666666668 388.3646344496535 -65.3756860393229
    endloop
  endfacet
  facet normal 0 -0.43051109680829003 -0.9025852843498632
    outer loop
      vertex 6.666666666666667 388.3646344496535 -65.3756860393229
      vertex 6.666666666666667 389.30971158292846 -65.82646470840756
      vertex 30.666666666666668 389.30971158292846 -65.82646470840756
    endloop
  endfacet
  facet normal 0 -0.5664062369248452 -0.8241261886220071
    outer loop
      vertex 6.666666666666667 385.68873939859503 -63.73589544305449
      vertex 6.666666666666667 386.5516637441439 -64.32896691446402
      vertex 30.666666666666668 386.5516637441439 -64.32896691446402
    endloop
  endfacet
  facet normal 0 -0.6087614290087138 -0.7933533402912404
    outer loop
      vertex 6.666666666666667 384.85803662344773 -63.09847478469496
      vertex 6.666666666666667 385.68873939859503 -63.73589544305449
      vertex 30.666666666666668 385.68873939859503 -63.73589544305449
    endloop
  endfacet
  facet normal 0 -0.7604059656000326 -0.6494480483301815
    outer loop
      vertex 6.666666666666667 381.90152521530507 -60.14196337655229
      vertex 6.666666666666667 382.5815479348966 -60.93816768273271
      vertex 30.666666666666668 381.90152521530507 -60.14196337655229
    endloop
  endfacet
  facet normal 0 -0.824126188622018 -0.5664062369248293
    outer loop
      vertex 6.666666666666667 380.671033085536 -58.448336255856084
      vertex 6.666666666666667 381.26410455694554 -59.31126060140501
      vertex 30.666666666666668 380.671033085536 -58.448336255856084
    endloop
  endfacet
  facet normal 0 -0.793353340291233 -0.6087614290087237
    outer loop
      vertex 6.666666666666667 381.90152521530507 -60.14196337655229
      vertex 30.666666666666668 381.26410455694554 -59.31126060140501
      vertex 6.666666666666667 381.26410455694554 -59.31126060140501
    endloop
  endfacet
  facet normal 0 -0.725374371012302 -0.688354575693739
    outer loop
      vertex 6.666666666666667 383.3023088207135 -61.697691179286494
      vertex 30.666666666666668 382.5815479348966 -60.93816768273271
      vertex 6.666666666666667 382.5815479348966 -60.93816768273271
    endloop
  endfacet
  facet normal 0 -0.8526401643540937 -0.5224985647159461
    outer loop
      vertex 6.666666666666667 380.671033085536 -58.448336255856084
      vertex 30.666666666666668 380.1239363687557 -57.55555555555554
      vertex 6.666666666666667 380.1239363687557 -57.55555555555554
    endloop
  endfacet
  facet normal 0 -0.8788171126619563 -0.47715876025962545
    outer loop
      vertex 6.666666666666667 379.6243139606771 -56.63536555034648
      vertex 6.666666666666667 380.1239363687557 -57.55555555555554
      vertex 30.666666666666668 379.6243139606771 -56.63536555034648
    endloop
  endfacet
  facet normal 0 -0.2840153447039144 -0.9588197348681955
    outer loop
      vertex 6.666666666666667 391.26410455694554 -66.57668588145862
      vertex 6.666666666666667 392.2680635423941 -66.8740720813369
      vertex 30.666666666666668 392.2680635423941 -66.8740720813369
    endloop
  endfacet
  facet normal 0 -0.3338068592337631 -0.9426414910921811
    outer loop
      vertex 6.666666666666667 390.27708545353846 -66.22716408549958
      vertex 6.666666666666667 391.26410455694554 -66.57668588145862
      vertex 30.666666666666668 391.26410455694554 -66.57668588145862
    endloop
  endfacet
  facet normal 0 -0.23344536385591466 -0.9723699203976744
    outer loop
      vertex 6.666666666666667 392.2680635423941 -66.8740720813369
      vertex 6.666666666666667 393.2862106280893 -67.11850757023166
      vertex 30.666666666666668 393.2862106280893 -67.11850757023166
    endloop
  endfacet
  facet normal 0 -0.18223552549214006 -0.983254907563956
    outer loop
      vertex 6.666666666666667 393.2862106280893 -67.11850757023166
      vertex 6.666666666666667 394.3157551436399 -67.3093223674583
      vertex 30.666666666666668 394.3157551436399 -67.3093223674583
    endloop
  endfacet
  facet normal 0 -0.1305261922200583 -0.9914448613738095
    outer loop
      vertex 6.666666666666667 394.3157551436399 -67.3093223674583
      vertex 6.666666666666667 395.3538751790914 -67.44599346292101
      vertex 30.666666666666668 395.3538751790914 -67.44599346292101
    endloop
  endfacet
  facet normal 0 -0.07845909572783544 -0.9969173337331286
    outer loop
      vertex 6.666666666666667 395.3538751790914 -67.44599346292101
      vertex 6.666666666666667 396.3977253195856 -67.52814625064701
      vertex 30.666666666666668 396.3977253195856 -67.52814625064701
    endloop
  endfacet
  facet normal 0 -0.026176948307882066 -0.999657324975557
    outer loop
      vertex 6.666666666666667 396.3977253195856 -67.52814625064701
      vertex 6.666666666666667 397.44444444444446 -67.55555555555554
      vertex 30.666666666666668 397.44444444444446 -67.55555555555554
    endloop
  endfacet
  facet normal 0 0 1
    outer loop
      vertex 6.666666666666667 403.61111111111114 -54.66666666666666
      vertex 16.666666666666668 403.61111111111114 -54.66666666666666
      vertex 16.666666666666668 407.61111111111114 -54.66666666666666
    endloop
  endfacet
  facet normal 0 0 1
    outer loop
      vertex 6.666666666666667 403.61111111111114 -54.66666666666666
      vertex 16.666666666666668 407.61111111111114 -54.66666666666666
      vertex 30.666666666666668 489.0555555555556 -54.66666666666666
    endloop
  endfacet
  facet normal 0 1 0
    outer loop
      vertex 6.666666666666667 403.61111111111114 -54.66666666666666
      vertex 16.666666666666668 403.61111111111114 33.33333333333334
      vertex 16.666666666666668 403.61111111111114 -54.66666666666666
    endloop
  endfacet
  facet normal -1 0 0
    outer loop
      vertex 16.666666666666668 407.61111111111114 33.33333333333334
      vertex 16.666666666666668 407.61111111111114 -54.66666666666666
      vertex 16.666666666666668 403.61111111111114 -54.66666666666666
    endloop
  endfacet
  facet normal 0 1 0
    outer loop
      vertex 16.666666666666668 407.61111111111114 33.33333333333334
      vertex 20.666666666666668 407.61111111111114 -54.66666666666666
      vertex 16.666666666666668 407.61111111111114 -54.66666666666666
    endloop
  endfacet
  facet normal -1 0 0
    outer loop
      vertex 6.666666666666667 377.44444444444446 -47.555555554727704
      vertex 6.666666666666667 357.44444444444446 33.33333333333334
      vertex 6.666666666666667 377.44444444444446 33.33333333333334
    endloop
  endfacet
  facet normal -1 0 0
    outer loop
      vertex 6.666666666666667 403.61111111111114 -54.66666666666666
      vertex 6.666666666666667 377.44444444444446 33.33333333333334
      vertex 6.666666666666667 403.61111111111114 33.33333333333334
    endloop
  endfacet
  facet normal 0 0 1
    outer loop
      vertex 6.666666666666667 357.44444444444446 33.33333333333334
      vertex 15.770895463054472 369.21897532029095 33.33333333333334
      vertex 6.666666666666667 377.44444444444446 33.33333333333334
    endloop
  endfacet
  facet normal 0 0 1
    outer loop
      vertex 6.666666666666667 377.44444444444446 33.33333333333334
      vertex 15.456679559732468 370.1860324330637 33.33333333333334
      vertex 15.43447050671978 370.3547269388246 33.33333333333334
    endloop
  endfacet
  facet normal 0 0 1
    outer loop
      vertex 6.666666666666667 377.44444444444446 33.33333333333334
      vertex 15.4876869642818 370.01873144928675 33.33333333333334
      vertex 15.456679559732468 370.1860324330637 33.33333333333334
    endloop
  endfacet
  facet normal 0 0 1
    outer loop
      vertex 6.666666666666667 377.44444444444446 33.33333333333334
      vertex 15.527407731227196 369.8532825478613 33.33333333333334
      vertex 15.4876869642818 370.01873144928675 33.33333333333334
    endloop
  endfacet
  facet normal 0 0 1
    outer loop
      vertex 6.666666666666667 377.44444444444446 33.33333333333334
      vertex 15.575732988707419 369.6901392127259 33.33333333333334
      vertex 15.527407731227196 369.8532825478613 33.33333333333334
    endloop
  endfacet
  facet normal 0 0 1
    outer loop
      vertex 6.666666666666667 377.44444444444446 33.33333333333334
      vertex 15.63253028055076 369.52974860842227 33.33333333333334
      vertex 15.575732988707419 369.6901392127259 33.33333333333334
    endloop
  endfacet
  facet normal 0 0 1
    outer loop
      vertex 6.666666666666667 377.44444444444446 33.33333333333334
      vertex 15.697643929328216 369.37255035444815 33.33333333333334
      vertex 15.63253028055076 369.52974860842227 33.33333333333334
    endloop
  endfacet
  facet normal 0 0 1
    outer loop
      vertex 6.666666666666667 377.44444444444446 33.33333333333334
      vertex 15.421120678714303 370.5243525866549 33.33333333333334
      vertex 15.416666666666668 370.69444444444446 33.33333333333334
    endloop
  endfacet
  facet normal 0 0 1
    outer loop
      vertex 6.666666666666667 377.44444444444446 33.33333333333334
      vertex 15.416666666666668 370.69444444444446 33.33333333333334
      vertex 15.421120678714303 370.86453630223406 33.33333333333334
    endloop
  endfacet
  facet normal 0 0 1
    outer loop
      vertex 6.666666666666667 377.44444444444446 33.33333333333334
      vertex 15.43447050671978 370.3547269388246 33.33333333333334
      vertex 15.421120678714303 370.5243525866549 33.33333333333334
    endloop
  endfacet
  facet normal 0 0 1
    outer loop
      vertex 6.666666666666667 377.44444444444446 33.33333333333334
      vertex 15.421120678714303 370.86453630223406 33.33333333333334
      vertex 15.43447050671978 371.03416195006434 33.33333333333334
    endloop
  endfacet
  facet normal 0 0 1
    outer loop
      vertex 6.666666666666667 377.44444444444446 33.33333333333334
      vertex 15.43447050671978 371.03416195006434 33.33333333333334
      vertex 15.456679559732468 371.2028564558252 33.33333333333334
    endloop
  endfacet
  facet normal 0 0 1
    outer loop
      vertex 6.666666666666667 377.44444444444446 33.33333333333334
      vertex 15.456679559732468 371.2028564558252 33.33333333333334
      vertex 15.4876869642818 371.37015743960217 33.33333333333334
    endloop
  endfacet
  facet normal 0 0 1
    outer loop
      vertex 6.666666666666667 377.44444444444446 33.33333333333334
      vertex 15.4876869642818 371.37015743960217 33.33333333333334
      vertex 15.527407731227196 371.5356063410277 33.33333333333334
    endloop
  endfacet
  facet normal 0 0 1
    outer loop
      vertex 6.666666666666667 377.44444444444446 33.33333333333334
      vertex 15.527407731227196 371.5356063410277 33.33333333333334
      vertex 15.575732988707419 371.69874967616306 33.33333333333334
    endloop
  endfacet
  facet normal 0 0 1
    outer loop
      vertex 6.666666666666667 377.44444444444446 33.33333333333334
      vertex 15.575732988707419 371.69874967616306 33.33333333333334
      vertex 15.63253028055076 371.8591402804667 33.33333333333334
    endloop
  endfacet
  facet normal 0 0 1
    outer loop
      vertex 6.666666666666667 377.44444444444446 33.33333333333334
      vertex 15.63253028055076 371.8591402804667 33.33333333333334
      vertex 15.697643929328216 372.0163385344408 33.33333333333334
    endloop
  endfacet
  facet normal 0 0 1
    outer loop
      vertex 6.666666666666667 377.44444444444446 33.33333333333334
      vertex 15.697643929328216 392.09967186777413 33.33333333333334
      vertex 6.666666666666667 403.61111111111114 33.33333333333334
    endloop
  endfacet
  facet normal 0 0 1
    outer loop
      vertex 6.666666666666667 377.44444444444446 33.33333333333334
      vertex 15.527407731227196 389.9366158811946 33.33333333333334
      vertex 15.4876869642818 390.1020647826201 33.33333333333334
    endloop
  endfacet
  facet normal 0 0 1
    outer loop
      vertex 6.666666666666667 377.44444444444446 33.33333333333334
      vertex 15.456679559732468 390.2693657663971 33.33333333333334
      vertex 15.43447050671978 390.43806027215794 33.33333333333334
    endloop
  endfacet
  facet normal 0 0 1
    outer loop
      vertex 6.666666666666667 377.44444444444446 33.33333333333334
      vertex 15.43447050671978 390.43806027215794 33.33333333333334
      vertex 15.421120678714303 390.6076859199882 33.33333333333334
    endloop
  endfacet
  facet normal 0 0 1
    outer loop
      vertex 6.666666666666667 377.44444444444446 33.33333333333334
      vertex 15.416666666666668 390.7777777777778 33.33333333333334
      vertex 15.421120678714303 390.9478696355674 33.33333333333334
    endloop
  endfacet
  facet normal 0 0 1
    outer loop
      vertex 6.666666666666667 377.44444444444446 33.33333333333334
      vertex 15.421120678714303 390.6076859199882 33.33333333333334
      vertex 15.416666666666668 390.7777777777778 33.33333333333334
    endloop
  endfacet
  facet normal 0 0 1
    outer loop
      vertex 6.666666666666667 377.44444444444446 33.33333333333334
      vertex 15.421120678714303 390.9478696355674 33.33333333333334
      vertex 15.43447050671978 391.11749528339766 33.33333333333334
    endloop
  endfacet
  facet normal 0 0 1
    outer loop
      vertex 6.666666666666667 377.44444444444446 33.33333333333334
      vertex 15.4876869642818 390.1020647826201 33.33333333333334
      vertex 15.456679559732468 390.2693657663971 33.33333333333334
    endloop
  endfacet
  facet normal 0 0 1
    outer loop
      vertex 6.666666666666667 377.44444444444446 33.33333333333334
      vertex 15.575732988707419 389.7734725460592 33.33333333333334
      vertex 15.527407731227196 389.9366158811946 33.33333333333334
    endloop
  endfacet
  facet normal 0 0 1
    outer loop
      vertex 6.666666666666667 377.44444444444446 33.33333333333334
      vertex 15.697643929328216 389.45588368778147 33.33333333333334
      vertex 15.63253028055076 389.6130819417556 33.33333333333334
    endloop
  endfacet
  facet normal 0 0 1
    outer loop
      vertex 6.666666666666667 377.44444444444446 33.33333333333334
      vertex 15.63253028055076 389.6130819417556 33.33333333333334
      vertex 15.575732988707419 389.7734725460592 33.33333333333334
    endloop
  endfacet
  facet normal 0 0 1
    outer loop
      vertex 6.666666666666667 377.44444444444446 33.33333333333334
      vertex 15.43447050671978 391.11749528339766 33.33333333333334
      vertex 15.456679559732468 391.2861897891586 33.33333333333334
    endloop
  endfacet
  facet normal 0 0 1
    outer loop
      vertex 6.666666666666667 377.44444444444446 33.33333333333334
      vertex 15.456679559732468 391.2861897891586 33.33333333333334
      vertex 15.4876869642818 391.45349077293554 33.33333333333334
    endloop
  endfacet
  facet normal 0 0 1
    outer loop
      vertex 6.666666666666667 377.44444444444446 33.33333333333334
      vertex 15.4876869642818 391.45349077293554 33.33333333333334
      vertex 15.527407731227196 391.618939674361 33.33333333333334
    endloop
  endfacet
  facet normal 0 0 1
    outer loop
      vertex 6.666666666666667 377.44444444444446 33.33333333333334
      vertex 15.527407731227196 391.618939674361 33.33333333333334
      vertex 15.575732988707419 391.7820830094964 33.33333333333334
    endloop
  endfacet
  facet normal 0 0 1
    outer loop
      vertex 6.666666666666667 377.44444444444446 33.33333333333334
      vertex 15.575732988707419 391.7820830094964 33.33333333333334
      vertex 15.63253028055076 391.9424736138 33.33333333333334
    endloop
  endfacet
  facet normal 0 0 1
    outer loop
      vertex 6.666666666666667 377.44444444444446 33.33333333333334
      vertex 15.63253028055076 391.9424736138 33.33333333333334
      vertex 15.697643929328216 392.09967186777413 33.33333333333334
    endloop
  endfacet
  facet normal 0 1 0
    outer loop
      vertex 6.666666666666667 403.61111111111114 -54.66666666666666
      vertex 6.666666666666667 403.61111111111114 33.33333333333334
      vertex 16.666666666666668 403.61111111111114 33.33333333333334
    endloop
  endfacet
  facet normal 0 0 1
    outer loop
      vertex 15.421120678714303 370.5243525866549 -6.666666666666657
      vertex 15.43447050671978 370.3547269388246 -6.666666666666657
      vertex 15.43447050671978 371.03416195006434 -6.666666666666657
    endloop
  endfacet
  facet normal 0 0 1
    outer loop
      vertex 15.456679559732468 370.1860324330637 -6.666666666666657
      vertex 15.456679559732468 371.2028564558252 -6.666666666666657
      vertex 15.43447050671978 370.3547269388246 -6.666666666666657
    endloop
  endfacet
  facet normal 0 0 1
    outer loop
      vertex 15.456679559732468 370.1860324330637 -6.666666666666657
      vertex 15.4876869642818 370.01873144928675 -6.666666666666657
      vertex 15.4876869642818 371.37015743960217 -6.666666666666657
    endloop
  endfacet
  facet normal 0 0 1
    outer loop
      vertex 15.421120678714303 370.5243525866549 -6.666666666666657
      vertex 15.421120678714303 370.86453630223406 -6.666666666666657
      vertex 15.416666666666668 370.69444444444446 -6.666666666666657
    endloop
  endfacet
  facet normal 0 0 1
    outer loop
      vertex 15.421120678714303 370.5243525866549 -6.666666666666657
      vertex 15.43447050671978 371.03416195006434 -6.666666666666657
      vertex 15.421120678714303 370.86453630223406 -6.666666666666657
    endloop
  endfacet
  facet normal 0 0 1
    outer loop
      vertex 15.43447050671978 370.3547269388246 -6.666666666666657
      vertex 15.456679559732468 371.2028564558252 -6.666666666666657
      vertex 15.43447050671978 371.03416195006434 -6.666666666666657
    endloop
  endfacet
  facet normal 0 0 1
    outer loop
      vertex 15.456679559732468 370.1860324330637 -6.666666666666657
      vertex 15.4876869642818 371.37015743960217 -6.666666666666657
      vertex 15.456679559732468 371.2028564558252 -6.666666666666657
    endloop
  endfacet
  facet normal 0 0 1
    outer loop
      vertex 15.527407731227196 369.8532825478613 -6.666666666666657
      vertex 15.527407731227196 371.5356063410277 -6.666666666666657
      vertex 15.4876869642818 370.01873144928675 -6.666666666666657
    endloop
  endfacet
  facet normal 0 0 1
    outer loop
      vertex 15.527407731227196 369.8532825478613 -6.666666666666657
      vertex 15.575732988707419 369.6901392127259 -6.666666666666657
      vertex 15.575732988707419 371.69874967616306 -6.666666666666657
    endloop
  endfacet
  facet normal 0 0 1
    outer loop
      vertex 15.4876869642818 370.01873144928675 -6.666666666666657
      vertex 15.527407731227196 371.5356063410277 -6.666666666666657
      vertex 15.4876869642818 371.37015743960217 -6.666666666666657
    endloop
  endfacet
  facet normal 0 0 1
    outer loop
      vertex 15.527407731227196 369.8532825478613 -6.666666666666657
      vertex 15.575732988707419 371.69874967616306 -6.666666666666657
      vertex 15.527407731227196 371.5356063410277 -6.666666666666657
    endloop
  endfacet
  facet normal 0 0 1
    outer loop
      vertex 15.575732988707419 369.6901392127259 -6.666666666666657
      vertex 15.63253028055076 369.52974860842227 -6.666666666666657
      vertex 15.63253028055076 371.8591402804667 -6.666666666666657
    endloop
  endfacet
  facet normal 0 0 1
    outer loop
      vertex 15.575732988707419 369.6901392127259 -6.666666666666657
      vertex 15.63253028055076 371.8591402804667 -6.666666666666657
      vertex 15.575732988707419 371.69874967616306 -6.666666666666657
    endloop
  endfacet
  facet normal 0 0 1
    outer loop
      vertex 15.63253028055076 369.52974860842227 -6.666666666666657
      vertex 15.697643929328216 372.0163385344408 -6.666666666666657
      vertex 15.63253028055076 371.8591402804667 -6.666666666666657
    endloop
  endfacet
  facet normal 0 -0.9707667686673218 -0.24002475049712396
    outer loop
      vertex 6.666666666666667 377.44444444444446 -47.555555554727704
      vertex 30.666666666666668 357.44444444444446 33.33333333333334
      vertex 6.666666666666667 357.44444444444446 33.33333333333334
    endloop
  endfacet
  facet normal 0.996917333733127 0.07845909572785731 0
    outer loop
      vertex 15.421120678714303 370.5243525866549 -6.666666666666657
      vertex 15.421120678714303 370.5243525866549 33.33333333333334
      vertex 15.43447050671978 370.3547269388246 -6.666666666666657
    endloop
  endfacet
  facet normal 0.9996573249755571 0.026176948307876452 0
    outer loop
      vertex 15.421120678714303 370.5243525866549 -6.666666666666657
      vertex 15.416666666666668 370.69444444444446 -6.666666666666657
      vertex 15.416666666666668 370.69444444444446 33.33333333333334
    endloop
  endfacet
  facet normal 0.9832549075639495 0.1822355254921747 0
    outer loop
      vertex 15.456679559732468 370.1860324330637 -6.666666666666657
      vertex 15.456679559732468 370.1860324330637 33.33333333333334
      vertex 15.4876869642818 370.01873144928675 -6.666666666666657
    endloop
  endfacet
  facet normal 0.9914448613738176 0.13052619221999728 0
    outer loop
      vertex 15.456679559732468 370.1860324330637 -6.666666666666657
      vertex 15.43447050671978 370.3547269388246 -6.666666666666657
      vertex 15.43447050671978 370.3547269388246 33.33333333333334
    endloop
  endfacet
  facet normal 0.9996573249755574 -0.02617694830786771 0
    outer loop
      vertex 15.416666666666668 370.69444444444446 -6.666666666666657
      vertex 15.421120678714303 370.86453630223406 -6.666666666666657
      vertex 15.421120678714303 370.86453630223406 33.33333333333334
    endloop
  endfacet
  facet normal 0.996917333733127 -0.07845909572785731 0
    outer loop
      vertex 15.421120678714303 370.86453630223406 -6.666666666666657
      vertex 15.43447050671978 371.03416195006434 -6.666666666666657
      vertex 15.43447050671978 371.03416195006434 33.33333333333334
    endloop
  endfacet
  facet normal 0.9914448613738118 -0.1305261922200405 0
    outer loop
      vertex 15.43447050671978 371.03416195006434 -6.666666666666657
      vertex 15.456679559732468 371.2028564558252 -6.666666666666657
      vertex 15.456679559732468 371.2028564558252 33.33333333333334
    endloop
  endfacet
  facet normal 0.9832549075639495 -0.1822355254921747 0
    outer loop
      vertex 15.456679559732468 371.2028564558252 -6.666666666666657
      vertex 15.4876869642818 371.37015743960217 -6.666666666666657
      vertex 15.4876869642818 371.37015743960217 33.33333333333334
    endloop
  endfacet
  facet normal 0.9588197348681877 0.2840153447039403 0
    outer loop
      vertex 15.527407731227196 369.8532825478613 -6.666666666666657
      vertex 15.527407731227196 369.8532825478613 33.33333333333334
      vertex 15.575732988707419 369.6901392127259 -6.666666666666657
    endloop
  endfacet
  facet normal 0.9426414910921788 0.33380685923376974 0
    outer loop
      vertex 15.575732988707419 369.6901392127259 -6.666666666666657
      vertex 15.575732988707419 369.6901392127259 33.33333333333334
      vertex 15.63253028055076 369.52974860842227 -6.666666666666657
    endloop
  endfacet
  facet normal 0.9238795325112742 0.3826834323651202 0
    outer loop
      vertex 15.63253028055076 369.52974860842227 -6.666666666666657
      vertex 15.63253028055076 369.52974860842227 33.33333333333334
      vertex 15.697643929328216 369.37255035444815 -6.666666666666657
    endloop
  endfacet
  facet normal 0.9723699203976723 0.23344536385592315 0
    outer loop
      vertex 15.527407731227196 369.8532825478613 -6.666666666666657
      vertex 15.4876869642818 370.01873144928675 -6.666666666666657
      vertex 15.4876869642818 370.01873144928675 33.33333333333334
    endloop
  endfacet
  facet normal 0.9723699203976904 -0.2334453638558473 0
    outer loop
      vertex 15.4876869642818 371.37015743960217 -6.666666666666657
      vertex 15.527407731227196 371.5356063410277 -6.666666666666657
      vertex 15.527407731227196 371.5356063410277 33.33333333333334
    endloop
  endfacet
  facet normal 0.9588197348681877 -0.2840153447039403 0
    outer loop
      vertex 15.527407731227196 371.5356063410277 -6.666666666666657
      vertex 15.575732988707419 371.69874967616306 -6.666666666666657
      vertex 15.575732988707419 371.69874967616306 33.33333333333334
    endloop
  endfacet
  facet normal 0.9426414910921788 -0.33380685923376974 0
    outer loop
      vertex 15.575732988707419 371.69874967616306 -6.666666666666657
      vertex 15.63253028055076 371.8591402804667 -6.666666666666657
      vertex 15.63253028055076 371.8591402804667 33.33333333333334
    endloop
  endfacet
  facet normal 0 0 1
    outer loop
      vertex 15.421120678714303 390.6076859199882 -6.666666666666657
      vertex 15.43447050671978 390.43806027215794 -6.666666666666657
      vertex 15.43447050671978 391.11749528339766 -6.666666666666657
    endloop
  endfacet
  facet normal 0 0 1
    outer loop
      vertex 15.456679559732468 390.2693657663971 -6.666666666666657
      vertex 15.456679559732468 391.2861897891586 -6.666666666666657
      vertex 15.43447050671978 390.43806027215794 -6.666666666666657
    endloop
  endfacet
  facet normal 0 0 1
    outer loop
      vertex 15.456679559732468 390.2693657663971 -6.666666666666657
      vertex 15.4876869642818 390.1020647826201 -6.666666666666657
      vertex 15.4876869642818 391.45349077293554 -6.666666666666657
    endloop
  endfacet
  facet normal 0 0 1
    outer loop
      vertex 15.527407731227196 389.9366158811946 -6.666666666666657
      vertex 15.527407731227196 391.618939674361 -6.666666666666657
      vertex 15.4876869642818 390.1020647826201 -6.666666666666657
    endloop
  endfacet
  facet normal 0 0 1
    outer loop
      vertex 15.527407731227196 389.9366158811946 -6.666666666666657
      vertex 15.575732988707419 389.7734725460592 -6.666666666666657
      vertex 15.575732988707419 391.7820830094964 -6.666666666666657
    endloop
  endfacet
  facet normal 0 0 1
    outer loop
      vertex 15.575732988707419 389.7734725460592 -6.666666666666657
      vertex 15.63253028055076 389.6130819417556 -6.666666666666657
      vertex 15.63253028055076 391.9424736138 -6.666666666666657
    endloop
  endfacet
  facet normal 0 0 1
    outer loop
      vertex 15.421120678714303 390.6076859199882 -6.666666666666657
      vertex 15.421120678714303 390.9478696355674 -6.666666666666657
      vertex 15.416666666666668 390.7777777777778 -6.666666666666657
    endloop
  endfacet
  facet normal 0 0 1
    outer loop
      vertex 15.421120678714303 390.6076859199882 -6.666666666666657
      vertex 15.43447050671978 391.11749528339766 -6.666666666666657
      vertex 15.421120678714303 390.9478696355674 -6.666666666666657
    endloop
  endfacet
  facet normal 0 0 1
    outer loop
      vertex 15.43447050671978 390.43806027215794 -6.666666666666657
      vertex 15.456679559732468 391.2861897891586 -6.666666666666657
      vertex 15.43447050671978 391.11749528339766 -6.666666666666657
    endloop
  endfacet
  facet normal 0 0 1
    outer loop
      vertex 15.456679559732468 390.2693657663971 -6.666666666666657
      vertex 15.4876869642818 391.45349077293554 -6.666666666666657
      vertex 15.456679559732468 391.2861897891586 -6.666666666666657
    endloop
  endfacet
  facet normal 0 0 1
    outer loop
      vertex 15.4876869642818 390.1020647826201 -6.666666666666657
      vertex 15.527407731227196 391.618939674361 -6.666666666666657
      vertex 15.4876869642818 391.45349077293554 -6.666666666666657
    endloop
  endfacet
  facet normal 0 0 1
    outer loop
      vertex 15.527407731227196 389.9366158811946 -6.666666666666657
      vertex 15.575732988707419 391.7820830094964 -6.666666666666657
      vertex 15.527407731227196 391.618939674361 -6.666666666666657
    endloop
  endfacet
  facet normal 0 0 1
    outer loop
      vertex 15.575732988707419 389.7734725460592 -6.666666666666657
      vertex 15.63253028055076 391.9424736138 -6.666666666666657
      vertex 15.575732988707419 391.7820830094964 -6.666666666666657
    endloop
  endfacet
  facet normal 0 0 1
    outer loop
      vertex 15.63253028055076 389.6130819417556 -6.666666666666657
      vertex 15.697643929328216 392.09967186777413 -6.666666666666657
      vertex 15.63253028055076 391.9424736138 -6.666666666666657
    endloop
  endfacet
  facet normal 0.996917333733127 0.07845909572785731 0
    outer loop
      vertex 15.421120678714303 390.6076859199882 -6.666666666666657
      vertex 15.421120678714303 390.6076859199882 33.33333333333334
      vertex 15.43447050671978 390.43806027215794 -6.666666666666657
    endloop
  endfacet
  facet normal 0.9996573249755574 0.02617694830786771 0
    outer loop
      vertex 15.421120678714303 390.6076859199882 -6.666666666666657
      vertex 15.416666666666668 390.7777777777778 -6.666666666666657
      vertex 15.416666666666668 390.7777777777778 33.33333333333334
    endloop
  endfacet
  facet normal 0.9914448613738118 0.1305261922200405 0
    outer loop
      vertex 15.456679559732468 390.2693657663971 -6.666666666666657
      vertex 15.43447050671978 390.43806027215794 -6.666666666666657
      vertex 15.43447050671978 390.43806027215794 33.33333333333334
    endloop
  endfacet
  facet normal 0.9832549075639495 0.1822355254921747 0
    outer loop
      vertex 15.456679559732468 390.2693657663971 -6.666666666666657
      vertex 15.456679559732468 390.2693657663971 33.33333333333334
      vertex 15.4876869642818 390.1020647826201 -6.666666666666657
    endloop
  endfacet
  facet normal 0.9723699203976904 0.2334453638558473 0
    outer loop
      vertex 15.527407731227196 389.9366158811946 -6.666666666666657
      vertex 15.4876869642818 390.1020647826201 -6.666666666666657
      vertex 15.4876869642818 390.1020647826201 33.33333333333334
    endloop
  endfacet
  facet normal 0.9588197348681877 0.2840153447039403 0
    outer loop
      vertex 15.527407731227196 389.9366158811946 -6.666666666666657
      vertex 15.527407731227196 389.9366158811946 33.33333333333334
      vertex 15.575732988707419 389.7734725460592 -6.666666666666657
    endloop
  endfacet
  facet normal 0.9426414910921788 0.33380685923376974 0
    outer loop
      vertex 15.575732988707419 389.7734725460592 -6.666666666666657
      vertex 15.575732988707419 389.7734725460592 33.33333333333334
      vertex 15.63253028055076 389.6130819417556 -6.666666666666657
    endloop
  endfacet
  facet normal 0.9238795325112742 0.3826834323651202 0
    outer loop
      vertex 15.63253028055076 389.6130819417556 -6.666666666666657
      vertex 15.63253028055076 389.6130819417556 33.33333333333334
      vertex 15.697643929328216 389.45588368778147 -6.666666666666657
    endloop
  endfacet
  facet normal 0.9996573249755571 -0.026176948307876452 0
    outer loop
      vertex 15.416666666666668 390.7777777777778 -6.666666666666657
      vertex 15.421120678714303 390.9478696355674 -6.666666666666657
      vertex 15.421120678714303 390.9478696355674 33.33333333333334
    endloop
  endfacet
  facet normal 0.996917333733127 -0.07845909572785731 0
    outer loop
      vertex 15.421120678714303 390.9478696355674 -6.666666666666657
      vertex 15.43447050671978 391.11749528339766 -6.666666666666657
      vertex 15.43447050671978 391.11749528339766 33.33333333333334
    endloop
  endfacet
  facet normal 0.9914448613738176 -0.13052619221999728 0
    outer loop
      vertex 15.43447050671978 391.11749528339766 -6.666666666666657
      vertex 15.456679559732468 391.2861897891586 -6.666666666666657
      vertex 15.456679559732468 391.2861897891586 33.33333333333334
    endloop
  endfacet
  facet normal 0.9832549075639495 -0.1822355254921747 0
    outer loop
      vertex 15.456679559732468 391.2861897891586 -6.666666666666657
      vertex 15.4876869642818 391.45349077293554 -6.666666666666657
      vertex 15.4876869642818 391.45349077293554 33.33333333333334
    endloop
  endfacet
  facet normal 0.9723699203976723 -0.23344536385592315 0
    outer loop
      vertex 15.4876869642818 391.45349077293554 -6.666666666666657
      vertex 15.527407731227196 391.618939674361 -6.666666666666657
      vertex 15.527407731227196 391.618939674361 33.33333333333334
    endloop
  endfacet
  facet normal 0.9588197348681877 -0.2840153447039403 0
    outer loop
      vertex 15.527407731227196 391.618939674361 -6.666666666666657
      vertex 15.575732988707419 391.7820830094964 -6.666666666666657
      vertex 15.575732988707419 391.7820830094964 33.33333333333334
    endloop
  endfacet
  facet normal 0.9426414910921788 -0.33380685923376974 0
    outer loop
      vertex 15.575732988707419 391.7820830094964 -6.666666666666657
      vertex 15.63253028055076 391.9424736138 -6.666666666666657
      vertex 15.63253028055076 391.9424736138 33.33333333333334
    endloop
  endfacet
  facet normal 0 0 1
    outer loop
      vertex 15.63253028055076 369.52974860842227 -6.666666666666657
      vertex 15.697643929328216 369.37255035444815 -6.666666666666657
      vertex 15.697643929328216 372.0163385344408 -6.666666666666657
    endloop
  endfacet
  facet normal 0 0 1
    outer loop
      vertex 15.697643929328216 369.37255035444815 -6.666666666666657
      vertex 15.770895463054472 369.21897532029095 -6.666666666666657
      vertex 15.770895463054472 372.169913568598 -6.666666666666657
    endloop
  endfacet
  facet normal 0 0 1
    outer loop
      vertex 15.697643929328216 369.37255035444815 -6.666666666666657
      vertex 15.770895463054472 372.169913568598 -6.666666666666657
      vertex 15.697643929328216 372.0163385344408 -6.666666666666657
    endloop
  endfacet
  facet normal 0 0 1
    outer loop
      vertex 15.770895463054472 369.21897532029095 -6.666666666666657
      vertex 15.852084104367243 369.06944444444446 -6.666666666666657
      vertex 15.852084104367243 372.31944444444446 -6.666666666666657
    endloop
  endfacet
  facet normal 0 0 1
    outer loop
      vertex 15.770895463054472 369.21897532029095 -6.666666666666657
      vertex 15.852084104367243 372.31944444444446 -6.666666666666657
      vertex 15.770895463054472 372.169913568598 -6.666666666666657
    endloop
  endfacet
  facet normal 0 0 1
    outer loop
      vertex 15.852084104367243 369.06944444444446 -6.666666666666657
      vertex 15.940987320844037 368.92436758064565 -6.666666666666657
      vertex 15.940987320844037 372.4645213082433 -6.666666666666657
    endloop
  endfacet
  facet normal 0 0 1
    outer loop
      vertex 15.852084104367243 369.06944444444446 -6.666666666666657
      vertex 15.940987320844037 372.4645213082433 -6.666666666666657
      vertex 15.852084104367243 372.31944444444446 -6.666666666666657
    endloop
  endfacet
  facet normal 0 0 1
    outer loop
      vertex 15.940987320844037 368.92436758064565 -6.666666666666657
      vertex 16.03736143494809 368.78414237449397 -6.666666666666657
      vertex 16.03736143494809 372.604746514395 -6.666666666666657
    endloop
  endfacet
  facet normal 0 0 1
    outer loop
      vertex 15.940987320844037 368.92436758064565 -6.666666666666657
      vertex 16.03736143494809 372.604746514395 -6.666666666666657
      vertex 15.940987320844037 372.4645213082433 -6.666666666666657
    endloop
  endfacet
  facet normal 0 0 1
    outer loop
      vertex 16.03736143494809 368.78414237449397 -6.666666666666657
      vertex 16.140942291931513 368.6491531735325 -6.666666666666657
      vertex 16.140942291931513 372.73973571535646 -6.666666666666657
    endloop
  endfacet
  facet normal 0 0 1
    outer loop
      vertex 16.251445983865136 368.5197699737782 -6.666666666666657
      vertex 16.251445983865136 372.8691189151108 -6.666666666666657
      vertex 16.140942291931513 368.6491531735325 -6.666666666666657
    endloop
  endfacet
  facet normal 0 0 1
    outer loop
      vertex 16.251445983865136 368.5197699737782 -6.666666666666657
      vertex 16.368569627810388 368.3963474055882 -6.666666666666657
      vertex 16.368569627810388 372.9925414833008 -6.666666666666657
    endloop
  endfacet
  facet normal 0 0 1
    outer loop
      vertex 16.03736143494809 368.78414237449397 -6.666666666666657
      vertex 16.140942291931513 372.73973571535646 -6.666666666666657
      vertex 16.03736143494809 372.604746514395 -6.666666666666657
    endloop
  endfacet
  facet normal 0 0 1
    outer loop
      vertex 16.140942291931513 368.6491531735325 -6.666666666666657
      vertex 16.251445983865136 372.8691189151108 -6.666666666666657
      vertex 16.140942291931513 372.73973571535646 -6.666666666666657
    endloop
  endfacet
  facet normal 0 0 1
    outer loop
      vertex 16.251445983865136 368.5197699737782 -6.666666666666657
      vertex 16.368569627810388 372.9925414833008 -6.666666666666657
      vertex 16.251445983865136 372.8691189151108 -6.666666666666657
    endloop
  endfacet
  facet normal 0 0 1
    outer loop
      vertex 16.368569627810388 368.3963474055882 -6.666666666666657
      vertex 16.49199219600038 373.109665127246 -6.666666666666657
      vertex 16.368569627810388 372.9925414833008 -6.666666666666657
    endloop
  endfacet
  facet normal 0 0 1
    outer loop
      vertex 16.368569627810388 368.3963474055882 -6.666666666666657
      vertex 16.49199219600038 368.2792237616429 -6.666666666666657
      vertex 16.49199219600038 373.109665127246 -6.666666666666657
    endloop
  endfacet
  facet normal 0 0 1
    outer loop
      vertex 16.49199219600038 368.2792237616429 -6.666666666666657
      vertex 16.621375395754697 368.1687200697093 -6.666666666666657
      vertex 16.621375395754697 373.22016881917966 -6.666666666666657
    endloop
  endfacet
  facet normal 0 0 1
    outer loop
      vertex 16.621375395754697 368.1687200697093 -6.666666666666657
      vertex 16.75636459671613 368.0651392127259 -6.666666666666657
      vertex 16.75636459671613 373.32374967616306 -6.666666666666657
    endloop
  endfacet
  facet normal 0 0 1
    outer loop
      vertex 16.49199219600038 368.2792237616429 -6.666666666666657
      vertex 16.621375395754697 373.22016881917966 -6.666666666666657
      vertex 16.49199219600038 373.109665127246 -6.666666666666657
    endloop
  endfacet
  facet normal 0 0 1
    outer loop
      vertex 16.621375395754697 368.1687200697093 -6.666666666666657
      vertex 16.75636459671613 373.32374967616306 -6.666666666666657
      vertex 16.621375395754697 373.22016881917966 -6.666666666666657
    endloop
  endfacet
  facet normal 0 0 1
    outer loop
      vertex 16.75636459671613 368.0651392127259 -6.666666666666657
      vertex 16.89658980286783 367.9687650986219 -6.666666666666657
      vertex 16.89658980286783 373.4201237902671 -6.666666666666657
    endloop
  endfacet
  facet normal 0 0 1
    outer loop
      vertex 16.89658980286783 367.9687650986219 -6.666666666666657
      vertex 17.041666666666668 367.87986188214506 -6.666666666666657
      vertex 17.041666666666668 373.5090270067439 -6.666666666666657
    endloop
  endfacet
  facet normal 0 0 1
    outer loop
      vertex 17.041666666666668 367.87986188214506 -6.666666666666657
      vertex 17.19119754251314 367.7986732408323 -6.666666666666657
      vertex 17.19119754251314 373.5902156480567 -6.666666666666657
    endloop
  endfacet
  facet normal 0 0 1
    outer loop
      vertex 16.75636459671613 368.0651392127259 -6.666666666666657
      vertex 16.89658980286783 373.4201237902671 -6.666666666666657
      vertex 16.75636459671613 373.32374967616306 -6.666666666666657
    endloop
  endfacet
  facet normal 0 0 1
    outer loop
      vertex 16.89658980286783 367.9687650986219 -6.666666666666657
      vertex 17.041666666666668 373.5090270067439 -6.666666666666657
      vertex 16.89658980286783 373.4201237902671 -6.666666666666657
    endloop
  endfacet
  facet normal 0 0 1
    outer loop
      vertex 17.041666666666668 367.87986188214506 -6.666666666666657
      vertex 17.19119754251314 373.5902156480567 -6.666666666666657
      vertex 17.041666666666668 373.5090270067439 -6.666666666666657
    endloop
  endfacet
  facet normal 0 0 1
    outer loop
      vertex 17.19119754251314 367.7986732408323 -6.666666666666657
      vertex 17.344772576670316 367.725421707106 -6.666666666666657
      vertex 17.344772576670316 373.66346718178295 -6.666666666666657
    endloop
  endfacet
  facet normal 0 0 1
    outer loop
      vertex 17.344772576670316 367.725421707106 -6.666666666666657
      vertex 17.501970830644442 367.66030805832855 -6.666666666666657
      vertex 17.501970830644442 373.72858083056036 -6.666666666666657
    endloop
  endfacet
  facet normal 0 0 1
    outer loop
      vertex 17.19119754251314 367.7986732408323 -6.666666666666657
      vertex 17.344772576670316 373.66346718178295 -6.666666666666657
      vertex 17.19119754251314 373.5902156480567 -6.666666666666657
    endloop
  endfacet
  facet normal 0 0 1
    outer loop
      vertex 17.344772576670316 367.725421707106 -6.666666666666657
      vertex 17.501970830644442 373.72858083056036 -6.666666666666657
      vertex 17.344772576670316 373.66346718178295 -6.666666666666657
    endloop
  endfacet
  facet normal 0 0 1
    outer loop
      vertex 17.501970830644442 367.66030805832855 -6.666666666666657
      vertex 17.66236143494809 367.6035107664852 -6.666666666666657
      vertex 17.66236143494809 373.7853781224037 -6.666666666666657
    endloop
  endfacet
  facet normal 0 0 1
    outer loop
      vertex 17.66236143494809 367.6035107664852 -6.666666666666657
      vertex 17.825504770083473 367.555185509005 -6.666666666666657
      vertex 17.825504770083473 373.83370337988396 -6.666666666666657
    endloop
  endfacet
  facet normal 0 0 1
    outer loop
      vertex 17.501970830644442 367.66030805832855 -6.666666666666657
      vertex 17.66236143494809 373.7853781224037 -6.666666666666657
      vertex 17.501970830644442 373.72858083056036 -6.666666666666657
    endloop
  endfacet
  facet normal 0 0 1
    outer loop
      vertex 17.66236143494809 367.6035107664852 -6.666666666666657
      vertex 17.825504770083473 373.83370337988396 -6.666666666666657
      vertex 17.66236143494809 373.7853781224037 -6.666666666666657
    endloop
  endfacet
  facet normal 0 0 1
    outer loop
      vertex 17.825504770083473 367.555185509005 -6.666666666666657
      vertex 17.99095367150895 373.87342414682934 -6.666666666666657
      vertex 17.825504770083473 373.83370337988396 -6.666666666666657
    endloop
  endfacet
  facet normal 0 0 1
    outer loop
      vertex 17.825504770083473 367.555185509005 -6.666666666666657
      vertex 17.99095367150895 367.51546474205963 -6.666666666666657
      vertex 17.99095367150895 373.87342414682934 -6.666666666666657
    endloop
  endfacet
  facet normal 0 0 1
    outer loop
      vertex 17.99095367150895 367.51546474205963 -6.666666666666657
      vertex 18.158254655285916 367.48445733751026 -6.666666666666657
      vertex 18.158254655285916 373.90443155137865 -6.666666666666657
    endloop
  endfacet
  facet normal 0 0 1
    outer loop
      vertex 18.158254655285916 367.48445733751026 -6.666666666666657
      vertex 18.326949161046795 367.4622482844976 -6.666666666666657
      vertex 18.326949161046795 373.92664060439137 -6.666666666666657
    endloop
  endfacet
  facet normal 0 0 1
    outer loop
      vertex 17.99095367150895 367.51546474205963 -6.666666666666657
      vertex 18.158254655285916 373.90443155137865 -6.666666666666657
      vertex 17.99095367150895 373.87342414682934 -6.666666666666657
    endloop
  endfacet
  facet normal 0 0 1
    outer loop
      vertex 18.158254655285916 367.48445733751026 -6.666666666666657
      vertex 18.326949161046795 373.92664060439137 -6.666666666666657
      vertex 18.158254655285916 373.90443155137865 -6.666666666666657
    endloop
  endfacet
  facet normal 0 0 1
    outer loop
      vertex 18.326949161046795 367.4622482844976 -6.666666666666657
      vertex 18.4965748088771 367.4488984564921 -6.666666666666657
      vertex 18.4965748088771 373.9399904323968 -6.666666666666657
    endloop
  endfacet
  facet normal 0 0 1
    outer loop
      vertex 18.4965748088771 367.4488984564921 -6.666666666666657
      vertex 18.666666666666668 367.44444444444446 -6.666666666666657
      vertex 18.666666666666668 373.94444444444446 -6.666666666666657
    endloop
  endfacet
  facet normal 0 0 1
    outer loop
      vertex 18.326949161046795 367.4622482844976 -6.666666666666657
      vertex 18.4965748088771 373.9399904323968 -6.666666666666657
      vertex 18.326949161046795 373.92664060439137 -6.666666666666657
    endloop
  endfacet
  facet normal 0 0 1
    outer loop
      vertex 18.4965748088771 367.4488984564921 -6.666666666666657
      vertex 18.666666666666668 373.94444444444446 -6.666666666666657
      vertex 18.4965748088771 373.9399904323968 -6.666666666666657
    endloop
  endfacet
  facet normal 0.7253743710122981 0.6883545756937429 0
    outer loop
      vertex 16.251445983865136 368.5197699737782 -6.666666666666657
      vertex 16.251445983865136 368.5197699737782 33.33333333333334
      vertex 16.368569627810388 368.3963474055882 -6.666666666666657
    endloop
  endfacet
  facet normal 0.6883545756937863 0.7253743710122569 0
    outer loop
      vertex 16.368569627810388 368.3963474055882 -6.666666666666657
      vertex 16.49199219600038 368.2792237616429 33.33333333333334
      vertex 16.49199219600038 368.2792237616429 -6.666666666666657
    endloop
  endfacet
  facet normal 0.6494480483301519 0.7604059656000581 0
    outer loop
      vertex 16.49199219600038 368.2792237616429 -6.666666666666657
      vertex 16.621375395754697 368.1687200697093 33.33333333333334
      vertex 16.621375395754697 368.1687200697093 -6.666666666666657
    endloop
  endfacet
  facet normal 0.608761429008636 0.7933533402913002 0
    outer loop
      vertex 16.621375395754697 368.1687200697093 -6.666666666666657
      vertex 16.75636459671613 368.0651392127259 33.33333333333334
      vertex 16.75636459671613 368.0651392127259 -6.666666666666657
    endloop
  endfacet
  facet normal 0.5664062369247822 0.8241261886220503 0
    outer loop
      vertex 16.75636459671613 368.0651392127259 -6.666666666666657
      vertex 16.89658980286783 367.9687650986219 33.33333333333334
      vertex 16.89658980286783 367.9687650986219 -6.666666666666657
    endloop
  endfacet
  facet normal 0.5224985647159941 0.8526401643540645 0
    outer loop
      vertex 16.89658980286783 367.9687650986219 -6.666666666666657
      vertex 17.041666666666668 367.87986188214506 33.33333333333334
      vertex 17.041666666666668 367.87986188214506 -6.666666666666657
    endloop
  endfacet
  facet normal 0.47715876025970927 0.8788171126619106 0
    outer loop
      vertex 17.041666666666668 367.87986188214506 -6.666666666666657
      vertex 17.19119754251314 367.7986732408323 33.33333333333334
      vertex 17.19119754251314 367.7986732408323 -6.666666666666657
    endloop
  endfacet
  facet normal 0.9025852843498869 0.4305110968082397 0
    outer loop
      vertex 15.697643929328216 369.37255035444815 -6.666666666666657
      vertex 15.697643929328216 369.37255035444815 33.33333333333334
      vertex 15.770895463054472 369.21897532029095 -6.666666666666657
    endloop
  endfacet
  facet normal 0.8788171126619917 0.47715876025956 0
    outer loop
      vertex 15.770895463054472 369.21897532029095 -6.666666666666657
      vertex 15.770895463054472 369.21897532029095 33.33333333333334
      vertex 15.852084104367243 369.06944444444446 -6.666666666666657
    endloop
  endfacet
  facet normal 0.8526401643540504 0.5224985647160171 0
    outer loop
      vertex 15.852084104367243 369.06944444444446 -6.666666666666657
      vertex 15.852084104367243 369.06944444444446 33.33333333333334
      vertex 15.940987320844037 368.92436758064565 -6.666666666666657
    endloop
  endfacet
  facet normal 0.824126188621978 0.5664062369248877 0
    outer loop
      vertex 15.940987320844037 368.92436758064565 -6.666666666666657
      vertex 15.940987320844037 368.92436758064565 33.33333333333334
      vertex 16.03736143494809 368.78414237449397 -6.666666666666657
    endloop
  endfacet
  facet normal 0.9238795325112742 -0.3826834323651202 0
    outer loop
      vertex 15.63253028055076 371.8591402804667 -6.666666666666657
      vertex 15.697643929328216 372.0163385344408 -6.666666666666657
      vertex 15.697643929328216 372.0163385344408 33.33333333333334
    endloop
  endfacet
  facet normal 0.9025852843498869 -0.4305110968082397 0
    outer loop
      vertex 15.697643929328216 372.0163385344408 -6.666666666666657
      vertex 15.770895463054472 372.169913568598 -6.666666666666657
      vertex 15.770895463054472 372.169913568598 33.33333333333334
    endloop
  endfacet
  facet normal 0.8788171126619155 -0.47715876025970005 0
    outer loop
      vertex 15.770895463054472 372.169913568598 -6.666666666666657
      vertex 15.852084104367243 372.31944444444446 -6.666666666666657
      vertex 15.852084104367243 372.31944444444446 33.33333333333334
    endloop
  endfacet
  facet normal 0.8526401643541417 -0.5224985647158683 0
    outer loop
      vertex 15.852084104367243 372.31944444444446 -6.666666666666657
      vertex 15.940987320844037 372.4645213082433 -6.666666666666657
      vertex 15.940987320844037 372.4645213082433 33.33333333333334
    endloop
  endfacet
  facet normal 0.824126188621978 -0.5664062369248877 0
    outer loop
      vertex 15.940987320844037 372.4645213082433 -6.666666666666657
      vertex 16.03736143494809 372.604746514395 -6.666666666666657
      vertex 16.03736143494809 372.604746514395 33.33333333333334
    endloop
  endfacet
  facet normal 0.7933533402912838 0.6087614290086573 0
    outer loop
      vertex 16.03736143494809 368.78414237449397 -6.666666666666657
      vertex 16.03736143494809 368.78414237449397 33.33333333333334
      vertex 16.140942291931513 368.6491531735325 -6.666666666666657
    endloop
  endfacet
  facet normal 0.7604059656000639 0.649448048330145 0
    outer loop
      vertex 16.251445983865136 368.5197699737782 -6.666666666666657
      vertex 16.140942291931513 368.6491531735325 -6.666666666666657
      vertex 16.140942291931513 368.6491531735325 33.33333333333334
    endloop
  endfacet
  facet normal 0.7933533402912838 -0.6087614290086573 0
    outer loop
      vertex 16.03736143494809 372.604746514395 -6.666666666666657
      vertex 16.140942291931513 372.73973571535646 -6.666666666666657
      vertex 16.140942291931513 372.73973571535646 33.33333333333334
    endloop
  endfacet
  facet normal 0.7604059656000639 -0.649448048330145 0
    outer loop
      vertex 16.140942291931513 372.73973571535646 -6.666666666666657
      vertex 16.251445983865136 372.8691189151108 -6.666666666666657
      vertex 16.251445983865136 372.8691189151108 33.33333333333334
    endloop
  endfacet
  facet normal 0.7253743710122981 -0.6883545756937429 0
    outer loop
      vertex 16.251445983865136 372.8691189151108 -6.666666666666657
      vertex 16.368569627810388 372.9925414833008 -6.666666666666657
      vertex 16.368569627810388 372.9925414833008 33.33333333333334
    endloop
  endfacet
  facet normal 0.6883545756936106 -0.7253743710124236 0
    outer loop
      vertex 16.368569627810388 372.9925414833008 -6.666666666666657
      vertex 16.49199219600038 373.109665127246 -6.666666666666657
      vertex 16.368569627810388 372.9925414833008 33.33333333333334
    endloop
  endfacet
  facet normal 0.649448048330345 -0.7604059655998932 0
    outer loop
      vertex 16.49199219600038 373.109665127246 -6.666666666666657
      vertex 16.621375395754697 373.22016881917966 -6.666666666666657
      vertex 16.49199219600038 373.109665127246 33.33333333333334
    endloop
  endfacet
  facet normal 0.608761429008636 -0.7933533402913002 0
    outer loop
      vertex 16.621375395754697 373.22016881917966 -6.666666666666657
      vertex 16.75636459671613 373.32374967616306 -6.666666666666657
      vertex 16.621375395754697 373.22016881917966 33.33333333333334
    endloop
  endfacet
  facet normal 0.5664062369247822 -0.8241261886220503 0
    outer loop
      vertex 16.75636459671613 373.32374967616306 -6.666666666666657
      vertex 16.89658980286783 373.4201237902671 -6.666666666666657
      vertex 16.75636459671613 373.32374967616306 33.33333333333334
    endloop
  endfacet
  facet normal 0.5224985647159941 -0.8526401643540645 0
    outer loop
      vertex 16.89658980286783 373.4201237902671 -6.666666666666657
      vertex 17.041666666666668 373.5090270067439 -6.666666666666657
      vertex 16.89658980286783 373.4201237902671 33.33333333333334
    endloop
  endfacet
  facet normal 0.47715876025970927 -0.8788171126619106 0
    outer loop
      vertex 17.041666666666668 373.5090270067439 -6.666666666666657
      vertex 17.19119754251314 373.5902156480567 -6.666666666666657
      vertex 17.041666666666668 373.5090270067439 33.33333333333334
    endloop
  endfacet
  facet normal 0.4305110968082625 0.9025852843498762 0
    outer loop
      vertex 17.19119754251314 367.7986732408323 -6.666666666666657
      vertex 17.344772576670316 367.725421707106 33.33333333333334
      vertex 17.344772576670316 367.725421707106 -6.666666666666657
    endloop
  endfacet
  facet normal 0.38268343236516933 0.9238795325112538 0
    outer loop
      vertex 17.344772576670316 367.725421707106 -6.666666666666657
      vertex 17.501970830644442 367.66030805832855 33.33333333333334
      vertex 17.501970830644442 367.66030805832855 -6.666666666666657
    endloop
  endfacet
  facet normal 0.33380685923374465 0.9426414910921878 0
    outer loop
      vertex 17.501970830644442 367.66030805832855 -6.666666666666657
      vertex 17.66236143494809 367.6035107664852 33.33333333333334
      vertex 17.66236143494809 367.6035107664852 -6.666666666666657
    endloop
  endfacet
  facet normal 0.2840153447038081 0.9588197348682269 0
    outer loop
      vertex 17.66236143494809 367.6035107664852 -6.666666666666657
      vertex 17.825504770083473 367.555185509005 33.33333333333334
      vertex 17.825504770083473 367.555185509005 -6.666666666666657
    endloop
  endfacet
  facet normal 0.23344536385580547 0.9723699203977005 0
    outer loop
      vertex 17.825504770083473 367.555185509005 -6.666666666666657
      vertex 17.99095367150895 367.51546474205963 33.33333333333334
      vertex 17.99095367150895 367.51546474205963 -6.666666666666657
    endloop
  endfacet
  facet normal 0.1822355254923855 0.9832549075639104 0
    outer loop
      vertex 17.99095367150895 367.51546474205963 -6.666666666666657
      vertex 18.158254655285916 367.48445733751026 33.33333333333334
      vertex 18.158254655285916 367.48445733751026 -6.666666666666657
    endloop
  endfacet
  facet normal 0.13052619221986822 0.9914448613738345 0
    outer loop
      vertex 18.158254655285916 367.48445733751026 -6.666666666666657
      vertex 18.326949161046795 367.4622482844976 33.33333333333334
      vertex 18.326949161046795 367.4622482844976 -6.666666666666657
    endloop
  endfacet
  facet normal 0.07845909572807741 0.9969173337331098 0
    outer loop
      vertex 18.326949161046795 367.4622482844976 -6.666666666666657
      vertex 18.4965748088771 367.4488984564921 33.33333333333334
      vertex 18.4965748088771 367.4488984564921 -6.666666666666657
    endloop
  endfacet
  facet normal 0.026176948307851763 0.9996573249755578 0
    outer loop
      vertex 18.4965748088771 367.4488984564921 -6.666666666666657
      vertex 18.666666666666668 367.44444444444446 33.33333333333334
      vertex 18.666666666666668 367.44444444444446 -6.666666666666657
    endloop
  endfacet
  facet normal 0.4305110968082625 -0.9025852843498762 0
    outer loop
      vertex 17.19119754251314 373.5902156480567 -6.666666666666657
      vertex 17.344772576670316 373.66346718178295 -6.666666666666657
      vertex 17.19119754251314 373.5902156480567 33.33333333333334
    endloop
  endfacet
  facet normal 0.38268343236488417 -0.9238795325113719 0
    outer loop
      vertex 17.344772576670316 373.66346718178295 -6.666666666666657
      vertex 17.501970830644442 373.72858083056036 -6.666666666666657
      vertex 17.344772576670316 373.66346718178295 33.33333333333334
    endloop
  endfacet
  facet normal 0.33380685923374465 -0.9426414910921878 0
    outer loop
      vertex 17.501970830644442 373.72858083056036 -6.666666666666657
      vertex 17.66236143494809 373.7853781224037 -6.666666666666657
      vertex 17.501970830644442 373.72858083056036 33.33333333333334
    endloop
  endfacet
  facet normal 0.2840153447041152 -0.958819734868136 0
    outer loop
      vertex 17.66236143494809 373.7853781224037 -6.666666666666657
      vertex 17.825504770083473 373.83370337988396 -6.666666666666657
      vertex 17.66236143494809 373.7853781224037 33.33333333333334
    endloop
  endfacet
  facet normal 0.23344536385580547 -0.9723699203977005 0
    outer loop
      vertex 17.825504770083473 373.83370337988396 -6.666666666666657
      vertex 17.99095367150895 373.87342414682934 -6.666666666666657
      vertex 17.825504770083473 373.83370337988396 33.33333333333334
    endloop
  endfacet
  facet normal 0.18223552549206254 -0.9832549075639704 0
    outer loop
      vertex 17.99095367150895 373.87342414682934 -6.666666666666657
      vertex 18.158254655285916 373.90443155137865 -6.666666666666657
      vertex 17.99095367150895 373.87342414682934 33.33333333333334
    endloop
  endfacet
  facet normal 0.1305261922201966 -0.9914448613737913 0
    outer loop
      vertex 18.158254655285916 373.90443155137865 -6.666666666666657
      vertex 18.326949161046795 373.92664060439137 -6.666666666666657
      vertex 18.158254655285916 373.90443155137865 33.33333333333334
    endloop
  endfacet
  facet normal 0.07845909572774538 -0.9969173337331358 0
    outer loop
      vertex 18.326949161046795 373.92664060439137 -6.666666666666657
      vertex 18.4965748088771 373.9399904323968 -6.666666666666657
      vertex 18.326949161046795 373.92664060439137 33.33333333333334
    endloop
  endfacet
  facet normal 0.026176948307851763 -0.9996573249755578 0
    outer loop
      vertex 18.4965748088771 373.9399904323968 -6.666666666666657
      vertex 18.666666666666668 373.94444444444446 -6.666666666666657
      vertex 18.4965748088771 373.9399904323968 33.33333333333334
    endloop
  endfacet
  facet normal 0 0 1
    outer loop
      vertex 15.63253028055076 389.6130819417556 -6.666666666666657
      vertex 15.697643929328216 389.45588368778147 -6.666666666666657
      vertex 15.697643929328216 392.09967186777413 -6.666666666666657
    endloop
  endfacet
  facet normal 0 0 1
    outer loop
      vertex 15.770895463054472 389.30230865362427 -6.666666666666657
      vertex 15.770895463054472 392.25324690193133 -6.666666666666657
      vertex 15.697643929328216 389.45588368778147 -6.666666666666657
    endloop
  endfacet
  facet normal 0 0 1
    outer loop
      vertex 15.770895463054472 389.30230865362427 -6.666666666666657
      vertex 15.852084104367243 389.1527777777778 -6.666666666666657
      vertex 15.852084104367243 392.4027777777778 -6.666666666666657
    endloop
  endfacet
  facet normal 0 0 1
    outer loop
      vertex 15.852084104367243 389.1527777777778 -6.666666666666657
      vertex 15.940987320844037 389.00770091397897 -6.666666666666657
      vertex 15.940987320844037 392.54785464157663 -6.666666666666657
    endloop
  endfacet
  facet normal 0 0 1
    outer loop
      vertex 15.940987320844037 389.00770091397897 -6.666666666666657
      vertex 16.03736143494809 388.8674757078273 -6.666666666666657
      vertex 16.03736143494809 392.6880798477284 -6.666666666666657
    endloop
  endfacet
  facet normal 0 0 1
    outer loop
      vertex 16.03736143494809 388.8674757078273 -6.666666666666657
      vertex 16.140942291931513 388.7324865068658 -6.666666666666657
      vertex 16.140942291931513 392.8230690486898 -6.666666666666657
    endloop
  endfacet
  facet normal 0 0 1
    outer loop
      vertex 16.140942291931513 388.7324865068658 -6.666666666666657
      vertex 16.251445983865136 388.6031033071115 -6.666666666666657
      vertex 16.251445983865136 392.9524522484441 -6.666666666666657
    endloop
  endfacet
  facet normal 0 0 1
    outer loop
      vertex 16.251445983865136 388.6031033071115 -6.666666666666657
      vertex 16.368569627810388 388.4796807389215 -6.666666666666657
      vertex 16.368569627810388 393.0758748166341 -6.666666666666657
    endloop
  endfacet
  facet normal 0 0 1
    outer loop
      vertex 16.368569627810388 388.4796807389215 -6.666666666666657
      vertex 16.49199219600038 388.3625570949763 -6.666666666666657
      vertex 16.49199219600038 393.19299846057936 -6.666666666666657
    endloop
  endfacet
  facet normal 0 0 1
    outer loop
      vertex 16.49199219600038 388.3625570949763 -6.666666666666657
      vertex 16.621375395754697 388.2520534030427 -6.666666666666657
      vertex 16.621375395754697 393.303502152513 -6.666666666666657
    endloop
  endfacet
  facet normal 0 0 1
    outer loop
      vertex 16.621375395754697 388.2520534030427 -6.666666666666657
      vertex 16.75636459671613 388.1484725460592 -6.666666666666657
      vertex 16.75636459671613 393.4070830094964 -6.666666666666657
    endloop
  endfacet
  facet normal 0 0 1
    outer loop
      vertex 16.75636459671613 388.1484725460592 -6.666666666666657
      vertex 16.89658980286783 388.0520984319552 -6.666666666666657
      vertex 16.89658980286783 393.5034571236004 -6.666666666666657
    endloop
  endfacet
  facet normal 0 0 1
    outer loop
      vertex 17.041666666666668 387.9631952154784 -6.666666666666657
      vertex 17.041666666666668 393.5923603400772 -6.666666666666657
      vertex 16.89658980286783 388.0520984319552 -6.666666666666657
    endloop
  endfacet
  facet normal 0 0 1
    outer loop
      vertex 17.041666666666668 387.9631952154784 -6.666666666666657
      vertex 17.19119754251314 387.88200657416564 -6.666666666666657
      vertex 17.19119754251314 393.67354898139 -6.666666666666657
    endloop
  endfacet
  facet normal 0 0 1
    outer loop
      vertex 15.697643929328216 389.45588368778147 -6.666666666666657
      vertex 15.770895463054472 392.25324690193133 -6.666666666666657
      vertex 15.697643929328216 392.09967186777413 -6.666666666666657
    endloop
  endfacet
  facet normal 0 0 1
    outer loop
      vertex 15.770895463054472 389.30230865362427 -6.666666666666657
      vertex 15.852084104367243 392.4027777777778 -6.666666666666657
      vertex 15.770895463054472 392.25324690193133 -6.666666666666657
    endloop
  endfacet
  facet normal 0 0 1
    outer loop
      vertex 15.852084104367243 389.1527777777778 -6.666666666666657
      vertex 15.940987320844037 392.54785464157663 -6.666666666666657
      vertex 15.852084104367243 392.4027777777778 -6.666666666666657
    endloop
  endfacet
  facet normal 0 0 1
    outer loop
      vertex 15.940987320844037 389.00770091397897 -6.666666666666657
      vertex 16.03736143494809 392.6880798477284 -6.666666666666657
      vertex 15.940987320844037 392.54785464157663 -6.666666666666657
    endloop
  endfacet
  facet normal 0 0 1
    outer loop
      vertex 16.03736143494809 388.8674757078273 -6.666666666666657
      vertex 16.140942291931513 392.8230690486898 -6.666666666666657
      vertex 16.03736143494809 392.6880798477284 -6.666666666666657
    endloop
  endfacet
  facet normal 0 0 1
    outer loop
      vertex 16.140942291931513 388.7324865068658 -6.666666666666657
      vertex 16.251445983865136 392.9524522484441 -6.666666666666657
      vertex 16.140942291931513 392.8230690486898 -6.666666666666657
    endloop
  endfacet
  facet normal 0 0 1
    outer loop
      vertex 16.251445983865136 388.6031033071115 -6.666666666666657
      vertex 16.368569627810388 393.0758748166341 -6.666666666666657
      vertex 16.251445983865136 392.9524522484441 -6.666666666666657
    endloop
  endfacet
  facet normal 0 0 1
    outer loop
      vertex 16.368569627810388 388.4796807389215 -6.666666666666657
      vertex 16.49199219600038 393.19299846057936 -6.666666666666657
      vertex 16.368569627810388 393.0758748166341 -6.666666666666657
    endloop
  endfacet
  facet normal 0 0 1
    outer loop
      vertex 16.49199219600038 388.3625570949763 -6.666666666666657
      vertex 16.621375395754697 393.303502152513 -6.666666666666657
      vertex 16.49199219600038 393.19299846057936 -6.666666666666657
    endloop
  endfacet
  facet normal 0 0 1
    outer loop
      vertex 16.621375395754697 388.2520534030427 -6.666666666666657
      vertex 16.75636459671613 393.4070830094964 -6.666666666666657
      vertex 16.621375395754697 393.303502152513 -6.666666666666657
    endloop
  endfacet
  facet normal 0 0 1
    outer loop
      vertex 16.75636459671613 388.1484725460592 -6.666666666666657
      vertex 16.89658980286783 393.5034571236004 -6.666666666666657
      vertex 16.75636459671613 393.4070830094964 -6.666666666666657
    endloop
  endfacet
  facet normal 0 0 1
    outer loop
      vertex 16.89658980286783 388.0520984319552 -6.666666666666657
      vertex 17.041666666666668 393.5923603400772 -6.666666666666657
      vertex 16.89658980286783 393.5034571236004 -6.666666666666657
    endloop
  endfacet
  facet normal 0 0 1
    outer loop
      vertex 17.041666666666668 387.9631952154784 -6.666666666666657
      vertex 17.19119754251314 393.67354898139 -6.666666666666657
      vertex 17.041666666666668 393.5923603400772 -6.666666666666657
    endloop
  endfacet
  facet normal 0 0 1
    outer loop
      vertex 17.19119754251314 387.88200657416564 -6.666666666666657
      vertex 17.344772576670316 387.80875504043934 -6.666666666666657
      vertex 17.344772576670316 393.74680051511626 -6.666666666666657
    endloop
  endfacet
  facet normal 0 0 1
    outer loop
      vertex 17.344772576670316 387.80875504043934 -6.666666666666657
      vertex 17.501970830644442 387.7436413916619 -6.666666666666657
      vertex 17.501970830644442 393.81191416389373 -6.666666666666657
    endloop
  endfacet
  facet normal 0 0 1
    outer loop
      vertex 17.501970830644442 387.7436413916619 -6.666666666666657
      vertex 17.66236143494809 387.6868440998186 -6.666666666666657
      vertex 17.66236143494809 393.86871145573707 -6.666666666666657
    endloop
  endfacet
  facet normal 0 0 1
    outer loop
      vertex 17.66236143494809 387.6868440998186 -6.666666666666657
      vertex 17.825504770083473 387.6385188423383 -6.666666666666657
      vertex 17.825504770083473 393.91703671321727 -6.666666666666657
    endloop
  endfacet
  facet normal 0 0 1
    outer loop
      vertex 17.825504770083473 387.6385188423383 -6.666666666666657
      vertex 17.99095367150895 387.59879807539295 -6.666666666666657
      vertex 17.99095367150895 393.95675748016265 -6.666666666666657
    endloop
  endfacet
  facet normal 0 0 1
    outer loop
      vertex 17.99095367150895 387.59879807539295 -6.666666666666657
      vertex 18.158254655285916 387.56779067084364 -6.666666666666657
      vertex 18.158254655285916 393.987764884712 -6.666666666666657
    endloop
  endfacet
  facet normal 0 0 1
    outer loop
      vertex 18.158254655285916 387.56779067084364 -6.666666666666657
      vertex 18.326949161046795 387.5455816178309 -6.666666666666657
      vertex 18.326949161046795 394.0099739377247 -6.666666666666657
    endloop
  endfacet
  facet normal 0 0 1
    outer loop
      vertex 18.326949161046795 387.5455816178309 -6.666666666666657
      vertex 18.4965748088771 387.53223178982546 -6.666666666666657
      vertex 18.4965748088771 394.0233237657302 -6.666666666666657
    endloop
  endfacet
  facet normal 0 0 1
    outer loop
      vertex 18.4965748088771 387.53223178982546 -6.666666666666657
      vertex 18.666666666666668 387.5277777777778 -6.666666666666657
      vertex 18.666666666666668 394.0277777777778 -6.666666666666657
    endloop
  endfacet
  facet normal 0 0 1
    outer loop
      vertex 17.19119754251314 387.88200657416564 -6.666666666666657
      vertex 17.344772576670316 393.74680051511626 -6.666666666666657
      vertex 17.19119754251314 393.67354898139 -6.666666666666657
    endloop
  endfacet
  facet normal 0 0 1
    outer loop
      vertex 17.344772576670316 387.80875504043934 -6.666666666666657
      vertex 17.501970830644442 393.81191416389373 -6.666666666666657
      vertex 17.344772576670316 393.74680051511626 -6.666666666666657
    endloop
  endfacet
  facet normal 0 0 1
    outer loop
      vertex 17.501970830644442 387.7436413916619 -6.666666666666657
      vertex 17.66236143494809 393.86871145573707 -6.666666666666657
      vertex 17.501970830644442 393.81191416389373 -6.666666666666657
    endloop
  endfacet
  facet normal 0 0 1
    outer loop
      vertex 17.66236143494809 387.6868440998186 -6.666666666666657
      vertex 17.825504770083473 393.91703671321727 -6.666666666666657
      vertex 17.66236143494809 393.86871145573707 -6.666666666666657
    endloop
  endfacet
  facet normal 0 0 1
    outer loop
      vertex 17.825504770083473 387.6385188423383 -6.666666666666657
      vertex 17.99095367150895 393.95675748016265 -6.666666666666657
      vertex 17.825504770083473 393.91703671321727 -6.666666666666657
    endloop
  endfacet
  facet normal 0 0 1
    outer loop
      vertex 17.99095367150895 387.59879807539295 -6.666666666666657
      vertex 18.158254655285916 393.987764884712 -6.666666666666657
      vertex 17.99095367150895 393.95675748016265 -6.666666666666657
    endloop
  endfacet
  facet normal 0 0 1
    outer loop
      vertex 18.158254655285916 387.56779067084364 -6.666666666666657
      vertex 18.326949161046795 394.0099739377247 -6.666666666666657
      vertex 18.158254655285916 393.987764884712 -6.666666666666657
    endloop
  endfacet
  facet normal 0 0 1
    outer loop
      vertex 18.326949161046795 387.5455816178309 -6.666666666666657
      vertex 18.4965748088771 394.0233237657302 -6.666666666666657
      vertex 18.326949161046795 394.0099739377247 -6.666666666666657
    endloop
  endfacet
  facet normal 0 0 1
    outer loop
      vertex 18.4965748088771 387.53223178982546 -6.666666666666657
      vertex 18.666666666666668 394.0277777777778 -6.666666666666657
      vertex 18.4965748088771 394.0233237657302 -6.666666666666657
    endloop
  endfacet
  facet normal 0.8788171126619155 0.47715876025970005 0
    outer loop
      vertex 15.770895463054472 389.30230865362427 -6.666666666666657
      vertex 15.770895463054472 389.30230865362427 33.33333333333334
      vertex 15.852084104367243 389.1527777777778 -6.666666666666657
    endloop
  endfacet
  facet normal 0.9025852843498869 0.4305110968082397 0
    outer loop
      vertex 15.770895463054472 389.30230865362427 -6.666666666666657
      vertex 15.697643929328216 389.45588368778147 -6.666666666666657
      vertex 15.697643929328216 389.45588368778147 33.33333333333334
    endloop
  endfacet
  facet normal 0.8526401643541417 0.5224985647158683 0
    outer loop
      vertex 15.852084104367243 389.1527777777778 -6.666666666666657
      vertex 15.852084104367243 389.1527777777778 33.33333333333334
      vertex 15.940987320844037 389.00770091397897 -6.666666666666657
    endloop
  endfacet
  facet normal 0.824126188621978 0.5664062369248877 0
    outer loop
      vertex 15.940987320844037 389.00770091397897 -6.666666666666657
      vertex 15.940987320844037 389.00770091397897 33.33333333333334
      vertex 16.03736143494809 388.8674757078273 -6.666666666666657
    endloop
  endfacet
  facet normal 0.7933533402912838 0.6087614290086573 0
    outer loop
      vertex 16.03736143494809 388.8674757078273 -6.666666666666657
      vertex 16.03736143494809 388.8674757078273 33.33333333333334
      vertex 16.140942291931513 388.7324865068658 -6.666666666666657
    endloop
  endfacet
  facet normal 0.7604059656000639 0.649448048330145 0
    outer loop
      vertex 16.140942291931513 388.7324865068658 -6.666666666666657
      vertex 16.140942291931513 388.7324865068658 33.33333333333334
      vertex 16.251445983865136 388.6031033071115 -6.666666666666657
    endloop
  endfacet
  facet normal 0.7253743710122981 0.6883545756937429 0
    outer loop
      vertex 16.251445983865136 388.6031033071115 -6.666666666666657
      vertex 16.251445983865136 388.6031033071115 33.33333333333334
      vertex 16.368569627810388 388.4796807389215 -6.666666666666657
    endloop
  endfacet
  facet normal 0.6883545756936106 0.7253743710124236 0
    outer loop
      vertex 16.368569627810388 388.4796807389215 -6.666666666666657
      vertex 16.49199219600038 388.3625570949763 33.33333333333334
      vertex 16.49199219600038 388.3625570949763 -6.666666666666657
    endloop
  endfacet
  facet normal 0.6494480483301519 0.7604059656000581 0
    outer loop
      vertex 16.49199219600038 388.3625570949763 -6.666666666666657
      vertex 16.621375395754697 388.2520534030427 33.33333333333334
      vertex 16.621375395754697 388.2520534030427 -6.666666666666657
    endloop
  endfacet
  facet normal 0.6087614290088461 0.7933533402911388 0
    outer loop
      vertex 16.621375395754697 388.2520534030427 -6.666666666666657
      vertex 16.75636459671613 388.1484725460592 33.33333333333334
      vertex 16.75636459671613 388.1484725460592 -6.666666666666657
    endloop
  endfacet
  facet normal 0.5224985647159941 0.8526401643540645 0
    outer loop
      vertex 17.041666666666668 387.9631952154784 -6.666666666666657
      vertex 16.89658980286783 388.0520984319552 -6.666666666666657
      vertex 17.041666666666668 387.9631952154784 33.33333333333334
    endloop
  endfacet
  facet normal 0.4771587602594512 0.8788171126620506 0
    outer loop
      vertex 17.041666666666668 387.9631952154784 -6.666666666666657
      vertex 17.19119754251314 387.88200657416564 33.33333333333334
      vertex 17.19119754251314 387.88200657416564 -6.666666666666657
    endloop
  endfacet
  facet normal 0.5664062369247822 0.8241261886220503 0
    outer loop
      vertex 16.75636459671613 388.1484725460592 -6.666666666666657
      vertex 16.89658980286783 388.0520984319552 33.33333333333334
      vertex 16.89658980286783 388.0520984319552 -6.666666666666657
    endloop
  endfacet
  facet normal 0.9238795325112742 -0.3826834323651202 0
    outer loop
      vertex 15.63253028055076 391.9424736138 -6.666666666666657
      vertex 15.697643929328216 392.09967186777413 -6.666666666666657
      vertex 15.697643929328216 392.09967186777413 33.33333333333334
    endloop
  endfacet
  facet normal 0.9025852843498869 -0.4305110968082397 0
    outer loop
      vertex 15.697643929328216 392.09967186777413 -6.666666666666657
      vertex 15.770895463054472 392.25324690193133 -6.666666666666657
      vertex 15.770895463054472 392.25324690193133 33.33333333333334
    endloop
  endfacet
  facet normal 0.8788171126619917 -0.47715876025956 0
    outer loop
      vertex 15.770895463054472 392.25324690193133 -6.666666666666657
      vertex 15.852084104367243 392.4027777777778 -6.666666666666657
      vertex 15.852084104367243 392.4027777777778 33.33333333333334
    endloop
  endfacet
  facet normal 0.8526401643540504 -0.5224985647160171 0
    outer loop
      vertex 15.852084104367243 392.4027777777778 -6.666666666666657
      vertex 15.940987320844037 392.54785464157663 -6.666666666666657
      vertex 15.940987320844037 392.54785464157663 33.33333333333334
    endloop
  endfacet
  facet normal 0.8241261886220851 -0.5664062369247318 0
    outer loop
      vertex 15.940987320844037 392.54785464157663 -6.666666666666657
      vertex 16.03736143494809 392.6880798477284 -6.666666666666657
      vertex 16.03736143494809 392.6880798477284 33.33333333333334
    endloop
  endfacet
  facet normal 0.79335334029116 -0.6087614290088187 0
    outer loop
      vertex 16.03736143494809 392.6880798477284 -6.666666666666657
      vertex 16.140942291931513 392.8230690486898 -6.666666666666657
      vertex 16.140942291931513 392.8230690486898 33.33333333333334
    endloop
  endfacet
  facet normal 0.7604059656000639 -0.649448048330145 0
    outer loop
      vertex 16.140942291931513 392.8230690486898 -6.666666666666657
      vertex 16.251445983865136 392.9524522484441 -6.666666666666657
      vertex 16.251445983865136 392.9524522484441 33.33333333333334
    endloop
  endfacet
  facet normal 0.7253743710122981 -0.6883545756937429 0
    outer loop
      vertex 16.251445983865136 392.9524522484441 -6.666666666666657
      vertex 16.368569627810388 393.0758748166341 -6.666666666666657
      vertex 16.368569627810388 393.0758748166341 33.33333333333334
    endloop
  endfacet
  facet normal 0.6883545756937863 -0.7253743710122569 0
    outer loop
      vertex 16.368569627810388 393.0758748166341 -6.666666666666657
      vertex 16.49199219600038 393.19299846057936 -6.666666666666657
      vertex 16.368569627810388 393.0758748166341 33.33333333333334
    endloop
  endfacet
  facet normal 0.6494480483301519 -0.7604059656000581 0
    outer loop
      vertex 16.49199219600038 393.19299846057936 -6.666666666666657
      vertex 16.621375395754697 393.303502152513 -6.666666666666657
      vertex 16.49199219600038 393.19299846057936 33.33333333333334
    endloop
  endfacet
  facet normal 0.608761429008636 -0.7933533402913002 0
    outer loop
      vertex 16.621375395754697 393.303502152513 -6.666666666666657
      vertex 16.75636459671613 393.4070830094964 -6.666666666666657
      vertex 16.621375395754697 393.303502152513 33.33333333333334
    endloop
  endfacet
  facet normal 0.5664062369247822 -0.8241261886220503 0
    outer loop
      vertex 16.75636459671613 393.4070830094964 -6.666666666666657
      vertex 16.89658980286783 393.5034571236004 -6.666666666666657
      vertex 16.75636459671613 393.4070830094964 33.33333333333334
    endloop
  endfacet
  facet normal 0.5224985647159941 -0.8526401643540645 0
    outer loop
      vertex 16.89658980286783 393.5034571236004 -6.666666666666657
      vertex 17.041666666666668 393.5923603400772 -6.666666666666657
      vertex 16.89658980286783 393.5034571236004 33.33333333333334
    endloop
  endfacet
  facet normal 0.47715876025970927 -0.8788171126619106 0
    outer loop
      vertex 17.041666666666668 393.5923603400772 -6.666666666666657
      vertex 17.19119754251314 393.67354898139 -6.666666666666657
      vertex 17.041666666666668 393.5923603400772 33.33333333333334
    endloop
  endfacet
  facet normal 0.43051109680853467 0.9025852843497463 0
    outer loop
      vertex 17.19119754251314 387.88200657416564 -6.666666666666657
      vertex 17.344772576670316 387.80875504043934 33.33333333333334
      vertex 17.344772576670316 387.80875504043934 -6.666666666666657
    endloop
  endfacet
  facet normal 0.38268343236488417 0.9238795325113719 0
    outer loop
      vertex 17.344772576670316 387.80875504043934 -6.666666666666657
      vertex 17.501970830644442 387.7436413916619 33.33333333333334
      vertex 17.501970830644442 387.7436413916619 -6.666666666666657
    endloop
  endfacet
  facet normal 0.33380685923374465 0.9426414910921878 0
    outer loop
      vertex 17.501970830644442 387.7436413916619 -6.666666666666657
      vertex 17.66236143494809 387.6868440998186 33.33333333333334
      vertex 17.66236143494809 387.6868440998186 -6.666666666666657
    endloop
  endfacet
  facet normal 0.2840153447041152 0.958819734868136 0
    outer loop
      vertex 17.66236143494809 387.6868440998186 -6.666666666666657
      vertex 17.825504770083473 387.6385188423383 33.33333333333334
      vertex 17.825504770083473 387.6385188423383 -6.666666666666657
    endloop
  endfacet
  facet normal 0.23344536385580547 0.9723699203977005 0
    outer loop
      vertex 17.825504770083473 387.6385188423383 -6.666666666666657
      vertex 17.99095367150895 387.59879807539295 33.33333333333334
      vertex 17.99095367150895 387.59879807539295 -6.666666666666657
    endloop
  endfacet
  facet normal 0.18223552549206254 0.9832549075639704 0
    outer loop
      vertex 17.99095367150895 387.59879807539295 -6.666666666666657
      vertex 18.158254655285916 387.56779067084364 33.33333333333334
      vertex 18.158254655285916 387.56779067084364 -6.666666666666657
    endloop
  endfacet
  facet normal 0.1305261922201966 0.9914448613737913 0
    outer loop
      vertex 18.158254655285916 387.56779067084364 -6.666666666666657
      vertex 18.326949161046795 387.5455816178309 33.33333333333334
      vertex 18.326949161046795 387.5455816178309 -6.666666666666657
    endloop
  endfacet
  facet normal 0.07845909572774538 0.9969173337331358 0
    outer loop
      vertex 18.326949161046795 387.5455816178309 -6.666666666666657
      vertex 18.4965748088771 387.53223178982546 33.33333333333334
      vertex 18.4965748088771 387.53223178982546 -6.666666666666657
    endloop
  endfacet
  facet normal 0.026176948307851763 0.9996573249755578 0
    outer loop
      vertex 18.4965748088771 387.53223178982546 -6.666666666666657
      vertex 18.666666666666668 387.5277777777778 33.33333333333334
      vertex 18.666666666666668 387.5277777777778 -6.666666666666657
    endloop
  endfacet
  facet normal 0.4305110968082625 -0.9025852843498762 0
    outer loop
      vertex 17.19119754251314 393.67354898139 -6.666666666666657
      vertex 17.344772576670316 393.74680051511626 -6.666666666666657
      vertex 17.19119754251314 393.67354898139 33.33333333333334
    endloop
  endfacet
  facet normal 0.38268343236516933 -0.9238795325112538 0
    outer loop
      vertex 17.344772576670316 393.74680051511626 -6.666666666666657
      vertex 17.501970830644442 393.81191416389373 -6.666666666666657
      vertex 17.344772576670316 393.74680051511626 33.33333333333334
    endloop
  endfacet
  facet normal 0.33380685923374465 -0.9426414910921878 0
    outer loop
      vertex 17.501970830644442 393.81191416389373 -6.666666666666657
      vertex 17.66236143494809 393.86871145573707 -6.666666666666657
      vertex 17.501970830644442 393.81191416389373 33.33333333333334
    endloop
  endfacet
  facet normal 0.2840153447038081 -0.9588197348682269 0
    outer loop
      vertex 17.66236143494809 393.86871145573707 -6.666666666666657
      vertex 17.825504770083473 393.91703671321727 -6.666666666666657
      vertex 17.66236143494809 393.86871145573707 33.33333333333334
    endloop
  endfacet
  facet normal 0.23344536385580547 -0.9723699203977005 0
    outer loop
      vertex 17.825504770083473 393.91703671321727 -6.666666666666657
      vertex 17.99095367150895 393.95675748016265 -6.666666666666657
      vertex 17.825504770083473 393.91703671321727 33.33333333333334
    endloop
  endfacet
  facet normal 0.1822355254923855 -0.9832549075639104 0
    outer loop
      vertex 17.99095367150895 393.95675748016265 -6.666666666666657
      vertex 18.158254655285916 393.987764884712 -6.666666666666657
      vertex 17.99095367150895 393.95675748016265 33.33333333333334
    endloop
  endfacet
  facet normal 0.13052619221986822 -0.9914448613738345 0
    outer loop
      vertex 18.158254655285916 393.987764884712 -6.666666666666657
      vertex 18.326949161046795 394.0099739377247 -6.666666666666657
      vertex 18.158254655285916 393.987764884712 33.33333333333334
    endloop
  endfacet
  facet normal 0.07845909572807741 -0.9969173337331098 0
    outer loop
      vertex 18.326949161046795 394.0099739377247 -6.666666666666657
      vertex 18.4965748088771 394.0233237657302 -6.666666666666657
      vertex 18.326949161046795 394.0099739377247 33.33333333333334
    endloop
  endfacet
  facet normal 0.026176948307851763 -0.9996573249755578 0
    outer loop
      vertex 18.4965748088771 394.0233237657302 -6.666666666666657
      vertex 18.666666666666668 394.0277777777778 -6.666666666666657
      vertex 18.4965748088771 394.0233237657302 33.33333333333334
    endloop
  endfacet
  facet normal 0.996917333733127 0.07845909572785731 0
    outer loop
      vertex 15.43447050671978 370.3547269388246 -6.666666666666657
      vertex 15.421120678714303 370.5243525866549 33.33333333333334
      vertex 15.43447050671978 370.3547269388246 33.33333333333334
    endloop
  endfacet
  facet normal 0.9996573249755571 0.026176948307876452 0
    outer loop
      vertex 15.421120678714303 370.5243525866549 -6.666666666666657
      vertex 15.416666666666668 370.69444444444446 33.33333333333334
      vertex 15.421120678714303 370.5243525866549 33.33333333333334
    endloop
  endfacet
  facet normal 0.9914448613738176 0.13052619221999728 0
    outer loop
      vertex 15.456679559732468 370.1860324330637 -6.666666666666657
      vertex 15.43447050671978 370.3547269388246 33.33333333333334
      vertex 15.456679559732468 370.1860324330637 33.33333333333334
    endloop
  endfacet
  facet normal 0.9832549075639495 0.1822355254921747 0
    outer loop
      vertex 15.4876869642818 370.01873144928675 -6.666666666666657
      vertex 15.456679559732468 370.1860324330637 33.33333333333334
      vertex 15.4876869642818 370.01873144928675 33.33333333333334
    endloop
  endfacet
  facet normal 0.9996573249755574 -0.02617694830786771 0
    outer loop
      vertex 15.416666666666668 370.69444444444446 -6.666666666666657
      vertex 15.421120678714303 370.86453630223406 33.33333333333334
      vertex 15.416666666666668 370.69444444444446 33.33333333333334
    endloop
  endfacet
  facet normal 0.996917333733127 -0.07845909572785731 0
    outer loop
      vertex 15.421120678714303 370.86453630223406 -6.666666666666657
      vertex 15.43447050671978 371.03416195006434 33.33333333333334
      vertex 15.421120678714303 370.86453630223406 33.33333333333334
    endloop
  endfacet
  facet normal 0.9914448613738118 -0.1305261922200405 0
    outer loop
      vertex 15.43447050671978 371.03416195006434 -6.666666666666657
      vertex 15.456679559732468 371.2028564558252 33.33333333333334
      vertex 15.43447050671978 371.03416195006434 33.33333333333334
    endloop
  endfacet
  facet normal 0.9832549075639495 -0.1822355254921747 0
    outer loop
      vertex 15.456679559732468 371.2028564558252 -6.666666666666657
      vertex 15.4876869642818 371.37015743960217 33.33333333333334
      vertex 15.456679559732468 371.2028564558252 33.33333333333334
    endloop
  endfacet
  facet normal 0.9723699203976723 0.23344536385592315 0
    outer loop
      vertex 15.527407731227196 369.8532825478613 -6.666666666666657
      vertex 15.4876869642818 370.01873144928675 33.33333333333334
      vertex 15.527407731227196 369.8532825478613 33.33333333333334
    endloop
  endfacet
  facet normal 0.9588197348681877 0.2840153447039403 0
    outer loop
      vertex 15.575732988707419 369.6901392127259 -6.666666666666657
      vertex 15.527407731227196 369.8532825478613 33.33333333333334
      vertex 15.575732988707419 369.6901392127259 33.33333333333334
    endloop
  endfacet
  facet normal 0.9426414910921788 0.33380685923376974 0
    outer loop
      vertex 15.63253028055076 369.52974860842227 -6.666666666666657
      vertex 15.575732988707419 369.6901392127259 33.33333333333334
      vertex 15.63253028055076 369.52974860842227 33.33333333333334
    endloop
  endfacet
  facet normal 0.9723699203976904 -0.2334453638558473 0
    outer loop
      vertex 15.4876869642818 371.37015743960217 -6.666666666666657
      vertex 15.527407731227196 371.5356063410277 33.33333333333334
      vertex 15.4876869642818 371.37015743960217 33.33333333333334
    endloop
  endfacet
  facet normal 0.9588197348681877 -0.2840153447039403 0
    outer loop
      vertex 15.527407731227196 371.5356063410277 -6.666666666666657
      vertex 15.575732988707419 371.69874967616306 33.33333333333334
      vertex 15.527407731227196 371.5356063410277 33.33333333333334
    endloop
  endfacet
  facet normal 0.9426414910921788 -0.33380685923376974 0
    outer loop
      vertex 15.575732988707419 371.69874967616306 -6.666666666666657
      vertex 15.63253028055076 371.8591402804667 33.33333333333334
      vertex 15.575732988707419 371.69874967616306 33.33333333333334
    endloop
  endfacet
  facet normal 0.9238795325112742 -0.3826834323651202 0
    outer loop
      vertex 15.63253028055076 371.8591402804667 -6.666666666666657
      vertex 15.697643929328216 372.0163385344408 33.33333333333334
      vertex 15.63253028055076 371.8591402804667 33.33333333333334
    endloop
  endfacet
  facet normal 0 0 1
    outer loop
      vertex 6.666666666666667 357.44444444444446 33.33333333333334
      vertex 15.852084104367243 369.06944444444446 33.33333333333334
      vertex 15.770895463054472 369.21897532029095 33.33333333333334
    endloop
  endfacet
  facet normal 0 0 1
    outer loop
      vertex 6.666666666666667 357.44444444444446 33.33333333333334
      vertex 15.940987320844037 368.92436758064565 33.33333333333334
      vertex 15.852084104367243 369.06944444444446 33.33333333333334
    endloop
  endfacet
  facet normal 0 0 1
    outer loop
      vertex 6.666666666666667 357.44444444444446 33.33333333333334
      vertex 16.03736143494809 368.78414237449397 33.33333333333334
      vertex 15.940987320844037 368.92436758064565 33.33333333333334
    endloop
  endfacet
  facet normal 0 0 1
    outer loop
      vertex 6.666666666666667 357.44444444444446 33.33333333333334
      vertex 16.140942291931513 368.6491531735325 33.33333333333334
      vertex 16.03736143494809 368.78414237449397 33.33333333333334
    endloop
  endfacet
  facet normal 0 0 1
    outer loop
      vertex 6.666666666666667 357.44444444444446 33.33333333333334
      vertex 16.251445983865136 368.5197699737782 33.33333333333334
      vertex 16.140942291931513 368.6491531735325 33.33333333333334
    endloop
  endfacet
  facet normal 0 0 1
    outer loop
      vertex 6.666666666666667 357.44444444444446 33.33333333333334
      vertex 16.368569627810388 368.3963474055882 33.33333333333334
      vertex 16.251445983865136 368.5197699737782 33.33333333333334
    endloop
  endfacet
  facet normal 0 0 1
    outer loop
      vertex 6.666666666666667 357.44444444444446 33.33333333333334
      vertex 16.49199219600038 368.2792237616429 33.33333333333334
      vertex 16.368569627810388 368.3963474055882 33.33333333333334
    endloop
  endfacet
  facet normal 0 0 1
    outer loop
      vertex 6.666666666666667 357.44444444444446 33.33333333333334
      vertex 16.621375395754697 368.1687200697093 33.33333333333334
      vertex 16.49199219600038 368.2792237616429 33.33333333333334
    endloop
  endfacet
  facet normal 0 0 1
    outer loop
      vertex 6.666666666666667 357.44444444444446 33.33333333333334
      vertex 16.75636459671613 368.0651392127259 33.33333333333334
      vertex 16.621375395754697 368.1687200697093 33.33333333333334
    endloop
  endfacet
  facet normal 0 0 1
    outer loop
      vertex 6.666666666666667 357.44444444444446 33.33333333333334
      vertex 16.89658980286783 367.9687650986219 33.33333333333334
      vertex 16.75636459671613 368.0651392127259 33.33333333333334
    endloop
  endfacet
  facet normal 0 0 1
    outer loop
      vertex 6.666666666666667 357.44444444444446 33.33333333333334
      vertex 17.041666666666668 367.87986188214506 33.33333333333334
      vertex 16.89658980286783 367.9687650986219 33.33333333333334
    endloop
  endfacet
  facet normal 0 0 1
    outer loop
      vertex 6.666666666666667 357.44444444444446 33.33333333333334
      vertex 17.19119754251314 367.7986732408323 33.33333333333334
      vertex 17.041666666666668 367.87986188214506 33.33333333333334
    endloop
  endfacet
  facet normal 0 0 1
    outer loop
      vertex 6.666666666666667 357.44444444444446 33.33333333333334
      vertex 17.344772576670316 367.725421707106 33.33333333333334
      vertex 17.19119754251314 367.7986732408323 33.33333333333334
    endloop
  endfacet
  facet normal 0 0 1
    outer loop
      vertex 6.666666666666667 357.44444444444446 33.33333333333334
      vertex 17.501970830644442 367.66030805832855 33.33333333333334
      vertex 17.344772576670316 367.725421707106 33.33333333333334
    endloop
  endfacet
  facet normal 0 0 1
    outer loop
      vertex 6.666666666666667 357.44444444444446 33.33333333333334
      vertex 17.66236143494809 367.6035107664852 33.33333333333334
      vertex 17.501970830644442 367.66030805832855 33.33333333333334
    endloop
  endfacet
  facet normal 0 0 1
    outer loop
      vertex 6.666666666666667 357.44444444444446 33.33333333333334
      vertex 17.825504770083473 367.555185509005 33.33333333333334
      vertex 17.66236143494809 367.6035107664852 33.33333333333334
    endloop
  endfacet
  facet normal 0 0 1
    outer loop
      vertex 6.666666666666667 357.44444444444446 33.33333333333334
      vertex 17.99095367150895 367.51546474205963 33.33333333333334
      vertex 17.825504770083473 367.555185509005 33.33333333333334
    endloop
  endfacet
  facet normal 0 0 1
    outer loop
      vertex 6.666666666666667 377.44444444444446 33.33333333333334
      vertex 15.770895463054472 369.21897532029095 33.33333333333334
      vertex 15.697643929328216 369.37255035444815 33.33333333333334
    endloop
  endfacet
  facet normal 0 0 1
    outer loop
      vertex 6.666666666666667 377.44444444444446 33.33333333333334
      vertex 15.697643929328216 372.0163385344408 33.33333333333334
      vertex 15.770895463054472 372.169913568598 33.33333333333334
    endloop
  endfacet
  facet normal 0 0 1
    outer loop
      vertex 6.666666666666667 377.44444444444446 33.33333333333334
      vertex 15.770895463054472 372.169913568598 33.33333333333334
      vertex 15.852084104367243 372.31944444444446 33.33333333333334
    endloop
  endfacet
  facet normal 0 0 1
    outer loop
      vertex 6.666666666666667 377.44444444444446 33.33333333333334
      vertex 15.852084104367243 372.31944444444446 33.33333333333334
      vertex 15.940987320844037 372.4645213082433 33.33333333333334
    endloop
  endfacet
  facet normal 0 0 1
    outer loop
      vertex 6.666666666666667 377.44444444444446 33.33333333333334
      vertex 15.940987320844037 372.4645213082433 33.33333333333334
      vertex 16.03736143494809 372.604746514395 33.33333333333334
    endloop
  endfacet
  facet normal 0 0 1
    outer loop
      vertex 6.666666666666667 377.44444444444446 33.33333333333334
      vertex 16.03736143494809 372.604746514395 33.33333333333334
      vertex 16.140942291931513 372.73973571535646 33.33333333333334
    endloop
  endfacet
  facet normal 0 0 1
    outer loop
      vertex 6.666666666666667 377.44444444444446 33.33333333333334
      vertex 16.140942291931513 372.73973571535646 33.33333333333334
      vertex 16.251445983865136 372.8691189151108 33.33333333333334
    endloop
  endfacet
  facet normal 0 0 1
    outer loop
      vertex 6.666666666666667 377.44444444444446 33.33333333333334
      vertex 16.251445983865136 372.8691189151108 33.33333333333334
      vertex 16.368569627810388 372.9925414833008 33.33333333333334
    endloop
  endfacet
  facet normal 0 0 1
    outer loop
      vertex 6.666666666666667 377.44444444444446 33.33333333333334
      vertex 16.368569627810388 372.9925414833008 33.33333333333334
      vertex 16.49199219600038 373.109665127246 33.33333333333334
    endloop
  endfacet
  facet normal 0 0 1
    outer loop
      vertex 6.666666666666667 377.44444444444446 33.33333333333334
      vertex 16.49199219600038 373.109665127246 33.33333333333334
      vertex 16.621375395754697 373.22016881917966 33.33333333333334
    endloop
  endfacet
  facet normal 0 0 1
    outer loop
      vertex 6.666666666666667 377.44444444444446 33.33333333333334
      vertex 16.621375395754697 373.22016881917966 33.33333333333334
      vertex 16.75636459671613 373.32374967616306 33.33333333333334
    endloop
  endfacet
  facet normal 0 0 1
    outer loop
      vertex 6.666666666666667 377.44444444444446 33.33333333333334
      vertex 16.75636459671613 373.32374967616306 33.33333333333334
      vertex 16.89658980286783 373.4201237902671 33.33333333333334
    endloop
  endfacet
  facet normal 0 0 1
    outer loop
      vertex 6.666666666666667 377.44444444444446 33.33333333333334
      vertex 16.89658980286783 373.4201237902671 33.33333333333334
      vertex 17.041666666666668 373.5090270067439 33.33333333333334
    endloop
  endfacet
  facet normal 0 0 1
    outer loop
      vertex 6.666666666666667 377.44444444444446 33.33333333333334
      vertex 17.041666666666668 373.5090270067439 33.33333333333334
      vertex 17.19119754251314 373.5902156480567 33.33333333333334
    endloop
  endfacet
  facet normal 0 0 1
    outer loop
      vertex 6.666666666666667 377.44444444444446 33.33333333333334
      vertex 17.19119754251314 373.5902156480567 33.33333333333334
      vertex 17.344772576670316 373.66346718178295 33.33333333333334
    endloop
  endfacet
  facet normal 0 0 1
    outer loop
      vertex 6.666666666666667 377.44444444444446 33.33333333333334
      vertex 17.344772576670316 373.66346718178295 33.33333333333334
      vertex 17.501970830644442 373.72858083056036 33.33333333333334
    endloop
  endfacet
  facet normal 0 0 1
    outer loop
      vertex 6.666666666666667 377.44444444444446 33.33333333333334
      vertex 17.501970830644442 373.72858083056036 33.33333333333334
      vertex 17.66236143494809 373.7853781224037 33.33333333333334
    endloop
  endfacet
  facet normal 0 0 1
    outer loop
      vertex 6.666666666666667 377.44444444444446 33.33333333333334
      vertex 17.66236143494809 373.7853781224037 33.33333333333334
      vertex 17.825504770083473 373.83370337988396 33.33333333333334
    endloop
  endfacet
  facet normal 0 0 1
    outer loop
      vertex 6.666666666666667 377.44444444444446 33.33333333333334
      vertex 17.825504770083473 373.83370337988396 33.33333333333334
      vertex 17.99095367150895 373.87342414682934 33.33333333333334
    endloop
  endfacet
  facet normal 0 0 1
    outer loop
      vertex 6.666666666666667 357.44444444444446 33.33333333333334
      vertex 18.158254655285916 367.48445733751026 33.33333333333334
      vertex 17.99095367150895 367.51546474205963 33.33333333333334
    endloop
  endfacet
  facet normal 0 0 1
    outer loop
      vertex 6.666666666666667 357.44444444444446 33.33333333333334
      vertex 18.326949161046795 367.4622482844976 33.33333333333334
      vertex 18.158254655285916 367.48445733751026 33.33333333333334
    endloop
  endfacet
  facet normal 0 0 1
    outer loop
      vertex 6.666666666666667 357.44444444444446 33.33333333333334
      vertex 18.4965748088771 367.4488984564921 33.33333333333334
      vertex 18.326949161046795 367.4622482844976 33.33333333333334
    endloop
  endfacet
  facet normal 0 0 1
    outer loop
      vertex 6.666666666666667 357.44444444444446 33.33333333333334
      vertex 18.666666666666668 367.44444444444446 33.33333333333334
      vertex 18.4965748088771 367.4488984564921 33.33333333333334
    endloop
  endfacet
  facet normal 0 0 1
    outer loop
      vertex 6.666666666666667 377.44444444444446 33.33333333333334
      vertex 17.99095367150895 373.87342414682934 33.33333333333334
      vertex 18.158254655285916 373.90443155137865 33.33333333333334
    endloop
  endfacet
  facet normal 0 0 1
    outer loop
      vertex 6.666666666666667 377.44444444444446 33.33333333333334
      vertex 18.158254655285916 373.90443155137865 33.33333333333334
      vertex 18.326949161046795 373.92664060439137 33.33333333333334
    endloop
  endfacet
  facet normal 0 0 1
    outer loop
      vertex 6.666666666666667 377.44444444444446 33.33333333333334
      vertex 18.326949161046795 373.92664060439137 33.33333333333334
      vertex 18.4965748088771 373.9399904323968 33.33333333333334
    endloop
  endfacet
  facet normal 0 0 1
    outer loop
      vertex 6.666666666666667 377.44444444444446 33.33333333333334
      vertex 18.4965748088771 373.9399904323968 33.33333333333334
      vertex 18.666666666666668 373.94444444444446 33.33333333333334
    endloop
  endfacet
  facet normal 0 0 1
    outer loop
      vertex 6.666666666666667 377.44444444444446 33.33333333333334
      vertex 18.666666666666668 373.94444444444446 33.33333333333334
      vertex 18.836758524456233 373.9399904323968 33.33333333333334
    endloop
  endfacet
  facet normal 0 0 1
    outer loop
      vertex 6.666666666666667 377.44444444444446 33.33333333333334
      vertex 18.836758524456233 373.9399904323968 33.33333333333334
      vertex 19.00638417228654 373.92664060439137 33.33333333333334
    endloop
  endfacet
  facet normal 0 0 1
    outer loop
      vertex 6.666666666666667 377.44444444444446 33.33333333333334
      vertex 19.00638417228654 373.92664060439137 33.33333333333334
      vertex 19.175078678047417 373.90443155137865 33.33333333333334
    endloop
  endfacet
  facet normal 0 0 1
    outer loop
      vertex 6.666666666666667 377.44444444444446 33.33333333333334
      vertex 19.175078678047417 373.90443155137865 33.33333333333334
      vertex 19.342379661824385 373.87342414682934 33.33333333333334
    endloop
  endfacet
  facet normal 0 0 1
    outer loop
      vertex 6.666666666666667 377.44444444444446 33.33333333333334
      vertex 19.342379661824385 373.87342414682934 33.33333333333334
      vertex 19.50782856324986 373.83370337988396 33.33333333333334
    endloop
  endfacet
  facet normal 0.996917333733127 0.07845909572785731 0
    outer loop
      vertex 15.43447050671978 390.43806027215794 -6.666666666666657
      vertex 15.421120678714303 390.6076859199882 33.33333333333334
      vertex 15.43447050671978 390.43806027215794 33.33333333333334
    endloop
  endfacet
  facet normal 0.9996573249755574 0.02617694830786771 0
    outer loop
      vertex 15.421120678714303 390.6076859199882 -6.666666666666657
      vertex 15.416666666666668 390.7777777777778 33.33333333333334
      vertex 15.421120678714303 390.6076859199882 33.33333333333334
    endloop
  endfacet
  facet normal 0.9914448613738118 0.1305261922200405 0
    outer loop
      vertex 15.456679559732468 390.2693657663971 -6.666666666666657
      vertex 15.43447050671978 390.43806027215794 33.33333333333334
      vertex 15.456679559732468 390.2693657663971 33.33333333333334
    endloop
  endfacet
  facet normal 0.9832549075639495 0.1822355254921747 0
    outer loop
      vertex 15.4876869642818 390.1020647826201 -6.666666666666657
      vertex 15.456679559732468 390.2693657663971 33.33333333333334
      vertex 15.4876869642818 390.1020647826201 33.33333333333334
    endloop
  endfacet
  facet normal 0.9723699203976904 0.2334453638558473 0
    outer loop
      vertex 15.527407731227196 389.9366158811946 -6.666666666666657
      vertex 15.4876869642818 390.1020647826201 33.33333333333334
      vertex 15.527407731227196 389.9366158811946 33.33333333333334
    endloop
  endfacet
  facet normal 0.9588197348681877 0.2840153447039403 0
    outer loop
      vertex 15.575732988707419 389.7734725460592 -6.666666666666657
      vertex 15.527407731227196 389.9366158811946 33.33333333333334
      vertex 15.575732988707419 389.7734725460592 33.33333333333334
    endloop
  endfacet
  facet normal 0.9426414910921788 0.33380685923376974 0
    outer loop
      vertex 15.63253028055076 389.6130819417556 -6.666666666666657
      vertex 15.575732988707419 389.7734725460592 33.33333333333334
      vertex 15.63253028055076 389.6130819417556 33.33333333333334
    endloop
  endfacet
  facet normal 0.9996573249755571 -0.026176948307876452 0
    outer loop
      vertex 15.416666666666668 390.7777777777778 -6.666666666666657
      vertex 15.421120678714303 390.9478696355674 33.33333333333334
      vertex 15.416666666666668 390.7777777777778 33.33333333333334
    endloop
  endfacet
  facet normal 0.996917333733127 -0.07845909572785731 0
    outer loop
      vertex 15.421120678714303 390.9478696355674 -6.666666666666657
      vertex 15.43447050671978 391.11749528339766 33.33333333333334
      vertex 15.421120678714303 390.9478696355674 33.33333333333334
    endloop
  endfacet
  facet normal 0.9914448613738176 -0.13052619221999728 0
    outer loop
      vertex 15.43447050671978 391.11749528339766 -6.666666666666657
      vertex 15.456679559732468 391.2861897891586 33.33333333333334
      vertex 15.43447050671978 391.11749528339766 33.33333333333334
    endloop
  endfacet
  facet normal 0.9832549075639495 -0.1822355254921747 0
    outer loop
      vertex 15.456679559732468 391.2861897891586 -6.666666666666657
      vertex 15.4876869642818 391.45349077293554 33.33333333333334
      vertex 15.456679559732468 391.2861897891586 33.33333333333334
    endloop
  endfacet
  facet normal 0.9723699203976723 -0.23344536385592315 0
    outer loop
      vertex 15.4876869642818 391.45349077293554 -6.666666666666657
      vertex 15.527407731227196 391.618939674361 33.33333333333334
      vertex 15.4876869642818 391.45349077293554 33.33333333333334
    endloop
  endfacet
  facet normal 0.9588197348681877 -0.2840153447039403 0
    outer loop
      vertex 15.527407731227196 391.618939674361 -6.666666666666657
      vertex 15.575732988707419 391.7820830094964 33.33333333333334
      vertex 15.527407731227196 391.618939674361 33.33333333333334
    endloop
  endfacet
  facet normal 0.9426414910921788 -0.33380685923376974 0
    outer loop
      vertex 15.575732988707419 391.7820830094964 -6.666666666666657
      vertex 15.63253028055076 391.9424736138 33.33333333333334
      vertex 15.575732988707419 391.7820830094964 33.33333333333334
    endloop
  endfacet
  facet normal 0.9238795325112742 -0.3826834323651202 0
    outer loop
      vertex 15.63253028055076 391.9424736138 -6.666666666666657
      vertex 15.697643929328216 392.09967186777413 33.33333333333334
      vertex 15.63253028055076 391.9424736138 33.33333333333334
    endloop
  endfacet
  facet normal 0 0 1
    outer loop
      vertex 6.666666666666667 377.44444444444446 33.33333333333334
      vertex 15.940987320844037 389.00770091397897 33.33333333333334
      vertex 15.852084104367243 389.1527777777778 33.33333333333334
    endloop
  endfacet
  facet normal 0 0 1
    outer loop
      vertex 6.666666666666667 377.44444444444446 33.33333333333334
      vertex 16.03736143494809 388.8674757078273 33.33333333333334
      vertex 15.940987320844037 389.00770091397897 33.33333333333334
    endloop
  endfacet
  facet normal 0 0 1
    outer loop
      vertex 6.666666666666667 377.44444444444446 33.33333333333334
      vertex 16.140942291931513 388.7324865068658 33.33333333333334
      vertex 16.03736143494809 388.8674757078273 33.33333333333334
    endloop
  endfacet
  facet normal 0 0 1
    outer loop
      vertex 6.666666666666667 377.44444444444446 33.33333333333334
      vertex 16.251445983865136 388.6031033071115 33.33333333333334
      vertex 16.140942291931513 388.7324865068658 33.33333333333334
    endloop
  endfacet
  facet normal 0 0 1
    outer loop
      vertex 6.666666666666667 377.44444444444446 33.33333333333334
      vertex 16.368569627810388 388.4796807389215 33.33333333333334
      vertex 16.251445983865136 388.6031033071115 33.33333333333334
    endloop
  endfacet
  facet normal 0 0 1
    outer loop
      vertex 6.666666666666667 377.44444444444446 33.33333333333334
      vertex 16.49199219600038 388.3625570949763 33.33333333333334
      vertex 16.368569627810388 388.4796807389215 33.33333333333334
    endloop
  endfacet
  facet normal 0 0 1
    outer loop
      vertex 6.666666666666667 377.44444444444446 33.33333333333334
      vertex 16.621375395754697 388.2520534030427 33.33333333333334
      vertex 16.49199219600038 388.3625570949763 33.33333333333334
    endloop
  endfacet
  facet normal 0 0 1
    outer loop
      vertex 6.666666666666667 377.44444444444446 33.33333333333334
      vertex 16.75636459671613 388.1484725460592 33.33333333333334
      vertex 16.621375395754697 388.2520534030427 33.33333333333334
    endloop
  endfacet
  facet normal 0 0 1
    outer loop
      vertex 6.666666666666667 377.44444444444446 33.33333333333334
      vertex 15.770895463054472 389.30230865362427 33.33333333333334
      vertex 15.697643929328216 389.45588368778147 33.33333333333334
    endloop
  endfacet
  facet normal 0 0 1
    outer loop
      vertex 6.666666666666667 377.44444444444446 33.33333333333334
      vertex 15.852084104367243 389.1527777777778 33.33333333333334
      vertex 15.770895463054472 389.30230865362427 33.33333333333334
    endloop
  endfacet
  facet normal 0 0 1
    outer loop
      vertex 6.666666666666667 377.44444444444446 33.33333333333334
      vertex 16.89658980286783 388.0520984319552 33.33333333333334
      vertex 16.75636459671613 388.1484725460592 33.33333333333334
    endloop
  endfacet
  facet normal 0 0 1
    outer loop
      vertex 6.666666666666667 377.44444444444446 33.33333333333334
      vertex 17.041666666666668 387.9631952154784 33.33333333333334
      vertex 16.89658980286783 388.0520984319552 33.33333333333334
    endloop
  endfacet
  facet normal 0 0 1
    outer loop
      vertex 6.666666666666667 377.44444444444446 33.33333333333334
      vertex 17.19119754251314 387.88200657416564 33.33333333333334
      vertex 17.041666666666668 387.9631952154784 33.33333333333334
    endloop
  endfacet
  facet normal 0 0 1
    outer loop
      vertex 6.666666666666667 377.44444444444446 33.33333333333334
      vertex 17.344772576670316 387.80875504043934 33.33333333333334
      vertex 17.19119754251314 387.88200657416564 33.33333333333334
    endloop
  endfacet
  facet normal 0 0 1
    outer loop
      vertex 6.666666666666667 377.44444444444446 33.33333333333334
      vertex 17.501970830644442 387.7436413916619 33.33333333333334
      vertex 17.344772576670316 387.80875504043934 33.33333333333334
    endloop
  endfacet
  facet normal 0 0 1
    outer loop
      vertex 6.666666666666667 377.44444444444446 33.33333333333334
      vertex 17.66236143494809 387.6868440998186 33.33333333333334
      vertex 17.501970830644442 387.7436413916619 33.33333333333334
    endloop
  endfacet
  facet normal 0 0 1
    outer loop
      vertex 6.666666666666667 377.44444444444446 33.33333333333334
      vertex 17.825504770083473 387.6385188423383 33.33333333333334
      vertex 17.66236143494809 387.6868440998186 33.33333333333334
    endloop
  endfacet
  facet normal 0 0 1
    outer loop
      vertex 6.666666666666667 377.44444444444446 33.33333333333334
      vertex 17.99095367150895 387.59879807539295 33.33333333333334
      vertex 17.825504770083473 387.6385188423383 33.33333333333334
    endloop
  endfacet
  facet normal 0 0 1
    outer loop
      vertex 6.666666666666667 403.61111111111114 33.33333333333334
      vertex 15.697643929328216 392.09967186777413 33.33333333333334
      vertex 15.770895463054472 392.25324690193133 33.33333333333334
    endloop
  endfacet
  facet normal 0 0 1
    outer loop
      vertex 6.666666666666667 403.61111111111114 33.33333333333334
      vertex 15.770895463054472 392.25324690193133 33.33333333333334
      vertex 15.852084104367243 392.4027777777778 33.33333333333334
    endloop
  endfacet
  facet normal 0 0 1
    outer loop
      vertex 6.666666666666667 403.61111111111114 33.33333333333334
      vertex 15.852084104367243 392.4027777777778 33.33333333333334
      vertex 15.940987320844037 392.54785464157663 33.33333333333334
    endloop
  endfacet
  facet normal 0 0 1
    outer loop
      vertex 6.666666666666667 403.61111111111114 33.33333333333334
      vertex 15.940987320844037 392.54785464157663 33.33333333333334
      vertex 16.03736143494809 392.6880798477284 33.33333333333334
    endloop
  endfacet
  facet normal 0 0 1
    outer loop
      vertex 6.666666666666667 403.61111111111114 33.33333333333334
      vertex 16.03736143494809 392.6880798477284 33.33333333333334
      vertex 16.140942291931513 392.8230690486898 33.33333333333334
    endloop
  endfacet
  facet normal 0 0 1
    outer loop
      vertex 6.666666666666667 403.61111111111114 33.33333333333334
      vertex 16.140942291931513 392.8230690486898 33.33333333333334
      vertex 16.251445983865136 392.9524522484441 33.33333333333334
    endloop
  endfacet
  facet normal 0 0 1
    outer loop
      vertex 6.666666666666667 403.61111111111114 33.33333333333334
      vertex 16.251445983865136 392.9524522484441 33.33333333333334
      vertex 16.368569627810388 393.0758748166341 33.33333333333334
    endloop
  endfacet
  facet normal 0 0 1
    outer loop
      vertex 6.666666666666667 403.61111111111114 33.33333333333334
      vertex 16.368569627810388 393.0758748166341 33.33333333333334
      vertex 16.49199219600038 393.19299846057936 33.33333333333334
    endloop
  endfacet
  facet normal 0 0 1
    outer loop
      vertex 6.666666666666667 403.61111111111114 33.33333333333334
      vertex 16.49199219600038 393.19299846057936 33.33333333333334
      vertex 16.621375395754697 393.303502152513 33.33333333333334
    endloop
  endfacet
  facet normal 0 0 1
    outer loop
      vertex 6.666666666666667 403.61111111111114 33.33333333333334
      vertex 16.621375395754697 393.303502152513 33.33333333333334
      vertex 16.75636459671613 393.4070830094964 33.33333333333334
    endloop
  endfacet
  facet normal 0 0 1
    outer loop
      vertex 6.666666666666667 403.61111111111114 33.33333333333334
      vertex 16.75636459671613 393.4070830094964 33.33333333333334
      vertex 16.89658980286783 393.5034571236004 33.33333333333334
    endloop
  endfacet
  facet normal 0 0 1
    outer loop
      vertex 6.666666666666667 403.61111111111114 33.33333333333334
      vertex 16.89658980286783 393.5034571236004 33.33333333333334
      vertex 17.041666666666668 393.5923603400772 33.33333333333334
    endloop
  endfacet
  facet normal 0 0 1
    outer loop
      vertex 6.666666666666667 403.61111111111114 33.33333333333334
      vertex 17.041666666666668 393.5923603400772 33.33333333333334
      vertex 17.19119754251314 393.67354898139 33.33333333333334
    endloop
  endfacet
  facet normal 0 0 1
    outer loop
      vertex 6.666666666666667 403.61111111111114 33.33333333333334
      vertex 17.19119754251314 393.67354898139 33.33333333333334
      vertex 17.344772576670316 393.74680051511626 33.33333333333334
    endloop
  endfacet
  facet normal 0 0 1
    outer loop
      vertex 6.666666666666667 403.61111111111114 33.33333333333334
      vertex 17.344772576670316 393.74680051511626 33.33333333333334
      vertex 17.501970830644442 393.81191416389373 33.33333333333334
    endloop
  endfacet
  facet normal 0 0 1
    outer loop
      vertex 6.666666666666667 403.61111111111114 33.33333333333334
      vertex 17.501970830644442 393.81191416389373 33.33333333333334
      vertex 17.66236143494809 393.86871145573707 33.33333333333334
    endloop
  endfacet
  facet normal 0 0 1
    outer loop
      vertex 6.666666666666667 403.61111111111114 33.33333333333334
      vertex 17.66236143494809 393.86871145573707 33.33333333333334
      vertex 17.825504770083473 393.91703671321727 33.33333333333334
    endloop
  endfacet
  facet normal 0 0 1
    outer loop
      vertex 6.666666666666667 403.61111111111114 33.33333333333334
      vertex 17.825504770083473 393.91703671321727 33.33333333333334
      vertex 17.99095367150895 393.95675748016265 33.33333333333334
    endloop
  endfacet
  facet normal 0 0 1
    outer loop
      vertex 6.666666666666667 377.44444444444446 33.33333333333334
      vertex 18.158254655285916 387.56779067084364 33.33333333333334
      vertex 17.99095367150895 387.59879807539295 33.33333333333334
    endloop
  endfacet
  facet normal 0 0 1
    outer loop
      vertex 6.666666666666667 377.44444444444446 33.33333333333334
      vertex 18.326949161046795 387.5455816178309 33.33333333333334
      vertex 18.158254655285916 387.56779067084364 33.33333333333334
    endloop
  endfacet
  facet normal 0 0 1
    outer loop
      vertex 6.666666666666667 377.44444444444446 33.33333333333334
      vertex 18.4965748088771 387.53223178982546 33.33333333333334
      vertex 18.326949161046795 387.5455816178309 33.33333333333334
    endloop
  endfacet
  facet normal 0 0 1
    outer loop
      vertex 6.666666666666667 377.44444444444446 33.33333333333334
      vertex 18.666666666666668 387.5277777777778 33.33333333333334
      vertex 18.4965748088771 387.53223178982546 33.33333333333334
    endloop
  endfacet
  facet normal 0 0 1
    outer loop
      vertex 6.666666666666667 377.44444444444446 33.33333333333334
      vertex 18.836758524456233 387.53223178982546 33.33333333333334
      vertex 18.666666666666668 387.5277777777778 33.33333333333334
    endloop
  endfacet
  facet normal 0 0 1
    outer loop
      vertex 6.666666666666667 377.44444444444446 33.33333333333334
      vertex 19.00638417228654 387.5455816178309 33.33333333333334
      vertex 18.836758524456233 387.53223178982546 33.33333333333334
    endloop
  endfacet
  facet normal 0 0 1
    outer loop
      vertex 6.666666666666667 377.44444444444446 33.33333333333334
      vertex 19.175078678047417 387.56779067084364 33.33333333333334
      vertex 19.00638417228654 387.5455816178309 33.33333333333334
    endloop
  endfacet
  facet normal 0 0 1
    outer loop
      vertex 6.666666666666667 377.44444444444446 33.33333333333334
      vertex 19.342379661824385 387.59879807539295 33.33333333333334
      vertex 19.175078678047417 387.56779067084364 33.33333333333334
    endloop
  endfacet
  facet normal 0 0 1
    outer loop
      vertex 6.666666666666667 377.44444444444446 33.33333333333334
      vertex 19.50782856324986 387.6385188423383 33.33333333333334
      vertex 19.342379661824385 387.59879807539295 33.33333333333334
    endloop
  endfacet
  facet normal 0 0 1
    outer loop
      vertex 6.666666666666667 377.44444444444446 33.33333333333334
      vertex 19.670971898385247 387.6868440998186 33.33333333333334
      vertex 19.50782856324986 387.6385188423383 33.33333333333334
    endloop
  endfacet
  facet normal 0 0 1
    outer loop
      vertex 6.666666666666667 377.44444444444446 33.33333333333334
      vertex 19.831362502688894 387.7436413916619 33.33333333333334
      vertex 19.670971898385247 387.6868440998186 33.33333333333334
    endloop
  endfacet
  facet normal 0 0 1
    outer loop
      vertex 6.666666666666667 403.61111111111114 33.33333333333334
      vertex 17.99095367150895 393.95675748016265 33.33333333333334
      vertex 18.158254655285916 393.987764884712 33.33333333333334
    endloop
  endfacet
  facet normal 0 0 1
    outer loop
      vertex 6.666666666666667 403.61111111111114 33.33333333333334
      vertex 18.158254655285916 393.987764884712 33.33333333333334
      vertex 18.326949161046795 394.0099739377247 33.33333333333334
    endloop
  endfacet
  facet normal 0 0 1
    outer loop
      vertex 6.666666666666667 403.61111111111114 33.33333333333334
      vertex 18.326949161046795 394.0099739377247 33.33333333333334
      vertex 18.4965748088771 394.0233237657302 33.33333333333334
    endloop
  endfacet
  facet normal 0 0 1
    outer loop
      vertex 6.666666666666667 403.61111111111114 33.33333333333334
      vertex 19.50782856324986 393.91703671321727 33.33333333333334
      vertex 16.666666666666668 403.61111111111114 33.33333333333334
    endloop
  endfacet
  facet normal 0 0 1
    outer loop
      vertex 6.666666666666667 403.61111111111114 33.33333333333334
      vertex 18.4965748088771 394.0233237657302 33.33333333333334
      vertex 18.666666666666668 394.0277777777778 33.33333333333334
    endloop
  endfacet
  facet normal 0 0 1
    outer loop
      vertex 6.666666666666667 403.61111111111114 33.33333333333334
      vertex 18.666666666666668 394.0277777777778 33.33333333333334
      vertex 18.836758524456233 394.0233237657302 33.33333333333334
    endloop
  endfacet
  facet normal 0 0 1
    outer loop
      vertex 6.666666666666667 403.61111111111114 33.33333333333334
      vertex 18.836758524456233 394.0233237657302 33.33333333333334
      vertex 19.00638417228654 394.0099739377247 33.33333333333334
    endloop
  endfacet
  facet normal 0 0 1
    outer loop
      vertex 6.666666666666667 403.61111111111114 33.33333333333334
      vertex 19.00638417228654 394.0099739377247 33.33333333333334
      vertex 19.175078678047417 393.987764884712 33.33333333333334
    endloop
  endfacet
  facet normal 0 0 1
    outer loop
      vertex 6.666666666666667 403.61111111111114 33.33333333333334
      vertex 19.175078678047417 393.987764884712 33.33333333333334
      vertex 19.342379661824385 393.95675748016265 33.33333333333334
    endloop
  endfacet
  facet normal 0 0 1
    outer loop
      vertex 6.666666666666667 403.61111111111114 33.33333333333334
      vertex 19.342379661824385 393.95675748016265 33.33333333333334
      vertex 19.50782856324986 393.91703671321727 33.33333333333334
    endloop
  endfacet
  facet normal 0.7253743710122981 0.6883545756937429 0
    outer loop
      vertex 16.368569627810388 368.3963474055882 -6.666666666666657
      vertex 16.251445983865136 368.5197699737782 33.33333333333334
      vertex 16.368569627810388 368.3963474055882 33.33333333333334
    endloop
  endfacet
  facet normal 0.6883545756937863 0.7253743710122569 0
    outer loop
      vertex 16.368569627810388 368.3963474055882 -6.666666666666657
      vertex 16.368569627810388 368.3963474055882 33.33333333333334
      vertex 16.49199219600038 368.2792237616429 33.33333333333334
    endloop
  endfacet
  facet normal 0.6494480483301519 0.7604059656000581 0
    outer loop
      vertex 16.49199219600038 368.2792237616429 -6.666666666666657
      vertex 16.49199219600038 368.2792237616429 33.33333333333334
      vertex 16.621375395754697 368.1687200697093 33.33333333333334
    endloop
  endfacet
  facet normal 0.608761429008636 0.7933533402913002 0
    outer loop
      vertex 16.621375395754697 368.1687200697093 -6.666666666666657
      vertex 16.621375395754697 368.1687200697093 33.33333333333334
      vertex 16.75636459671613 368.0651392127259 33.33333333333334
    endloop
  endfacet
  facet normal 0.5664062369247822 0.8241261886220503 0
    outer loop
      vertex 16.75636459671613 368.0651392127259 -6.666666666666657
      vertex 16.75636459671613 368.0651392127259 33.33333333333334
      vertex 16.89658980286783 367.9687650986219 33.33333333333334
    endloop
  endfacet
  facet normal 0.5224985647159941 0.8526401643540645 0
    outer loop
      vertex 16.89658980286783 367.9687650986219 -6.666666666666657
      vertex 16.89658980286783 367.9687650986219 33.33333333333334
      vertex 17.041666666666668 367.87986188214506 33.33333333333334
    endloop
  endfacet
  facet normal 0.47715876025970927 0.8788171126619106 0
    outer loop
      vertex 17.041666666666668 367.87986188214506 -6.666666666666657
      vertex 17.041666666666668 367.87986188214506 33.33333333333334
      vertex 17.19119754251314 367.7986732408323 33.33333333333334
    endloop
  endfacet
  facet normal 0.9238795325112742 0.3826834323651202 0
    outer loop
      vertex 15.697643929328216 369.37255035444815 -6.666666666666657
      vertex 15.63253028055076 369.52974860842227 33.33333333333334
      vertex 15.697643929328216 369.37255035444815 33.33333333333334
    endloop
  endfacet
  facet normal 0.9025852843498869 0.4305110968082397 0
    outer loop
      vertex 15.770895463054472 369.21897532029095 -6.666666666666657
      vertex 15.697643929328216 369.37255035444815 33.33333333333334
      vertex 15.770895463054472 369.21897532029095 33.33333333333334
    endloop
  endfacet
  facet normal 0.8788171126619917 0.47715876025956 0
    outer loop
      vertex 15.852084104367243 369.06944444444446 -6.666666666666657
      vertex 15.770895463054472 369.21897532029095 33.33333333333334
      vertex 15.852084104367243 369.06944444444446 33.33333333333334
    endloop
  endfacet
  facet normal 0.8526401643540504 0.5224985647160171 0
    outer loop
      vertex 15.940987320844037 368.92436758064565 -6.666666666666657
      vertex 15.852084104367243 369.06944444444446 33.33333333333334
      vertex 15.940987320844037 368.92436758064565 33.33333333333334
    endloop
  endfacet
  facet normal 0.824126188621978 0.5664062369248877 0
    outer loop
      vertex 16.03736143494809 368.78414237449397 -6.666666666666657
      vertex 15.940987320844037 368.92436758064565 33.33333333333334
      vertex 16.03736143494809 368.78414237449397 33.33333333333334
    endloop
  endfacet
  facet normal 0.9025852843498869 -0.4305110968082397 0
    outer loop
      vertex 15.697643929328216 372.0163385344408 -6.666666666666657
      vertex 15.770895463054472 372.169913568598 33.33333333333334
      vertex 15.697643929328216 372.0163385344408 33.33333333333334
    endloop
  endfacet
  facet normal 0.8788171126619155 -0.47715876025970005 0
    outer loop
      vertex 15.770895463054472 372.169913568598 -6.666666666666657
      vertex 15.852084104367243 372.31944444444446 33.33333333333334
      vertex 15.770895463054472 372.169913568598 33.33333333333334
    endloop
  endfacet
  facet normal 0.8526401643541417 -0.5224985647158683 0
    outer loop
      vertex 15.852084104367243 372.31944444444446 -6.666666666666657
      vertex 15.940987320844037 372.4645213082433 33.33333333333334
      vertex 15.852084104367243 372.31944444444446 33.33333333333334
    endloop
  endfacet
  facet normal 0.824126188621978 -0.5664062369248877 0
    outer loop
      vertex 15.940987320844037 372.4645213082433 -6.666666666666657
      vertex 16.03736143494809 372.604746514395 33.33333333333334
      vertex 15.940987320844037 372.4645213082433 33.33333333333334
    endloop
  endfacet
  facet normal 0.7933533402912838 0.6087614290086573 0
    outer loop
      vertex 16.140942291931513 368.6491531735325 -6.666666666666657
      vertex 16.03736143494809 368.78414237449397 33.33333333333334
      vertex 16.140942291931513 368.6491531735325 33.33333333333334
    endloop
  endfacet
  facet normal 0.7604059656000639 0.649448048330145 0
    outer loop
      vertex 16.251445983865136 368.5197699737782 -6.666666666666657
      vertex 16.140942291931513 368.6491531735325 33.33333333333334
      vertex 16.251445983865136 368.5197699737782 33.33333333333334
    endloop
  endfacet
  facet normal 0.7933533402912838 -0.6087614290086573 0
    outer loop
      vertex 16.03736143494809 372.604746514395 -6.666666666666657
      vertex 16.140942291931513 372.73973571535646 33.33333333333334
      vertex 16.03736143494809 372.604746514395 33.33333333333334
    endloop
  endfacet
  facet normal 0.7604059656000639 -0.649448048330145 0
    outer loop
      vertex 16.140942291931513 372.73973571535646 -6.666666666666657
      vertex 16.251445983865136 372.8691189151108 33.33333333333334
      vertex 16.140942291931513 372.73973571535646 33.33333333333334
    endloop
  endfacet
  facet normal 0.7253743710122981 -0.6883545756937429 0
    outer loop
      vertex 16.251445983865136 372.8691189151108 -6.666666666666657
      vertex 16.368569627810388 372.9925414833008 33.33333333333334
      vertex 16.251445983865136 372.8691189151108 33.33333333333334
    endloop
  endfacet
  facet normal 0.6883545756936106 -0.7253743710124236 0
    outer loop
      vertex 16.49199219600038 373.109665127246 -6.666666666666657
      vertex 16.49199219600038 373.109665127246 33.33333333333334
      vertex 16.368569627810388 372.9925414833008 33.33333333333334
    endloop
  endfacet
  facet normal 0.649448048330345 -0.7604059655998932 0
    outer loop
      vertex 16.621375395754697 373.22016881917966 -6.666666666666657
      vertex 16.621375395754697 373.22016881917966 33.33333333333334
      vertex 16.49199219600038 373.109665127246 33.33333333333334
    endloop
  endfacet
  facet normal 0.608761429008636 -0.7933533402913002 0
    outer loop
      vertex 16.75636459671613 373.32374967616306 -6.666666666666657
      vertex 16.75636459671613 373.32374967616306 33.33333333333334
      vertex 16.621375395754697 373.22016881917966 33.33333333333334
    endloop
  endfacet
  facet normal 0.5664062369247822 -0.8241261886220503 0
    outer loop
      vertex 16.89658980286783 373.4201237902671 -6.666666666666657
      vertex 16.89658980286783 373.4201237902671 33.33333333333334
      vertex 16.75636459671613 373.32374967616306 33.33333333333334
    endloop
  endfacet
  facet normal 0.5224985647159941 -0.8526401643540645 0
    outer loop
      vertex 17.041666666666668 373.5090270067439 -6.666666666666657
      vertex 17.041666666666668 373.5090270067439 33.33333333333334
      vertex 16.89658980286783 373.4201237902671 33.33333333333334
    endloop
  endfacet
  facet normal 0.47715876025970927 -0.8788171126619106 0
    outer loop
      vertex 17.19119754251314 373.5902156480567 -6.666666666666657
      vertex 17.19119754251314 373.5902156480567 33.33333333333334
      vertex 17.041666666666668 373.5090270067439 33.33333333333334
    endloop
  endfacet
  facet normal 0.4305110968082625 0.9025852843498762 0
    outer loop
      vertex 17.19119754251314 367.7986732408323 -6.666666666666657
      vertex 17.19119754251314 367.7986732408323 33.33333333333334
      vertex 17.344772576670316 367.725421707106 33.33333333333334
    endloop
  endfacet
  facet normal 0.38268343236516933 0.9238795325112538 0
    outer loop
      vertex 17.344772576670316 367.725421707106 -6.666666666666657
      vertex 17.344772576670316 367.725421707106 33.33333333333334
      vertex 17.501970830644442 367.66030805832855 33.33333333333334
    endloop
  endfacet
  facet normal 0.33380685923374465 0.9426414910921878 0
    outer loop
      vertex 17.501970830644442 367.66030805832855 -6.666666666666657
      vertex 17.501970830644442 367.66030805832855 33.33333333333334
      vertex 17.66236143494809 367.6035107664852 33.33333333333334
    endloop
  endfacet
  facet normal 0.2840153447038081 0.9588197348682269 0
    outer loop
      vertex 17.66236143494809 367.6035107664852 -6.666666666666657
      vertex 17.66236143494809 367.6035107664852 33.33333333333334
      vertex 17.825504770083473 367.555185509005 33.33333333333334
    endloop
  endfacet
  facet normal 0.23344536385580547 0.9723699203977005 0
    outer loop
      vertex 17.825504770083473 367.555185509005 -6.666666666666657
      vertex 17.825504770083473 367.555185509005 33.33333333333334
      vertex 17.99095367150895 367.51546474205963 33.33333333333334
    endloop
  endfacet
  facet normal 0.1822355254923855 0.9832549075639104 0
    outer loop
      vertex 17.99095367150895 367.51546474205963 -6.666666666666657
      vertex 17.99095367150895 367.51546474205963 33.33333333333334
      vertex 18.158254655285916 367.48445733751026 33.33333333333334
    endloop
  endfacet
  facet normal 0.13052619221986822 0.9914448613738345 0
    outer loop
      vertex 18.158254655285916 367.48445733751026 -6.666666666666657
      vertex 18.158254655285916 367.48445733751026 33.33333333333334
      vertex 18.326949161046795 367.4622482844976 33.33333333333334
    endloop
  endfacet
  facet normal 0.07845909572807741 0.9969173337331098 0
    outer loop
      vertex 18.326949161046795 367.4622482844976 -6.666666666666657
      vertex 18.326949161046795 367.4622482844976 33.33333333333334
      vertex 18.4965748088771 367.4488984564921 33.33333333333334
    endloop
  endfacet
  facet normal 0.026176948307851763 0.9996573249755578 0
    outer loop
      vertex 18.4965748088771 367.4488984564921 -6.666666666666657
      vertex 18.4965748088771 367.4488984564921 33.33333333333334
      vertex 18.666666666666668 367.44444444444446 33.33333333333334
    endloop
  endfacet
  facet normal 0.4305110968082625 -0.9025852843498762 0
    outer loop
      vertex 17.344772576670316 373.66346718178295 -6.666666666666657
      vertex 17.344772576670316 373.66346718178295 33.33333333333334
      vertex 17.19119754251314 373.5902156480567 33.33333333333334
    endloop
  endfacet
  facet normal 0.38268343236488417 -0.9238795325113719 0
    outer loop
      vertex 17.501970830644442 373.72858083056036 -6.666666666666657
      vertex 17.501970830644442 373.72858083056036 33.33333333333334
      vertex 17.344772576670316 373.66346718178295 33.33333333333334
    endloop
  endfacet
  facet normal 0.33380685923374465 -0.9426414910921878 0
    outer loop
      vertex 17.66236143494809 373.7853781224037 -6.666666666666657
      vertex 17.66236143494809 373.7853781224037 33.33333333333334
      vertex 17.501970830644442 373.72858083056036 33.33333333333334
    endloop
  endfacet
  facet normal 0.2840153447041152 -0.958819734868136 0
    outer loop
      vertex 17.825504770083473 373.83370337988396 -6.666666666666657
      vertex 17.825504770083473 373.83370337988396 33.33333333333334
      vertex 17.66236143494809 373.7853781224037 33.33333333333334
    endloop
  endfacet
  facet normal 0.23344536385580547 -0.9723699203977005 0
    outer loop
      vertex 17.99095367150895 373.87342414682934 -6.666666666666657
      vertex 17.99095367150895 373.87342414682934 33.33333333333334
      vertex 17.825504770083473 373.83370337988396 33.33333333333334
    endloop
  endfacet
  facet normal 0.18223552549206254 -0.9832549075639704 0
    outer loop
      vertex 18.158254655285916 373.90443155137865 -6.666666666666657
      vertex 18.158254655285916 373.90443155137865 33.33333333333334
      vertex 17.99095367150895 373.87342414682934 33.33333333333334
    endloop
  endfacet
  facet normal 0.1305261922201966 -0.9914448613737913 0
    outer loop
      vertex 18.326949161046795 373.92664060439137 -6.666666666666657
      vertex 18.326949161046795 373.92664060439137 33.33333333333334
      vertex 18.158254655285916 373.90443155137865 33.33333333333334
    endloop
  endfacet
  facet normal 0.07845909572774538 -0.9969173337331358 0
    outer loop
      vertex 18.4965748088771 373.9399904323968 -6.666666666666657
      vertex 18.4965748088771 373.9399904323968 33.33333333333334
      vertex 18.326949161046795 373.92664060439137 33.33333333333334
    endloop
  endfacet
  facet normal 0.026176948307851763 -0.9996573249755578 0
    outer loop
      vertex 18.4965748088771 373.9399904323968 33.33333333333334
      vertex 18.666666666666668 373.94444444444446 -6.666666666666657
      vertex 18.666666666666668 373.94444444444446 33.33333333333334
    endloop
  endfacet
  facet normal 0.9025852843498869 0.4305110968082397 0
    outer loop
      vertex 15.770895463054472 389.30230865362427 -6.666666666666657
      vertex 15.697643929328216 389.45588368778147 33.33333333333334
      vertex 15.770895463054472 389.30230865362427 33.33333333333334
    endloop
  endfacet
  facet normal 0.8788171126619155 0.47715876025970005 0
    outer loop
      vertex 15.852084104367243 389.1527777777778 -6.666666666666657
      vertex 15.770895463054472 389.30230865362427 33.33333333333334
      vertex 15.852084104367243 389.1527777777778 33.33333333333334
    endloop
  endfacet
  facet normal 0.9238795325112742 0.3826834323651202 0
    outer loop
      vertex 15.697643929328216 389.45588368778147 -6.666666666666657
      vertex 15.63253028055076 389.6130819417556 33.33333333333334
      vertex 15.697643929328216 389.45588368778147 33.33333333333334
    endloop
  endfacet
  facet normal 0.8526401643541417 0.5224985647158683 0
    outer loop
      vertex 15.940987320844037 389.00770091397897 -6.666666666666657
      vertex 15.852084104367243 389.1527777777778 33.33333333333334
      vertex 15.940987320844037 389.00770091397897 33.33333333333334
    endloop
  endfacet
  facet normal 0.824126188621978 0.5664062369248877 0
    outer loop
      vertex 16.03736143494809 388.8674757078273 -6.666666666666657
      vertex 15.940987320844037 389.00770091397897 33.33333333333334
      vertex 16.03736143494809 388.8674757078273 33.33333333333334
    endloop
  endfacet
  facet normal 0.7933533402912838 0.6087614290086573 0
    outer loop
      vertex 16.140942291931513 388.7324865068658 -6.666666666666657
      vertex 16.03736143494809 388.8674757078273 33.33333333333334
      vertex 16.140942291931513 388.7324865068658 33.33333333333334
    endloop
  endfacet
  facet normal 0.7604059656000639 0.649448048330145 0
    outer loop
      vertex 16.251445983865136 388.6031033071115 -6.666666666666657
      vertex 16.140942291931513 388.7324865068658 33.33333333333334
      vertex 16.251445983865136 388.6031033071115 33.33333333333334
    endloop
  endfacet
  facet normal 0.7253743710122981 0.6883545756937429 0
    outer loop
      vertex 16.368569627810388 388.4796807389215 -6.666666666666657
      vertex 16.251445983865136 388.6031033071115 33.33333333333334
      vertex 16.368569627810388 388.4796807389215 33.33333333333334
    endloop
  endfacet
  facet normal 0.6883545756936106 0.7253743710124236 0
    outer loop
      vertex 16.368569627810388 388.4796807389215 -6.666666666666657
      vertex 16.368569627810388 388.4796807389215 33.33333333333334
      vertex 16.49199219600038 388.3625570949763 33.33333333333334
    endloop
  endfacet
  facet normal 0.6494480483301519 0.7604059656000581 0
    outer loop
      vertex 16.49199219600038 388.3625570949763 -6.666666666666657
      vertex 16.49199219600038 388.3625570949763 33.33333333333334
      vertex 16.621375395754697 388.2520534030427 33.33333333333334
    endloop
  endfacet
  facet normal 0.6087614290088461 0.7933533402911388 0
    outer loop
      vertex 16.621375395754697 388.2520534030427 -6.666666666666657
      vertex 16.621375395754697 388.2520534030427 33.33333333333334
      vertex 16.75636459671613 388.1484725460592 33.33333333333334
    endloop
  endfacet
  facet normal 0.4771587602594512 0.8788171126620506 0
    outer loop
      vertex 17.041666666666668 387.9631952154784 -6.666666666666657
      vertex 17.041666666666668 387.9631952154784 33.33333333333334
      vertex 17.19119754251314 387.88200657416564 33.33333333333334
    endloop
  endfacet
  facet normal 0.5664062369247822 0.8241261886220503 0
    outer loop
      vertex 16.75636459671613 388.1484725460592 -6.666666666666657
      vertex 16.75636459671613 388.1484725460592 33.33333333333334
      vertex 16.89658980286783 388.0520984319552 33.33333333333334
    endloop
  endfacet
  facet normal 0.5224985647159941 0.8526401643540645 0
    outer loop
      vertex 16.89658980286783 388.0520984319552 -6.666666666666657
      vertex 16.89658980286783 388.0520984319552 33.33333333333334
      vertex 17.041666666666668 387.9631952154784 33.33333333333334
    endloop
  endfacet
  facet normal 0.9025852843498869 -0.4305110968082397 0
    outer loop
      vertex 15.697643929328216 392.09967186777413 -6.666666666666657
      vertex 15.770895463054472 392.25324690193133 33.33333333333334
      vertex 15.697643929328216 392.09967186777413 33.33333333333334
    endloop
  endfacet
  facet normal 0.8788171126619917 -0.47715876025956 0
    outer loop
      vertex 15.770895463054472 392.25324690193133 -6.666666666666657
      vertex 15.852084104367243 392.4027777777778 33.33333333333334
      vertex 15.770895463054472 392.25324690193133 33.33333333333334
    endloop
  endfacet
  facet normal 0.8526401643540504 -0.5224985647160171 0
    outer loop
      vertex 15.852084104367243 392.4027777777778 -6.666666666666657
      vertex 15.940987320844037 392.54785464157663 33.33333333333334
      vertex 15.852084104367243 392.4027777777778 33.33333333333334
    endloop
  endfacet
  facet normal 0.8241261886220851 -0.5664062369247318 0
    outer loop
      vertex 15.940987320844037 392.54785464157663 -6.666666666666657
      vertex 16.03736143494809 392.6880798477284 33.33333333333334
      vertex 15.940987320844037 392.54785464157663 33.33333333333334
    endloop
  endfacet
  facet normal 0.79335334029116 -0.6087614290088187 0
    outer loop
      vertex 16.03736143494809 392.6880798477284 -6.666666666666657
      vertex 16.140942291931513 392.8230690486898 33.33333333333334
      vertex 16.03736143494809 392.6880798477284 33.33333333333334
    endloop
  endfacet
  facet normal 0.7604059656000639 -0.649448048330145 0
    outer loop
      vertex 16.140942291931513 392.8230690486898 -6.666666666666657
      vertex 16.251445983865136 392.9524522484441 33.33333333333334
      vertex 16.140942291931513 392.8230690486898 33.33333333333334
    endloop
  endfacet
  facet normal 0.7253743710122981 -0.6883545756937429 0
    outer loop
      vertex 16.251445983865136 392.9524522484441 -6.666666666666657
      vertex 16.368569627810388 393.0758748166341 33.33333333333334
      vertex 16.251445983865136 392.9524522484441 33.33333333333334
    endloop
  endfacet
  facet normal 0.6883545756937863 -0.7253743710122569 0
    outer loop
      vertex 16.49199219600038 393.19299846057936 -6.666666666666657
      vertex 16.49199219600038 393.19299846057936 33.33333333333334
      vertex 16.368569627810388 393.0758748166341 33.33333333333334
    endloop
  endfacet
  facet normal 0.6494480483301519 -0.7604059656000581 0
    outer loop
      vertex 16.621375395754697 393.303502152513 -6.666666666666657
      vertex 16.621375395754697 393.303502152513 33.33333333333334
      vertex 16.49199219600038 393.19299846057936 33.33333333333334
    endloop
  endfacet
  facet normal 0.608761429008636 -0.7933533402913002 0
    outer loop
      vertex 16.75636459671613 393.4070830094964 -6.666666666666657
      vertex 16.75636459671613 393.4070830094964 33.33333333333334
      vertex 16.621375395754697 393.303502152513 33.33333333333334
    endloop
  endfacet
  facet normal 0.5664062369247822 -0.8241261886220503 0
    outer loop
      vertex 16.89658980286783 393.5034571236004 -6.666666666666657
      vertex 16.89658980286783 393.5034571236004 33.33333333333334
      vertex 16.75636459671613 393.4070830094964 33.33333333333334
    endloop
  endfacet
  facet normal 0.5224985647159941 -0.8526401643540645 0
    outer loop
      vertex 17.041666666666668 393.5923603400772 -6.666666666666657
      vertex 17.041666666666668 393.5923603400772 33.33333333333334
      vertex 16.89658980286783 393.5034571236004 33.33333333333334
    endloop
  endfacet
  facet normal 0.47715876025970927 -0.8788171126619106 0
    outer loop
      vertex 17.19119754251314 393.67354898139 -6.666666666666657
      vertex 17.19119754251314 393.67354898139 33.33333333333334
      vertex 17.041666666666668 393.5923603400772 33.33333333333334
    endloop
  endfacet
  facet normal 0.43051109680853467 0.9025852843497463 0
    outer loop
      vertex 17.19119754251314 387.88200657416564 -6.666666666666657
      vertex 17.19119754251314 387.88200657416564 33.33333333333334
      vertex 17.344772576670316 387.80875504043934 33.33333333333334
    endloop
  endfacet
  facet normal 0.38268343236488417 0.9238795325113719 0
    outer loop
      vertex 17.344772576670316 387.80875504043934 -6.666666666666657
      vertex 17.344772576670316 387.80875504043934 33.33333333333334
      vertex 17.501970830644442 387.7436413916619 33.33333333333334
    endloop
  endfacet
  facet normal 0.33380685923374465 0.9426414910921878 0
    outer loop
      vertex 17.501970830644442 387.7436413916619 -6.666666666666657
      vertex 17.501970830644442 387.7436413916619 33.33333333333334
      vertex 17.66236143494809 387.6868440998186 33.33333333333334
    endloop
  endfacet
  facet normal 0.2840153447041152 0.958819734868136 0
    outer loop
      vertex 17.66236143494809 387.6868440998186 -6.666666666666657
      vertex 17.66236143494809 387.6868440998186 33.33333333333334
      vertex 17.825504770083473 387.6385188423383 33.33333333333334
    endloop
  endfacet
  facet normal 0.23344536385580547 0.9723699203977005 0
    outer loop
      vertex 17.825504770083473 387.6385188423383 -6.666666666666657
      vertex 17.825504770083473 387.6385188423383 33.33333333333334
      vertex 17.99095367150895 387.59879807539295 33.33333333333334
    endloop
  endfacet
  facet normal 0.18223552549206254 0.9832549075639704 0
    outer loop
      vertex 17.99095367150895 387.59879807539295 -6.666666666666657
      vertex 17.99095367150895 387.59879807539295 33.33333333333334
      vertex 18.158254655285916 387.56779067084364 33.33333333333334
    endloop
  endfacet
  facet normal 0.1305261922201966 0.9914448613737913 0
    outer loop
      vertex 18.158254655285916 387.56779067084364 -6.666666666666657
      vertex 18.158254655285916 387.56779067084364 33.33333333333334
      vertex 18.326949161046795 387.5455816178309 33.33333333333334
    endloop
  endfacet
  facet normal 0.07845909572774538 0.9969173337331358 0
    outer loop
      vertex 18.326949161046795 387.5455816178309 -6.666666666666657
      vertex 18.326949161046795 387.5455816178309 33.33333333333334
      vertex 18.4965748088771 387.53223178982546 33.33333333333334
    endloop
  endfacet
  facet normal 0.026176948307851763 0.9996573249755578 0
    outer loop
      vertex 18.4965748088771 387.53223178982546 -6.666666666666657
      vertex 18.4965748088771 387.53223178982546 33.33333333333334
      vertex 18.666666666666668 387.5277777777778 33.33333333333334
    endloop
  endfacet
  facet normal 0.4305110968082625 -0.9025852843498762 0
    outer loop
      vertex 17.344772576670316 393.74680051511626 -6.666666666666657
      vertex 17.344772576670316 393.74680051511626 33.33333333333334
      vertex 17.19119754251314 393.67354898139 33.33333333333334
    endloop
  endfacet
  facet normal 0.38268343236516933 -0.9238795325112538 0
    outer loop
      vertex 17.501970830644442 393.81191416389373 -6.666666666666657
      vertex 17.501970830644442 393.81191416389373 33.33333333333334
      vertex 17.344772576670316 393.74680051511626 33.33333333333334
    endloop
  endfacet
  facet normal 0.33380685923374465 -0.9426414910921878 0
    outer loop
      vertex 17.66236143494809 393.86871145573707 -6.666666666666657
      vertex 17.66236143494809 393.86871145573707 33.33333333333334
      vertex 17.501970830644442 393.81191416389373 33.33333333333334
    endloop
  endfacet
  facet normal 0.2840153447038081 -0.9588197348682269 0
    outer loop
      vertex 17.825504770083473 393.91703671321727 -6.666666666666657
      vertex 17.825504770083473 393.91703671321727 33.33333333333334
      vertex 17.66236143494809 393.86871145573707 33.33333333333334
    endloop
  endfacet
  facet normal 0.23344536385580547 -0.9723699203977005 0
    outer loop
      vertex 17.99095367150895 393.95675748016265 -6.666666666666657
      vertex 17.99095367150895 393.95675748016265 33.33333333333334
      vertex 17.825504770083473 393.91703671321727 33.33333333333334
    endloop
  endfacet
  facet normal 0.1822355254923855 -0.9832549075639104 0
    outer loop
      vertex 18.158254655285916 393.987764884712 -6.666666666666657
      vertex 18.158254655285916 393.987764884712 33.33333333333334
      vertex 17.99095367150895 393.95675748016265 33.33333333333334
    endloop
  endfacet
  facet normal 0.13052619221986822 -0.9914448613738345 0
    outer loop
      vertex 18.326949161046795 394.0099739377247 -6.666666666666657
      vertex 18.326949161046795 394.0099739377247 33.33333333333334
      vertex 18.158254655285916 393.987764884712 33.33333333333334
    endloop
  endfacet
  facet normal 0.07845909572807741 -0.9969173337331098 0
    outer loop
      vertex 18.4965748088771 394.0233237657302 -6.666666666666657
      vertex 18.4965748088771 394.0233237657302 33.33333333333334
      vertex 18.326949161046795 394.0099739377247 33.33333333333334
    endloop
  endfacet
  facet normal 0.026176948307851763 -0.9996573249755578 0
    outer loop
      vertex 18.4965748088771 394.0233237657302 33.33333333333334
      vertex 18.666666666666668 394.0277777777778 -6.666666666666657
      vertex 18.666666666666668 394.0277777777778 33.33333333333334
    endloop
  endfacet
  facet normal -1 0 0
    outer loop
      vertex 16.666666666666668 407.61111111111114 33.33333333333334
      vertex 16.666666666666668 403.61111111111114 -54.66666666666666
      vertex 16.666666666666668 403.61111111111114 33.33333333333334
    endloop
  endfacet
  facet normal 0 0 1
    outer loop
      vertex 16.666666666666668 407.61111111111114 33.33333333333334
      vertex 16.666666666666668 403.61111111111114 33.33333333333334
      vertex 20.666666666666668 403.61111111111114 33.33333333333334
    endloop
  endfacet
  facet normal -1 0 0
    outer loop
      vertex 6.666666666666667 397.44444444444446 -67.55555555555554
      vertex 6.666666666666667 489.0555555555556 -54.66666666666666
      vertex 6.666666666666667 495.2222222222223 -67.55555555555554
    endloop
  endfacet
  facet normal 0 0 1
    outer loop
      vertex 6.666666666666667 403.61111111111114 -54.66666666666666
      vertex 16.666666666666668 485.0555555555556 -54.66666666666666
      vertex 6.666666666666667 489.0555555555556 -54.66666666666666
    endloop
  endfacet
  facet normal 0 -1 0
    outer loop
      vertex 6.666666666666667 489.0555555555556 -54.66666666666666
      vertex 16.666666666666668 489.0555555555556 -54.66666666666666
      vertex 6.666666666666667 489.0555555555556 33.33333333333334
    endloop
  endfacet
  facet normal -1 0 0
    outer loop
      vertex 6.666666666666667 489.0555555555556 -54.66666666666666
      vertex 6.666666666666667 496.2689413470811 -67.52814625064701
      vertex 6.666666666666667 495.2222222222223 -67.55555555555554
    endloop
  endfacet
  facet normal -1 0 0
    outer loop
      vertex 6.666666666666667 489.0555555555556 -54.66666666666666
      vertex 6.666666666666667 497.3127914875753 -67.44599346292101
      vertex 6.666666666666667 496.2689413470811 -67.52814625064701
    endloop
  endfacet
  facet normal -1 0 0
    outer loop
      vertex 6.666666666666667 489.0555555555556 -54.66666666666666
      vertex 6.666666666666667 498.35091152302687 -67.3093223674583
      vertex 6.666666666666667 497.3127914875753 -67.44599346292101
    endloop
  endfacet
  facet normal -1 0 0
    outer loop
      vertex 6.666666666666667 489.0555555555556 -54.66666666666666
      vertex 6.666666666666667 499.38045603857745 -67.11850757023166
      vertex 6.666666666666667 498.35091152302687 -67.3093223674583
    endloop
  endfacet
  facet normal -1 0 0
    outer loop
      vertex 6.666666666666667 489.0555555555556 -54.66666666666666
      vertex 6.666666666666667 500.39860312427265 -66.8740720813369
      vertex 6.666666666666667 499.38045603857745 -67.11850757023166
    endloop
  endfacet
  facet normal -1 0 0
    outer loop
      vertex 6.666666666666667 489.0555555555556 -54.66666666666666
      vertex 6.666666666666667 501.4025621097212 -66.57668588145862
      vertex 6.666666666666667 500.39860312427265 -66.8740720813369
    endloop
  endfacet
  facet normal -1 0 0
    outer loop
      vertex 6.666666666666667 489.0555555555556 -54.66666666666666
      vertex 6.666666666666667 502.3895812131283 -66.22716408549958
      vertex 6.666666666666667 501.4025621097212 -66.57668588145862
    endloop
  endfacet
  facet normal -1 0 0
    outer loop
      vertex 6.666666666666667 489.0555555555556 -54.66666666666666
      vertex 6.666666666666667 503.3569550837383 -65.82646470840756
      vertex 6.666666666666667 502.3895812131283 -66.22716408549958
    endloop
  endfacet
  facet normal -1 0 0
    outer loop
      vertex 6.666666666666667 503.3569550837383 -65.82646470840756
      vertex 6.666666666666667 489.0555555555556 33.33333333333334
      vertex 6.666666666666667 504.3020322170132 -65.3756860393229
    endloop
  endfacet
  facet normal -1 0 0
    outer loop
      vertex 6.666666666666667 504.3020322170132 -65.3756860393229
      vertex 6.666666666666667 489.0555555555556 33.33333333333334
      vertex 6.666666666666667 505.2222222222223 -64.8760636312443
    endloop
  endfacet
  facet normal -1 0 0
    outer loop
      vertex 6.666666666666667 505.2222222222223 -64.8760636312443
      vertex 6.666666666666667 489.0555555555556 33.33333333333334
      vertex 6.666666666666667 506.11500292252276 -64.32896691446402
    endloop
  endfacet
  facet normal -1 0 0
    outer loop
      vertex 6.666666666666667 506.11500292252276 -64.32896691446402
      vertex 6.666666666666667 489.0555555555556 33.33333333333334
      vertex 6.666666666666667 506.9779272680717 -63.73589544305449
    endloop
  endfacet
  facet normal -1 0 0
    outer loop
      vertex 6.666666666666667 506.9779272680717 -63.73589544305449
      vertex 6.666666666666667 489.0555555555556 33.33333333333334
      vertex 6.666666666666667 507.808630043219 -63.09847478469496
    endloop
  endfacet
  facet normal -1 0 0
    outer loop
      vertex 6.666666666666667 507.808630043219 -63.09847478469496
      vertex 6.666666666666667 489.0555555555556 33.33333333333334
      vertex 6.666666666666667 508.6048343493994 -62.41845206510342
    endloop
  endfacet
  facet normal -1 0 0
    outer loop
      vertex 6.666666666666667 508.6048343493994 -62.41845206510342
      vertex 6.666666666666667 489.0555555555556 33.33333333333334
      vertex 6.666666666666667 509.36435784595324 -61.697691179286494
    endloop
  endfacet
  facet normal -1 0 0
    outer loop
      vertex 6.666666666666667 509.36435784595324 -61.697691179286494
      vertex 6.666666666666667 489.0555555555556 33.33333333333334
      vertex 6.666666666666667 510.08511873177014 -60.93816768273271
    endloop
  endfacet
  facet normal -1 0 0
    outer loop
      vertex 6.666666666666667 489.0555555555556 -54.66666666666666
      vertex 6.666666666666667 489.0555555555556 33.33333333333334
      vertex 6.666666666666667 503.3569550837383 -65.82646470840756
    endloop
  endfacet
  facet normal -1 0 0
    outer loop
      vertex 6.666666666666667 510.08511873177014 -60.93816768273271
      vertex 6.666666666666667 489.0555555555556 33.33333333333334
      vertex 6.666666666666667 510.76514145136167 -60.14196337655229
    endloop
  endfacet
  facet normal -1 0 0
    outer loop
      vertex 6.666666666666667 510.76514145136167 -60.14196337655229
      vertex 6.666666666666667 489.0555555555556 33.33333333333334
      vertex 6.666666666666667 511.4025621097212 -59.31126060140501
    endloop
  endfacet
  facet normal -1 0 0
    outer loop
      vertex 6.666666666666667 511.4025621097212 -59.31126060140501
      vertex 6.666666666666667 489.0555555555556 33.33333333333334
      vertex 6.666666666666667 511.99563358113073 -58.448336255856084
    endloop
  endfacet
  facet normal -1 0 0
    outer loop
      vertex 6.666666666666667 511.99563358113073 -58.448336255856084
      vertex 6.666666666666667 489.0555555555556 33.33333333333334
      vertex 6.666666666666667 512.542730297911 -57.55555555555554
    endloop
  endfacet
  facet normal -1 0 0
    outer loop
      vertex 6.666666666666667 512.542730297911 -57.55555555555554
      vertex 6.666666666666667 489.0555555555556 33.33333333333334
      vertex 6.666666666666667 513.0423527059896 -56.63536555034648
    endloop
  endfacet
  facet normal -1 0 0
    outer loop
      vertex 6.666666666666667 513.0423527059896 -56.63536555034648
      vertex 6.666666666666667 489.0555555555556 33.33333333333334
      vertex 6.666666666666667 513.4931313750743 -55.69028841707155
    endloop
  endfacet
  facet normal -1 0 0
    outer loop
      vertex 6.666666666666667 513.4931313750743 -55.69028841707155
      vertex 6.666666666666667 489.0555555555556 33.33333333333334
      vertex 6.666666666666667 513.8938307521663 -54.72291454646155
    endloop
  endfacet
  facet normal -1 0 0
    outer loop
      vertex 6.666666666666667 513.8938307521663 -54.72291454646155
      vertex 6.666666666666667 489.0555555555556 33.33333333333334
      vertex 6.666666666666667 514.2433525481254 -53.73589544305449
    endloop
  endfacet
  facet normal -1 0 0
    outer loop
      vertex 6.666666666666667 514.2433525481254 -53.73589544305449
      vertex 6.666666666666667 489.0555555555556 33.33333333333334
      vertex 6.666666666666667 514.5407387480036 -52.731936457605954
    endloop
  endfacet
  facet normal -1 0 0
    outer loop
      vertex 6.666666666666667 514.5407387480036 -52.731936457605954
      vertex 6.666666666666667 489.0555555555556 33.33333333333334
      vertex 6.666666666666667 514.7851742368983 -51.71378937191073
    endloop
  endfacet
  facet normal -1 0 0
    outer loop
      vertex 6.666666666666667 514.7851742368983 -51.71378937191073
      vertex 6.666666666666667 489.0555555555556 33.33333333333334
      vertex 6.666666666666667 514.975989034125 -50.68424485636016
    endloop
  endfacet
  facet normal -1 0 0
    outer loop
      vertex 6.666666666666667 514.975989034125 -50.68424485636016
      vertex 6.666666666666667 489.0555555555556 33.33333333333334
      vertex 6.666666666666667 515.1126601295878 -49.64612482090861
    endloop
  endfacet
  facet normal -1 0 0
    outer loop
      vertex 6.666666666666667 515.1126601295878 -49.64612482090861
      vertex 6.666666666666667 489.0555555555556 33.33333333333334
      vertex 6.666666666666667 515.1948129173137 -48.602274680414425
    endloop
  endfacet
  facet normal -1 0 0
    outer loop
      vertex 6.666666666666667 515.1948129173137 -48.602274680414425
      vertex 6.666666666666667 489.0555555555556 33.33333333333334
      vertex 6.666666666666667 515.2222222222223 -47.55555555555554
    endloop
  endfacet
  facet normal -1 0 0
    outer loop
      vertex 6.666666666666667 515.2222222222223 -47.555555554727704
      vertex 6.666666666666667 515.2222222222223 -47.55555555555554
      vertex 6.666666666666667 489.0555555555556 33.33333333333334
    endloop
  endfacet
  facet normal 0 0 -1
    outer loop
      vertex 6.666666666666667 397.44444444444446 -67.55555555555554
      vertex 6.666666666666667 495.2222222222223 -67.55555555555554
      vertex 30.666666666666668 495.2222222222223 -67.55555555555554
    endloop
  endfacet
  facet normal 0 0 1
    outer loop
      vertex 6.666666666666667 403.61111111111114 -54.66666666666666
      vertex 20.666666666666668 485.0555555555556 -54.66666666666666
      vertex 16.666666666666668 485.0555555555556 -54.66666666666666
    endloop
  endfacet
  facet normal 0 0 1
    outer loop
      vertex 6.666666666666667 489.0555555555556 -54.66666666666666
      vertex 16.666666666666668 485.0555555555556 -54.66666666666666
      vertex 16.666666666666668 489.0555555555556 -54.66666666666666
    endloop
  endfacet
  facet normal -1 0 0
    outer loop
      vertex 16.666666666666668 485.0555555555556 -54.66666666666666
      vertex 16.666666666666668 489.0555555555556 33.33333333333334
      vertex 16.666666666666668 489.0555555555556 -54.66666666666666
    endloop
  endfacet
  facet normal 0 0.026176948307882066 -0.999657324975557
    outer loop
      vertex 6.666666666666667 495.2222222222223 -67.55555555555554
      vertex 6.666666666666667 496.2689413470811 -67.52814625064701
      vertex 30.666666666666668 495.2222222222223 -67.55555555555554
    endloop
  endfacet
  facet normal 0 0.07845909572783968 -0.9969173337331283
    outer loop
      vertex 6.666666666666667 496.2689413470811 -67.52814625064701
      vertex 6.666666666666667 497.3127914875753 -67.44599346292101
      vertex 30.666666666666668 496.2689413470811 -67.52814625064701
    endloop
  endfacet
  facet normal 0 0.13052619222005127 -0.9914448613738105
    outer loop
      vertex 6.666666666666667 497.3127914875753 -67.44599346292101
      vertex 6.666666666666667 498.35091152302687 -67.3093223674583
      vertex 30.666666666666668 497.3127914875753 -67.44599346292101
    endloop
  endfacet
  facet normal 0 0.18223552549214006 -0.983254907563956
    outer loop
      vertex 6.666666666666667 498.35091152302687 -67.3093223674583
      vertex 6.666666666666667 499.38045603857745 -67.11850757023166
      vertex 30.666666666666668 498.35091152302687 -67.3093223674583
    endloop
  endfacet
  facet normal 0 0.23344536385591466 -0.9723699203976744
    outer loop
      vertex 6.666666666666667 499.38045603857745 -67.11850757023166
      vertex 6.666666666666667 500.39860312427265 -66.8740720813369
      vertex 30.666666666666668 499.38045603857745 -67.11850757023166
    endloop
  endfacet
  facet normal 0 0.2840153447039144 -0.9588197348681955
    outer loop
      vertex 6.666666666666667 500.39860312427265 -66.8740720813369
      vertex 6.666666666666667 501.4025621097212 -66.57668588145862
      vertex 30.666666666666668 500.39860312427265 -66.8740720813369
    endloop
  endfacet
  facet normal 0 0.3338068592337631 -0.9426414910921811
    outer loop
      vertex 6.666666666666667 501.4025621097212 -66.57668588145862
      vertex 6.666666666666667 502.3895812131283 -66.22716408549958
      vertex 30.666666666666668 501.4025621097212 -66.57668588145862
    endloop
  endfacet
  facet normal 0 0.38268343236509417 -0.923879532511285
    outer loop
      vertex 6.666666666666667 502.3895812131283 -66.22716408549958
      vertex 6.666666666666667 503.3569550837383 -65.82646470840756
      vertex 30.666666666666668 502.3895812131283 -66.22716408549958
    endloop
  endfacet
  facet normal 0 0.43051109680829003 -0.9025852843498632
    outer loop
      vertex 6.666666666666667 503.3569550837383 -65.82646470840756
      vertex 6.666666666666667 504.3020322170132 -65.3756860393229
      vertex 30.666666666666668 503.3569550837383 -65.82646470840756
    endloop
  endfacet
  facet normal 0 0.4771587602596149 -0.8788171126619618
    outer loop
      vertex 6.666666666666667 504.3020322170132 -65.3756860393229
      vertex 6.666666666666667 505.2222222222223 -64.8760636312443
      vertex 30.666666666666668 504.3020322170132 -65.3756860393229
    endloop
  endfacet
  facet normal 0 0.5224985647159734 -0.8526401643540773
    outer loop
      vertex 6.666666666666667 505.2222222222223 -64.8760636312443
      vertex 6.666666666666667 506.11500292252276 -64.32896691446402
      vertex 30.666666666666668 505.2222222222223 -64.8760636312443
    endloop
  endfacet
  facet normal 0 0.5664062369248198 -0.8241261886220246
    outer loop
      vertex 6.666666666666667 506.11500292252276 -64.32896691446402
      vertex 6.666666666666667 506.9779272680717 -63.73589544305449
      vertex 30.666666666666668 506.11500292252276 -64.32896691446402
    endloop
  endfacet
  facet normal 0 0.6087614290087138 -0.7933533402912404
    outer loop
      vertex 6.666666666666667 506.9779272680717 -63.73589544305449
      vertex 6.666666666666667 507.808630043219 -63.09847478469496
      vertex 30.666666666666668 506.9779272680717 -63.73589544305449
    endloop
  endfacet
  facet normal 0 0.6494480483301849 -0.7604059656000298
    outer loop
      vertex 6.666666666666667 507.808630043219 -63.09847478469496
      vertex 6.666666666666667 508.6048343493994 -62.41845206510342
      vertex 30.666666666666668 507.808630043219 -63.09847478469496
    endloop
  endfacet
  facet normal 0 0.6883545756937397 -0.7253743710123012
    outer loop
      vertex 6.666666666666667 508.6048343493994 -62.41845206510342
      vertex 6.666666666666667 509.36435784595324 -61.697691179286494
      vertex 30.666666666666668 508.6048343493994 -62.41845206510342
    endloop
  endfacet
  facet normal 0 0.725374371012302 -0.688354575693739
    outer loop
      vertex 6.666666666666667 509.36435784595324 -61.697691179286494
      vertex 6.666666666666667 510.08511873177014 -60.93816768273271
      vertex 30.666666666666668 510.08511873177014 -60.93816768273271
    endloop
  endfacet
  facet normal 0 0.7604059656000326 -0.6494480483301815
    outer loop
      vertex 6.666666666666667 510.08511873177014 -60.93816768273271
      vertex 6.666666666666667 510.76514145136167 -60.14196337655229
      vertex 30.666666666666668 510.76514145136167 -60.14196337655229
    endloop
  endfacet
  facet normal 0 0.793353340291233 -0.6087614290087237
    outer loop
      vertex 6.666666666666667 510.76514145136167 -60.14196337655229
      vertex 6.666666666666667 511.4025621097212 -59.31126060140501
      vertex 30.666666666666668 511.4025621097212 -59.31126060140501
    endloop
  endfacet
  facet normal 0 0.824126188622018 -0.5664062369248293
    outer loop
      vertex 6.666666666666667 511.4025621097212 -59.31126060140501
      vertex 6.666666666666667 511.99563358113073 -58.448336255856084
      vertex 30.666666666666668 511.99563358113073 -58.448336255856084
    endloop
  endfacet
  facet normal 0 0.8526401643540937 -0.5224985647159461
    outer loop
      vertex 6.666666666666667 511.99563358113073 -58.448336255856084
      vertex 6.666666666666667 512.542730297911 -57.55555555555554
      vertex 30.666666666666668 512.542730297911 -57.55555555555554
    endloop
  endfacet
  facet normal 0 0.8788171126619563 -0.47715876025962545
    outer loop
      vertex 6.666666666666667 512.542730297911 -57.55555555555554
      vertex 6.666666666666667 513.0423527059896 -56.63536555034648
      vertex 30.666666666666668 513.0423527059896 -56.63536555034648
    endloop
  endfacet
  facet normal 0 0.9025852843498513 -0.43051109680831473
    outer loop
      vertex 6.666666666666667 513.0423527059896 -56.63536555034648
      vertex 6.666666666666667 513.4931313750743 -55.69028841707155
      vertex 30.666666666666668 513.4931313750743 -55.69028841707155
    endloop
  endfacet
  facet normal 0 0.9238795325112934 -0.38268343236507335
    outer loop
      vertex 6.666666666666667 513.4931313750743 -55.69028841707155
      vertex 6.666666666666667 513.8938307521663 -54.72291454646155
      vertex 30.666666666666668 513.8938307521663 -54.72291454646155
    endloop
  endfacet
  facet normal 0 0.9426414910921754 -0.33380685923377945
    outer loop
      vertex 6.666666666666667 513.8938307521663 -54.72291454646155
      vertex 6.666666666666667 514.2433525481254 -53.73589544305449
      vertex 30.666666666666668 514.2433525481254 -53.73589544305449
    endloop
  endfacet
  facet normal 0 0.9588197348682054 -0.2840153447038806
    outer loop
      vertex 6.666666666666667 514.2433525481254 -53.73589544305449
      vertex 6.666666666666667 514.5407387480036 -52.731936457605954
      vertex 30.666666666666668 514.5407387480036 -52.731936457605954
    endloop
  endfacet
  facet normal 0 0.9723699203976786 -0.2334453638558972
    outer loop
      vertex 6.666666666666667 514.5407387480036 -52.731936457605954
      vertex 6.666666666666667 514.7851742368983 -51.71378937191073
      vertex 30.666666666666668 514.7851742368983 -51.71378937191073
    endloop
  endfacet
  facet normal 0 0.9832549075639603 -0.18223552549211622
    outer loop
      vertex 6.666666666666667 514.7851742368983 -51.71378937191073
      vertex 6.666666666666667 514.975989034125 -50.68424485636016
      vertex 30.666666666666668 514.975989034125 -50.68424485636016
    endloop
  endfacet
  facet normal 0 0.9914448613737975 -0.13052619222014902
    outer loop
      vertex 6.666666666666667 514.975989034125 -50.68424485636016
      vertex 6.666666666666667 515.1126601295878 -49.64612482090861
      vertex 30.666666666666668 515.1126601295878 -49.64612482090861
    endloop
  endfacet
  facet normal 0 0.996917333733134 -0.07845909572777013
    outer loop
      vertex 6.666666666666667 515.1126601295878 -49.64612482090861
      vertex 6.666666666666667 515.1948129173137 -48.602274680414425
      vertex 30.666666666666668 515.1948129173137 -48.602274680414425
    endloop
  endfacet
  facet normal 0 0.9996573249755557 -0.026176948307935256
    outer loop
      vertex 6.666666666666667 515.1948129173137 -48.602274680414425
      vertex 6.666666666666667 515.2222222222223 -47.55555555555554
      vertex 30.666666666666668 515.2222222222223 -47.55555555555554
    endloop
  endfacet
  facet normal 0 1 0
    outer loop
      vertex 6.666666666666667 515.2222222222223 -47.555555554727704
      vertex 30.666666666666668 515.2222222222223 -47.555555554727704
      vertex 6.666666666666667 515.2222222222223 -47.55555555555554
    endloop
  endfacet
  facet normal 0 0.9707667686673218 -0.24002475049712396
    outer loop
      vertex 6.666666666666667 515.2222222222223 -47.555555554727704
      vertex 6.666666666666667 535.2222222222223 33.33333333333334
      vertex 30.666666666666668 515.2222222222223 -47.555555554727704
    endloop
  endfacet
  facet normal -1 0 0
    outer loop
      vertex 6.666666666666667 515.2222222222223 -47.555555554727704
      vertex 6.666666666666667 489.0555555555556 33.33333333333334
      vertex 6.666666666666667 515.2222222222223 33.33333333333334
    endloop
  endfacet
  facet normal -1 0 0
    outer loop
      vertex 6.666666666666667 515.2222222222223 -47.555555554727704
      vertex 6.666666666666667 515.2222222222223 33.33333333333334
      vertex 6.666666666666667 535.2222222222223 33.33333333333334
    endloop
  endfacet
  facet normal 0 0 1
    outer loop
      vertex 6.666666666666667 515.2222222222223 33.33333333333334
      vertex 15.4876869642818 522.64793521738 33.33333333333334
      vertex 6.666666666666667 535.2222222222223 33.33333333333334
    endloop
  endfacet
  facet normal 0 0 1
    outer loop
      vertex 6.666666666666667 489.0555555555556 33.33333333333334
      vertex 15.940987320844037 500.11881202509005 33.33333333333334
      vertex 6.666666666666667 515.2222222222223 33.33333333333334
    endloop
  endfacet
  facet normal 0 0 1
    outer loop
      vertex 6.666666666666667 515.2222222222223 33.33333333333334
      vertex 15.456679559732468 501.38047687750816 33.33333333333334
      vertex 15.43447050671978 501.549171383269 33.33333333333334
    endloop
  endfacet
  facet normal 0 0 1
    outer loop
      vertex 6.666666666666667 515.2222222222223 33.33333333333334
      vertex 15.4876869642818 501.2131758937312 33.33333333333334
      vertex 15.456679559732468 501.38047687750816 33.33333333333334
    endloop
  endfacet
  facet normal 0 0 1
    outer loop
      vertex 6.666666666666667 515.2222222222223 33.33333333333334
      vertex 15.527407731227196 501.04772699230574 33.33333333333334
      vertex 15.4876869642818 501.2131758937312 33.33333333333334
    endloop
  endfacet
  facet normal 0 0 1
    outer loop
      vertex 6.666666666666667 515.2222222222223 33.33333333333334
      vertex 15.575732988707419 500.8845836571703 33.33333333333334
      vertex 15.527407731227196 501.04772699230574 33.33333333333334
    endloop
  endfacet
  facet normal 0 0 1
    outer loop
      vertex 6.666666666666667 515.2222222222223 33.33333333333334
      vertex 15.63253028055076 500.72419305286667 33.33333333333334
      vertex 15.575732988707419 500.8845836571703 33.33333333333334
    endloop
  endfacet
  facet normal 0 0 1
    outer loop
      vertex 6.666666666666667 515.2222222222223 33.33333333333334
      vertex 15.697643929328216 500.56699479889255 33.33333333333334
      vertex 15.63253028055076 500.72419305286667 33.33333333333334
    endloop
  endfacet
  facet normal 0 0 1
    outer loop
      vertex 6.666666666666667 515.2222222222223 33.33333333333334
      vertex 15.421120678714303 501.71879703109937 33.33333333333334
      vertex 15.416666666666668 501.8888888888889 33.33333333333334
    endloop
  endfacet
  facet normal 0 0 1
    outer loop
      vertex 6.666666666666667 515.2222222222223 33.33333333333334
      vertex 15.416666666666668 501.8888888888889 33.33333333333334
      vertex 15.421120678714303 502.05898074667846 33.33333333333334
    endloop
  endfacet
  facet normal 0 0 1
    outer loop
      vertex 6.666666666666667 515.2222222222223 33.33333333333334
      vertex 15.43447050671978 501.549171383269 33.33333333333334
      vertex 15.421120678714303 501.71879703109937 33.33333333333334
    endloop
  endfacet
  facet normal 0 0 1
    outer loop
      vertex 6.666666666666667 515.2222222222223 33.33333333333334
      vertex 15.421120678714303 502.05898074667846 33.33333333333334
      vertex 15.43447050671978 502.2286063945088 33.33333333333334
    endloop
  endfacet
  facet normal 0 0 1
    outer loop
      vertex 6.666666666666667 515.2222222222223 33.33333333333334
      vertex 15.43447050671978 502.2286063945088 33.33333333333334
      vertex 15.456679559732468 502.39730090026967 33.33333333333334
    endloop
  endfacet
  facet normal 0 0 1
    outer loop
      vertex 6.666666666666667 515.2222222222223 33.33333333333334
      vertex 15.456679559732468 502.39730090026967 33.33333333333334
      vertex 15.4876869642818 502.5646018840466 33.33333333333334
    endloop
  endfacet
  facet normal 0 0 1
    outer loop
      vertex 6.666666666666667 515.2222222222223 33.33333333333334
      vertex 15.4876869642818 502.5646018840466 33.33333333333334
      vertex 15.527407731227196 502.73005078547214 33.33333333333334
    endloop
  endfacet
  facet normal 0 0 1
    outer loop
      vertex 6.666666666666667 515.2222222222223 33.33333333333334
      vertex 15.527407731227196 502.73005078547214 33.33333333333334
      vertex 15.575732988707419 502.8931941206075 33.33333333333334
    endloop
  endfacet
  facet normal 0 0 1
    outer loop
      vertex 6.666666666666667 515.2222222222223 33.33333333333334
      vertex 15.575732988707419 502.8931941206075 33.33333333333334
      vertex 15.63253028055076 503.05358472491116 33.33333333333334
    endloop
  endfacet
  facet normal 0 0 1
    outer loop
      vertex 6.666666666666667 515.2222222222223 33.33333333333334
      vertex 15.63253028055076 503.05358472491116 33.33333333333334
      vertex 15.697643929328216 503.2107829788853 33.33333333333334
    endloop
  endfacet
  facet normal 0 0 1
    outer loop
      vertex 6.666666666666667 515.2222222222223 33.33333333333334
      vertex 15.527407731227196 521.131060325639 33.33333333333334
      vertex 15.4876869642818 521.2965092270646 33.33333333333334
    endloop
  endfacet
  facet normal 0 0 1
    outer loop
      vertex 6.666666666666667 515.2222222222223 33.33333333333334
      vertex 15.43447050671978 521.6325047166024 33.33333333333334
      vertex 15.421120678714303 521.8021303644327 33.33333333333334
    endloop
  endfacet
  facet normal 0 0 1
    outer loop
      vertex 6.666666666666667 515.2222222222223 33.33333333333334
      vertex 15.456679559732468 521.4638102108415 33.33333333333334
      vertex 15.43447050671978 521.6325047166024 33.33333333333334
    endloop
  endfacet
  facet normal 0 0 1
    outer loop
      vertex 6.666666666666667 515.2222222222223 33.33333333333334
      vertex 15.421120678714303 521.8021303644327 33.33333333333334
      vertex 15.416666666666668 521.9722222222223 33.33333333333334
    endloop
  endfacet
  facet normal 0 0 1
    outer loop
      vertex 6.666666666666667 515.2222222222223 33.33333333333334
      vertex 15.416666666666668 521.9722222222223 33.33333333333334
      vertex 15.421120678714303 522.1423140800118 33.33333333333334
    endloop
  endfacet
  facet normal 0 0 1
    outer loop
      vertex 6.666666666666667 515.2222222222223 33.33333333333334
      vertex 15.421120678714303 522.1423140800118 33.33333333333334
      vertex 15.43447050671978 522.3119397278422 33.33333333333334
    endloop
  endfacet
  facet normal 0 0 1
    outer loop
      vertex 6.666666666666667 515.2222222222223 33.33333333333334
      vertex 15.4876869642818 521.2965092270646 33.33333333333334
      vertex 15.456679559732468 521.4638102108415 33.33333333333334
    endloop
  endfacet
  facet normal 0 0 1
    outer loop
      vertex 6.666666666666667 515.2222222222223 33.33333333333334
      vertex 15.575732988707419 520.9679169905037 33.33333333333334
      vertex 15.527407731227196 521.131060325639 33.33333333333334
    endloop
  endfacet
  facet normal 0 0 1
    outer loop
      vertex 6.666666666666667 515.2222222222223 33.33333333333334
      vertex 15.697643929328216 520.6503281322259 33.33333333333334
      vertex 15.63253028055076 520.8075263862 33.33333333333334
    endloop
  endfacet
  facet normal 0 0 1
    outer loop
      vertex 6.666666666666667 515.2222222222223 33.33333333333334
      vertex 15.63253028055076 520.8075263862 33.33333333333334
      vertex 15.575732988707419 520.9679169905037 33.33333333333334
    endloop
  endfacet
  facet normal 0 0 1
    outer loop
      vertex 6.666666666666667 515.2222222222223 33.33333333333334
      vertex 15.43447050671978 522.3119397278422 33.33333333333334
      vertex 15.456679559732468 522.480634233603 33.33333333333334
    endloop
  endfacet
  facet normal 0 0 1
    outer loop
      vertex 6.666666666666667 515.2222222222223 33.33333333333334
      vertex 15.456679559732468 522.480634233603 33.33333333333334
      vertex 15.4876869642818 522.64793521738 33.33333333333334
    endloop
  endfacet
  facet normal 0 0 1
    outer loop
      vertex 6.666666666666667 535.2222222222223 33.33333333333334
      vertex 15.4876869642818 522.64793521738 33.33333333333334
      vertex 15.527407731227196 522.8133841188055 33.33333333333334
    endloop
  endfacet
  facet normal 0 0 1
    outer loop
      vertex 6.666666666666667 535.2222222222223 33.33333333333334
      vertex 15.527407731227196 522.8133841188055 33.33333333333334
      vertex 15.575732988707419 522.9765274539409 33.33333333333334
    endloop
  endfacet
  facet normal 0 0 1
    outer loop
      vertex 6.666666666666667 535.2222222222223 33.33333333333334
      vertex 15.575732988707419 522.9765274539409 33.33333333333334
      vertex 15.63253028055076 523.1369180582444 33.33333333333334
    endloop
  endfacet
  facet normal 0 0 1
    outer loop
      vertex 6.666666666666667 535.2222222222223 33.33333333333334
      vertex 15.63253028055076 523.1369180582444 33.33333333333334
      vertex 15.697643929328216 523.2941163122186 33.33333333333334
    endloop
  endfacet
  facet normal 0 -1 0
    outer loop
      vertex 6.666666666666667 489.0555555555556 33.33333333333334
      vertex 16.666666666666668 489.0555555555556 -54.66666666666666
      vertex 16.666666666666668 489.0555555555556 33.33333333333334
    endloop
  endfacet
  facet normal -1 0 0
    outer loop
      vertex 16.666666666666668 485.0555555555556 33.33333333333334
      vertex 16.666666666666668 489.0555555555556 33.33333333333334
      vertex 16.666666666666668 485.0555555555556 -54.66666666666666
    endloop
  endfacet
  facet normal 0 -1 0
    outer loop
      vertex 16.666666666666668 485.0555555555556 33.33333333333334
      vertex 16.666666666666668 485.0555555555556 -54.66666666666666
      vertex 20.666666666666668 485.0555555555556 33.33333333333334
    endloop
  endfacet
  facet normal 0 0 1
    outer loop
      vertex 16.666666666666668 485.0555555555556 33.33333333333334
      vertex 20.666666666666668 485.0555555555556 33.33333333333334
      vertex 16.666666666666668 489.0555555555556 33.33333333333334
    endloop
  endfacet
  facet normal 0 0 1
    outer loop
      vertex 15.421120678714303 501.71879703109937 -6.666666666666657
      vertex 15.43447050671978 501.549171383269 -6.666666666666657
      vertex 15.43447050671978 502.2286063945088 -6.666666666666657
    endloop
  endfacet
  facet normal 0 0 1
    outer loop
      vertex 15.456679559732468 501.38047687750816 -6.666666666666657
      vertex 15.456679559732468 502.39730090026967 -6.666666666666657
      vertex 15.43447050671978 501.549171383269 -6.666666666666657
    endloop
  endfacet
  facet normal 0 0 1
    outer loop
      vertex 15.456679559732468 501.38047687750816 -6.666666666666657
      vertex 15.4876869642818 501.2131758937312 -6.666666666666657
      vertex 15.4876869642818 502.5646018840466 -6.666666666666657
    endloop
  endfacet
  facet normal 0 0 1
    outer loop
      vertex 15.527407731227196 501.04772699230574 -6.666666666666657
      vertex 15.527407731227196 502.73005078547214 -6.666666666666657
      vertex 15.4876869642818 501.2131758937312 -6.666666666666657
    endloop
  endfacet
  facet normal 0 0 1
    outer loop
      vertex 15.527407731227196 501.04772699230574 -6.666666666666657
      vertex 15.575732988707419 500.8845836571703 -6.666666666666657
      vertex 15.575732988707419 502.8931941206075 -6.666666666666657
    endloop
  endfacet
  facet normal 0 0 1
    outer loop
      vertex 15.575732988707419 500.8845836571703 -6.666666666666657
      vertex 15.63253028055076 500.72419305286667 -6.666666666666657
      vertex 15.63253028055076 503.05358472491116 -6.666666666666657
    endloop
  endfacet
  facet normal 0 0 1
    outer loop
      vertex 15.421120678714303 501.71879703109937 -6.666666666666657
      vertex 15.421120678714303 502.05898074667846 -6.666666666666657
      vertex 15.416666666666668 501.8888888888889 -6.666666666666657
    endloop
  endfacet
  facet normal 0 0 1
    outer loop
      vertex 15.421120678714303 501.71879703109937 -6.666666666666657
      vertex 15.43447050671978 502.2286063945088 -6.666666666666657
      vertex 15.421120678714303 502.05898074667846 -6.666666666666657
    endloop
  endfacet
  facet normal 0 0 1
    outer loop
      vertex 15.43447050671978 501.549171383269 -6.666666666666657
      vertex 15.456679559732468 502.39730090026967 -6.666666666666657
      vertex 15.43447050671978 502.2286063945088 -6.666666666666657
    endloop
  endfacet
  facet normal 0 0 1
    outer loop
      vertex 15.456679559732468 501.38047687750816 -6.666666666666657
      vertex 15.4876869642818 502.5646018840466 -6.666666666666657
      vertex 15.456679559732468 502.39730090026967 -6.666666666666657
    endloop
  endfacet
  facet normal 0 0 1
    outer loop
      vertex 15.4876869642818 501.2131758937312 -6.666666666666657
      vertex 15.527407731227196 502.73005078547214 -6.666666666666657
      vertex 15.4876869642818 502.5646018840466 -6.666666666666657
    endloop
  endfacet
  facet normal 0 0 1
    outer loop
      vertex 15.527407731227196 501.04772699230574 -6.666666666666657
      vertex 15.575732988707419 502.8931941206075 -6.666666666666657
      vertex 15.527407731227196 502.73005078547214 -6.666666666666657
    endloop
  endfacet
  facet normal 0 0 1
    outer loop
      vertex 15.575732988707419 500.8845836571703 -6.666666666666657
      vertex 15.63253028055076 503.05358472491116 -6.666666666666657
      vertex 15.575732988707419 502.8931941206075 -6.666666666666657
    endloop
  endfacet
  facet normal 0 0 1
    outer loop
      vertex 15.63253028055076 500.72419305286667 -6.666666666666657
      vertex 15.697643929328216 503.2107829788853 -6.666666666666657
      vertex 15.63253028055076 503.05358472491116 -6.666666666666657
    endloop
  endfacet
  facet normal 0.9969173337331292 0.07845909572783119 0
    outer loop
      vertex 15.421120678714303 501.71879703109937 -6.666666666666657
      vertex 15.421120678714303 501.71879703109937 33.33333333333334
      vertex 15.43447050671978 501.549171383269 -6.666666666666657
    endloop
  endfacet
  facet normal 0.9996573249755571 0.026176948307876452 0
    outer loop
      vertex 15.421120678714303 501.71879703109937 -6.666666666666657
      vertex 15.416666666666668 501.8888888888889 -6.666666666666657
      vertex 15.416666666666668 501.8888888888889 33.33333333333334
    endloop
  endfacet
  facet normal 0.9914448613738118 0.1305261922200405 0
    outer loop
      vertex 15.456679559732468 501.38047687750816 -6.666666666666657
      vertex 15.43447050671978 501.549171383269 -6.666666666666657
      vertex 15.43447050671978 501.549171383269 33.33333333333334
    endloop
  endfacet
  facet normal 0.9832549075639495 0.1822355254921747 0
    outer loop
      vertex 15.456679559732468 501.38047687750816 -6.666666666666657
      vertex 15.456679559732468 501.38047687750816 33.33333333333334
      vertex 15.4876869642818 501.2131758937312 -6.666666666666657
    endloop
  endfacet
  facet normal 0.9723699203976723 0.23344536385592315 0
    outer loop
      vertex 15.527407731227196 501.04772699230574 -6.666666666666657
      vertex 15.4876869642818 501.2131758937312 -6.666666666666657
      vertex 15.4876869642818 501.2131758937312 33.33333333333334
    endloop
  endfacet
  facet normal 0.9588197348682147 0.28401534470384937 0
    outer loop
      vertex 15.527407731227196 501.04772699230574 -6.666666666666657
      vertex 15.527407731227196 501.04772699230574 33.33333333333334
      vertex 15.575732988707419 500.8845836571703 -6.666666666666657
    endloop
  endfacet
  facet normal 0.9426414910921788 0.33380685923376974 0
    outer loop
      vertex 15.575732988707419 500.8845836571703 -6.666666666666657
      vertex 15.575732988707419 500.8845836571703 33.33333333333334
      vertex 15.63253028055076 500.72419305286667 -6.666666666666657
    endloop
  endfacet
  facet normal 0.9238795325112742 0.3826834323651202 0
    outer loop
      vertex 15.63253028055076 500.72419305286667 -6.666666666666657
      vertex 15.63253028055076 500.72419305286667 33.33333333333334
      vertex 15.697643929328216 500.56699479889255 -6.666666666666657
    endloop
  endfacet
  facet normal 0.9996573249755571 -0.026176948307876452 0
    outer loop
      vertex 15.416666666666668 501.8888888888889 -6.666666666666657
      vertex 15.421120678714303 502.05898074667846 -6.666666666666657
      vertex 15.421120678714303 502.05898074667846 33.33333333333334
    endloop
  endfacet
  facet normal 0.9969173337331292 -0.07845909572783119 0
    outer loop
      vertex 15.421120678714303 502.05898074667846 -6.666666666666657
      vertex 15.43447050671978 502.2286063945088 -6.666666666666657
      vertex 15.43447050671978 502.2286063945088 33.33333333333334
    endloop
  endfacet
  facet normal 0.9914448613738118 -0.1305261922200405 0
    outer loop
      vertex 15.43447050671978 502.2286063945088 -6.666666666666657
      vertex 15.456679559732468 502.39730090026967 -6.666666666666657
      vertex 15.456679559732468 502.39730090026967 33.33333333333334
    endloop
  endfacet
  facet normal 0.9832549075639495 -0.1822355254921747 0
    outer loop
      vertex 15.456679559732468 502.39730090026967 -6.666666666666657
      vertex 15.4876869642818 502.5646018840466 -6.666666666666657
      vertex 15.4876869642818 502.5646018840466 33.33333333333334
    endloop
  endfacet
  facet normal 0.9723699203976904 -0.2334453638558473 0
    outer loop
      vertex 15.4876869642818 502.5646018840466 -6.666666666666657
      vertex 15.527407731227196 502.73005078547214 -6.666666666666657
      vertex 15.527407731227196 502.73005078547214 33.33333333333334
    endloop
  endfacet
  facet normal 0.9588197348681877 -0.2840153447039403 0
    outer loop
      vertex 15.527407731227196 502.73005078547214 -6.666666666666657
      vertex 15.575732988707419 502.8931941206075 -6.666666666666657
      vertex 15.575732988707419 502.8931941206075 33.33333333333334
    endloop
  endfacet
  facet normal 0.9426414910921788 -0.33380685923376974 0
    outer loop
      vertex 15.575732988707419 502.8931941206075 -6.666666666666657
      vertex 15.63253028055076 503.05358472491116 -6.666666666666657
      vertex 15.63253028055076 503.05358472491116 33.33333333333334
    endloop
  endfacet
  facet normal 0 0 1
    outer loop
      vertex 15.421120678714303 521.8021303644327 -6.666666666666657
      vertex 15.43447050671978 521.6325047166024 -6.666666666666657
      vertex 15.43447050671978 522.3119397278422 -6.666666666666657
    endloop
  endfacet
  facet normal 0 0 1
    outer loop
      vertex 15.421120678714303 521.8021303644327 -6.666666666666657
      vertex 15.421120678714303 522.1423140800118 -6.666666666666657
      vertex 15.416666666666668 521.9722222222223 -6.666666666666657
    endloop
  endfacet
  facet normal 0 0 1
    outer loop
      vertex 15.43447050671978 521.6325047166024 -6.666666666666657
      vertex 15.456679559732468 521.4638102108415 -6.666666666666657
      vertex 15.456679559732468 522.480634233603 -6.666666666666657
    endloop
  endfacet
  facet normal 0 0 1
    outer loop
      vertex 15.4876869642818 521.2965092270646 -6.666666666666657
      vertex 15.4876869642818 522.64793521738 -6.666666666666657
      vertex 15.456679559732468 521.4638102108415 -6.666666666666657
    endloop
  endfacet
  facet normal 0 0 1
    outer loop
      vertex 15.421120678714303 521.8021303644327 -6.666666666666657
      vertex 15.43447050671978 522.3119397278422 -6.666666666666657
      vertex 15.421120678714303 522.1423140800118 -6.666666666666657
    endloop
  endfacet
  facet normal 0 0 1
    outer loop
      vertex 15.43447050671978 521.6325047166024 -6.666666666666657
      vertex 15.456679559732468 522.480634233603 -6.666666666666657
      vertex 15.43447050671978 522.3119397278422 -6.666666666666657
    endloop
  endfacet
  facet normal 0 0 1
    outer loop
      vertex 15.456679559732468 521.4638102108415 -6.666666666666657
      vertex 15.4876869642818 522.64793521738 -6.666666666666657
      vertex 15.456679559732468 522.480634233603 -6.666666666666657
    endloop
  endfacet
  facet normal 0 0 1
    outer loop
      vertex 15.4876869642818 521.2965092270646 -6.666666666666657
      vertex 15.527407731227196 521.131060325639 -6.666666666666657
      vertex 15.527407731227196 522.8133841188055 -6.666666666666657
    endloop
  endfacet
  facet normal 0 0 1
    outer loop
      vertex 15.527407731227196 521.131060325639 -6.666666666666657
      vertex 15.575732988707419 520.9679169905037 -6.666666666666657
      vertex 15.575732988707419 522.9765274539409 -6.666666666666657
    endloop
  endfacet
  facet normal 0 0 1
    outer loop
      vertex 15.4876869642818 521.2965092270646 -6.666666666666657
      vertex 15.527407731227196 522.8133841188055 -6.666666666666657
      vertex 15.4876869642818 522.64793521738 -6.666666666666657
    endloop
  endfacet
  facet normal 0 0 1
    outer loop
      vertex 15.527407731227196 521.131060325639 -6.666666666666657
      vertex 15.575732988707419 522.9765274539409 -6.666666666666657
      vertex 15.527407731227196 522.8133841188055 -6.666666666666657
    endloop
  endfacet
  facet normal 0 0 1
    outer loop
      vertex 15.575732988707419 520.9679169905037 -6.666666666666657
      vertex 15.63253028055076 520.8075263862 -6.666666666666657
      vertex 15.63253028055076 523.1369180582444 -6.666666666666657
    endloop
  endfacet
  facet normal 0 0 1
    outer loop
      vertex 15.575732988707419 520.9679169905037 -6.666666666666657
      vertex 15.63253028055076 523.1369180582444 -6.666666666666657
      vertex 15.575732988707419 522.9765274539409 -6.666666666666657
    endloop
  endfacet
  facet normal 0 0 1
    outer loop
      vertex 15.63253028055076 520.8075263862 -6.666666666666657
      vertex 15.697643929328216 523.2941163122186 -6.666666666666657
      vertex 15.63253028055076 523.1369180582444 -6.666666666666657
    endloop
  endfacet
  facet normal 0.9723699203976904 0.2334453638558473 0
    outer loop
      vertex 15.4876869642818 521.2965092270646 -6.666666666666657
      vertex 15.4876869642818 521.2965092270646 33.33333333333334
      vertex 15.527407731227196 521.131060325639 -6.666666666666657
    endloop
  endfacet
  facet normal 0.9588197348681877 0.2840153447039403 0
    outer loop
      vertex 15.527407731227196 521.131060325639 -6.666666666666657
      vertex 15.527407731227196 521.131060325639 33.33333333333334
      vertex 15.575732988707419 520.9679169905037 -6.666666666666657
    endloop
  endfacet
  facet normal 0.9426414910921788 0.33380685923376974 0
    outer loop
      vertex 15.575732988707419 520.9679169905037 -6.666666666666657
      vertex 15.575732988707419 520.9679169905037 33.33333333333334
      vertex 15.63253028055076 520.8075263862 -6.666666666666657
    endloop
  endfacet
  facet normal 0.9238795325112742 0.3826834323651202 0
    outer loop
      vertex 15.63253028055076 520.8075263862 -6.666666666666657
      vertex 15.63253028055076 520.8075263862 33.33333333333334
      vertex 15.697643929328216 520.6503281322259 -6.666666666666657
    endloop
  endfacet
  facet normal 0.9969173337331292 0.07845909572783119 0
    outer loop
      vertex 15.421120678714303 521.8021303644327 -6.666666666666657
      vertex 15.421120678714303 521.8021303644327 33.33333333333334
      vertex 15.43447050671978 521.6325047166024 -6.666666666666657
    endloop
  endfacet
  facet normal 0.9996573249755571 0.026176948307876452 0
    outer loop
      vertex 15.421120678714303 521.8021303644327 -6.666666666666657
      vertex 15.416666666666668 521.9722222222223 -6.666666666666657
      vertex 15.416666666666668 521.9722222222223 33.33333333333334
    endloop
  endfacet
  facet normal 0.9914448613738118 0.1305261922200405 0
    outer loop
      vertex 15.43447050671978 521.6325047166024 -6.666666666666657
      vertex 15.43447050671978 521.6325047166024 33.33333333333334
      vertex 15.456679559732468 521.4638102108415 -6.666666666666657
    endloop
  endfacet
  facet normal 0.9832549075639495 0.1822355254921747 0
    outer loop
      vertex 15.4876869642818 521.2965092270646 -6.666666666666657
      vertex 15.456679559732468 521.4638102108415 -6.666666666666657
      vertex 15.456679559732468 521.4638102108415 33.33333333333334
    endloop
  endfacet
  facet normal 0.9996573249755571 -0.026176948307876452 0
    outer loop
      vertex 15.416666666666668 521.9722222222223 -6.666666666666657
      vertex 15.421120678714303 522.1423140800118 -6.666666666666657
      vertex 15.421120678714303 522.1423140800118 33.33333333333334
    endloop
  endfacet
  facet normal 0.9969173337331292 -0.07845909572783119 0
    outer loop
      vertex 15.421120678714303 522.1423140800118 -6.666666666666657
      vertex 15.43447050671978 522.3119397278422 -6.666666666666657
      vertex 15.43447050671978 522.3119397278422 33.33333333333334
    endloop
  endfacet
  facet normal 0.9914448613738118 -0.1305261922200405 0
    outer loop
      vertex 15.43447050671978 522.3119397278422 -6.666666666666657
      vertex 15.456679559732468 522.480634233603 -6.666666666666657
      vertex 15.456679559732468 522.480634233603 33.33333333333334
    endloop
  endfacet
  facet normal 0.9832549075639495 -0.1822355254921747 0
    outer loop
      vertex 15.456679559732468 522.480634233603 -6.666666666666657
      vertex 15.4876869642818 522.64793521738 -6.666666666666657
      vertex 15.4876869642818 522.64793521738 33.33333333333334
    endloop
  endfacet
  facet normal 0.9723699203976904 -0.2334453638558473 0
    outer loop
      vertex 15.4876869642818 522.64793521738 -6.666666666666657
      vertex 15.527407731227196 522.8133841188055 -6.666666666666657
      vertex 15.527407731227196 522.8133841188055 33.33333333333334
    endloop
  endfacet
  facet normal 0.9588197348681877 -0.2840153447039403 0
    outer loop
      vertex 15.527407731227196 522.8133841188055 -6.666666666666657
      vertex 15.575732988707419 522.9765274539409 -6.666666666666657
      vertex 15.575732988707419 522.9765274539409 33.33333333333334
    endloop
  endfacet
  facet normal 0.9426414910921043 -0.33380685923397996 0
    outer loop
      vertex 15.575732988707419 522.9765274539409 -6.666666666666657
      vertex 15.63253028055076 523.1369180582444 -6.666666666666657
      vertex 15.63253028055076 523.1369180582444 33.33333333333334
    endloop
  endfacet
  facet normal 0 0 1
    outer loop
      vertex 15.63253028055076 500.72419305286667 -6.666666666666657
      vertex 15.697643929328216 500.56699479889255 -6.666666666666657
      vertex 15.697643929328216 503.2107829788853 -6.666666666666657
    endloop
  endfacet
  facet normal 0 0 1
    outer loop
      vertex 15.770895463054472 500.4134197647354 -6.666666666666657
      vertex 15.770895463054472 503.3643580130424 -6.666666666666657
      vertex 15.697643929328216 500.56699479889255 -6.666666666666657
    endloop
  endfacet
  facet normal 0 0 1
    outer loop
      vertex 15.770895463054472 500.4134197647354 -6.666666666666657
      vertex 15.852084104367243 500.2638888888889 -6.666666666666657
      vertex 15.852084104367243 503.5138888888889 -6.666666666666657
    endloop
  endfacet
  facet normal 0 0 1
    outer loop
      vertex 15.852084104367243 500.2638888888889 -6.666666666666657
      vertex 15.940987320844037 500.11881202509005 -6.666666666666657
      vertex 15.940987320844037 503.6589657526878 -6.666666666666657
    endloop
  endfacet
  facet normal 0 0 1
    outer loop
      vertex 15.940987320844037 500.11881202509005 -6.666666666666657
      vertex 16.03736143494809 499.9785868189384 -6.666666666666657
      vertex 16.03736143494809 503.79919095883946 -6.666666666666657
    endloop
  endfacet
  facet normal 0 0 1
    outer loop
      vertex 16.03736143494809 499.9785868189384 -6.666666666666657
      vertex 16.140942291931513 499.8435976179769 -6.666666666666657
      vertex 16.140942291931513 503.9341801598009 -6.666666666666657
    endloop
  endfacet
  facet normal 0 0 1
    outer loop
      vertex 16.140942291931513 499.8435976179769 -6.666666666666657
      vertex 16.251445983865136 499.71421441822264 -6.666666666666657
      vertex 16.251445983865136 504.06356335955525 -6.666666666666657
    endloop
  endfacet
  facet normal 0 0 1
    outer loop
      vertex 16.251445983865136 499.71421441822264 -6.666666666666657
      vertex 16.368569627810388 499.59079185003264 -6.666666666666657
      vertex 16.368569627810388 504.18698592774524 -6.666666666666657
    endloop
  endfacet
  facet normal 0 0 1
    outer loop
      vertex 16.368569627810388 499.59079185003264 -6.666666666666657
      vertex 16.49199219600038 499.4736682060874 -6.666666666666657
      vertex 16.49199219600038 504.30410957169045 -6.666666666666657
    endloop
  endfacet
  facet normal 0 0 1
    outer loop
      vertex 16.49199219600038 499.4736682060874 -6.666666666666657
      vertex 16.621375395754697 499.36316451415377 -6.666666666666657
      vertex 16.621375395754697 504.4146132636241 -6.666666666666657
    endloop
  endfacet
  facet normal 0 0 1
    outer loop
      vertex 16.621375395754697 499.36316451415377 -6.666666666666657
      vertex 16.75636459671613 499.2595836571703 -6.666666666666657
      vertex 16.75636459671613 504.5181941206075 -6.666666666666657
    endloop
  endfacet
  facet normal 0 0 1
    outer loop
      vertex 16.75636459671613 499.2595836571703 -6.666666666666657
      vertex 16.89658980286783 499.1632095430663 -6.666666666666657
      vertex 16.89658980286783 504.61456823471156 -6.666666666666657
    endloop
  endfacet
  facet normal 0 0 1
    outer loop
      vertex 17.041666666666668 499.0743063265895 -6.666666666666657
      vertex 17.041666666666668 504.7034714511883 -6.666666666666657
      vertex 16.89658980286783 499.1632095430663 -6.666666666666657
    endloop
  endfacet
  facet normal 0 0 1
    outer loop
      vertex 17.041666666666668 499.0743063265895 -6.666666666666657
      vertex 17.19119754251314 498.99311768527673 -6.666666666666657
      vertex 17.19119754251314 504.7846600925011 -6.666666666666657
    endloop
  endfacet
  facet normal 0 0 1
    outer loop
      vertex 15.697643929328216 500.56699479889255 -6.666666666666657
      vertex 15.770895463054472 503.3643580130424 -6.666666666666657
      vertex 15.697643929328216 503.2107829788853 -6.666666666666657
    endloop
  endfacet
  facet normal 0 0 1
    outer loop
      vertex 15.770895463054472 500.4134197647354 -6.666666666666657
      vertex 15.852084104367243 503.5138888888889 -6.666666666666657
      vertex 15.770895463054472 503.3643580130424 -6.666666666666657
    endloop
  endfacet
  facet normal 0 0 1
    outer loop
      vertex 15.852084104367243 500.2638888888889 -6.666666666666657
      vertex 15.940987320844037 503.6589657526878 -6.666666666666657
      vertex 15.852084104367243 503.5138888888889 -6.666666666666657
    endloop
  endfacet
  facet normal 0 0 1
    outer loop
      vertex 15.940987320844037 500.11881202509005 -6.666666666666657
      vertex 16.03736143494809 503.79919095883946 -6.666666666666657
      vertex 15.940987320844037 503.6589657526878 -6.666666666666657
    endloop
  endfacet
  facet normal 0 0 1
    outer loop
      vertex 16.03736143494809 499.9785868189384 -6.666666666666657
      vertex 16.140942291931513 503.9341801598009 -6.666666666666657
      vertex 16.03736143494809 503.79919095883946 -6.666666666666657
    endloop
  endfacet
  facet normal 0 0 1
    outer loop
      vertex 16.140942291931513 499.8435976179769 -6.666666666666657
      vertex 16.251445983865136 504.06356335955525 -6.666666666666657
      vertex 16.140942291931513 503.9341801598009 -6.666666666666657
    endloop
  endfacet
  facet normal 0 0 1
    outer loop
      vertex 16.251445983865136 499.71421441822264 -6.666666666666657
      vertex 16.368569627810388 504.18698592774524 -6.666666666666657
      vertex 16.251445983865136 504.06356335955525 -6.666666666666657
    endloop
  endfacet
  facet normal 0 0 1
    outer loop
      vertex 16.368569627810388 499.59079185003264 -6.666666666666657
      vertex 16.49199219600038 504.30410957169045 -6.666666666666657
      vertex 16.368569627810388 504.18698592774524 -6.666666666666657
    endloop
  endfacet
  facet normal 0 0 1
    outer loop
      vertex 16.49199219600038 499.4736682060874 -6.666666666666657
      vertex 16.621375395754697 504.4146132636241 -6.666666666666657
      vertex 16.49199219600038 504.30410957169045 -6.666666666666657
    endloop
  endfacet
  facet normal 0 0 1
    outer loop
      vertex 16.621375395754697 499.36316451415377 -6.666666666666657
      vertex 16.75636459671613 504.5181941206075 -6.666666666666657
      vertex 16.621375395754697 504.4146132636241 -6.666666666666657
    endloop
  endfacet
  facet normal 0 0 1
    outer loop
      vertex 16.75636459671613 499.2595836571703 -6.666666666666657
      vertex 16.89658980286783 504.61456823471156 -6.666666666666657
      vertex 16.75636459671613 504.5181941206075 -6.666666666666657
    endloop
  endfacet
  facet normal 0 0 1
    outer loop
      vertex 16.89658980286783 499.1632095430663 -6.666666666666657
      vertex 17.041666666666668 504.7034714511883 -6.666666666666657
      vertex 16.89658980286783 504.61456823471156 -6.666666666666657
    endloop
  endfacet
  facet normal 0 0 1
    outer loop
      vertex 17.041666666666668 499.0743063265895 -6.666666666666657
      vertex 17.19119754251314 504.7846600925011 -6.666666666666657
      vertex 17.041666666666668 504.7034714511883 -6.666666666666657
    endloop
  endfacet
  facet normal 0 0 1
    outer loop
      vertex 17.19119754251314 498.99311768527673 -6.666666666666657
      vertex 17.344772576670316 498.9198661515505 -6.666666666666657
      vertex 17.344772576670316 504.8579116262274 -6.666666666666657
    endloop
  endfacet
  facet normal 0 0 1
    outer loop
      vertex 17.344772576670316 498.9198661515505 -6.666666666666657
      vertex 17.501970830644442 498.854752502773 -6.666666666666657
      vertex 17.501970830644442 504.9230252750048 -6.666666666666657
    endloop
  endfacet
  facet normal 0 0 1
    outer loop
      vertex 17.501970830644442 498.854752502773 -6.666666666666657
      vertex 17.66236143494809 498.7979552109297 -6.666666666666657
      vertex 17.66236143494809 504.97982256684816 -6.666666666666657
    endloop
  endfacet
  facet normal 0 0 1
    outer loop
      vertex 17.66236143494809 498.7979552109297 -6.666666666666657
      vertex 17.825504770083473 498.74962995344947 -6.666666666666657
      vertex 17.825504770083473 505.02814782432836 -6.666666666666657
    endloop
  endfacet
  facet normal 0 0 1
    outer loop
      vertex 17.825504770083473 498.74962995344947 -6.666666666666657
      vertex 17.99095367150895 498.7099091865041 -6.666666666666657
      vertex 17.99095367150895 505.0678685912738 -6.666666666666657
    endloop
  endfacet
  facet normal 0 0 1
    outer loop
      vertex 17.99095367150895 498.7099091865041 -6.666666666666657
      vertex 18.158254655285916 498.6789017819547 -6.666666666666657
      vertex 18.158254655285916 505.0988759958231 -6.666666666666657
    endloop
  endfacet
  facet normal 0 0 1
    outer loop
      vertex 18.158254655285916 498.6789017819547 -6.666666666666657
      vertex 18.326949161046795 498.65669272894206 -6.666666666666657
      vertex 18.326949161046795 505.1210850488358 -6.666666666666657
    endloop
  endfacet
  facet normal 0 0 1
    outer loop
      vertex 18.326949161046795 498.65669272894206 -6.666666666666657
      vertex 18.4965748088771 498.64334290093655 -6.666666666666657
      vertex 18.4965748088771 505.1344348768413 -6.666666666666657
    endloop
  endfacet
  facet normal 0 0 1
    outer loop
      vertex 18.4965748088771 498.64334290093655 -6.666666666666657
      vertex 18.666666666666668 498.6388888888889 -6.666666666666657
      vertex 18.666666666666668 505.1388888888889 -6.666666666666657
    endloop
  endfacet
  facet normal 0 0 1
    outer loop
      vertex 17.19119754251314 498.99311768527673 -6.666666666666657
      vertex 17.344772576670316 504.8579116262274 -6.666666666666657
      vertex 17.19119754251314 504.7846600925011 -6.666666666666657
    endloop
  endfacet
  facet normal 0 0 1
    outer loop
      vertex 17.344772576670316 498.9198661515505 -6.666666666666657
      vertex 17.501970830644442 504.9230252750048 -6.666666666666657
      vertex 17.344772576670316 504.8579116262274 -6.666666666666657
    endloop
  endfacet
  facet normal 0 0 1
    outer loop
      vertex 17.501970830644442 498.854752502773 -6.666666666666657
      vertex 17.66236143494809 504.97982256684816 -6.666666666666657
      vertex 17.501970830644442 504.9230252750048 -6.666666666666657
    endloop
  endfacet
  facet normal 0 0 1
    outer loop
      vertex 17.66236143494809 498.7979552109297 -6.666666666666657
      vertex 17.825504770083473 505.02814782432836 -6.666666666666657
      vertex 17.66236143494809 504.97982256684816 -6.666666666666657
    endloop
  endfacet
  facet normal 0 0 1
    outer loop
      vertex 17.825504770083473 498.74962995344947 -6.666666666666657
      vertex 17.99095367150895 505.0678685912738 -6.666666666666657
      vertex 17.825504770083473 505.02814782432836 -6.666666666666657
    endloop
  endfacet
  facet normal 0 0 1
    outer loop
      vertex 17.99095367150895 498.7099091865041 -6.666666666666657
      vertex 18.158254655285916 505.0988759958231 -6.666666666666657
      vertex 17.99095367150895 505.0678685912738 -6.666666666666657
    endloop
  endfacet
  facet normal 0 0 1
    outer loop
      vertex 18.158254655285916 498.6789017819547 -6.666666666666657
      vertex 18.326949161046795 505.1210850488358 -6.666666666666657
      vertex 18.158254655285916 505.0988759958231 -6.666666666666657
    endloop
  endfacet
  facet normal 0 0 1
    outer loop
      vertex 18.326949161046795 498.65669272894206 -6.666666666666657
      vertex 18.4965748088771 505.1344348768413 -6.666666666666657
      vertex 18.326949161046795 505.1210850488358 -6.666666666666657
    endloop
  endfacet
  facet normal 0 0 1
    outer loop
      vertex 18.4965748088771 498.64334290093655 -6.666666666666657
      vertex 18.666666666666668 505.1388888888889 -6.666666666666657
      vertex 18.4965748088771 505.1344348768413 -6.666666666666657
    endloop
  endfacet
  facet normal 0.8788171126619917 0.47715876025956 0
    outer loop
      vertex 15.770895463054472 500.4134197647354 -6.666666666666657
      vertex 15.770895463054472 500.4134197647354 33.33333333333334
      vertex 15.852084104367243 500.2638888888889 -6.666666666666657
    endloop
  endfacet
  facet normal 0.9025852843498251 0.4305110968083695 0
    outer loop
      vertex 15.770895463054472 500.4134197647354 -6.666666666666657
      vertex 15.697643929328216 500.56699479889255 -6.666666666666657
      vertex 15.697643929328216 500.56699479889255 33.33333333333334
    endloop
  endfacet
  facet normal 0.8526401643541417 0.5224985647158683 0
    outer loop
      vertex 15.852084104367243 500.2638888888889 -6.666666666666657
      vertex 15.852084104367243 500.2638888888889 33.33333333333334
      vertex 15.940987320844037 500.11881202509005 -6.666666666666657
    endloop
  endfacet
  facet normal 0.8241261886218707 0.5664062369250437 0
    outer loop
      vertex 15.940987320844037 500.11881202509005 -6.666666666666657
      vertex 15.940987320844037 500.11881202509005 33.33333333333334
      vertex 16.03736143494809 499.9785868189384 -6.666666666666657
    endloop
  endfacet
  facet normal 0.7933533402914076 0.608761429008496 0
    outer loop
      vertex 16.03736143494809 499.9785868189384 -6.666666666666657
      vertex 16.03736143494809 499.9785868189384 33.33333333333334
      vertex 16.140942291931513 499.8435976179769 -6.666666666666657
    endloop
  endfacet
  facet normal 0.760405965599923 0.6494480483303101 0
    outer loop
      vertex 16.140942291931513 499.8435976179769 -6.666666666666657
      vertex 16.140942291931513 499.8435976179769 33.33333333333334
      vertex 16.251445983865136 499.71421441822264 -6.666666666666657
    endloop
  endfacet
  facet normal 0.7253743710122981 0.6883545756937429 0
    outer loop
      vertex 16.251445983865136 499.71421441822264 -6.666666666666657
      vertex 16.251445983865136 499.71421441822264 33.33333333333334
      vertex 16.368569627810388 499.59079185003264 -6.666666666666657
    endloop
  endfacet
  facet normal 0.6883545756937863 0.7253743710122569 0
    outer loop
      vertex 16.368569627810388 499.59079185003264 -6.666666666666657
      vertex 16.49199219600038 499.4736682060874 33.33333333333334
      vertex 16.49199219600038 499.4736682060874 -6.666666666666657
    endloop
  endfacet
  facet normal 0.6494480483301519 0.7604059656000581 0
    outer loop
      vertex 16.49199219600038 499.4736682060874 -6.666666666666657
      vertex 16.621375395754697 499.36316451415377 33.33333333333334
      vertex 16.621375395754697 499.36316451415377 -6.666666666666657
    endloop
  endfacet
  facet normal 0.6087614290088461 0.7933533402911388 0
    outer loop
      vertex 16.621375395754697 499.36316451415377 -6.666666666666657
      vertex 16.75636459671613 499.2595836571703 33.33333333333334
      vertex 16.75636459671613 499.2595836571703 -6.666666666666657
    endloop
  endfacet
  facet normal 0.5224985647157512 0.8526401643542133 0
    outer loop
      vertex 17.041666666666668 499.0743063265895 -6.666666666666657
      vertex 16.89658980286783 499.1632095430663 -6.666666666666657
      vertex 17.041666666666668 499.0743063265895 33.33333333333334
    endloop
  endfacet
  facet normal 0.47715876025970927 0.8788171126619106 0
    outer loop
      vertex 17.041666666666668 499.0743063265895 -6.666666666666657
      vertex 17.19119754251314 498.99311768527673 33.33333333333334
      vertex 17.19119754251314 498.99311768527673 -6.666666666666657
    endloop
  endfacet
  facet normal 0.5664062369247822 0.8241261886220503 0
    outer loop
      vertex 16.75636459671613 499.2595836571703 -6.666666666666657
      vertex 16.89658980286783 499.1632095430663 33.33333333333334
      vertex 16.89658980286783 499.1632095430663 -6.666666666666657
    endloop
  endfacet
  facet normal 0.9238795325112742 -0.3826834323651202 0
    outer loop
      vertex 15.63253028055076 503.05358472491116 -6.666666666666657
      vertex 15.697643929328216 503.2107829788853 -6.666666666666657
      vertex 15.697643929328216 503.2107829788853 33.33333333333334
    endloop
  endfacet
  facet normal 0.9025852843498251 -0.4305110968083695 0
    outer loop
      vertex 15.697643929328216 503.2107829788853 -6.666666666666657
      vertex 15.770895463054472 503.3643580130424 -6.666666666666657
      vertex 15.770895463054472 503.3643580130424 33.33333333333334
    endloop
  endfacet
  facet normal 0.8788171126619917 -0.47715876025956 0
    outer loop
      vertex 15.770895463054472 503.3643580130424 -6.666666666666657
      vertex 15.852084104367243 503.5138888888889 -6.666666666666657
      vertex 15.852084104367243 503.5138888888889 33.33333333333334
    endloop
  endfacet
  facet normal 0.8526401643541417 -0.5224985647158683 0
    outer loop
      vertex 15.852084104367243 503.5138888888889 -6.666666666666657
      vertex 15.940987320844037 503.6589657526878 -6.666666666666657
      vertex 15.940987320844037 503.6589657526878 33.33333333333334
    endloop
  endfacet
  facet normal 0.824126188621978 -0.5664062369248877 0
    outer loop
      vertex 15.940987320844037 503.6589657526878 -6.666666666666657
      vertex 16.03736143494809 503.79919095883946 -6.666666666666657
      vertex 16.03736143494809 503.79919095883946 33.33333333333334
    endloop
  endfacet
  facet normal 0.7933533402912838 -0.6087614290086573 0
    outer loop
      vertex 16.03736143494809 503.79919095883946 -6.666666666666657
      vertex 16.140942291931513 503.9341801598009 -6.666666666666657
      vertex 16.140942291931513 503.9341801598009 33.33333333333334
    endloop
  endfacet
  facet normal 0.7604059656000639 -0.649448048330145 0
    outer loop
      vertex 16.140942291931513 503.9341801598009 -6.666666666666657
      vertex 16.251445983865136 504.06356335955525 -6.666666666666657
      vertex 16.251445983865136 504.06356335955525 33.33333333333334
    endloop
  endfacet
  facet normal 0.7253743710122981 -0.6883545756937429 0
    outer loop
      vertex 16.251445983865136 504.06356335955525 -6.666666666666657
      vertex 16.368569627810388 504.18698592774524 -6.666666666666657
      vertex 16.368569627810388 504.18698592774524 33.33333333333334
    endloop
  endfacet
  facet normal 0.6883545756936106 -0.7253743710124236 0
    outer loop
      vertex 16.368569627810388 504.18698592774524 -6.666666666666657
      vertex 16.49199219600038 504.30410957169045 -6.666666666666657
      vertex 16.368569627810388 504.18698592774524 33.33333333333334
    endloop
  endfacet
  facet normal 0.649448048330345 -0.7604059655998932 0
    outer loop
      vertex 16.49199219600038 504.30410957169045 -6.666666666666657
      vertex 16.621375395754697 504.4146132636241 -6.666666666666657
      vertex 16.49199219600038 504.30410957169045 33.33333333333334
    endloop
  endfacet
  facet normal 0.608761429008636 -0.7933533402913002 0
    outer loop
      vertex 16.621375395754697 504.4146132636241 -6.666666666666657
      vertex 16.75636459671613 504.5181941206075 -6.666666666666657
      vertex 16.621375395754697 504.4146132636241 33.33333333333334
    endloop
  endfacet
  facet normal 0.5664062369247822 -0.8241261886220503 0
    outer loop
      vertex 16.75636459671613 504.5181941206075 -6.666666666666657
      vertex 16.89658980286783 504.61456823471156 -6.666666666666657
      vertex 16.75636459671613 504.5181941206075 33.33333333333334
    endloop
  endfacet
  facet normal 0.5224985647157512 -0.8526401643542133 0
    outer loop
      vertex 16.89658980286783 504.61456823471156 -6.666666666666657
      vertex 17.041666666666668 504.7034714511883 -6.666666666666657
      vertex 16.89658980286783 504.61456823471156 33.33333333333334
    endloop
  endfacet
  facet normal 0.47715876025970927 -0.8788171126619106 0
    outer loop
      vertex 17.041666666666668 504.7034714511883 -6.666666666666657
      vertex 17.19119754251314 504.7846600925011 -6.666666666666657
      vertex 17.041666666666668 504.7034714511883 33.33333333333334
    endloop
  endfacet
  facet normal 0.4305110968082625 0.9025852843498762 0
    outer loop
      vertex 17.19119754251314 498.99311768527673 -6.666666666666657
      vertex 17.344772576670316 498.9198661515505 33.33333333333334
      vertex 17.344772576670316 498.9198661515505 -6.666666666666657
    endloop
  endfacet
  facet normal 0.38268343236516933 0.9238795325112538 0
    outer loop
      vertex 17.344772576670316 498.9198661515505 -6.666666666666657
      vertex 17.501970830644442 498.854752502773 33.33333333333334
      vertex 17.501970830644442 498.854752502773 -6.666666666666657
    endloop
  endfacet
  facet normal 0.33380685923374465 0.9426414910921878 0
    outer loop
      vertex 17.501970830644442 498.854752502773 -6.666666666666657
      vertex 17.66236143494809 498.7979552109297 33.33333333333334
      vertex 17.66236143494809 498.7979552109297 -6.666666666666657
    endloop
  endfacet
  facet normal 0.2840153447038081 0.9588197348682269 0
    outer loop
      vertex 17.66236143494809 498.7979552109297 -6.666666666666657
      vertex 17.825504770083473 498.74962995344947 33.33333333333334
      vertex 17.825504770083473 498.74962995344947 -6.666666666666657
    endloop
  endfacet
  facet normal 0.23344536385580547 0.9723699203977005 0
    outer loop
      vertex 17.825504770083473 498.74962995344947 -6.666666666666657
      vertex 17.99095367150895 498.7099091865041 33.33333333333334
      vertex 17.99095367150895 498.7099091865041 -6.666666666666657
    endloop
  endfacet
  facet normal 0.1822355254923855 0.9832549075639104 0
    outer loop
      vertex 17.99095367150895 498.7099091865041 -6.666666666666657
      vertex 18.158254655285916 498.6789017819547 33.33333333333334
      vertex 18.158254655285916 498.6789017819547 -6.666666666666657
    endloop
  endfacet
  facet normal 0.13052619221986822 0.9914448613738345 0
    outer loop
      vertex 18.158254655285916 498.6789017819547 -6.666666666666657
      vertex 18.326949161046795 498.65669272894206 33.33333333333334
      vertex 18.326949161046795 498.65669272894206 -6.666666666666657
    endloop
  endfacet
  facet normal 0.07845909572807741 0.9969173337331098 0
    outer loop
      vertex 18.326949161046795 498.65669272894206 -6.666666666666657
      vertex 18.4965748088771 498.64334290093655 33.33333333333334
      vertex 18.4965748088771 498.64334290093655 -6.666666666666657
    endloop
  endfacet
  facet normal 0.026176948307851763 0.9996573249755578 0
    outer loop
      vertex 18.4965748088771 498.64334290093655 -6.666666666666657
      vertex 18.666666666666668 498.6388888888889 33.33333333333334
      vertex 18.666666666666668 498.6388888888889 -6.666666666666657
    endloop
  endfacet
  facet normal 0.43051109680853467 -0.9025852843497463 0
    outer loop
      vertex 17.19119754251314 504.7846600925011 -6.666666666666657
      vertex 17.344772576670316 504.8579116262274 -6.666666666666657
      vertex 17.19119754251314 504.7846600925011 33.33333333333334
    endloop
  endfacet
  facet normal 0.38268343236488417 -0.9238795325113719 0
    outer loop
      vertex 17.344772576670316 504.8579116262274 -6.666666666666657
      vertex 17.501970830644442 504.9230252750048 -6.666666666666657
      vertex 17.344772576670316 504.8579116262274 33.33333333333334
    endloop
  endfacet
  facet normal 0.33380685923374465 -0.9426414910921878 0
    outer loop
      vertex 17.501970830644442 504.9230252750048 -6.666666666666657
      vertex 17.66236143494809 504.97982256684816 -6.666666666666657
      vertex 17.501970830644442 504.9230252750048 33.33333333333334
    endloop
  endfacet
  facet normal 0.2840153447038081 -0.9588197348682269 0
    outer loop
      vertex 17.66236143494809 504.97982256684816 -6.666666666666657
      vertex 17.825504770083473 505.02814782432836 -6.666666666666657
      vertex 17.66236143494809 504.97982256684816 33.33333333333334
    endloop
  endfacet
  facet normal 0.23344536385612136 -0.9723699203976248 0
    outer loop
      vertex 17.825504770083473 505.02814782432836 -6.666666666666657
      vertex 17.99095367150895 505.0678685912738 -6.666666666666657
      vertex 17.825504770083473 505.02814782432836 33.33333333333334
    endloop
  endfacet
  facet normal 0.18223552549206254 -0.9832549075639704 0
    outer loop
      vertex 17.99095367150895 505.0678685912738 -6.666666666666657
      vertex 18.158254655285916 505.0988759958231 -6.666666666666657
      vertex 17.99095367150895 505.0678685912738 33.33333333333334
    endloop
  endfacet
  facet normal 0.1305261922201966 -0.9914448613737913 0
    outer loop
      vertex 18.158254655285916 505.0988759958231 -6.666666666666657
      vertex 18.326949161046795 505.1210850488358 -6.666666666666657
      vertex 18.158254655285916 505.0988759958231 33.33333333333334
    endloop
  endfacet
  facet normal 0.07845909572774538 -0.9969173337331358 0
    outer loop
      vertex 18.326949161046795 505.1210850488358 -6.666666666666657
      vertex 18.4965748088771 505.1344348768413 -6.666666666666657
      vertex 18.326949161046795 505.1210850488358 33.33333333333334
    endloop
  endfacet
  facet normal 0.026176948307851763 -0.9996573249755578 0
    outer loop
      vertex 18.4965748088771 505.1344348768413 -6.666666666666657
      vertex 18.666666666666668 505.1388888888889 -6.666666666666657
      vertex 18.4965748088771 505.1344348768413 33.33333333333334
    endloop
  endfacet
  facet normal 0 0 1
    outer loop
      vertex 15.63253028055076 520.8075263862 -6.666666666666657
      vertex 15.697643929328216 520.6503281322259 -6.666666666666657
      vertex 15.697643929328216 523.2941163122186 -6.666666666666657
    endloop
  endfacet
  facet normal 0 0 1
    outer loop
      vertex 15.697643929328216 520.6503281322259 -6.666666666666657
      vertex 15.770895463054472 520.4967530980687 -6.666666666666657
      vertex 15.770895463054472 523.4476913463758 -6.666666666666657
    endloop
  endfacet
  facet normal 0 0 1
    outer loop
      vertex 15.697643929328216 520.6503281322259 -6.666666666666657
      vertex 15.770895463054472 523.4476913463758 -6.666666666666657
      vertex 15.697643929328216 523.2941163122186 -6.666666666666657
    endloop
  endfacet
  facet normal 0 0 1
    outer loop
      vertex 15.770895463054472 520.4967530980687 -6.666666666666657
      vertex 15.852084104367243 520.3472222222223 -6.666666666666657
      vertex 15.852084104367243 523.5972222222223 -6.666666666666657
    endloop
  endfacet
  facet normal 0 0 1
    outer loop
      vertex 15.770895463054472 520.4967530980687 -6.666666666666657
      vertex 15.852084104367243 523.5972222222223 -6.666666666666657
      vertex 15.770895463054472 523.4476913463758 -6.666666666666657
    endloop
  endfacet
  facet normal 0 0 1
    outer loop
      vertex 15.852084104367243 520.3472222222223 -6.666666666666657
      vertex 15.940987320844037 520.2021453584234 -6.666666666666657
      vertex 15.940987320844037 523.7422990860211 -6.666666666666657
    endloop
  endfacet
  facet normal 0 0 1
    outer loop
      vertex 15.852084104367243 520.3472222222223 -6.666666666666657
      vertex 15.940987320844037 523.7422990860211 -6.666666666666657
      vertex 15.852084104367243 523.5972222222223 -6.666666666666657
    endloop
  endfacet
  facet normal 0 0 1
    outer loop
      vertex 15.940987320844037 520.2021453584234 -6.666666666666657
      vertex 16.03736143494809 520.0619201522717 -6.666666666666657
      vertex 16.03736143494809 523.8825242921728 -6.666666666666657
    endloop
  endfacet
  facet normal 0 0 1
    outer loop
      vertex 15.940987320844037 520.2021453584234 -6.666666666666657
      vertex 16.03736143494809 523.8825242921728 -6.666666666666657
      vertex 15.940987320844037 523.7422990860211 -6.666666666666657
    endloop
  endfacet
  facet normal 0 0 1
    outer loop
      vertex 16.140942291931513 519.9269309513103 -6.666666666666657
      vertex 16.251445983865136 519.797547751556 -6.666666666666657
      vertex 16.251445983865136 524.1468966928885 -6.666666666666657
    endloop
  endfacet
  facet normal 0 0 1
    outer loop
      vertex 16.251445983865136 519.797547751556 -6.666666666666657
      vertex 16.368569627810388 519.674125183366 -6.666666666666657
      vertex 16.368569627810388 524.2703192610785 -6.666666666666657
    endloop
  endfacet
  facet normal 0 0 1
    outer loop
      vertex 16.03736143494809 520.0619201522717 -6.666666666666657
      vertex 16.140942291931513 519.9269309513103 -6.666666666666657
      vertex 16.140942291931513 524.0175134931342 -6.666666666666657
    endloop
  endfacet
  facet normal 0 0 1
    outer loop
      vertex 16.03736143494809 520.0619201522717 -6.666666666666657
      vertex 16.140942291931513 524.0175134931342 -6.666666666666657
      vertex 16.03736143494809 523.8825242921728 -6.666666666666657
    endloop
  endfacet
  facet normal 0 0 1
    outer loop
      vertex 16.140942291931513 519.9269309513103 -6.666666666666657
      vertex 16.251445983865136 524.1468966928885 -6.666666666666657
      vertex 16.140942291931513 524.0175134931342 -6.666666666666657
    endloop
  endfacet
  facet normal 0 0 1
    outer loop
      vertex 16.251445983865136 519.797547751556 -6.666666666666657
      vertex 16.368569627810388 524.2703192610785 -6.666666666666657
      vertex 16.251445983865136 524.1468966928885 -6.666666666666657
    endloop
  endfacet
  facet normal 0 0 1
    outer loop
      vertex 16.368569627810388 519.674125183366 -6.666666666666657
      vertex 16.49199219600038 524.3874429050238 -6.666666666666657
      vertex 16.368569627810388 524.2703192610785 -6.666666666666657
    endloop
  endfacet
  facet normal 0 0 1
    outer loop
      vertex 16.368569627810388 519.674125183366 -6.666666666666657
      vertex 16.49199219600038 519.5570015394208 -6.666666666666657
      vertex 16.49199219600038 524.3874429050238 -6.666666666666657
    endloop
  endfacet
  facet normal 0 0 1
    outer loop
      vertex 16.49199219600038 519.5570015394208 -6.666666666666657
      vertex 16.621375395754697 519.4464978474871 -6.666666666666657
      vertex 16.621375395754697 524.4979465969574 -6.666666666666657
    endloop
  endfacet
  facet normal 0 0 1
    outer loop
      vertex 16.621375395754697 519.4464978474871 -6.666666666666657
      vertex 16.75636459671613 519.3429169905037 -6.666666666666657
      vertex 16.75636459671613 524.6015274539409 -6.666666666666657
    endloop
  endfacet
  facet normal 0 0 1
    outer loop
      vertex 16.49199219600038 519.5570015394208 -6.666666666666657
      vertex 16.621375395754697 524.4979465969574 -6.666666666666657
      vertex 16.49199219600038 524.3874429050238 -6.666666666666657
    endloop
  endfacet
  facet normal 0 0 1
    outer loop
      vertex 16.621375395754697 519.4464978474871 -6.666666666666657
      vertex 16.75636459671613 524.6015274539409 -6.666666666666657
      vertex 16.621375395754697 524.4979465969574 -6.666666666666657
    endloop
  endfacet
  facet normal 0 0 1
    outer loop
      vertex 16.75636459671613 519.3429169905037 -6.666666666666657
      vertex 16.89658980286783 519.2465428763996 -6.666666666666657
      vertex 16.89658980286783 524.6979015680449 -6.666666666666657
    endloop
  endfacet
  facet normal 0 0 1
    outer loop
      vertex 16.89658980286783 519.2465428763996 -6.666666666666657
      vertex 17.041666666666668 519.1576396599228 -6.666666666666657
      vertex 17.041666666666668 524.7868047845217 -6.666666666666657
    endloop
  endfacet
  facet normal 0 0 1
    outer loop
      vertex 17.041666666666668 519.1576396599228 -6.666666666666657
      vertex 17.19119754251314 519.0764510186101 -6.666666666666657
      vertex 17.19119754251314 524.8679934258345 -6.666666666666657
    endloop
  endfacet
  facet normal 0 0 1
    outer loop
      vertex 16.75636459671613 519.3429169905037 -6.666666666666657
      vertex 16.89658980286783 524.6979015680449 -6.666666666666657
      vertex 16.75636459671613 524.6015274539409 -6.666666666666657
    endloop
  endfacet
  facet normal 0 0 1
    outer loop
      vertex 16.89658980286783 519.2465428763996 -6.666666666666657
      vertex 17.041666666666668 524.7868047845217 -6.666666666666657
      vertex 16.89658980286783 524.6979015680449 -6.666666666666657
    endloop
  endfacet
  facet normal 0 0 1
    outer loop
      vertex 17.041666666666668 519.1576396599228 -6.666666666666657
      vertex 17.19119754251314 524.8679934258345 -6.666666666666657
      vertex 17.041666666666668 524.7868047845217 -6.666666666666657
    endloop
  endfacet
  facet normal 0 0 1
    outer loop
      vertex 17.19119754251314 519.0764510186101 -6.666666666666657
      vertex 17.344772576670316 519.0031994848838 -6.666666666666657
      vertex 17.344772576670316 524.9412449595607 -6.666666666666657
    endloop
  endfacet
  facet normal 0 0 1
    outer loop
      vertex 17.344772576670316 519.0031994848838 -6.666666666666657
      vertex 17.501970830644442 518.9380858361063 -6.666666666666657
      vertex 17.501970830644442 525.0063586083381 -6.666666666666657
    endloop
  endfacet
  facet normal 0 0 1
    outer loop
      vertex 17.19119754251314 519.0764510186101 -6.666666666666657
      vertex 17.344772576670316 524.9412449595607 -6.666666666666657
      vertex 17.19119754251314 524.8679934258345 -6.666666666666657
    endloop
  endfacet
  facet normal 0 0 1
    outer loop
      vertex 17.344772576670316 519.0031994848838 -6.666666666666657
      vertex 17.501970830644442 525.0063586083381 -6.666666666666657
      vertex 17.344772576670316 524.9412449595607 -6.666666666666657
    endloop
  endfacet
  facet normal 0 0 1
    outer loop
      vertex 17.501970830644442 518.9380858361063 -6.666666666666657
      vertex 17.66236143494809 518.881288544263 -6.666666666666657
      vertex 17.66236143494809 525.0631559001815 -6.666666666666657
    endloop
  endfacet
  facet normal 0 0 1
    outer loop
      vertex 17.66236143494809 518.881288544263 -6.666666666666657
      vertex 17.825504770083473 518.8329632867828 -6.666666666666657
      vertex 17.825504770083473 525.1114811576617 -6.666666666666657
    endloop
  endfacet
  facet normal 0 0 1
    outer loop
      vertex 17.501970830644442 518.9380858361063 -6.666666666666657
      vertex 17.66236143494809 525.0631559001815 -6.666666666666657
      vertex 17.501970830644442 525.0063586083381 -6.666666666666657
    endloop
  endfacet
  facet normal 0 0 1
    outer loop
      vertex 17.66236143494809 518.881288544263 -6.666666666666657
      vertex 17.825504770083473 525.1114811576617 -6.666666666666657
      vertex 17.66236143494809 525.0631559001815 -6.666666666666657
    endloop
  endfacet
  facet normal 0 0 1
    outer loop
      vertex 17.825504770083473 518.8329632867828 -6.666666666666657
      vertex 17.99095367150895 525.1512019246071 -6.666666666666657
      vertex 17.825504770083473 525.1114811576617 -6.666666666666657
    endloop
  endfacet
  facet normal 0 0 1
    outer loop
      vertex 17.825504770083473 518.8329632867828 -6.666666666666657
      vertex 17.99095367150895 518.7932425198373 -6.666666666666657
      vertex 17.99095367150895 525.1512019246071 -6.666666666666657
    endloop
  endfacet
  facet normal 0 0 1
    outer loop
      vertex 17.99095367150895 518.7932425198373 -6.666666666666657
      vertex 18.158254655285916 518.762235115288 -6.666666666666657
      vertex 18.158254655285916 525.1822093291564 -6.666666666666657
    endloop
  endfacet
  facet normal 0 0 1
    outer loop
      vertex 18.158254655285916 518.762235115288 -6.666666666666657
      vertex 18.326949161046795 518.7400260622753 -6.666666666666657
      vertex 18.326949161046795 525.2044183821691 -6.666666666666657
    endloop
  endfacet
  facet normal 0 0 1
    outer loop
      vertex 17.99095367150895 518.7932425198373 -6.666666666666657
      vertex 18.158254655285916 525.1822093291564 -6.666666666666657
      vertex 17.99095367150895 525.1512019246071 -6.666666666666657
    endloop
  endfacet
  facet normal 0 0 1
    outer loop
      vertex 18.158254655285916 518.762235115288 -6.666666666666657
      vertex 18.326949161046795 525.2044183821691 -6.666666666666657
      vertex 18.158254655285916 525.1822093291564 -6.666666666666657
    endloop
  endfacet
  facet normal 0 0 1
    outer loop
      vertex 18.326949161046795 518.7400260622753 -6.666666666666657
      vertex 18.4965748088771 518.7266762342699 -6.666666666666657
      vertex 18.4965748088771 525.2177682101747 -6.666666666666657
    endloop
  endfacet
  facet normal 0 0 1
    outer loop
      vertex 18.4965748088771 518.7266762342699 -6.666666666666657
      vertex 18.666666666666668 518.7222222222223 -6.666666666666657
      vertex 18.666666666666668 525.2222222222223 -6.666666666666657
    endloop
  endfacet
  facet normal 0 0 1
    outer loop
      vertex 18.326949161046795 518.7400260622753 -6.666666666666657
      vertex 18.4965748088771 525.2177682101747 -6.666666666666657
      vertex 18.326949161046795 525.2044183821691 -6.666666666666657
    endloop
  endfacet
  facet normal 0 0 1
    outer loop
      vertex 18.4965748088771 518.7266762342699 -6.666666666666657
      vertex 18.666666666666668 525.2222222222223 -6.666666666666657
      vertex 18.4965748088771 525.2177682101747 -6.666666666666657
    endloop
  endfacet
  facet normal 0.9025852843499489 0.4305110968081099 0
    outer loop
      vertex 15.697643929328216 520.6503281322259 -6.666666666666657
      vertex 15.697643929328216 520.6503281322259 33.33333333333334
      vertex 15.770895463054472 520.4967530980687 -6.666666666666657
    endloop
  endfacet
  facet normal 0.8788171126618395 0.47715876025984016 0
    outer loop
      vertex 15.770895463054472 520.4967530980687 -6.666666666666657
      vertex 15.770895463054472 520.4967530980687 33.33333333333334
      vertex 15.852084104367243 520.3472222222223 -6.666666666666657
    endloop
  endfacet
  facet normal 0.8526401643541417 0.5224985647158683 0
    outer loop
      vertex 15.852084104367243 520.3472222222223 -6.666666666666657
      vertex 15.852084104367243 520.3472222222223 33.33333333333334
      vertex 15.940987320844037 520.2021453584234 -6.666666666666657
    endloop
  endfacet
  facet normal 0.8241261886220851 0.5664062369247318 0
    outer loop
      vertex 15.940987320844037 520.2021453584234 -6.666666666666657
      vertex 15.940987320844037 520.2021453584234 33.33333333333334
      vertex 16.03736143494809 520.0619201522717 -6.666666666666657
    endloop
  endfacet
  facet normal 0.9238795325113721 -0.382683432364884 0
    outer loop
      vertex 15.63253028055076 523.1369180582444 -6.666666666666657
      vertex 15.697643929328216 523.2941163122186 -6.666666666666657
      vertex 15.697643929328216 523.2941163122186 33.33333333333334
    endloop
  endfacet
  facet normal 0.9025852843498251 -0.4305110968083695 0
    outer loop
      vertex 15.697643929328216 523.2941163122186 -6.666666666666657
      vertex 15.770895463054472 523.4476913463758 -6.666666666666657
      vertex 15.770895463054472 523.4476913463758 33.33333333333334
    endloop
  endfacet
  facet normal 0.8788171126619917 -0.47715876025956 0
    outer loop
      vertex 15.770895463054472 523.4476913463758 -6.666666666666657
      vertex 15.852084104367243 523.5972222222223 -6.666666666666657
      vertex 15.852084104367243 523.5972222222223 33.33333333333334
    endloop
  endfacet
  facet normal 0.8526401643541417 -0.5224985647158683 0
    outer loop
      vertex 15.852084104367243 523.5972222222223 -6.666666666666657
      vertex 15.940987320844037 523.7422990860211 -6.666666666666657
      vertex 15.940987320844037 523.7422990860211 33.33333333333334
    endloop
  endfacet
  facet normal 0.8241261886218707 -0.5664062369250437 0
    outer loop
      vertex 15.940987320844037 523.7422990860211 -6.666666666666657
      vertex 16.03736143494809 523.8825242921728 -6.666666666666657
      vertex 16.03736143494809 523.8825242921728 33.33333333333334
    endloop
  endfacet
  facet normal 0.7604059656000639 0.649448048330145 0
    outer loop
      vertex 16.140942291931513 519.9269309513103 -6.666666666666657
      vertex 16.140942291931513 519.9269309513103 33.33333333333334
      vertex 16.251445983865136 519.797547751556 -6.666666666666657
    endloop
  endfacet
  facet normal 0.79335334029116 0.6087614290088187 0
    outer loop
      vertex 16.03736143494809 520.0619201522717 -6.666666666666657
      vertex 16.03736143494809 520.0619201522717 33.33333333333334
      vertex 16.140942291931513 519.9269309513103 -6.666666666666657
    endloop
  endfacet
  facet normal 0.7253743710122981 0.6883545756937429 0
    outer loop
      vertex 16.251445983865136 519.797547751556 -6.666666666666657
      vertex 16.251445983865136 519.797547751556 33.33333333333334
      vertex 16.368569627810388 519.674125183366 -6.666666666666657
    endloop
  endfacet
  facet normal 0.79335334029116 -0.6087614290088187 0
    outer loop
      vertex 16.03736143494809 523.8825242921728 -6.666666666666657
      vertex 16.140942291931513 524.0175134931342 -6.666666666666657
      vertex 16.140942291931513 524.0175134931342 33.33333333333334
    endloop
  endfacet
  facet normal 0.7604059656000639 -0.649448048330145 0
    outer loop
      vertex 16.140942291931513 524.0175134931342 -6.666666666666657
      vertex 16.251445983865136 524.1468966928885 -6.666666666666657
      vertex 16.251445983865136 524.1468966928885 33.33333333333334
    endloop
  endfacet
  facet normal 0.6883545756936106 0.7253743710124236 0
    outer loop
      vertex 16.368569627810388 519.674125183366 -6.666666666666657
      vertex 16.49199219600038 519.5570015394208 33.33333333333334
      vertex 16.49199219600038 519.5570015394208 -6.666666666666657
    endloop
  endfacet
  facet normal 0.649448048330345 0.7604059655998932 0
    outer loop
      vertex 16.49199219600038 519.5570015394208 -6.666666666666657
      vertex 16.621375395754697 519.4464978474871 33.33333333333334
      vertex 16.621375395754697 519.4464978474871 -6.666666666666657
    endloop
  endfacet
  facet normal 0.608761429008636 0.7933533402913002 0
    outer loop
      vertex 16.621375395754697 519.4464978474871 -6.666666666666657
      vertex 16.75636459671613 519.3429169905037 33.33333333333334
      vertex 16.75636459671613 519.3429169905037 -6.666666666666657
    endloop
  endfacet
  facet normal 0.5664062369247822 0.8241261886220503 0
    outer loop
      vertex 16.75636459671613 519.3429169905037 -6.666666666666657
      vertex 16.89658980286783 519.2465428763996 33.33333333333334
      vertex 16.89658980286783 519.2465428763996 -6.666666666666657
    endloop
  endfacet
  facet normal 0.5224985647162369 0.8526401643539157 0
    outer loop
      vertex 16.89658980286783 519.2465428763996 -6.666666666666657
      vertex 17.041666666666668 519.1576396599228 33.33333333333334
      vertex 17.041666666666668 519.1576396599228 -6.666666666666657
    endloop
  endfacet
  facet normal 0.47715876025919324 0.8788171126621908 0
    outer loop
      vertex 17.041666666666668 519.1576396599228 -6.666666666666657
      vertex 17.19119754251314 519.0764510186101 33.33333333333334
      vertex 17.19119754251314 519.0764510186101 -6.666666666666657
    endloop
  endfacet
  facet normal 0.7253743710122981 -0.6883545756937429 0
    outer loop
      vertex 16.251445983865136 524.1468966928885 -6.666666666666657
      vertex 16.368569627810388 524.2703192610785 -6.666666666666657
      vertex 16.368569627810388 524.2703192610785 33.33333333333334
    endloop
  endfacet
  facet normal 0.6883545756939622 -0.7253743710120901 0
    outer loop
      vertex 16.368569627810388 524.2703192610785 -6.666666666666657
      vertex 16.49199219600038 524.3874429050238 -6.666666666666657
      vertex 16.368569627810388 524.2703192610785 33.33333333333334
    endloop
  endfacet
  facet normal 0.6494480483299586 -0.760405965600223 0
    outer loop
      vertex 16.49199219600038 524.3874429050238 -6.666666666666657
      vertex 16.621375395754697 524.4979465969574 -6.666666666666657
      vertex 16.49199219600038 524.3874429050238 33.33333333333334
    endloop
  endfacet
  facet normal 0.6087614290090564 -0.7933533402909775 0
    outer loop
      vertex 16.621375395754697 524.4979465969574 -6.666666666666657
      vertex 16.75636459671613 524.6015274539409 -6.666666666666657
      vertex 16.621375395754697 524.4979465969574 33.33333333333334
    endloop
  endfacet
  facet normal 0.5664062369247822 -0.8241261886220503 0
    outer loop
      vertex 16.75636459671613 524.6015274539409 -6.666666666666657
      vertex 16.89658980286783 524.6979015680449 -6.666666666666657
      vertex 16.75636459671613 524.6015274539409 33.33333333333334
    endloop
  endfacet
  facet normal 0.5224985647157512 -0.8526401643542133 0
    outer loop
      vertex 16.89658980286783 524.6979015680449 -6.666666666666657
      vertex 17.041666666666668 524.7868047845217 -6.666666666666657
      vertex 16.89658980286783 524.6979015680449 33.33333333333334
    endloop
  endfacet
  facet normal 0.47715876025970927 -0.8788171126619106 0
    outer loop
      vertex 17.041666666666668 524.7868047845217 -6.666666666666657
      vertex 17.19119754251314 524.8679934258345 -6.666666666666657
      vertex 17.041666666666668 524.7868047845217 33.33333333333334
    endloop
  endfacet
  facet normal 0.43051109680853467 0.9025852843497463 0
    outer loop
      vertex 17.19119754251314 519.0764510186101 -6.666666666666657
      vertex 17.344772576670316 519.0031994848838 33.33333333333334
      vertex 17.344772576670316 519.0031994848838 -6.666666666666657
    endloop
  endfacet
  facet normal 0.38268343236516933 0.9238795325112538 0
    outer loop
      vertex 17.344772576670316 519.0031994848838 -6.666666666666657
      vertex 17.501970830644442 518.9380858361063 33.33333333333334
      vertex 17.501970830644442 518.9380858361063 -6.666666666666657
    endloop
  endfacet
  facet normal 0.3338068592334478 0.9426414910922928 0
    outer loop
      vertex 17.501970830644442 518.9380858361063 -6.666666666666657
      vertex 17.66236143494809 518.881288544263 33.33333333333334
      vertex 17.66236143494809 518.881288544263 -6.666666666666657
    endloop
  endfacet
  facet normal 0.2840153447038081 0.9588197348682269 0
    outer loop
      vertex 17.66236143494809 518.881288544263 -6.666666666666657
      vertex 17.825504770083473 518.8329632867828 33.33333333333334
      vertex 17.825504770083473 518.8329632867828 -6.666666666666657
    endloop
  endfacet
  facet normal 0.23344536385643722 0.9723699203975489 0
    outer loop
      vertex 17.825504770083473 518.8329632867828 -6.666666666666657
      vertex 17.99095367150895 518.7932425198373 33.33333333333334
      vertex 17.99095367150895 518.7932425198373 -6.666666666666657
    endloop
  endfacet
  facet normal 0.18223552549206254 0.9832549075639704 0
    outer loop
      vertex 17.99095367150895 518.7932425198373 -6.666666666666657
      vertex 18.158254655285916 518.762235115288 33.33333333333334
      vertex 18.158254655285916 518.762235115288 -6.666666666666657
    endloop
  endfacet
  facet normal 0.1305261922201966 0.9914448613737913 0
    outer loop
      vertex 18.158254655285916 518.762235115288 -6.666666666666657
      vertex 18.326949161046795 518.7400260622753 33.33333333333334
      vertex 18.326949161046795 518.7400260622753 -6.666666666666657
    endloop
  endfacet
  facet normal 0.07845909572741336 0.9969173337331618 0
    outer loop
      vertex 18.326949161046795 518.7400260622753 -6.666666666666657
      vertex 18.4965748088771 518.7266762342699 33.33333333333334
      vertex 18.4965748088771 518.7266762342699 -6.666666666666657
    endloop
  endfacet
  facet normal 0.026176948307851763 0.9996573249755578 0
    outer loop
      vertex 18.4965748088771 518.7266762342699 -6.666666666666657
      vertex 18.666666666666668 518.7222222222223 33.33333333333334
      vertex 18.666666666666668 518.7222222222223 -6.666666666666657
    endloop
  endfacet
  facet normal 0.4305110968079903 -0.902585284350006 0
    outer loop
      vertex 17.19119754251314 524.8679934258345 -6.666666666666657
      vertex 17.344772576670316 524.9412449595607 -6.666666666666657
      vertex 17.19119754251314 524.8679934258345 33.33333333333334
    endloop
  endfacet
  facet normal 0.38268343236516933 -0.9238795325112538 0
    outer loop
      vertex 17.344772576670316 524.9412449595607 -6.666666666666657
      vertex 17.501970830644442 525.0063586083381 -6.666666666666657
      vertex 17.344772576670316 524.9412449595607 33.33333333333334
    endloop
  endfacet
  facet normal 0.33380685923404146 -0.9426414910920825 0
    outer loop
      vertex 17.501970830644442 525.0063586083381 -6.666666666666657
      vertex 17.66236143494809 525.0631559001815 -6.666666666666657
      vertex 17.501970830644442 525.0063586083381 33.33333333333334
    endloop
  endfacet
  facet normal 0.2840153447038081 -0.9588197348682269 0
    outer loop
      vertex 17.66236143494809 525.0631559001815 -6.666666666666657
      vertex 17.825504770083473 525.1114811576617 -6.666666666666657
      vertex 17.66236143494809 525.0631559001815 33.33333333333334
    endloop
  endfacet
  facet normal 0.23344536385580547 -0.9723699203977005 0
    outer loop
      vertex 17.825504770083473 525.1114811576617 -6.666666666666657
      vertex 17.99095367150895 525.1512019246071 -6.666666666666657
      vertex 17.825504770083473 525.1114811576617 33.33333333333334
    endloop
  endfacet
  facet normal 0.18223552549206254 -0.9832549075639704 0
    outer loop
      vertex 17.99095367150895 525.1512019246071 -6.666666666666657
      vertex 18.158254655285916 525.1822093291564 -6.666666666666657
      vertex 17.99095367150895 525.1512019246071 33.33333333333334
    endloop
  endfacet
  facet normal 0.1305261922201966 -0.9914448613737913 0
    outer loop
      vertex 18.158254655285916 525.1822093291564 -6.666666666666657
      vertex 18.326949161046795 525.2044183821691 -6.666666666666657
      vertex 18.158254655285916 525.1822093291564 33.33333333333334
    endloop
  endfacet
  facet normal 0.07845909572807741 -0.9969173337331098 0
    outer loop
      vertex 18.326949161046795 525.2044183821691 -6.666666666666657
      vertex 18.4965748088771 525.2177682101747 -6.666666666666657
      vertex 18.326949161046795 525.2044183821691 33.33333333333334
    endloop
  endfacet
  facet normal 0.026176948307851763 -0.9996573249755578 0
    outer loop
      vertex 18.4965748088771 525.2177682101747 -6.666666666666657
      vertex 18.666666666666668 525.2222222222223 -6.666666666666657
      vertex 18.4965748088771 525.2177682101747 33.33333333333334
    endloop
  endfacet
  facet normal 0.9969173337331292 0.07845909572783119 0
    outer loop
      vertex 15.43447050671978 501.549171383269 -6.666666666666657
      vertex 15.421120678714303 501.71879703109937 33.33333333333334
      vertex 15.43447050671978 501.549171383269 33.33333333333334
    endloop
  endfacet
  facet normal 0.9996573249755571 0.026176948307876452 0
    outer loop
      vertex 15.421120678714303 501.71879703109937 -6.666666666666657
      vertex 15.416666666666668 501.8888888888889 33.33333333333334
      vertex 15.421120678714303 501.71879703109937 33.33333333333334
    endloop
  endfacet
  facet normal 0.9914448613738118 0.1305261922200405 0
    outer loop
      vertex 15.456679559732468 501.38047687750816 -6.666666666666657
      vertex 15.43447050671978 501.549171383269 33.33333333333334
      vertex 15.456679559732468 501.38047687750816 33.33333333333334
    endloop
  endfacet
  facet normal 0.9832549075639495 0.1822355254921747 0
    outer loop
      vertex 15.4876869642818 501.2131758937312 -6.666666666666657
      vertex 15.456679559732468 501.38047687750816 33.33333333333334
      vertex 15.4876869642818 501.2131758937312 33.33333333333334
    endloop
  endfacet
  facet normal 0.9723699203976723 0.23344536385592315 0
    outer loop
      vertex 15.527407731227196 501.04772699230574 -6.666666666666657
      vertex 15.4876869642818 501.2131758937312 33.33333333333334
      vertex 15.527407731227196 501.04772699230574 33.33333333333334
    endloop
  endfacet
  facet normal 0.9588197348682147 0.28401534470384937 0
    outer loop
      vertex 15.575732988707419 500.8845836571703 -6.666666666666657
      vertex 15.527407731227196 501.04772699230574 33.33333333333334
      vertex 15.575732988707419 500.8845836571703 33.33333333333334
    endloop
  endfacet
  facet normal 0.9426414910921788 0.33380685923376974 0
    outer loop
      vertex 15.63253028055076 500.72419305286667 -6.666666666666657
      vertex 15.575732988707419 500.8845836571703 33.33333333333334
      vertex 15.63253028055076 500.72419305286667 33.33333333333334
    endloop
  endfacet
  facet normal 0.9996573249755571 -0.026176948307876452 0
    outer loop
      vertex 15.416666666666668 501.8888888888889 -6.666666666666657
      vertex 15.421120678714303 502.05898074667846 33.33333333333334
      vertex 15.416666666666668 501.8888888888889 33.33333333333334
    endloop
  endfacet
  facet normal 0.9969173337331292 -0.07845909572783119 0
    outer loop
      vertex 15.421120678714303 502.05898074667846 -6.666666666666657
      vertex 15.43447050671978 502.2286063945088 33.33333333333334
      vertex 15.421120678714303 502.05898074667846 33.33333333333334
    endloop
  endfacet
  facet normal 0.9914448613738118 -0.1305261922200405 0
    outer loop
      vertex 15.43447050671978 502.2286063945088 -6.666666666666657
      vertex 15.456679559732468 502.39730090026967 33.33333333333334
      vertex 15.43447050671978 502.2286063945088 33.33333333333334
    endloop
  endfacet
  facet normal 0.9832549075639495 -0.1822355254921747 0
    outer loop
      vertex 15.456679559732468 502.39730090026967 -6.666666666666657
      vertex 15.4876869642818 502.5646018840466 33.33333333333334
      vertex 15.456679559732468 502.39730090026967 33.33333333333334
    endloop
  endfacet
  facet normal 0.9723699203976904 -0.2334453638558473 0
    outer loop
      vertex 15.4876869642818 502.5646018840466 -6.666666666666657
      vertex 15.527407731227196 502.73005078547214 33.33333333333334
      vertex 15.4876869642818 502.5646018840466 33.33333333333334
    endloop
  endfacet
  facet normal 0.9588197348681877 -0.2840153447039403 0
    outer loop
      vertex 15.527407731227196 502.73005078547214 -6.666666666666657
      vertex 15.575732988707419 502.8931941206075 33.33333333333334
      vertex 15.527407731227196 502.73005078547214 33.33333333333334
    endloop
  endfacet
  facet normal 0.9426414910921788 -0.33380685923376974 0
    outer loop
      vertex 15.575732988707419 502.8931941206075 -6.666666666666657
      vertex 15.63253028055076 503.05358472491116 33.33333333333334
      vertex 15.575732988707419 502.8931941206075 33.33333333333334
    endloop
  endfacet
  facet normal 0.9238795325112742 -0.3826834323651202 0
    outer loop
      vertex 15.63253028055076 503.05358472491116 -6.666666666666657
      vertex 15.697643929328216 503.2107829788853 33.33333333333334
      vertex 15.63253028055076 503.05358472491116 33.33333333333334
    endloop
  endfacet
  facet normal 0 0 1
    outer loop
      vertex 6.666666666666667 489.0555555555556 33.33333333333334
      vertex 16.140942291931513 499.8435976179769 33.33333333333334
      vertex 16.03736143494809 499.9785868189384 33.33333333333334
    endloop
  endfacet
  facet normal 0 0 1
    outer loop
      vertex 6.666666666666667 489.0555555555556 33.33333333333334
      vertex 16.251445983865136 499.71421441822264 33.33333333333334
      vertex 16.140942291931513 499.8435976179769 33.33333333333334
    endloop
  endfacet
  facet normal 0 0 1
    outer loop
      vertex 6.666666666666667 489.0555555555556 33.33333333333334
      vertex 16.368569627810388 499.59079185003264 33.33333333333334
      vertex 16.251445983865136 499.71421441822264 33.33333333333334
    endloop
  endfacet
  facet normal 0 0 1
    outer loop
      vertex 6.666666666666667 489.0555555555556 33.33333333333334
      vertex 16.49199219600038 499.4736682060874 33.33333333333334
      vertex 16.368569627810388 499.59079185003264 33.33333333333334
    endloop
  endfacet
  facet normal 0 0 1
    outer loop
      vertex 6.666666666666667 489.0555555555556 33.33333333333334
      vertex 16.621375395754697 499.36316451415377 33.33333333333334
      vertex 16.49199219600038 499.4736682060874 33.33333333333334
    endloop
  endfacet
  facet normal 0 0 1
    outer loop
      vertex 6.666666666666667 489.0555555555556 33.33333333333334
      vertex 16.75636459671613 499.2595836571703 33.33333333333334
      vertex 16.621375395754697 499.36316451415377 33.33333333333334
    endloop
  endfacet
  facet normal 0 0 1
    outer loop
      vertex 6.666666666666667 489.0555555555556 33.33333333333334
      vertex 16.03736143494809 499.9785868189384 33.33333333333334
      vertex 15.940987320844037 500.11881202509005 33.33333333333334
    endloop
  endfacet
  facet normal 0 0 1
    outer loop
      vertex 6.666666666666667 489.0555555555556 33.33333333333334
      vertex 16.89658980286783 499.1632095430663 33.33333333333334
      vertex 16.75636459671613 499.2595836571703 33.33333333333334
    endloop
  endfacet
  facet normal 0 0 1
    outer loop
      vertex 6.666666666666667 489.0555555555556 33.33333333333334
      vertex 17.041666666666668 499.0743063265895 33.33333333333334
      vertex 16.89658980286783 499.1632095430663 33.33333333333334
    endloop
  endfacet
  facet normal 0 0 1
    outer loop
      vertex 6.666666666666667 489.0555555555556 33.33333333333334
      vertex 17.19119754251314 498.99311768527673 33.33333333333334
      vertex 17.041666666666668 499.0743063265895 33.33333333333334
    endloop
  endfacet
  facet normal 0 0 1
    outer loop
      vertex 6.666666666666667 489.0555555555556 33.33333333333334
      vertex 17.344772576670316 498.9198661515505 33.33333333333334
      vertex 17.19119754251314 498.99311768527673 33.33333333333334
    endloop
  endfacet
  facet normal 0 0 1
    outer loop
      vertex 6.666666666666667 489.0555555555556 33.33333333333334
      vertex 17.501970830644442 498.854752502773 33.33333333333334
      vertex 17.344772576670316 498.9198661515505 33.33333333333334
    endloop
  endfacet
  facet normal 0 0 1
    outer loop
      vertex 6.666666666666667 489.0555555555556 33.33333333333334
      vertex 17.66236143494809 498.7979552109297 33.33333333333334
      vertex 17.501970830644442 498.854752502773 33.33333333333334
    endloop
  endfacet
  facet normal 0 0 1
    outer loop
      vertex 6.666666666666667 489.0555555555556 33.33333333333334
      vertex 17.825504770083473 498.74962995344947 33.33333333333334
      vertex 17.66236143494809 498.7979552109297 33.33333333333334
    endloop
  endfacet
  facet normal 0 0 1
    outer loop
      vertex 6.666666666666667 489.0555555555556 33.33333333333334
      vertex 17.99095367150895 498.7099091865041 33.33333333333334
      vertex 17.825504770083473 498.74962995344947 33.33333333333334
    endloop
  endfacet
  facet normal 0 0 1
    outer loop
      vertex 6.666666666666667 515.2222222222223 33.33333333333334
      vertex 15.770895463054472 500.4134197647354 33.33333333333334
      vertex 15.697643929328216 500.56699479889255 33.33333333333334
    endloop
  endfacet
  facet normal 0 0 1
    outer loop
      vertex 6.666666666666667 515.2222222222223 33.33333333333334
      vertex 15.852084104367243 500.2638888888889 33.33333333333334
      vertex 15.770895463054472 500.4134197647354 33.33333333333334
    endloop
  endfacet
  facet normal 0 0 1
    outer loop
      vertex 6.666666666666667 515.2222222222223 33.33333333333334
      vertex 15.940987320844037 500.11881202509005 33.33333333333334
      vertex 15.852084104367243 500.2638888888889 33.33333333333334
    endloop
  endfacet
  facet normal 0 0 1
    outer loop
      vertex 6.666666666666667 515.2222222222223 33.33333333333334
      vertex 15.697643929328216 503.2107829788853 33.33333333333334
      vertex 15.770895463054472 503.3643580130424 33.33333333333334
    endloop
  endfacet
  facet normal 0 0 1
    outer loop
      vertex 6.666666666666667 515.2222222222223 33.33333333333334
      vertex 15.770895463054472 503.3643580130424 33.33333333333334
      vertex 15.852084104367243 503.5138888888889 33.33333333333334
    endloop
  endfacet
  facet normal 0 0 1
    outer loop
      vertex 6.666666666666667 515.2222222222223 33.33333333333334
      vertex 15.852084104367243 503.5138888888889 33.33333333333334
      vertex 15.940987320844037 503.6589657526878 33.33333333333334
    endloop
  endfacet
  facet normal 0 0 1
    outer loop
      vertex 6.666666666666667 515.2222222222223 33.33333333333334
      vertex 15.940987320844037 503.6589657526878 33.33333333333334
      vertex 16.03736143494809 503.79919095883946 33.33333333333334
    endloop
  endfacet
  facet normal 0 0 1
    outer loop
      vertex 6.666666666666667 515.2222222222223 33.33333333333334
      vertex 16.03736143494809 503.79919095883946 33.33333333333334
      vertex 16.140942291931513 503.9341801598009 33.33333333333334
    endloop
  endfacet
  facet normal 0 0 1
    outer loop
      vertex 6.666666666666667 515.2222222222223 33.33333333333334
      vertex 16.140942291931513 503.9341801598009 33.33333333333334
      vertex 16.251445983865136 504.06356335955525 33.33333333333334
    endloop
  endfacet
  facet normal 0 0 1
    outer loop
      vertex 6.666666666666667 515.2222222222223 33.33333333333334
      vertex 16.251445983865136 504.06356335955525 33.33333333333334
      vertex 16.368569627810388 504.18698592774524 33.33333333333334
    endloop
  endfacet
  facet normal 0 0 1
    outer loop
      vertex 6.666666666666667 515.2222222222223 33.33333333333334
      vertex 16.368569627810388 504.18698592774524 33.33333333333334
      vertex 16.49199219600038 504.30410957169045 33.33333333333334
    endloop
  endfacet
  facet normal 0 0 1
    outer loop
      vertex 6.666666666666667 515.2222222222223 33.33333333333334
      vertex 16.49199219600038 504.30410957169045 33.33333333333334
      vertex 16.621375395754697 504.4146132636241 33.33333333333334
    endloop
  endfacet
  facet normal 0 0 1
    outer loop
      vertex 6.666666666666667 515.2222222222223 33.33333333333334
      vertex 16.621375395754697 504.4146132636241 33.33333333333334
      vertex 16.75636459671613 504.5181941206075 33.33333333333334
    endloop
  endfacet
  facet normal 0 0 1
    outer loop
      vertex 6.666666666666667 515.2222222222223 33.33333333333334
      vertex 16.75636459671613 504.5181941206075 33.33333333333334
      vertex 16.89658980286783 504.61456823471156 33.33333333333334
    endloop
  endfacet
  facet normal 0 0 1
    outer loop
      vertex 6.666666666666667 515.2222222222223 33.33333333333334
      vertex 16.89658980286783 504.61456823471156 33.33333333333334
      vertex 17.041666666666668 504.7034714511883 33.33333333333334
    endloop
  endfacet
  facet normal 0 0 1
    outer loop
      vertex 6.666666666666667 515.2222222222223 33.33333333333334
      vertex 17.041666666666668 504.7034714511883 33.33333333333334
      vertex 17.19119754251314 504.7846600925011 33.33333333333334
    endloop
  endfacet
  facet normal 0 0 1
    outer loop
      vertex 6.666666666666667 515.2222222222223 33.33333333333334
      vertex 17.19119754251314 504.7846600925011 33.33333333333334
      vertex 17.344772576670316 504.8579116262274 33.33333333333334
    endloop
  endfacet
  facet normal 0 0 1
    outer loop
      vertex 6.666666666666667 515.2222222222223 33.33333333333334
      vertex 17.344772576670316 504.8579116262274 33.33333333333334
      vertex 17.501970830644442 504.9230252750048 33.33333333333334
    endloop
  endfacet
  facet normal 0 0 1
    outer loop
      vertex 6.666666666666667 515.2222222222223 33.33333333333334
      vertex 17.501970830644442 504.9230252750048 33.33333333333334
      vertex 17.66236143494809 504.97982256684816 33.33333333333334
    endloop
  endfacet
  facet normal 0 0 1
    outer loop
      vertex 6.666666666666667 515.2222222222223 33.33333333333334
      vertex 17.66236143494809 504.97982256684816 33.33333333333334
      vertex 17.825504770083473 505.02814782432836 33.33333333333334
    endloop
  endfacet
  facet normal 0 0 1
    outer loop
      vertex 6.666666666666667 515.2222222222223 33.33333333333334
      vertex 17.825504770083473 505.02814782432836 33.33333333333334
      vertex 17.99095367150895 505.0678685912738 33.33333333333334
    endloop
  endfacet
  facet normal 0 0 1
    outer loop
      vertex 6.666666666666667 489.0555555555556 33.33333333333334
      vertex 16.666666666666668 489.0555555555556 33.33333333333334
      vertex 19.988560756663016 498.9198661515505 33.33333333333334
    endloop
  endfacet
  facet normal 0 0 1
    outer loop
      vertex 6.666666666666667 489.0555555555556 33.33333333333334
      vertex 18.158254655285916 498.6789017819547 33.33333333333334
      vertex 17.99095367150895 498.7099091865041 33.33333333333334
    endloop
  endfacet
  facet normal 0 0 1
    outer loop
      vertex 6.666666666666667 489.0555555555556 33.33333333333334
      vertex 18.326949161046795 498.65669272894206 33.33333333333334
      vertex 18.158254655285916 498.6789017819547 33.33333333333334
    endloop
  endfacet
  facet normal 0 0 1
    outer loop
      vertex 6.666666666666667 489.0555555555556 33.33333333333334
      vertex 18.4965748088771 498.64334290093655 33.33333333333334
      vertex 18.326949161046795 498.65669272894206 33.33333333333334
    endloop
  endfacet
  facet normal 0 0 1
    outer loop
      vertex 6.666666666666667 489.0555555555556 33.33333333333334
      vertex 18.666666666666668 498.6388888888889 33.33333333333334
      vertex 18.4965748088771 498.64334290093655 33.33333333333334
    endloop
  endfacet
  facet normal 0 0 1
    outer loop
      vertex 6.666666666666667 489.0555555555556 33.33333333333334
      vertex 18.836758524456233 498.64334290093655 33.33333333333334
      vertex 18.666666666666668 498.6388888888889 33.33333333333334
    endloop
  endfacet
  facet normal 0 0 1
    outer loop
      vertex 6.666666666666667 489.0555555555556 33.33333333333334
      vertex 19.00638417228654 498.65669272894206 33.33333333333334
      vertex 18.836758524456233 498.64334290093655 33.33333333333334
    endloop
  endfacet
  facet normal 0 0 1
    outer loop
      vertex 6.666666666666667 489.0555555555556 33.33333333333334
      vertex 19.175078678047417 498.6789017819547 33.33333333333334
      vertex 19.00638417228654 498.65669272894206 33.33333333333334
    endloop
  endfacet
  facet normal 0 0 1
    outer loop
      vertex 6.666666666666667 489.0555555555556 33.33333333333334
      vertex 19.342379661824385 498.7099091865041 33.33333333333334
      vertex 19.175078678047417 498.6789017819547 33.33333333333334
    endloop
  endfacet
  facet normal 0 0 1
    outer loop
      vertex 6.666666666666667 489.0555555555556 33.33333333333334
      vertex 19.50782856324986 498.74962995344947 33.33333333333334
      vertex 19.342379661824385 498.7099091865041 33.33333333333334
    endloop
  endfacet
  facet normal 0 0 1
    outer loop
      vertex 6.666666666666667 489.0555555555556 33.33333333333334
      vertex 19.670971898385247 498.7979552109297 33.33333333333334
      vertex 19.50782856324986 498.74962995344947 33.33333333333334
    endloop
  endfacet
  facet normal 0 0 1
    outer loop
      vertex 6.666666666666667 489.0555555555556 33.33333333333334
      vertex 19.831362502688894 498.854752502773 33.33333333333334
      vertex 19.670971898385247 498.7979552109297 33.33333333333334
    endloop
  endfacet
  facet normal 0 0 1
    outer loop
      vertex 6.666666666666667 489.0555555555556 33.33333333333334
      vertex 19.988560756663016 498.9198661515505 33.33333333333334
      vertex 19.831362502688894 498.854752502773 33.33333333333334
    endloop
  endfacet
  facet normal 0 0 1
    outer loop
      vertex 6.666666666666667 515.2222222222223 33.33333333333334
      vertex 17.99095367150895 505.0678685912738 33.33333333333334
      vertex 18.158254655285916 505.0988759958231 33.33333333333334
    endloop
  endfacet
  facet normal 0 0 1
    outer loop
      vertex 6.666666666666667 515.2222222222223 33.33333333333334
      vertex 18.158254655285916 505.0988759958231 33.33333333333334
      vertex 18.326949161046795 505.1210850488358 33.33333333333334
    endloop
  endfacet
  facet normal 0 0 1
    outer loop
      vertex 6.666666666666667 515.2222222222223 33.33333333333334
      vertex 18.326949161046795 505.1210850488358 33.33333333333334
      vertex 18.4965748088771 505.1344348768413 33.33333333333334
    endloop
  endfacet
  facet normal 0 0 1
    outer loop
      vertex 6.666666666666667 515.2222222222223 33.33333333333334
      vertex 18.4965748088771 505.1344348768413 33.33333333333334
      vertex 18.666666666666668 505.1388888888889 33.33333333333334
    endloop
  endfacet
  facet normal 0 0 1
    outer loop
      vertex 6.666666666666667 515.2222222222223 33.33333333333334
      vertex 18.666666666666668 505.1388888888889 33.33333333333334
      vertex 18.836758524456233 505.1344348768413 33.33333333333334
    endloop
  endfacet
  facet normal 0 0 1
    outer loop
      vertex 6.666666666666667 515.2222222222223 33.33333333333334
      vertex 18.836758524456233 505.1344348768413 33.33333333333334
      vertex 19.00638417228654 505.1210850488358 33.33333333333334
    endloop
  endfacet
  facet normal 0 0 1
    outer loop
      vertex 6.666666666666667 515.2222222222223 33.33333333333334
      vertex 19.00638417228654 505.1210850488358 33.33333333333334
      vertex 19.175078678047417 505.0988759958231 33.33333333333334
    endloop
  endfacet
  facet normal 0 0 1
    outer loop
      vertex 6.666666666666667 515.2222222222223 33.33333333333334
      vertex 19.175078678047417 505.0988759958231 33.33333333333334
      vertex 19.342379661824385 505.0678685912738 33.33333333333334
    endloop
  endfacet
  facet normal 0 0 1
    outer loop
      vertex 6.666666666666667 515.2222222222223 33.33333333333334
      vertex 19.342379661824385 505.0678685912738 33.33333333333334
      vertex 19.50782856324986 505.02814782432836 33.33333333333334
    endloop
  endfacet
  facet normal 0 0 1
    outer loop
      vertex 6.666666666666667 515.2222222222223 33.33333333333334
      vertex 19.50782856324986 505.02814782432836 33.33333333333334
      vertex 19.670971898385247 504.97982256684816 33.33333333333334
    endloop
  endfacet
  facet normal 0 0 1
    outer loop
      vertex 6.666666666666667 515.2222222222223 33.33333333333334
      vertex 19.670971898385247 504.97982256684816 33.33333333333334
      vertex 19.831362502688894 504.9230252750048 33.33333333333334
    endloop
  endfacet
  facet normal 0.9723699203976904 0.2334453638558473 0
    outer loop
      vertex 15.527407731227196 521.131060325639 -6.666666666666657
      vertex 15.4876869642818 521.2965092270646 33.33333333333334
      vertex 15.527407731227196 521.131060325639 33.33333333333334
    endloop
  endfacet
  facet normal 0.9588197348681877 0.2840153447039403 0
    outer loop
      vertex 15.575732988707419 520.9679169905037 -6.666666666666657
      vertex 15.527407731227196 521.131060325639 33.33333333333334
      vertex 15.575732988707419 520.9679169905037 33.33333333333334
    endloop
  endfacet
  facet normal 0.9426414910921788 0.33380685923376974 0
    outer loop
      vertex 15.63253028055076 520.8075263862 -6.666666666666657
      vertex 15.575732988707419 520.9679169905037 33.33333333333334
      vertex 15.63253028055076 520.8075263862 33.33333333333334
    endloop
  endfacet
  facet normal 0.9969173337331292 0.07845909572783119 0
    outer loop
      vertex 15.43447050671978 521.6325047166024 -6.666666666666657
      vertex 15.421120678714303 521.8021303644327 33.33333333333334
      vertex 15.43447050671978 521.6325047166024 33.33333333333334
    endloop
  endfacet
  facet normal 0.9996573249755571 0.026176948307876452 0
    outer loop
      vertex 15.421120678714303 521.8021303644327 -6.666666666666657
      vertex 15.416666666666668 521.9722222222223 33.33333333333334
      vertex 15.421120678714303 521.8021303644327 33.33333333333334
    endloop
  endfacet
  facet normal 0.9914448613738118 0.1305261922200405 0
    outer loop
      vertex 15.456679559732468 521.4638102108415 -6.666666666666657
      vertex 15.43447050671978 521.6325047166024 33.33333333333334
      vertex 15.456679559732468 521.4638102108415 33.33333333333334
    endloop
  endfacet
  facet normal 0.9832549075639495 0.1822355254921747 0
    outer loop
      vertex 15.4876869642818 521.2965092270646 -6.666666666666657
      vertex 15.456679559732468 521.4638102108415 33.33333333333334
      vertex 15.4876869642818 521.2965092270646 33.33333333333334
    endloop
  endfacet
  facet normal 0.9996573249755571 -0.026176948307876452 0
    outer loop
      vertex 15.416666666666668 521.9722222222223 -6.666666666666657
      vertex 15.421120678714303 522.1423140800118 33.33333333333334
      vertex 15.416666666666668 521.9722222222223 33.33333333333334
    endloop
  endfacet
  facet normal 0.9969173337331292 -0.07845909572783119 0
    outer loop
      vertex 15.421120678714303 522.1423140800118 -6.666666666666657
      vertex 15.43447050671978 522.3119397278422 33.33333333333334
      vertex 15.421120678714303 522.1423140800118 33.33333333333334
    endloop
  endfacet
  facet normal 0.9914448613738118 -0.1305261922200405 0
    outer loop
      vertex 15.43447050671978 522.3119397278422 -6.666666666666657
      vertex 15.456679559732468 522.480634233603 33.33333333333334
      vertex 15.43447050671978 522.3119397278422 33.33333333333334
    endloop
  endfacet
  facet normal 0.9832549075639495 -0.1822355254921747 0
    outer loop
      vertex 15.456679559732468 522.480634233603 -6.666666666666657
      vertex 15.4876869642818 522.64793521738 33.33333333333334
      vertex 15.456679559732468 522.480634233603 33.33333333333334
    endloop
  endfacet
  facet normal 0.9723699203976904 -0.2334453638558473 0
    outer loop
      vertex 15.4876869642818 522.64793521738 -6.666666666666657
      vertex 15.527407731227196 522.8133841188055 33.33333333333334
      vertex 15.4876869642818 522.64793521738 33.33333333333334
    endloop
  endfacet
  facet normal 0.9588197348681877 -0.2840153447039403 0
    outer loop
      vertex 15.527407731227196 522.8133841188055 -6.666666666666657
      vertex 15.575732988707419 522.9765274539409 33.33333333333334
      vertex 15.527407731227196 522.8133841188055 33.33333333333334
    endloop
  endfacet
  facet normal 0.9426414910921043 -0.33380685923397996 0
    outer loop
      vertex 15.575732988707419 522.9765274539409 -6.666666666666657
      vertex 15.63253028055076 523.1369180582444 33.33333333333334
      vertex 15.575732988707419 522.9765274539409 33.33333333333334
    endloop
  endfacet
  facet normal 0.9238795325113721 -0.382683432364884 0
    outer loop
      vertex 15.63253028055076 523.1369180582444 -6.666666666666657
      vertex 15.697643929328216 523.2941163122186 33.33333333333334
      vertex 15.63253028055076 523.1369180582444 33.33333333333334
    endloop
  endfacet
  facet normal 0 0 1
    outer loop
      vertex 6.666666666666667 515.2222222222223 33.33333333333334
      vertex 16.03736143494809 520.0619201522717 33.33333333333334
      vertex 15.940987320844037 520.2021453584234 33.33333333333334
    endloop
  endfacet
  facet normal 0 0 1
    outer loop
      vertex 6.666666666666667 515.2222222222223 33.33333333333334
      vertex 16.140942291931513 519.9269309513103 33.33333333333334
      vertex 16.03736143494809 520.0619201522717 33.33333333333334
    endloop
  endfacet
  facet normal 0 0 1
    outer loop
      vertex 6.666666666666667 515.2222222222223 33.33333333333334
      vertex 16.251445983865136 519.797547751556 33.33333333333334
      vertex 16.140942291931513 519.9269309513103 33.33333333333334
    endloop
  endfacet
  facet normal 0 0 1
    outer loop
      vertex 6.666666666666667 515.2222222222223 33.33333333333334
      vertex 16.368569627810388 519.674125183366 33.33333333333334
      vertex 16.251445983865136 519.797547751556 33.33333333333334
    endloop
  endfacet
  facet normal 0 0 1
    outer loop
      vertex 6.666666666666667 515.2222222222223 33.33333333333334
      vertex 16.49199219600038 519.5570015394208 33.33333333333334
      vertex 16.368569627810388 519.674125183366 33.33333333333334
    endloop
  endfacet
  facet normal 0 0 1
    outer loop
      vertex 6.666666666666667 515.2222222222223 33.33333333333334
      vertex 16.621375395754697 519.4464978474871 33.33333333333334
      vertex 16.49199219600038 519.5570015394208 33.33333333333334
    endloop
  endfacet
  facet normal 0 0 1
    outer loop
      vertex 6.666666666666667 515.2222222222223 33.33333333333334
      vertex 16.75636459671613 519.3429169905037 33.33333333333334
      vertex 16.621375395754697 519.4464978474871 33.33333333333334
    endloop
  endfacet
  facet normal 0 0 1
    outer loop
      vertex 6.666666666666667 515.2222222222223 33.33333333333334
      vertex 15.770895463054472 520.4967530980687 33.33333333333334
      vertex 15.697643929328216 520.6503281322259 33.33333333333334
    endloop
  endfacet
  facet normal 0 0 1
    outer loop
      vertex 6.666666666666667 515.2222222222223 33.33333333333334
      vertex 15.852084104367243 520.3472222222223 33.33333333333334
      vertex 15.770895463054472 520.4967530980687 33.33333333333334
    endloop
  endfacet
  facet normal 0 0 1
    outer loop
      vertex 6.666666666666667 515.2222222222223 33.33333333333334
      vertex 15.940987320844037 520.2021453584234 33.33333333333334
      vertex 15.852084104367243 520.3472222222223 33.33333333333334
    endloop
  endfacet
  facet normal 0 0 1
    outer loop
      vertex 6.666666666666667 515.2222222222223 33.33333333333334
      vertex 16.89658980286783 519.2465428763996 33.33333333333334
      vertex 16.75636459671613 519.3429169905037 33.33333333333334
    endloop
  endfacet
  facet normal 0 0 1
    outer loop
      vertex 6.666666666666667 515.2222222222223 33.33333333333334
      vertex 17.041666666666668 519.1576396599228 33.33333333333334
      vertex 16.89658980286783 519.2465428763996 33.33333333333334
    endloop
  endfacet
  facet normal 0 0 1
    outer loop
      vertex 6.666666666666667 515.2222222222223 33.33333333333334
      vertex 17.19119754251314 519.0764510186101 33.33333333333334
      vertex 17.041666666666668 519.1576396599228 33.33333333333334
    endloop
  endfacet
  facet normal 0 0 1
    outer loop
      vertex 6.666666666666667 515.2222222222223 33.33333333333334
      vertex 17.344772576670316 519.0031994848838 33.33333333333334
      vertex 17.19119754251314 519.0764510186101 33.33333333333334
    endloop
  endfacet
  facet normal 0 0 1
    outer loop
      vertex 6.666666666666667 515.2222222222223 33.33333333333334
      vertex 17.501970830644442 518.9380858361063 33.33333333333334
      vertex 17.344772576670316 519.0031994848838 33.33333333333334
    endloop
  endfacet
  facet normal 0 0 1
    outer loop
      vertex 6.666666666666667 515.2222222222223 33.33333333333334
      vertex 17.66236143494809 518.881288544263 33.33333333333334
      vertex 17.501970830644442 518.9380858361063 33.33333333333334
    endloop
  endfacet
  facet normal 0 0 1
    outer loop
      vertex 6.666666666666667 515.2222222222223 33.33333333333334
      vertex 17.825504770083473 518.8329632867828 33.33333333333334
      vertex 17.66236143494809 518.881288544263 33.33333333333334
    endloop
  endfacet
  facet normal 0 0 1
    outer loop
      vertex 6.666666666666667 535.2222222222223 33.33333333333334
      vertex 15.697643929328216 523.2941163122186 33.33333333333334
      vertex 15.770895463054472 523.4476913463758 33.33333333333334
    endloop
  endfacet
  facet normal 0 0 1
    outer loop
      vertex 6.666666666666667 535.2222222222223 33.33333333333334
      vertex 15.770895463054472 523.4476913463758 33.33333333333334
      vertex 15.852084104367243 523.5972222222223 33.33333333333334
    endloop
  endfacet
  facet normal 0 0 1
    outer loop
      vertex 6.666666666666667 535.2222222222223 33.33333333333334
      vertex 15.852084104367243 523.5972222222223 33.33333333333334
      vertex 15.940987320844037 523.7422990860211 33.33333333333334
    endloop
  endfacet
  facet normal 0 0 1
    outer loop
      vertex 6.666666666666667 535.2222222222223 33.33333333333334
      vertex 15.940987320844037 523.7422990860211 33.33333333333334
      vertex 16.03736143494809 523.8825242921728 33.33333333333334
    endloop
  endfacet
  facet normal 0 0 1
    outer loop
      vertex 6.666666666666667 535.2222222222223 33.33333333333334
      vertex 16.03736143494809 523.8825242921728 33.33333333333334
      vertex 16.140942291931513 524.0175134931342 33.33333333333334
    endloop
  endfacet
  facet normal 0 0 1
    outer loop
      vertex 6.666666666666667 535.2222222222223 33.33333333333334
      vertex 16.140942291931513 524.0175134931342 33.33333333333334
      vertex 16.251445983865136 524.1468966928885 33.33333333333334
    endloop
  endfacet
  facet normal 0 0 1
    outer loop
      vertex 6.666666666666667 535.2222222222223 33.33333333333334
      vertex 16.251445983865136 524.1468966928885 33.33333333333334
      vertex 16.368569627810388 524.2703192610785 33.33333333333334
    endloop
  endfacet
  facet normal 0 0 1
    outer loop
      vertex 6.666666666666667 535.2222222222223 33.33333333333334
      vertex 16.368569627810388 524.2703192610785 33.33333333333334
      vertex 16.49199219600038 524.3874429050238 33.33333333333334
    endloop
  endfacet
  facet normal 0 0 1
    outer loop
      vertex 6.666666666666667 535.2222222222223 33.33333333333334
      vertex 16.49199219600038 524.3874429050238 33.33333333333334
      vertex 16.621375395754697 524.4979465969574 33.33333333333334
    endloop
  endfacet
  facet normal 0 0 1
    outer loop
      vertex 6.666666666666667 535.2222222222223 33.33333333333334
      vertex 16.621375395754697 524.4979465969574 33.33333333333334
      vertex 16.75636459671613 524.6015274539409 33.33333333333334
    endloop
  endfacet
  facet normal 0 0 1
    outer loop
      vertex 6.666666666666667 535.2222222222223 33.33333333333334
      vertex 16.75636459671613 524.6015274539409 33.33333333333334
      vertex 16.89658980286783 524.6979015680449 33.33333333333334
    endloop
  endfacet
  facet normal 0 0 1
    outer loop
      vertex 6.666666666666667 535.2222222222223 33.33333333333334
      vertex 16.89658980286783 524.6979015680449 33.33333333333334
      vertex 17.041666666666668 524.7868047845217 33.33333333333334
    endloop
  endfacet
  facet normal 0 0 1
    outer loop
      vertex 6.666666666666667 535.2222222222223 33.33333333333334
      vertex 17.041666666666668 524.7868047845217 33.33333333333334
      vertex 17.19119754251314 524.8679934258345 33.33333333333334
    endloop
  endfacet
  facet normal 0 0 1
    outer loop
      vertex 6.666666666666667 535.2222222222223 33.33333333333334
      vertex 17.19119754251314 524.8679934258345 33.33333333333334
      vertex 17.344772576670316 524.9412449595607 33.33333333333334
    endloop
  endfacet
  facet normal 0 0 1
    outer loop
      vertex 6.666666666666667 535.2222222222223 33.33333333333334
      vertex 17.344772576670316 524.9412449595607 33.33333333333334
      vertex 17.501970830644442 525.0063586083381 33.33333333333334
    endloop
  endfacet
  facet normal 0 0 1
    outer loop
      vertex 6.666666666666667 535.2222222222223 33.33333333333334
      vertex 17.501970830644442 525.0063586083381 33.33333333333334
      vertex 17.66236143494809 525.0631559001815 33.33333333333334
    endloop
  endfacet
  facet normal 0 0 1
    outer loop
      vertex 6.666666666666667 535.2222222222223 33.33333333333334
      vertex 17.66236143494809 525.0631559001815 33.33333333333334
      vertex 17.825504770083473 525.1114811576617 33.33333333333334
    endloop
  endfacet
  facet normal 0 0 1
    outer loop
      vertex 6.666666666666667 535.2222222222223 33.33333333333334
      vertex 17.825504770083473 525.1114811576617 33.33333333333334
      vertex 17.99095367150895 525.1512019246071 33.33333333333334
    endloop
  endfacet
  facet normal 0 0 1
    outer loop
      vertex 6.666666666666667 535.2222222222223 33.33333333333334
      vertex 17.99095367150895 525.1512019246071 33.33333333333334
      vertex 18.158254655285916 525.1822093291564 33.33333333333334
    endloop
  endfacet
  facet normal 0 0 1
    outer loop
      vertex 6.666666666666667 535.2222222222223 33.33333333333334
      vertex 18.158254655285916 525.1822093291564 33.33333333333334
      vertex 18.326949161046795 525.2044183821691 33.33333333333334
    endloop
  endfacet
  facet normal 0 0 1
    outer loop
      vertex 6.666666666666667 535.2222222222223 33.33333333333334
      vertex 18.326949161046795 525.2044183821691 33.33333333333334
      vertex 18.4965748088771 525.2177682101747 33.33333333333334
    endloop
  endfacet
  facet normal 0 0 1
    outer loop
      vertex 6.666666666666667 535.2222222222223 33.33333333333334
      vertex 18.4965748088771 525.2177682101747 33.33333333333334
      vertex 18.666666666666668 525.2222222222223 33.33333333333334
    endloop
  endfacet
  facet normal 0.9025852843498251 0.4305110968083695 0
    outer loop
      vertex 15.770895463054472 500.4134197647354 -6.666666666666657
      vertex 15.697643929328216 500.56699479889255 33.33333333333334
      vertex 15.770895463054472 500.4134197647354 33.33333333333334
    endloop
  endfacet
  facet normal 0.8788171126619917 0.47715876025956 0
    outer loop
      vertex 15.852084104367243 500.2638888888889 -6.666666666666657
      vertex 15.770895463054472 500.4134197647354 33.33333333333334
      vertex 15.852084104367243 500.2638888888889 33.33333333333334
    endloop
  endfacet
  facet normal 0.9238795325112742 0.3826834323651202 0
    outer loop
      vertex 15.697643929328216 500.56699479889255 -6.666666666666657
      vertex 15.63253028055076 500.72419305286667 33.33333333333334
      vertex 15.697643929328216 500.56699479889255 33.33333333333334
    endloop
  endfacet
  facet normal 0.8526401643541417 0.5224985647158683 0
    outer loop
      vertex 15.940987320844037 500.11881202509005 -6.666666666666657
      vertex 15.852084104367243 500.2638888888889 33.33333333333334
      vertex 15.940987320844037 500.11881202509005 33.33333333333334
    endloop
  endfacet
  facet normal 0.8241261886218707 0.5664062369250437 0
    outer loop
      vertex 16.03736143494809 499.9785868189384 -6.666666666666657
      vertex 15.940987320844037 500.11881202509005 33.33333333333334
      vertex 16.03736143494809 499.9785868189384 33.33333333333334
    endloop
  endfacet
  facet normal 0.7933533402914076 0.608761429008496 0
    outer loop
      vertex 16.140942291931513 499.8435976179769 -6.666666666666657
      vertex 16.03736143494809 499.9785868189384 33.33333333333334
      vertex 16.140942291931513 499.8435976179769 33.33333333333334
    endloop
  endfacet
  facet normal 0.760405965599923 0.6494480483303101 0
    outer loop
      vertex 16.251445983865136 499.71421441822264 -6.666666666666657
      vertex 16.140942291931513 499.8435976179769 33.33333333333334
      vertex 16.251445983865136 499.71421441822264 33.33333333333334
    endloop
  endfacet
  facet normal 0.7253743710122981 0.6883545756937429 0
    outer loop
      vertex 16.368569627810388 499.59079185003264 -6.666666666666657
      vertex 16.251445983865136 499.71421441822264 33.33333333333334
      vertex 16.368569627810388 499.59079185003264 33.33333333333334
    endloop
  endfacet
  facet normal 0.6883545756937863 0.7253743710122569 0
    outer loop
      vertex 16.368569627810388 499.59079185003264 -6.666666666666657
      vertex 16.368569627810388 499.59079185003264 33.33333333333334
      vertex 16.49199219600038 499.4736682060874 33.33333333333334
    endloop
  endfacet
  facet normal 0.6494480483301519 0.7604059656000581 0
    outer loop
      vertex 16.49199219600038 499.4736682060874 -6.666666666666657
      vertex 16.49199219600038 499.4736682060874 33.33333333333334
      vertex 16.621375395754697 499.36316451415377 33.33333333333334
    endloop
  endfacet
  facet normal 0.6087614290088461 0.7933533402911388 0
    outer loop
      vertex 16.621375395754697 499.36316451415377 -6.666666666666657
      vertex 16.621375395754697 499.36316451415377 33.33333333333334
      vertex 16.75636459671613 499.2595836571703 33.33333333333334
    endloop
  endfacet
  facet normal 0.47715876025970927 0.8788171126619106 0
    outer loop
      vertex 17.041666666666668 499.0743063265895 -6.666666666666657
      vertex 17.041666666666668 499.0743063265895 33.33333333333334
      vertex 17.19119754251314 498.99311768527673 33.33333333333334
    endloop
  endfacet
  facet normal 0.5664062369247822 0.8241261886220503 0
    outer loop
      vertex 16.75636459671613 499.2595836571703 -6.666666666666657
      vertex 16.75636459671613 499.2595836571703 33.33333333333334
      vertex 16.89658980286783 499.1632095430663 33.33333333333334
    endloop
  endfacet
  facet normal 0.5224985647157512 0.8526401643542133 0
    outer loop
      vertex 16.89658980286783 499.1632095430663 -6.666666666666657
      vertex 16.89658980286783 499.1632095430663 33.33333333333334
      vertex 17.041666666666668 499.0743063265895 33.33333333333334
    endloop
  endfacet
  facet normal 0.9025852843498251 -0.4305110968083695 0
    outer loop
      vertex 15.697643929328216 503.2107829788853 -6.666666666666657
      vertex 15.770895463054472 503.3643580130424 33.33333333333334
      vertex 15.697643929328216 503.2107829788853 33.33333333333334
    endloop
  endfacet
  facet normal 0.8788171126619917 -0.47715876025956 0
    outer loop
      vertex 15.770895463054472 503.3643580130424 -6.666666666666657
      vertex 15.852084104367243 503.5138888888889 33.33333333333334
      vertex 15.770895463054472 503.3643580130424 33.33333333333334
    endloop
  endfacet
  facet normal 0.8526401643541417 -0.5224985647158683 0
    outer loop
      vertex 15.852084104367243 503.5138888888889 -6.666666666666657
      vertex 15.940987320844037 503.6589657526878 33.33333333333334
      vertex 15.852084104367243 503.5138888888889 33.33333333333334
    endloop
  endfacet
  facet normal 0.824126188621978 -0.5664062369248877 0
    outer loop
      vertex 15.940987320844037 503.6589657526878 -6.666666666666657
      vertex 16.03736143494809 503.79919095883946 33.33333333333334
      vertex 15.940987320844037 503.6589657526878 33.33333333333334
    endloop
  endfacet
  facet normal 0.7933533402912838 -0.6087614290086573 0
    outer loop
      vertex 16.03736143494809 503.79919095883946 -6.666666666666657
      vertex 16.140942291931513 503.9341801598009 33.33333333333334
      vertex 16.03736143494809 503.79919095883946 33.33333333333334
    endloop
  endfacet
  facet normal 0.7604059656000639 -0.649448048330145 0
    outer loop
      vertex 16.140942291931513 503.9341801598009 -6.666666666666657
      vertex 16.251445983865136 504.06356335955525 33.33333333333334
      vertex 16.140942291931513 503.9341801598009 33.33333333333334
    endloop
  endfacet
  facet normal 0.7253743710122981 -0.6883545756937429 0
    outer loop
      vertex 16.251445983865136 504.06356335955525 -6.666666666666657
      vertex 16.368569627810388 504.18698592774524 33.33333333333334
      vertex 16.251445983865136 504.06356335955525 33.33333333333334
    endloop
  endfacet
  facet normal 0.6883545756936106 -0.7253743710124236 0
    outer loop
      vertex 16.49199219600038 504.30410957169045 -6.666666666666657
      vertex 16.49199219600038 504.30410957169045 33.33333333333334
      vertex 16.368569627810388 504.18698592774524 33.33333333333334
    endloop
  endfacet
  facet normal 0.649448048330345 -0.7604059655998932 0
    outer loop
      vertex 16.621375395754697 504.4146132636241 -6.666666666666657
      vertex 16.621375395754697 504.4146132636241 33.33333333333334
      vertex 16.49199219600038 504.30410957169045 33.33333333333334
    endloop
  endfacet
  facet normal 0.608761429008636 -0.7933533402913002 0
    outer loop
      vertex 16.75636459671613 504.5181941206075 -6.666666666666657
      vertex 16.75636459671613 504.5181941206075 33.33333333333334
      vertex 16.621375395754697 504.4146132636241 33.33333333333334
    endloop
  endfacet
  facet normal 0.5664062369247822 -0.8241261886220503 0
    outer loop
      vertex 16.89658980286783 504.61456823471156 -6.666666666666657
      vertex 16.89658980286783 504.61456823471156 33.33333333333334
      vertex 16.75636459671613 504.5181941206075 33.33333333333334
    endloop
  endfacet
  facet normal 0.5224985647157512 -0.8526401643542133 0
    outer loop
      vertex 17.041666666666668 504.7034714511883 -6.666666666666657
      vertex 17.041666666666668 504.7034714511883 33.33333333333334
      vertex 16.89658980286783 504.61456823471156 33.33333333333334
    endloop
  endfacet
  facet normal 0.47715876025970927 -0.8788171126619106 0
    outer loop
      vertex 17.19119754251314 504.7846600925011 -6.666666666666657
      vertex 17.19119754251314 504.7846600925011 33.33333333333334
      vertex 17.041666666666668 504.7034714511883 33.33333333333334
    endloop
  endfacet
  facet normal 0.4305110968082625 0.9025852843498762 0
    outer loop
      vertex 17.19119754251314 498.99311768527673 -6.666666666666657
      vertex 17.19119754251314 498.99311768527673 33.33333333333334
      vertex 17.344772576670316 498.9198661515505 33.33333333333334
    endloop
  endfacet
  facet normal 0.38268343236516933 0.9238795325112538 0
    outer loop
      vertex 17.344772576670316 498.9198661515505 -6.666666666666657
      vertex 17.344772576670316 498.9198661515505 33.33333333333334
      vertex 17.501970830644442 498.854752502773 33.33333333333334
    endloop
  endfacet
  facet normal 0.33380685923374465 0.9426414910921878 0
    outer loop
      vertex 17.501970830644442 498.854752502773 -6.666666666666657
      vertex 17.501970830644442 498.854752502773 33.33333333333334
      vertex 17.66236143494809 498.7979552109297 33.33333333333334
    endloop
  endfacet
  facet normal 0.2840153447038081 0.9588197348682269 0
    outer loop
      vertex 17.66236143494809 498.7979552109297 -6.666666666666657
      vertex 17.66236143494809 498.7979552109297 33.33333333333334
      vertex 17.825504770083473 498.74962995344947 33.33333333333334
    endloop
  endfacet
  facet normal 0.23344536385580547 0.9723699203977005 0
    outer loop
      vertex 17.825504770083473 498.74962995344947 -6.666666666666657
      vertex 17.825504770083473 498.74962995344947 33.33333333333334
      vertex 17.99095367150895 498.7099091865041 33.33333333333334
    endloop
  endfacet
  facet normal 0.1822355254923855 0.9832549075639104 0
    outer loop
      vertex 17.99095367150895 498.7099091865041 -6.666666666666657
      vertex 17.99095367150895 498.7099091865041 33.33333333333334
      vertex 18.158254655285916 498.6789017819547 33.33333333333334
    endloop
  endfacet
  facet normal 0.13052619221986822 0.9914448613738345 0
    outer loop
      vertex 18.158254655285916 498.6789017819547 -6.666666666666657
      vertex 18.158254655285916 498.6789017819547 33.33333333333334
      vertex 18.326949161046795 498.65669272894206 33.33333333333334
    endloop
  endfacet
  facet normal 0.07845909572807741 0.9969173337331098 0
    outer loop
      vertex 18.326949161046795 498.65669272894206 -6.666666666666657
      vertex 18.326949161046795 498.65669272894206 33.33333333333334
      vertex 18.4965748088771 498.64334290093655 33.33333333333334
    endloop
  endfacet
  facet normal 0.026176948307851763 0.9996573249755578 0
    outer loop
      vertex 18.4965748088771 498.64334290093655 -6.666666666666657
      vertex 18.4965748088771 498.64334290093655 33.33333333333334
      vertex 18.666666666666668 498.6388888888889 33.33333333333334
    endloop
  endfacet
  facet normal 0.43051109680853467 -0.9025852843497463 0
    outer loop
      vertex 17.344772576670316 504.8579116262274 -6.666666666666657
      vertex 17.344772576670316 504.8579116262274 33.33333333333334
      vertex 17.19119754251314 504.7846600925011 33.33333333333334
    endloop
  endfacet
  facet normal 0.38268343236488417 -0.9238795325113719 0
    outer loop
      vertex 17.501970830644442 504.9230252750048 -6.666666666666657
      vertex 17.501970830644442 504.9230252750048 33.33333333333334
      vertex 17.344772576670316 504.8579116262274 33.33333333333334
    endloop
  endfacet
  facet normal 0.33380685923374465 -0.9426414910921878 0
    outer loop
      vertex 17.66236143494809 504.97982256684816 -6.666666666666657
      vertex 17.66236143494809 504.97982256684816 33.33333333333334
      vertex 17.501970830644442 504.9230252750048 33.33333333333334
    endloop
  endfacet
  facet normal 0.2840153447038081 -0.9588197348682269 0
    outer loop
      vertex 17.825504770083473 505.02814782432836 -6.666666666666657
      vertex 17.825504770083473 505.02814782432836 33.33333333333334
      vertex 17.66236143494809 504.97982256684816 33.33333333333334
    endloop
  endfacet
  facet normal 0.23344536385612136 -0.9723699203976248 0
    outer loop
      vertex 17.99095367150895 505.0678685912738 -6.666666666666657
      vertex 17.99095367150895 505.0678685912738 33.33333333333334
      vertex 17.825504770083473 505.02814782432836 33.33333333333334
    endloop
  endfacet
  facet normal 0.18223552549206254 -0.9832549075639704 0
    outer loop
      vertex 18.158254655285916 505.0988759958231 -6.666666666666657
      vertex 18.158254655285916 505.0988759958231 33.33333333333334
      vertex 17.99095367150895 505.0678685912738 33.33333333333334
    endloop
  endfacet
  facet normal 0.1305261922201966 -0.9914448613737913 0
    outer loop
      vertex 18.326949161046795 505.1210850488358 -6.666666666666657
      vertex 18.326949161046795 505.1210850488358 33.33333333333334
      vertex 18.158254655285916 505.0988759958231 33.33333333333334
    endloop
  endfacet
  facet normal 0.07845909572774538 -0.9969173337331358 0
    outer loop
      vertex 18.4965748088771 505.1344348768413 -6.666666666666657
      vertex 18.4965748088771 505.1344348768413 33.33333333333334
      vertex 18.326949161046795 505.1210850488358 33.33333333333334
    endloop
  endfacet
  facet normal 0.026176948307851763 -0.9996573249755578 0
    outer loop
      vertex 18.4965748088771 505.1344348768413 33.33333333333334
      vertex 18.666666666666668 505.1388888888889 -6.666666666666657
      vertex 18.666666666666668 505.1388888888889 33.33333333333334
    endloop
  endfacet
  facet normal 0.9025852843499489 0.4305110968081099 0
    outer loop
      vertex 15.770895463054472 520.4967530980687 -6.666666666666657
      vertex 15.697643929328216 520.6503281322259 33.33333333333334
      vertex 15.770895463054472 520.4967530980687 33.33333333333334
    endloop
  endfacet
  facet normal 0.9238795325112742 0.3826834323651202 0
    outer loop
      vertex 15.697643929328216 520.6503281322259 -6.666666666666657
      vertex 15.63253028055076 520.8075263862 33.33333333333334
      vertex 15.697643929328216 520.6503281322259 33.33333333333334
    endloop
  endfacet
  facet normal 0.8788171126618395 0.47715876025984016 0
    outer loop
      vertex 15.852084104367243 520.3472222222223 -6.666666666666657
      vertex 15.770895463054472 520.4967530980687 33.33333333333334
      vertex 15.852084104367243 520.3472222222223 33.33333333333334
    endloop
  endfacet
  facet normal 0.8526401643541417 0.5224985647158683 0
    outer loop
      vertex 15.940987320844037 520.2021453584234 -6.666666666666657
      vertex 15.852084104367243 520.3472222222223 33.33333333333334
      vertex 15.940987320844037 520.2021453584234 33.33333333333334
    endloop
  endfacet
  facet normal 0.8241261886220851 0.5664062369247318 0
    outer loop
      vertex 16.03736143494809 520.0619201522717 -6.666666666666657
      vertex 15.940987320844037 520.2021453584234 33.33333333333334
      vertex 16.03736143494809 520.0619201522717 33.33333333333334
    endloop
  endfacet
  facet normal 0.9025852843498251 -0.4305110968083695 0
    outer loop
      vertex 15.697643929328216 523.2941163122186 -6.666666666666657
      vertex 15.770895463054472 523.4476913463758 33.33333333333334
      vertex 15.697643929328216 523.2941163122186 33.33333333333334
    endloop
  endfacet
  facet normal 0.8788171126619917 -0.47715876025956 0
    outer loop
      vertex 15.770895463054472 523.4476913463758 -6.666666666666657
      vertex 15.852084104367243 523.5972222222223 33.33333333333334
      vertex 15.770895463054472 523.4476913463758 33.33333333333334
    endloop
  endfacet
  facet normal 0.8526401643541417 -0.5224985647158683 0
    outer loop
      vertex 15.852084104367243 523.5972222222223 -6.666666666666657
      vertex 15.940987320844037 523.7422990860211 33.33333333333334
      vertex 15.852084104367243 523.5972222222223 33.33333333333334
    endloop
  endfacet
  facet normal 0.8241261886218707 -0.5664062369250437 0
    outer loop
      vertex 15.940987320844037 523.7422990860211 -6.666666666666657
      vertex 16.03736143494809 523.8825242921728 33.33333333333334
      vertex 15.940987320844037 523.7422990860211 33.33333333333334
    endloop
  endfacet
  facet normal 0.7604059656000639 0.649448048330145 0
    outer loop
      vertex 16.251445983865136 519.797547751556 -6.666666666666657
      vertex 16.140942291931513 519.9269309513103 33.33333333333334
      vertex 16.251445983865136 519.797547751556 33.33333333333334
    endloop
  endfacet
  facet normal 0.79335334029116 0.6087614290088187 0
    outer loop
      vertex 16.140942291931513 519.9269309513103 -6.666666666666657
      vertex 16.03736143494809 520.0619201522717 33.33333333333334
      vertex 16.140942291931513 519.9269309513103 33.33333333333334
    endloop
  endfacet
  facet normal 0.7253743710122981 0.6883545756937429 0
    outer loop
      vertex 16.368569627810388 519.674125183366 -6.666666666666657
      vertex 16.251445983865136 519.797547751556 33.33333333333334
      vertex 16.368569627810388 519.674125183366 33.33333333333334
    endloop
  endfacet
  facet normal 0.6883545756936106 0.7253743710124236 0
    outer loop
      vertex 16.368569627810388 519.674125183366 -6.666666666666657
      vertex 16.368569627810388 519.674125183366 33.33333333333334
      vertex 16.49199219600038 519.5570015394208 33.33333333333334
    endloop
  endfacet
  facet normal 0.79335334029116 -0.6087614290088187 0
    outer loop
      vertex 16.03736143494809 523.8825242921728 -6.666666666666657
      vertex 16.140942291931513 524.0175134931342 33.33333333333334
      vertex 16.03736143494809 523.8825242921728 33.33333333333334
    endloop
  endfacet
  facet normal 0.7604059656000639 -0.649448048330145 0
    outer loop
      vertex 16.140942291931513 524.0175134931342 -6.666666666666657
      vertex 16.251445983865136 524.1468966928885 33.33333333333334
      vertex 16.140942291931513 524.0175134931342 33.33333333333334
    endloop
  endfacet
  facet normal 0.649448048330345 0.7604059655998932 0
    outer loop
      vertex 16.49199219600038 519.5570015394208 -6.666666666666657
      vertex 16.49199219600038 519.5570015394208 33.33333333333334
      vertex 16.621375395754697 519.4464978474871 33.33333333333334
    endloop
  endfacet
  facet normal 0.608761429008636 0.7933533402913002 0
    outer loop
      vertex 16.621375395754697 519.4464978474871 -6.666666666666657
      vertex 16.621375395754697 519.4464978474871 33.33333333333334
      vertex 16.75636459671613 519.3429169905037 33.33333333333334
    endloop
  endfacet
  facet normal 0.5664062369247822 0.8241261886220503 0
    outer loop
      vertex 16.75636459671613 519.3429169905037 -6.666666666666657
      vertex 16.75636459671613 519.3429169905037 33.33333333333334
      vertex 16.89658980286783 519.2465428763996 33.33333333333334
    endloop
  endfacet
  facet normal 0.5224985647162369 0.8526401643539157 0
    outer loop
      vertex 16.89658980286783 519.2465428763996 -6.666666666666657
      vertex 16.89658980286783 519.2465428763996 33.33333333333334
      vertex 17.041666666666668 519.1576396599228 33.33333333333334
    endloop
  endfacet
  facet normal 0.47715876025919324 0.8788171126621908 0
    outer loop
      vertex 17.041666666666668 519.1576396599228 -6.666666666666657
      vertex 17.041666666666668 519.1576396599228 33.33333333333334
      vertex 17.19119754251314 519.0764510186101 33.33333333333334
    endloop
  endfacet
  facet normal 0.7253743710122981 -0.6883545756937429 0
    outer loop
      vertex 16.251445983865136 524.1468966928885 -6.666666666666657
      vertex 16.368569627810388 524.2703192610785 33.33333333333334
      vertex 16.251445983865136 524.1468966928885 33.33333333333334
    endloop
  endfacet
  facet normal 0.6883545756939622 -0.7253743710120901 0
    outer loop
      vertex 16.49199219600038 524.3874429050238 -6.666666666666657
      vertex 16.49199219600038 524.3874429050238 33.33333333333334
      vertex 16.368569627810388 524.2703192610785 33.33333333333334
    endloop
  endfacet
  facet normal 0.6494480483299586 -0.760405965600223 0
    outer loop
      vertex 16.621375395754697 524.4979465969574 -6.666666666666657
      vertex 16.621375395754697 524.4979465969574 33.33333333333334
      vertex 16.49199219600038 524.3874429050238 33.33333333333334
    endloop
  endfacet
  facet normal 0.6087614290090564 -0.7933533402909775 0
    outer loop
      vertex 16.75636459671613 524.6015274539409 -6.666666666666657
      vertex 16.75636459671613 524.6015274539409 33.33333333333334
      vertex 16.621375395754697 524.4979465969574 33.33333333333334
    endloop
  endfacet
  facet normal 0.5664062369247822 -0.8241261886220503 0
    outer loop
      vertex 16.89658980286783 524.6979015680449 -6.666666666666657
      vertex 16.89658980286783 524.6979015680449 33.33333333333334
      vertex 16.75636459671613 524.6015274539409 33.33333333333334
    endloop
  endfacet
  facet normal 0.5224985647157512 -0.8526401643542133 0
    outer loop
      vertex 17.041666666666668 524.7868047845217 -6.666666666666657
      vertex 17.041666666666668 524.7868047845217 33.33333333333334
      vertex 16.89658980286783 524.6979015680449 33.33333333333334
    endloop
  endfacet
  facet normal 0.47715876025970927 -0.8788171126619106 0
    outer loop
      vertex 17.19119754251314 524.8679934258345 -6.666666666666657
      vertex 17.19119754251314 524.8679934258345 33.33333333333334
      vertex 17.041666666666668 524.7868047845217 33.33333333333334
    endloop
  endfacet
  facet normal 0.43051109680853467 0.9025852843497463 0
    outer loop
      vertex 17.19119754251314 519.0764510186101 -6.666666666666657
      vertex 17.19119754251314 519.0764510186101 33.33333333333334
      vertex 17.344772576670316 519.0031994848838 33.33333333333334
    endloop
  endfacet
  facet normal 0.38268343236516933 0.9238795325112538 0
    outer loop
      vertex 17.344772576670316 519.0031994848838 -6.666666666666657
      vertex 17.344772576670316 519.0031994848838 33.33333333333334
      vertex 17.501970830644442 518.9380858361063 33.33333333333334
    endloop
  endfacet
  facet normal 0.3338068592334478 0.9426414910922928 0
    outer loop
      vertex 17.501970830644442 518.9380858361063 -6.666666666666657
      vertex 17.501970830644442 518.9380858361063 33.33333333333334
      vertex 17.66236143494809 518.881288544263 33.33333333333334
    endloop
  endfacet
  facet normal 0.2840153447038081 0.9588197348682269 0
    outer loop
      vertex 17.66236143494809 518.881288544263 -6.666666666666657
      vertex 17.66236143494809 518.881288544263 33.33333333333334
      vertex 17.825504770083473 518.8329632867828 33.33333333333334
    endloop
  endfacet
  facet normal 0.23344536385643722 0.9723699203975489 0
    outer loop
      vertex 17.825504770083473 518.8329632867828 -6.666666666666657
      vertex 17.825504770083473 518.8329632867828 33.33333333333334
      vertex 17.99095367150895 518.7932425198373 33.33333333333334
    endloop
  endfacet
  facet normal 0.18223552549206254 0.9832549075639704 0
    outer loop
      vertex 17.99095367150895 518.7932425198373 -6.666666666666657
      vertex 17.99095367150895 518.7932425198373 33.33333333333334
      vertex 18.158254655285916 518.762235115288 33.33333333333334
    endloop
  endfacet
  facet normal 0.1305261922201966 0.9914448613737913 0
    outer loop
      vertex 18.158254655285916 518.762235115288 -6.666666666666657
      vertex 18.158254655285916 518.762235115288 33.33333333333334
      vertex 18.326949161046795 518.7400260622753 33.33333333333334
    endloop
  endfacet
  facet normal 0.07845909572741336 0.9969173337331618 0
    outer loop
      vertex 18.326949161046795 518.7400260622753 -6.666666666666657
      vertex 18.326949161046795 518.7400260622753 33.33333333333334
      vertex 18.4965748088771 518.7266762342699 33.33333333333334
    endloop
  endfacet
  facet normal 0.026176948307851763 0.9996573249755578 0
    outer loop
      vertex 18.4965748088771 518.7266762342699 -6.666666666666657
      vertex 18.4965748088771 518.7266762342699 33.33333333333334
      vertex 18.666666666666668 518.7222222222223 33.33333333333334
    endloop
  endfacet
  facet normal 0.4305110968079903 -0.902585284350006 0
    outer loop
      vertex 17.344772576670316 524.9412449595607 -6.666666666666657
      vertex 17.344772576670316 524.9412449595607 33.33333333333334
      vertex 17.19119754251314 524.8679934258345 33.33333333333334
    endloop
  endfacet
  facet normal 0.38268343236516933 -0.9238795325112538 0
    outer loop
      vertex 17.501970830644442 525.0063586083381 -6.666666666666657
      vertex 17.501970830644442 525.0063586083381 33.33333333333334
      vertex 17.344772576670316 524.9412449595607 33.33333333333334
    endloop
  endfacet
  facet normal 0.33380685923404146 -0.9426414910920825 0
    outer loop
      vertex 17.66236143494809 525.0631559001815 -6.666666666666657
      vertex 17.66236143494809 525.0631559001815 33.33333333333334
      vertex 17.501970830644442 525.0063586083381 33.33333333333334
    endloop
  endfacet
  facet normal 0.2840153447038081 -0.9588197348682269 0
    outer loop
      vertex 17.825504770083473 525.1114811576617 -6.666666666666657
      vertex 17.825504770083473 525.1114811576617 33.33333333333334
      vertex 17.66236143494809 525.0631559001815 33.33333333333334
    endloop
  endfacet
  facet normal 0.23344536385580547 -0.9723699203977005 0
    outer loop
      vertex 17.99095367150895 525.1512019246071 -6.666666666666657
      vertex 17.99095367150895 525.1512019246071 33.33333333333334
      vertex 17.825504770083473 525.1114811576617 33.33333333333334
    endloop
  endfacet
  facet normal 0.18223552549206254 -0.9832549075639704 0
    outer loop
      vertex 18.158254655285916 525.1822093291564 -6.666666666666657
      vertex 18.158254655285916 525.1822093291564 33.33333333333334
      vertex 17.99095367150895 525.1512019246071 33.33333333333334
    endloop
  endfacet
  facet normal 0.1305261922201966 -0.9914448613737913 0
    outer loop
      vertex 18.326949161046795 525.2044183821691 -6.666666666666657
      vertex 18.326949161046795 525.2044183821691 33.33333333333334
      vertex 18.158254655285916 525.1822093291564 33.33333333333334
    endloop
  endfacet
  facet normal 0.07845909572807741 -0.9969173337331098 0
    outer loop
      vertex 18.4965748088771 525.2177682101747 -6.666666666666657
      vertex 18.4965748088771 525.2177682101747 33.33333333333334
      vertex 18.326949161046795 525.2044183821691 33.33333333333334
    endloop
  endfacet
  facet normal 0.026176948307851763 -0.9996573249755578 0
    outer loop
      vertex 18.4965748088771 525.2177682101747 33.33333333333334
      vertex 18.666666666666668 525.2222222222223 -6.666666666666657
      vertex 18.666666666666668 525.2222222222223 33.33333333333334
    endloop
  endfacet
  facet normal 0 0 1
    outer loop
      vertex 6.666666666666667 515.2222222222223 33.33333333333334
      vertex 30.666666666666668 515.2222222222223 33.33333333333334
      vertex 17.825504770083473 518.8329632867828 33.33333333333334
    endloop
  endfacet
  facet normal 0 -0.9025852843498724 -0.4305110968082705
    outer loop
      vertex 6.666666666666667 379.6243139606771 -56.63536555034648
      vertex 30.666666666666668 379.6243139606771 -56.63536555034648
      vertex 30.666666666666668 379.1735352915925 -55.69028841707155
    endloop
  endfacet
  facet normal 0 -0.9238795325112742 -0.3826834323651197
    outer loop
      vertex 6.666666666666667 379.1735352915925 -55.69028841707155
      vertex 30.666666666666668 379.1735352915925 -55.69028841707155
      vertex 30.666666666666668 378.77283591450043 -54.72291454646155
    endloop
  endfacet
  facet normal 0 -0.9426414910921754 -0.33380685923377945
    outer loop
      vertex 6.666666666666667 378.77283591450043 -54.72291454646155
      vertex 30.666666666666668 378.77283591450043 -54.72291454646155
      vertex 30.666666666666668 378.4233141185414 -53.73589544305449
    endloop
  endfacet
  facet normal 0 -0.9588197348682054 -0.2840153447038806
    outer loop
      vertex 6.666666666666667 378.4233141185414 -53.73589544305449
      vertex 30.666666666666668 378.4233141185414 -53.73589544305449
      vertex 30.666666666666668 378.12592791866314 -52.731936457605954
    endloop
  endfacet
  facet normal 0 -0.9723699203976663 -0.23344536385594855
    outer loop
      vertex 6.666666666666667 378.12592791866314 -52.731936457605954
      vertex 30.666666666666668 378.12592791866314 -52.731936457605954
      vertex 30.666666666666668 377.88149242976834 -51.71378937191073
    endloop
  endfacet
  facet normal 0 -0.9832549075639603 -0.18223552549211622
    outer loop
      vertex 6.666666666666667 377.88149242976834 -51.71378937191073
      vertex 30.666666666666668 377.88149242976834 -51.71378937191073
      vertex 30.666666666666668 377.69067763254174 -50.68424485636016
    endloop
  endfacet
  facet normal 0 -0.9914448613738116 -0.1305261922200423
    outer loop
      vertex 6.666666666666667 377.69067763254174 -50.68424485636016
      vertex 30.666666666666668 377.69067763254174 -50.68424485636016
      vertex 30.666666666666668 377.55400653707903 -49.64612482090861
    endloop
  endfacet
  facet normal 0 -0.9969173337331253 -0.07845909572787803
    outer loop
      vertex 6.666666666666667 377.55400653707903 -49.64612482090861
      vertex 30.666666666666668 377.55400653707903 -49.64612482090861
      vertex 30.666666666666668 377.471853749353 -48.602274680414425
    endloop
  endfacet
  facet normal 0 -0.9996573249755571 -0.026176948307881004
    outer loop
      vertex 6.666666666666667 377.471853749353 -48.602274680414425
      vertex 30.666666666666668 377.471853749353 -48.602274680414425
      vertex 30.666666666666668 377.44444444444446 -47.55555555555554
    endloop
  endfacet
  facet normal 0 -1 0
    outer loop
      vertex 6.666666666666667 377.44444444444446 -47.555555554727704
      vertex 30.666666666666668 377.44444444444446 -47.55555555555554
      vertex 30.666666666666668 377.44444444444446 -47.555555554727704
    endloop
  endfacet
  facet normal 0 -0.6087614290087138 -0.7933533402912404
    outer loop
      vertex 6.666666666666667 384.85803662344773 -63.09847478469496
      vertex 30.666666666666668 385.68873939859503 -63.73589544305449
      vertex 30.666666666666668 384.85803662344773 -63.09847478469496
    endloop
  endfacet
  facet normal 0 -0.725374371012302 -0.688354575693739
    outer loop
      vertex 6.666666666666667 383.3023088207135 -61.697691179286494
      vertex 30.666666666666668 383.3023088207135 -61.697691179286494
      vertex 30.666666666666668 382.5815479348966 -60.93816768273271
    endloop
  endfacet
  facet normal 0 -0.6883545756937397 -0.7253743710123012
    outer loop
      vertex 6.666666666666667 383.3023088207135 -61.697691179286494
      vertex 30.666666666666668 384.0618323172673 -62.41845206510342
      vertex 30.666666666666668 383.3023088207135 -61.697691179286494
    endloop
  endfacet
  facet normal 0 -0.6494480483301849 -0.7604059656000298
    outer loop
      vertex 6.666666666666667 384.0618323172673 -62.41845206510342
      vertex 30.666666666666668 384.85803662344773 -63.09847478469496
      vertex 30.666666666666668 384.0618323172673 -62.41845206510342
    endloop
  endfacet
  facet normal 0 -0.5224985647159492 -0.8526401643540921
    outer loop
      vertex 6.666666666666667 386.5516637441439 -64.32896691446402
      vertex 30.666666666666668 387.44444444444446 -64.8760636312443
      vertex 30.666666666666668 386.5516637441439 -64.32896691446402
    endloop
  endfacet
  facet normal 0 -0.4771587602596149 -0.8788171126619618
    outer loop
      vertex 6.666666666666667 387.44444444444446 -64.8760636312443
      vertex 30.666666666666668 388.3646344496535 -65.3756860393229
      vertex 30.666666666666668 387.44444444444446 -64.8760636312443
    endloop
  endfacet
  facet normal 0 -0.3338068592337631 -0.9426414910921811
    outer loop
      vertex 6.666666666666667 390.27708545353846 -66.22716408549958
      vertex 30.666666666666668 391.26410455694554 -66.57668588145862
      vertex 30.666666666666668 390.27708545353846 -66.22716408549958
    endloop
  endfacet
  facet normal 0 -0.43051109680829003 -0.9025852843498632
    outer loop
      vertex 6.666666666666667 388.3646344496535 -65.3756860393229
      vertex 30.666666666666668 389.30971158292846 -65.82646470840756
      vertex 30.666666666666668 388.3646344496535 -65.3756860393229
    endloop
  endfacet
  facet normal 0 -0.38268343236509417 -0.923879532511285
    outer loop
      vertex 6.666666666666667 389.30971158292846 -65.82646470840756
      vertex 30.666666666666668 390.27708545353846 -66.22716408549958
      vertex 30.666666666666668 389.30971158292846 -65.82646470840756
    endloop
  endfacet
  facet normal 0 -0.5664062369248452 -0.8241261886220071
    outer loop
      vertex 6.666666666666667 385.68873939859503 -63.73589544305449
      vertex 30.666666666666668 386.5516637441439 -64.32896691446402
      vertex 30.666666666666668 385.68873939859503 -63.73589544305449
    endloop
  endfacet
  facet normal 0 -0.7604059656000326 -0.6494480483301815
    outer loop
      vertex 6.666666666666667 382.5815479348966 -60.93816768273271
      vertex 30.666666666666668 382.5815479348966 -60.93816768273271
      vertex 30.666666666666668 381.90152521530507 -60.14196337655229
    endloop
  endfacet
  facet normal 0 -0.793353340291233 -0.6087614290087237
    outer loop
      vertex 6.666666666666667 381.90152521530507 -60.14196337655229
      vertex 30.666666666666668 381.90152521530507 -60.14196337655229
      vertex 30.666666666666668 381.26410455694554 -59.31126060140501
    endloop
  endfacet
  facet normal 0 -0.8526401643540937 -0.5224985647159461
    outer loop
      vertex 6.666666666666667 380.671033085536 -58.448336255856084
      vertex 30.666666666666668 380.671033085536 -58.448336255856084
      vertex 30.666666666666668 380.1239363687557 -57.55555555555554
    endloop
  endfacet
  facet normal 0 -0.824126188622018 -0.5664062369248293
    outer loop
      vertex 6.666666666666667 381.26410455694554 -59.31126060140501
      vertex 30.666666666666668 381.26410455694554 -59.31126060140501
      vertex 30.666666666666668 380.671033085536 -58.448336255856084
    endloop
  endfacet
  facet normal 0 -0.8788171126619563 -0.47715876025962545
    outer loop
      vertex 6.666666666666667 380.1239363687557 -57.55555555555554
      vertex 30.666666666666668 380.1239363687557 -57.55555555555554
      vertex 30.666666666666668 379.6243139606771 -56.63536555034648
    endloop
  endfacet
  facet normal 0 -0.2840153447039144 -0.9588197348681955
    outer loop
      vertex 6.666666666666667 391.26410455694554 -66.57668588145862
      vertex 30.666666666666668 392.2680635423941 -66.8740720813369
      vertex 30.666666666666668 391.26410455694554 -66.57668588145862
    endloop
  endfacet
  facet normal 0 -0.23344536385591466 -0.9723699203976744
    outer loop
      vertex 6.666666666666667 392.2680635423941 -66.8740720813369
      vertex 30.666666666666668 393.2862106280893 -67.11850757023166
      vertex 30.666666666666668 392.2680635423941 -66.8740720813369
    endloop
  endfacet
  facet normal 0 -0.18223552549214006 -0.983254907563956
    outer loop
      vertex 6.666666666666667 393.2862106280893 -67.11850757023166
      vertex 30.666666666666668 394.3157551436399 -67.3093223674583
      vertex 30.666666666666668 393.2862106280893 -67.11850757023166
    endloop
  endfacet
  facet normal 0 -0.1305261922200583 -0.9914448613738095
    outer loop
      vertex 6.666666666666667 394.3157551436399 -67.3093223674583
      vertex 30.666666666666668 395.3538751790914 -67.44599346292101
      vertex 30.666666666666668 394.3157551436399 -67.3093223674583
    endloop
  endfacet
  facet normal 0 -0.07845909572783544 -0.9969173337331286
    outer loop
      vertex 6.666666666666667 395.3538751790914 -67.44599346292101
      vertex 30.666666666666668 396.3977253195856 -67.52814625064701
      vertex 30.666666666666668 395.3538751790914 -67.44599346292101
    endloop
  endfacet
  facet normal 0 -0.026176948307882066 -0.999657324975557
    outer loop
      vertex 6.666666666666667 396.3977253195856 -67.52814625064701
      vertex 30.666666666666668 397.44444444444446 -67.55555555555554
      vertex 30.666666666666668 396.3977253195856 -67.52814625064701
    endloop
  endfacet
  facet normal 0 -0.9707667686673218 -0.24002475049712396
    outer loop
      vertex 6.666666666666667 377.44444444444446 -47.555555554727704
      vertex 30.666666666666668 377.44444444444446 -47.555555554727704
      vertex 30.666666666666668 357.44444444444446 33.33333333333334
    endloop
  endfacet
  facet normal 0 0 1
    outer loop
      vertex 30.666666666666668 403.61111111111114 -54.66666666666666
      vertex 20.666666666666668 407.61111111111114 -54.66666666666666
      vertex 20.666666666666668 403.61111111111114 -54.66666666666666
    endloop
  endfacet
  facet normal 0 0 -1
    outer loop
      vertex 6.666666666666667 397.44444444444446 -67.55555555555554
      vertex 30.666666666666668 495.2222222222223 -67.55555555555554
      vertex 30.666666666666668 397.44444444444446 -67.55555555555554
    endloop
  endfacet
  facet normal 0 0 1
    outer loop
      vertex 30.666666666666668 489.0555555555556 -54.66666666666666
      vertex 16.666666666666668 407.61111111111114 -54.66666666666666
      vertex 20.666666666666668 407.61111111111114 -54.66666666666666
    endloop
  endfacet
  facet normal 1 0 0
    outer loop
      vertex 20.666666666666668 403.61111111111114 33.33333333333334
      vertex 20.666666666666668 403.61111111111114 -54.66666666666666
      vertex 20.666666666666668 407.61111111111114 -54.66666666666666
    endloop
  endfacet
  facet normal 1 0 0
    outer loop
      vertex 30.666666666666668 390.27708545353846 -66.22716408549958
      vertex 30.666666666666668 403.61111111111114 -54.66666666666666
      vertex 30.666666666666668 389.30971158292846 -65.82646470840756
    endloop
  endfacet
  facet normal 1 0 0
    outer loop
      vertex 30.666666666666668 390.27708545353846 -66.22716408549958
      vertex 30.666666666666668 391.26410455694554 -66.57668588145862
      vertex 30.666666666666668 403.61111111111114 -54.66666666666666
    endloop
  endfacet
  facet normal 1 0 0
    outer loop
      vertex 30.666666666666668 391.26410455694554 -66.57668588145862
      vertex 30.666666666666668 392.2680635423941 -66.8740720813369
      vertex 30.666666666666668 403.61111111111114 -54.66666666666666
    endloop
  endfacet
  facet normal 1 0 0
    outer loop
      vertex 30.666666666666668 392.2680635423941 -66.8740720813369
      vertex 30.666666666666668 393.2862106280893 -67.11850757023166
      vertex 30.666666666666668 403.61111111111114 -54.66666666666666
    endloop
  endfacet
  facet normal 1 0 0
    outer loop
      vertex 30.666666666666668 393.2862106280893 -67.11850757023166
      vertex 30.666666666666668 394.3157551436399 -67.3093223674583
      vertex 30.666666666666668 403.61111111111114 -54.66666666666666
    endloop
  endfacet
  facet normal 1 0 0
    outer loop
      vertex 30.666666666666668 394.3157551436399 -67.3093223674583
      vertex 30.666666666666668 395.3538751790914 -67.44599346292101
      vertex 30.666666666666668 403.61111111111114 -54.66666666666666
    endloop
  endfacet
  facet normal 1 0 0
    outer loop
      vertex 30.666666666666668 395.3538751790914 -67.44599346292101
      vertex 30.666666666666668 396.3977253195856 -67.52814625064701
      vertex 30.666666666666668 403.61111111111114 -54.66666666666666
    endloop
  endfacet
  facet normal 1 0 0
    outer loop
      vertex 30.666666666666668 396.3977253195856 -67.52814625064701
      vertex 30.666666666666668 397.44444444444446 -67.55555555555554
      vertex 30.666666666666668 403.61111111111114 -54.66666666666666
    endloop
  endfacet
  facet normal 1 0 0
    outer loop
      vertex 30.666666666666668 383.3023088207135 -61.697691179286494
      vertex 30.666666666666668 403.61111111111114 33.33333333333334
      vertex 30.666666666666668 382.5815479348966 -60.93816768273271
    endloop
  endfacet
  facet normal 1 0 0
    outer loop
      vertex 30.666666666666668 383.3023088207135 -61.697691179286494
      vertex 30.666666666666668 384.0618323172673 -62.41845206510342
      vertex 30.666666666666668 403.61111111111114 33.33333333333334
    endloop
  endfacet
  facet normal 1 0 0
    outer loop
      vertex 30.666666666666668 385.68873939859503 -63.73589544305449
      vertex 30.666666666666668 386.5516637441439 -64.32896691446402
      vertex 30.666666666666668 403.61111111111114 33.33333333333334
    endloop
  endfacet
  facet normal 1 0 0
    outer loop
      vertex 30.666666666666668 387.44444444444446 -64.8760636312443
      vertex 30.666666666666668 388.3646344496535 -65.3756860393229
      vertex 30.666666666666668 403.61111111111114 33.33333333333334
    endloop
  endfacet
  facet normal 1 0 0
    outer loop
      vertex 30.666666666666668 387.44444444444446 -64.8760636312443
      vertex 30.666666666666668 403.61111111111114 33.33333333333334
      vertex 30.666666666666668 386.5516637441439 -64.32896691446402
    endloop
  endfacet
  facet normal 1 0 0
    outer loop
      vertex 30.666666666666668 384.85803662344773 -63.09847478469496
      vertex 30.666666666666668 385.68873939859503 -63.73589544305449
      vertex 30.666666666666668 403.61111111111114 33.33333333333334
    endloop
  endfacet
  facet normal 1 0 0
    outer loop
      vertex 30.666666666666668 384.85803662344773 -63.09847478469496
      vertex 30.666666666666668 403.61111111111114 33.33333333333334
      vertex 30.666666666666668 384.0618323172673 -62.41845206510342
    endloop
  endfacet
  facet normal 1 0 0
    outer loop
      vertex 30.666666666666668 388.3646344496535 -65.3756860393229
      vertex 30.666666666666668 389.30971158292846 -65.82646470840756
      vertex 30.666666666666668 403.61111111111114 33.33333333333334
    endloop
  endfacet
  facet normal 1 0 0
    outer loop
      vertex 30.666666666666668 379.6243139606771 -56.63536555034648
      vertex 30.666666666666668 380.1239363687557 -57.55555555555554
      vertex 30.666666666666668 403.61111111111114 33.33333333333334
    endloop
  endfacet
  facet normal 1 0 0
    outer loop
      vertex 30.666666666666668 381.90152521530507 -60.14196337655229
      vertex 30.666666666666668 382.5815479348966 -60.93816768273271
      vertex 30.666666666666668 403.61111111111114 33.33333333333334
    endloop
  endfacet
  facet normal 1 0 0
    outer loop
      vertex 30.666666666666668 381.90152521530507 -60.14196337655229
      vertex 30.666666666666668 403.61111111111114 33.33333333333334
      vertex 30.666666666666668 381.26410455694554 -59.31126060140501
    endloop
  endfacet
  facet normal 1 0 0
    outer loop
      vertex 30.666666666666668 380.671033085536 -58.448336255856084
      vertex 30.666666666666668 381.26410455694554 -59.31126060140501
      vertex 30.666666666666668 403.61111111111114 33.33333333333334
    endloop
  endfacet
  facet normal 1 0 0
    outer loop
      vertex 30.666666666666668 380.671033085536 -58.448336255856084
      vertex 30.666666666666668 403.61111111111114 33.33333333333334
      vertex 30.666666666666668 380.1239363687557 -57.55555555555554
    endloop
  endfacet
  facet normal 1 0 0
    outer loop
      vertex 30.666666666666668 379.6243139606771 -56.63536555034648
      vertex 30.666666666666668 403.61111111111114 33.33333333333334
      vertex 30.666666666666668 379.1735352915925 -55.69028841707155
    endloop
  endfacet
  facet normal 1 0 0
    outer loop
      vertex 30.666666666666668 379.1735352915925 -55.69028841707155
      vertex 30.666666666666668 403.61111111111114 33.33333333333334
      vertex 30.666666666666668 378.77283591450043 -54.72291454646155
    endloop
  endfacet
  facet normal 1 0 0
    outer loop
      vertex 30.666666666666668 378.77283591450043 -54.72291454646155
      vertex 30.666666666666668 403.61111111111114 33.33333333333334
      vertex 30.666666666666668 378.4233141185414 -53.73589544305449
    endloop
  endfacet
  facet normal 1 0 0
    outer loop
      vertex 30.666666666666668 378.12592791866314 -52.731936457605954
      vertex 30.666666666666668 403.61111111111114 33.33333333333334
      vertex 30.666666666666668 377.88149242976834 -51.71378937191073
    endloop
  endfacet
  facet normal 1 0 0
    outer loop
      vertex 30.666666666666668 378.4233141185414 -53.73589544305449
      vertex 30.666666666666668 403.61111111111114 33.33333333333334
      vertex 30.666666666666668 378.12592791866314 -52.731936457605954
    endloop
  endfacet
  facet normal 1 0 0
    outer loop
      vertex 30.666666666666668 377.88149242976834 -51.71378937191073
      vertex 30.666666666666668 403.61111111111114 33.33333333333334
      vertex 30.666666666666668 377.69067763254174 -50.68424485636016
    endloop
  endfacet
  facet normal 1 0 0
    outer loop
      vertex 30.666666666666668 377.69067763254174 -50.68424485636016
      vertex 30.666666666666668 403.61111111111114 33.33333333333334
      vertex 30.666666666666668 377.55400653707903 -49.64612482090861
    endloop
  endfacet
  facet normal 1 0 0
    outer loop
      vertex 30.666666666666668 377.55400653707903 -49.64612482090861
      vertex 30.666666666666668 403.61111111111114 33.33333333333334
      vertex 30.666666666666668 377.471853749353 -48.602274680414425
    endloop
  endfacet
  facet normal 1 0 0
    outer loop
      vertex 30.666666666666668 377.471853749353 -48.602274680414425
      vertex 30.666666666666668 403.61111111111114 33.33333333333334
      vertex 30.666666666666668 377.44444444444446 -47.55555555555554
    endloop
  endfacet
  facet normal 1 0 0
    outer loop
      vertex 30.666666666666668 377.44444444444446 -47.555555554727704
      vertex 30.666666666666668 377.44444444444446 -47.55555555555554
      vertex 30.666666666666668 403.61111111111114 33.33333333333334
    endloop
  endfacet
  facet normal 1 0 0
    outer loop
      vertex 30.666666666666668 389.30971158292846 -65.82646470840756
      vertex 30.666666666666668 403.61111111111114 -54.66666666666666
      vertex 30.666666666666668 403.61111111111114 33.33333333333334
    endloop
  endfacet
  facet normal 0 0 1
    outer loop
      vertex 30.666666666666668 403.61111111111114 -54.66666666666666
      vertex 30.666666666666668 489.0555555555556 -54.66666666666666
      vertex 20.666666666666668 407.61111111111114 -54.66666666666666
    endloop
  endfacet
  facet normal 1 0 0
    outer loop
      vertex 30.666666666666668 397.44444444444446 -67.55555555555554
      vertex 30.666666666666668 495.2222222222223 -67.55555555555554
      vertex 30.666666666666668 403.61111111111114 -54.66666666666666
    endloop
  endfacet
  facet normal 0 1 0
    outer loop
      vertex 30.666666666666668 403.61111111111114 -54.66666666666666
      vertex 20.666666666666668 403.61111111111114 -54.66666666666666
      vertex 30.666666666666668 403.61111111111114 33.33333333333334
    endloop
  endfacet
  facet normal 0 0 1
    outer loop
      vertex 18.666666666666668 367.44444444444446 -6.666666666666657
      vertex 18.836758524456233 367.4488984564921 -6.666666666666657
      vertex 18.836758524456233 373.9399904323968 -6.666666666666657
    endloop
  endfacet
  facet normal 0 0 1
    outer loop
      vertex 18.836758524456233 367.4488984564921 -6.666666666666657
      vertex 19.00638417228654 367.4622482844976 -6.666666666666657
      vertex 19.00638417228654 373.92664060439137 -6.666666666666657
    endloop
  endfacet
  facet normal 0 0 1
    outer loop
      vertex 18.666666666666668 367.44444444444446 -6.666666666666657
      vertex 18.836758524456233 373.9399904323968 -6.666666666666657
      vertex 18.666666666666668 373.94444444444446 -6.666666666666657
    endloop
  endfacet
  facet normal 0 0 1
    outer loop
      vertex 18.836758524456233 367.4488984564921 -6.666666666666657
      vertex 19.00638417228654 373.92664060439137 -6.666666666666657
      vertex 18.836758524456233 373.9399904323968 -6.666666666666657
    endloop
  endfacet
  facet normal 0 0 1
    outer loop
      vertex 19.00638417228654 367.4622482844976 -6.666666666666657
      vertex 19.175078678047417 367.48445733751026 -6.666666666666657
      vertex 19.175078678047417 373.90443155137865 -6.666666666666657
    endloop
  endfacet
  facet normal 0 0 1
    outer loop
      vertex 19.175078678047417 367.48445733751026 -6.666666666666657
      vertex 19.342379661824385 367.51546474205963 -6.666666666666657
      vertex 19.342379661824385 373.87342414682934 -6.666666666666657
    endloop
  endfacet
  facet normal 0 0 1
    outer loop
      vertex 19.00638417228654 367.4622482844976 -6.666666666666657
      vertex 19.175078678047417 373.90443155137865 -6.666666666666657
      vertex 19.00638417228654 373.92664060439137 -6.666666666666657
    endloop
  endfacet
  facet normal 0 0 1
    outer loop
      vertex 19.175078678047417 367.48445733751026 -6.666666666666657
      vertex 19.342379661824385 373.87342414682934 -6.666666666666657
      vertex 19.175078678047417 373.90443155137865 -6.666666666666657
    endloop
  endfacet
  facet normal 0 0 1
    outer loop
      vertex 19.342379661824385 367.51546474205963 -6.666666666666657
      vertex 19.50782856324986 373.83370337988396 -6.666666666666657
      vertex 19.342379661824385 373.87342414682934 -6.666666666666657
    endloop
  endfacet
  facet normal 0 0 1
    outer loop
      vertex 19.342379661824385 367.51546474205963 -6.666666666666657
      vertex 19.50782856324986 367.555185509005 -6.666666666666657
      vertex 19.50782856324986 373.83370337988396 -6.666666666666657
    endloop
  endfacet
  facet normal 0 0 1
    outer loop
      vertex 19.50782856324986 367.555185509005 -6.666666666666657
      vertex 19.670971898385247 367.6035107664852 -6.666666666666657
      vertex 19.670971898385247 373.7853781224037 -6.666666666666657
    endloop
  endfacet
  facet normal 0 0 1
    outer loop
      vertex 19.670971898385247 367.6035107664852 -6.666666666666657
      vertex 19.831362502688894 367.66030805832855 -6.666666666666657
      vertex 19.831362502688894 373.72858083056036 -6.666666666666657
    endloop
  endfacet
  facet normal 0 0 1
    outer loop
      vertex 19.50782856324986 367.555185509005 -6.666666666666657
      vertex 19.670971898385247 373.7853781224037 -6.666666666666657
      vertex 19.50782856324986 373.83370337988396 -6.666666666666657
    endloop
  endfacet
  facet normal 0 0 1
    outer loop
      vertex 19.670971898385247 367.6035107664852 -6.666666666666657
      vertex 19.831362502688894 373.72858083056036 -6.666666666666657
      vertex 19.670971898385247 373.7853781224037 -6.666666666666657
    endloop
  endfacet
  facet normal 0 0 1
    outer loop
      vertex 19.831362502688894 367.66030805832855 -6.666666666666657
      vertex 19.988560756663016 367.725421707106 -6.666666666666657
      vertex 19.988560756663016 373.66346718178295 -6.666666666666657
    endloop
  endfacet
  facet normal 0 0 1
    outer loop
      vertex 19.988560756663016 367.725421707106 -6.666666666666657
      vertex 20.142135790820195 367.7986732408323 -6.666666666666657
      vertex 20.142135790820195 373.5902156480567 -6.666666666666657
    endloop
  endfacet
  facet normal 0 0 1
    outer loop
      vertex 19.831362502688894 367.66030805832855 -6.666666666666657
      vertex 19.988560756663016 373.66346718178295 -6.666666666666657
      vertex 19.831362502688894 373.72858083056036 -6.666666666666657
    endloop
  endfacet
  facet normal 0 0 1
    outer loop
      vertex 19.988560756663016 367.725421707106 -6.666666666666657
      vertex 20.142135790820195 373.5902156480567 -6.666666666666657
      vertex 19.988560756663016 373.66346718178295 -6.666666666666657
    endloop
  endfacet
  facet normal 0 0 1
    outer loop
      vertex 20.142135790820195 367.7986732408323 -6.666666666666657
      vertex 20.291666666666668 367.87986188214506 -6.666666666666657
      vertex 20.291666666666668 373.5090270067439 -6.666666666666657
    endloop
  endfacet
  facet normal 0 0 1
    outer loop
      vertex 20.291666666666668 367.87986188214506 -6.666666666666657
      vertex 20.436743530465506 367.9687650986219 -6.666666666666657
      vertex 20.436743530465506 373.4201237902671 -6.666666666666657
    endloop
  endfacet
  facet normal 0 0 1
    outer loop
      vertex 20.436743530465506 367.9687650986219 -6.666666666666657
      vertex 20.576968736617204 368.0651392127259 -6.666666666666657
      vertex 20.576968736617204 373.32374967616306 -6.666666666666657
    endloop
  endfacet
  facet normal 0 0 1
    outer loop
      vertex 20.142135790820195 367.7986732408323 -6.666666666666657
      vertex 20.291666666666668 373.5090270067439 -6.666666666666657
      vertex 20.142135790820195 373.5902156480567 -6.666666666666657
    endloop
  endfacet
  facet normal 0 0 1
    outer loop
      vertex 20.291666666666668 367.87986188214506 -6.666666666666657
      vertex 20.436743530465506 373.4201237902671 -6.666666666666657
      vertex 20.291666666666668 373.5090270067439 -6.666666666666657
    endloop
  endfacet
  facet normal 0 0 1
    outer loop
      vertex 20.436743530465506 367.9687650986219 -6.666666666666657
      vertex 20.576968736617204 373.32374967616306 -6.666666666666657
      vertex 20.436743530465506 373.4201237902671 -6.666666666666657
    endloop
  endfacet
  facet normal 0 0 1
    outer loop
      vertex 20.576968736617204 368.0651392127259 -6.666666666666657
      vertex 20.71195793757864 368.1687200697093 -6.666666666666657
      vertex 20.71195793757864 373.22016881917966 -6.666666666666657
    endloop
  endfacet
  facet normal 0 0 1
    outer loop
      vertex 20.71195793757864 368.1687200697093 -6.666666666666657
      vertex 20.841341137332957 368.2792237616429 -6.666666666666657
      vertex 20.841341137332957 373.109665127246 -6.666666666666657
    endloop
  endfacet
  facet normal 0 0 1
    outer loop
      vertex 20.576968736617204 368.0651392127259 -6.666666666666657
      vertex 20.71195793757864 373.22016881917966 -6.666666666666657
      vertex 20.576968736617204 373.32374967616306 -6.666666666666657
    endloop
  endfacet
  facet normal 0 0 1
    outer loop
      vertex 20.71195793757864 368.1687200697093 -6.666666666666657
      vertex 20.841341137332957 373.109665127246 -6.666666666666657
      vertex 20.71195793757864 373.22016881917966 -6.666666666666657
    endloop
  endfacet
  facet normal 0 0 1
    outer loop
      vertex 20.841341137332957 368.2792237616429 -6.666666666666657
      vertex 20.964763705522948 372.9925414833008 -6.666666666666657
      vertex 20.841341137332957 373.109665127246 -6.666666666666657
    endloop
  endfacet
  facet normal 0 0 1
    outer loop
      vertex 20.841341137332957 368.2792237616429 -6.666666666666657
      vertex 20.964763705522948 368.3963474055882 -6.666666666666657
      vertex 20.964763705522948 372.9925414833008 -6.666666666666657
    endloop
  endfacet
  facet normal 0 0 1
    outer loop
      vertex 20.964763705522948 368.3963474055882 -6.666666666666657
      vertex 21.0818873494682 368.5197699737782 -6.666666666666657
      vertex 21.0818873494682 372.8691189151108 -6.666666666666657
    endloop
  endfacet
  facet normal 0 0 1
    outer loop
      vertex 21.0818873494682 368.5197699737782 -6.666666666666657
      vertex 21.192391041401823 368.6491531735325 -6.666666666666657
      vertex 21.192391041401823 372.73973571535646 -6.666666666666657
    endloop
  endfacet
  facet normal 0 0 1
    outer loop
      vertex 21.192391041401823 368.6491531735325 -6.666666666666657
      vertex 21.295971898385247 368.78414237449397 -6.666666666666657
      vertex 21.295971898385247 372.604746514395 -6.666666666666657
    endloop
  endfacet
  facet normal 0 0 1
    outer loop
      vertex 21.192391041401823 368.6491531735325 -6.666666666666657
      vertex 21.295971898385247 372.604746514395 -6.666666666666657
      vertex 21.192391041401823 372.73973571535646 -6.666666666666657
    endloop
  endfacet
  facet normal 0 0 1
    outer loop
      vertex 20.964763705522948 368.3963474055882 -6.666666666666657
      vertex 21.0818873494682 372.8691189151108 -6.666666666666657
      vertex 20.964763705522948 372.9925414833008 -6.666666666666657
    endloop
  endfacet
  facet normal 0 0 1
    outer loop
      vertex 21.0818873494682 368.5197699737782 -6.666666666666657
      vertex 21.192391041401823 372.73973571535646 -6.666666666666657
      vertex 21.0818873494682 372.8691189151108 -6.666666666666657
    endloop
  endfacet
  facet normal 0 0 1
    outer loop
      vertex 21.295971898385247 368.78414237449397 -6.666666666666657
      vertex 21.392346012489295 368.92436758064565 -6.666666666666657
      vertex 21.392346012489295 372.4645213082433 -6.666666666666657
    endloop
  endfacet
  facet normal 0 0 1
    outer loop
      vertex 21.295971898385247 368.78414237449397 -6.666666666666657
      vertex 21.392346012489295 372.4645213082433 -6.666666666666657
      vertex 21.295971898385247 372.604746514395 -6.666666666666657
    endloop
  endfacet
  facet normal 0 0 1
    outer loop
      vertex 21.392346012489295 368.92436758064565 -6.666666666666657
      vertex 21.481249228966092 369.06944444444446 -6.666666666666657
      vertex 21.481249228966092 372.31944444444446 -6.666666666666657
    endloop
  endfacet
  facet normal 0 0 1
    outer loop
      vertex 21.392346012489295 368.92436758064565 -6.666666666666657
      vertex 21.481249228966092 372.31944444444446 -6.666666666666657
      vertex 21.392346012489295 372.4645213082433 -6.666666666666657
    endloop
  endfacet
  facet normal 0 0 1
    outer loop
      vertex 21.481249228966092 369.06944444444446 -6.666666666666657
      vertex 21.562437870278863 369.21897532029095 -6.666666666666657
      vertex 21.562437870278863 372.169913568598 -6.666666666666657
    endloop
  endfacet
  facet normal 0 0 1
    outer loop
      vertex 21.481249228966092 369.06944444444446 -6.666666666666657
      vertex 21.562437870278863 372.169913568598 -6.666666666666657
      vertex 21.481249228966092 372.31944444444446 -6.666666666666657
    endloop
  endfacet
  facet normal 0 0 1
    outer loop
      vertex 21.562437870278863 369.21897532029095 -6.666666666666657
      vertex 21.63568940400512 369.37255035444815 -6.666666666666657
      vertex 21.63568940400512 372.0163385344408 -6.666666666666657
    endloop
  endfacet
  facet normal 0 0 1
    outer loop
      vertex 21.562437870278863 369.21897532029095 -6.666666666666657
      vertex 21.63568940400512 372.0163385344408 -6.666666666666657
      vertex 21.562437870278863 372.169913568598 -6.666666666666657
    endloop
  endfacet
  facet normal 0 0 1
    outer loop
      vertex 21.63568940400512 369.37255035444815 -6.666666666666657
      vertex 21.70080305278257 371.8591402804667 -6.666666666666657
      vertex 21.63568940400512 372.0163385344408 -6.666666666666657
    endloop
  endfacet
  facet normal -0.026176948307852308 0.9996573249755578 0
    outer loop
      vertex 18.666666666666668 367.44444444444446 -6.666666666666657
      vertex 18.836758524456233 367.4488984564921 33.33333333333334
      vertex 18.836758524456233 367.4488984564921 -6.666666666666657
    endloop
  endfacet
  facet normal -0.07845909572807577 0.9969173337331098 0
    outer loop
      vertex 18.836758524456233 367.4488984564921 -6.666666666666657
      vertex 19.00638417228654 367.4622482844976 33.33333333333334
      vertex 19.00638417228654 367.4622482844976 -6.666666666666657
    endloop
  endfacet
  facet normal -0.1305261922198709 0.9914448613738343 0
    outer loop
      vertex 19.00638417228654 367.4622482844976 -6.666666666666657
      vertex 19.175078678047417 367.48445733751026 33.33333333333334
      vertex 19.175078678047417 367.48445733751026 -6.666666666666657
    endloop
  endfacet
  facet normal -0.18223552549238178 0.9832549075639112 0
    outer loop
      vertex 19.175078678047417 367.48445733751026 -6.666666666666657
      vertex 19.342379661824385 367.51546474205963 33.33333333333334
      vertex 19.342379661824385 367.51546474205963 -6.666666666666657
    endloop
  endfacet
  facet normal -0.23344536385581022 0.9723699203976994 0
    outer loop
      vertex 19.342379661824385 367.51546474205963 -6.666666666666657
      vertex 19.50782856324986 367.555185509005 33.33333333333334
      vertex 19.50782856324986 367.555185509005 -6.666666666666657
    endloop
  endfacet
  facet normal -0.2840153447038024 0.9588197348682286 0
    outer loop
      vertex 19.50782856324986 367.555185509005 -6.666666666666657
      vertex 19.670971898385247 367.6035107664852 33.33333333333334
      vertex 19.670971898385247 367.6035107664852 -6.666666666666657
    endloop
  endfacet
  facet normal -0.33380685923374465 0.9426414910921878 0
    outer loop
      vertex 19.670971898385247 367.6035107664852 -6.666666666666657
      vertex 19.831362502688894 367.66030805832855 33.33333333333334
      vertex 19.831362502688894 367.66030805832855 -6.666666666666657
    endloop
  endfacet
  facet normal -0.3826834323651767 0.9238795325112508 0
    outer loop
      vertex 19.831362502688894 367.66030805832855 -6.666666666666657
      vertex 19.988560756663016 367.725421707106 33.33333333333334
      vertex 19.988560756663016 367.725421707106 -6.666666666666657
    endloop
  endfacet
  facet normal -0.4305110968082544 0.9025852843498801 0
    outer loop
      vertex 19.988560756663016 367.725421707106 -6.666666666666657
      vertex 20.142135790820195 367.7986732408323 33.33333333333334
      vertex 20.142135790820195 367.7986732408323 -6.666666666666657
    endloop
  endfacet
  facet normal -0.026176948307852308 -0.9996573249755578 0
    outer loop
      vertex 18.666666666666668 373.94444444444446 -6.666666666666657
      vertex 18.836758524456233 373.9399904323968 -6.666666666666657
      vertex 18.666666666666668 373.94444444444446 33.33333333333334
    endloop
  endfacet
  facet normal -0.07845909572774375 -0.996917333733136 0
    outer loop
      vertex 18.836758524456233 373.9399904323968 -6.666666666666657
      vertex 19.00638417228654 373.92664060439137 -6.666666666666657
      vertex 18.836758524456233 373.9399904323968 33.33333333333334
    endloop
  endfacet
  facet normal -0.13052619222019932 -0.991444861373791 0
    outer loop
      vertex 19.00638417228654 373.92664060439137 -6.666666666666657
      vertex 19.175078678047417 373.90443155137865 -6.666666666666657
      vertex 19.00638417228654 373.92664060439137 33.33333333333334
    endloop
  endfacet
  facet normal -0.1822355254920588 -0.983254907563971 0
    outer loop
      vertex 19.175078678047417 373.90443155137865 -6.666666666666657
      vertex 19.342379661824385 373.87342414682934 -6.666666666666657
      vertex 19.175078678047417 373.90443155137865 33.33333333333334
    endloop
  endfacet
  facet normal -0.23344536385581022 -0.9723699203976994 0
    outer loop
      vertex 19.342379661824385 373.87342414682934 -6.666666666666657
      vertex 19.50782856324986 373.83370337988396 -6.666666666666657
      vertex 19.342379661824385 373.87342414682934 33.33333333333334
    endloop
  endfacet
  facet normal -0.28401534470410955 -0.9588197348681375 0
    outer loop
      vertex 19.50782856324986 373.83370337988396 -6.666666666666657
      vertex 19.670971898385247 373.7853781224037 -6.666666666666657
      vertex 19.50782856324986 373.83370337988396 33.33333333333334
    endloop
  endfacet
  facet normal -0.33380685923374465 -0.9426414910921878 0
    outer loop
      vertex 19.670971898385247 373.7853781224037 -6.666666666666657
      vertex 19.831362502688894 373.72858083056036 -6.666666666666657
      vertex 19.670971898385247 373.7853781224037 33.33333333333334
    endloop
  endfacet
  facet normal -0.38268343236489155 -0.9238795325113689 0
    outer loop
      vertex 19.831362502688894 373.72858083056036 -6.666666666666657
      vertex 19.988560756663016 373.66346718178295 -6.666666666666657
      vertex 19.831362502688894 373.72858083056036 33.33333333333334
    endloop
  endfacet
  facet normal -0.4305110968082544 -0.9025852843498801 0
    outer loop
      vertex 19.988560756663016 373.66346718178295 -6.666666666666657
      vertex 20.142135790820195 373.5902156480567 -6.666666666666657
      vertex 19.988560756663016 373.66346718178295 33.33333333333334
    endloop
  endfacet
  facet normal -0.47715876025970927 0.8788171126619106 0
    outer loop
      vertex 20.142135790820195 367.7986732408323 -6.666666666666657
      vertex 20.291666666666668 367.87986188214506 33.33333333333334
      vertex 20.291666666666668 367.87986188214506 -6.666666666666657
    endloop
  endfacet
  facet normal -0.5224985647159941 0.8526401643540645 0
    outer loop
      vertex 20.291666666666668 367.87986188214506 -6.666666666666657
      vertex 20.436743530465506 367.9687650986219 33.33333333333334
      vertex 20.436743530465506 367.9687650986219 -6.666666666666657
    endloop
  endfacet
  facet normal -0.566406236924792 0.8241261886220437 0
    outer loop
      vertex 20.436743530465506 367.9687650986219 -6.666666666666657
      vertex 20.576968736617204 368.0651392127259 33.33333333333334
      vertex 20.576968736617204 368.0651392127259 -6.666666666666657
    endloop
  endfacet
  facet normal -0.6087614290086258 0.793353340291308 0
    outer loop
      vertex 20.576968736617204 368.0651392127259 -6.666666666666657
      vertex 20.71195793757864 368.1687200697093 33.33333333333334
      vertex 20.71195793757864 368.1687200697093 -6.666666666666657
    endloop
  endfacet
  facet normal -0.6494480483301519 0.7604059656000581 0
    outer loop
      vertex 20.71195793757864 368.1687200697093 -6.666666666666657
      vertex 20.841341137332957 368.2792237616429 33.33333333333334
      vertex 20.841341137332957 368.2792237616429 -6.666666666666657
    endloop
  endfacet
  facet normal -0.6883545756937863 0.7253743710122569 0
    outer loop
      vertex 20.841341137332957 368.2792237616429 -6.666666666666657
      vertex 20.964763705522948 368.3963474055882 33.33333333333334
      vertex 20.964763705522948 368.3963474055882 -6.666666666666657
    endloop
  endfacet
  facet normal -0.7253743710122981 0.6883545756937429 0
    outer loop
      vertex 20.964763705522948 368.3963474055882 -6.666666666666657
      vertex 20.964763705522948 368.3963474055882 33.33333333333334
      vertex 21.0818873494682 368.5197699737782 -6.666666666666657
    endloop
  endfacet
  facet normal -0.47715876025970927 -0.8788171126619106 0
    outer loop
      vertex 20.142135790820195 373.5902156480567 -6.666666666666657
      vertex 20.291666666666668 373.5090270067439 -6.666666666666657
      vertex 20.142135790820195 373.5902156480567 33.33333333333334
    endloop
  endfacet
  facet normal -0.5224985647159941 -0.8526401643540645 0
    outer loop
      vertex 20.291666666666668 373.5090270067439 -6.666666666666657
      vertex 20.436743530465506 373.4201237902671 -6.666666666666657
      vertex 20.291666666666668 373.5090270067439 33.33333333333334
    endloop
  endfacet
  facet normal -0.566406236924792 -0.8241261886220437 0
    outer loop
      vertex 20.436743530465506 373.4201237902671 -6.666666666666657
      vertex 20.576968736617204 373.32374967616306 -6.666666666666657
      vertex 20.436743530465506 373.4201237902671 33.33333333333334
    endloop
  endfacet
  facet normal -0.6087614290086258 -0.793353340291308 0
    outer loop
      vertex 20.576968736617204 373.32374967616306 -6.666666666666657
      vertex 20.71195793757864 373.22016881917966 -6.666666666666657
      vertex 20.576968736617204 373.32374967616306 33.33333333333334
    endloop
  endfacet
  facet normal -0.649448048330345 -0.7604059655998932 0
    outer loop
      vertex 20.71195793757864 373.22016881917966 -6.666666666666657
      vertex 20.841341137332957 373.109665127246 -6.666666666666657
      vertex 20.71195793757864 373.22016881917966 33.33333333333334
    endloop
  endfacet
  facet normal -0.6883545756936106 -0.7253743710124236 0
    outer loop
      vertex 20.841341137332957 373.109665127246 -6.666666666666657
      vertex 20.964763705522948 372.9925414833008 -6.666666666666657
      vertex 20.841341137332957 373.109665127246 33.33333333333334
    endloop
  endfacet
  facet normal -0.7604059656000639 0.649448048330145 0
    outer loop
      vertex 21.0818873494682 368.5197699737782 -6.666666666666657
      vertex 21.0818873494682 368.5197699737782 33.33333333333334
      vertex 21.192391041401823 368.6491531735325 -6.666666666666657
    endloop
  endfacet
  facet normal -0.7933533402912838 0.6087614290086573 0
    outer loop
      vertex 21.192391041401823 368.6491531735325 -6.666666666666657
      vertex 21.192391041401823 368.6491531735325 33.33333333333334
      vertex 21.295971898385247 368.78414237449397 -6.666666666666657
    endloop
  endfacet
  facet normal -0.7253743710122981 -0.6883545756937429 0
    outer loop
      vertex 20.964763705522948 372.9925414833008 -6.666666666666657
      vertex 21.0818873494682 372.8691189151108 -6.666666666666657
      vertex 21.0818873494682 372.8691189151108 33.33333333333334
    endloop
  endfacet
  facet normal -0.7933533402912838 -0.6087614290086573 0
    outer loop
      vertex 21.192391041401823 372.73973571535646 -6.666666666666657
      vertex 21.295971898385247 372.604746514395 -6.666666666666657
      vertex 21.295971898385247 372.604746514395 33.33333333333334
    endloop
  endfacet
  facet normal -0.7604059656000639 -0.649448048330145 0
    outer loop
      vertex 21.0818873494682 372.8691189151108 -6.666666666666657
      vertex 21.192391041401823 372.73973571535646 -6.666666666666657
      vertex 21.192391041401823 372.73973571535646 33.33333333333334
    endloop
  endfacet
  facet normal -0.8241261886219877 0.5664062369248736 0
    outer loop
      vertex 21.295971898385247 368.78414237449397 -6.666666666666657
      vertex 21.295971898385247 368.78414237449397 33.33333333333334
      vertex 21.392346012489295 368.92436758064565 -6.666666666666657
    endloop
  endfacet
  facet normal -0.8526401643540411 0.5224985647160323 0
    outer loop
      vertex 21.392346012489295 368.92436758064565 -6.666666666666657
      vertex 21.392346012489295 368.92436758064565 33.33333333333334
      vertex 21.481249228966092 369.06944444444446 -6.666666666666657
    endloop
  endfacet
  facet normal -0.8788171126619917 0.47715876025956 0
    outer loop
      vertex 21.481249228966092 369.06944444444446 -6.666666666666657
      vertex 21.481249228966092 369.06944444444446 33.33333333333334
      vertex 21.562437870278863 369.21897532029095 -6.666666666666657
    endloop
  endfacet
  facet normal -0.9025852843498869 0.4305110968082397 0
    outer loop
      vertex 21.562437870278863 369.21897532029095 -6.666666666666657
      vertex 21.562437870278863 369.21897532029095 33.33333333333334
      vertex 21.63568940400512 369.37255035444815 -6.666666666666657
    endloop
  endfacet
  facet normal -0.9238795325112815 0.3826834323651024 0
    outer loop
      vertex 21.63568940400512 369.37255035444815 -6.666666666666657
      vertex 21.63568940400512 369.37255035444815 33.33333333333334
      vertex 21.70080305278257 369.52974860842227 -6.666666666666657
    endloop
  endfacet
  facet normal -0.8241261886219877 -0.5664062369248736 0
    outer loop
      vertex 21.295971898385247 372.604746514395 -6.666666666666657
      vertex 21.392346012489295 372.4645213082433 -6.666666666666657
      vertex 21.392346012489295 372.4645213082433 33.33333333333334
    endloop
  endfacet
  facet normal -0.8526401643541324 -0.5224985647158834 0
    outer loop
      vertex 21.392346012489295 372.4645213082433 -6.666666666666657
      vertex 21.481249228966092 372.31944444444446 -6.666666666666657
      vertex 21.481249228966092 372.31944444444446 33.33333333333334
    endloop
  endfacet
  facet normal -0.8788171126619155 -0.47715876025970005 0
    outer loop
      vertex 21.481249228966092 372.31944444444446 -6.666666666666657
      vertex 21.562437870278863 372.169913568598 -6.666666666666657
      vertex 21.562437870278863 372.169913568598 33.33333333333334
    endloop
  endfacet
  facet normal -0.9025852843498869 -0.4305110968082397 0
    outer loop
      vertex 21.562437870278863 372.169913568598 -6.666666666666657
      vertex 21.63568940400512 372.0163385344408 -6.666666666666657
      vertex 21.63568940400512 372.0163385344408 33.33333333333334
    endloop
  endfacet
  facet normal 0 0 1
    outer loop
      vertex 18.666666666666668 387.5277777777778 -6.666666666666657
      vertex 18.836758524456233 387.53223178982546 -6.666666666666657
      vertex 18.836758524456233 394.0233237657302 -6.666666666666657
    endloop
  endfacet
  facet normal 0 0 1
    outer loop
      vertex 18.836758524456233 387.53223178982546 -6.666666666666657
      vertex 19.00638417228654 387.5455816178309 -6.666666666666657
      vertex 19.00638417228654 394.0099739377247 -6.666666666666657
    endloop
  endfacet
  facet normal 0 0 1
    outer loop
      vertex 19.00638417228654 387.5455816178309 -6.666666666666657
      vertex 19.175078678047417 387.56779067084364 -6.666666666666657
      vertex 19.175078678047417 393.987764884712 -6.666666666666657
    endloop
  endfacet
  facet normal 0 0 1
    outer loop
      vertex 19.175078678047417 387.56779067084364 -6.666666666666657
      vertex 19.342379661824385 387.59879807539295 -6.666666666666657
      vertex 19.342379661824385 393.95675748016265 -6.666666666666657
    endloop
  endfacet
  facet normal 0 0 1
    outer loop
      vertex 19.342379661824385 387.59879807539295 -6.666666666666657
      vertex 19.50782856324986 387.6385188423383 -6.666666666666657
      vertex 19.50782856324986 393.91703671321727 -6.666666666666657
    endloop
  endfacet
  facet normal 0 0 1
    outer loop
      vertex 19.50782856324986 387.6385188423383 -6.666666666666657
      vertex 19.670971898385247 387.6868440998186 -6.666666666666657
      vertex 19.670971898385247 393.86871145573707 -6.666666666666657
    endloop
  endfacet
  facet normal 0 0 1
    outer loop
      vertex 19.670971898385247 387.6868440998186 -6.666666666666657
      vertex 19.831362502688894 387.7436413916619 -6.666666666666657
      vertex 19.831362502688894 393.81191416389373 -6.666666666666657
    endloop
  endfacet
  facet normal 0 0 1
    outer loop
      vertex 19.831362502688894 387.7436413916619 -6.666666666666657
      vertex 19.988560756663016 387.80875504043934 -6.666666666666657
      vertex 19.988560756663016 393.74680051511626 -6.666666666666657
    endloop
  endfacet
  facet normal 0 0 1
    outer loop
      vertex 19.988560756663016 387.80875504043934 -6.666666666666657
      vertex 20.142135790820195 387.88200657416564 -6.666666666666657
      vertex 20.142135790820195 393.67354898139 -6.666666666666657
    endloop
  endfacet
  facet normal 0 0 1
    outer loop
      vertex 18.666666666666668 387.5277777777778 -6.666666666666657
      vertex 18.836758524456233 394.0233237657302 -6.666666666666657
      vertex 18.666666666666668 394.0277777777778 -6.666666666666657
    endloop
  endfacet
  facet normal 0 0 1
    outer loop
      vertex 18.836758524456233 387.53223178982546 -6.666666666666657
      vertex 19.00638417228654 394.0099739377247 -6.666666666666657
      vertex 18.836758524456233 394.0233237657302 -6.666666666666657
    endloop
  endfacet
  facet normal 0 0 1
    outer loop
      vertex 19.00638417228654 387.5455816178309 -6.666666666666657
      vertex 19.175078678047417 393.987764884712 -6.666666666666657
      vertex 19.00638417228654 394.0099739377247 -6.666666666666657
    endloop
  endfacet
  facet normal 0 0 1
    outer loop
      vertex 19.175078678047417 387.56779067084364 -6.666666666666657
      vertex 19.342379661824385 393.95675748016265 -6.666666666666657
      vertex 19.175078678047417 393.987764884712 -6.666666666666657
    endloop
  endfacet
  facet normal 0 0 1
    outer loop
      vertex 19.342379661824385 387.59879807539295 -6.666666666666657
      vertex 19.50782856324986 393.91703671321727 -6.666666666666657
      vertex 19.342379661824385 393.95675748016265 -6.666666666666657
    endloop
  endfacet
  facet normal 0 0 1
    outer loop
      vertex 19.50782856324986 387.6385188423383 -6.666666666666657
      vertex 19.670971898385247 393.86871145573707 -6.666666666666657
      vertex 19.50782856324986 393.91703671321727 -6.666666666666657
    endloop
  endfacet
  facet normal 0 0 1
    outer loop
      vertex 19.670971898385247 387.6868440998186 -6.666666666666657
      vertex 19.831362502688894 393.81191416389373 -6.666666666666657
      vertex 19.670971898385247 393.86871145573707 -6.666666666666657
    endloop
  endfacet
  facet normal 0 0 1
    outer loop
      vertex 19.831362502688894 387.7436413916619 -6.666666666666657
      vertex 19.988560756663016 393.74680051511626 -6.666666666666657
      vertex 19.831362502688894 393.81191416389373 -6.666666666666657
    endloop
  endfacet
  facet normal 0 0 1
    outer loop
      vertex 19.988560756663016 387.80875504043934 -6.666666666666657
      vertex 20.142135790820195 393.67354898139 -6.666666666666657
      vertex 19.988560756663016 393.74680051511626 -6.666666666666657
    endloop
  endfacet
  facet normal 0 0 1
    outer loop
      vertex 20.142135790820195 387.88200657416564 -6.666666666666657
      vertex 20.291666666666668 387.9631952154784 -6.666666666666657
      vertex 20.291666666666668 393.5923603400772 -6.666666666666657
    endloop
  endfacet
  facet normal 0 0 1
    outer loop
      vertex 20.291666666666668 387.9631952154784 -6.666666666666657
      vertex 20.436743530465506 388.0520984319552 -6.666666666666657
      vertex 20.436743530465506 393.5034571236004 -6.666666666666657
    endloop
  endfacet
  facet normal 0 0 1
    outer loop
      vertex 20.436743530465506 388.0520984319552 -6.666666666666657
      vertex 20.576968736617204 388.1484725460592 -6.666666666666657
      vertex 20.576968736617204 393.4070830094964 -6.666666666666657
    endloop
  endfacet
  facet normal 0 0 1
    outer loop
      vertex 20.576968736617204 388.1484725460592 -6.666666666666657
      vertex 20.71195793757864 388.2520534030427 -6.666666666666657
      vertex 20.71195793757864 393.303502152513 -6.666666666666657
    endloop
  endfacet
  facet normal 0 0 1
    outer loop
      vertex 20.71195793757864 388.2520534030427 -6.666666666666657
      vertex 20.841341137332957 388.3625570949763 -6.666666666666657
      vertex 20.841341137332957 393.19299846057936 -6.666666666666657
    endloop
  endfacet
  facet normal 0 0 1
    outer loop
      vertex 20.841341137332957 388.3625570949763 -6.666666666666657
      vertex 20.964763705522948 388.4796807389215 -6.666666666666657
      vertex 20.964763705522948 393.0758748166341 -6.666666666666657
    endloop
  endfacet
  facet normal 0 0 1
    outer loop
      vertex 20.964763705522948 388.4796807389215 -6.666666666666657
      vertex 21.0818873494682 388.6031033071115 -6.666666666666657
      vertex 21.0818873494682 392.9524522484441 -6.666666666666657
    endloop
  endfacet
  facet normal 0 0 1
    outer loop
      vertex 21.0818873494682 388.6031033071115 -6.666666666666657
      vertex 21.192391041401823 388.7324865068658 -6.666666666666657
      vertex 21.192391041401823 392.8230690486898 -6.666666666666657
    endloop
  endfacet
  facet normal 0 0 1
    outer loop
      vertex 21.192391041401823 388.7324865068658 -6.666666666666657
      vertex 21.295971898385247 388.8674757078273 -6.666666666666657
      vertex 21.295971898385247 392.6880798477284 -6.666666666666657
    endloop
  endfacet
  facet normal 0 0 1
    outer loop
      vertex 21.295971898385247 388.8674757078273 -6.666666666666657
      vertex 21.392346012489295 389.00770091397897 -6.666666666666657
      vertex 21.392346012489295 392.54785464157663 -6.666666666666657
    endloop
  endfacet
  facet normal 0 0 1
    outer loop
      vertex 21.392346012489295 389.00770091397897 -6.666666666666657
      vertex 21.481249228966092 389.1527777777778 -6.666666666666657
      vertex 21.481249228966092 392.4027777777778 -6.666666666666657
    endloop
  endfacet
  facet normal 0 0 1
    outer loop
      vertex 21.481249228966092 389.1527777777778 -6.666666666666657
      vertex 21.562437870278863 389.30230865362427 -6.666666666666657
      vertex 21.562437870278863 392.25324690193133 -6.666666666666657
    endloop
  endfacet
  facet normal 0 0 1
    outer loop
      vertex 21.562437870278863 389.30230865362427 -6.666666666666657
      vertex 21.63568940400512 389.45588368778147 -6.666666666666657
      vertex 21.63568940400512 392.09967186777413 -6.666666666666657
    endloop
  endfacet
  facet normal 0 0 1
    outer loop
      vertex 20.142135790820195 387.88200657416564 -6.666666666666657
      vertex 20.291666666666668 393.5923603400772 -6.666666666666657
      vertex 20.142135790820195 393.67354898139 -6.666666666666657
    endloop
  endfacet
  facet normal 0 0 1
    outer loop
      vertex 20.291666666666668 387.9631952154784 -6.666666666666657
      vertex 20.436743530465506 393.5034571236004 -6.666666666666657
      vertex 20.291666666666668 393.5923603400772 -6.666666666666657
    endloop
  endfacet
  facet normal 0 0 1
    outer loop
      vertex 20.436743530465506 388.0520984319552 -6.666666666666657
      vertex 20.576968736617204 393.4070830094964 -6.666666666666657
      vertex 20.436743530465506 393.5034571236004 -6.666666666666657
    endloop
  endfacet
  facet normal 0 0 1
    outer loop
      vertex 20.576968736617204 388.1484725460592 -6.666666666666657
      vertex 20.71195793757864 393.303502152513 -6.666666666666657
      vertex 20.576968736617204 393.4070830094964 -6.666666666666657
    endloop
  endfacet
  facet normal 0 0 1
    outer loop
      vertex 20.71195793757864 388.2520534030427 -6.666666666666657
      vertex 20.841341137332957 393.19299846057936 -6.666666666666657
      vertex 20.71195793757864 393.303502152513 -6.666666666666657
    endloop
  endfacet
  facet normal 0 0 1
    outer loop
      vertex 20.841341137332957 388.3625570949763 -6.666666666666657
      vertex 20.964763705522948 393.0758748166341 -6.666666666666657
      vertex 20.841341137332957 393.19299846057936 -6.666666666666657
    endloop
  endfacet
  facet normal 0 0 1
    outer loop
      vertex 20.964763705522948 388.4796807389215 -6.666666666666657
      vertex 21.0818873494682 392.9524522484441 -6.666666666666657
      vertex 20.964763705522948 393.0758748166341 -6.666666666666657
    endloop
  endfacet
  facet normal 0 0 1
    outer loop
      vertex 21.0818873494682 388.6031033071115 -6.666666666666657
      vertex 21.192391041401823 392.8230690486898 -6.666666666666657
      vertex 21.0818873494682 392.9524522484441 -6.666666666666657
    endloop
  endfacet
  facet normal 0 0 1
    outer loop
      vertex 21.192391041401823 388.7324865068658 -6.666666666666657
      vertex 21.295971898385247 392.6880798477284 -6.666666666666657
      vertex 21.192391041401823 392.8230690486898 -6.666666666666657
    endloop
  endfacet
  facet normal 0 0 1
    outer loop
      vertex 21.295971898385247 388.8674757078273 -6.666666666666657
      vertex 21.392346012489295 392.54785464157663 -6.666666666666657
      vertex 21.295971898385247 392.6880798477284 -6.666666666666657
    endloop
  endfacet
  facet normal 0 0 1
    outer loop
      vertex 21.392346012489295 389.00770091397897 -6.666666666666657
      vertex 21.481249228966092 392.4027777777778 -6.666666666666657
      vertex 21.392346012489295 392.54785464157663 -6.666666666666657
    endloop
  endfacet
  facet normal 0 0 1
    outer loop
      vertex 21.481249228966092 389.1527777777778 -6.666666666666657
      vertex 21.562437870278863 392.25324690193133 -6.666666666666657
      vertex 21.481249228966092 392.4027777777778 -6.666666666666657
    endloop
  endfacet
  facet normal 0 0 1
    outer loop
      vertex 21.562437870278863 389.30230865362427 -6.666666666666657
      vertex 21.63568940400512 392.09967186777413 -6.666666666666657
      vertex 21.562437870278863 392.25324690193133 -6.666666666666657
    endloop
  endfacet
  facet normal 0 0 1
    outer loop
      vertex 21.63568940400512 389.45588368778147 -6.666666666666657
      vertex 21.70080305278257 391.9424736138 -6.666666666666657
      vertex 21.63568940400512 392.09967186777413 -6.666666666666657
    endloop
  endfacet
  facet normal -0.026176948307852308 0.9996573249755578 0
    outer loop
      vertex 18.666666666666668 387.5277777777778 -6.666666666666657
      vertex 18.836758524456233 387.53223178982546 33.33333333333334
      vertex 18.836758524456233 387.53223178982546 -6.666666666666657
    endloop
  endfacet
  facet normal -0.07845909572774375 0.996917333733136 0
    outer loop
      vertex 18.836758524456233 387.53223178982546 -6.666666666666657
      vertex 19.00638417228654 387.5455816178309 33.33333333333334
      vertex 19.00638417228654 387.5455816178309 -6.666666666666657
    endloop
  endfacet
  facet normal -0.13052619222019932 0.991444861373791 0
    outer loop
      vertex 19.00638417228654 387.5455816178309 -6.666666666666657
      vertex 19.175078678047417 387.56779067084364 33.33333333333334
      vertex 19.175078678047417 387.56779067084364 -6.666666666666657
    endloop
  endfacet
  facet normal -0.1822355254920588 0.983254907563971 0
    outer loop
      vertex 19.175078678047417 387.56779067084364 -6.666666666666657
      vertex 19.342379661824385 387.59879807539295 33.33333333333334
      vertex 19.342379661824385 387.59879807539295 -6.666666666666657
    endloop
  endfacet
  facet normal -0.23344536385581022 0.9723699203976994 0
    outer loop
      vertex 19.342379661824385 387.59879807539295 -6.666666666666657
      vertex 19.50782856324986 387.6385188423383 33.33333333333334
      vertex 19.50782856324986 387.6385188423383 -6.666666666666657
    endloop
  endfacet
  facet normal -0.28401534470410955 0.9588197348681375 0
    outer loop
      vertex 19.50782856324986 387.6385188423383 -6.666666666666657
      vertex 19.670971898385247 387.6868440998186 33.33333333333334
      vertex 19.670971898385247 387.6868440998186 -6.666666666666657
    endloop
  endfacet
  facet normal -0.33380685923374465 0.9426414910921878 0
    outer loop
      vertex 19.670971898385247 387.6868440998186 -6.666666666666657
      vertex 19.831362502688894 387.7436413916619 33.33333333333334
      vertex 19.831362502688894 387.7436413916619 -6.666666666666657
    endloop
  endfacet
  facet normal -0.38268343236489155 0.9238795325113689 0
    outer loop
      vertex 19.831362502688894 387.7436413916619 -6.666666666666657
      vertex 19.988560756663016 387.80875504043934 33.33333333333334
      vertex 19.988560756663016 387.80875504043934 -6.666666666666657
    endloop
  endfacet
  facet normal -0.4305110968085266 0.9025852843497504 0
    outer loop
      vertex 19.988560756663016 387.80875504043934 -6.666666666666657
      vertex 20.142135790820195 387.88200657416564 33.33333333333334
      vertex 20.142135790820195 387.88200657416564 -6.666666666666657
    endloop
  endfacet
  facet normal -0.026176948307852308 -0.9996573249755578 0
    outer loop
      vertex 18.666666666666668 394.0277777777778 -6.666666666666657
      vertex 18.836758524456233 394.0233237657302 -6.666666666666657
      vertex 18.666666666666668 394.0277777777778 33.33333333333334
    endloop
  endfacet
  facet normal -0.07845909572807577 -0.9969173337331098 0
    outer loop
      vertex 18.836758524456233 394.0233237657302 -6.666666666666657
      vertex 19.00638417228654 394.0099739377247 -6.666666666666657
      vertex 18.836758524456233 394.0233237657302 33.33333333333334
    endloop
  endfacet
  facet normal -0.1305261922198709 -0.9914448613738343 0
    outer loop
      vertex 19.00638417228654 394.0099739377247 -6.666666666666657
      vertex 19.175078678047417 393.987764884712 -6.666666666666657
      vertex 19.00638417228654 394.0099739377247 33.33333333333334
    endloop
  endfacet
  facet normal -0.18223552549238178 -0.9832549075639112 0
    outer loop
      vertex 19.175078678047417 393.987764884712 -6.666666666666657
      vertex 19.342379661824385 393.95675748016265 -6.666666666666657
      vertex 19.175078678047417 393.987764884712 33.33333333333334
    endloop
  endfacet
  facet normal -0.23344536385581022 -0.9723699203976994 0
    outer loop
      vertex 19.342379661824385 393.95675748016265 -6.666666666666657
      vertex 19.50782856324986 393.91703671321727 -6.666666666666657
      vertex 19.342379661824385 393.95675748016265 33.33333333333334
    endloop
  endfacet
  facet normal -0.2840153447038024 -0.9588197348682286 0
    outer loop
      vertex 19.50782856324986 393.91703671321727 -6.666666666666657
      vertex 19.670971898385247 393.86871145573707 -6.666666666666657
      vertex 19.50782856324986 393.91703671321727 33.33333333333334
    endloop
  endfacet
  facet normal -0.33380685923374465 -0.9426414910921878 0
    outer loop
      vertex 19.670971898385247 393.86871145573707 -6.666666666666657
      vertex 19.831362502688894 393.81191416389373 -6.666666666666657
      vertex 19.670971898385247 393.86871145573707 33.33333333333334
    endloop
  endfacet
  facet normal -0.3826834323651767 -0.9238795325112508 0
    outer loop
      vertex 19.831362502688894 393.81191416389373 -6.666666666666657
      vertex 19.988560756663016 393.74680051511626 -6.666666666666657
      vertex 19.831362502688894 393.81191416389373 33.33333333333334
    endloop
  endfacet
  facet normal -0.4305110968082544 -0.9025852843498801 0
    outer loop
      vertex 19.988560756663016 393.74680051511626 -6.666666666666657
      vertex 20.142135790820195 393.67354898139 -6.666666666666657
      vertex 19.988560756663016 393.74680051511626 33.33333333333334
    endloop
  endfacet
  facet normal -0.4771587602594512 0.8788171126620506 0
    outer loop
      vertex 20.142135790820195 387.88200657416564 -6.666666666666657
      vertex 20.291666666666668 387.9631952154784 33.33333333333334
      vertex 20.291666666666668 387.9631952154784 -6.666666666666657
    endloop
  endfacet
  facet normal -0.5224985647159941 0.8526401643540645 0
    outer loop
      vertex 20.291666666666668 387.9631952154784 -6.666666666666657
      vertex 20.436743530465506 388.0520984319552 33.33333333333334
      vertex 20.436743530465506 388.0520984319552 -6.666666666666657
    endloop
  endfacet
  facet normal -0.566406236924792 0.8241261886220437 0
    outer loop
      vertex 20.436743530465506 388.0520984319552 -6.666666666666657
      vertex 20.576968736617204 388.1484725460592 33.33333333333334
      vertex 20.576968736617204 388.1484725460592 -6.666666666666657
    endloop
  endfacet
  facet normal -0.6087614290088361 0.7933533402911466 0
    outer loop
      vertex 20.576968736617204 388.1484725460592 -6.666666666666657
      vertex 20.71195793757864 388.2520534030427 33.33333333333334
      vertex 20.71195793757864 388.2520534030427 -6.666666666666657
    endloop
  endfacet
  facet normal -0.6494480483301519 0.7604059656000581 0
    outer loop
      vertex 20.71195793757864 388.2520534030427 -6.666666666666657
      vertex 20.841341137332957 388.3625570949763 33.33333333333334
      vertex 20.841341137332957 388.3625570949763 -6.666666666666657
    endloop
  endfacet
  facet normal -0.6883545756936106 0.7253743710124236 0
    outer loop
      vertex 20.841341137332957 388.3625570949763 -6.666666666666657
      vertex 20.964763705522948 388.4796807389215 33.33333333333334
      vertex 20.964763705522948 388.4796807389215 -6.666666666666657
    endloop
  endfacet
  facet normal -0.7253743710122981 0.6883545756937429 0
    outer loop
      vertex 20.964763705522948 388.4796807389215 -6.666666666666657
      vertex 20.964763705522948 388.4796807389215 33.33333333333334
      vertex 21.0818873494682 388.6031033071115 -6.666666666666657
    endloop
  endfacet
  facet normal -0.7604059656000639 0.649448048330145 0
    outer loop
      vertex 21.0818873494682 388.6031033071115 -6.666666666666657
      vertex 21.0818873494682 388.6031033071115 33.33333333333334
      vertex 21.192391041401823 388.7324865068658 -6.666666666666657
    endloop
  endfacet
  facet normal -0.7933533402912838 0.6087614290086573 0
    outer loop
      vertex 21.192391041401823 388.7324865068658 -6.666666666666657
      vertex 21.192391041401823 388.7324865068658 33.33333333333334
      vertex 21.295971898385247 388.8674757078273 -6.666666666666657
    endloop
  endfacet
  facet normal -0.8241261886219877 0.5664062369248736 0
    outer loop
      vertex 21.295971898385247 388.8674757078273 -6.666666666666657
      vertex 21.295971898385247 388.8674757078273 33.33333333333334
      vertex 21.392346012489295 389.00770091397897 -6.666666666666657
    endloop
  endfacet
  facet normal -0.8526401643541324 0.5224985647158834 0
    outer loop
      vertex 21.392346012489295 389.00770091397897 -6.666666666666657
      vertex 21.392346012489295 389.00770091397897 33.33333333333334
      vertex 21.481249228966092 389.1527777777778 -6.666666666666657
    endloop
  endfacet
  facet normal -0.8788171126619155 0.47715876025970005 0
    outer loop
      vertex 21.481249228966092 389.1527777777778 -6.666666666666657
      vertex 21.481249228966092 389.1527777777778 33.33333333333334
      vertex 21.562437870278863 389.30230865362427 -6.666666666666657
    endloop
  endfacet
  facet normal -0.9025852843498869 0.4305110968082397 0
    outer loop
      vertex 21.562437870278863 389.30230865362427 -6.666666666666657
      vertex 21.562437870278863 389.30230865362427 33.33333333333334
      vertex 21.63568940400512 389.45588368778147 -6.666666666666657
    endloop
  endfacet
  facet normal -0.9238795325112815 0.3826834323651024 0
    outer loop
      vertex 21.63568940400512 389.45588368778147 -6.666666666666657
      vertex 21.63568940400512 389.45588368778147 33.33333333333334
      vertex 21.70080305278257 389.6130819417556 -6.666666666666657
    endloop
  endfacet
  facet normal -0.566406236924792 -0.8241261886220437 0
    outer loop
      vertex 20.436743530465506 393.5034571236004 -6.666666666666657
      vertex 20.576968736617204 393.4070830094964 -6.666666666666657
      vertex 20.436743530465506 393.5034571236004 33.33333333333334
    endloop
  endfacet
  facet normal -0.47715876025970927 -0.8788171126619106 0
    outer loop
      vertex 20.142135790820195 393.67354898139 -6.666666666666657
      vertex 20.291666666666668 393.5923603400772 -6.666666666666657
      vertex 20.142135790820195 393.67354898139 33.33333333333334
    endloop
  endfacet
  facet normal -0.5224985647159941 -0.8526401643540645 0
    outer loop
      vertex 20.436743530465506 393.5034571236004 -6.666666666666657
      vertex 20.291666666666668 393.5923603400772 33.33333333333334
      vertex 20.291666666666668 393.5923603400772 -6.666666666666657
    endloop
  endfacet
  facet normal -0.6087614290086258 -0.793353340291308 0
    outer loop
      vertex 20.576968736617204 393.4070830094964 -6.666666666666657
      vertex 20.71195793757864 393.303502152513 -6.666666666666657
      vertex 20.576968736617204 393.4070830094964 33.33333333333334
    endloop
  endfacet
  facet normal -0.6494480483301519 -0.7604059656000581 0
    outer loop
      vertex 20.71195793757864 393.303502152513 -6.666666666666657
      vertex 20.841341137332957 393.19299846057936 -6.666666666666657
      vertex 20.71195793757864 393.303502152513 33.33333333333334
    endloop
  endfacet
  facet normal -0.6883545756937863 -0.7253743710122569 0
    outer loop
      vertex 20.841341137332957 393.19299846057936 -6.666666666666657
      vertex 20.964763705522948 393.0758748166341 -6.666666666666657
      vertex 20.841341137332957 393.19299846057936 33.33333333333334
    endloop
  endfacet
  facet normal -0.7253743710122981 -0.6883545756937429 0
    outer loop
      vertex 20.964763705522948 393.0758748166341 -6.666666666666657
      vertex 21.0818873494682 392.9524522484441 -6.666666666666657
      vertex 21.0818873494682 392.9524522484441 33.33333333333334
    endloop
  endfacet
  facet normal -0.7604059656000639 -0.649448048330145 0
    outer loop
      vertex 21.0818873494682 392.9524522484441 -6.666666666666657
      vertex 21.192391041401823 392.8230690486898 -6.666666666666657
      vertex 21.192391041401823 392.8230690486898 33.33333333333334
    endloop
  endfacet
  facet normal -0.79335334029116 -0.6087614290088187 0
    outer loop
      vertex 21.192391041401823 392.8230690486898 -6.666666666666657
      vertex 21.295971898385247 392.6880798477284 -6.666666666666657
      vertex 21.295971898385247 392.6880798477284 33.33333333333334
    endloop
  endfacet
  facet normal -0.8241261886220949 -0.5664062369247176 0
    outer loop
      vertex 21.295971898385247 392.6880798477284 -6.666666666666657
      vertex 21.392346012489295 392.54785464157663 -6.666666666666657
      vertex 21.392346012489295 392.54785464157663 33.33333333333334
    endloop
  endfacet
  facet normal -0.8526401643540411 -0.5224985647160323 0
    outer loop
      vertex 21.392346012489295 392.54785464157663 -6.666666666666657
      vertex 21.481249228966092 392.4027777777778 -6.666666666666657
      vertex 21.481249228966092 392.4027777777778 33.33333333333334
    endloop
  endfacet
  facet normal -0.9025852843498869 -0.4305110968082397 0
    outer loop
      vertex 21.63568940400512 392.09967186777413 -6.666666666666657
      vertex 21.63568940400512 392.09967186777413 33.33333333333334
      vertex 21.562437870278863 392.25324690193133 -6.666666666666657
    endloop
  endfacet
  facet normal -0.8788171126619917 -0.47715876025956 0
    outer loop
      vertex 21.481249228966092 392.4027777777778 -6.666666666666657
      vertex 21.562437870278863 392.25324690193133 -6.666666666666657
      vertex 21.562437870278863 392.25324690193133 33.33333333333334
    endloop
  endfacet
  facet normal 0 0 1
    outer loop
      vertex 21.63568940400512 369.37255035444815 -6.666666666666657
      vertex 21.70080305278257 369.52974860842227 -6.666666666666657
      vertex 21.70080305278257 371.8591402804667 -6.666666666666657
    endloop
  endfacet
  facet normal 0 0 1
    outer loop
      vertex 21.70080305278257 369.52974860842227 -6.666666666666657
      vertex 21.757600344625917 369.6901392127259 -6.666666666666657
      vertex 21.757600344625917 371.69874967616306 -6.666666666666657
    endloop
  endfacet
  facet normal 0 0 1
    outer loop
      vertex 21.70080305278257 369.52974860842227 -6.666666666666657
      vertex 21.757600344625917 371.69874967616306 -6.666666666666657
      vertex 21.70080305278257 371.8591402804667 -6.666666666666657
    endloop
  endfacet
  facet normal 0 0 1
    outer loop
      vertex 21.757600344625917 369.6901392127259 -6.666666666666657
      vertex 21.80592560210614 369.8532825478613 -6.666666666666657
      vertex 21.80592560210614 371.5356063410277 -6.666666666666657
    endloop
  endfacet
  facet normal 0 0 1
    outer loop
      vertex 21.80592560210614 369.8532825478613 -6.666666666666657
      vertex 21.845646369051536 370.01873144928675 -6.666666666666657
      vertex 21.845646369051536 371.37015743960217 -6.666666666666657
    endloop
  endfacet
  facet normal 0 0 1
    outer loop
      vertex 21.757600344625917 369.6901392127259 -6.666666666666657
      vertex 21.80592560210614 371.5356063410277 -6.666666666666657
      vertex 21.757600344625917 371.69874967616306 -6.666666666666657
    endloop
  endfacet
  facet normal 0 0 1
    outer loop
      vertex 21.80592560210614 369.8532825478613 -6.666666666666657
      vertex 21.845646369051536 371.37015743960217 -6.666666666666657
      vertex 21.80592560210614 371.5356063410277 -6.666666666666657
    endloop
  endfacet
  facet normal 0 0 1
    outer loop
      vertex 21.845646369051536 370.01873144928675 -6.666666666666657
      vertex 21.876653773600864 370.1860324330637 -6.666666666666657
      vertex 21.876653773600864 371.2028564558252 -6.666666666666657
    endloop
  endfacet
  facet normal 0 0 1
    outer loop
      vertex 21.876653773600864 370.1860324330637 -6.666666666666657
      vertex 21.898862826613556 370.3547269388246 -6.666666666666657
      vertex 21.898862826613556 371.03416195006434 -6.666666666666657
    endloop
  endfacet
  facet normal 0 0 1
    outer loop
      vertex 21.898862826613556 370.3547269388246 -6.666666666666657
      vertex 21.912212654619033 370.5243525866549 -6.666666666666657
      vertex 21.912212654619033 370.86453630223406 -6.666666666666657
    endloop
  endfacet
  facet normal 0 0 1
    outer loop
      vertex 21.845646369051536 370.01873144928675 -6.666666666666657
      vertex 21.876653773600864 371.2028564558252 -6.666666666666657
      vertex 21.845646369051536 371.37015743960217 -6.666666666666657
    endloop
  endfacet
  facet normal 0 0 1
    outer loop
      vertex 21.876653773600864 370.1860324330637 -6.666666666666657
      vertex 21.898862826613556 371.03416195006434 -6.666666666666657
      vertex 21.876653773600864 371.2028564558252 -6.666666666666657
    endloop
  endfacet
  facet normal 0 0 1
    outer loop
      vertex 21.912212654619033 370.5243525866549 -6.666666666666657
      vertex 21.916666666666668 370.69444444444446 -6.666666666666657
      vertex 21.912212654619033 370.86453630223406 -6.666666666666657
    endloop
  endfacet
  facet normal 0 0 1
    outer loop
      vertex 21.898862826613556 370.3547269388246 -6.666666666666657
      vertex 21.912212654619033 370.86453630223406 -6.666666666666657
      vertex 21.898862826613556 371.03416195006434 -6.666666666666657
    endloop
  endfacet
  facet normal -0.9426414910921722 0.33380685923378833 0
    outer loop
      vertex 21.70080305278257 369.52974860842227 -6.666666666666657
      vertex 21.70080305278257 369.52974860842227 33.33333333333334
      vertex 21.757600344625917 369.6901392127259 -6.666666666666657
    endloop
  endfacet
  facet normal -0.9588197348681877 0.2840153447039403 0
    outer loop
      vertex 21.757600344625917 369.6901392127259 -6.666666666666657
      vertex 21.757600344625917 369.6901392127259 33.33333333333334
      vertex 21.80592560210614 369.8532825478613 -6.666666666666657
    endloop
  endfacet
  facet normal -0.9723699203976723 0.23344536385592315 0
    outer loop
      vertex 21.80592560210614 369.8532825478613 -6.666666666666657
      vertex 21.80592560210614 369.8532825478613 33.33333333333334
      vertex 21.845646369051536 370.01873144928675 -6.666666666666657
    endloop
  endfacet
  facet normal -0.9832549075639534 0.18223552549215452 0
    outer loop
      vertex 21.845646369051536 370.01873144928675 -6.666666666666657
      vertex 21.845646369051536 370.01873144928675 33.33333333333334
      vertex 21.876653773600864 370.1860324330637 -6.666666666666657
    endloop
  endfacet
  facet normal -0.9914448613738148 0.1305261922200178 0
    outer loop
      vertex 21.876653773600864 370.1860324330637 -6.666666666666657
      vertex 21.876653773600864 370.1860324330637 33.33333333333334
      vertex 21.898862826613556 370.3547269388246 -6.666666666666657
    endloop
  endfacet
  facet normal -0.996917333733127 0.07845909572785731 0
    outer loop
      vertex 21.898862826613556 370.3547269388246 -6.666666666666657
      vertex 21.898862826613556 370.3547269388246 33.33333333333334
      vertex 21.912212654619033 370.5243525866549 -6.666666666666657
    endloop
  endfacet
  facet normal -0.9996573249755571 0.026176948307876452 0
    outer loop
      vertex 21.912212654619033 370.5243525866549 -6.666666666666657
      vertex 21.912212654619033 370.5243525866549 33.33333333333334
      vertex 21.916666666666668 370.69444444444446 -6.666666666666657
    endloop
  endfacet
  facet normal -0.9832549075639534 -0.18223552549215452 0
    outer loop
      vertex 21.876653773600864 371.2028564558252 -6.666666666666657
      vertex 21.876653773600864 371.2028564558252 33.33333333333334
      vertex 21.845646369051536 371.37015743960217 -6.666666666666657
    endloop
  endfacet
  facet normal -0.9914448613738093 -0.13052619222006104 0
    outer loop
      vertex 21.876653773600864 371.2028564558252 -6.666666666666657
      vertex 21.898862826613556 371.03416195006434 -6.666666666666657
      vertex 21.898862826613556 371.03416195006434 33.33333333333334
    endloop
  endfacet
  facet normal -0.9996573249755574 -0.02617694830786771 0
    outer loop
      vertex 21.916666666666668 370.69444444444446 -6.666666666666657
      vertex 21.916666666666668 370.69444444444446 33.33333333333334
      vertex 21.912212654619033 370.86453630223406 -6.666666666666657
    endloop
  endfacet
  facet normal -0.996917333733127 -0.07845909572785731 0
    outer loop
      vertex 21.898862826613556 371.03416195006434 -6.666666666666657
      vertex 21.912212654619033 370.86453630223406 -6.666666666666657
      vertex 21.912212654619033 370.86453630223406 33.33333333333334
    endloop
  endfacet
  facet normal -0.9238795325112815 -0.3826834323651024 0
    outer loop
      vertex 21.63568940400512 372.0163385344408 -6.666666666666657
      vertex 21.70080305278257 371.8591402804667 -6.666666666666657
      vertex 21.70080305278257 371.8591402804667 33.33333333333334
    endloop
  endfacet
  facet normal -0.9426414910921722 -0.33380685923378833 0
    outer loop
      vertex 21.70080305278257 371.8591402804667 -6.666666666666657
      vertex 21.757600344625917 371.69874967616306 -6.666666666666657
      vertex 21.757600344625917 371.69874967616306 33.33333333333334
    endloop
  endfacet
  facet normal -0.9588197348681877 -0.2840153447039403 0
    outer loop
      vertex 21.757600344625917 371.69874967616306 -6.666666666666657
      vertex 21.80592560210614 371.5356063410277 -6.666666666666657
      vertex 21.80592560210614 371.5356063410277 33.33333333333334
    endloop
  endfacet
  facet normal -0.9723699203976904 -0.2334453638558473 0
    outer loop
      vertex 21.80592560210614 371.5356063410277 -6.666666666666657
      vertex 21.845646369051536 371.37015743960217 -6.666666666666657
      vertex 21.845646369051536 371.37015743960217 33.33333333333334
    endloop
  endfacet
  facet normal 0 0 1
    outer loop
      vertex 21.63568940400512 389.45588368778147 -6.666666666666657
      vertex 21.70080305278257 389.6130819417556 -6.666666666666657
      vertex 21.70080305278257 391.9424736138 -6.666666666666657
    endloop
  endfacet
  facet normal 0 0 1
    outer loop
      vertex 21.70080305278257 389.6130819417556 -6.666666666666657
      vertex 21.757600344625917 389.7734725460592 -6.666666666666657
      vertex 21.757600344625917 391.7820830094964 -6.666666666666657
    endloop
  endfacet
  facet normal 0 0 1
    outer loop
      vertex 21.757600344625917 389.7734725460592 -6.666666666666657
      vertex 21.80592560210614 389.9366158811946 -6.666666666666657
      vertex 21.80592560210614 391.618939674361 -6.666666666666657
    endloop
  endfacet
  facet normal 0 0 1
    outer loop
      vertex 21.80592560210614 389.9366158811946 -6.666666666666657
      vertex 21.845646369051536 390.1020647826201 -6.666666666666657
      vertex 21.845646369051536 391.45349077293554 -6.666666666666657
    endloop
  endfacet
  facet normal 0 0 1
    outer loop
      vertex 21.845646369051536 390.1020647826201 -6.666666666666657
      vertex 21.876653773600864 390.2693657663971 -6.666666666666657
      vertex 21.876653773600864 391.2861897891586 -6.666666666666657
    endloop
  endfacet
  facet normal 0 0 1
    outer loop
      vertex 21.876653773600864 390.2693657663971 -6.666666666666657
      vertex 21.898862826613556 390.43806027215794 -6.666666666666657
      vertex 21.898862826613556 391.11749528339766 -6.666666666666657
    endloop
  endfacet
  facet normal 0 0 1
    outer loop
      vertex 21.898862826613556 390.43806027215794 -6.666666666666657
      vertex 21.912212654619033 390.6076859199882 -6.666666666666657
      vertex 21.912212654619033 390.9478696355674 -6.666666666666657
    endloop
  endfacet
  facet normal 0 0 1
    outer loop
      vertex 21.70080305278257 389.6130819417556 -6.666666666666657
      vertex 21.757600344625917 391.7820830094964 -6.666666666666657
      vertex 21.70080305278257 391.9424736138 -6.666666666666657
    endloop
  endfacet
  facet normal 0 0 1
    outer loop
      vertex 21.757600344625917 389.7734725460592 -6.666666666666657
      vertex 21.80592560210614 391.618939674361 -6.666666666666657
      vertex 21.757600344625917 391.7820830094964 -6.666666666666657
    endloop
  endfacet
  facet normal 0 0 1
    outer loop
      vertex 21.80592560210614 389.9366158811946 -6.666666666666657
      vertex 21.845646369051536 391.45349077293554 -6.666666666666657
      vertex 21.80592560210614 391.618939674361 -6.666666666666657
    endloop
  endfacet
  facet normal 0 0 1
    outer loop
      vertex 21.845646369051536 390.1020647826201 -6.666666666666657
      vertex 21.876653773600864 391.2861897891586 -6.666666666666657
      vertex 21.845646369051536 391.45349077293554 -6.666666666666657
    endloop
  endfacet
  facet normal 0 0 1
    outer loop
      vertex 21.876653773600864 390.2693657663971 -6.666666666666657
      vertex 21.898862826613556 391.11749528339766 -6.666666666666657
      vertex 21.876653773600864 391.2861897891586 -6.666666666666657
    endloop
  endfacet
  facet normal 0 0 1
    outer loop
      vertex 21.912212654619033 390.6076859199882 -6.666666666666657
      vertex 21.916666666666668 390.7777777777778 -6.666666666666657
      vertex 21.912212654619033 390.9478696355674 -6.666666666666657
    endloop
  endfacet
  facet normal 0 0 1
    outer loop
      vertex 21.898862826613556 390.43806027215794 -6.666666666666657
      vertex 21.912212654619033 390.9478696355674 -6.666666666666657
      vertex 21.898862826613556 391.11749528339766 -6.666666666666657
    endloop
  endfacet
  facet normal -0.9426414910921722 0.33380685923378833 0
    outer loop
      vertex 21.70080305278257 389.6130819417556 -6.666666666666657
      vertex 21.70080305278257 389.6130819417556 33.33333333333334
      vertex 21.757600344625917 389.7734725460592 -6.666666666666657
    endloop
  endfacet
  facet normal -0.9588197348681877 0.2840153447039403 0
    outer loop
      vertex 21.757600344625917 389.7734725460592 -6.666666666666657
      vertex 21.757600344625917 389.7734725460592 33.33333333333334
      vertex 21.80592560210614 389.9366158811946 -6.666666666666657
    endloop
  endfacet
  facet normal -0.9723699203976904 0.2334453638558473 0
    outer loop
      vertex 21.80592560210614 389.9366158811946 -6.666666666666657
      vertex 21.80592560210614 389.9366158811946 33.33333333333334
      vertex 21.845646369051536 390.1020647826201 -6.666666666666657
    endloop
  endfacet
  facet normal -0.9832549075639534 0.18223552549215452 0
    outer loop
      vertex 21.845646369051536 390.1020647826201 -6.666666666666657
      vertex 21.845646369051536 390.1020647826201 33.33333333333334
      vertex 21.876653773600864 390.2693657663971 -6.666666666666657
    endloop
  endfacet
  facet normal -0.9914448613738093 0.13052619222006104 0
    outer loop
      vertex 21.876653773600864 390.2693657663971 -6.666666666666657
      vertex 21.876653773600864 390.2693657663971 33.33333333333334
      vertex 21.898862826613556 390.43806027215794 -6.666666666666657
    endloop
  endfacet
  facet normal -0.996917333733127 0.07845909572785731 0
    outer loop
      vertex 21.898862826613556 390.43806027215794 -6.666666666666657
      vertex 21.898862826613556 390.43806027215794 33.33333333333334
      vertex 21.912212654619033 390.6076859199882 -6.666666666666657
    endloop
  endfacet
  facet normal -0.9996573249755574 0.02617694830786771 0
    outer loop
      vertex 21.912212654619033 390.6076859199882 -6.666666666666657
      vertex 21.912212654619033 390.6076859199882 33.33333333333334
      vertex 21.916666666666668 390.7777777777778 -6.666666666666657
    endloop
  endfacet
  facet normal -0.9238795325112815 -0.3826834323651024 0
    outer loop
      vertex 21.63568940400512 392.09967186777413 -6.666666666666657
      vertex 21.70080305278257 391.9424736138 -6.666666666666657
      vertex 21.70080305278257 391.9424736138 33.33333333333334
    endloop
  endfacet
  facet normal -0.9426414910921722 -0.33380685923378833 0
    outer loop
      vertex 21.70080305278257 391.9424736138 -6.666666666666657
      vertex 21.757600344625917 391.7820830094964 -6.666666666666657
      vertex 21.757600344625917 391.7820830094964 33.33333333333334
    endloop
  endfacet
  facet normal -0.9588197348681877 -0.2840153447039403 0
    outer loop
      vertex 21.757600344625917 391.7820830094964 -6.666666666666657
      vertex 21.80592560210614 391.618939674361 -6.666666666666657
      vertex 21.80592560210614 391.618939674361 33.33333333333334
    endloop
  endfacet
  facet normal -0.9723699203976723 -0.23344536385592315 0
    outer loop
      vertex 21.845646369051536 391.45349077293554 -6.666666666666657
      vertex 21.845646369051536 391.45349077293554 33.33333333333334
      vertex 21.80592560210614 391.618939674361 -6.666666666666657
    endloop
  endfacet
  facet normal -0.9832549075639534 -0.18223552549215452 0
    outer loop
      vertex 21.845646369051536 391.45349077293554 -6.666666666666657
      vertex 21.876653773600864 391.2861897891586 -6.666666666666657
      vertex 21.876653773600864 391.2861897891586 33.33333333333334
    endloop
  endfacet
  facet normal -0.9914448613738148 -0.1305261922200178 0
    outer loop
      vertex 21.898862826613556 391.11749528339766 -6.666666666666657
      vertex 21.898862826613556 391.11749528339766 33.33333333333334
      vertex 21.876653773600864 391.2861897891586 -6.666666666666657
    endloop
  endfacet
  facet normal -0.9996573249755571 -0.026176948307876452 0
    outer loop
      vertex 21.916666666666668 390.7777777777778 -6.666666666666657
      vertex 21.916666666666668 390.7777777777778 33.33333333333334
      vertex 21.912212654619033 390.9478696355674 -6.666666666666657
    endloop
  endfacet
  facet normal -0.996917333733127 -0.07845909572785731 0
    outer loop
      vertex 21.898862826613556 391.11749528339766 -6.666666666666657
      vertex 21.912212654619033 390.9478696355674 -6.666666666666657
      vertex 21.912212654619033 390.9478696355674 33.33333333333334
    endloop
  endfacet
  facet normal -0.026176948307852308 0.9996573249755578 0
    outer loop
      vertex 18.666666666666668 367.44444444444446 -6.666666666666657
      vertex 18.666666666666668 367.44444444444446 33.33333333333334
      vertex 18.836758524456233 367.4488984564921 33.33333333333334
    endloop
  endfacet
  facet normal -0.07845909572807577 0.9969173337331098 0
    outer loop
      vertex 18.836758524456233 367.4488984564921 -6.666666666666657
      vertex 18.836758524456233 367.4488984564921 33.33333333333334
      vertex 19.00638417228654 367.4622482844976 33.33333333333334
    endloop
  endfacet
  facet normal -0.1305261922198709 0.9914448613738343 0
    outer loop
      vertex 19.00638417228654 367.4622482844976 -6.666666666666657
      vertex 19.00638417228654 367.4622482844976 33.33333333333334
      vertex 19.175078678047417 367.48445733751026 33.33333333333334
    endloop
  endfacet
  facet normal -0.18223552549238178 0.9832549075639112 0
    outer loop
      vertex 19.175078678047417 367.48445733751026 -6.666666666666657
      vertex 19.175078678047417 367.48445733751026 33.33333333333334
      vertex 19.342379661824385 367.51546474205963 33.33333333333334
    endloop
  endfacet
  facet normal -0.23344536385581022 0.9723699203976994 0
    outer loop
      vertex 19.342379661824385 367.51546474205963 -6.666666666666657
      vertex 19.342379661824385 367.51546474205963 33.33333333333334
      vertex 19.50782856324986 367.555185509005 33.33333333333334
    endloop
  endfacet
  facet normal -0.2840153447038024 0.9588197348682286 0
    outer loop
      vertex 19.50782856324986 367.555185509005 -6.666666666666657
      vertex 19.50782856324986 367.555185509005 33.33333333333334
      vertex 19.670971898385247 367.6035107664852 33.33333333333334
    endloop
  endfacet
  facet normal -0.33380685923374465 0.9426414910921878 0
    outer loop
      vertex 19.670971898385247 367.6035107664852 -6.666666666666657
      vertex 19.670971898385247 367.6035107664852 33.33333333333334
      vertex 19.831362502688894 367.66030805832855 33.33333333333334
    endloop
  endfacet
  facet normal -0.3826834323651767 0.9238795325112508 0
    outer loop
      vertex 19.831362502688894 367.66030805832855 -6.666666666666657
      vertex 19.831362502688894 367.66030805832855 33.33333333333334
      vertex 19.988560756663016 367.725421707106 33.33333333333334
    endloop
  endfacet
  facet normal -0.4305110968082544 0.9025852843498801 0
    outer loop
      vertex 19.988560756663016 367.725421707106 -6.666666666666657
      vertex 19.988560756663016 367.725421707106 33.33333333333334
      vertex 20.142135790820195 367.7986732408323 33.33333333333334
    endloop
  endfacet
  facet normal -0.026176948307852308 -0.9996573249755578 0
    outer loop
      vertex 18.836758524456233 373.9399904323968 -6.666666666666657
      vertex 18.836758524456233 373.9399904323968 33.33333333333334
      vertex 18.666666666666668 373.94444444444446 33.33333333333334
    endloop
  endfacet
  facet normal -0.07845909572774375 -0.996917333733136 0
    outer loop
      vertex 19.00638417228654 373.92664060439137 -6.666666666666657
      vertex 19.00638417228654 373.92664060439137 33.33333333333334
      vertex 18.836758524456233 373.9399904323968 33.33333333333334
    endloop
  endfacet
  facet normal -0.13052619222019932 -0.991444861373791 0
    outer loop
      vertex 19.175078678047417 373.90443155137865 -6.666666666666657
      vertex 19.175078678047417 373.90443155137865 33.33333333333334
      vertex 19.00638417228654 373.92664060439137 33.33333333333334
    endloop
  endfacet
  facet normal -0.1822355254920588 -0.983254907563971 0
    outer loop
      vertex 19.342379661824385 373.87342414682934 -6.666666666666657
      vertex 19.342379661824385 373.87342414682934 33.33333333333334
      vertex 19.175078678047417 373.90443155137865 33.33333333333334
    endloop
  endfacet
  facet normal -0.23344536385581022 -0.9723699203976994 0
    outer loop
      vertex 19.50782856324986 373.83370337988396 -6.666666666666657
      vertex 19.50782856324986 373.83370337988396 33.33333333333334
      vertex 19.342379661824385 373.87342414682934 33.33333333333334
    endloop
  endfacet
  facet normal -0.28401534470410955 -0.9588197348681375 0
    outer loop
      vertex 19.670971898385247 373.7853781224037 -6.666666666666657
      vertex 19.670971898385247 373.7853781224037 33.33333333333334
      vertex 19.50782856324986 373.83370337988396 33.33333333333334
    endloop
  endfacet
  facet normal -0.33380685923374465 -0.9426414910921878 0
    outer loop
      vertex 19.831362502688894 373.72858083056036 -6.666666666666657
      vertex 19.831362502688894 373.72858083056036 33.33333333333334
      vertex 19.670971898385247 373.7853781224037 33.33333333333334
    endloop
  endfacet
  facet normal -0.38268343236489155 -0.9238795325113689 0
    outer loop
      vertex 19.988560756663016 373.66346718178295 -6.666666666666657
      vertex 19.988560756663016 373.66346718178295 33.33333333333334
      vertex 19.831362502688894 373.72858083056036 33.33333333333334
    endloop
  endfacet
  facet normal -0.4305110968082544 -0.9025852843498801 0
    outer loop
      vertex 20.142135790820195 373.5902156480567 -6.666666666666657
      vertex 20.142135790820195 373.5902156480567 33.33333333333334
      vertex 19.988560756663016 373.66346718178295 33.33333333333334
    endloop
  endfacet
  facet normal -0.47715876025970927 0.8788171126619106 0
    outer loop
      vertex 20.142135790820195 367.7986732408323 -6.666666666666657
      vertex 20.142135790820195 367.7986732408323 33.33333333333334
      vertex 20.291666666666668 367.87986188214506 33.33333333333334
    endloop
  endfacet
  facet normal -0.5224985647159941 0.8526401643540645 0
    outer loop
      vertex 20.291666666666668 367.87986188214506 -6.666666666666657
      vertex 20.291666666666668 367.87986188214506 33.33333333333334
      vertex 20.436743530465506 367.9687650986219 33.33333333333334
    endloop
  endfacet
  facet normal -0.566406236924792 0.8241261886220437 0
    outer loop
      vertex 20.436743530465506 367.9687650986219 -6.666666666666657
      vertex 20.436743530465506 367.9687650986219 33.33333333333334
      vertex 20.576968736617204 368.0651392127259 33.33333333333334
    endloop
  endfacet
  facet normal -0.6087614290086258 0.793353340291308 0
    outer loop
      vertex 20.576968736617204 368.0651392127259 -6.666666666666657
      vertex 20.576968736617204 368.0651392127259 33.33333333333334
      vertex 20.71195793757864 368.1687200697093 33.33333333333334
    endloop
  endfacet
  facet normal -0.6494480483301519 0.7604059656000581 0
    outer loop
      vertex 20.71195793757864 368.1687200697093 -6.666666666666657
      vertex 20.71195793757864 368.1687200697093 33.33333333333334
      vertex 20.841341137332957 368.2792237616429 33.33333333333334
    endloop
  endfacet
  facet normal -0.6883545756937863 0.7253743710122569 0
    outer loop
      vertex 20.841341137332957 368.2792237616429 -6.666666666666657
      vertex 20.841341137332957 368.2792237616429 33.33333333333334
      vertex 20.964763705522948 368.3963474055882 33.33333333333334
    endloop
  endfacet
  facet normal -0.7253743710122981 0.6883545756937429 0
    outer loop
      vertex 21.0818873494682 368.5197699737782 -6.666666666666657
      vertex 20.964763705522948 368.3963474055882 33.33333333333334
      vertex 21.0818873494682 368.5197699737782 33.33333333333334
    endloop
  endfacet
  facet normal -0.47715876025970927 -0.8788171126619106 0
    outer loop
      vertex 20.291666666666668 373.5090270067439 -6.666666666666657
      vertex 20.291666666666668 373.5090270067439 33.33333333333334
      vertex 20.142135790820195 373.5902156480567 33.33333333333334
    endloop
  endfacet
  facet normal -0.5224985647159941 -0.8526401643540645 0
    outer loop
      vertex 20.436743530465506 373.4201237902671 -6.666666666666657
      vertex 20.436743530465506 373.4201237902671 33.33333333333334
      vertex 20.291666666666668 373.5090270067439 33.33333333333334
    endloop
  endfacet
  facet normal -0.566406236924792 -0.8241261886220437 0
    outer loop
      vertex 20.576968736617204 373.32374967616306 -6.666666666666657
      vertex 20.576968736617204 373.32374967616306 33.33333333333334
      vertex 20.436743530465506 373.4201237902671 33.33333333333334
    endloop
  endfacet
  facet normal -0.6087614290086258 -0.793353340291308 0
    outer loop
      vertex 20.71195793757864 373.22016881917966 -6.666666666666657
      vertex 20.71195793757864 373.22016881917966 33.33333333333334
      vertex 20.576968736617204 373.32374967616306 33.33333333333334
    endloop
  endfacet
  facet normal -0.649448048330345 -0.7604059655998932 0
    outer loop
      vertex 20.841341137332957 373.109665127246 -6.666666666666657
      vertex 20.841341137332957 373.109665127246 33.33333333333334
      vertex 20.71195793757864 373.22016881917966 33.33333333333334
    endloop
  endfacet
  facet normal -0.7604059656000639 0.649448048330145 0
    outer loop
      vertex 21.192391041401823 368.6491531735325 -6.666666666666657
      vertex 21.0818873494682 368.5197699737782 33.33333333333334
      vertex 21.192391041401823 368.6491531735325 33.33333333333334
    endloop
  endfacet
  facet normal -0.7933533402912838 0.6087614290086573 0
    outer loop
      vertex 21.295971898385247 368.78414237449397 -6.666666666666657
      vertex 21.192391041401823 368.6491531735325 33.33333333333334
      vertex 21.295971898385247 368.78414237449397 33.33333333333334
    endloop
  endfacet
  facet normal -0.6883545756936106 -0.7253743710124236 0
    outer loop
      vertex 20.964763705522948 372.9925414833008 -6.666666666666657
      vertex 20.964763705522948 372.9925414833008 33.33333333333334
      vertex 20.841341137332957 373.109665127246 33.33333333333334
    endloop
  endfacet
  facet normal -0.7253743710122981 -0.6883545756937429 0
    outer loop
      vertex 20.964763705522948 372.9925414833008 -6.666666666666657
      vertex 21.0818873494682 372.8691189151108 33.33333333333334
      vertex 20.964763705522948 372.9925414833008 33.33333333333334
    endloop
  endfacet
  facet normal -0.7933533402912838 -0.6087614290086573 0
    outer loop
      vertex 21.192391041401823 372.73973571535646 -6.666666666666657
      vertex 21.295971898385247 372.604746514395 33.33333333333334
      vertex 21.192391041401823 372.73973571535646 33.33333333333334
    endloop
  endfacet
  facet normal -0.7604059656000639 -0.649448048330145 0
    outer loop
      vertex 21.0818873494682 372.8691189151108 -6.666666666666657
      vertex 21.192391041401823 372.73973571535646 33.33333333333334
      vertex 21.0818873494682 372.8691189151108 33.33333333333334
    endloop
  endfacet
  facet normal -0.8241261886219877 0.5664062369248736 0
    outer loop
      vertex 21.392346012489295 368.92436758064565 -6.666666666666657
      vertex 21.295971898385247 368.78414237449397 33.33333333333334
      vertex 21.392346012489295 368.92436758064565 33.33333333333334
    endloop
  endfacet
  facet normal -0.8526401643540411 0.5224985647160323 0
    outer loop
      vertex 21.481249228966092 369.06944444444446 -6.666666666666657
      vertex 21.392346012489295 368.92436758064565 33.33333333333334
      vertex 21.481249228966092 369.06944444444446 33.33333333333334
    endloop
  endfacet
  facet normal -0.8788171126619917 0.47715876025956 0
    outer loop
      vertex 21.562437870278863 369.21897532029095 -6.666666666666657
      vertex 21.481249228966092 369.06944444444446 33.33333333333334
      vertex 21.562437870278863 369.21897532029095 33.33333333333334
    endloop
  endfacet
  facet normal -0.9025852843498869 0.4305110968082397 0
    outer loop
      vertex 21.63568940400512 369.37255035444815 -6.666666666666657
      vertex 21.562437870278863 369.21897532029095 33.33333333333334
      vertex 21.63568940400512 369.37255035444815 33.33333333333334
    endloop
  endfacet
  facet normal -0.8241261886219877 -0.5664062369248736 0
    outer loop
      vertex 21.295971898385247 372.604746514395 -6.666666666666657
      vertex 21.392346012489295 372.4645213082433 33.33333333333334
      vertex 21.295971898385247 372.604746514395 33.33333333333334
    endloop
  endfacet
  facet normal -0.8526401643541324 -0.5224985647158834 0
    outer loop
      vertex 21.392346012489295 372.4645213082433 -6.666666666666657
      vertex 21.481249228966092 372.31944444444446 33.33333333333334
      vertex 21.392346012489295 372.4645213082433 33.33333333333334
    endloop
  endfacet
  facet normal -0.8788171126619155 -0.47715876025970005 0
    outer loop
      vertex 21.481249228966092 372.31944444444446 -6.666666666666657
      vertex 21.562437870278863 372.169913568598 33.33333333333334
      vertex 21.481249228966092 372.31944444444446 33.33333333333334
    endloop
  endfacet
  facet normal -0.9238795325112815 -0.3826834323651024 0
    outer loop
      vertex 21.63568940400512 372.0163385344408 -6.666666666666657
      vertex 21.70080305278257 371.8591402804667 33.33333333333334
      vertex 21.63568940400512 372.0163385344408 33.33333333333334
    endloop
  endfacet
  facet normal -0.9025852843498869 -0.4305110968082397 0
    outer loop
      vertex 21.562437870278863 372.169913568598 -6.666666666666657
      vertex 21.63568940400512 372.0163385344408 33.33333333333334
      vertex 21.562437870278863 372.169913568598 33.33333333333334
    endloop
  endfacet
  facet normal 0 0 1
    outer loop
      vertex 6.666666666666667 357.44444444444446 33.33333333333334
      vertex 30.666666666666668 357.44444444444446 33.33333333333334
      vertex 18.666666666666668 367.44444444444446 33.33333333333334
    endloop
  endfacet
  facet normal 0 0 1
    outer loop
      vertex 6.666666666666667 377.44444444444446 33.33333333333334
      vertex 19.50782856324986 373.83370337988396 33.33333333333334
      vertex 30.666666666666668 377.44444444444446 33.33333333333334
    endloop
  endfacet
  facet normal -0.026176948307852308 0.9996573249755578 0
    outer loop
      vertex 18.666666666666668 387.5277777777778 -6.666666666666657
      vertex 18.666666666666668 387.5277777777778 33.33333333333334
      vertex 18.836758524456233 387.53223178982546 33.33333333333334
    endloop
  endfacet
  facet normal -0.07845909572774375 0.996917333733136 0
    outer loop
      vertex 18.836758524456233 387.53223178982546 -6.666666666666657
      vertex 18.836758524456233 387.53223178982546 33.33333333333334
      vertex 19.00638417228654 387.5455816178309 33.33333333333334
    endloop
  endfacet
  facet normal -0.13052619222019932 0.991444861373791 0
    outer loop
      vertex 19.00638417228654 387.5455816178309 -6.666666666666657
      vertex 19.00638417228654 387.5455816178309 33.33333333333334
      vertex 19.175078678047417 387.56779067084364 33.33333333333334
    endloop
  endfacet
  facet normal -0.1822355254920588 0.983254907563971 0
    outer loop
      vertex 19.175078678047417 387.56779067084364 -6.666666666666657
      vertex 19.175078678047417 387.56779067084364 33.33333333333334
      vertex 19.342379661824385 387.59879807539295 33.33333333333334
    endloop
  endfacet
  facet normal -0.23344536385581022 0.9723699203976994 0
    outer loop
      vertex 19.342379661824385 387.59879807539295 -6.666666666666657
      vertex 19.342379661824385 387.59879807539295 33.33333333333334
      vertex 19.50782856324986 387.6385188423383 33.33333333333334
    endloop
  endfacet
  facet normal -0.28401534470410955 0.9588197348681375 0
    outer loop
      vertex 19.50782856324986 387.6385188423383 -6.666666666666657
      vertex 19.50782856324986 387.6385188423383 33.33333333333334
      vertex 19.670971898385247 387.6868440998186 33.33333333333334
    endloop
  endfacet
  facet normal -0.33380685923374465 0.9426414910921878 0
    outer loop
      vertex 19.670971898385247 387.6868440998186 -6.666666666666657
      vertex 19.670971898385247 387.6868440998186 33.33333333333334
      vertex 19.831362502688894 387.7436413916619 33.33333333333334
    endloop
  endfacet
  facet normal -0.38268343236489155 0.9238795325113689 0
    outer loop
      vertex 19.831362502688894 387.7436413916619 -6.666666666666657
      vertex 19.831362502688894 387.7436413916619 33.33333333333334
      vertex 19.988560756663016 387.80875504043934 33.33333333333334
    endloop
  endfacet
  facet normal -0.4305110968085266 0.9025852843497504 0
    outer loop
      vertex 19.988560756663016 387.80875504043934 -6.666666666666657
      vertex 19.988560756663016 387.80875504043934 33.33333333333334
      vertex 20.142135790820195 387.88200657416564 33.33333333333334
    endloop
  endfacet
  facet normal -0.026176948307852308 -0.9996573249755578 0
    outer loop
      vertex 18.836758524456233 394.0233237657302 -6.666666666666657
      vertex 18.836758524456233 394.0233237657302 33.33333333333334
      vertex 18.666666666666668 394.0277777777778 33.33333333333334
    endloop
  endfacet
  facet normal -0.07845909572807577 -0.9969173337331098 0
    outer loop
      vertex 19.00638417228654 394.0099739377247 -6.666666666666657
      vertex 19.00638417228654 394.0099739377247 33.33333333333334
      vertex 18.836758524456233 394.0233237657302 33.33333333333334
    endloop
  endfacet
  facet normal -0.1305261922198709 -0.9914448613738343 0
    outer loop
      vertex 19.175078678047417 393.987764884712 -6.666666666666657
      vertex 19.175078678047417 393.987764884712 33.33333333333334
      vertex 19.00638417228654 394.0099739377247 33.33333333333334
    endloop
  endfacet
  facet normal -0.18223552549238178 -0.9832549075639112 0
    outer loop
      vertex 19.342379661824385 393.95675748016265 -6.666666666666657
      vertex 19.342379661824385 393.95675748016265 33.33333333333334
      vertex 19.175078678047417 393.987764884712 33.33333333333334
    endloop
  endfacet
  facet normal -0.23344536385581022 -0.9723699203976994 0
    outer loop
      vertex 19.50782856324986 393.91703671321727 -6.666666666666657
      vertex 19.50782856324986 393.91703671321727 33.33333333333334
      vertex 19.342379661824385 393.95675748016265 33.33333333333334
    endloop
  endfacet
  facet normal -0.2840153447038024 -0.9588197348682286 0
    outer loop
      vertex 19.670971898385247 393.86871145573707 -6.666666666666657
      vertex 19.670971898385247 393.86871145573707 33.33333333333334
      vertex 19.50782856324986 393.91703671321727 33.33333333333334
    endloop
  endfacet
  facet normal -0.33380685923374465 -0.9426414910921878 0
    outer loop
      vertex 19.831362502688894 393.81191416389373 -6.666666666666657
      vertex 19.831362502688894 393.81191416389373 33.33333333333334
      vertex 19.670971898385247 393.86871145573707 33.33333333333334
    endloop
  endfacet
  facet normal -0.3826834323651767 -0.9238795325112508 0
    outer loop
      vertex 19.988560756663016 393.74680051511626 -6.666666666666657
      vertex 19.988560756663016 393.74680051511626 33.33333333333334
      vertex 19.831362502688894 393.81191416389373 33.33333333333334
    endloop
  endfacet
  facet normal -0.4305110968082544 -0.9025852843498801 0
    outer loop
      vertex 20.142135790820195 393.67354898139 -6.666666666666657
      vertex 20.142135790820195 393.67354898139 33.33333333333334
      vertex 19.988560756663016 393.74680051511626 33.33333333333334
    endloop
  endfacet
  facet normal -0.4771587602594512 0.8788171126620506 0
    outer loop
      vertex 20.142135790820195 387.88200657416564 -6.666666666666657
      vertex 20.142135790820195 387.88200657416564 33.33333333333334
      vertex 20.291666666666668 387.9631952154784 33.33333333333334
    endloop
  endfacet
  facet normal -0.5224985647159941 0.8526401643540645 0
    outer loop
      vertex 20.291666666666668 387.9631952154784 -6.666666666666657
      vertex 20.291666666666668 387.9631952154784 33.33333333333334
      vertex 20.436743530465506 388.0520984319552 33.33333333333334
    endloop
  endfacet
  facet normal -0.566406236924792 0.8241261886220437 0
    outer loop
      vertex 20.436743530465506 388.0520984319552 -6.666666666666657
      vertex 20.436743530465506 388.0520984319552 33.33333333333334
      vertex 20.576968736617204 388.1484725460592 33.33333333333334
    endloop
  endfacet
  facet normal -0.6087614290088361 0.7933533402911466 0
    outer loop
      vertex 20.576968736617204 388.1484725460592 -6.666666666666657
      vertex 20.576968736617204 388.1484725460592 33.33333333333334
      vertex 20.71195793757864 388.2520534030427 33.33333333333334
    endloop
  endfacet
  facet normal -0.6494480483301519 0.7604059656000581 0
    outer loop
      vertex 20.71195793757864 388.2520534030427 -6.666666666666657
      vertex 20.71195793757864 388.2520534030427 33.33333333333334
      vertex 20.841341137332957 388.3625570949763 33.33333333333334
    endloop
  endfacet
  facet normal -0.6883545756936106 0.7253743710124236 0
    outer loop
      vertex 20.841341137332957 388.3625570949763 -6.666666666666657
      vertex 20.841341137332957 388.3625570949763 33.33333333333334
      vertex 20.964763705522948 388.4796807389215 33.33333333333334
    endloop
  endfacet
  facet normal -0.7253743710122981 0.6883545756937429 0
    outer loop
      vertex 21.0818873494682 388.6031033071115 -6.666666666666657
      vertex 20.964763705522948 388.4796807389215 33.33333333333334
      vertex 21.0818873494682 388.6031033071115 33.33333333333334
    endloop
  endfacet
  facet normal -0.7604059656000639 0.649448048330145 0
    outer loop
      vertex 21.192391041401823 388.7324865068658 -6.666666666666657
      vertex 21.0818873494682 388.6031033071115 33.33333333333334
      vertex 21.192391041401823 388.7324865068658 33.33333333333334
    endloop
  endfacet
  facet normal -0.7933533402912838 0.6087614290086573 0
    outer loop
      vertex 21.295971898385247 388.8674757078273 -6.666666666666657
      vertex 21.192391041401823 388.7324865068658 33.33333333333334
      vertex 21.295971898385247 388.8674757078273 33.33333333333334
    endloop
  endfacet
  facet normal -0.8241261886219877 0.5664062369248736 0
    outer loop
      vertex 21.392346012489295 389.00770091397897 -6.666666666666657
      vertex 21.295971898385247 388.8674757078273 33.33333333333334
      vertex 21.392346012489295 389.00770091397897 33.33333333333334
    endloop
  endfacet
  facet normal -0.8526401643541324 0.5224985647158834 0
    outer loop
      vertex 21.481249228966092 389.1527777777778 -6.666666666666657
      vertex 21.392346012489295 389.00770091397897 33.33333333333334
      vertex 21.481249228966092 389.1527777777778 33.33333333333334
    endloop
  endfacet
  facet normal -0.8788171126619155 0.47715876025970005 0
    outer loop
      vertex 21.562437870278863 389.30230865362427 -6.666666666666657
      vertex 21.481249228966092 389.1527777777778 33.33333333333334
      vertex 21.562437870278863 389.30230865362427 33.33333333333334
    endloop
  endfacet
  facet normal -0.9025852843498869 0.4305110968082397 0
    outer loop
      vertex 21.63568940400512 389.45588368778147 -6.666666666666657
      vertex 21.562437870278863 389.30230865362427 33.33333333333334
      vertex 21.63568940400512 389.45588368778147 33.33333333333334
    endloop
  endfacet
  facet normal -0.5224985647159941 -0.8526401643540645 0
    outer loop
      vertex 20.436743530465506 393.5034571236004 -6.666666666666657
      vertex 20.436743530465506 393.5034571236004 33.33333333333334
      vertex 20.291666666666668 393.5923603400772 33.33333333333334
    endloop
  endfacet
  facet normal -0.566406236924792 -0.8241261886220437 0
    outer loop
      vertex 20.576968736617204 393.4070830094964 -6.666666666666657
      vertex 20.576968736617204 393.4070830094964 33.33333333333334
      vertex 20.436743530465506 393.5034571236004 33.33333333333334
    endloop
  endfacet
  facet normal -0.47715876025970927 -0.8788171126619106 0
    outer loop
      vertex 20.291666666666668 393.5923603400772 -6.666666666666657
      vertex 20.291666666666668 393.5923603400772 33.33333333333334
      vertex 20.142135790820195 393.67354898139 33.33333333333334
    endloop
  endfacet
  facet normal -0.6087614290086258 -0.793353340291308 0
    outer loop
      vertex 20.71195793757864 393.303502152513 -6.666666666666657
      vertex 20.71195793757864 393.303502152513 33.33333333333334
      vertex 20.576968736617204 393.4070830094964 33.33333333333334
    endloop
  endfacet
  facet normal -0.6494480483301519 -0.7604059656000581 0
    outer loop
      vertex 20.841341137332957 393.19299846057936 -6.666666666666657
      vertex 20.841341137332957 393.19299846057936 33.33333333333334
      vertex 20.71195793757864 393.303502152513 33.33333333333334
    endloop
  endfacet
  facet normal -0.6883545756937863 -0.7253743710122569 0
    outer loop
      vertex 20.964763705522948 393.0758748166341 -6.666666666666657
      vertex 20.964763705522948 393.0758748166341 33.33333333333334
      vertex 20.841341137332957 393.19299846057936 33.33333333333334
    endloop
  endfacet
  facet normal -0.7253743710122981 -0.6883545756937429 0
    outer loop
      vertex 20.964763705522948 393.0758748166341 -6.666666666666657
      vertex 21.0818873494682 392.9524522484441 33.33333333333334
      vertex 20.964763705522948 393.0758748166341 33.33333333333334
    endloop
  endfacet
  facet normal -0.7604059656000639 -0.649448048330145 0
    outer loop
      vertex 21.0818873494682 392.9524522484441 -6.666666666666657
      vertex 21.192391041401823 392.8230690486898 33.33333333333334
      vertex 21.0818873494682 392.9524522484441 33.33333333333334
    endloop
  endfacet
  facet normal -0.79335334029116 -0.6087614290088187 0
    outer loop
      vertex 21.192391041401823 392.8230690486898 -6.666666666666657
      vertex 21.295971898385247 392.6880798477284 33.33333333333334
      vertex 21.192391041401823 392.8230690486898 33.33333333333334
    endloop
  endfacet
  facet normal -0.8241261886220949 -0.5664062369247176 0
    outer loop
      vertex 21.295971898385247 392.6880798477284 -6.666666666666657
      vertex 21.392346012489295 392.54785464157663 33.33333333333334
      vertex 21.295971898385247 392.6880798477284 33.33333333333334
    endloop
  endfacet
  facet normal -0.8526401643540411 -0.5224985647160323 0
    outer loop
      vertex 21.392346012489295 392.54785464157663 -6.666666666666657
      vertex 21.481249228966092 392.4027777777778 33.33333333333334
      vertex 21.392346012489295 392.54785464157663 33.33333333333334
    endloop
  endfacet
  facet normal -0.9238795325112815 -0.3826834323651024 0
    outer loop
      vertex 21.63568940400512 392.09967186777413 -6.666666666666657
      vertex 21.70080305278257 391.9424736138 33.33333333333334
      vertex 21.63568940400512 392.09967186777413 33.33333333333334
    endloop
  endfacet
  facet normal -0.8788171126619917 -0.47715876025956 0
    outer loop
      vertex 21.481249228966092 392.4027777777778 -6.666666666666657
      vertex 21.562437870278863 392.25324690193133 33.33333333333334
      vertex 21.481249228966092 392.4027777777778 33.33333333333334
    endloop
  endfacet
  facet normal -0.9025852843498869 -0.4305110968082397 0
    outer loop
      vertex 21.562437870278863 392.25324690193133 -6.666666666666657
      vertex 21.63568940400512 392.09967186777413 33.33333333333334
      vertex 21.562437870278863 392.25324690193133 33.33333333333334
    endloop
  endfacet
  facet normal 0 0 1
    outer loop
      vertex 6.666666666666667 377.44444444444446 33.33333333333334
      vertex 30.666666666666668 377.44444444444446 33.33333333333334
      vertex 19.831362502688894 387.7436413916619 33.33333333333334
    endloop
  endfacet
  facet normal 0 0 1
    outer loop
      vertex 19.50782856324986 393.91703671321727 33.33333333333334
      vertex 20.666666666666668 403.61111111111114 33.33333333333334
      vertex 16.666666666666668 403.61111111111114 33.33333333333334
    endloop
  endfacet
  facet normal -0.9238795325112815 0.3826834323651024 0
    outer loop
      vertex 21.70080305278257 369.52974860842227 -6.666666666666657
      vertex 21.63568940400512 369.37255035444815 33.33333333333334
      vertex 21.70080305278257 369.52974860842227 33.33333333333334
    endloop
  endfacet
  facet normal -0.9426414910921722 0.33380685923378833 0
    outer loop
      vertex 21.757600344625917 369.6901392127259 -6.666666666666657
      vertex 21.70080305278257 369.52974860842227 33.33333333333334
      vertex 21.757600344625917 369.6901392127259 33.33333333333334
    endloop
  endfacet
  facet normal -0.9588197348681877 0.2840153447039403 0
    outer loop
      vertex 21.80592560210614 369.8532825478613 -6.666666666666657
      vertex 21.757600344625917 369.6901392127259 33.33333333333334
      vertex 21.80592560210614 369.8532825478613 33.33333333333334
    endloop
  endfacet
  facet normal -0.9723699203976723 0.23344536385592315 0
    outer loop
      vertex 21.845646369051536 370.01873144928675 -6.666666666666657
      vertex 21.80592560210614 369.8532825478613 33.33333333333334
      vertex 21.845646369051536 370.01873144928675 33.33333333333334
    endloop
  endfacet
  facet normal -0.9832549075639534 0.18223552549215452 0
    outer loop
      vertex 21.876653773600864 370.1860324330637 -6.666666666666657
      vertex 21.845646369051536 370.01873144928675 33.33333333333334
      vertex 21.876653773600864 370.1860324330637 33.33333333333334
    endloop
  endfacet
  facet normal -0.9914448613738148 0.1305261922200178 0
    outer loop
      vertex 21.898862826613556 370.3547269388246 -6.666666666666657
      vertex 21.876653773600864 370.1860324330637 33.33333333333334
      vertex 21.898862826613556 370.3547269388246 33.33333333333334
    endloop
  endfacet
  facet normal -0.996917333733127 0.07845909572785731 0
    outer loop
      vertex 21.912212654619033 370.5243525866549 -6.666666666666657
      vertex 21.898862826613556 370.3547269388246 33.33333333333334
      vertex 21.912212654619033 370.5243525866549 33.33333333333334
    endloop
  endfacet
  facet normal -0.9996573249755571 0.026176948307876452 0
    outer loop
      vertex 21.916666666666668 370.69444444444446 -6.666666666666657
      vertex 21.912212654619033 370.5243525866549 33.33333333333334
      vertex 21.916666666666668 370.69444444444446 33.33333333333334
    endloop
  endfacet
  facet normal -0.9832549075639534 -0.18223552549215452 0
    outer loop
      vertex 21.845646369051536 371.37015743960217 -6.666666666666657
      vertex 21.876653773600864 371.2028564558252 33.33333333333334
      vertex 21.845646369051536 371.37015743960217 33.33333333333334
    endloop
  endfacet
  facet normal -0.9914448613738093 -0.13052619222006104 0
    outer loop
      vertex 21.876653773600864 371.2028564558252 -6.666666666666657
      vertex 21.898862826613556 371.03416195006434 33.33333333333334
      vertex 21.876653773600864 371.2028564558252 33.33333333333334
    endloop
  endfacet
  facet normal -0.9996573249755574 -0.02617694830786771 0
    outer loop
      vertex 21.912212654619033 370.86453630223406 -6.666666666666657
      vertex 21.916666666666668 370.69444444444446 33.33333333333334
      vertex 21.912212654619033 370.86453630223406 33.33333333333334
    endloop
  endfacet
  facet normal -0.996917333733127 -0.07845909572785731 0
    outer loop
      vertex 21.898862826613556 371.03416195006434 -6.666666666666657
      vertex 21.912212654619033 370.86453630223406 33.33333333333334
      vertex 21.898862826613556 371.03416195006434 33.33333333333334
    endloop
  endfacet
  facet normal -0.9426414910921722 -0.33380685923378833 0
    outer loop
      vertex 21.70080305278257 371.8591402804667 -6.666666666666657
      vertex 21.757600344625917 371.69874967616306 33.33333333333334
      vertex 21.70080305278257 371.8591402804667 33.33333333333334
    endloop
  endfacet
  facet normal -0.9588197348681877 -0.2840153447039403 0
    outer loop
      vertex 21.757600344625917 371.69874967616306 -6.666666666666657
      vertex 21.80592560210614 371.5356063410277 33.33333333333334
      vertex 21.757600344625917 371.69874967616306 33.33333333333334
    endloop
  endfacet
  facet normal -0.9723699203976904 -0.2334453638558473 0
    outer loop
      vertex 21.80592560210614 371.5356063410277 -6.666666666666657
      vertex 21.845646369051536 371.37015743960217 33.33333333333334
      vertex 21.80592560210614 371.5356063410277 33.33333333333334
    endloop
  endfacet
  facet normal 0 0 1
    outer loop
      vertex 18.666666666666668 367.44444444444446 33.33333333333334
      vertex 30.666666666666668 357.44444444444446 33.33333333333334
      vertex 18.836758524456233 367.4488984564921 33.33333333333334
    endloop
  endfacet
  facet normal 0 0 1
    outer loop
      vertex 18.836758524456233 367.4488984564921 33.33333333333334
      vertex 30.666666666666668 357.44444444444446 33.33333333333334
      vertex 19.00638417228654 367.4622482844976 33.33333333333334
    endloop
  endfacet
  facet normal 0 0 1
    outer loop
      vertex 19.00638417228654 367.4622482844976 33.33333333333334
      vertex 30.666666666666668 357.44444444444446 33.33333333333334
      vertex 19.175078678047417 367.48445733751026 33.33333333333334
    endloop
  endfacet
  facet normal 0 0 1
    outer loop
      vertex 19.175078678047417 367.48445733751026 33.33333333333334
      vertex 30.666666666666668 357.44444444444446 33.33333333333334
      vertex 19.342379661824385 367.51546474205963 33.33333333333334
    endloop
  endfacet
  facet normal 0 0 1
    outer loop
      vertex 19.342379661824385 367.51546474205963 33.33333333333334
      vertex 30.666666666666668 357.44444444444446 33.33333333333334
      vertex 19.50782856324986 367.555185509005 33.33333333333334
    endloop
  endfacet
  facet normal 0 0 1
    outer loop
      vertex 19.50782856324986 367.555185509005 33.33333333333334
      vertex 30.666666666666668 357.44444444444446 33.33333333333334
      vertex 19.670971898385247 367.6035107664852 33.33333333333334
    endloop
  endfacet
  facet normal 0 0 1
    outer loop
      vertex 19.670971898385247 367.6035107664852 33.33333333333334
      vertex 30.666666666666668 357.44444444444446 33.33333333333334
      vertex 19.831362502688894 367.66030805832855 33.33333333333334
    endloop
  endfacet
  facet normal 0 0 1
    outer loop
      vertex 19.831362502688894 367.66030805832855 33.33333333333334
      vertex 30.666666666666668 357.44444444444446 33.33333333333334
      vertex 19.988560756663016 367.725421707106 33.33333333333334
    endloop
  endfacet
  facet normal 0 0 1
    outer loop
      vertex 19.988560756663016 367.725421707106 33.33333333333334
      vertex 30.666666666666668 357.44444444444446 33.33333333333334
      vertex 20.142135790820195 367.7986732408323 33.33333333333334
    endloop
  endfacet
  facet normal 0 0 1
    outer loop
      vertex 20.142135790820195 367.7986732408323 33.33333333333334
      vertex 30.666666666666668 357.44444444444446 33.33333333333334
      vertex 20.291666666666668 367.87986188214506 33.33333333333334
    endloop
  endfacet
  facet normal 0 0 1
    outer loop
      vertex 20.291666666666668 367.87986188214506 33.33333333333334
      vertex 30.666666666666668 357.44444444444446 33.33333333333334
      vertex 20.436743530465506 367.9687650986219 33.33333333333334
    endloop
  endfacet
  facet normal 0 0 1
    outer loop
      vertex 20.436743530465506 367.9687650986219 33.33333333333334
      vertex 30.666666666666668 357.44444444444446 33.33333333333334
      vertex 20.576968736617204 368.0651392127259 33.33333333333334
    endloop
  endfacet
  facet normal 0 0 1
    outer loop
      vertex 20.576968736617204 368.0651392127259 33.33333333333334
      vertex 30.666666666666668 357.44444444444446 33.33333333333334
      vertex 20.71195793757864 368.1687200697093 33.33333333333334
    endloop
  endfacet
  facet normal 0 0 1
    outer loop
      vertex 20.71195793757864 368.1687200697093 33.33333333333334
      vertex 30.666666666666668 357.44444444444446 33.33333333333334
      vertex 20.841341137332957 368.2792237616429 33.33333333333334
    endloop
  endfacet
  facet normal 0 0 1
    outer loop
      vertex 20.841341137332957 368.2792237616429 33.33333333333334
      vertex 30.666666666666668 357.44444444444446 33.33333333333334
      vertex 20.964763705522948 368.3963474055882 33.33333333333334
    endloop
  endfacet
  facet normal 0 0 1
    outer loop
      vertex 20.964763705522948 368.3963474055882 33.33333333333334
      vertex 30.666666666666668 357.44444444444446 33.33333333333334
      vertex 21.0818873494682 368.5197699737782 33.33333333333334
    endloop
  endfacet
  facet normal 0 0 1
    outer loop
      vertex 21.0818873494682 368.5197699737782 33.33333333333334
      vertex 30.666666666666668 357.44444444444446 33.33333333333334
      vertex 21.192391041401823 368.6491531735325 33.33333333333334
    endloop
  endfacet
  facet normal 0 0 1
    outer loop
      vertex 21.192391041401823 368.6491531735325 33.33333333333334
      vertex 30.666666666666668 357.44444444444446 33.33333333333334
      vertex 21.295971898385247 368.78414237449397 33.33333333333334
    endloop
  endfacet
  facet normal 0 0 1
    outer loop
      vertex 21.295971898385247 368.78414237449397 33.33333333333334
      vertex 30.666666666666668 357.44444444444446 33.33333333333334
      vertex 21.392346012489295 368.92436758064565 33.33333333333334
    endloop
  endfacet
  facet normal 0 0 1
    outer loop
      vertex 21.392346012489295 368.92436758064565 33.33333333333334
      vertex 30.666666666666668 357.44444444444446 33.33333333333334
      vertex 21.481249228966092 369.06944444444446 33.33333333333334
    endloop
  endfacet
  facet normal 0 0 1
    outer loop
      vertex 21.481249228966092 369.06944444444446 33.33333333333334
      vertex 30.666666666666668 357.44444444444446 33.33333333333334
      vertex 21.562437870278863 369.21897532029095 33.33333333333334
    endloop
  endfacet
  facet normal 0 0 1
    outer loop
      vertex 21.562437870278863 369.21897532029095 33.33333333333334
      vertex 30.666666666666668 357.44444444444446 33.33333333333334
      vertex 21.63568940400512 369.37255035444815 33.33333333333334
    endloop
  endfacet
  facet normal 0 0 1
    outer loop
      vertex 19.50782856324986 373.83370337988396 33.33333333333334
      vertex 19.670971898385247 373.7853781224037 33.33333333333334
      vertex 30.666666666666668 377.44444444444446 33.33333333333334
    endloop
  endfacet
  facet normal 0 0 1
    outer loop
      vertex 19.670971898385247 373.7853781224037 33.33333333333334
      vertex 19.831362502688894 373.72858083056036 33.33333333333334
      vertex 30.666666666666668 377.44444444444446 33.33333333333334
    endloop
  endfacet
  facet normal 0 0 1
    outer loop
      vertex 19.831362502688894 373.72858083056036 33.33333333333334
      vertex 19.988560756663016 373.66346718178295 33.33333333333334
      vertex 30.666666666666668 377.44444444444446 33.33333333333334
    endloop
  endfacet
  facet normal 0 0 1
    outer loop
      vertex 19.988560756663016 373.66346718178295 33.33333333333334
      vertex 20.142135790820195 373.5902156480567 33.33333333333334
      vertex 30.666666666666668 377.44444444444446 33.33333333333334
    endloop
  endfacet
  facet normal 0 0 1
    outer loop
      vertex 20.142135790820195 373.5902156480567 33.33333333333334
      vertex 20.291666666666668 373.5090270067439 33.33333333333334
      vertex 30.666666666666668 377.44444444444446 33.33333333333334
    endloop
  endfacet
  facet normal 0 0 1
    outer loop
      vertex 20.291666666666668 373.5090270067439 33.33333333333334
      vertex 20.436743530465506 373.4201237902671 33.33333333333334
      vertex 30.666666666666668 377.44444444444446 33.33333333333334
    endloop
  endfacet
  facet normal 0 0 1
    outer loop
      vertex 20.436743530465506 373.4201237902671 33.33333333333334
      vertex 20.576968736617204 373.32374967616306 33.33333333333334
      vertex 30.666666666666668 377.44444444444446 33.33333333333334
    endloop
  endfacet
  facet normal 0 0 1
    outer loop
      vertex 21.392346012489295 372.4645213082433 33.33333333333334
      vertex 21.481249228966092 372.31944444444446 33.33333333333334
      vertex 30.666666666666668 377.44444444444446 33.33333333333334
    endloop
  endfacet
  facet normal 0 0 1
    outer loop
      vertex 21.481249228966092 372.31944444444446 33.33333333333334
      vertex 21.562437870278863 372.169913568598 33.33333333333334
      vertex 30.666666666666668 377.44444444444446 33.33333333333334
    endloop
  endfacet
  facet normal 0 0 1
    outer loop
      vertex 21.562437870278863 372.169913568598 33.33333333333334
      vertex 21.63568940400512 372.0163385344408 33.33333333333334
      vertex 30.666666666666668 377.44444444444446 33.33333333333334
    endloop
  endfacet
  facet normal 0 0 1
    outer loop
      vertex 20.576968736617204 373.32374967616306 33.33333333333334
      vertex 20.71195793757864 373.22016881917966 33.33333333333334
      vertex 30.666666666666668 377.44444444444446 33.33333333333334
    endloop
  endfacet
  facet normal 0 0 1
    outer loop
      vertex 20.71195793757864 373.22016881917966 33.33333333333334
      vertex 20.841341137332957 373.109665127246 33.33333333333334
      vertex 30.666666666666668 377.44444444444446 33.33333333333334
    endloop
  endfacet
  facet normal 0 0 1
    outer loop
      vertex 20.841341137332957 373.109665127246 33.33333333333334
      vertex 20.964763705522948 372.9925414833008 33.33333333333334
      vertex 30.666666666666668 377.44444444444446 33.33333333333334
    endloop
  endfacet
  facet normal 0 0 1
    outer loop
      vertex 20.964763705522948 372.9925414833008 33.33333333333334
      vertex 21.0818873494682 372.8691189151108 33.33333333333334
      vertex 30.666666666666668 377.44444444444446 33.33333333333334
    endloop
  endfacet
  facet normal 0 0 1
    outer loop
      vertex 21.0818873494682 372.8691189151108 33.33333333333334
      vertex 21.192391041401823 372.73973571535646 33.33333333333334
      vertex 30.666666666666668 377.44444444444446 33.33333333333334
    endloop
  endfacet
  facet normal 0 0 1
    outer loop
      vertex 21.192391041401823 372.73973571535646 33.33333333333334
      vertex 21.295971898385247 372.604746514395 33.33333333333334
      vertex 30.666666666666668 377.44444444444446 33.33333333333334
    endloop
  endfacet
  facet normal 0 0 1
    outer loop
      vertex 21.295971898385247 372.604746514395 33.33333333333334
      vertex 21.392346012489295 372.4645213082433 33.33333333333334
      vertex 30.666666666666668 377.44444444444446 33.33333333333334
    endloop
  endfacet
  facet normal -0.9238795325112815 0.3826834323651024 0
    outer loop
      vertex 21.70080305278257 389.6130819417556 -6.666666666666657
      vertex 21.63568940400512 389.45588368778147 33.33333333333334
      vertex 21.70080305278257 389.6130819417556 33.33333333333334
    endloop
  endfacet
  facet normal -0.9426414910921722 0.33380685923378833 0
    outer loop
      vertex 21.757600344625917 389.7734725460592 -6.666666666666657
      vertex 21.70080305278257 389.6130819417556 33.33333333333334
      vertex 21.757600344625917 389.7734725460592 33.33333333333334
    endloop
  endfacet
  facet normal -0.9588197348681877 0.2840153447039403 0
    outer loop
      vertex 21.80592560210614 389.9366158811946 -6.666666666666657
      vertex 21.757600344625917 389.7734725460592 33.33333333333334
      vertex 21.80592560210614 389.9366158811946 33.33333333333334
    endloop
  endfacet
  facet normal -0.9723699203976904 0.2334453638558473 0
    outer loop
      vertex 21.845646369051536 390.1020647826201 -6.666666666666657
      vertex 21.80592560210614 389.9366158811946 33.33333333333334
      vertex 21.845646369051536 390.1020647826201 33.33333333333334
    endloop
  endfacet
  facet normal -0.9832549075639534 0.18223552549215452 0
    outer loop
      vertex 21.876653773600864 390.2693657663971 -6.666666666666657
      vertex 21.845646369051536 390.1020647826201 33.33333333333334
      vertex 21.876653773600864 390.2693657663971 33.33333333333334
    endloop
  endfacet
  facet normal -0.9914448613738093 0.13052619222006104 0
    outer loop
      vertex 21.898862826613556 390.43806027215794 -6.666666666666657
      vertex 21.876653773600864 390.2693657663971 33.33333333333334
      vertex 21.898862826613556 390.43806027215794 33.33333333333334
    endloop
  endfacet
  facet normal -0.996917333733127 0.07845909572785731 0
    outer loop
      vertex 21.912212654619033 390.6076859199882 -6.666666666666657
      vertex 21.898862826613556 390.43806027215794 33.33333333333334
      vertex 21.912212654619033 390.6076859199882 33.33333333333334
    endloop
  endfacet
  facet normal -0.9996573249755574 0.02617694830786771 0
    outer loop
      vertex 21.916666666666668 390.7777777777778 -6.666666666666657
      vertex 21.912212654619033 390.6076859199882 33.33333333333334
      vertex 21.916666666666668 390.7777777777778 33.33333333333334
    endloop
  endfacet
  facet normal -0.9426414910921722 -0.33380685923378833 0
    outer loop
      vertex 21.70080305278257 391.9424736138 -6.666666666666657
      vertex 21.757600344625917 391.7820830094964 33.33333333333334
      vertex 21.70080305278257 391.9424736138 33.33333333333334
    endloop
  endfacet
  facet normal -0.9588197348681877 -0.2840153447039403 0
    outer loop
      vertex 21.757600344625917 391.7820830094964 -6.666666666666657
      vertex 21.80592560210614 391.618939674361 33.33333333333334
      vertex 21.757600344625917 391.7820830094964 33.33333333333334
    endloop
  endfacet
  facet normal -0.9723699203976723 -0.23344536385592315 0
    outer loop
      vertex 21.80592560210614 391.618939674361 -6.666666666666657
      vertex 21.845646369051536 391.45349077293554 33.33333333333334
      vertex 21.80592560210614 391.618939674361 33.33333333333334
    endloop
  endfacet
  facet normal -0.9832549075639534 -0.18223552549215452 0
    outer loop
      vertex 21.845646369051536 391.45349077293554 -6.666666666666657
      vertex 21.876653773600864 391.2861897891586 33.33333333333334
      vertex 21.845646369051536 391.45349077293554 33.33333333333334
    endloop
  endfacet
  facet normal -0.9914448613738148 -0.1305261922200178 0
    outer loop
      vertex 21.876653773600864 391.2861897891586 -6.666666666666657
      vertex 21.898862826613556 391.11749528339766 33.33333333333334
      vertex 21.876653773600864 391.2861897891586 33.33333333333334
    endloop
  endfacet
  facet normal -0.9996573249755571 -0.026176948307876452 0
    outer loop
      vertex 21.912212654619033 390.9478696355674 -6.666666666666657
      vertex 21.916666666666668 390.7777777777778 33.33333333333334
      vertex 21.912212654619033 390.9478696355674 33.33333333333334
    endloop
  endfacet
  facet normal -0.996917333733127 -0.07845909572785731 0
    outer loop
      vertex 21.898862826613556 391.11749528339766 -6.666666666666657
      vertex 21.912212654619033 390.9478696355674 33.33333333333334
      vertex 21.898862826613556 391.11749528339766 33.33333333333334
    endloop
  endfacet
  facet normal 0 0 1
    outer loop
      vertex 19.831362502688894 387.7436413916619 33.33333333333334
      vertex 30.666666666666668 377.44444444444446 33.33333333333334
      vertex 19.988560756663016 387.80875504043934 33.33333333333334
    endloop
  endfacet
  facet normal 0 0 1
    outer loop
      vertex 19.988560756663016 387.80875504043934 33.33333333333334
      vertex 30.666666666666668 377.44444444444446 33.33333333333334
      vertex 20.142135790820195 387.88200657416564 33.33333333333334
    endloop
  endfacet
  facet normal 0 0 1
    outer loop
      vertex 20.142135790820195 387.88200657416564 33.33333333333334
      vertex 30.666666666666668 377.44444444444446 33.33333333333334
      vertex 20.291666666666668 387.9631952154784 33.33333333333334
    endloop
  endfacet
  facet normal 0 0 1
    outer loop
      vertex 20.291666666666668 387.9631952154784 33.33333333333334
      vertex 30.666666666666668 377.44444444444446 33.33333333333334
      vertex 20.436743530465506 388.0520984319552 33.33333333333334
    endloop
  endfacet
  facet normal 0 0 1
    outer loop
      vertex 20.436743530465506 388.0520984319552 33.33333333333334
      vertex 30.666666666666668 377.44444444444446 33.33333333333334
      vertex 20.576968736617204 388.1484725460592 33.33333333333334
    endloop
  endfacet
  facet normal 0 0 1
    outer loop
      vertex 20.576968736617204 388.1484725460592 33.33333333333334
      vertex 30.666666666666668 377.44444444444446 33.33333333333334
      vertex 20.71195793757864 388.2520534030427 33.33333333333334
    endloop
  endfacet
  facet normal 0 0 1
    outer loop
      vertex 20.71195793757864 388.2520534030427 33.33333333333334
      vertex 30.666666666666668 377.44444444444446 33.33333333333334
      vertex 20.841341137332957 388.3625570949763 33.33333333333334
    endloop
  endfacet
  facet normal 0 0 1
    outer loop
      vertex 20.841341137332957 388.3625570949763 33.33333333333334
      vertex 30.666666666666668 377.44444444444446 33.33333333333334
      vertex 20.964763705522948 388.4796807389215 33.33333333333334
    endloop
  endfacet
  facet normal 0 0 1
    outer loop
      vertex 20.964763705522948 388.4796807389215 33.33333333333334
      vertex 30.666666666666668 377.44444444444446 33.33333333333334
      vertex 21.0818873494682 388.6031033071115 33.33333333333334
    endloop
  endfacet
  facet normal 0 0 1
    outer loop
      vertex 21.0818873494682 388.6031033071115 33.33333333333334
      vertex 30.666666666666668 377.44444444444446 33.33333333333334
      vertex 21.192391041401823 388.7324865068658 33.33333333333334
    endloop
  endfacet
  facet normal 0 0 1
    outer loop
      vertex 21.192391041401823 388.7324865068658 33.33333333333334
      vertex 30.666666666666668 377.44444444444446 33.33333333333334
      vertex 21.295971898385247 388.8674757078273 33.33333333333334
    endloop
  endfacet
  facet normal 0 0 1
    outer loop
      vertex 21.295971898385247 388.8674757078273 33.33333333333334
      vertex 30.666666666666668 377.44444444444446 33.33333333333334
      vertex 21.392346012489295 389.00770091397897 33.33333333333334
    endloop
  endfacet
  facet normal 0 0 1
    outer loop
      vertex 21.392346012489295 389.00770091397897 33.33333333333334
      vertex 30.666666666666668 377.44444444444446 33.33333333333334
      vertex 21.481249228966092 389.1527777777778 33.33333333333334
    endloop
  endfacet
  facet normal 0 0 1
    outer loop
      vertex 21.481249228966092 389.1527777777778 33.33333333333334
      vertex 30.666666666666668 377.44444444444446 33.33333333333334
      vertex 21.562437870278863 389.30230865362427 33.33333333333334
    endloop
  endfacet
  facet normal 0 0 1
    outer loop
      vertex 21.562437870278863 389.30230865362427 33.33333333333334
      vertex 30.666666666666668 377.44444444444446 33.33333333333334
      vertex 21.63568940400512 389.45588368778147 33.33333333333334
    endloop
  endfacet
  facet normal 0 0 1
    outer loop
      vertex 19.50782856324986 393.91703671321727 33.33333333333334
      vertex 19.670971898385247 393.86871145573707 33.33333333333334
      vertex 30.666666666666668 403.61111111111114 33.33333333333334
    endloop
  endfacet
  facet normal 0 0 1
    outer loop
      vertex 19.670971898385247 393.86871145573707 33.33333333333334
      vertex 19.831362502688894 393.81191416389373 33.33333333333334
      vertex 30.666666666666668 403.61111111111114 33.33333333333334
    endloop
  endfacet
  facet normal 0 0 1
    outer loop
      vertex 19.831362502688894 393.81191416389373 33.33333333333334
      vertex 19.988560756663016 393.74680051511626 33.33333333333334
      vertex 30.666666666666668 403.61111111111114 33.33333333333334
    endloop
  endfacet
  facet normal 0 0 1
    outer loop
      vertex 19.988560756663016 393.74680051511626 33.33333333333334
      vertex 20.142135790820195 393.67354898139 33.33333333333334
      vertex 30.666666666666668 403.61111111111114 33.33333333333334
    endloop
  endfacet
  facet normal 0 0 1
    outer loop
      vertex 20.142135790820195 393.67354898139 33.33333333333334
      vertex 20.291666666666668 393.5923603400772 33.33333333333334
      vertex 30.666666666666668 403.61111111111114 33.33333333333334
    endloop
  endfacet
  facet normal 0 0 1
    outer loop
      vertex 20.436743530465506 393.5034571236004 33.33333333333334
      vertex 30.666666666666668 403.61111111111114 33.33333333333334
      vertex 20.291666666666668 393.5923603400772 33.33333333333334
    endloop
  endfacet
  facet normal 0 0 1
    outer loop
      vertex 20.436743530465506 393.5034571236004 33.33333333333334
      vertex 20.576968736617204 393.4070830094964 33.33333333333334
      vertex 30.666666666666668 403.61111111111114 33.33333333333334
    endloop
  endfacet
  facet normal 0 0 1
    outer loop
      vertex 19.50782856324986 393.91703671321727 33.33333333333334
      vertex 30.666666666666668 403.61111111111114 33.33333333333334
      vertex 20.666666666666668 403.61111111111114 33.33333333333334
    endloop
  endfacet
  facet normal 0 0 1
    outer loop
      vertex 21.295971898385247 392.6880798477284 33.33333333333334
      vertex 21.392346012489295 392.54785464157663 33.33333333333334
      vertex 30.666666666666668 403.61111111111114 33.33333333333334
    endloop
  endfacet
  facet normal 0 0 1
    outer loop
      vertex 21.392346012489295 392.54785464157663 33.33333333333334
      vertex 21.481249228966092 392.4027777777778 33.33333333333334
      vertex 30.666666666666668 403.61111111111114 33.33333333333334
    endloop
  endfacet
  facet normal 0 0 1
    outer loop
      vertex 21.481249228966092 392.4027777777778 33.33333333333334
      vertex 21.562437870278863 392.25324690193133 33.33333333333334
      vertex 30.666666666666668 403.61111111111114 33.33333333333334
    endloop
  endfacet
  facet normal 0 0 1
    outer loop
      vertex 21.63568940400512 392.09967186777413 33.33333333333334
      vertex 30.666666666666668 403.61111111111114 33.33333333333334
      vertex 21.562437870278863 392.25324690193133 33.33333333333334
    endloop
  endfacet
  facet normal 0 0 1
    outer loop
      vertex 20.576968736617204 393.4070830094964 33.33333333333334
      vertex 20.71195793757864 393.303502152513 33.33333333333334
      vertex 30.666666666666668 403.61111111111114 33.33333333333334
    endloop
  endfacet
  facet normal 0 0 1
    outer loop
      vertex 20.71195793757864 393.303502152513 33.33333333333334
      vertex 20.841341137332957 393.19299846057936 33.33333333333334
      vertex 30.666666666666668 403.61111111111114 33.33333333333334
    endloop
  endfacet
  facet normal 0 0 1
    outer loop
      vertex 20.841341137332957 393.19299846057936 33.33333333333334
      vertex 20.964763705522948 393.0758748166341 33.33333333333334
      vertex 30.666666666666668 403.61111111111114 33.33333333333334
    endloop
  endfacet
  facet normal 0 0 1
    outer loop
      vertex 20.964763705522948 393.0758748166341 33.33333333333334
      vertex 21.0818873494682 392.9524522484441 33.33333333333334
      vertex 30.666666666666668 403.61111111111114 33.33333333333334
    endloop
  endfacet
  facet normal 0 0 1
    outer loop
      vertex 21.0818873494682 392.9524522484441 33.33333333333334
      vertex 21.192391041401823 392.8230690486898 33.33333333333334
      vertex 30.666666666666668 403.61111111111114 33.33333333333334
    endloop
  endfacet
  facet normal 0 0 1
    outer loop
      vertex 21.192391041401823 392.8230690486898 33.33333333333334
      vertex 21.295971898385247 392.6880798477284 33.33333333333334
      vertex 30.666666666666668 403.61111111111114 33.33333333333334
    endloop
  endfacet
  facet normal 0 1 0
    outer loop
      vertex 16.666666666666668 407.61111111111114 33.33333333333334
      vertex 20.666666666666668 407.61111111111114 33.33333333333334
      vertex 20.666666666666668 407.61111111111114 -54.66666666666666
    endloop
  endfacet
  facet normal 1 0 0
    outer loop
      vertex 20.666666666666668 407.61111111111114 33.33333333333334
      vertex 20.666666666666668 403.61111111111114 33.33333333333334
      vertex 20.666666666666668 407.61111111111114 -54.66666666666666
    endloop
  endfacet
  facet normal 0 1 0
    outer loop
      vertex 30.666666666666668 403.61111111111114 33.33333333333334
      vertex 20.666666666666668 403.61111111111114 -54.66666666666666
      vertex 20.666666666666668 403.61111111111114 33.33333333333334
    endloop
  endfacet
  facet normal 0 0 1
    outer loop
      vertex 16.666666666666668 407.61111111111114 33.33333333333334
      vertex 20.666666666666668 403.61111111111114 33.33333333333334
      vertex 20.666666666666668 407.61111111111114 33.33333333333334
    endloop
  endfacet
  facet normal 1 0 0
    outer loop
      vertex 30.666666666666668 377.44444444444446 -47.555555554727704
      vertex 30.666666666666668 377.44444444444446 33.33333333333334
      vertex 30.666666666666668 357.44444444444446 33.33333333333334
    endloop
  endfacet
  facet normal 1 0 0
    outer loop
      vertex 30.666666666666668 377.44444444444446 -47.555555554727704
      vertex 30.666666666666668 403.61111111111114 33.33333333333334
      vertex 30.666666666666668 377.44444444444446 33.33333333333334
    endloop
  endfacet
  facet normal 0 0 1
    outer loop
      vertex 21.63568940400512 369.37255035444815 33.33333333333334
      vertex 30.666666666666668 357.44444444444446 33.33333333333334
      vertex 21.70080305278257 369.52974860842227 33.33333333333334
    endloop
  endfacet
  facet normal 0 0 1
    outer loop
      vertex 21.70080305278257 369.52974860842227 33.33333333333334
      vertex 30.666666666666668 357.44444444444446 33.33333333333334
      vertex 21.757600344625917 369.6901392127259 33.33333333333334
    endloop
  endfacet
  facet normal 0 0 1
    outer loop
      vertex 21.757600344625917 369.6901392127259 33.33333333333334
      vertex 30.666666666666668 357.44444444444446 33.33333333333334
      vertex 21.80592560210614 369.8532825478613 33.33333333333334
    endloop
  endfacet
  facet normal 0 0 1
    outer loop
      vertex 21.80592560210614 369.8532825478613 33.33333333333334
      vertex 30.666666666666668 357.44444444444446 33.33333333333334
      vertex 21.845646369051536 370.01873144928675 33.33333333333334
    endloop
  endfacet
  facet normal 0 0 1
    outer loop
      vertex 21.845646369051536 370.01873144928675 33.33333333333334
      vertex 30.666666666666668 377.44444444444446 33.33333333333334
      vertex 21.876653773600864 370.1860324330637 33.33333333333334
    endloop
  endfacet
  facet normal 0 0 1
    outer loop
      vertex 21.876653773600864 370.1860324330637 33.33333333333334
      vertex 30.666666666666668 377.44444444444446 33.33333333333334
      vertex 21.898862826613556 370.3547269388246 33.33333333333334
    endloop
  endfacet
  facet normal 0 0 1
    outer loop
      vertex 21.70080305278257 371.8591402804667 33.33333333333334
      vertex 21.757600344625917 371.69874967616306 33.33333333333334
      vertex 30.666666666666668 377.44444444444446 33.33333333333334
    endloop
  endfacet
  facet normal 0 0 1
    outer loop
      vertex 21.63568940400512 372.0163385344408 33.33333333333334
      vertex 21.70080305278257 371.8591402804667 33.33333333333334
      vertex 30.666666666666668 377.44444444444446 33.33333333333334
    endloop
  endfacet
  facet normal 0 0 1
    outer loop
      vertex 21.757600344625917 371.69874967616306 33.33333333333334
      vertex 21.80592560210614 371.5356063410277 33.33333333333334
      vertex 30.666666666666668 377.44444444444446 33.33333333333334
    endloop
  endfacet
  facet normal 0 0 1
    outer loop
      vertex 21.876653773600864 371.2028564558252 33.33333333333334
      vertex 30.666666666666668 377.44444444444446 33.33333333333334
      vertex 21.845646369051536 371.37015743960217 33.33333333333334
    endloop
  endfacet
  facet normal 0 0 1
    outer loop
      vertex 21.898862826613556 370.3547269388246 33.33333333333334
      vertex 30.666666666666668 377.44444444444446 33.33333333333334
      vertex 21.912212654619033 370.5243525866549 33.33333333333334
    endloop
  endfacet
  facet normal 0 0 1
    outer loop
      vertex 21.912212654619033 370.5243525866549 33.33333333333334
      vertex 30.666666666666668 377.44444444444446 33.33333333333334
      vertex 21.916666666666668 370.69444444444446 33.33333333333334
    endloop
  endfacet
  facet normal 0 0 1
    outer loop
      vertex 21.916666666666668 370.69444444444446 33.33333333333334
      vertex 30.666666666666668 377.44444444444446 33.33333333333334
      vertex 21.912212654619033 370.86453630223406 33.33333333333334
    endloop
  endfacet
  facet normal 0 0 1
    outer loop
      vertex 21.898862826613556 371.03416195006434 33.33333333333334
      vertex 21.912212654619033 370.86453630223406 33.33333333333334
      vertex 30.666666666666668 377.44444444444446 33.33333333333334
    endloop
  endfacet
  facet normal 0 0 1
    outer loop
      vertex 21.876653773600864 371.2028564558252 33.33333333333334
      vertex 21.898862826613556 371.03416195006434 33.33333333333334
      vertex 30.666666666666668 377.44444444444446 33.33333333333334
    endloop
  endfacet
  facet normal 0 0 1
    outer loop
      vertex 21.80592560210614 371.5356063410277 33.33333333333334
      vertex 21.845646369051536 371.37015743960217 33.33333333333334
      vertex 30.666666666666668 377.44444444444446 33.33333333333334
    endloop
  endfacet
  facet normal 0 0 1
    outer loop
      vertex 21.63568940400512 389.45588368778147 33.33333333333334
      vertex 30.666666666666668 377.44444444444446 33.33333333333334
      vertex 21.70080305278257 389.6130819417556 33.33333333333334
    endloop
  endfacet
  facet normal 0 0 1
    outer loop
      vertex 21.70080305278257 389.6130819417556 33.33333333333334
      vertex 30.666666666666668 377.44444444444446 33.33333333333334
      vertex 21.757600344625917 389.7734725460592 33.33333333333334
    endloop
  endfacet
  facet normal 0 0 1
    outer loop
      vertex 21.757600344625917 389.7734725460592 33.33333333333334
      vertex 30.666666666666668 377.44444444444446 33.33333333333334
      vertex 21.80592560210614 389.9366158811946 33.33333333333334
    endloop
  endfacet
  facet normal 0 0 1
    outer loop
      vertex 21.80592560210614 389.9366158811946 33.33333333333334
      vertex 30.666666666666668 377.44444444444446 33.33333333333334
      vertex 21.845646369051536 390.1020647826201 33.33333333333334
    endloop
  endfacet
  facet normal 0 0 1
    outer loop
      vertex 21.845646369051536 390.1020647826201 33.33333333333334
      vertex 30.666666666666668 377.44444444444446 33.33333333333334
      vertex 21.876653773600864 390.2693657663971 33.33333333333334
    endloop
  endfacet
  facet normal 0 0 1
    outer loop
      vertex 21.876653773600864 390.2693657663971 33.33333333333334
      vertex 30.666666666666668 377.44444444444446 33.33333333333334
      vertex 21.898862826613556 390.43806027215794 33.33333333333334
    endloop
  endfacet
  facet normal 0 0 1
    outer loop
      vertex 21.898862826613556 390.43806027215794 33.33333333333334
      vertex 30.666666666666668 377.44444444444446 33.33333333333334
      vertex 21.912212654619033 390.6076859199882 33.33333333333334
    endloop
  endfacet
  facet normal 0 0 1
    outer loop
      vertex 21.912212654619033 390.6076859199882 33.33333333333334
      vertex 30.666666666666668 377.44444444444446 33.33333333333334
      vertex 21.916666666666668 390.7777777777778 33.33333333333334
    endloop
  endfacet
  facet normal 0 0 1
    outer loop
      vertex 21.63568940400512 392.09967186777413 33.33333333333334
      vertex 21.70080305278257 391.9424736138 33.33333333333334
      vertex 30.666666666666668 403.61111111111114 33.33333333333334
    endloop
  endfacet
  facet normal 0 0 1
    outer loop
      vertex 21.70080305278257 391.9424736138 33.33333333333334
      vertex 21.757600344625917 391.7820830094964 33.33333333333334
      vertex 30.666666666666668 403.61111111111114 33.33333333333334
    endloop
  endfacet
  facet normal 0 0 1
    outer loop
      vertex 21.757600344625917 391.7820830094964 33.33333333333334
      vertex 21.80592560210614 391.618939674361 33.33333333333334
      vertex 30.666666666666668 403.61111111111114 33.33333333333334
    endloop
  endfacet
  facet normal 0 0 1
    outer loop
      vertex 21.845646369051536 391.45349077293554 33.33333333333334
      vertex 30.666666666666668 403.61111111111114 33.33333333333334
      vertex 21.80592560210614 391.618939674361 33.33333333333334
    endloop
  endfacet
  facet normal 0 0 1
    outer loop
      vertex 21.845646369051536 391.45349077293554 33.33333333333334
      vertex 21.876653773600864 391.2861897891586 33.33333333333334
      vertex 30.666666666666668 403.61111111111114 33.33333333333334
    endloop
  endfacet
  facet normal 0 0 1
    outer loop
      vertex 21.898862826613556 391.11749528339766 33.33333333333334
      vertex 21.912212654619033 390.9478696355674 33.33333333333334
      vertex 30.666666666666668 403.61111111111114 33.33333333333334
    endloop
  endfacet
  facet normal 0 0 1
    outer loop
      vertex 21.916666666666668 390.7777777777778 33.33333333333334
      vertex 30.666666666666668 403.61111111111114 33.33333333333334
      vertex 21.912212654619033 390.9478696355674 33.33333333333334
    endloop
  endfacet
  facet normal 0 0 1
    outer loop
      vertex 21.898862826613556 391.11749528339766 33.33333333333334
      vertex 30.666666666666668 403.61111111111114 33.33333333333334
      vertex 21.876653773600864 391.2861897891586 33.33333333333334
    endloop
  endfacet
  facet normal 0 0 1
    outer loop
      vertex 21.845646369051536 370.01873144928675 33.33333333333334
      vertex 30.666666666666668 357.44444444444446 33.33333333333334
      vertex 30.666666666666668 377.44444444444446 33.33333333333334
    endloop
  endfacet
  facet normal 0 0 1
    outer loop
      vertex 21.916666666666668 390.7777777777778 33.33333333333334
      vertex 30.666666666666668 377.44444444444446 33.33333333333334
      vertex 30.666666666666668 403.61111111111114 33.33333333333334
    endloop
  endfacet
  facet normal 0 0 1
    outer loop
      vertex 6.666666666666667 403.61111111111114 -54.66666666666666
      vertex 30.666666666666668 489.0555555555556 -54.66666666666666
      vertex 20.666666666666668 485.0555555555556 -54.66666666666666
    endloop
  endfacet
  facet normal 0 0 1
    outer loop
      vertex 30.666666666666668 489.0555555555556 -54.66666666666666
      vertex 20.666666666666668 489.0555555555556 -54.66666666666666
      vertex 20.666666666666668 485.0555555555556 -54.66666666666666
    endloop
  endfacet
  facet normal 0 -1 0
    outer loop
      vertex 20.666666666666668 485.0555555555556 33.33333333333334
      vertex 16.666666666666668 485.0555555555556 -54.66666666666666
      vertex 20.666666666666668 485.0555555555556 -54.66666666666666
    endloop
  endfacet
  facet normal 1 0 0
    outer loop
      vertex 20.666666666666668 485.0555555555556 33.33333333333334
      vertex 20.666666666666668 485.0555555555556 -54.66666666666666
      vertex 20.666666666666668 489.0555555555556 -54.66666666666666
    endloop
  endfacet
  facet normal 0 -1 0
    outer loop
      vertex 30.666666666666668 489.0555555555556 -54.66666666666666
      vertex 20.666666666666668 489.0555555555556 33.33333333333334
      vertex 20.666666666666668 489.0555555555556 -54.66666666666666
    endloop
  endfacet
  facet normal 0 0.026176948307882066 -0.999657324975557
    outer loop
      vertex 6.666666666666667 496.2689413470811 -67.52814625064701
      vertex 30.666666666666668 496.2689413470811 -67.52814625064701
      vertex 30.666666666666668 495.2222222222223 -67.55555555555554
    endloop
  endfacet
  facet normal 0 0.07845909572783968 -0.9969173337331283
    outer loop
      vertex 6.666666666666667 497.3127914875753 -67.44599346292101
      vertex 30.666666666666668 497.3127914875753 -67.44599346292101
      vertex 30.666666666666668 496.2689413470811 -67.52814625064701
    endloop
  endfacet
  facet normal 0 0.13052619222005127 -0.9914448613738105
    outer loop
      vertex 6.666666666666667 498.35091152302687 -67.3093223674583
      vertex 30.666666666666668 498.35091152302687 -67.3093223674583
      vertex 30.666666666666668 497.3127914875753 -67.44599346292101
    endloop
  endfacet
  facet normal 0 0.18223552549214006 -0.983254907563956
    outer loop
      vertex 6.666666666666667 499.38045603857745 -67.11850757023166
      vertex 30.666666666666668 499.38045603857745 -67.11850757023166
      vertex 30.666666666666668 498.35091152302687 -67.3093223674583
    endloop
  endfacet
  facet normal 0 0.23344536385591466 -0.9723699203976744
    outer loop
      vertex 6.666666666666667 500.39860312427265 -66.8740720813369
      vertex 30.666666666666668 500.39860312427265 -66.8740720813369
      vertex 30.666666666666668 499.38045603857745 -67.11850757023166
    endloop
  endfacet
  facet normal 0 0.2840153447039144 -0.9588197348681955
    outer loop
      vertex 6.666666666666667 501.4025621097212 -66.57668588145862
      vertex 30.666666666666668 501.4025621097212 -66.57668588145862
      vertex 30.666666666666668 500.39860312427265 -66.8740720813369
    endloop
  endfacet
  facet normal 0 0.3338068592337631 -0.9426414910921811
    outer loop
      vertex 6.666666666666667 502.3895812131283 -66.22716408549958
      vertex 30.666666666666668 502.3895812131283 -66.22716408549958
      vertex 30.666666666666668 501.4025621097212 -66.57668588145862
    endloop
  endfacet
  facet normal 0 0.38268343236509417 -0.923879532511285
    outer loop
      vertex 6.666666666666667 503.3569550837383 -65.82646470840756
      vertex 30.666666666666668 503.3569550837383 -65.82646470840756
      vertex 30.666666666666668 502.3895812131283 -66.22716408549958
    endloop
  endfacet
  facet normal 0 0.43051109680829003 -0.9025852843498632
    outer loop
      vertex 6.666666666666667 504.3020322170132 -65.3756860393229
      vertex 30.666666666666668 504.3020322170132 -65.3756860393229
      vertex 30.666666666666668 503.3569550837383 -65.82646470840756
    endloop
  endfacet
  facet normal 0 0.4771587602596149 -0.8788171126619618
    outer loop
      vertex 6.666666666666667 505.2222222222223 -64.8760636312443
      vertex 30.666666666666668 505.2222222222223 -64.8760636312443
      vertex 30.666666666666668 504.3020322170132 -65.3756860393229
    endloop
  endfacet
  facet normal 0 0.5224985647159734 -0.8526401643540773
    outer loop
      vertex 6.666666666666667 506.11500292252276 -64.32896691446402
      vertex 30.666666666666668 506.11500292252276 -64.32896691446402
      vertex 30.666666666666668 505.2222222222223 -64.8760636312443
    endloop
  endfacet
  facet normal 0 0.5664062369248198 -0.8241261886220246
    outer loop
      vertex 6.666666666666667 506.9779272680717 -63.73589544305449
      vertex 30.666666666666668 506.9779272680717 -63.73589544305449
      vertex 30.666666666666668 506.11500292252276 -64.32896691446402
    endloop
  endfacet
  facet normal 0 0.6087614290087138 -0.7933533402912404
    outer loop
      vertex 6.666666666666667 507.808630043219 -63.09847478469496
      vertex 30.666666666666668 507.808630043219 -63.09847478469496
      vertex 30.666666666666668 506.9779272680717 -63.73589544305449
    endloop
  endfacet
  facet normal 0 0.6494480483301849 -0.7604059656000298
    outer loop
      vertex 6.666666666666667 508.6048343493994 -62.41845206510342
      vertex 30.666666666666668 508.6048343493994 -62.41845206510342
      vertex 30.666666666666668 507.808630043219 -63.09847478469496
    endloop
  endfacet
  facet normal 0 0.6883545756937397 -0.7253743710123012
    outer loop
      vertex 6.666666666666667 509.36435784595324 -61.697691179286494
      vertex 30.666666666666668 509.36435784595324 -61.697691179286494
      vertex 30.666666666666668 508.6048343493994 -62.41845206510342
    endloop
  endfacet
  facet normal 0 0.725374371012302 -0.688354575693739
    outer loop
      vertex 6.666666666666667 509.36435784595324 -61.697691179286494
      vertex 30.666666666666668 510.08511873177014 -60.93816768273271
      vertex 30.666666666666668 509.36435784595324 -61.697691179286494
    endloop
  endfacet
  facet normal 0 0.7604059656000326 -0.6494480483301815
    outer loop
      vertex 6.666666666666667 510.08511873177014 -60.93816768273271
      vertex 30.666666666666668 510.76514145136167 -60.14196337655229
      vertex 30.666666666666668 510.08511873177014 -60.93816768273271
    endloop
  endfacet
  facet normal 0 0.793353340291233 -0.6087614290087237
    outer loop
      vertex 6.666666666666667 510.76514145136167 -60.14196337655229
      vertex 30.666666666666668 511.4025621097212 -59.31126060140501
      vertex 30.666666666666668 510.76514145136167 -60.14196337655229
    endloop
  endfacet
  facet normal 0 0.824126188622018 -0.5664062369248293
    outer loop
      vertex 6.666666666666667 511.4025621097212 -59.31126060140501
      vertex 30.666666666666668 511.99563358113073 -58.448336255856084
      vertex 30.666666666666668 511.4025621097212 -59.31126060140501
    endloop
  endfacet
  facet normal 0 0.8526401643540937 -0.5224985647159461
    outer loop
      vertex 6.666666666666667 511.99563358113073 -58.448336255856084
      vertex 30.666666666666668 512.542730297911 -57.55555555555554
      vertex 30.666666666666668 511.99563358113073 -58.448336255856084
    endloop
  endfacet
  facet normal 0 0.8788171126619563 -0.47715876025962545
    outer loop
      vertex 6.666666666666667 512.542730297911 -57.55555555555554
      vertex 30.666666666666668 513.0423527059896 -56.63536555034648
      vertex 30.666666666666668 512.542730297911 -57.55555555555554
    endloop
  endfacet
  facet normal 0 0.9025852843498513 -0.43051109680831473
    outer loop
      vertex 6.666666666666667 513.0423527059896 -56.63536555034648
      vertex 30.666666666666668 513.4931313750743 -55.69028841707155
      vertex 30.666666666666668 513.0423527059896 -56.63536555034648
    endloop
  endfacet
  facet normal 0 0.9238795325112934 -0.38268343236507335
    outer loop
      vertex 6.666666666666667 513.4931313750743 -55.69028841707155
      vertex 30.666666666666668 513.8938307521663 -54.72291454646155
      vertex 30.666666666666668 513.4931313750743 -55.69028841707155
    endloop
  endfacet
  facet normal 0 0.9426414910921754 -0.33380685923377945
    outer loop
      vertex 6.666666666666667 513.8938307521663 -54.72291454646155
      vertex 30.666666666666668 514.2433525481254 -53.73589544305449
      vertex 30.666666666666668 513.8938307521663 -54.72291454646155
    endloop
  endfacet
  facet normal 0 0.9588197348682054 -0.2840153447038806
    outer loop
      vertex 6.666666666666667 514.2433525481254 -53.73589544305449
      vertex 30.666666666666668 514.5407387480036 -52.731936457605954
      vertex 30.666666666666668 514.2433525481254 -53.73589544305449
    endloop
  endfacet
  facet normal 0 0.9723699203976786 -0.2334453638558972
    outer loop
      vertex 6.666666666666667 514.5407387480036 -52.731936457605954
      vertex 30.666666666666668 514.7851742368983 -51.71378937191073
      vertex 30.666666666666668 514.5407387480036 -52.731936457605954
    endloop
  endfacet
  facet normal 0 0.9832549075639603 -0.18223552549211622
    outer loop
      vertex 6.666666666666667 514.7851742368983 -51.71378937191073
      vertex 30.666666666666668 514.975989034125 -50.68424485636016
      vertex 30.666666666666668 514.7851742368983 -51.71378937191073
    endloop
  endfacet
  facet normal 0 0.9914448613737975 -0.13052619222014902
    outer loop
      vertex 6.666666666666667 514.975989034125 -50.68424485636016
      vertex 30.666666666666668 515.1126601295878 -49.64612482090861
      vertex 30.666666666666668 514.975989034125 -50.68424485636016
    endloop
  endfacet
  facet normal 0 0.996917333733134 -0.07845909572777013
    outer loop
      vertex 6.666666666666667 515.1126601295878 -49.64612482090861
      vertex 30.666666666666668 515.1948129173137 -48.602274680414425
      vertex 30.666666666666668 515.1126601295878 -49.64612482090861
    endloop
  endfacet
  facet normal 0 0.9996573249755557 -0.026176948307935256
    outer loop
      vertex 6.666666666666667 515.1948129173137 -48.602274680414425
      vertex 30.666666666666668 515.2222222222223 -47.55555555555554
      vertex 30.666666666666668 515.1948129173137 -48.602274680414425
    endloop
  endfacet
  facet normal 0 1 0
    outer loop
      vertex 6.666666666666667 515.2222222222223 -47.55555555555554
      vertex 30.666666666666668 515.2222222222223 -47.555555554727704
      vertex 30.666666666666668 515.2222222222223 -47.55555555555554
    endloop
  endfacet
  facet normal 1 0 0
    outer loop
      vertex 30.666666666666668 403.61111111111114 -54.66666666666666
      vertex 30.666666666666668 495.2222222222223 -67.55555555555554
      vertex 30.666666666666668 496.2689413470811 -67.52814625064701
    endloop
  endfacet
  facet normal 1 0 0
    outer loop
      vertex 30.666666666666668 403.61111111111114 -54.66666666666666
      vertex 30.666666666666668 496.2689413470811 -67.52814625064701
      vertex 30.666666666666668 497.3127914875753 -67.44599346292101
    endloop
  endfacet
  facet normal 1 0 0
    outer loop
      vertex 30.666666666666668 403.61111111111114 -54.66666666666666
      vertex 30.666666666666668 497.3127914875753 -67.44599346292101
      vertex 30.666666666666668 498.35091152302687 -67.3093223674583
    endloop
  endfacet
  facet normal 1 0 0
    outer loop
      vertex 30.666666666666668 403.61111111111114 -54.66666666666666
      vertex 30.666666666666668 498.35091152302687 -67.3093223674583
      vertex 30.666666666666668 499.38045603857745 -67.11850757023166
    endloop
  endfacet
  facet normal 1 0 0
    outer loop
      vertex 30.666666666666668 403.61111111111114 -54.66666666666666
      vertex 30.666666666666668 499.38045603857745 -67.11850757023166
      vertex 30.666666666666668 500.39860312427265 -66.8740720813369
    endloop
  endfacet
  facet normal 1 0 0
    outer loop
      vertex 30.666666666666668 403.61111111111114 -54.66666666666666
      vertex 30.666666666666668 500.39860312427265 -66.8740720813369
      vertex 30.666666666666668 501.4025621097212 -66.57668588145862
    endloop
  endfacet
  facet normal 1 0 0
    outer loop
      vertex 30.666666666666668 403.61111111111114 -54.66666666666666
      vertex 30.666666666666668 503.3569550837383 -65.82646470840756
      vertex 30.666666666666668 489.0555555555556 -54.66666666666666
    endloop
  endfacet
  facet normal 1 0 0
    outer loop
      vertex 30.666666666666668 403.61111111111114 -54.66666666666666
      vertex 30.666666666666668 501.4025621097212 -66.57668588145862
      vertex 30.666666666666668 502.3895812131283 -66.22716408549958
    endloop
  endfacet
  facet normal 1 0 0
    outer loop
      vertex 30.666666666666668 403.61111111111114 -54.66666666666666
      vertex 30.666666666666668 502.3895812131283 -66.22716408549958
      vertex 30.666666666666668 503.3569550837383 -65.82646470840756
    endloop
  endfacet
  facet normal 1 0 0
    outer loop
      vertex 30.666666666666668 489.0555555555556 -54.66666666666666
      vertex 30.666666666666668 503.3569550837383 -65.82646470840756
      vertex 30.666666666666668 504.3020322170132 -65.3756860393229
    endloop
  endfacet
  facet normal 1 0 0
    outer loop
      vertex 30.666666666666668 489.0555555555556 -54.66666666666666
      vertex 30.666666666666668 504.3020322170132 -65.3756860393229
      vertex 30.666666666666668 505.2222222222223 -64.8760636312443
    endloop
  endfacet
  facet normal 1 0 0
    outer loop
      vertex 30.666666666666668 489.0555555555556 -54.66666666666666
      vertex 30.666666666666668 505.2222222222223 -64.8760636312443
      vertex 30.666666666666668 506.11500292252276 -64.32896691446402
    endloop
  endfacet
  facet normal 1 0 0
    outer loop
      vertex 30.666666666666668 489.0555555555556 -54.66666666666666
      vertex 30.666666666666668 506.11500292252276 -64.32896691446402
      vertex 30.666666666666668 506.9779272680717 -63.73589544305449
    endloop
  endfacet
  facet normal 1 0 0
    outer loop
      vertex 30.666666666666668 489.0555555555556 -54.66666666666666
      vertex 30.666666666666668 506.9779272680717 -63.73589544305449
      vertex 30.666666666666668 507.808630043219 -63.09847478469496
    endloop
  endfacet
  facet normal 1 0 0
    outer loop
      vertex 30.666666666666668 489.0555555555556 -54.66666666666666
      vertex 30.666666666666668 507.808630043219 -63.09847478469496
      vertex 30.666666666666668 508.6048343493994 -62.41845206510342
    endloop
  endfacet
  facet normal 1 0 0
    outer loop
      vertex 30.666666666666668 489.0555555555556 -54.66666666666666
      vertex 30.666666666666668 508.6048343493994 -62.41845206510342
      vertex 30.666666666666668 509.36435784595324 -61.697691179286494
    endloop
  endfacet
  facet normal 1 0 0
    outer loop
      vertex 30.666666666666668 489.0555555555556 -54.66666666666666
      vertex 30.666666666666668 509.36435784595324 -61.697691179286494
      vertex 30.666666666666668 510.08511873177014 -60.93816768273271
    endloop
  endfacet
  facet normal 1 0 0
    outer loop
      vertex 30.666666666666668 489.0555555555556 -54.66666666666666
      vertex 30.666666666666668 510.08511873177014 -60.93816768273271
      vertex 30.666666666666668 510.76514145136167 -60.14196337655229
    endloop
  endfacet
  facet normal 1 0 0
    outer loop
      vertex 30.666666666666668 489.0555555555556 -54.66666666666666
      vertex 30.666666666666668 510.76514145136167 -60.14196337655229
      vertex 30.666666666666668 511.4025621097212 -59.31126060140501
    endloop
  endfacet
  facet normal 1 0 0
    outer loop
      vertex 30.666666666666668 489.0555555555556 -54.66666666666666
      vertex 30.666666666666668 511.4025621097212 -59.31126060140501
      vertex 30.666666666666668 511.99563358113073 -58.448336255856084
    endloop
  endfacet
  facet normal 1 0 0
    outer loop
      vertex 30.666666666666668 489.0555555555556 -54.66666666666666
      vertex 30.666666666666668 511.99563358113073 -58.448336255856084
      vertex 30.666666666666668 512.542730297911 -57.55555555555554
    endloop
  endfacet
  facet normal 1 0 0
    outer loop
      vertex 30.666666666666668 489.0555555555556 -54.66666666666666
      vertex 30.666666666666668 512.542730297911 -57.55555555555554
      vertex 30.666666666666668 513.0423527059896 -56.63536555034648
    endloop
  endfacet
  facet normal 1 0 0
    outer loop
      vertex 30.666666666666668 489.0555555555556 -54.66666666666666
      vertex 30.666666666666668 513.0423527059896 -56.63536555034648
      vertex 30.666666666666668 513.4931313750743 -55.69028841707155
    endloop
  endfacet
  facet normal 1 0 0
    outer loop
      vertex 30.666666666666668 489.0555555555556 -54.66666666666666
      vertex 30.666666666666668 513.4931313750743 -55.69028841707155
      vertex 30.666666666666668 513.8938307521663 -54.72291454646155
    endloop
  endfacet
  facet normal 1 0 0
    outer loop
      vertex 30.666666666666668 489.0555555555556 -54.66666666666666
      vertex 30.666666666666668 513.8938307521663 -54.72291454646155
      vertex 30.666666666666668 514.2433525481254 -53.73589544305449
    endloop
  endfacet
  facet normal 1 0 0
    outer loop
      vertex 30.666666666666668 489.0555555555556 -54.66666666666666
      vertex 30.666666666666668 514.2433525481254 -53.73589544305449
      vertex 30.666666666666668 514.5407387480036 -52.731936457605954
    endloop
  endfacet
  facet normal 1 0 0
    outer loop
      vertex 30.666666666666668 489.0555555555556 -54.66666666666666
      vertex 30.666666666666668 514.5407387480036 -52.731936457605954
      vertex 30.666666666666668 514.7851742368983 -51.71378937191073
    endloop
  endfacet
  facet normal 1 0 0
    outer loop
      vertex 30.666666666666668 489.0555555555556 -54.66666666666666
      vertex 30.666666666666668 514.7851742368983 -51.71378937191073
      vertex 30.666666666666668 514.975989034125 -50.68424485636016
    endloop
  endfacet
  facet normal 1 0 0
    outer loop
      vertex 30.666666666666668 489.0555555555556 -54.66666666666666
      vertex 30.666666666666668 514.975989034125 -50.68424485636016
      vertex 30.666666666666668 515.1126601295878 -49.64612482090861
    endloop
  endfacet
  facet normal 1 0 0
    outer loop
      vertex 30.666666666666668 489.0555555555556 -54.66666666666666
      vertex 30.666666666666668 515.1126601295878 -49.64612482090861
      vertex 30.666666666666668 515.1948129173137 -48.602274680414425
    endloop
  endfacet
  facet normal 1 0 0
    outer loop
      vertex 30.666666666666668 489.0555555555556 -54.66666666666666
      vertex 30.666666666666668 515.1948129173137 -48.602274680414425
      vertex 30.666666666666668 515.2222222222223 -47.55555555555554
    endloop
  endfacet
  facet normal 1 0 0
    outer loop
      vertex 30.666666666666668 489.0555555555556 -54.66666666666666
      vertex 30.666666666666668 515.2222222222223 -47.55555555555554
      vertex 30.666666666666668 515.2222222222223 -47.555555554727704
    endloop
  endfacet
  facet normal 1 0 0
    outer loop
      vertex 30.666666666666668 489.0555555555556 -54.66666666666666
      vertex 30.666666666666668 515.2222222222223 -47.555555554727704
      vertex 30.666666666666668 515.2222222222223 33.33333333333334
    endloop
  endfacet
  facet normal 1 0 0
    outer loop
      vertex 20.666666666666668 485.0555555555556 33.33333333333334
      vertex 20.666666666666668 489.0555555555556 -54.66666666666666
      vertex 20.666666666666668 489.0555555555556 33.33333333333334
    endloop
  endfacet
  facet normal 0 0 1
    outer loop
      vertex 20.666666666666668 485.0555555555556 33.33333333333334
      vertex 20.666666666666668 489.0555555555556 33.33333333333334
      vertex 16.666666666666668 489.0555555555556 33.33333333333334
    endloop
  endfacet
  facet normal 0 0 1
    outer loop
      vertex 18.666666666666668 498.6388888888889 -6.666666666666657
      vertex 18.836758524456233 498.64334290093655 -6.666666666666657
      vertex 18.836758524456233 505.1344348768413 -6.666666666666657
    endloop
  endfacet
  facet normal 0 0 1
    outer loop
      vertex 18.836758524456233 498.64334290093655 -6.666666666666657
      vertex 19.00638417228654 498.65669272894206 -6.666666666666657
      vertex 19.00638417228654 505.1210850488358 -6.666666666666657
    endloop
  endfacet
  facet normal 0 0 1
    outer loop
      vertex 19.00638417228654 498.65669272894206 -6.666666666666657
      vertex 19.175078678047417 498.6789017819547 -6.666666666666657
      vertex 19.175078678047417 505.0988759958231 -6.666666666666657
    endloop
  endfacet
  facet normal 0 0 1
    outer loop
      vertex 19.175078678047417 498.6789017819547 -6.666666666666657
      vertex 19.342379661824385 498.7099091865041 -6.666666666666657
      vertex 19.342379661824385 505.0678685912738 -6.666666666666657
    endloop
  endfacet
  facet normal 0 0 1
    outer loop
      vertex 19.342379661824385 498.7099091865041 -6.666666666666657
      vertex 19.50782856324986 498.74962995344947 -6.666666666666657
      vertex 19.50782856324986 505.02814782432836 -6.666666666666657
    endloop
  endfacet
  facet normal 0 0 1
    outer loop
      vertex 19.50782856324986 498.74962995344947 -6.666666666666657
      vertex 19.670971898385247 498.7979552109297 -6.666666666666657
      vertex 19.670971898385247 504.97982256684816 -6.666666666666657
    endloop
  endfacet
  facet normal 0 0 1
    outer loop
      vertex 19.670971898385247 498.7979552109297 -6.666666666666657
      vertex 19.831362502688894 498.854752502773 -6.666666666666657
      vertex 19.831362502688894 504.9230252750048 -6.666666666666657
    endloop
  endfacet
  facet normal 0 0 1
    outer loop
      vertex 19.831362502688894 498.854752502773 -6.666666666666657
      vertex 19.988560756663016 498.9198661515505 -6.666666666666657
      vertex 19.988560756663016 504.8579116262274 -6.666666666666657
    endloop
  endfacet
  facet normal 0 0 1
    outer loop
      vertex 19.988560756663016 498.9198661515505 -6.666666666666657
      vertex 20.142135790820195 498.99311768527673 -6.666666666666657
      vertex 20.142135790820195 504.7846600925011 -6.666666666666657
    endloop
  endfacet
  facet normal 0 0 1
    outer loop
      vertex 18.666666666666668 498.6388888888889 -6.666666666666657
      vertex 18.836758524456233 505.1344348768413 -6.666666666666657
      vertex 18.666666666666668 505.1388888888889 -6.666666666666657
    endloop
  endfacet
  facet normal 0 0 1
    outer loop
      vertex 18.836758524456233 498.64334290093655 -6.666666666666657
      vertex 19.00638417228654 505.1210850488358 -6.666666666666657
      vertex 18.836758524456233 505.1344348768413 -6.666666666666657
    endloop
  endfacet
  facet normal 0 0 1
    outer loop
      vertex 19.00638417228654 498.65669272894206 -6.666666666666657
      vertex 19.175078678047417 505.0988759958231 -6.666666666666657
      vertex 19.00638417228654 505.1210850488358 -6.666666666666657
    endloop
  endfacet
  facet normal 0 0 1
    outer loop
      vertex 19.175078678047417 498.6789017819547 -6.666666666666657
      vertex 19.342379661824385 505.0678685912738 -6.666666666666657
      vertex 19.175078678047417 505.0988759958231 -6.666666666666657
    endloop
  endfacet
  facet normal 0 0 1
    outer loop
      vertex 19.342379661824385 498.7099091865041 -6.666666666666657
      vertex 19.50782856324986 505.02814782432836 -6.666666666666657
      vertex 19.342379661824385 505.0678685912738 -6.666666666666657
    endloop
  endfacet
  facet normal 0 0 1
    outer loop
      vertex 19.50782856324986 498.74962995344947 -6.666666666666657
      vertex 19.670971898385247 504.97982256684816 -6.666666666666657
      vertex 19.50782856324986 505.02814782432836 -6.666666666666657
    endloop
  endfacet
  facet normal 0 0 1
    outer loop
      vertex 19.670971898385247 498.7979552109297 -6.666666666666657
      vertex 19.831362502688894 504.9230252750048 -6.666666666666657
      vertex 19.670971898385247 504.97982256684816 -6.666666666666657
    endloop
  endfacet
  facet normal 0 0 1
    outer loop
      vertex 19.831362502688894 498.854752502773 -6.666666666666657
      vertex 19.988560756663016 504.8579116262274 -6.666666666666657
      vertex 19.831362502688894 504.9230252750048 -6.666666666666657
    endloop
  endfacet
  facet normal 0 0 1
    outer loop
      vertex 19.988560756663016 498.9198661515505 -6.666666666666657
      vertex 20.142135790820195 504.7846600925011 -6.666666666666657
      vertex 19.988560756663016 504.8579116262274 -6.666666666666657
    endloop
  endfacet
  facet normal 0 0 1
    outer loop
      vertex 20.142135790820195 498.99311768527673 -6.666666666666657
      vertex 20.291666666666668 499.0743063265895 -6.666666666666657
      vertex 20.291666666666668 504.7034714511883 -6.666666666666657
    endloop
  endfacet
  facet normal 0 0 1
    outer loop
      vertex 20.291666666666668 499.0743063265895 -6.666666666666657
      vertex 20.436743530465506 499.1632095430663 -6.666666666666657
      vertex 20.436743530465506 504.61456823471156 -6.666666666666657
    endloop
  endfacet
  facet normal 0 0 1
    outer loop
      vertex 20.436743530465506 499.1632095430663 -6.666666666666657
      vertex 20.576968736617204 499.2595836571703 -6.666666666666657
      vertex 20.576968736617204 504.5181941206075 -6.666666666666657
    endloop
  endfacet
  facet normal 0 0 1
    outer loop
      vertex 20.576968736617204 499.2595836571703 -6.666666666666657
      vertex 20.71195793757864 499.36316451415377 -6.666666666666657
      vertex 20.71195793757864 504.4146132636241 -6.666666666666657
    endloop
  endfacet
  facet normal 0 0 1
    outer loop
      vertex 20.71195793757864 499.36316451415377 -6.666666666666657
      vertex 20.841341137332957 499.4736682060874 -6.666666666666657
      vertex 20.841341137332957 504.30410957169045 -6.666666666666657
    endloop
  endfacet
  facet normal 0 0 1
    outer loop
      vertex 20.841341137332957 499.4736682060874 -6.666666666666657
      vertex 20.964763705522948 499.59079185003264 -6.666666666666657
      vertex 20.964763705522948 504.18698592774524 -6.666666666666657
    endloop
  endfacet
  facet normal 0 0 1
    outer loop
      vertex 20.964763705522948 499.59079185003264 -6.666666666666657
      vertex 21.0818873494682 499.71421441822264 -6.666666666666657
      vertex 21.0818873494682 504.06356335955525 -6.666666666666657
    endloop
  endfacet
  facet normal 0 0 1
    outer loop
      vertex 21.0818873494682 499.71421441822264 -6.666666666666657
      vertex 21.192391041401823 499.8435976179769 -6.666666666666657
      vertex 21.192391041401823 503.9341801598009 -6.666666666666657
    endloop
  endfacet
  facet normal 0 0 1
    outer loop
      vertex 21.192391041401823 499.8435976179769 -6.666666666666657
      vertex 21.295971898385247 499.9785868189384 -6.666666666666657
      vertex 21.295971898385247 503.79919095883946 -6.666666666666657
    endloop
  endfacet
  facet normal 0 0 1
    outer loop
      vertex 21.295971898385247 499.9785868189384 -6.666666666666657
      vertex 21.392346012489295 500.11881202509005 -6.666666666666657
      vertex 21.392346012489295 503.6589657526878 -6.666666666666657
    endloop
  endfacet
  facet normal 0 0 1
    outer loop
      vertex 21.392346012489295 500.11881202509005 -6.666666666666657
      vertex 21.481249228966092 500.2638888888889 -6.666666666666657
      vertex 21.481249228966092 503.5138888888889 -6.666666666666657
    endloop
  endfacet
  facet normal 0 0 1
    outer loop
      vertex 21.481249228966092 500.2638888888889 -6.666666666666657
      vertex 21.562437870278863 500.4134197647354 -6.666666666666657
      vertex 21.562437870278863 503.3643580130424 -6.666666666666657
    endloop
  endfacet
  facet normal 0 0 1
    outer loop
      vertex 21.562437870278863 500.4134197647354 -6.666666666666657
      vertex 21.63568940400512 500.56699479889255 -6.666666666666657
      vertex 21.63568940400512 503.2107829788853 -6.666666666666657
    endloop
  endfacet
  facet normal 0 0 1
    outer loop
      vertex 20.142135790820195 498.99311768527673 -6.666666666666657
      vertex 20.291666666666668 504.7034714511883 -6.666666666666657
      vertex 20.142135790820195 504.7846600925011 -6.666666666666657
    endloop
  endfacet
  facet normal 0 0 1
    outer loop
      vertex 20.291666666666668 499.0743063265895 -6.666666666666657
      vertex 20.436743530465506 504.61456823471156 -6.666666666666657
      vertex 20.291666666666668 504.7034714511883 -6.666666666666657
    endloop
  endfacet
  facet normal 0 0 1
    outer loop
      vertex 20.436743530465506 499.1632095430663 -6.666666666666657
      vertex 20.576968736617204 504.5181941206075 -6.666666666666657
      vertex 20.436743530465506 504.61456823471156 -6.666666666666657
    endloop
  endfacet
  facet normal 0 0 1
    outer loop
      vertex 20.576968736617204 499.2595836571703 -6.666666666666657
      vertex 20.71195793757864 504.4146132636241 -6.666666666666657
      vertex 20.576968736617204 504.5181941206075 -6.666666666666657
    endloop
  endfacet
  facet normal 0 0 1
    outer loop
      vertex 20.71195793757864 499.36316451415377 -6.666666666666657
      vertex 20.841341137332957 504.30410957169045 -6.666666666666657
      vertex 20.71195793757864 504.4146132636241 -6.666666666666657
    endloop
  endfacet
  facet normal 0 0 1
    outer loop
      vertex 20.841341137332957 499.4736682060874 -6.666666666666657
      vertex 20.964763705522948 504.18698592774524 -6.666666666666657
      vertex 20.841341137332957 504.30410957169045 -6.666666666666657
    endloop
  endfacet
  facet normal 0 0 1
    outer loop
      vertex 20.964763705522948 499.59079185003264 -6.666666666666657
      vertex 21.0818873494682 504.06356335955525 -6.666666666666657
      vertex 20.964763705522948 504.18698592774524 -6.666666666666657
    endloop
  endfacet
  facet normal 0 0 1
    outer loop
      vertex 21.0818873494682 499.71421441822264 -6.666666666666657
      vertex 21.192391041401823 503.9341801598009 -6.666666666666657
      vertex 21.0818873494682 504.06356335955525 -6.666666666666657
    endloop
  endfacet
  facet normal 0 0 1
    outer loop
      vertex 21.192391041401823 499.8435976179769 -6.666666666666657
      vertex 21.295971898385247 503.79919095883946 -6.666666666666657
      vertex 21.192391041401823 503.9341801598009 -6.666666666666657
    endloop
  endfacet
  facet normal 0 0 1
    outer loop
      vertex 21.295971898385247 499.9785868189384 -6.666666666666657
      vertex 21.392346012489295 503.6589657526878 -6.666666666666657
      vertex 21.295971898385247 503.79919095883946 -6.666666666666657
    endloop
  endfacet
  facet normal 0 0 1
    outer loop
      vertex 21.392346012489295 500.11881202509005 -6.666666666666657
      vertex 21.481249228966092 503.5138888888889 -6.666666666666657
      vertex 21.392346012489295 503.6589657526878 -6.666666666666657
    endloop
  endfacet
  facet normal 0 0 1
    outer loop
      vertex 21.481249228966092 500.2638888888889 -6.666666666666657
      vertex 21.562437870278863 503.3643580130424 -6.666666666666657
      vertex 21.481249228966092 503.5138888888889 -6.666666666666657
    endloop
  endfacet
  facet normal 0 0 1
    outer loop
      vertex 21.562437870278863 500.4134197647354 -6.666666666666657
      vertex 21.63568940400512 503.2107829788853 -6.666666666666657
      vertex 21.562437870278863 503.3643580130424 -6.666666666666657
    endloop
  endfacet
  facet normal 0 0 1
    outer loop
      vertex 21.63568940400512 500.56699479889255 -6.666666666666657
      vertex 21.70080305278257 503.05358472491116 -6.666666666666657
      vertex 21.63568940400512 503.2107829788853 -6.666666666666657
    endloop
  endfacet
  facet normal -0.026176948307852308 0.9996573249755578 0
    outer loop
      vertex 18.666666666666668 498.6388888888889 -6.666666666666657
      vertex 18.836758524456233 498.64334290093655 33.33333333333334
      vertex 18.836758524456233 498.64334290093655 -6.666666666666657
    endloop
  endfacet
  facet normal -0.07845909572807577 0.9969173337331098 0
    outer loop
      vertex 18.836758524456233 498.64334290093655 -6.666666666666657
      vertex 19.00638417228654 498.65669272894206 33.33333333333334
      vertex 19.00638417228654 498.65669272894206 -6.666666666666657
    endloop
  endfacet
  facet normal -0.1305261922198709 0.9914448613738343 0
    outer loop
      vertex 19.00638417228654 498.65669272894206 -6.666666666666657
      vertex 19.175078678047417 498.6789017819547 33.33333333333334
      vertex 19.175078678047417 498.6789017819547 -6.666666666666657
    endloop
  endfacet
  facet normal -0.18223552549238178 0.9832549075639112 0
    outer loop
      vertex 19.175078678047417 498.6789017819547 -6.666666666666657
      vertex 19.342379661824385 498.7099091865041 33.33333333333334
      vertex 19.342379661824385 498.7099091865041 -6.666666666666657
    endloop
  endfacet
  facet normal -0.23344536385581022 0.9723699203976994 0
    outer loop
      vertex 19.342379661824385 498.7099091865041 -6.666666666666657
      vertex 19.50782856324986 498.74962995344947 33.33333333333334
      vertex 19.50782856324986 498.74962995344947 -6.666666666666657
    endloop
  endfacet
  facet normal -0.2840153447038024 0.9588197348682286 0
    outer loop
      vertex 19.50782856324986 498.74962995344947 -6.666666666666657
      vertex 19.670971898385247 498.7979552109297 33.33333333333334
      vertex 19.670971898385247 498.7979552109297 -6.666666666666657
    endloop
  endfacet
  facet normal -0.33380685923374465 0.9426414910921878 0
    outer loop
      vertex 19.670971898385247 498.7979552109297 -6.666666666666657
      vertex 19.831362502688894 498.854752502773 33.33333333333334
      vertex 19.831362502688894 498.854752502773 -6.666666666666657
    endloop
  endfacet
  facet normal -0.3826834323651767 0.9238795325112508 0
    outer loop
      vertex 19.831362502688894 498.854752502773 -6.666666666666657
      vertex 19.988560756663016 498.9198661515505 33.33333333333334
      vertex 19.988560756663016 498.9198661515505 -6.666666666666657
    endloop
  endfacet
  facet normal -0.4305110968082544 0.9025852843498801 0
    outer loop
      vertex 19.988560756663016 498.9198661515505 -6.666666666666657
      vertex 20.142135790820195 498.99311768527673 33.33333333333334
      vertex 20.142135790820195 498.99311768527673 -6.666666666666657
    endloop
  endfacet
  facet normal -0.026176948307852308 -0.9996573249755578 0
    outer loop
      vertex 18.666666666666668 505.1388888888889 -6.666666666666657
      vertex 18.836758524456233 505.1344348768413 -6.666666666666657
      vertex 18.666666666666668 505.1388888888889 33.33333333333334
    endloop
  endfacet
  facet normal -0.07845909572774375 -0.996917333733136 0
    outer loop
      vertex 18.836758524456233 505.1344348768413 -6.666666666666657
      vertex 19.00638417228654 505.1210850488358 -6.666666666666657
      vertex 18.836758524456233 505.1344348768413 33.33333333333334
    endloop
  endfacet
  facet normal -0.13052619222019932 -0.991444861373791 0
    outer loop
      vertex 19.00638417228654 505.1210850488358 -6.666666666666657
      vertex 19.175078678047417 505.0988759958231 -6.666666666666657
      vertex 19.00638417228654 505.1210850488358 33.33333333333334
    endloop
  endfacet
  facet normal -0.1822355254920588 -0.983254907563971 0
    outer loop
      vertex 19.175078678047417 505.0988759958231 -6.666666666666657
      vertex 19.342379661824385 505.0678685912738 -6.666666666666657
      vertex 19.175078678047417 505.0988759958231 33.33333333333334
    endloop
  endfacet
  facet normal -0.23344536385612608 -0.9723699203976236 0
    outer loop
      vertex 19.342379661824385 505.0678685912738 -6.666666666666657
      vertex 19.50782856324986 505.02814782432836 -6.666666666666657
      vertex 19.342379661824385 505.0678685912738 33.33333333333334
    endloop
  endfacet
  facet normal -0.2840153447038024 -0.9588197348682286 0
    outer loop
      vertex 19.50782856324986 505.02814782432836 -6.666666666666657
      vertex 19.670971898385247 504.97982256684816 -6.666666666666657
      vertex 19.50782856324986 505.02814782432836 33.33333333333334
    endloop
  endfacet
  facet normal -0.33380685923374465 -0.9426414910921878 0
    outer loop
      vertex 19.670971898385247 504.97982256684816 -6.666666666666657
      vertex 19.831362502688894 504.9230252750048 -6.666666666666657
      vertex 19.670971898385247 504.97982256684816 33.33333333333334
    endloop
  endfacet
  facet normal -0.38268343236489155 -0.9238795325113689 0
    outer loop
      vertex 19.831362502688894 504.9230252750048 -6.666666666666657
      vertex 19.988560756663016 504.8579116262274 -6.666666666666657
      vertex 19.831362502688894 504.9230252750048 33.33333333333334
    endloop
  endfacet
  facet normal -0.4305110968085266 -0.9025852843497504 0
    outer loop
      vertex 19.988560756663016 504.8579116262274 -6.666666666666657
      vertex 20.142135790820195 504.7846600925011 -6.666666666666657
      vertex 19.988560756663016 504.8579116262274 33.33333333333334
    endloop
  endfacet
  facet normal -0.47715876025970927 0.8788171126619106 0
    outer loop
      vertex 20.142135790820195 498.99311768527673 -6.666666666666657
      vertex 20.291666666666668 499.0743063265895 33.33333333333334
      vertex 20.291666666666668 499.0743063265895 -6.666666666666657
    endloop
  endfacet
  facet normal -0.5224985647157512 0.8526401643542133 0
    outer loop
      vertex 20.291666666666668 499.0743063265895 -6.666666666666657
      vertex 20.436743530465506 499.1632095430663 33.33333333333334
      vertex 20.436743530465506 499.1632095430663 -6.666666666666657
    endloop
  endfacet
  facet normal -0.566406236924792 0.8241261886220437 0
    outer loop
      vertex 20.436743530465506 499.1632095430663 -6.666666666666657
      vertex 20.576968736617204 499.2595836571703 33.33333333333334
      vertex 20.576968736617204 499.2595836571703 -6.666666666666657
    endloop
  endfacet
  facet normal -0.6087614290088361 0.7933533402911466 0
    outer loop
      vertex 20.576968736617204 499.2595836571703 -6.666666666666657
      vertex 20.71195793757864 499.36316451415377 33.33333333333334
      vertex 20.71195793757864 499.36316451415377 -6.666666666666657
    endloop
  endfacet
  facet normal -0.6494480483301519 0.7604059656000581 0
    outer loop
      vertex 20.71195793757864 499.36316451415377 -6.666666666666657
      vertex 20.841341137332957 499.4736682060874 33.33333333333334
      vertex 20.841341137332957 499.4736682060874 -6.666666666666657
    endloop
  endfacet
  facet normal -0.6883545756937863 0.7253743710122569 0
    outer loop
      vertex 20.841341137332957 499.4736682060874 -6.666666666666657
      vertex 20.964763705522948 499.59079185003264 33.33333333333334
      vertex 20.964763705522948 499.59079185003264 -6.666666666666657
    endloop
  endfacet
  facet normal -0.7253743710122981 0.6883545756937429 0
    outer loop
      vertex 20.964763705522948 499.59079185003264 -6.666666666666657
      vertex 20.964763705522948 499.59079185003264 33.33333333333334
      vertex 21.0818873494682 499.71421441822264 -6.666666666666657
    endloop
  endfacet
  facet normal -0.760405965599923 0.6494480483303101 0
    outer loop
      vertex 21.0818873494682 499.71421441822264 -6.666666666666657
      vertex 21.0818873494682 499.71421441822264 33.33333333333334
      vertex 21.192391041401823 499.8435976179769 -6.666666666666657
    endloop
  endfacet
  facet normal -0.7933533402914076 0.608761429008496 0
    outer loop
      vertex 21.192391041401823 499.8435976179769 -6.666666666666657
      vertex 21.192391041401823 499.8435976179769 33.33333333333334
      vertex 21.295971898385247 499.9785868189384 -6.666666666666657
    endloop
  endfacet
  facet normal -0.8241261886218806 0.5664062369250296 0
    outer loop
      vertex 21.295971898385247 499.9785868189384 -6.666666666666657
      vertex 21.295971898385247 499.9785868189384 33.33333333333334
      vertex 21.392346012489295 500.11881202509005 -6.666666666666657
    endloop
  endfacet
  facet normal -0.8526401643541324 0.5224985647158834 0
    outer loop
      vertex 21.392346012489295 500.11881202509005 -6.666666666666657
      vertex 21.392346012489295 500.11881202509005 33.33333333333334
      vertex 21.481249228966092 500.2638888888889 -6.666666666666657
    endloop
  endfacet
  facet normal -0.8788171126619917 0.47715876025956 0
    outer loop
      vertex 21.481249228966092 500.2638888888889 -6.666666666666657
      vertex 21.481249228966092 500.2638888888889 33.33333333333334
      vertex 21.562437870278863 500.4134197647354 -6.666666666666657
    endloop
  endfacet
  facet normal -0.9025852843498251 0.4305110968083695 0
    outer loop
      vertex 21.562437870278863 500.4134197647354 -6.666666666666657
      vertex 21.562437870278863 500.4134197647354 33.33333333333334
      vertex 21.63568940400512 500.56699479889255 -6.666666666666657
    endloop
  endfacet
  facet normal -0.9238795325112815 0.3826834323651024 0
    outer loop
      vertex 21.63568940400512 500.56699479889255 -6.666666666666657
      vertex 21.63568940400512 500.56699479889255 33.33333333333334
      vertex 21.70080305278257 500.72419305286667 -6.666666666666657
    endloop
  endfacet
  facet normal -0.566406236924792 -0.8241261886220437 0
    outer loop
      vertex 20.436743530465506 504.61456823471156 -6.666666666666657
      vertex 20.576968736617204 504.5181941206075 -6.666666666666657
      vertex 20.436743530465506 504.61456823471156 33.33333333333334
    endloop
  endfacet
  facet normal -0.47715876025970927 -0.8788171126619106 0
    outer loop
      vertex 20.142135790820195 504.7846600925011 -6.666666666666657
      vertex 20.291666666666668 504.7034714511883 -6.666666666666657
      vertex 20.142135790820195 504.7846600925011 33.33333333333334
    endloop
  endfacet
  facet normal -0.5224985647157512 -0.8526401643542133 0
    outer loop
      vertex 20.436743530465506 504.61456823471156 -6.666666666666657
      vertex 20.291666666666668 504.7034714511883 33.33333333333334
      vertex 20.291666666666668 504.7034714511883 -6.666666666666657
    endloop
  endfacet
  facet normal -0.6087614290086258 -0.793353340291308 0
    outer loop
      vertex 20.576968736617204 504.5181941206075 -6.666666666666657
      vertex 20.71195793757864 504.4146132636241 -6.666666666666657
      vertex 20.576968736617204 504.5181941206075 33.33333333333334
    endloop
  endfacet
  facet normal -0.649448048330345 -0.7604059655998932 0
    outer loop
      vertex 20.71195793757864 504.4146132636241 -6.666666666666657
      vertex 20.841341137332957 504.30410957169045 -6.666666666666657
      vertex 20.71195793757864 504.4146132636241 33.33333333333334
    endloop
  endfacet
  facet normal -0.6883545756936106 -0.7253743710124236 0
    outer loop
      vertex 20.841341137332957 504.30410957169045 -6.666666666666657
      vertex 20.964763705522948 504.18698592774524 -6.666666666666657
      vertex 20.841341137332957 504.30410957169045 33.33333333333334
    endloop
  endfacet
  facet normal -0.7253743710122981 -0.6883545756937429 0
    outer loop
      vertex 20.964763705522948 504.18698592774524 -6.666666666666657
      vertex 21.0818873494682 504.06356335955525 -6.666666666666657
      vertex 21.0818873494682 504.06356335955525 33.33333333333334
    endloop
  endfacet
  facet normal -0.7604059656000639 -0.649448048330145 0
    outer loop
      vertex 21.0818873494682 504.06356335955525 -6.666666666666657
      vertex 21.192391041401823 503.9341801598009 -6.666666666666657
      vertex 21.192391041401823 503.9341801598009 33.33333333333334
    endloop
  endfacet
  facet normal -0.7933533402912838 -0.6087614290086573 0
    outer loop
      vertex 21.192391041401823 503.9341801598009 -6.666666666666657
      vertex 21.295971898385247 503.79919095883946 -6.666666666666657
      vertex 21.295971898385247 503.79919095883946 33.33333333333334
    endloop
  endfacet
  facet normal -0.8241261886219877 -0.5664062369248736 0
    outer loop
      vertex 21.295971898385247 503.79919095883946 -6.666666666666657
      vertex 21.392346012489295 503.6589657526878 -6.666666666666657
      vertex 21.392346012489295 503.6589657526878 33.33333333333334
    endloop
  endfacet
  facet normal -0.8526401643541324 -0.5224985647158834 0
    outer loop
      vertex 21.392346012489295 503.6589657526878 -6.666666666666657
      vertex 21.481249228966092 503.5138888888889 -6.666666666666657
      vertex 21.481249228966092 503.5138888888889 33.33333333333334
    endloop
  endfacet
  facet normal -0.9025852843498251 -0.4305110968083695 0
    outer loop
      vertex 21.63568940400512 503.2107829788853 -6.666666666666657
      vertex 21.63568940400512 503.2107829788853 33.33333333333334
      vertex 21.562437870278863 503.3643580130424 -6.666666666666657
    endloop
  endfacet
  facet normal -0.8788171126619917 -0.47715876025956 0
    outer loop
      vertex 21.481249228966092 503.5138888888889 -6.666666666666657
      vertex 21.562437870278863 503.3643580130424 -6.666666666666657
      vertex 21.562437870278863 503.3643580130424 33.33333333333334
    endloop
  endfacet
  facet normal 0 0 1
    outer loop
      vertex 18.666666666666668 518.7222222222223 -6.666666666666657
      vertex 18.836758524456233 518.7266762342699 -6.666666666666657
      vertex 18.836758524456233 525.2177682101747 -6.666666666666657
    endloop
  endfacet
  facet normal 0 0 1
    outer loop
      vertex 18.836758524456233 518.7266762342699 -6.666666666666657
      vertex 19.00638417228654 518.7400260622753 -6.666666666666657
      vertex 19.00638417228654 525.2044183821691 -6.666666666666657
    endloop
  endfacet
  facet normal 0 0 1
    outer loop
      vertex 18.666666666666668 518.7222222222223 -6.666666666666657
      vertex 18.836758524456233 525.2177682101747 -6.666666666666657
      vertex 18.666666666666668 525.2222222222223 -6.666666666666657
    endloop
  endfacet
  facet normal 0 0 1
    outer loop
      vertex 18.836758524456233 518.7266762342699 -6.666666666666657
      vertex 19.00638417228654 525.2044183821691 -6.666666666666657
      vertex 18.836758524456233 525.2177682101747 -6.666666666666657
    endloop
  endfacet
  facet normal 0 0 1
    outer loop
      vertex 19.00638417228654 518.7400260622753 -6.666666666666657
      vertex 19.175078678047417 518.762235115288 -6.666666666666657
      vertex 19.175078678047417 525.1822093291564 -6.666666666666657
    endloop
  endfacet
  facet normal 0 0 1
    outer loop
      vertex 19.175078678047417 518.762235115288 -6.666666666666657
      vertex 19.342379661824385 518.7932425198373 -6.666666666666657
      vertex 19.342379661824385 525.1512019246071 -6.666666666666657
    endloop
  endfacet
  facet normal 0 0 1
    outer loop
      vertex 19.00638417228654 518.7400260622753 -6.666666666666657
      vertex 19.175078678047417 525.1822093291564 -6.666666666666657
      vertex 19.00638417228654 525.2044183821691 -6.666666666666657
    endloop
  endfacet
  facet normal 0 0 1
    outer loop
      vertex 19.175078678047417 518.762235115288 -6.666666666666657
      vertex 19.342379661824385 525.1512019246071 -6.666666666666657
      vertex 19.175078678047417 525.1822093291564 -6.666666666666657
    endloop
  endfacet
  facet normal 0 0 1
    outer loop
      vertex 19.342379661824385 518.7932425198373 -6.666666666666657
      vertex 19.50782856324986 525.1114811576617 -6.666666666666657
      vertex 19.342379661824385 525.1512019246071 -6.666666666666657
    endloop
  endfacet
  facet normal 0 0 1
    outer loop
      vertex 19.342379661824385 518.7932425198373 -6.666666666666657
      vertex 19.50782856324986 518.8329632867828 -6.666666666666657
      vertex 19.50782856324986 525.1114811576617 -6.666666666666657
    endloop
  endfacet
  facet normal 0 0 1
    outer loop
      vertex 19.50782856324986 518.8329632867828 -6.666666666666657
      vertex 19.670971898385247 518.881288544263 -6.666666666666657
      vertex 19.670971898385247 525.0631559001815 -6.666666666666657
    endloop
  endfacet
  facet normal 0 0 1
    outer loop
      vertex 19.670971898385247 518.881288544263 -6.666666666666657
      vertex 19.831362502688894 518.9380858361063 -6.666666666666657
      vertex 19.831362502688894 525.0063586083381 -6.666666666666657
    endloop
  endfacet
  facet normal 0 0 1
    outer loop
      vertex 19.50782856324986 518.8329632867828 -6.666666666666657
      vertex 19.670971898385247 525.0631559001815 -6.666666666666657
      vertex 19.50782856324986 525.1114811576617 -6.666666666666657
    endloop
  endfacet
  facet normal 0 0 1
    outer loop
      vertex 19.670971898385247 518.881288544263 -6.666666666666657
      vertex 19.831362502688894 525.0063586083381 -6.666666666666657
      vertex 19.670971898385247 525.0631559001815 -6.666666666666657
    endloop
  endfacet
  facet normal 0 0 1
    outer loop
      vertex 19.831362502688894 518.9380858361063 -6.666666666666657
      vertex 19.988560756663016 519.0031994848838 -6.666666666666657
      vertex 19.988560756663016 524.9412449595607 -6.666666666666657
    endloop
  endfacet
  facet normal 0 0 1
    outer loop
      vertex 19.988560756663016 519.0031994848838 -6.666666666666657
      vertex 20.142135790820195 519.0764510186101 -6.666666666666657
      vertex 20.142135790820195 524.8679934258345 -6.666666666666657
    endloop
  endfacet
  facet normal 0 0 1
    outer loop
      vertex 19.831362502688894 518.9380858361063 -6.666666666666657
      vertex 19.988560756663016 524.9412449595607 -6.666666666666657
      vertex 19.831362502688894 525.0063586083381 -6.666666666666657
    endloop
  endfacet
  facet normal 0 0 1
    outer loop
      vertex 19.988560756663016 519.0031994848838 -6.666666666666657
      vertex 20.142135790820195 524.8679934258345 -6.666666666666657
      vertex 19.988560756663016 524.9412449595607 -6.666666666666657
    endloop
  endfacet
  facet normal 0 0 1
    outer loop
      vertex 20.142135790820195 519.0764510186101 -6.666666666666657
      vertex 20.291666666666668 519.1576396599228 -6.666666666666657
      vertex 20.291666666666668 524.7868047845217 -6.666666666666657
    endloop
  endfacet
  facet normal 0 0 1
    outer loop
      vertex 20.291666666666668 519.1576396599228 -6.666666666666657
      vertex 20.436743530465506 519.2465428763996 -6.666666666666657
      vertex 20.436743530465506 524.6979015680449 -6.666666666666657
    endloop
  endfacet
  facet normal 0 0 1
    outer loop
      vertex 20.436743530465506 519.2465428763996 -6.666666666666657
      vertex 20.576968736617204 519.3429169905037 -6.666666666666657
      vertex 20.576968736617204 524.6015274539409 -6.666666666666657
    endloop
  endfacet
  facet normal 0 0 1
    outer loop
      vertex 20.142135790820195 519.0764510186101 -6.666666666666657
      vertex 20.291666666666668 524.7868047845217 -6.666666666666657
      vertex 20.142135790820195 524.8679934258345 -6.666666666666657
    endloop
  endfacet
  facet normal 0 0 1
    outer loop
      vertex 20.291666666666668 519.1576396599228 -6.666666666666657
      vertex 20.436743530465506 524.6979015680449 -6.666666666666657
      vertex 20.291666666666668 524.7868047845217 -6.666666666666657
    endloop
  endfacet
  facet normal 0 0 1
    outer loop
      vertex 20.436743530465506 519.2465428763996 -6.666666666666657
      vertex 20.576968736617204 524.6015274539409 -6.666666666666657
      vertex 20.436743530465506 524.6979015680449 -6.666666666666657
    endloop
  endfacet
  facet normal 0 0 1
    outer loop
      vertex 20.576968736617204 519.3429169905037 -6.666666666666657
      vertex 20.71195793757864 519.4464978474871 -6.666666666666657
      vertex 20.71195793757864 524.4979465969574 -6.666666666666657
    endloop
  endfacet
  facet normal 0 0 1
    outer loop
      vertex 20.71195793757864 519.4464978474871 -6.666666666666657
      vertex 20.841341137332957 519.5570015394208 -6.666666666666657
      vertex 20.841341137332957 524.3874429050238 -6.666666666666657
    endloop
  endfacet
  facet normal 0 0 1
    outer loop
      vertex 20.576968736617204 519.3429169905037 -6.666666666666657
      vertex 20.71195793757864 524.4979465969574 -6.666666666666657
      vertex 20.576968736617204 524.6015274539409 -6.666666666666657
    endloop
  endfacet
  facet normal 0 0 1
    outer loop
      vertex 20.71195793757864 519.4464978474871 -6.666666666666657
      vertex 20.841341137332957 524.3874429050238 -6.666666666666657
      vertex 20.71195793757864 524.4979465969574 -6.666666666666657
    endloop
  endfacet
  facet normal 0 0 1
    outer loop
      vertex 20.841341137332957 519.5570015394208 -6.666666666666657
      vertex 20.964763705522948 524.2703192610785 -6.666666666666657
      vertex 20.841341137332957 524.3874429050238 -6.666666666666657
    endloop
  endfacet
  facet normal 0 0 1
    outer loop
      vertex 20.841341137332957 519.5570015394208 -6.666666666666657
      vertex 20.964763705522948 519.674125183366 -6.666666666666657
      vertex 20.964763705522948 524.2703192610785 -6.666666666666657
    endloop
  endfacet
  facet normal 0 0 1
    outer loop
      vertex 20.964763705522948 519.674125183366 -6.666666666666657
      vertex 21.0818873494682 519.797547751556 -6.666666666666657
      vertex 21.0818873494682 524.1468966928885 -6.666666666666657
    endloop
  endfacet
  facet normal 0 0 1
    outer loop
      vertex 21.0818873494682 519.797547751556 -6.666666666666657
      vertex 21.192391041401823 519.9269309513103 -6.666666666666657
      vertex 21.192391041401823 524.0175134931342 -6.666666666666657
    endloop
  endfacet
  facet normal 0 0 1
    outer loop
      vertex 21.192391041401823 519.9269309513103 -6.666666666666657
      vertex 21.295971898385247 520.0619201522717 -6.666666666666657
      vertex 21.295971898385247 523.8825242921728 -6.666666666666657
    endloop
  endfacet
  facet normal 0 0 1
    outer loop
      vertex 20.964763705522948 519.674125183366 -6.666666666666657
      vertex 21.0818873494682 524.1468966928885 -6.666666666666657
      vertex 20.964763705522948 524.2703192610785 -6.666666666666657
    endloop
  endfacet
  facet normal 0 0 1
    outer loop
      vertex 21.0818873494682 519.797547751556 -6.666666666666657
      vertex 21.192391041401823 524.0175134931342 -6.666666666666657
      vertex 21.0818873494682 524.1468966928885 -6.666666666666657
    endloop
  endfacet
  facet normal 0 0 1
    outer loop
      vertex 21.192391041401823 519.9269309513103 -6.666666666666657
      vertex 21.295971898385247 523.8825242921728 -6.666666666666657
      vertex 21.192391041401823 524.0175134931342 -6.666666666666657
    endloop
  endfacet
  facet normal 0 0 1
    outer loop
      vertex 21.295971898385247 520.0619201522717 -6.666666666666657
      vertex 21.392346012489295 520.2021453584234 -6.666666666666657
      vertex 21.392346012489295 523.7422990860211 -6.666666666666657
    endloop
  endfacet
  facet normal 0 0 1
    outer loop
      vertex 21.295971898385247 520.0619201522717 -6.666666666666657
      vertex 21.392346012489295 523.7422990860211 -6.666666666666657
      vertex 21.295971898385247 523.8825242921728 -6.666666666666657
    endloop
  endfacet
  facet normal 0 0 1
    outer loop
      vertex 21.392346012489295 520.2021453584234 -6.666666666666657
      vertex 21.481249228966092 520.3472222222223 -6.666666666666657
      vertex 21.481249228966092 523.5972222222223 -6.666666666666657
    endloop
  endfacet
  facet normal 0 0 1
    outer loop
      vertex 21.392346012489295 520.2021453584234 -6.666666666666657
      vertex 21.481249228966092 523.5972222222223 -6.666666666666657
      vertex 21.392346012489295 523.7422990860211 -6.666666666666657
    endloop
  endfacet
  facet normal 0 0 1
    outer loop
      vertex 21.481249228966092 520.3472222222223 -6.666666666666657
      vertex 21.562437870278863 520.4967530980687 -6.666666666666657
      vertex 21.562437870278863 523.4476913463758 -6.666666666666657
    endloop
  endfacet
  facet normal 0 0 1
    outer loop
      vertex 21.481249228966092 520.3472222222223 -6.666666666666657
      vertex 21.562437870278863 523.4476913463758 -6.666666666666657
      vertex 21.481249228966092 523.5972222222223 -6.666666666666657
    endloop
  endfacet
  facet normal 0 0 1
    outer loop
      vertex 21.562437870278863 520.4967530980687 -6.666666666666657
      vertex 21.63568940400512 520.6503281322259 -6.666666666666657
      vertex 21.63568940400512 523.2941163122186 -6.666666666666657
    endloop
  endfacet
  facet normal 0 0 1
    outer loop
      vertex 21.562437870278863 520.4967530980687 -6.666666666666657
      vertex 21.63568940400512 523.2941163122186 -6.666666666666657
      vertex 21.562437870278863 523.4476913463758 -6.666666666666657
    endloop
  endfacet
  facet normal 0 0 1
    outer loop
      vertex 21.63568940400512 520.6503281322259 -6.666666666666657
      vertex 21.70080305278257 523.1369180582444 -6.666666666666657
      vertex 21.63568940400512 523.2941163122186 -6.666666666666657
    endloop
  endfacet
  facet normal -0.026176948307852308 0.9996573249755578 0
    outer loop
      vertex 18.666666666666668 518.7222222222223 -6.666666666666657
      vertex 18.836758524456233 518.7266762342699 33.33333333333334
      vertex 18.836758524456233 518.7266762342699 -6.666666666666657
    endloop
  endfacet
  facet normal -0.07845909572741173 0.996917333733162 0
    outer loop
      vertex 18.836758524456233 518.7266762342699 -6.666666666666657
      vertex 19.00638417228654 518.7400260622753 33.33333333333334
      vertex 19.00638417228654 518.7400260622753 -6.666666666666657
    endloop
  endfacet
  facet normal -0.13052619222019932 0.991444861373791 0
    outer loop
      vertex 19.00638417228654 518.7400260622753 -6.666666666666657
      vertex 19.175078678047417 518.762235115288 33.33333333333334
      vertex 19.175078678047417 518.762235115288 -6.666666666666657
    endloop
  endfacet
  facet normal -0.1822355254920588 0.983254907563971 0
    outer loop
      vertex 19.175078678047417 518.762235115288 -6.666666666666657
      vertex 19.342379661824385 518.7932425198373 33.33333333333334
      vertex 19.342379661824385 518.7932425198373 -6.666666666666657
    endloop
  endfacet
  facet normal -0.23344536385644196 0.9723699203975478 0
    outer loop
      vertex 19.342379661824385 518.7932425198373 -6.666666666666657
      vertex 19.50782856324986 518.8329632867828 33.33333333333334
      vertex 19.50782856324986 518.8329632867828 -6.666666666666657
    endloop
  endfacet
  facet normal -0.2840153447038024 0.9588197348682286 0
    outer loop
      vertex 19.50782856324986 518.8329632867828 -6.666666666666657
      vertex 19.670971898385247 518.881288544263 33.33333333333334
      vertex 19.670971898385247 518.881288544263 -6.666666666666657
    endloop
  endfacet
  facet normal -0.3338068592334478 0.9426414910922928 0
    outer loop
      vertex 19.670971898385247 518.881288544263 -6.666666666666657
      vertex 19.831362502688894 518.9380858361063 33.33333333333334
      vertex 19.831362502688894 518.9380858361063 -6.666666666666657
    endloop
  endfacet
  facet normal -0.3826834323651767 0.9238795325112508 0
    outer loop
      vertex 19.831362502688894 518.9380858361063 -6.666666666666657
      vertex 19.988560756663016 519.0031994848838 33.33333333333334
      vertex 19.988560756663016 519.0031994848838 -6.666666666666657
    endloop
  endfacet
  facet normal -0.4305110968085266 0.9025852843497504 0
    outer loop
      vertex 19.988560756663016 519.0031994848838 -6.666666666666657
      vertex 20.142135790820195 519.0764510186101 33.33333333333334
      vertex 20.142135790820195 519.0764510186101 -6.666666666666657
    endloop
  endfacet
  facet normal -0.026176948307852308 -0.9996573249755578 0
    outer loop
      vertex 18.666666666666668 525.2222222222223 -6.666666666666657
      vertex 18.836758524456233 525.2177682101747 -6.666666666666657
      vertex 18.666666666666668 525.2222222222223 33.33333333333334
    endloop
  endfacet
  facet normal -0.07845909572807577 -0.9969173337331098 0
    outer loop
      vertex 18.836758524456233 525.2177682101747 -6.666666666666657
      vertex 19.00638417228654 525.2044183821691 -6.666666666666657
      vertex 18.836758524456233 525.2177682101747 33.33333333333334
    endloop
  endfacet
  facet normal -0.13052619222019932 -0.991444861373791 0
    outer loop
      vertex 19.00638417228654 525.2044183821691 -6.666666666666657
      vertex 19.175078678047417 525.1822093291564 -6.666666666666657
      vertex 19.00638417228654 525.2044183821691 33.33333333333334
    endloop
  endfacet
  facet normal -0.1822355254920588 -0.983254907563971 0
    outer loop
      vertex 19.175078678047417 525.1822093291564 -6.666666666666657
      vertex 19.342379661824385 525.1512019246071 -6.666666666666657
      vertex 19.175078678047417 525.1822093291564 33.33333333333334
    endloop
  endfacet
  facet normal -0.23344536385581022 -0.9723699203976994 0
    outer loop
      vertex 19.342379661824385 525.1512019246071 -6.666666666666657
      vertex 19.50782856324986 525.1114811576617 -6.666666666666657
      vertex 19.342379661824385 525.1512019246071 33.33333333333334
    endloop
  endfacet
  facet normal -0.2840153447038024 -0.9588197348682286 0
    outer loop
      vertex 19.50782856324986 525.1114811576617 -6.666666666666657
      vertex 19.670971898385247 525.0631559001815 -6.666666666666657
      vertex 19.50782856324986 525.1114811576617 33.33333333333334
    endloop
  endfacet
  facet normal -0.33380685923404146 -0.9426414910920825 0
    outer loop
      vertex 19.670971898385247 525.0631559001815 -6.666666666666657
      vertex 19.831362502688894 525.0063586083381 -6.666666666666657
      vertex 19.670971898385247 525.0631559001815 33.33333333333334
    endloop
  endfacet
  facet normal -0.3826834323651767 -0.9238795325112508 0
    outer loop
      vertex 19.831362502688894 525.0063586083381 -6.666666666666657
      vertex 19.988560756663016 524.9412449595607 -6.666666666666657
      vertex 19.831362502688894 525.0063586083381 33.33333333333334
    endloop
  endfacet
  facet normal -0.4305110968079822 -0.9025852843500098 0
    outer loop
      vertex 19.988560756663016 524.9412449595607 -6.666666666666657
      vertex 20.142135790820195 524.8679934258345 -6.666666666666657
      vertex 19.988560756663016 524.9412449595607 33.33333333333334
    endloop
  endfacet
  facet normal -0.47715876025919324 0.8788171126621908 0
    outer loop
      vertex 20.142135790820195 519.0764510186101 -6.666666666666657
      vertex 20.291666666666668 519.1576396599228 33.33333333333334
      vertex 20.291666666666668 519.1576396599228 -6.666666666666657
    endloop
  endfacet
  facet normal -0.5224985647162369 0.8526401643539157 0
    outer loop
      vertex 20.291666666666668 519.1576396599228 -6.666666666666657
      vertex 20.436743530465506 519.2465428763996 33.33333333333334
      vertex 20.436743530465506 519.2465428763996 -6.666666666666657
    endloop
  endfacet
  facet normal -0.566406236924792 0.8241261886220437 0
    outer loop
      vertex 20.436743530465506 519.2465428763996 -6.666666666666657
      vertex 20.576968736617204 519.3429169905037 33.33333333333334
      vertex 20.576968736617204 519.3429169905037 -6.666666666666657
    endloop
  endfacet
  facet normal -0.6087614290086258 0.793353340291308 0
    outer loop
      vertex 20.576968736617204 519.3429169905037 -6.666666666666657
      vertex 20.71195793757864 519.4464978474871 33.33333333333334
      vertex 20.71195793757864 519.4464978474871 -6.666666666666657
    endloop
  endfacet
  facet normal -0.649448048330345 0.7604059655998932 0
    outer loop
      vertex 20.71195793757864 519.4464978474871 -6.666666666666657
      vertex 20.841341137332957 519.5570015394208 33.33333333333334
      vertex 20.841341137332957 519.5570015394208 -6.666666666666657
    endloop
  endfacet
  facet normal -0.6883545756936106 0.7253743710124236 0
    outer loop
      vertex 20.841341137332957 519.5570015394208 -6.666666666666657
      vertex 20.964763705522948 519.674125183366 33.33333333333334
      vertex 20.964763705522948 519.674125183366 -6.666666666666657
    endloop
  endfacet
  facet normal -0.7253743710122981 0.6883545756937429 0
    outer loop
      vertex 20.964763705522948 519.674125183366 -6.666666666666657
      vertex 20.964763705522948 519.674125183366 33.33333333333334
      vertex 21.0818873494682 519.797547751556 -6.666666666666657
    endloop
  endfacet
  facet normal -0.7604059656000639 0.649448048330145 0
    outer loop
      vertex 21.0818873494682 519.797547751556 -6.666666666666657
      vertex 21.0818873494682 519.797547751556 33.33333333333334
      vertex 21.192391041401823 519.9269309513103 -6.666666666666657
    endloop
  endfacet
  facet normal -0.79335334029116 0.6087614290088187 0
    outer loop
      vertex 21.192391041401823 519.9269309513103 -6.666666666666657
      vertex 21.192391041401823 519.9269309513103 33.33333333333334
      vertex 21.295971898385247 520.0619201522717 -6.666666666666657
    endloop
  endfacet
  facet normal -0.7604059656000639 -0.649448048330145 0
    outer loop
      vertex 21.192391041401823 524.0175134931342 -6.666666666666657
      vertex 21.192391041401823 524.0175134931342 33.33333333333334
      vertex 21.0818873494682 524.1468966928885 -6.666666666666657
    endloop
  endfacet
  facet normal -0.79335334029116 -0.6087614290088187 0
    outer loop
      vertex 21.192391041401823 524.0175134931342 -6.666666666666657
      vertex 21.295971898385247 523.8825242921728 -6.666666666666657
      vertex 21.295971898385247 523.8825242921728 33.33333333333334
    endloop
  endfacet
  facet normal -0.8241261886220949 0.5664062369247176 0
    outer loop
      vertex 21.295971898385247 520.0619201522717 -6.666666666666657
      vertex 21.295971898385247 520.0619201522717 33.33333333333334
      vertex 21.392346012489295 520.2021453584234 -6.666666666666657
    endloop
  endfacet
  facet normal -0.8526401643541324 0.5224985647158834 0
    outer loop
      vertex 21.392346012489295 520.2021453584234 -6.666666666666657
      vertex 21.392346012489295 520.2021453584234 33.33333333333334
      vertex 21.481249228966092 520.3472222222223 -6.666666666666657
    endloop
  endfacet
  facet normal -0.8788171126618395 0.47715876025984016 0
    outer loop
      vertex 21.481249228966092 520.3472222222223 -6.666666666666657
      vertex 21.481249228966092 520.3472222222223 33.33333333333334
      vertex 21.562437870278863 520.4967530980687 -6.666666666666657
    endloop
  endfacet
  facet normal -0.9025852843499489 0.4305110968081099 0
    outer loop
      vertex 21.562437870278863 520.4967530980687 -6.666666666666657
      vertex 21.562437870278863 520.4967530980687 33.33333333333334
      vertex 21.63568940400512 520.6503281322259 -6.666666666666657
    endloop
  endfacet
  facet normal -0.9238795325112815 0.3826834323651024 0
    outer loop
      vertex 21.63568940400512 520.6503281322259 -6.666666666666657
      vertex 21.63568940400512 520.6503281322259 33.33333333333334
      vertex 21.70080305278257 520.8075263862 -6.666666666666657
    endloop
  endfacet
  facet normal -0.8241261886218806 -0.5664062369250296 0
    outer loop
      vertex 21.295971898385247 523.8825242921728 -6.666666666666657
      vertex 21.392346012489295 523.7422990860211 -6.666666666666657
      vertex 21.392346012489295 523.7422990860211 33.33333333333334
    endloop
  endfacet
  facet normal -0.8526401643541324 -0.5224985647158834 0
    outer loop
      vertex 21.392346012489295 523.7422990860211 -6.666666666666657
      vertex 21.481249228966092 523.5972222222223 -6.666666666666657
      vertex 21.481249228966092 523.5972222222223 33.33333333333334
    endloop
  endfacet
  facet normal -0.8788171126619917 -0.47715876025956 0
    outer loop
      vertex 21.481249228966092 523.5972222222223 -6.666666666666657
      vertex 21.562437870278863 523.4476913463758 -6.666666666666657
      vertex 21.562437870278863 523.4476913463758 33.33333333333334
    endloop
  endfacet
  facet normal -0.9025852843498251 -0.4305110968083695 0
    outer loop
      vertex 21.562437870278863 523.4476913463758 -6.666666666666657
      vertex 21.63568940400512 523.2941163122186 -6.666666666666657
      vertex 21.63568940400512 523.2941163122186 33.33333333333334
    endloop
  endfacet
  facet normal -0.47715876025970927 -0.8788171126619106 0
    outer loop
      vertex 20.142135790820195 524.8679934258345 -6.666666666666657
      vertex 20.291666666666668 524.7868047845217 -6.666666666666657
      vertex 20.142135790820195 524.8679934258345 33.33333333333334
    endloop
  endfacet
  facet normal -0.5224985647157512 -0.8526401643542133 0
    outer loop
      vertex 20.291666666666668 524.7868047845217 -6.666666666666657
      vertex 20.436743530465506 524.6979015680449 -6.666666666666657
      vertex 20.291666666666668 524.7868047845217 33.33333333333334
    endloop
  endfacet
  facet normal -0.566406236924792 -0.8241261886220437 0
    outer loop
      vertex 20.436743530465506 524.6979015680449 -6.666666666666657
      vertex 20.576968736617204 524.6015274539409 -6.666666666666657
      vertex 20.436743530465506 524.6979015680449 33.33333333333334
    endloop
  endfacet
  facet normal -0.6087614290090463 -0.7933533402909851 0
    outer loop
      vertex 20.576968736617204 524.6015274539409 -6.666666666666657
      vertex 20.71195793757864 524.4979465969574 -6.666666666666657
      vertex 20.576968736617204 524.6015274539409 33.33333333333334
    endloop
  endfacet
  facet normal -0.6494480483299586 -0.760405965600223 0
    outer loop
      vertex 20.71195793757864 524.4979465969574 -6.666666666666657
      vertex 20.841341137332957 524.3874429050238 -6.666666666666657
      vertex 20.71195793757864 524.4979465969574 33.33333333333334
    endloop
  endfacet
  facet normal -0.6883545756939622 -0.7253743710120901 0
    outer loop
      vertex 20.841341137332957 524.3874429050238 -6.666666666666657
      vertex 20.964763705522948 524.2703192610785 -6.666666666666657
      vertex 20.841341137332957 524.3874429050238 33.33333333333334
    endloop
  endfacet
  facet normal -0.7253743710122981 -0.6883545756937429 0
    outer loop
      vertex 20.964763705522948 524.2703192610785 -6.666666666666657
      vertex 21.0818873494682 524.1468966928885 -6.666666666666657
      vertex 21.0818873494682 524.1468966928885 33.33333333333334
    endloop
  endfacet
  facet normal 0 0 1
    outer loop
      vertex 21.63568940400512 500.56699479889255 -6.666666666666657
      vertex 21.70080305278257 500.72419305286667 -6.666666666666657
      vertex 21.70080305278257 503.05358472491116 -6.666666666666657
    endloop
  endfacet
  facet normal 0 0 1
    outer loop
      vertex 21.70080305278257 500.72419305286667 -6.666666666666657
      vertex 21.757600344625917 500.8845836571703 -6.666666666666657
      vertex 21.757600344625917 502.8931941206075 -6.666666666666657
    endloop
  endfacet
  facet normal 0 0 1
    outer loop
      vertex 21.757600344625917 500.8845836571703 -6.666666666666657
      vertex 21.80592560210614 501.04772699230574 -6.666666666666657
      vertex 21.80592560210614 502.73005078547214 -6.666666666666657
    endloop
  endfacet
  facet normal 0 0 1
    outer loop
      vertex 21.80592560210614 501.04772699230574 -6.666666666666657
      vertex 21.845646369051536 501.2131758937312 -6.666666666666657
      vertex 21.845646369051536 502.5646018840466 -6.666666666666657
    endloop
  endfacet
  facet normal 0 0 1
    outer loop
      vertex 21.845646369051536 501.2131758937312 -6.666666666666657
      vertex 21.876653773600864 501.38047687750816 -6.666666666666657
      vertex 21.876653773600864 502.39730090026967 -6.666666666666657
    endloop
  endfacet
  facet normal 0 0 1
    outer loop
      vertex 21.876653773600864 501.38047687750816 -6.666666666666657
      vertex 21.898862826613556 501.549171383269 -6.666666666666657
      vertex 21.898862826613556 502.2286063945088 -6.666666666666657
    endloop
  endfacet
  facet normal 0 0 1
    outer loop
      vertex 21.898862826613556 501.549171383269 -6.666666666666657
      vertex 21.912212654619033 501.71879703109937 -6.666666666666657
      vertex 21.912212654619033 502.05898074667846 -6.666666666666657
    endloop
  endfacet
  facet normal 0 0 1
    outer loop
      vertex 21.70080305278257 500.72419305286667 -6.666666666666657
      vertex 21.757600344625917 502.8931941206075 -6.666666666666657
      vertex 21.70080305278257 503.05358472491116 -6.666666666666657
    endloop
  endfacet
  facet normal 0 0 1
    outer loop
      vertex 21.757600344625917 500.8845836571703 -6.666666666666657
      vertex 21.80592560210614 502.73005078547214 -6.666666666666657
      vertex 21.757600344625917 502.8931941206075 -6.666666666666657
    endloop
  endfacet
  facet normal 0 0 1
    outer loop
      vertex 21.80592560210614 501.04772699230574 -6.666666666666657
      vertex 21.845646369051536 502.5646018840466 -6.666666666666657
      vertex 21.80592560210614 502.73005078547214 -6.666666666666657
    endloop
  endfacet
  facet normal 0 0 1
    outer loop
      vertex 21.845646369051536 501.2131758937312 -6.666666666666657
      vertex 21.876653773600864 502.39730090026967 -6.666666666666657
      vertex 21.845646369051536 502.5646018840466 -6.666666666666657
    endloop
  endfacet
  facet normal 0 0 1
    outer loop
      vertex 21.876653773600864 501.38047687750816 -6.666666666666657
      vertex 21.898862826613556 502.2286063945088 -6.666666666666657
      vertex 21.876653773600864 502.39730090026967 -6.666666666666657
    endloop
  endfacet
  facet normal 0 0 1
    outer loop
      vertex 21.912212654619033 501.71879703109937 -6.666666666666657
      vertex 21.916666666666668 501.8888888888889 -6.666666666666657
      vertex 21.912212654619033 502.05898074667846 -6.666666666666657
    endloop
  endfacet
  facet normal 0 0 1
    outer loop
      vertex 21.898862826613556 501.549171383269 -6.666666666666657
      vertex 21.912212654619033 502.05898074667846 -6.666666666666657
      vertex 21.898862826613556 502.2286063945088 -6.666666666666657
    endloop
  endfacet
  facet normal -0.9426414910921722 0.33380685923378833 0
    outer loop
      vertex 21.70080305278257 500.72419305286667 -6.666666666666657
      vertex 21.70080305278257 500.72419305286667 33.33333333333334
      vertex 21.757600344625917 500.8845836571703 -6.666666666666657
    endloop
  endfacet
  facet normal -0.9588197348682147 0.28401534470384937 0
    outer loop
      vertex 21.757600344625917 500.8845836571703 -6.666666666666657
      vertex 21.757600344625917 500.8845836571703 33.33333333333334
      vertex 21.80592560210614 501.04772699230574 -6.666666666666657
    endloop
  endfacet
  facet normal -0.9723699203976723 0.23344536385592315 0
    outer loop
      vertex 21.80592560210614 501.04772699230574 -6.666666666666657
      vertex 21.80592560210614 501.04772699230574 33.33333333333334
      vertex 21.845646369051536 501.2131758937312 -6.666666666666657
    endloop
  endfacet
  facet normal -0.9832549075639534 0.18223552549215452 0
    outer loop
      vertex 21.845646369051536 501.2131758937312 -6.666666666666657
      vertex 21.845646369051536 501.2131758937312 33.33333333333334
      vertex 21.876653773600864 501.38047687750816 -6.666666666666657
    endloop
  endfacet
  facet normal -0.9914448613738093 0.13052619222006104 0
    outer loop
      vertex 21.876653773600864 501.38047687750816 -6.666666666666657
      vertex 21.876653773600864 501.38047687750816 33.33333333333334
      vertex 21.898862826613556 501.549171383269 -6.666666666666657
    endloop
  endfacet
  facet normal -0.9969173337331292 0.07845909572783119 0
    outer loop
      vertex 21.898862826613556 501.549171383269 -6.666666666666657
      vertex 21.898862826613556 501.549171383269 33.33333333333334
      vertex 21.912212654619033 501.71879703109937 -6.666666666666657
    endloop
  endfacet
  facet normal -0.9996573249755571 0.026176948307876452 0
    outer loop
      vertex 21.912212654619033 501.71879703109937 -6.666666666666657
      vertex 21.912212654619033 501.71879703109937 33.33333333333334
      vertex 21.916666666666668 501.8888888888889 -6.666666666666657
    endloop
  endfacet
  facet normal -0.9238795325112815 -0.3826834323651024 0
    outer loop
      vertex 21.63568940400512 503.2107829788853 -6.666666666666657
      vertex 21.70080305278257 503.05358472491116 -6.666666666666657
      vertex 21.70080305278257 503.05358472491116 33.33333333333334
    endloop
  endfacet
  facet normal -0.9426414910921722 -0.33380685923378833 0
    outer loop
      vertex 21.70080305278257 503.05358472491116 -6.666666666666657
      vertex 21.757600344625917 502.8931941206075 -6.666666666666657
      vertex 21.757600344625917 502.8931941206075 33.33333333333334
    endloop
  endfacet
  facet normal -0.9588197348681877 -0.2840153447039403 0
    outer loop
      vertex 21.757600344625917 502.8931941206075 -6.666666666666657
      vertex 21.80592560210614 502.73005078547214 -6.666666666666657
      vertex 21.80592560210614 502.73005078547214 33.33333333333334
    endloop
  endfacet
  facet normal -0.9723699203976904 -0.2334453638558473 0
    outer loop
      vertex 21.845646369051536 502.5646018840466 -6.666666666666657
      vertex 21.845646369051536 502.5646018840466 33.33333333333334
      vertex 21.80592560210614 502.73005078547214 -6.666666666666657
    endloop
  endfacet
  facet normal -0.9832549075639534 -0.18223552549215452 0
    outer loop
      vertex 21.845646369051536 502.5646018840466 -6.666666666666657
      vertex 21.876653773600864 502.39730090026967 -6.666666666666657
      vertex 21.876653773600864 502.39730090026967 33.33333333333334
    endloop
  endfacet
  facet normal -0.9914448613738093 -0.13052619222006104 0
    outer loop
      vertex 21.898862826613556 502.2286063945088 -6.666666666666657
      vertex 21.898862826613556 502.2286063945088 33.33333333333334
      vertex 21.876653773600864 502.39730090026967 -6.666666666666657
    endloop
  endfacet
  facet normal -0.9996573249755571 -0.026176948307876452 0
    outer loop
      vertex 21.916666666666668 501.8888888888889 -6.666666666666657
      vertex 21.916666666666668 501.8888888888889 33.33333333333334
      vertex 21.912212654619033 502.05898074667846 -6.666666666666657
    endloop
  endfacet
  facet normal -0.9969173337331292 -0.07845909572783119 0
    outer loop
      vertex 21.898862826613556 502.2286063945088 -6.666666666666657
      vertex 21.912212654619033 502.05898074667846 -6.666666666666657
      vertex 21.912212654619033 502.05898074667846 33.33333333333334
    endloop
  endfacet
  facet normal 0 0 1
    outer loop
      vertex 21.63568940400512 520.6503281322259 -6.666666666666657
      vertex 21.70080305278257 520.8075263862 -6.666666666666657
      vertex 21.70080305278257 523.1369180582444 -6.666666666666657
    endloop
  endfacet
  facet normal 0 0 1
    outer loop
      vertex 21.70080305278257 520.8075263862 -6.666666666666657
      vertex 21.757600344625917 520.9679169905037 -6.666666666666657
      vertex 21.757600344625917 522.9765274539409 -6.666666666666657
    endloop
  endfacet
  facet normal 0 0 1
    outer loop
      vertex 21.70080305278257 520.8075263862 -6.666666666666657
      vertex 21.757600344625917 522.9765274539409 -6.666666666666657
      vertex 21.70080305278257 523.1369180582444 -6.666666666666657
    endloop
  endfacet
  facet normal 0 0 1
    outer loop
      vertex 21.757600344625917 520.9679169905037 -6.666666666666657
      vertex 21.80592560210614 521.131060325639 -6.666666666666657
      vertex 21.80592560210614 522.8133841188055 -6.666666666666657
    endloop
  endfacet
  facet normal 0 0 1
    outer loop
      vertex 21.80592560210614 521.131060325639 -6.666666666666657
      vertex 21.845646369051536 521.2965092270646 -6.666666666666657
      vertex 21.845646369051536 522.64793521738 -6.666666666666657
    endloop
  endfacet
  facet normal 0 0 1
    outer loop
      vertex 21.757600344625917 520.9679169905037 -6.666666666666657
      vertex 21.80592560210614 522.8133841188055 -6.666666666666657
      vertex 21.757600344625917 522.9765274539409 -6.666666666666657
    endloop
  endfacet
  facet normal 0 0 1
    outer loop
      vertex 21.80592560210614 521.131060325639 -6.666666666666657
      vertex 21.845646369051536 522.64793521738 -6.666666666666657
      vertex 21.80592560210614 522.8133841188055 -6.666666666666657
    endloop
  endfacet
  facet normal 0 0 1
    outer loop
      vertex 21.845646369051536 521.2965092270646 -6.666666666666657
      vertex 21.876653773600864 521.4638102108415 -6.666666666666657
      vertex 21.876653773600864 522.480634233603 -6.666666666666657
    endloop
  endfacet
  facet normal 0 0 1
    outer loop
      vertex 21.876653773600864 521.4638102108415 -6.666666666666657
      vertex 21.898862826613556 521.6325047166024 -6.666666666666657
      vertex 21.898862826613556 522.3119397278422 -6.666666666666657
    endloop
  endfacet
  facet normal 0 0 1
    outer loop
      vertex 21.898862826613556 521.6325047166024 -6.666666666666657
      vertex 21.912212654619033 521.8021303644327 -6.666666666666657
      vertex 21.912212654619033 522.1423140800118 -6.666666666666657
    endloop
  endfacet
  facet normal 0 0 1
    outer loop
      vertex 21.912212654619033 521.8021303644327 -6.666666666666657
      vertex 21.916666666666668 521.9722222222223 -6.666666666666657
      vertex 21.912212654619033 522.1423140800118 -6.666666666666657
    endloop
  endfacet
  facet normal 0 0 1
    outer loop
      vertex 21.845646369051536 521.2965092270646 -6.666666666666657
      vertex 21.876653773600864 522.480634233603 -6.666666666666657
      vertex 21.845646369051536 522.64793521738 -6.666666666666657
    endloop
  endfacet
  facet normal 0 0 1
    outer loop
      vertex 21.876653773600864 521.4638102108415 -6.666666666666657
      vertex 21.898862826613556 522.3119397278422 -6.666666666666657
      vertex 21.876653773600864 522.480634233603 -6.666666666666657
    endloop
  endfacet
  facet normal 0 0 1
    outer loop
      vertex 21.898862826613556 521.6325047166024 -6.666666666666657
      vertex 21.912212654619033 522.1423140800118 -6.666666666666657
      vertex 21.898862826613556 522.3119397278422 -6.666666666666657
    endloop
  endfacet
  facet normal -0.9426414910921722 0.33380685923378833 0
    outer loop
      vertex 21.70080305278257 520.8075263862 -6.666666666666657
      vertex 21.70080305278257 520.8075263862 33.33333333333334
      vertex 21.757600344625917 520.9679169905037 -6.666666666666657
    endloop
  endfacet
  facet normal -0.9588197348681877 0.2840153447039403 0
    outer loop
      vertex 21.757600344625917 520.9679169905037 -6.666666666666657
      vertex 21.757600344625917 520.9679169905037 33.33333333333334
      vertex 21.80592560210614 521.131060325639 -6.666666666666657
    endloop
  endfacet
  facet normal -0.9723699203976904 0.2334453638558473 0
    outer loop
      vertex 21.80592560210614 521.131060325639 -6.666666666666657
      vertex 21.80592560210614 521.131060325639 33.33333333333334
      vertex 21.845646369051536 521.2965092270646 -6.666666666666657
    endloop
  endfacet
  facet normal -0.9723699203976904 -0.2334453638558473 0
    outer loop
      vertex 21.845646369051536 522.64793521738 -6.666666666666657
      vertex 21.845646369051536 522.64793521738 33.33333333333334
      vertex 21.80592560210614 522.8133841188055 -6.666666666666657
    endloop
  endfacet
  facet normal -0.9238795325113794 -0.3826834323648661 0
    outer loop
      vertex 21.63568940400512 523.2941163122186 -6.666666666666657
      vertex 21.70080305278257 523.1369180582444 -6.666666666666657
      vertex 21.70080305278257 523.1369180582444 33.33333333333334
    endloop
  endfacet
  facet normal -0.9426414910920978 -0.33380685923399855 0
    outer loop
      vertex 21.70080305278257 523.1369180582444 -6.666666666666657
      vertex 21.757600344625917 522.9765274539409 -6.666666666666657
      vertex 21.757600344625917 522.9765274539409 33.33333333333334
    endloop
  endfacet
  facet normal -0.9588197348681877 -0.2840153447039403 0
    outer loop
      vertex 21.757600344625917 522.9765274539409 -6.666666666666657
      vertex 21.80592560210614 522.8133841188055 -6.666666666666657
      vertex 21.80592560210614 522.8133841188055 33.33333333333334
    endloop
  endfacet
  facet normal -0.9832549075639534 0.18223552549215452 0
    outer loop
      vertex 21.845646369051536 521.2965092270646 -6.666666666666657
      vertex 21.845646369051536 521.2965092270646 33.33333333333334
      vertex 21.876653773600864 521.4638102108415 -6.666666666666657
    endloop
  endfacet
  facet normal -0.9914448613738093 0.13052619222006104 0
    outer loop
      vertex 21.876653773600864 521.4638102108415 -6.666666666666657
      vertex 21.876653773600864 521.4638102108415 33.33333333333334
      vertex 21.898862826613556 521.6325047166024 -6.666666666666657
    endloop
  endfacet
  facet normal -0.9969173337331292 0.07845909572783119 0
    outer loop
      vertex 21.898862826613556 521.6325047166024 -6.666666666666657
      vertex 21.898862826613556 521.6325047166024 33.33333333333334
      vertex 21.912212654619033 521.8021303644327 -6.666666666666657
    endloop
  endfacet
  facet normal -0.9996573249755571 0.026176948307876452 0
    outer loop
      vertex 21.912212654619033 521.8021303644327 -6.666666666666657
      vertex 21.912212654619033 521.8021303644327 33.33333333333334
      vertex 21.916666666666668 521.9722222222223 -6.666666666666657
    endloop
  endfacet
  facet normal -0.9914448613738093 -0.13052619222006104 0
    outer loop
      vertex 21.898862826613556 522.3119397278422 -6.666666666666657
      vertex 21.898862826613556 522.3119397278422 33.33333333333334
      vertex 21.876653773600864 522.480634233603 -6.666666666666657
    endloop
  endfacet
  facet normal -0.9832549075639534 -0.18223552549215452 0
    outer loop
      vertex 21.845646369051536 522.64793521738 -6.666666666666657
      vertex 21.876653773600864 522.480634233603 -6.666666666666657
      vertex 21.876653773600864 522.480634233603 33.33333333333334
    endloop
  endfacet
  facet normal -0.9996573249755571 -0.026176948307876452 0
    outer loop
      vertex 21.916666666666668 521.9722222222223 -6.666666666666657
      vertex 21.916666666666668 521.9722222222223 33.33333333333334
      vertex 21.912212654619033 522.1423140800118 -6.666666666666657
    endloop
  endfacet
  facet normal -0.9969173337331292 -0.07845909572783119 0
    outer loop
      vertex 21.898862826613556 522.3119397278422 -6.666666666666657
      vertex 21.912212654619033 522.1423140800118 -6.666666666666657
      vertex 21.912212654619033 522.1423140800118 33.33333333333334
    endloop
  endfacet
  facet normal 0 0.9707667686673218 -0.24002475049712396
    outer loop
      vertex 6.666666666666667 535.2222222222223 33.33333333333334
      vertex 30.666666666666668 535.2222222222223 33.33333333333334
      vertex 30.666666666666668 515.2222222222223 -47.555555554727704
    endloop
  endfacet
  facet normal -0.026176948307852308 0.9996573249755578 0
    outer loop
      vertex 18.666666666666668 498.6388888888889 -6.666666666666657
      vertex 18.666666666666668 498.6388888888889 33.33333333333334
      vertex 18.836758524456233 498.64334290093655 33.33333333333334
    endloop
  endfacet
  facet normal -0.07845909572807577 0.9969173337331098 0
    outer loop
      vertex 18.836758524456233 498.64334290093655 -6.666666666666657
      vertex 18.836758524456233 498.64334290093655 33.33333333333334
      vertex 19.00638417228654 498.65669272894206 33.33333333333334
    endloop
  endfacet
  facet normal -0.1305261922198709 0.9914448613738343 0
    outer loop
      vertex 19.00638417228654 498.65669272894206 -6.666666666666657
      vertex 19.00638417228654 498.65669272894206 33.33333333333334
      vertex 19.175078678047417 498.6789017819547 33.33333333333334
    endloop
  endfacet
  facet normal -0.18223552549238178 0.9832549075639112 0
    outer loop
      vertex 19.175078678047417 498.6789017819547 -6.666666666666657
      vertex 19.175078678047417 498.6789017819547 33.33333333333334
      vertex 19.342379661824385 498.7099091865041 33.33333333333334
    endloop
  endfacet
  facet normal -0.23344536385581022 0.9723699203976994 0
    outer loop
      vertex 19.342379661824385 498.7099091865041 -6.666666666666657
      vertex 19.342379661824385 498.7099091865041 33.33333333333334
      vertex 19.50782856324986 498.74962995344947 33.33333333333334
    endloop
  endfacet
  facet normal -0.2840153447038024 0.9588197348682286 0
    outer loop
      vertex 19.50782856324986 498.74962995344947 -6.666666666666657
      vertex 19.50782856324986 498.74962995344947 33.33333333333334
      vertex 19.670971898385247 498.7979552109297 33.33333333333334
    endloop
  endfacet
  facet normal -0.33380685923374465 0.9426414910921878 0
    outer loop
      vertex 19.670971898385247 498.7979552109297 -6.666666666666657
      vertex 19.670971898385247 498.7979552109297 33.33333333333334
      vertex 19.831362502688894 498.854752502773 33.33333333333334
    endloop
  endfacet
  facet normal -0.3826834323651767 0.9238795325112508 0
    outer loop
      vertex 19.831362502688894 498.854752502773 -6.666666666666657
      vertex 19.831362502688894 498.854752502773 33.33333333333334
      vertex 19.988560756663016 498.9198661515505 33.33333333333334
    endloop
  endfacet
  facet normal -0.4305110968082544 0.9025852843498801 0
    outer loop
      vertex 19.988560756663016 498.9198661515505 -6.666666666666657
      vertex 19.988560756663016 498.9198661515505 33.33333333333334
      vertex 20.142135790820195 498.99311768527673 33.33333333333334
    endloop
  endfacet
  facet normal -0.026176948307852308 -0.9996573249755578 0
    outer loop
      vertex 18.836758524456233 505.1344348768413 -6.666666666666657
      vertex 18.836758524456233 505.1344348768413 33.33333333333334
      vertex 18.666666666666668 505.1388888888889 33.33333333333334
    endloop
  endfacet
  facet normal -0.07845909572774375 -0.996917333733136 0
    outer loop
      vertex 19.00638417228654 505.1210850488358 -6.666666666666657
      vertex 19.00638417228654 505.1210850488358 33.33333333333334
      vertex 18.836758524456233 505.1344348768413 33.33333333333334
    endloop
  endfacet
  facet normal -0.13052619222019932 -0.991444861373791 0
    outer loop
      vertex 19.175078678047417 505.0988759958231 -6.666666666666657
      vertex 19.175078678047417 505.0988759958231 33.33333333333334
      vertex 19.00638417228654 505.1210850488358 33.33333333333334
    endloop
  endfacet
  facet normal -0.1822355254920588 -0.983254907563971 0
    outer loop
      vertex 19.342379661824385 505.0678685912738 -6.666666666666657
      vertex 19.342379661824385 505.0678685912738 33.33333333333334
      vertex 19.175078678047417 505.0988759958231 33.33333333333334
    endloop
  endfacet
  facet normal -0.23344536385612608 -0.9723699203976236 0
    outer loop
      vertex 19.50782856324986 505.02814782432836 -6.666666666666657
      vertex 19.50782856324986 505.02814782432836 33.33333333333334
      vertex 19.342379661824385 505.0678685912738 33.33333333333334
    endloop
  endfacet
  facet normal -0.2840153447038024 -0.9588197348682286 0
    outer loop
      vertex 19.670971898385247 504.97982256684816 -6.666666666666657
      vertex 19.670971898385247 504.97982256684816 33.33333333333334
      vertex 19.50782856324986 505.02814782432836 33.33333333333334
    endloop
  endfacet
  facet normal -0.33380685923374465 -0.9426414910921878 0
    outer loop
      vertex 19.831362502688894 504.9230252750048 -6.666666666666657
      vertex 19.831362502688894 504.9230252750048 33.33333333333334
      vertex 19.670971898385247 504.97982256684816 33.33333333333334
    endloop
  endfacet
  facet normal -0.38268343236489155 -0.9238795325113689 0
    outer loop
      vertex 19.988560756663016 504.8579116262274 -6.666666666666657
      vertex 19.988560756663016 504.8579116262274 33.33333333333334
      vertex 19.831362502688894 504.9230252750048 33.33333333333334
    endloop
  endfacet
  facet normal -0.4305110968085266 -0.9025852843497504 0
    outer loop
      vertex 20.142135790820195 504.7846600925011 -6.666666666666657
      vertex 20.142135790820195 504.7846600925011 33.33333333333334
      vertex 19.988560756663016 504.8579116262274 33.33333333333334
    endloop
  endfacet
  facet normal -0.47715876025970927 0.8788171126619106 0
    outer loop
      vertex 20.142135790820195 498.99311768527673 -6.666666666666657
      vertex 20.142135790820195 498.99311768527673 33.33333333333334
      vertex 20.291666666666668 499.0743063265895 33.33333333333334
    endloop
  endfacet
  facet normal -0.5224985647157512 0.8526401643542133 0
    outer loop
      vertex 20.291666666666668 499.0743063265895 -6.666666666666657
      vertex 20.291666666666668 499.0743063265895 33.33333333333334
      vertex 20.436743530465506 499.1632095430663 33.33333333333334
    endloop
  endfacet
  facet normal -0.566406236924792 0.8241261886220437 0
    outer loop
      vertex 20.436743530465506 499.1632095430663 -6.666666666666657
      vertex 20.436743530465506 499.1632095430663 33.33333333333334
      vertex 20.576968736617204 499.2595836571703 33.33333333333334
    endloop
  endfacet
  facet normal -0.6087614290088361 0.7933533402911466 0
    outer loop
      vertex 20.576968736617204 499.2595836571703 -6.666666666666657
      vertex 20.576968736617204 499.2595836571703 33.33333333333334
      vertex 20.71195793757864 499.36316451415377 33.33333333333334
    endloop
  endfacet
  facet normal -0.6494480483301519 0.7604059656000581 0
    outer loop
      vertex 20.71195793757864 499.36316451415377 -6.666666666666657
      vertex 20.71195793757864 499.36316451415377 33.33333333333334
      vertex 20.841341137332957 499.4736682060874 33.33333333333334
    endloop
  endfacet
  facet normal -0.6883545756937863 0.7253743710122569 0
    outer loop
      vertex 20.841341137332957 499.4736682060874 -6.666666666666657
      vertex 20.841341137332957 499.4736682060874 33.33333333333334
      vertex 20.964763705522948 499.59079185003264 33.33333333333334
    endloop
  endfacet
  facet normal -0.7253743710122981 0.6883545756937429 0
    outer loop
      vertex 21.0818873494682 499.71421441822264 -6.666666666666657
      vertex 20.964763705522948 499.59079185003264 33.33333333333334
      vertex 21.0818873494682 499.71421441822264 33.33333333333334
    endloop
  endfacet
  facet normal -0.760405965599923 0.6494480483303101 0
    outer loop
      vertex 21.192391041401823 499.8435976179769 -6.666666666666657
      vertex 21.0818873494682 499.71421441822264 33.33333333333334
      vertex 21.192391041401823 499.8435976179769 33.33333333333334
    endloop
  endfacet
  facet normal -0.7933533402914076 0.608761429008496 0
    outer loop
      vertex 21.295971898385247 499.9785868189384 -6.666666666666657
      vertex 21.192391041401823 499.8435976179769 33.33333333333334
      vertex 21.295971898385247 499.9785868189384 33.33333333333334
    endloop
  endfacet
  facet normal -0.8241261886218806 0.5664062369250296 0
    outer loop
      vertex 21.392346012489295 500.11881202509005 -6.666666666666657
      vertex 21.295971898385247 499.9785868189384 33.33333333333334
      vertex 21.392346012489295 500.11881202509005 33.33333333333334
    endloop
  endfacet
  facet normal -0.8526401643541324 0.5224985647158834 0
    outer loop
      vertex 21.481249228966092 500.2638888888889 -6.666666666666657
      vertex 21.392346012489295 500.11881202509005 33.33333333333334
      vertex 21.481249228966092 500.2638888888889 33.33333333333334
    endloop
  endfacet
  facet normal -0.8788171126619917 0.47715876025956 0
    outer loop
      vertex 21.562437870278863 500.4134197647354 -6.666666666666657
      vertex 21.481249228966092 500.2638888888889 33.33333333333334
      vertex 21.562437870278863 500.4134197647354 33.33333333333334
    endloop
  endfacet
  facet normal -0.9025852843498251 0.4305110968083695 0
    outer loop
      vertex 21.63568940400512 500.56699479889255 -6.666666666666657
      vertex 21.562437870278863 500.4134197647354 33.33333333333334
      vertex 21.63568940400512 500.56699479889255 33.33333333333334
    endloop
  endfacet
  facet normal -0.5224985647157512 -0.8526401643542133 0
    outer loop
      vertex 20.436743530465506 504.61456823471156 -6.666666666666657
      vertex 20.436743530465506 504.61456823471156 33.33333333333334
      vertex 20.291666666666668 504.7034714511883 33.33333333333334
    endloop
  endfacet
  facet normal -0.566406236924792 -0.8241261886220437 0
    outer loop
      vertex 20.576968736617204 504.5181941206075 -6.666666666666657
      vertex 20.576968736617204 504.5181941206075 33.33333333333334
      vertex 20.436743530465506 504.61456823471156 33.33333333333334
    endloop
  endfacet
  facet normal -0.47715876025970927 -0.8788171126619106 0
    outer loop
      vertex 20.291666666666668 504.7034714511883 -6.666666666666657
      vertex 20.291666666666668 504.7034714511883 33.33333333333334
      vertex 20.142135790820195 504.7846600925011 33.33333333333334
    endloop
  endfacet
  facet normal -0.6087614290086258 -0.793353340291308 0
    outer loop
      vertex 20.71195793757864 504.4146132636241 -6.666666666666657
      vertex 20.71195793757864 504.4146132636241 33.33333333333334
      vertex 20.576968736617204 504.5181941206075 33.33333333333334
    endloop
  endfacet
  facet normal -0.649448048330345 -0.7604059655998932 0
    outer loop
      vertex 20.841341137332957 504.30410957169045 -6.666666666666657
      vertex 20.841341137332957 504.30410957169045 33.33333333333334
      vertex 20.71195793757864 504.4146132636241 33.33333333333334
    endloop
  endfacet
  facet normal -0.6883545756936106 -0.7253743710124236 0
    outer loop
      vertex 20.964763705522948 504.18698592774524 -6.666666666666657
      vertex 20.964763705522948 504.18698592774524 33.33333333333334
      vertex 20.841341137332957 504.30410957169045 33.33333333333334
    endloop
  endfacet
  facet normal -0.7253743710122981 -0.6883545756937429 0
    outer loop
      vertex 20.964763705522948 504.18698592774524 -6.666666666666657
      vertex 21.0818873494682 504.06356335955525 33.33333333333334
      vertex 20.964763705522948 504.18698592774524 33.33333333333334
    endloop
  endfacet
  facet normal -0.7604059656000639 -0.649448048330145 0
    outer loop
      vertex 21.0818873494682 504.06356335955525 -6.666666666666657
      vertex 21.192391041401823 503.9341801598009 33.33333333333334
      vertex 21.0818873494682 504.06356335955525 33.33333333333334
    endloop
  endfacet
  facet normal -0.7933533402912838 -0.6087614290086573 0
    outer loop
      vertex 21.192391041401823 503.9341801598009 -6.666666666666657
      vertex 21.295971898385247 503.79919095883946 33.33333333333334
      vertex 21.192391041401823 503.9341801598009 33.33333333333334
    endloop
  endfacet
  facet normal -0.8241261886219877 -0.5664062369248736 0
    outer loop
      vertex 21.295971898385247 503.79919095883946 -6.666666666666657
      vertex 21.392346012489295 503.6589657526878 33.33333333333334
      vertex 21.295971898385247 503.79919095883946 33.33333333333334
    endloop
  endfacet
  facet normal -0.8526401643541324 -0.5224985647158834 0
    outer loop
      vertex 21.392346012489295 503.6589657526878 -6.666666666666657
      vertex 21.481249228966092 503.5138888888889 33.33333333333334
      vertex 21.392346012489295 503.6589657526878 33.33333333333334
    endloop
  endfacet
  facet normal -0.9238795325112815 -0.3826834323651024 0
    outer loop
      vertex 21.63568940400512 503.2107829788853 -6.666666666666657
      vertex 21.70080305278257 503.05358472491116 33.33333333333334
      vertex 21.63568940400512 503.2107829788853 33.33333333333334
    endloop
  endfacet
  facet normal -0.8788171126619917 -0.47715876025956 0
    outer loop
      vertex 21.481249228966092 503.5138888888889 -6.666666666666657
      vertex 21.562437870278863 503.3643580130424 33.33333333333334
      vertex 21.481249228966092 503.5138888888889 33.33333333333334
    endloop
  endfacet
  facet normal -0.9025852843498251 -0.4305110968083695 0
    outer loop
      vertex 21.562437870278863 503.3643580130424 -6.666666666666657
      vertex 21.63568940400512 503.2107829788853 33.33333333333334
      vertex 21.562437870278863 503.3643580130424 33.33333333333334
    endloop
  endfacet
  facet normal 0 0 1
    outer loop
      vertex 19.988560756663016 498.9198661515505 33.33333333333334
      vertex 16.666666666666668 489.0555555555556 33.33333333333334
      vertex 20.666666666666668 489.0555555555556 33.33333333333334
    endloop
  endfacet
  facet normal 0 0 1
    outer loop
      vertex 6.666666666666667 515.2222222222223 33.33333333333334
      vertex 19.831362502688894 504.9230252750048 33.33333333333334
      vertex 30.666666666666668 515.2222222222223 33.33333333333334
    endloop
  endfacet
  facet normal -0.026176948307852308 0.9996573249755578 0
    outer loop
      vertex 18.666666666666668 518.7222222222223 -6.666666666666657
      vertex 18.666666666666668 518.7222222222223 33.33333333333334
      vertex 18.836758524456233 518.7266762342699 33.33333333333334
    endloop
  endfacet
  facet normal -0.07845909572741173 0.996917333733162 0
    outer loop
      vertex 18.836758524456233 518.7266762342699 -6.666666666666657
      vertex 18.836758524456233 518.7266762342699 33.33333333333334
      vertex 19.00638417228654 518.7400260622753 33.33333333333334
    endloop
  endfacet
  facet normal -0.13052619222019932 0.991444861373791 0
    outer loop
      vertex 19.00638417228654 518.7400260622753 -6.666666666666657
      vertex 19.00638417228654 518.7400260622753 33.33333333333334
      vertex 19.175078678047417 518.762235115288 33.33333333333334
    endloop
  endfacet
  facet normal -0.1822355254920588 0.983254907563971 0
    outer loop
      vertex 19.175078678047417 518.762235115288 -6.666666666666657
      vertex 19.175078678047417 518.762235115288 33.33333333333334
      vertex 19.342379661824385 518.7932425198373 33.33333333333334
    endloop
  endfacet
  facet normal -0.23344536385644196 0.9723699203975478 0
    outer loop
      vertex 19.342379661824385 518.7932425198373 -6.666666666666657
      vertex 19.342379661824385 518.7932425198373 33.33333333333334
      vertex 19.50782856324986 518.8329632867828 33.33333333333334
    endloop
  endfacet
  facet normal -0.2840153447038024 0.9588197348682286 0
    outer loop
      vertex 19.50782856324986 518.8329632867828 -6.666666666666657
      vertex 19.50782856324986 518.8329632867828 33.33333333333334
      vertex 19.670971898385247 518.881288544263 33.33333333333334
    endloop
  endfacet
  facet normal -0.3338068592334478 0.9426414910922928 0
    outer loop
      vertex 19.670971898385247 518.881288544263 -6.666666666666657
      vertex 19.670971898385247 518.881288544263 33.33333333333334
      vertex 19.831362502688894 518.9380858361063 33.33333333333334
    endloop
  endfacet
  facet normal -0.3826834323651767 0.9238795325112508 0
    outer loop
      vertex 19.831362502688894 518.9380858361063 -6.666666666666657
      vertex 19.831362502688894 518.9380858361063 33.33333333333334
      vertex 19.988560756663016 519.0031994848838 33.33333333333334
    endloop
  endfacet
  facet normal -0.4305110968085266 0.9025852843497504 0
    outer loop
      vertex 19.988560756663016 519.0031994848838 -6.666666666666657
      vertex 19.988560756663016 519.0031994848838 33.33333333333334
      vertex 20.142135790820195 519.0764510186101 33.33333333333334
    endloop
  endfacet
  facet normal -0.026176948307852308 -0.9996573249755578 0
    outer loop
      vertex 18.836758524456233 525.2177682101747 -6.666666666666657
      vertex 18.836758524456233 525.2177682101747 33.33333333333334
      vertex 18.666666666666668 525.2222222222223 33.33333333333334
    endloop
  endfacet
  facet normal -0.07845909572807577 -0.9969173337331098 0
    outer loop
      vertex 19.00638417228654 525.2044183821691 -6.666666666666657
      vertex 19.00638417228654 525.2044183821691 33.33333333333334
      vertex 18.836758524456233 525.2177682101747 33.33333333333334
    endloop
  endfacet
  facet normal -0.13052619222019932 -0.991444861373791 0
    outer loop
      vertex 19.175078678047417 525.1822093291564 -6.666666666666657
      vertex 19.175078678047417 525.1822093291564 33.33333333333334
      vertex 19.00638417228654 525.2044183821691 33.33333333333334
    endloop
  endfacet
  facet normal -0.1822355254920588 -0.983254907563971 0
    outer loop
      vertex 19.342379661824385 525.1512019246071 -6.666666666666657
      vertex 19.342379661824385 525.1512019246071 33.33333333333334
      vertex 19.175078678047417 525.1822093291564 33.33333333333334
    endloop
  endfacet
  facet normal -0.23344536385581022 -0.9723699203976994 0
    outer loop
      vertex 19.50782856324986 525.1114811576617 -6.666666666666657
      vertex 19.50782856324986 525.1114811576617 33.33333333333334
      vertex 19.342379661824385 525.1512019246071 33.33333333333334
    endloop
  endfacet
  facet normal -0.2840153447038024 -0.9588197348682286 0
    outer loop
      vertex 19.670971898385247 525.0631559001815 -6.666666666666657
      vertex 19.670971898385247 525.0631559001815 33.33333333333334
      vertex 19.50782856324986 525.1114811576617 33.33333333333334
    endloop
  endfacet
  facet normal -0.33380685923404146 -0.9426414910920825 0
    outer loop
      vertex 19.831362502688894 525.0063586083381 -6.666666666666657
      vertex 19.831362502688894 525.0063586083381 33.33333333333334
      vertex 19.670971898385247 525.0631559001815 33.33333333333334
    endloop
  endfacet
  facet normal -0.3826834323651767 -0.9238795325112508 0
    outer loop
      vertex 19.988560756663016 524.9412449595607 -6.666666666666657
      vertex 19.988560756663016 524.9412449595607 33.33333333333334
      vertex 19.831362502688894 525.0063586083381 33.33333333333334
    endloop
  endfacet
  facet normal -0.4305110968079822 -0.9025852843500098 0
    outer loop
      vertex 20.142135790820195 524.8679934258345 -6.666666666666657
      vertex 20.142135790820195 524.8679934258345 33.33333333333334
      vertex 19.988560756663016 524.9412449595607 33.33333333333334
    endloop
  endfacet
  facet normal -0.47715876025919324 0.8788171126621908 0
    outer loop
      vertex 20.142135790820195 519.0764510186101 -6.666666666666657
      vertex 20.142135790820195 519.0764510186101 33.33333333333334
      vertex 20.291666666666668 519.1576396599228 33.33333333333334
    endloop
  endfacet
  facet normal -0.5224985647162369 0.8526401643539157 0
    outer loop
      vertex 20.291666666666668 519.1576396599228 -6.666666666666657
      vertex 20.291666666666668 519.1576396599228 33.33333333333334
      vertex 20.436743530465506 519.2465428763996 33.33333333333334
    endloop
  endfacet
  facet normal -0.566406236924792 0.8241261886220437 0
    outer loop
      vertex 20.436743530465506 519.2465428763996 -6.666666666666657
      vertex 20.436743530465506 519.2465428763996 33.33333333333334
      vertex 20.576968736617204 519.3429169905037 33.33333333333334
    endloop
  endfacet
  facet normal -0.6087614290086258 0.793353340291308 0
    outer loop
      vertex 20.576968736617204 519.3429169905037 -6.666666666666657
      vertex 20.576968736617204 519.3429169905037 33.33333333333334
      vertex 20.71195793757864 519.4464978474871 33.33333333333334
    endloop
  endfacet
  facet normal -0.649448048330345 0.7604059655998932 0
    outer loop
      vertex 20.71195793757864 519.4464978474871 -6.666666666666657
      vertex 20.71195793757864 519.4464978474871 33.33333333333334
      vertex 20.841341137332957 519.5570015394208 33.33333333333334
    endloop
  endfacet
  facet normal -0.6883545756936106 0.7253743710124236 0
    outer loop
      vertex 20.841341137332957 519.5570015394208 -6.666666666666657
      vertex 20.841341137332957 519.5570015394208 33.33333333333334
      vertex 20.964763705522948 519.674125183366 33.33333333333334
    endloop
  endfacet
  facet normal -0.7253743710122981 0.6883545756937429 0
    outer loop
      vertex 21.0818873494682 519.797547751556 -6.666666666666657
      vertex 20.964763705522948 519.674125183366 33.33333333333334
      vertex 21.0818873494682 519.797547751556 33.33333333333334
    endloop
  endfacet
  facet normal -0.7604059656000639 0.649448048330145 0
    outer loop
      vertex 21.192391041401823 519.9269309513103 -6.666666666666657
      vertex 21.0818873494682 519.797547751556 33.33333333333334
      vertex 21.192391041401823 519.9269309513103 33.33333333333334
    endloop
  endfacet
  facet normal -0.79335334029116 0.6087614290088187 0
    outer loop
      vertex 21.295971898385247 520.0619201522717 -6.666666666666657
      vertex 21.192391041401823 519.9269309513103 33.33333333333334
      vertex 21.295971898385247 520.0619201522717 33.33333333333334
    endloop
  endfacet
  facet normal -0.7604059656000639 -0.649448048330145 0
    outer loop
      vertex 21.0818873494682 524.1468966928885 -6.666666666666657
      vertex 21.192391041401823 524.0175134931342 33.33333333333334
      vertex 21.0818873494682 524.1468966928885 33.33333333333334
    endloop
  endfacet
  facet normal -0.79335334029116 -0.6087614290088187 0
    outer loop
      vertex 21.192391041401823 524.0175134931342 -6.666666666666657
      vertex 21.295971898385247 523.8825242921728 33.33333333333334
      vertex 21.192391041401823 524.0175134931342 33.33333333333334
    endloop
  endfacet
  facet normal -0.8241261886220949 0.5664062369247176 0
    outer loop
      vertex 21.392346012489295 520.2021453584234 -6.666666666666657
      vertex 21.295971898385247 520.0619201522717 33.33333333333334
      vertex 21.392346012489295 520.2021453584234 33.33333333333334
    endloop
  endfacet
  facet normal -0.8526401643541324 0.5224985647158834 0
    outer loop
      vertex 21.481249228966092 520.3472222222223 -6.666666666666657
      vertex 21.392346012489295 520.2021453584234 33.33333333333334
      vertex 21.481249228966092 520.3472222222223 33.33333333333334
    endloop
  endfacet
  facet normal -0.8788171126618395 0.47715876025984016 0
    outer loop
      vertex 21.562437870278863 520.4967530980687 -6.666666666666657
      vertex 21.481249228966092 520.3472222222223 33.33333333333334
      vertex 21.562437870278863 520.4967530980687 33.33333333333334
    endloop
  endfacet
  facet normal -0.9025852843499489 0.4305110968081099 0
    outer loop
      vertex 21.63568940400512 520.6503281322259 -6.666666666666657
      vertex 21.562437870278863 520.4967530980687 33.33333333333334
      vertex 21.63568940400512 520.6503281322259 33.33333333333334
    endloop
  endfacet
  facet normal -0.8241261886218806 -0.5664062369250296 0
    outer loop
      vertex 21.295971898385247 523.8825242921728 -6.666666666666657
      vertex 21.392346012489295 523.7422990860211 33.33333333333334
      vertex 21.295971898385247 523.8825242921728 33.33333333333334
    endloop
  endfacet
  facet normal -0.8526401643541324 -0.5224985647158834 0
    outer loop
      vertex 21.392346012489295 523.7422990860211 -6.666666666666657
      vertex 21.481249228966092 523.5972222222223 33.33333333333334
      vertex 21.392346012489295 523.7422990860211 33.33333333333334
    endloop
  endfacet
  facet normal -0.8788171126619917 -0.47715876025956 0
    outer loop
      vertex 21.481249228966092 523.5972222222223 -6.666666666666657
      vertex 21.562437870278863 523.4476913463758 33.33333333333334
      vertex 21.481249228966092 523.5972222222223 33.33333333333334
    endloop
  endfacet
  facet normal -0.9025852843498251 -0.4305110968083695 0
    outer loop
      vertex 21.562437870278863 523.4476913463758 -6.666666666666657
      vertex 21.63568940400512 523.2941163122186 33.33333333333334
      vertex 21.562437870278863 523.4476913463758 33.33333333333334
    endloop
  endfacet
  facet normal -0.9238795325113794 -0.3826834323648661 0
    outer loop
      vertex 21.63568940400512 523.2941163122186 -6.666666666666657
      vertex 21.70080305278257 523.1369180582444 33.33333333333334
      vertex 21.63568940400512 523.2941163122186 33.33333333333334
    endloop
  endfacet
  facet normal -0.47715876025970927 -0.8788171126619106 0
    outer loop
      vertex 20.291666666666668 524.7868047845217 -6.666666666666657
      vertex 20.291666666666668 524.7868047845217 33.33333333333334
      vertex 20.142135790820195 524.8679934258345 33.33333333333334
    endloop
  endfacet
  facet normal -0.5224985647157512 -0.8526401643542133 0
    outer loop
      vertex 20.436743530465506 524.6979015680449 -6.666666666666657
      vertex 20.436743530465506 524.6979015680449 33.33333333333334
      vertex 20.291666666666668 524.7868047845217 33.33333333333334
    endloop
  endfacet
  facet normal -0.566406236924792 -0.8241261886220437 0
    outer loop
      vertex 20.576968736617204 524.6015274539409 -6.666666666666657
      vertex 20.576968736617204 524.6015274539409 33.33333333333334
      vertex 20.436743530465506 524.6979015680449 33.33333333333334
    endloop
  endfacet
  facet normal -0.6087614290090463 -0.7933533402909851 0
    outer loop
      vertex 20.71195793757864 524.4979465969574 -6.666666666666657
      vertex 20.71195793757864 524.4979465969574 33.33333333333334
      vertex 20.576968736617204 524.6015274539409 33.33333333333334
    endloop
  endfacet
  facet normal -0.6494480483299586 -0.760405965600223 0
    outer loop
      vertex 20.841341137332957 524.3874429050238 -6.666666666666657
      vertex 20.841341137332957 524.3874429050238 33.33333333333334
      vertex 20.71195793757864 524.4979465969574 33.33333333333334
    endloop
  endfacet
  facet normal -0.6883545756939622 -0.7253743710120901 0
    outer loop
      vertex 20.964763705522948 524.2703192610785 -6.666666666666657
      vertex 20.964763705522948 524.2703192610785 33.33333333333334
      vertex 20.841341137332957 524.3874429050238 33.33333333333334
    endloop
  endfacet
  facet normal -0.7253743710122981 -0.6883545756937429 0
    outer loop
      vertex 20.964763705522948 524.2703192610785 -6.666666666666657
      vertex 21.0818873494682 524.1468966928885 33.33333333333334
      vertex 20.964763705522948 524.2703192610785 33.33333333333334
    endloop
  endfacet
  facet normal 0 0 1
    outer loop
      vertex 6.666666666666667 535.2222222222223 33.33333333333334
      vertex 18.666666666666668 525.2222222222223 33.33333333333334
      vertex 30.666666666666668 535.2222222222223 33.33333333333334
    endloop
  endfacet
  facet normal -0.9238795325112815 0.3826834323651024 0
    outer loop
      vertex 21.70080305278257 500.72419305286667 -6.666666666666657
      vertex 21.63568940400512 500.56699479889255 33.33333333333334
      vertex 21.70080305278257 500.72419305286667 33.33333333333334
    endloop
  endfacet
  facet normal -0.9426414910921722 0.33380685923378833 0
    outer loop
      vertex 21.757600344625917 500.8845836571703 -6.666666666666657
      vertex 21.70080305278257 500.72419305286667 33.33333333333334
      vertex 21.757600344625917 500.8845836571703 33.33333333333334
    endloop
  endfacet
  facet normal -0.9588197348682147 0.28401534470384937 0
    outer loop
      vertex 21.80592560210614 501.04772699230574 -6.666666666666657
      vertex 21.757600344625917 500.8845836571703 33.33333333333334
      vertex 21.80592560210614 501.04772699230574 33.33333333333334
    endloop
  endfacet
  facet normal -0.9723699203976723 0.23344536385592315 0
    outer loop
      vertex 21.845646369051536 501.2131758937312 -6.666666666666657
      vertex 21.80592560210614 501.04772699230574 33.33333333333334
      vertex 21.845646369051536 501.2131758937312 33.33333333333334
    endloop
  endfacet
  facet normal -0.9832549075639534 0.18223552549215452 0
    outer loop
      vertex 21.876653773600864 501.38047687750816 -6.666666666666657
      vertex 21.845646369051536 501.2131758937312 33.33333333333334
      vertex 21.876653773600864 501.38047687750816 33.33333333333334
    endloop
  endfacet
  facet normal -0.9914448613738093 0.13052619222006104 0
    outer loop
      vertex 21.898862826613556 501.549171383269 -6.666666666666657
      vertex 21.876653773600864 501.38047687750816 33.33333333333334
      vertex 21.898862826613556 501.549171383269 33.33333333333334
    endloop
  endfacet
  facet normal -0.9969173337331292 0.07845909572783119 0
    outer loop
      vertex 21.912212654619033 501.71879703109937 -6.666666666666657
      vertex 21.898862826613556 501.549171383269 33.33333333333334
      vertex 21.912212654619033 501.71879703109937 33.33333333333334
    endloop
  endfacet
  facet normal -0.9996573249755571 0.026176948307876452 0
    outer loop
      vertex 21.916666666666668 501.8888888888889 -6.666666666666657
      vertex 21.912212654619033 501.71879703109937 33.33333333333334
      vertex 21.916666666666668 501.8888888888889 33.33333333333334
    endloop
  endfacet
  facet normal -0.9426414910921722 -0.33380685923378833 0
    outer loop
      vertex 21.70080305278257 503.05358472491116 -6.666666666666657
      vertex 21.757600344625917 502.8931941206075 33.33333333333334
      vertex 21.70080305278257 503.05358472491116 33.33333333333334
    endloop
  endfacet
  facet normal -0.9588197348681877 -0.2840153447039403 0
    outer loop
      vertex 21.757600344625917 502.8931941206075 -6.666666666666657
      vertex 21.80592560210614 502.73005078547214 33.33333333333334
      vertex 21.757600344625917 502.8931941206075 33.33333333333334
    endloop
  endfacet
  facet normal -0.9723699203976904 -0.2334453638558473 0
    outer loop
      vertex 21.80592560210614 502.73005078547214 -6.666666666666657
      vertex 21.845646369051536 502.5646018840466 33.33333333333334
      vertex 21.80592560210614 502.73005078547214 33.33333333333334
    endloop
  endfacet
  facet normal -0.9832549075639534 -0.18223552549215452 0
    outer loop
      vertex 21.845646369051536 502.5646018840466 -6.666666666666657
      vertex 21.876653773600864 502.39730090026967 33.33333333333334
      vertex 21.845646369051536 502.5646018840466 33.33333333333334
    endloop
  endfacet
  facet normal -0.9914448613738093 -0.13052619222006104 0
    outer loop
      vertex 21.876653773600864 502.39730090026967 -6.666666666666657
      vertex 21.898862826613556 502.2286063945088 33.33333333333334
      vertex 21.876653773600864 502.39730090026967 33.33333333333334
    endloop
  endfacet
  facet normal -0.9996573249755571 -0.026176948307876452 0
    outer loop
      vertex 21.912212654619033 502.05898074667846 -6.666666666666657
      vertex 21.916666666666668 501.8888888888889 33.33333333333334
      vertex 21.912212654619033 502.05898074667846 33.33333333333334
    endloop
  endfacet
  facet normal -0.9969173337331292 -0.07845909572783119 0
    outer loop
      vertex 21.898862826613556 502.2286063945088 -6.666666666666657
      vertex 21.912212654619033 502.05898074667846 33.33333333333334
      vertex 21.898862826613556 502.2286063945088 33.33333333333334
    endloop
  endfacet
  facet normal 0 0 1
    outer loop
      vertex 19.988560756663016 498.9198661515505 33.33333333333334
      vertex 20.666666666666668 489.0555555555556 33.33333333333334
      vertex 30.666666666666668 489.0555555555556 33.33333333333334
    endloop
  endfacet
  facet normal 0 0 1
    outer loop
      vertex 19.988560756663016 498.9198661515505 33.33333333333334
      vertex 30.666666666666668 489.0555555555556 33.33333333333334
      vertex 20.142135790820195 498.99311768527673 33.33333333333334
    endloop
  endfacet
  facet normal 0 0 1
    outer loop
      vertex 20.142135790820195 498.99311768527673 33.33333333333334
      vertex 30.666666666666668 489.0555555555556 33.33333333333334
      vertex 20.291666666666668 499.0743063265895 33.33333333333334
    endloop
  endfacet
  facet normal 0 0 1
    outer loop
      vertex 20.291666666666668 499.0743063265895 33.33333333333334
      vertex 30.666666666666668 489.0555555555556 33.33333333333334
      vertex 20.436743530465506 499.1632095430663 33.33333333333334
    endloop
  endfacet
  facet normal 0 0 1
    outer loop
      vertex 20.436743530465506 499.1632095430663 33.33333333333334
      vertex 30.666666666666668 489.0555555555556 33.33333333333334
      vertex 20.576968736617204 499.2595836571703 33.33333333333334
    endloop
  endfacet
  facet normal 0 0 1
    outer loop
      vertex 20.576968736617204 499.2595836571703 33.33333333333334
      vertex 30.666666666666668 489.0555555555556 33.33333333333334
      vertex 20.71195793757864 499.36316451415377 33.33333333333334
    endloop
  endfacet
  facet normal 0 0 1
    outer loop
      vertex 20.71195793757864 499.36316451415377 33.33333333333334
      vertex 30.666666666666668 489.0555555555556 33.33333333333334
      vertex 20.841341137332957 499.4736682060874 33.33333333333334
    endloop
  endfacet
  facet normal 0 0 1
    outer loop
      vertex 20.841341137332957 499.4736682060874 33.33333333333334
      vertex 30.666666666666668 489.0555555555556 33.33333333333334
      vertex 20.964763705522948 499.59079185003264 33.33333333333334
    endloop
  endfacet
  facet normal 0 0 1
    outer loop
      vertex 20.964763705522948 499.59079185003264 33.33333333333334
      vertex 30.666666666666668 489.0555555555556 33.33333333333334
      vertex 21.0818873494682 499.71421441822264 33.33333333333334
    endloop
  endfacet
  facet normal 0 0 1
    outer loop
      vertex 21.0818873494682 499.71421441822264 33.33333333333334
      vertex 30.666666666666668 489.0555555555556 33.33333333333334
      vertex 21.192391041401823 499.8435976179769 33.33333333333334
    endloop
  endfacet
  facet normal 0 0 1
    outer loop
      vertex 21.192391041401823 499.8435976179769 33.33333333333334
      vertex 30.666666666666668 489.0555555555556 33.33333333333334
      vertex 21.295971898385247 499.9785868189384 33.33333333333334
    endloop
  endfacet
  facet normal 0 0 1
    outer loop
      vertex 21.295971898385247 499.9785868189384 33.33333333333334
      vertex 30.666666666666668 489.0555555555556 33.33333333333334
      vertex 21.392346012489295 500.11881202509005 33.33333333333334
    endloop
  endfacet
  facet normal 0 0 1
    outer loop
      vertex 21.392346012489295 500.11881202509005 33.33333333333334
      vertex 30.666666666666668 489.0555555555556 33.33333333333334
      vertex 21.481249228966092 500.2638888888889 33.33333333333334
    endloop
  endfacet
  facet normal 0 0 1
    outer loop
      vertex 21.481249228966092 500.2638888888889 33.33333333333334
      vertex 30.666666666666668 489.0555555555556 33.33333333333334
      vertex 21.562437870278863 500.4134197647354 33.33333333333334
    endloop
  endfacet
  facet normal 0 0 1
    outer loop
      vertex 21.562437870278863 500.4134197647354 33.33333333333334
      vertex 30.666666666666668 489.0555555555556 33.33333333333334
      vertex 21.63568940400512 500.56699479889255 33.33333333333334
    endloop
  endfacet
  facet normal 0 0 1
    outer loop
      vertex 19.831362502688894 504.9230252750048 33.33333333333334
      vertex 19.988560756663016 504.8579116262274 33.33333333333334
      vertex 30.666666666666668 515.2222222222223 33.33333333333334
    endloop
  endfacet
  facet normal 0 0 1
    outer loop
      vertex 19.988560756663016 504.8579116262274 33.33333333333334
      vertex 20.142135790820195 504.7846600925011 33.33333333333334
      vertex 30.666666666666668 515.2222222222223 33.33333333333334
    endloop
  endfacet
  facet normal 0 0 1
    outer loop
      vertex 20.142135790820195 504.7846600925011 33.33333333333334
      vertex 20.291666666666668 504.7034714511883 33.33333333333334
      vertex 30.666666666666668 515.2222222222223 33.33333333333334
    endloop
  endfacet
  facet normal 0 0 1
    outer loop
      vertex 20.436743530465506 504.61456823471156 33.33333333333334
      vertex 30.666666666666668 515.2222222222223 33.33333333333334
      vertex 20.291666666666668 504.7034714511883 33.33333333333334
    endloop
  endfacet
  facet normal 0 0 1
    outer loop
      vertex 20.436743530465506 504.61456823471156 33.33333333333334
      vertex 20.576968736617204 504.5181941206075 33.33333333333334
      vertex 30.666666666666668 515.2222222222223 33.33333333333334
    endloop
  endfacet
  facet normal 0 0 1
    outer loop
      vertex 21.481249228966092 503.5138888888889 33.33333333333334
      vertex 21.562437870278863 503.3643580130424 33.33333333333334
      vertex 30.666666666666668 515.2222222222223 33.33333333333334
    endloop
  endfacet
  facet normal 0 0 1
    outer loop
      vertex 21.63568940400512 503.2107829788853 33.33333333333334
      vertex 30.666666666666668 515.2222222222223 33.33333333333334
      vertex 21.562437870278863 503.3643580130424 33.33333333333334
    endloop
  endfacet
  facet normal 0 0 1
    outer loop
      vertex 20.576968736617204 504.5181941206075 33.33333333333334
      vertex 20.71195793757864 504.4146132636241 33.33333333333334
      vertex 30.666666666666668 515.2222222222223 33.33333333333334
    endloop
  endfacet
  facet normal 0 0 1
    outer loop
      vertex 20.71195793757864 504.4146132636241 33.33333333333334
      vertex 20.841341137332957 504.30410957169045 33.33333333333334
      vertex 30.666666666666668 515.2222222222223 33.33333333333334
    endloop
  endfacet
  facet normal 0 0 1
    outer loop
      vertex 20.841341137332957 504.30410957169045 33.33333333333334
      vertex 20.964763705522948 504.18698592774524 33.33333333333334
      vertex 30.666666666666668 515.2222222222223 33.33333333333334
    endloop
  endfacet
  facet normal 0 0 1
    outer loop
      vertex 20.964763705522948 504.18698592774524 33.33333333333334
      vertex 21.0818873494682 504.06356335955525 33.33333333333334
      vertex 30.666666666666668 515.2222222222223 33.33333333333334
    endloop
  endfacet
  facet normal 0 0 1
    outer loop
      vertex 21.0818873494682 504.06356335955525 33.33333333333334
      vertex 21.192391041401823 503.9341801598009 33.33333333333334
      vertex 30.666666666666668 515.2222222222223 33.33333333333334
    endloop
  endfacet
  facet normal 0 0 1
    outer loop
      vertex 21.192391041401823 503.9341801598009 33.33333333333334
      vertex 21.295971898385247 503.79919095883946 33.33333333333334
      vertex 30.666666666666668 515.2222222222223 33.33333333333334
    endloop
  endfacet
  facet normal 0 0 1
    outer loop
      vertex 21.295971898385247 503.79919095883946 33.33333333333334
      vertex 21.392346012489295 503.6589657526878 33.33333333333334
      vertex 30.666666666666668 515.2222222222223 33.33333333333334
    endloop
  endfacet
  facet normal 0 0 1
    outer loop
      vertex 21.392346012489295 503.6589657526878 33.33333333333334
      vertex 21.481249228966092 503.5138888888889 33.33333333333334
      vertex 30.666666666666668 515.2222222222223 33.33333333333334
    endloop
  endfacet
  facet normal -0.9238795325112815 0.3826834323651024 0
    outer loop
      vertex 21.70080305278257 520.8075263862 -6.666666666666657
      vertex 21.63568940400512 520.6503281322259 33.33333333333334
      vertex 21.70080305278257 520.8075263862 33.33333333333334
    endloop
  endfacet
  facet normal -0.9426414910921722 0.33380685923378833 0
    outer loop
      vertex 21.757600344625917 520.9679169905037 -6.666666666666657
      vertex 21.70080305278257 520.8075263862 33.33333333333334
      vertex 21.757600344625917 520.9679169905037 33.33333333333334
    endloop
  endfacet
  facet normal -0.9588197348681877 0.2840153447039403 0
    outer loop
      vertex 21.80592560210614 521.131060325639 -6.666666666666657
      vertex 21.757600344625917 520.9679169905037 33.33333333333334
      vertex 21.80592560210614 521.131060325639 33.33333333333334
    endloop
  endfacet
  facet normal -0.9723699203976904 0.2334453638558473 0
    outer loop
      vertex 21.845646369051536 521.2965092270646 -6.666666666666657
      vertex 21.80592560210614 521.131060325639 33.33333333333334
      vertex 21.845646369051536 521.2965092270646 33.33333333333334
    endloop
  endfacet
  facet normal -0.9426414910920978 -0.33380685923399855 0
    outer loop
      vertex 21.70080305278257 523.1369180582444 -6.666666666666657
      vertex 21.757600344625917 522.9765274539409 33.33333333333334
      vertex 21.70080305278257 523.1369180582444 33.33333333333334
    endloop
  endfacet
  facet normal -0.9588197348681877 -0.2840153447039403 0
    outer loop
      vertex 21.757600344625917 522.9765274539409 -6.666666666666657
      vertex 21.80592560210614 522.8133841188055 33.33333333333334
      vertex 21.757600344625917 522.9765274539409 33.33333333333334
    endloop
  endfacet
  facet normal -0.9723699203976904 -0.2334453638558473 0
    outer loop
      vertex 21.80592560210614 522.8133841188055 -6.666666666666657
      vertex 21.845646369051536 522.64793521738 33.33333333333334
      vertex 21.80592560210614 522.8133841188055 33.33333333333334
    endloop
  endfacet
  facet normal -0.9832549075639534 0.18223552549215452 0
    outer loop
      vertex 21.876653773600864 521.4638102108415 -6.666666666666657
      vertex 21.845646369051536 521.2965092270646 33.33333333333334
      vertex 21.876653773600864 521.4638102108415 33.33333333333334
    endloop
  endfacet
  facet normal -0.9914448613738093 0.13052619222006104 0
    outer loop
      vertex 21.898862826613556 521.6325047166024 -6.666666666666657
      vertex 21.876653773600864 521.4638102108415 33.33333333333334
      vertex 21.898862826613556 521.6325047166024 33.33333333333334
    endloop
  endfacet
  facet normal -0.9969173337331292 0.07845909572783119 0
    outer loop
      vertex 21.912212654619033 521.8021303644327 -6.666666666666657
      vertex 21.898862826613556 521.6325047166024 33.33333333333334
      vertex 21.912212654619033 521.8021303644327 33.33333333333334
    endloop
  endfacet
  facet normal -0.9996573249755571 0.026176948307876452 0
    outer loop
      vertex 21.916666666666668 521.9722222222223 -6.666666666666657
      vertex 21.912212654619033 521.8021303644327 33.33333333333334
      vertex 21.916666666666668 521.9722222222223 33.33333333333334
    endloop
  endfacet
  facet normal -0.9832549075639534 -0.18223552549215452 0
    outer loop
      vertex 21.845646369051536 522.64793521738 -6.666666666666657
      vertex 21.876653773600864 522.480634233603 33.33333333333334
      vertex 21.845646369051536 522.64793521738 33.33333333333334
    endloop
  endfacet
  facet normal -0.9914448613738093 -0.13052619222006104 0
    outer loop
      vertex 21.876653773600864 522.480634233603 -6.666666666666657
      vertex 21.898862826613556 522.3119397278422 33.33333333333334
      vertex 21.876653773600864 522.480634233603 33.33333333333334
    endloop
  endfacet
  facet normal -0.9996573249755571 -0.026176948307876452 0
    outer loop
      vertex 21.912212654619033 522.1423140800118 -6.666666666666657
      vertex 21.916666666666668 521.9722222222223 33.33333333333334
      vertex 21.912212654619033 522.1423140800118 33.33333333333334
    endloop
  endfacet
  facet normal -0.9969173337331292 -0.07845909572783119 0
    outer loop
      vertex 21.898862826613556 522.3119397278422 -6.666666666666657
      vertex 21.912212654619033 522.1423140800118 33.33333333333334
      vertex 21.898862826613556 522.3119397278422 33.33333333333334
    endloop
  endfacet
  facet normal 0 0 1
    outer loop
      vertex 17.825504770083473 518.8329632867828 33.33333333333334
      vertex 30.666666666666668 515.2222222222223 33.33333333333334
      vertex 17.99095367150895 518.7932425198373 33.33333333333334
    endloop
  endfacet
  facet normal 0 0 1
    outer loop
      vertex 17.99095367150895 518.7932425198373 33.33333333333334
      vertex 30.666666666666668 515.2222222222223 33.33333333333334
      vertex 18.158254655285916 518.762235115288 33.33333333333334
    endloop
  endfacet
  facet normal 0 0 1
    outer loop
      vertex 18.158254655285916 518.762235115288 33.33333333333334
      vertex 30.666666666666668 515.2222222222223 33.33333333333334
      vertex 18.326949161046795 518.7400260622753 33.33333333333334
    endloop
  endfacet
  facet normal 0 0 1
    outer loop
      vertex 18.326949161046795 518.7400260622753 33.33333333333334
      vertex 30.666666666666668 515.2222222222223 33.33333333333334
      vertex 18.4965748088771 518.7266762342699 33.33333333333334
    endloop
  endfacet
  facet normal 0 0 1
    outer loop
      vertex 18.4965748088771 518.7266762342699 33.33333333333334
      vertex 30.666666666666668 515.2222222222223 33.33333333333334
      vertex 18.666666666666668 518.7222222222223 33.33333333333334
    endloop
  endfacet
  facet normal 0 0 1
    outer loop
      vertex 18.666666666666668 518.7222222222223 33.33333333333334
      vertex 30.666666666666668 515.2222222222223 33.33333333333334
      vertex 18.836758524456233 518.7266762342699 33.33333333333334
    endloop
  endfacet
  facet normal 0 0 1
    outer loop
      vertex 18.836758524456233 518.7266762342699 33.33333333333334
      vertex 30.666666666666668 515.2222222222223 33.33333333333334
      vertex 19.00638417228654 518.7400260622753 33.33333333333334
    endloop
  endfacet
  facet normal 0 0 1
    outer loop
      vertex 19.00638417228654 518.7400260622753 33.33333333333334
      vertex 30.666666666666668 515.2222222222223 33.33333333333334
      vertex 19.175078678047417 518.762235115288 33.33333333333334
    endloop
  endfacet
  facet normal 0 0 1
    outer loop
      vertex 19.175078678047417 518.762235115288 33.33333333333334
      vertex 30.666666666666668 515.2222222222223 33.33333333333334
      vertex 19.342379661824385 518.7932425198373 33.33333333333334
    endloop
  endfacet
  facet normal 0 0 1
    outer loop
      vertex 18.666666666666668 525.2222222222223 33.33333333333334
      vertex 18.836758524456233 525.2177682101747 33.33333333333334
      vertex 30.666666666666668 535.2222222222223 33.33333333333334
    endloop
  endfacet
  facet normal 0 0 1
    outer loop
      vertex 18.836758524456233 525.2177682101747 33.33333333333334
      vertex 19.00638417228654 525.2044183821691 33.33333333333334
      vertex 30.666666666666668 535.2222222222223 33.33333333333334
    endloop
  endfacet
  facet normal 0 0 1
    outer loop
      vertex 19.00638417228654 525.2044183821691 33.33333333333334
      vertex 19.175078678047417 525.1822093291564 33.33333333333334
      vertex 30.666666666666668 535.2222222222223 33.33333333333334
    endloop
  endfacet
  facet normal 0 0 1
    outer loop
      vertex 19.175078678047417 525.1822093291564 33.33333333333334
      vertex 19.342379661824385 525.1512019246071 33.33333333333334
      vertex 30.666666666666668 535.2222222222223 33.33333333333334
    endloop
  endfacet
  facet normal 0 0 1
    outer loop
      vertex 19.342379661824385 518.7932425198373 33.33333333333334
      vertex 30.666666666666668 515.2222222222223 33.33333333333334
      vertex 19.50782856324986 518.8329632867828 33.33333333333334
    endloop
  endfacet
  facet normal 0 0 1
    outer loop
      vertex 19.50782856324986 518.8329632867828 33.33333333333334
      vertex 30.666666666666668 515.2222222222223 33.33333333333334
      vertex 19.670971898385247 518.881288544263 33.33333333333334
    endloop
  endfacet
  facet normal 0 0 1
    outer loop
      vertex 19.670971898385247 518.881288544263 33.33333333333334
      vertex 30.666666666666668 515.2222222222223 33.33333333333334
      vertex 19.831362502688894 518.9380858361063 33.33333333333334
    endloop
  endfacet
  facet normal 0 0 1
    outer loop
      vertex 19.831362502688894 518.9380858361063 33.33333333333334
      vertex 30.666666666666668 515.2222222222223 33.33333333333334
      vertex 19.988560756663016 519.0031994848838 33.33333333333334
    endloop
  endfacet
  facet normal 0 0 1
    outer loop
      vertex 19.988560756663016 519.0031994848838 33.33333333333334
      vertex 30.666666666666668 515.2222222222223 33.33333333333334
      vertex 20.142135790820195 519.0764510186101 33.33333333333334
    endloop
  endfacet
  facet normal 0 0 1
    outer loop
      vertex 20.142135790820195 519.0764510186101 33.33333333333334
      vertex 30.666666666666668 515.2222222222223 33.33333333333334
      vertex 20.291666666666668 519.1576396599228 33.33333333333334
    endloop
  endfacet
  facet normal 0 0 1
    outer loop
      vertex 20.291666666666668 519.1576396599228 33.33333333333334
      vertex 30.666666666666668 515.2222222222223 33.33333333333334
      vertex 20.436743530465506 519.2465428763996 33.33333333333334
    endloop
  endfacet
  facet normal 0 0 1
    outer loop
      vertex 20.436743530465506 519.2465428763996 33.33333333333334
      vertex 30.666666666666668 515.2222222222223 33.33333333333334
      vertex 20.576968736617204 519.3429169905037 33.33333333333334
    endloop
  endfacet
  facet normal 0 0 1
    outer loop
      vertex 20.576968736617204 519.3429169905037 33.33333333333334
      vertex 30.666666666666668 515.2222222222223 33.33333333333334
      vertex 20.71195793757864 519.4464978474871 33.33333333333334
    endloop
  endfacet
  facet normal 0 0 1
    outer loop
      vertex 20.71195793757864 519.4464978474871 33.33333333333334
      vertex 30.666666666666668 515.2222222222223 33.33333333333334
      vertex 20.841341137332957 519.5570015394208 33.33333333333334
    endloop
  endfacet
  facet normal 0 0 1
    outer loop
      vertex 20.841341137332957 519.5570015394208 33.33333333333334
      vertex 30.666666666666668 515.2222222222223 33.33333333333334
      vertex 20.964763705522948 519.674125183366 33.33333333333334
    endloop
  endfacet
  facet normal 0 0 1
    outer loop
      vertex 20.964763705522948 519.674125183366 33.33333333333334
      vertex 30.666666666666668 515.2222222222223 33.33333333333334
      vertex 21.0818873494682 519.797547751556 33.33333333333334
    endloop
  endfacet
  facet normal 0 0 1
    outer loop
      vertex 21.0818873494682 519.797547751556 33.33333333333334
      vertex 30.666666666666668 515.2222222222223 33.33333333333334
      vertex 21.192391041401823 519.9269309513103 33.33333333333334
    endloop
  endfacet
  facet normal 0 0 1
    outer loop
      vertex 21.192391041401823 519.9269309513103 33.33333333333334
      vertex 30.666666666666668 515.2222222222223 33.33333333333334
      vertex 21.295971898385247 520.0619201522717 33.33333333333334
    endloop
  endfacet
  facet normal 0 0 1
    outer loop
      vertex 21.295971898385247 520.0619201522717 33.33333333333334
      vertex 30.666666666666668 515.2222222222223 33.33333333333334
      vertex 21.392346012489295 520.2021453584234 33.33333333333334
    endloop
  endfacet
  facet normal 0 0 1
    outer loop
      vertex 21.392346012489295 520.2021453584234 33.33333333333334
      vertex 30.666666666666668 515.2222222222223 33.33333333333334
      vertex 21.481249228966092 520.3472222222223 33.33333333333334
    endloop
  endfacet
  facet normal 0 0 1
    outer loop
      vertex 21.481249228966092 520.3472222222223 33.33333333333334
      vertex 30.666666666666668 515.2222222222223 33.33333333333334
      vertex 21.562437870278863 520.4967530980687 33.33333333333334
    endloop
  endfacet
  facet normal 0 0 1
    outer loop
      vertex 21.562437870278863 520.4967530980687 33.33333333333334
      vertex 30.666666666666668 515.2222222222223 33.33333333333334
      vertex 21.63568940400512 520.6503281322259 33.33333333333334
    endloop
  endfacet
  facet normal 0 0 1
    outer loop
      vertex 21.562437870278863 523.4476913463758 33.33333333333334
      vertex 21.63568940400512 523.2941163122186 33.33333333333334
      vertex 30.666666666666668 515.2222222222223 33.33333333333334
    endloop
  endfacet
  facet normal 0 0 1
    outer loop
      vertex 19.342379661824385 525.1512019246071 33.33333333333334
      vertex 19.50782856324986 525.1114811576617 33.33333333333334
      vertex 30.666666666666668 535.2222222222223 33.33333333333334
    endloop
  endfacet
  facet normal 0 0 1
    outer loop
      vertex 19.50782856324986 525.1114811576617 33.33333333333334
      vertex 19.670971898385247 525.0631559001815 33.33333333333334
      vertex 30.666666666666668 535.2222222222223 33.33333333333334
    endloop
  endfacet
  facet normal 0 0 1
    outer loop
      vertex 19.670971898385247 525.0631559001815 33.33333333333334
      vertex 19.831362502688894 525.0063586083381 33.33333333333334
      vertex 30.666666666666668 535.2222222222223 33.33333333333334
    endloop
  endfacet
  facet normal 0 0 1
    outer loop
      vertex 19.831362502688894 525.0063586083381 33.33333333333334
      vertex 19.988560756663016 524.9412449595607 33.33333333333334
      vertex 30.666666666666668 535.2222222222223 33.33333333333334
    endloop
  endfacet
  facet normal 0 0 1
    outer loop
      vertex 19.988560756663016 524.9412449595607 33.33333333333334
      vertex 20.142135790820195 524.8679934258345 33.33333333333334
      vertex 30.666666666666668 535.2222222222223 33.33333333333334
    endloop
  endfacet
  facet normal 0 0 1
    outer loop
      vertex 20.142135790820195 524.8679934258345 33.33333333333334
      vertex 20.291666666666668 524.7868047845217 33.33333333333334
      vertex 30.666666666666668 535.2222222222223 33.33333333333334
    endloop
  endfacet
  facet normal 0 0 1
    outer loop
      vertex 20.291666666666668 524.7868047845217 33.33333333333334
      vertex 20.436743530465506 524.6979015680449 33.33333333333334
      vertex 30.666666666666668 535.2222222222223 33.33333333333334
    endloop
  endfacet
  facet normal 0 0 1
    outer loop
      vertex 20.436743530465506 524.6979015680449 33.33333333333334
      vertex 20.576968736617204 524.6015274539409 33.33333333333334
      vertex 30.666666666666668 535.2222222222223 33.33333333333334
    endloop
  endfacet
  facet normal 0 0 1
    outer loop
      vertex 20.576968736617204 524.6015274539409 33.33333333333334
      vertex 20.71195793757864 524.4979465969574 33.33333333333334
      vertex 30.666666666666668 535.2222222222223 33.33333333333334
    endloop
  endfacet
  facet normal 0 0 1
    outer loop
      vertex 20.71195793757864 524.4979465969574 33.33333333333334
      vertex 20.841341137332957 524.3874429050238 33.33333333333334
      vertex 30.666666666666668 535.2222222222223 33.33333333333334
    endloop
  endfacet
  facet normal 0 0 1
    outer loop
      vertex 20.841341137332957 524.3874429050238 33.33333333333334
      vertex 20.964763705522948 524.2703192610785 33.33333333333334
      vertex 30.666666666666668 535.2222222222223 33.33333333333334
    endloop
  endfacet
  facet normal 0 0 1
    outer loop
      vertex 20.964763705522948 524.2703192610785 33.33333333333334
      vertex 21.0818873494682 524.1468966928885 33.33333333333334
      vertex 30.666666666666668 535.2222222222223 33.33333333333334
    endloop
  endfacet
  facet normal 0 0 1
    outer loop
      vertex 21.192391041401823 524.0175134931342 33.33333333333334
      vertex 30.666666666666668 535.2222222222223 33.33333333333334
      vertex 21.0818873494682 524.1468966928885 33.33333333333334
    endloop
  endfacet
  facet normal 0 0 1
    outer loop
      vertex 21.192391041401823 524.0175134931342 33.33333333333334
      vertex 21.295971898385247 523.8825242921728 33.33333333333334
      vertex 30.666666666666668 535.2222222222223 33.33333333333334
    endloop
  endfacet
  facet normal 0 0 1
    outer loop
      vertex 21.295971898385247 523.8825242921728 33.33333333333334
      vertex 21.392346012489295 523.7422990860211 33.33333333333334
      vertex 30.666666666666668 535.2222222222223 33.33333333333334
    endloop
  endfacet
  facet normal 0 0 1
    outer loop
      vertex 21.392346012489295 523.7422990860211 33.33333333333334
      vertex 21.481249228966092 523.5972222222223 33.33333333333334
      vertex 30.666666666666668 535.2222222222223 33.33333333333334
    endloop
  endfacet
  facet normal 0 0 1
    outer loop
      vertex 21.481249228966092 523.5972222222223 33.33333333333334
      vertex 21.562437870278863 523.4476913463758 33.33333333333334
      vertex 30.666666666666668 535.2222222222223 33.33333333333334
    endloop
  endfacet
  facet normal 0 -1 0
    outer loop
      vertex 30.666666666666668 489.0555555555556 -54.66666666666666
      vertex 30.666666666666668 489.0555555555556 33.33333333333334
      vertex 20.666666666666668 489.0555555555556 33.33333333333334
    endloop
  endfacet
  facet normal 1 0 0
    outer loop
      vertex 30.666666666666668 489.0555555555556 -54.66666666666666
      vertex 30.666666666666668 515.2222222222223 33.33333333333334
      vertex 30.666666666666668 489.0555555555556 33.33333333333334
    endloop
  endfacet
  facet normal 1 0 0
    outer loop
      vertex 30.666666666666668 515.2222222222223 -47.555555554727704
      vertex 30.666666666666668 535.2222222222223 33.33333333333334
      vertex 30.666666666666668 515.2222222222223 33.33333333333334
    endloop
  endfacet
  facet normal 0 0 1
    outer loop
      vertex 21.63568940400512 500.56699479889255 33.33333333333334
      vertex 30.666666666666668 489.0555555555556 33.33333333333334
      vertex 21.70080305278257 500.72419305286667 33.33333333333334
    endloop
  endfacet
  facet normal 0 0 1
    outer loop
      vertex 21.70080305278257 500.72419305286667 33.33333333333334
      vertex 30.666666666666668 489.0555555555556 33.33333333333334
      vertex 21.757600344625917 500.8845836571703 33.33333333333334
    endloop
  endfacet
  facet normal 0 0 1
    outer loop
      vertex 21.757600344625917 500.8845836571703 33.33333333333334
      vertex 30.666666666666668 489.0555555555556 33.33333333333334
      vertex 21.80592560210614 501.04772699230574 33.33333333333334
    endloop
  endfacet
  facet normal 0 0 1
    outer loop
      vertex 21.80592560210614 501.04772699230574 33.33333333333334
      vertex 30.666666666666668 489.0555555555556 33.33333333333334
      vertex 21.845646369051536 501.2131758937312 33.33333333333334
    endloop
  endfacet
  facet normal 0 0 1
    outer loop
      vertex 21.845646369051536 501.2131758937312 33.33333333333334
      vertex 30.666666666666668 489.0555555555556 33.33333333333334
      vertex 21.876653773600864 501.38047687750816 33.33333333333334
    endloop
  endfacet
  facet normal 0 0 1
    outer loop
      vertex 21.876653773600864 501.38047687750816 33.33333333333334
      vertex 30.666666666666668 489.0555555555556 33.33333333333334
      vertex 21.898862826613556 501.549171383269 33.33333333333334
    endloop
  endfacet
  facet normal 0 0 1
    outer loop
      vertex 21.898862826613556 501.549171383269 33.33333333333334
      vertex 30.666666666666668 489.0555555555556 33.33333333333334
      vertex 21.912212654619033 501.71879703109937 33.33333333333334
    endloop
  endfacet
  facet normal 0 0 1
    outer loop
      vertex 21.912212654619033 501.71879703109937 33.33333333333334
      vertex 30.666666666666668 489.0555555555556 33.33333333333334
      vertex 21.916666666666668 501.8888888888889 33.33333333333334
    endloop
  endfacet
  facet normal 0 0 1
    outer loop
      vertex 21.70080305278257 503.05358472491116 33.33333333333334
      vertex 21.757600344625917 502.8931941206075 33.33333333333334
      vertex 30.666666666666668 515.2222222222223 33.33333333333334
    endloop
  endfacet
  facet normal 0 0 1
    outer loop
      vertex 21.63568940400512 503.2107829788853 33.33333333333334
      vertex 21.70080305278257 503.05358472491116 33.33333333333334
      vertex 30.666666666666668 515.2222222222223 33.33333333333334
    endloop
  endfacet
  facet normal 0 0 1
    outer loop
      vertex 21.757600344625917 502.8931941206075 33.33333333333334
      vertex 21.80592560210614 502.73005078547214 33.33333333333334
      vertex 30.666666666666668 515.2222222222223 33.33333333333334
    endloop
  endfacet
  facet normal 0 0 1
    outer loop
      vertex 21.845646369051536 502.5646018840466 33.33333333333334
      vertex 21.876653773600864 502.39730090026967 33.33333333333334
      vertex 30.666666666666668 515.2222222222223 33.33333333333334
    endloop
  endfacet
  facet normal 0 0 1
    outer loop
      vertex 21.916666666666668 501.8888888888889 33.33333333333334
      vertex 30.666666666666668 515.2222222222223 33.33333333333334
      vertex 21.912212654619033 502.05898074667846 33.33333333333334
    endloop
  endfacet
  facet normal 0 0 1
    outer loop
      vertex 21.898862826613556 502.2286063945088 33.33333333333334
      vertex 21.912212654619033 502.05898074667846 33.33333333333334
      vertex 30.666666666666668 515.2222222222223 33.33333333333334
    endloop
  endfacet
  facet normal 0 0 1
    outer loop
      vertex 21.898862826613556 502.2286063945088 33.33333333333334
      vertex 30.666666666666668 515.2222222222223 33.33333333333334
      vertex 21.876653773600864 502.39730090026967 33.33333333333334
    endloop
  endfacet
  facet normal 0 0 1
    outer loop
      vertex 21.845646369051536 502.5646018840466 33.33333333333334
      vertex 30.666666666666668 515.2222222222223 33.33333333333334
      vertex 21.80592560210614 502.73005078547214 33.33333333333334
    endloop
  endfacet
  facet normal 0 0 1
    outer loop
      vertex 21.63568940400512 520.6503281322259 33.33333333333334
      vertex 30.666666666666668 515.2222222222223 33.33333333333334
      vertex 21.70080305278257 520.8075263862 33.33333333333334
    endloop
  endfacet
  facet normal 0 0 1
    outer loop
      vertex 21.70080305278257 520.8075263862 33.33333333333334
      vertex 30.666666666666668 515.2222222222223 33.33333333333334
      vertex 21.757600344625917 520.9679169905037 33.33333333333334
    endloop
  endfacet
  facet normal 0 0 1
    outer loop
      vertex 21.757600344625917 520.9679169905037 33.33333333333334
      vertex 30.666666666666668 515.2222222222223 33.33333333333334
      vertex 21.80592560210614 521.131060325639 33.33333333333334
    endloop
  endfacet
  facet normal 0 0 1
    outer loop
      vertex 21.80592560210614 521.131060325639 33.33333333333334
      vertex 30.666666666666668 515.2222222222223 33.33333333333334
      vertex 21.845646369051536 521.2965092270646 33.33333333333334
    endloop
  endfacet
  facet normal 0 0 1
    outer loop
      vertex 21.845646369051536 521.2965092270646 33.33333333333334
      vertex 30.666666666666668 515.2222222222223 33.33333333333334
      vertex 21.876653773600864 521.4638102108415 33.33333333333334
    endloop
  endfacet
  facet normal 0 0 1
    outer loop
      vertex 21.898862826613556 521.6325047166024 33.33333333333334
      vertex 30.666666666666668 515.2222222222223 33.33333333333334
      vertex 21.912212654619033 521.8021303644327 33.33333333333334
    endloop
  endfacet
  facet normal 0 0 1
    outer loop
      vertex 21.876653773600864 521.4638102108415 33.33333333333334
      vertex 30.666666666666668 515.2222222222223 33.33333333333334
      vertex 21.898862826613556 521.6325047166024 33.33333333333334
    endloop
  endfacet
  facet normal 0 0 1
    outer loop
      vertex 21.898862826613556 522.3119397278422 33.33333333333334
      vertex 21.912212654619033 522.1423140800118 33.33333333333334
      vertex 30.666666666666668 515.2222222222223 33.33333333333334
    endloop
  endfacet
  facet normal 0 0 1
    outer loop
      vertex 21.912212654619033 521.8021303644327 33.33333333333334
      vertex 30.666666666666668 515.2222222222223 33.33333333333334
      vertex 21.916666666666668 521.9722222222223 33.33333333333334
    endloop
  endfacet
  facet normal 0 0 1
    outer loop
      vertex 21.916666666666668 521.9722222222223 33.33333333333334
      vertex 30.666666666666668 515.2222222222223 33.33333333333334
      vertex 21.912212654619033 522.1423140800118 33.33333333333334
    endloop
  endfacet
  facet normal 0 0 1
    outer loop
      vertex 21.63568940400512 523.2941163122186 33.33333333333334
      vertex 21.70080305278257 523.1369180582444 33.33333333333334
      vertex 30.666666666666668 515.2222222222223 33.33333333333334
    endloop
  endfacet
  facet normal 0 0 1
    outer loop
      vertex 21.70080305278257 523.1369180582444 33.33333333333334
      vertex 21.757600344625917 522.9765274539409 33.33333333333334
      vertex 30.666666666666668 515.2222222222223 33.33333333333334
    endloop
  endfacet
  facet normal 0 0 1
    outer loop
      vertex 21.757600344625917 522.9765274539409 33.33333333333334
      vertex 21.80592560210614 522.8133841188055 33.33333333333334
      vertex 30.666666666666668 515.2222222222223 33.33333333333334
    endloop
  endfacet
  facet normal 0 0 1
    outer loop
      vertex 21.845646369051536 522.64793521738 33.33333333333334
      vertex 30.666666666666668 515.2222222222223 33.33333333333334
      vertex 21.80592560210614 522.8133841188055 33.33333333333334
    endloop
  endfacet
  facet normal 0 0 1
    outer loop
      vertex 21.845646369051536 522.64793521738 33.33333333333334
      vertex 21.876653773600864 522.480634233603 33.33333333333334
      vertex 30.666666666666668 515.2222222222223 33.33333333333334
    endloop
  endfacet
  facet normal 0 0 1
    outer loop
      vertex 21.898862826613556 522.3119397278422 33.33333333333334
      vertex 30.666666666666668 515.2222222222223 33.33333333333334
      vertex 21.876653773600864 522.480634233603 33.33333333333334
    endloop
  endfacet
  facet normal 0 0 1
    outer loop
      vertex 21.562437870278863 523.4476913463758 33.33333333333334
      vertex 30.666666666666668 515.2222222222223 33.33333333333334
      vertex 30.666666666666668 535.2222222222223 33.33333333333334
    endloop
  endfacet
  facet normal 0 0 1
    outer loop
      vertex 21.916666666666668 501.8888888888889 33.33333333333334
      vertex 30.666666666666668 489.0555555555556 33.33333333333334
      vertex 30.666666666666668 515.2222222222223 33.33333333333334
    endloop
  endfacet
endsolid OpenSCAD_Model
