solid OpenSCAD_Model
  facet normal -0.9992290362407229 0.03925981575906776 0
    outer loop
      vertex 0 15.399999999999999 52
      vertex 0.10666025283376968 18.114684712183433 62
      vertex 0.10666025283376968 18.114684712183433 52
    endloop
  endfacet
  facet normal -0.9992290362407229 0.03925981575906776 0
    outer loop
      vertex 0 15.399999999999999 52
      vertex 0 15.399999999999999 62
      vertex 0.10666025283376968 18.114684712183433 62
    endloop
  endfacet
  facet normal 0 0 1
    outer loop
      vertex 0 15.399999999999999 62
      vertex 18.700000000000003 16 62
      vertex 0.10666025283376968 18.114684712183433 62
    endloop
  endfacet
  facet normal -0.9930684569549263 0.11753739745783771 0
    outer loop
      vertex 0.10666025283376968 18.114684712183433 52
      vertex 0.4259834154082327 20.812632490391987 62
      vertex 0.4259834154082327 20.812632490391987 52
    endloop
  endfacet
  facet normal -0.9930684569549263 0.11753739745783771 0
    outer loop
      vertex 0.10666025283376968 18.114684712183433 52
      vertex 0.10666025283376968 18.114684712183433 62
      vertex 0.4259834154082327 20.812632490391987 62
    endloop
  endfacet
  facet normal -0.9807852804032301 0.19509032201613 0
    outer loop
      vertex 0.4259834154082327 20.812632490391987 52
      vertex 0.4259834154082327 20.812632490391987 62
      vertex 0.9560007542403923 23.477209589414326 62
    endloop
  endfacet
  facet normal -0.9807852804032301 0.19509032201613 0
    outer loop
      vertex 0.4259834154082327 20.812632490391987 52
      vertex 0.9560007542403923 23.477209589414326 62
      vertex 0.9560007542403923 23.477209589414326 52
    endloop
  endfacet
  facet normal -0.9624552364536471 0.27144044986507504 -1.615584683908896e-17
    outer loop
      vertex 0.9560007542403923 23.477209589414326 52
      vertex 1.693444536187691 26.091988005373178 62
      vertex 1.3290662335759351 24.8 52
    endloop
  endfacet
  facet normal -0.9624552364536471 0.27144044986507504 0
    outer loop
      vertex 0.9560007542403923 23.477209589414326 52
      vertex 0.9560007542403923 23.477209589414326 62
      vertex 1.693444536187691 26.091988005373178 62
    endloop
  endfacet
  facet normal 0 0 1
    outer loop
      vertex 0.10666025283376968 18.114684712183433 62
      vertex 19.158359213500127 17.410684605501935 62
      vertex 0.4259834154082327 20.812632490391987 62
    endloop
  endfacet
  facet normal 0 0 1
    outer loop
      vertex 0 15.399999999999999 62
      vertex 18.77751752767741 15.399999999999999 62
      vertex 18.76631219104558 15.439731126745826 62
    endloop
  endfacet
  facet normal 0 0 1
    outer loop
      vertex 0 15.399999999999999 62
      vertex 18.76631219104558 15.439731126745826 62
      vertex 18.72954798257167 15.624557283903446 62
    endloop
  endfacet
  facet normal 0 0 1
    outer loop
      vertex 0 15.399999999999999 62
      vertex 18.72954798257167 15.624557283903446 62
      vertex 18.707398399040493 15.811698170253171 62
    endloop
  endfacet
  facet normal 0 0 1
    outer loop
      vertex 0 15.399999999999999 62
      vertex 18.707398399040493 15.811698170253171 62
      vertex 18.700000000000003 16 62
    endloop
  endfacet
  facet normal 0 0 1
    outer loop
      vertex 0.10666025283376968 18.114684712183433 62
      vertex 18.700000000000003 16 62
      vertex 18.707398399040493 16.188301829746827 62
    endloop
  endfacet
  facet normal 0 0 1
    outer loop
      vertex 0.10666025283376968 18.114684712183433 62
      vertex 18.707398399040493 16.188301829746827 62
      vertex 18.72954798257167 16.375442716096554 62
    endloop
  endfacet
  facet normal 0 0 1
    outer loop
      vertex 0.10666025283376968 18.114684712183433 62
      vertex 18.72954798257167 16.375442716096554 62
      vertex 18.76631219104558 16.560268873254174 62
    endloop
  endfacet
  facet normal 0 0 1
    outer loop
      vertex 0.10666025283376968 18.114684712183433 62
      vertex 18.76631219104558 16.560268873254174 62
      vertex 18.817464360891634 16.741640786499875 62
    endloop
  endfacet
  facet normal 0 0 1
    outer loop
      vertex 0.10666025283376968 18.114684712183433 62
      vertex 18.817464360891634 16.741640786499875 62
      vertex 18.882689121972913 16.918440237676215 62
    endloop
  endfacet
  facet normal 0 0 1
    outer loop
      vertex 0.10666025283376968 18.114684712183433 62
      vertex 18.882689121972913 16.918440237676215 62
      vertex 18.96158434194792 17.08957719937491 62
    endloop
  endfacet
  facet normal 0 0 1
    outer loop
      vertex 0.10666025283376968 18.114684712183433 62
      vertex 18.96158434194792 17.08957719937491 62
      vertex 19.05366360555018 17.253996555318277 62
    endloop
  endfacet
  facet normal 0 0 1
    outer loop
      vertex 0.10666025283376968 18.114684712183433 62
      vertex 19.05366360555018 17.253996555318277 62
      vertex 19.158359213500127 17.410684605501935 62
    endloop
  endfacet
  facet normal 0 0 1
    outer loop
      vertex 0.4259834154082327 20.812632490391987 62
      vertex 19.158359213500127 17.410684605501935 62
      vertex 19.275025682559928 17.558675315992442 62
    endloop
  endfacet
  facet normal 0 0 1
    outer loop
      vertex 0.4259834154082327 20.812632490391987 62
      vertex 19.275025682559928 17.558675315992442 62
      vertex 19.402943725152287 17.697056274847714 62
    endloop
  endfacet
  facet normal 0 0 1
    outer loop
      vertex 0.4259834154082327 20.812632490391987 62
      vertex 19.402943725152287 17.697056274847714 62
      vertex 19.54132468400756 17.824974317440073 62
    endloop
  endfacet
  facet normal 0 0 1
    outer loop
      vertex 0.4259834154082327 20.812632490391987 62
      vertex 19.54132468400756 17.824974317440073 62
      vertex 19.689315394498067 17.941640786499875 62
    endloop
  endfacet
  facet normal 0 0 1
    outer loop
      vertex 0.4259834154082327 20.812632490391987 62
      vertex 19.689315394498067 17.941640786499875 62
      vertex 19.846003444681724 18.04633639444982 62
    endloop
  endfacet
  facet normal 0 0 1
    outer loop
      vertex 0.4259834154082327 20.812632490391987 62
      vertex 19.846003444681724 18.04633639444982 62
      vertex 20.01042280062509 18.138415658052082 62
    endloop
  endfacet
  facet normal 0 0 1
    outer loop
      vertex 0.4259834154082327 20.812632490391987 62
      vertex 20.01042280062509 18.138415658052082 62
      vertex 20.181559762323786 18.21731087802709 62
    endloop
  endfacet
  facet normal 0 0 1
    outer loop
      vertex 0.4259834154082327 20.812632490391987 62
      vertex 20.181559762323786 18.21731087802709 62
      vertex 20.358359213500126 18.282535639108367 62
    endloop
  endfacet
  facet normal 0 0 1
    outer loop
      vertex 0.4259834154082327 20.812632490391987 62
      vertex 20.358359213500126 18.282535639108367 62
      vertex 20.539731126745828 18.333687808954423 62
    endloop
  endfacet
  facet normal 0 0 1
    outer loop
      vertex 0.4259834154082327 20.812632490391987 62
      vertex 20.539731126745828 18.333687808954423 62
      vertex 20.724557283903447 18.37045201742833 62
    endloop
  endfacet
  facet normal 0 0 1
    outer loop
      vertex 0.4259834154082327 20.812632490391987 62
      vertex 20.724557283903447 18.37045201742833 62
      vertex 20.911698170253175 18.39260160095951 62
    endloop
  endfacet
  facet normal 0 0 1
    outer loop
      vertex 0.4259834154082327 20.812632490391987 62
      vertex 20.911698170253175 18.39260160095951 62
      vertex 21.1 18.4 62
    endloop
  endfacet
  facet normal 0 0 1
    outer loop
      vertex 0.4259834154082327 20.812632490391987 62
      vertex 21.1 18.4 62
      vertex 21.28830182974683 18.39260160095951 62
    endloop
  endfacet
  facet normal 0 0 1
    outer loop
      vertex 0.4259834154082327 20.812632490391987 62
      vertex 46.05366360555018 17.253996555318277 62
      vertex 0.9560007542403923 23.477209589414326 62
    endloop
  endfacet
  facet normal 0 0 1
    outer loop
      vertex 0.9560007542403923 23.477209589414326 62
      vertex 46.84600344468173 18.04633639444982 62
      vertex 1.693444536187691 26.091988005373178 62
    endloop
  endfacet
  facet normal 0 0 1
    outer loop
      vertex 0.4259834154082327 20.812632490391987 62
      vertex 21.28830182974683 18.39260160095951 62
      vertex 46.05366360555018 17.253996555318277 62
    endloop
  endfacet
  facet normal 0 0 1
    outer loop
      vertex 1.693444536187691 26.091988005373178 62
      vertex 69.2 15.399999999999999 62
      vertex 2.6337681751094806 28.640846759832108 62
    endloop
  endfacet
  facet normal 0 0 1
    outer loop
      vertex 46.05366360555018 17.253996555318277 62
      vertex 21.660268873254175 18.333687808954423 62
      vertex 21.841640786499877 18.282535639108367 62
    endloop
  endfacet
  facet normal 0 0 1
    outer loop
      vertex 46.05366360555018 17.253996555318277 62
      vertex 21.841640786499877 18.282535639108367 62
      vertex 22.018440237676216 18.21731087802709 62
    endloop
  endfacet
  facet normal 0 0 1
    outer loop
      vertex 46.05366360555018 17.253996555318277 62
      vertex 22.018440237676216 18.21731087802709 62
      vertex 22.189577199374913 18.138415658052082 62
    endloop
  endfacet
  facet normal 0 0 1
    outer loop
      vertex 46.05366360555018 17.253996555318277 62
      vertex 22.189577199374913 18.138415658052082 62
      vertex 22.35399655531828 18.04633639444982 62
    endloop
  endfacet
  facet normal 0 0 1
    outer loop
      vertex 46.05366360555018 17.253996555318277 62
      vertex 21.28830182974683 18.39260160095951 62
      vertex 21.475442716096556 18.37045201742833 62
    endloop
  endfacet
  facet normal 0 0 1
    outer loop
      vertex 46.05366360555018 17.253996555318277 62
      vertex 21.475442716096556 18.37045201742833 62
      vertex 21.660268873254175 18.333687808954423 62
    endloop
  endfacet
  facet normal 0 0 1
    outer loop
      vertex 23.422482472322592 15.399999999999999 62
      vertex 45.77751752767741 15.399999999999999 62
      vertex 23.433687808954424 15.439731126745826 62
    endloop
  endfacet
  facet normal 0 0 1
    outer loop
      vertex 23.433687808954424 15.439731126745826 62
      vertex 45.76631219104558 15.439731126745826 62
      vertex 23.470452017428332 15.624557283903446 62
    endloop
  endfacet
  facet normal 0 0 1
    outer loop
      vertex 23.470452017428332 15.624557283903446 62
      vertex 45.70739839904049 15.811698170253171 62
      vertex 23.49260160095951 15.811698170253171 62
    endloop
  endfacet
  facet normal 0 0 1
    outer loop
      vertex 23.49260160095951 15.811698170253171 62
      vertex 45.70739839904049 15.811698170253171 62
      vertex 23.5 16 62
    endloop
  endfacet
  facet normal 0 0 1
    outer loop
      vertex 23.5 16 62
      vertex 45.7 16 62
      vertex 23.49260160095951 16.188301829746827 62
    endloop
  endfacet
  facet normal 0 0 1
    outer loop
      vertex 45.729547982571674 16.375442716096554 62
      vertex 23.470452017428332 16.375442716096554 62
      vertex 23.49260160095951 16.188301829746827 62
    endloop
  endfacet
  facet normal 0 0 1
    outer loop
      vertex 45.729547982571674 16.375442716096554 62
      vertex 23.31731087802709 16.918440237676215 62
      vertex 23.38253563910837 16.741640786499875 62
    endloop
  endfacet
  facet normal 0 0 1
    outer loop
      vertex 45.729547982571674 16.375442716096554 62
      vertex 23.238415658052084 17.08957719937491 62
      vertex 23.31731087802709 16.918440237676215 62
    endloop
  endfacet
  facet normal 0 0 1
    outer loop
      vertex 45.729547982571674 16.375442716096554 62
      vertex 23.433687808954424 16.560268873254174 62
      vertex 23.470452017428332 16.375442716096554 62
    endloop
  endfacet
  facet normal 0 0 1
    outer loop
      vertex 45.729547982571674 16.375442716096554 62
      vertex 23.38253563910837 16.741640786499875 62
      vertex 23.433687808954424 16.560268873254174 62
    endloop
  endfacet
  facet normal 0 0 1
    outer loop
      vertex 23.238415658052084 17.08957719937491 62
      vertex 46.05366360555018 17.253996555318277 62
      vertex 23.146336394449822 17.253996555318277 62
    endloop
  endfacet
  facet normal 0 0 1
    outer loop
      vertex 46.05366360555018 17.253996555318277 62
      vertex 23.041640786499876 17.410684605501935 62
      vertex 23.146336394449822 17.253996555318277 62
    endloop
  endfacet
  facet normal 0 0 1
    outer loop
      vertex 46.05366360555018 17.253996555318277 62
      vertex 22.924974317440075 17.558675315992442 62
      vertex 23.041640786499876 17.410684605501935 62
    endloop
  endfacet
  facet normal 0 0 1
    outer loop
      vertex 46.05366360555018 17.253996555318277 62
      vertex 22.797056274847716 17.697056274847714 62
      vertex 22.924974317440075 17.558675315992442 62
    endloop
  endfacet
  facet normal 0 0 1
    outer loop
      vertex 46.05366360555018 17.253996555318277 62
      vertex 22.510684605501936 17.941640786499875 62
      vertex 22.658675315992443 17.824974317440073 62
    endloop
  endfacet
  facet normal 0 0 1
    outer loop
      vertex 46.05366360555018 17.253996555318277 62
      vertex 22.35399655531828 18.04633639444982 62
      vertex 22.510684605501936 17.941640786499875 62
    endloop
  endfacet
  facet normal 0 0 1
    outer loop
      vertex 46.05366360555018 17.253996555318277 62
      vertex 22.658675315992443 17.824974317440073 62
      vertex 22.797056274847716 17.697056274847714 62
    endloop
  endfacet
  facet normal 0 0 1
    outer loop
      vertex 0.9560007542403923 23.477209589414326 62
      vertex 46.05366360555018 17.253996555318277 62
      vertex 46.15835921350013 17.410684605501935 62
    endloop
  endfacet
  facet normal 0 0 1
    outer loop
      vertex 0.9560007542403923 23.477209589414326 62
      vertex 46.15835921350013 17.410684605501935 62
      vertex 46.27502568255993 17.558675315992442 62
    endloop
  endfacet
  facet normal 0 0 1
    outer loop
      vertex 0.9560007542403923 23.477209589414326 62
      vertex 46.27502568255993 17.558675315992442 62
      vertex 46.40294372515229 17.697056274847714 62
    endloop
  endfacet
  facet normal 0 0 1
    outer loop
      vertex 0.9560007542403923 23.477209589414326 62
      vertex 46.40294372515229 17.697056274847714 62
      vertex 46.54132468400756 17.824974317440073 62
    endloop
  endfacet
  facet normal 0 0 1
    outer loop
      vertex 0.9560007542403923 23.477209589414326 62
      vertex 46.54132468400756 17.824974317440073 62
      vertex 46.68931539449807 17.941640786499875 62
    endloop
  endfacet
  facet normal 0 0 1
    outer loop
      vertex 0.9560007542403923 23.477209589414326 62
      vertex 46.68931539449807 17.941640786499875 62
      vertex 46.84600344468173 18.04633639444982 62
    endloop
  endfacet
  facet normal 0 0 1
    outer loop
      vertex 1.693444536187691 26.091988005373178 62
      vertex 46.84600344468173 18.04633639444982 62
      vertex 47.010422800625086 18.138415658052082 62
    endloop
  endfacet
  facet normal 0 0 1
    outer loop
      vertex 1.693444536187691 26.091988005373178 62
      vertex 47.010422800625086 18.138415658052082 62
      vertex 47.181559762323786 18.21731087802709 62
    endloop
  endfacet
  facet normal 0 0 1
    outer loop
      vertex 1.693444536187691 26.091988005373178 62
      vertex 47.181559762323786 18.21731087802709 62
      vertex 47.35835921350013 18.282535639108367 62
    endloop
  endfacet
  facet normal 0 0 1
    outer loop
      vertex 1.693444536187691 26.091988005373178 62
      vertex 47.35835921350013 18.282535639108367 62
      vertex 47.53973112674583 18.333687808954423 62
    endloop
  endfacet
  facet normal 0 0 1
    outer loop
      vertex 1.693444536187691 26.091988005373178 62
      vertex 47.53973112674583 18.333687808954423 62
      vertex 47.72455728390345 18.37045201742833 62
    endloop
  endfacet
  facet normal 0 0 1
    outer loop
      vertex 1.693444536187691 26.091988005373178 62
      vertex 47.72455728390345 18.37045201742833 62
      vertex 47.911698170253175 18.39260160095951 62
    endloop
  endfacet
  facet normal 0 0 1
    outer loop
      vertex 1.693444536187691 26.091988005373178 62
      vertex 47.911698170253175 18.39260160095951 62
      vertex 48.1 18.4 62
    endloop
  endfacet
  facet normal 0 0 1
    outer loop
      vertex 1.693444536187691 26.091988005373178 62
      vertex 48.1 18.4 62
      vertex 48.28830182974683 18.39260160095951 62
    endloop
  endfacet
  facet normal 0 0 1
    outer loop
      vertex 1.693444536187691 26.091988005373178 62
      vertex 48.28830182974683 18.39260160095951 62
      vertex 48.47544271609655 18.37045201742833 62
    endloop
  endfacet
  facet normal -0.9624552364536472 0.271440449865075 0
    outer loop
      vertex 1.3290662335759351 24.8 52
      vertex 1.693444536187691 26.091988005373178 62
      vertex 1.693444536187691 26.091988005373178 52
    endloop
  endfacet
  facet normal -0.9381913359224846 0.34611705707749163 0
    outer loop
      vertex 1.693444536187691 26.091988005373178 52
      vertex 2.6337681751094806 28.640846759832108 62
      vertex 2.6337681751094806 28.640846759832108 52
    endloop
  endfacet
  facet normal -0.9381913359224846 0.34611705707749163 0
    outer loop
      vertex 1.693444536187691 26.091988005373178 52
      vertex 1.693444536187691 26.091988005373178 62
      vertex 2.6337681751094806 28.640846759832108 62
    endloop
  endfacet
  facet normal -0.9081431738250815 0.4186597375374279 0
    outer loop
      vertex 2.6337681751094806 28.640846759832108 52
      vertex 3.7711742630824716 31.108071290988317 62
      vertex 3.7711742630824716 31.108071290988317 52
    endloop
  endfacet
  facet normal -0.9081431738250815 0.4186597375374279 0
    outer loop
      vertex 2.6337681751094806 28.640846759832108 52
      vertex 2.6337681751094806 28.640846759832108 62
      vertex 3.7711742630824716 31.108071290988317 62
    endloop
  endfacet
  facet normal -0.8724960070727967 0.4886212414969556 0
    outer loop
      vertex 3.7711742630824716 31.108071290988317 52
      vertex 3.7711742630824716 31.108071290988317 62
      vertex 5.098650313348411 33.47845033917183 62
    endloop
  endfacet
  facet normal -0.8724960070727967 0.4886212414969556 0
    outer loop
      vertex 3.7711742630824716 31.108071290988317 52
      vertex 5.098650313348411 33.47845033917183 62
      vertex 5.098650313348411 33.47845033917183 52
    endloop
  endfacet
  facet normal -0.8314696123025458 0.5555702330196014 0
    outer loop
      vertex 5.098650313348411 33.47845033917183 52
      vertex 5.098650313348411 33.47845033917183 62
      vertex 6.608011994626818 35.73736972931957 62
    endloop
  endfacet
  facet normal -0.8314696123025458 0.5555702330196014 0
    outer loop
      vertex 5.098650313348411 33.47845033917183 52
      vertex 6.608011994626818 35.73736972931957 62
      vertex 6.608011994626818 35.73736972931957 52
    endloop
  endfacet
  facet normal -0.7853169308807455 0.6190939493098333 0
    outer loop
      vertex 6.608011994626818 35.73736972931957 52
      vertex 8.28995359023893 37.87090247222436 62
      vertex 8.28995359023893 37.87090247222436 52
    endloop
  endfacet
  facet normal -0.7853169308807455 0.6190939493098333 0
    outer loop
      vertex 6.608011994626818 35.73736972931957 52
      vertex 6.608011994626818 35.73736972931957 62
      vertex 8.28995359023893 37.87090247222436 62
    endloop
  endfacet
  facet normal -0.7343225094356851 0.6788007455329423 0
    outer loop
      vertex 8.28995359023893 37.87090247222436 52
      vertex 10.134105370945456 39.865894629054544 62
      vertex 10.134105370945456 39.865894629054544 52
    endloop
  endfacet
  facet normal -0.678800745532942 0.7343225094356852 0
    outer loop
      vertex 10.134105370945456 39.865894629054544 52
      vertex 10.134105370945456 39.865894629054544 62
      vertex 12.030148681466795 41.61857903707262 52
    endloop
  endfacet
  facet normal -0.7343225094356851 0.6788007455329423 0
    outer loop
      vertex 8.28995359023893 37.87090247222436 52
      vertex 8.28995359023893 37.87090247222436 62
      vertex 10.134105370945456 39.865894629054544 62
    endloop
  endfacet
  facet normal -0.6788007455329336 0.734322509435693 0
    outer loop
      vertex 12.030148681466795 41.61857903707262 52
      vertex 12.129097527775645 41.71004640976107 62
      vertex 12.129097527775645 41.71004640976107 52.07675023868764
    endloop
  endfacet
  facet normal -0.6788007455329416 0.7343225094356856 1.4711548197647859e-16
    outer loop
      vertex 12.030148681466795 41.61857903707262 52
      vertex 10.134105370945456 39.865894629054544 62
      vertex 12.129097527775645 41.71004640976107 62
    endloop
  endfacet
  facet normal -0.6190939493098339 0.7853169308807451 0
    outer loop
      vertex 12.129097527775645 41.71004640976107 52.07675023868764
      vertex 12.129097527775645 41.71004640976107 62
      vertex 14.262630270680429 43.39198800537318 62
    endloop
  endfacet
  facet normal -0.6190939493098339 0.7853169308807451 0
    outer loop
      vertex 12.129097527775645 41.71004640976107 52.07675023868764
      vertex 14.262630270680429 43.39198800537318 62
      vertex 14.262630270680429 43.39198800537318 53.48806681122748
    endloop
  endfacet
  facet normal -0.555570233019601 0.8314696123025462 0
    outer loop
      vertex 14.262630270680429 43.39198800537318 53.48806681122748
      vertex 14.262630270680429 43.39198800537318 62
      vertex 16.52154966082817 44.901349686651585 54.75457164130131
    endloop
  endfacet
  facet normal -0.5555702330196008 0.8314696123025461 0
    outer loop
      vertex 14.262630270680429 43.39198800537318 62
      vertex 16.52154966082817 44.901349686651585 62
      vertex 16.52154966082817 44.901349686651585 54.75457164130131
    endloop
  endfacet
  facet normal 0 0 -1
    outer loop
      vertex 1.3290662335759351 24.8 52
      vertex 1.693444536187691 26.091988005373178 52
      vertex 67.87093376642406 24.8 52
    endloop
  endfacet
  facet normal 0 0 -1
    outer loop
      vertex 1.693444536187691 26.091988005373178 52
      vertex 2.6337681751094806 28.640846759832108 52
      vertex 67.87093376642406 24.8 52
    endloop
  endfacet
  facet normal 0 0 -1
    outer loop
      vertex 2.6337681751094806 28.640846759832108 52
      vertex 3.7711742630824716 31.108071290988317 52
      vertex 67.87093376642406 24.8 52
    endloop
  endfacet
  facet normal 0 0 -1
    outer loop
      vertex 3.7711742630824716 31.108071290988317 52
      vertex 5.098650313348411 33.47845033917183 52
      vertex 67.87093376642406 24.8 52
    endloop
  endfacet
  facet normal 0 0 1
    outer loop
      vertex 2.6337681751094806 28.640846759832108 62
      vertex 69.2 15.399999999999999 62
      vertex 3.7711742630824716 31.108071290988317 62
    endloop
  endfacet
  facet normal 0 0 -1
    outer loop
      vertex 10.134105370945456 39.865894629054544 52
      vertex 33.34600344468173 33.953663605550176 52
      vertex 33.510422800625086 33.86158434194792 52
    endloop
  endfacet
  facet normal 0 0 -1
    outer loop
      vertex 10.134105370945456 39.865894629054544 52
      vertex 33.510422800625086 33.86158434194792 52
      vertex 33.681559762323786 33.782689121972915 52
    endloop
  endfacet
  facet normal 0 0 -1
    outer loop
      vertex 10.134105370945456 39.865894629054544 52
      vertex 33.681559762323786 33.782689121972915 52
      vertex 33.85835921350013 33.71746436089163 52
    endloop
  endfacet
  facet normal 0 0 -1
    outer loop
      vertex 10.134105370945456 39.865894629054544 52
      vertex 32.20739839904049 35.81169817025317 52
      vertex 32.229547982571674 35.62455728390345 52
    endloop
  endfacet
  facet normal 0 0 -1
    outer loop
      vertex 10.134105370945456 39.865894629054544 52
      vertex 32.2 36 52
      vertex 32.20739839904049 35.81169817025317 52
    endloop
  endfacet
  facet normal 0 0 -1
    outer loop
      vertex 10.134105370945456 39.865894629054544 52
      vertex 32.20739839904049 36.18830182974683 52
      vertex 32.2 36 52
    endloop
  endfacet
  facet normal 0 0 -1
    outer loop
      vertex 10.134105370945456 39.865894629054544 52
      vertex 32.229547982571674 36.37544271609655 52
      vertex 32.20739839904049 36.18830182974683 52
    endloop
  endfacet
  facet normal 0 0 -1
    outer loop
      vertex 10.134105370945456 39.865894629054544 52
      vertex 32.90294372515229 34.30294372515229 52
      vertex 33.04132468400756 34.17502568255993 52
    endloop
  endfacet
  facet normal 0 0 -1
    outer loop
      vertex 10.134105370945456 39.865894629054544 52
      vertex 32.77502568255993 34.44132468400756 52
      vertex 32.90294372515229 34.30294372515229 52
    endloop
  endfacet
  facet normal 0 0 -1
    outer loop
      vertex 10.134105370945456 39.865894629054544 52
      vertex 32.65835921350013 34.589315394498065 52
      vertex 32.77502568255993 34.44132468400756 52
    endloop
  endfacet
  facet normal 0 0 -1
    outer loop
      vertex 10.134105370945456 39.865894629054544 52
      vertex 32.55366360555018 34.746003444681726 52
      vertex 32.65835921350013 34.589315394498065 52
    endloop
  endfacet
  facet normal 0 0 -1
    outer loop
      vertex 10.134105370945456 39.865894629054544 52
      vertex 32.46158434194792 34.910422800625085 52
      vertex 32.55366360555018 34.746003444681726 52
    endloop
  endfacet
  facet normal 0 0 -1
    outer loop
      vertex 10.134105370945456 39.865894629054544 52
      vertex 32.382689121972916 35.081559762323785 52
      vertex 32.46158434194792 34.910422800625085 52
    endloop
  endfacet
  facet normal 0 0 -1
    outer loop
      vertex 10.134105370945456 39.865894629054544 52
      vertex 33.04132468400756 34.17502568255993 52
      vertex 33.18931539449807 34.058359213500125 52
    endloop
  endfacet
  facet normal 0 0 -1
    outer loop
      vertex 10.134105370945456 39.865894629054544 52
      vertex 33.18931539449807 34.058359213500125 52
      vertex 33.34600344468173 33.953663605550176 52
    endloop
  endfacet
  facet normal 0 0 -1
    outer loop
      vertex 10.134105370945456 39.865894629054544 52
      vertex 32.317464360891634 35.25835921350013 52
      vertex 32.382689121972916 35.081559762323785 52
    endloop
  endfacet
  facet normal 0 0 -1
    outer loop
      vertex 10.134105370945456 39.865894629054544 52
      vertex 32.26631219104558 35.439731126745826 52
      vertex 32.317464360891634 35.25835921350013 52
    endloop
  endfacet
  facet normal 0 0 -1
    outer loop
      vertex 10.134105370945456 39.865894629054544 52
      vertex 32.229547982571674 35.62455728390345 52
      vertex 32.26631219104558 35.439731126745826 52
    endloop
  endfacet
  facet normal 0 0 1
    outer loop
      vertex 3.7711742630824716 31.108071290988317 62
      vertex 69.2 15.399999999999999 62
      vertex 5.098650313348411 33.47845033917183 62
    endloop
  endfacet
  facet normal 0 0 1
    outer loop
      vertex 5.098650313348411 33.47845033917183 62
      vertex 69.2 15.399999999999999 62
      vertex 6.608011994626818 35.73736972931957 62
    endloop
  endfacet
  facet normal 0 0 1
    outer loop
      vertex 6.608011994626818 35.73736972931957 62
      vertex 69.2 15.399999999999999 62
      vertex 8.28995359023893 37.87090247222436 62
    endloop
  endfacet
  facet normal 0 0 1
    outer loop
      vertex 8.28995359023893 37.87090247222436 62
      vertex 69.2 15.399999999999999 62
      vertex 10.134105370945456 39.865894629054544 62
    endloop
  endfacet
  facet normal 0 0 -1
    outer loop
      vertex 5.098650313348411 33.47845033917183 52
      vertex 6.608011994626818 35.73736972931957 52
      vertex 67.87093376642406 24.8 52
    endloop
  endfacet
  facet normal 0 0 -1
    outer loop
      vertex 6.608011994626818 35.73736972931957 52
      vertex 8.28995359023893 37.87090247222436 52
      vertex 67.87093376642406 24.8 52
    endloop
  endfacet
  facet normal 0 0 -1
    outer loop
      vertex 8.28995359023893 37.87090247222436 52
      vertex 10.134105370945456 39.865894629054544 52
      vertex 67.87093376642406 24.8 52
    endloop
  endfacet
  facet normal 0 0 -1
    outer loop
      vertex 10.134105370945456 39.865894629054544 52
      vertex 33.85835921350013 33.71746436089163 52
      vertex 34.03973112674583 33.66631219104558 52
    endloop
  endfacet
  facet normal 0 0 1
    outer loop
      vertex 14.262630270680429 43.39198800537318 62
      vertex 33.04132468400756 34.17502568255993 62
      vertex 32.90294372515229 34.30294372515229 62
    endloop
  endfacet
  facet normal 0 0 1
    outer loop
      vertex 14.262630270680429 43.39198800537318 62
      vertex 32.77502568255993 34.44132468400756 62
      vertex 32.65835921350013 34.589315394498065 62
    endloop
  endfacet
  facet normal 0 0 1
    outer loop
      vertex 14.262630270680429 43.39198800537318 62
      vertex 32.90294372515229 34.30294372515229 62
      vertex 32.77502568255993 34.44132468400756 62
    endloop
  endfacet
  facet normal 0 0 1
    outer loop
      vertex 14.262630270680429 43.39198800537318 62
      vertex 33.18931539449807 34.058359213500125 62
      vertex 33.04132468400756 34.17502568255993 62
    endloop
  endfacet
  facet normal 0 0 1
    outer loop
      vertex 14.262630270680429 43.39198800537318 62
      vertex 33.34600344468173 33.953663605550176 62
      vertex 33.18931539449807 34.058359213500125 62
    endloop
  endfacet
  facet normal 0 0 1
    outer loop
      vertex 14.262630270680429 43.39198800537318 62
      vertex 33.510422800625086 33.86158434194792 62
      vertex 33.34600344468173 33.953663605550176 62
    endloop
  endfacet
  facet normal 0 0 1
    outer loop
      vertex 10.134105370945456 39.865894629054544 62
      vertex 69.2 15.399999999999999 62
      vertex 12.129097527775645 41.71004640976107 62
    endloop
  endfacet
  facet normal 0 0 1
    outer loop
      vertex 12.129097527775645 41.71004640976107 62
      vertex 69.2 15.399999999999999 62
      vertex 14.262630270680429 43.39198800537318 62
    endloop
  endfacet
  facet normal 0 0 -1
    outer loop
      vertex 10.134105370945456 39.865894629054544 52
      vertex 32.26631219104558 36.560268873254174 52
      vertex 32.229547982571674 36.37544271609655 52
    endloop
  endfacet
  facet normal 0 0 -1
    outer loop
      vertex 10.134105370945456 39.865894629054544 52
      vertex 32.317464360891634 36.74164078649987 52
      vertex 32.26631219104558 36.560268873254174 52
    endloop
  endfacet
  facet normal 0 0 -1
    outer loop
      vertex 10.134105370945456 39.865894629054544 52
      vertex 32.382689121972916 36.918440237676215 52
      vertex 32.317464360891634 36.74164078649987 52
    endloop
  endfacet
  facet normal 0 0 -1
    outer loop
      vertex 10.134105370945456 39.865894629054544 52
      vertex 32.46158434194792 37.089577199374915 52
      vertex 32.382689121972916 36.918440237676215 52
    endloop
  endfacet
  facet normal 0 0 -1
    outer loop
      vertex 10.134105370945456 39.865894629054544 52
      vertex 32.55366360555018 37.253996555318274 52
      vertex 32.46158434194792 37.089577199374915 52
    endloop
  endfacet
  facet normal 0 0 -1
    outer loop
      vertex 10.134105370945456 39.865894629054544 52
      vertex 32.65835921350013 37.410684605501935 52
      vertex 32.55366360555018 37.253996555318274 52
    endloop
  endfacet
  facet normal 0 0 -1
    outer loop
      vertex 10.134105370945456 39.865894629054544 52
      vertex 32.77502568255993 37.55867531599244 52
      vertex 32.65835921350013 37.410684605501935 52
    endloop
  endfacet
  facet normal 0 0 -1
    outer loop
      vertex 10.134105370945456 39.865894629054544 52
      vertex 32.90294372515229 37.69705627484771 52
      vertex 32.77502568255993 37.55867531599244 52
    endloop
  endfacet
  facet normal 0 0 -1
    outer loop
      vertex 10.134105370945456 39.865894629054544 52
      vertex 33.04132468400756 37.82497431744007 52
      vertex 32.90294372515229 37.69705627484771 52
    endloop
  endfacet
  facet normal 0 0 -1
    outer loop
      vertex 10.134105370945456 39.865894629054544 52
      vertex 33.18931539449807 37.941640786499875 52
      vertex 33.04132468400756 37.82497431744007 52
    endloop
  endfacet
  facet normal 0 0 -1
    outer loop
      vertex 10.134105370945456 39.865894629054544 52
      vertex 33.34600344468173 38.046336394449824 52
      vertex 33.18931539449807 37.941640786499875 52
    endloop
  endfacet
  facet normal 0 0 -1
    outer loop
      vertex 10.134105370945456 39.865894629054544 52
      vertex 33.510422800625086 38.13841565805208 52
      vertex 33.34600344468173 38.046336394449824 52
    endloop
  endfacet
  facet normal 0 0 -1
    outer loop
      vertex 10.134105370945456 39.865894629054544 52
      vertex 33.681559762323786 38.217310878027085 52
      vertex 33.510422800625086 38.13841565805208 52
    endloop
  endfacet
  facet normal 0 0 -1
    outer loop
      vertex 10.134105370945456 39.865894629054544 52
      vertex 33.85835921350013 38.28253563910837 52
      vertex 33.681559762323786 38.217310878027085 52
    endloop
  endfacet
  facet normal 0 0 1
    outer loop
      vertex 14.262630270680429 43.39198800537318 62
      vertex 32.2 36 62
      vertex 16.52154966082817 44.901349686651585 62
    endloop
  endfacet
  facet normal 0 0 1
    outer loop
      vertex 16.52154966082817 44.901349686651585 62
      vertex 32.20739839904049 36.18830182974683 62
      vertex 18.891928709011683 46.22882573691753 62
    endloop
  endfacet
  facet normal -0.48862124149695657 0.8724960070727961 0
    outer loop
      vertex 16.52154966082817 44.901349686651585 54.75457164130131
      vertex 18.891928709011683 46.22882573691753 62
      vertex 18.891928709011683 46.22882573691753 55.86845630547614
    endloop
  endfacet
  facet normal -0.4886212414969567 0.8724960070727962 0
    outer loop
      vertex 16.52154966082817 44.901349686651585 54.75457164130131
      vertex 16.52154966082817 44.901349686651585 62
      vertex 18.891928709011683 46.22882573691753 62
    endloop
  endfacet
  facet normal -0.4186597375374279 0.9081431738250815 0
    outer loop
      vertex 18.891928709011683 46.22882573691753 55.86845630547614
      vertex 18.891928709011683 46.22882573691753 62
      vertex 21.359153240167892 47.36623182489052 62
    endloop
  endfacet
  facet normal -0.41865973753742786 0.9081431738250815 0
    outer loop
      vertex 18.891928709011683 46.22882573691753 55.86845630547614
      vertex 21.359153240167892 47.36623182489052 62
      vertex 21.359153240167892 47.36623182489052 56.82285333439306
    endloop
  endfacet
  facet normal 0 0 1
    outer loop
      vertex 18.891928709011683 46.22882573691753 62
      vertex 32.90294372515229 37.69705627484771 62
      vertex 21.359153240167892 47.36623182489052 62
    endloop
  endfacet
  facet normal -0.3461170570774917 0.9381913359224846 0
    outer loop
      vertex 21.359153240167892 47.36623182489052 56.82285333439306
      vertex 21.359153240167892 47.36623182489052 62
      vertex 23.908011994626822 48.30655546381231 62
    endloop
  endfacet
  facet normal -0.3461170570774917 0.9381913359224846 0
    outer loop
      vertex 21.359153240167892 47.36623182489052 56.82285333439306
      vertex 23.908011994626822 48.30655546381231 62
      vertex 23.908011994626822 48.30655546381231 57.61187855299961
    endloop
  endfacet
  facet normal -0.27144044986507504 0.9624552364536472 0
    outer loop
      vertex 23.908011994626822 48.30655546381231 57.61187855299961
      vertex 26.522790410585674 49.04399924575961 62
      vertex 26.522790410585674 49.04399924575961 58.23066735844557
    endloop
  endfacet
  facet normal -0.271440449865075 0.9624552364536472 0
    outer loop
      vertex 23.908011994626822 48.30655546381231 57.61187855299961
      vertex 23.908011994626822 48.30655546381231 62
      vertex 26.522790410585674 49.04399924575961 62
    endloop
  endfacet
  facet normal 0 0 -1
    outer loop
      vertex 10.134105370945456 39.865894629054544 52
      vertex 34.03973112674583 38.33368780895442 52
      vertex 33.85835921350013 38.28253563910837 52
    endloop
  endfacet
  facet normal 0 0 -1
    outer loop
      vertex 10.134105370945456 39.865894629054544 52
      vertex 34.22455728390345 38.37045201742833 52
      vertex 34.03973112674583 38.33368780895442 52
    endloop
  endfacet
  facet normal 0 0 -1
    outer loop
      vertex 10.134105370945456 39.865894629054544 52
      vertex 12.030148681466795 41.61857903707262 52
      vertex 57.169851318533205 41.61857903707262 52
    endloop
  endfacet
  facet normal 0 0 -1
    outer loop
      vertex 10.134105370945456 39.865894629054544 52
      vertex 57.169851318533205 41.61857903707262 52
      vertex 34.22455728390345 38.37045201742833 52
    endloop
  endfacet
  facet normal 0 0 1
    outer loop
      vertex 14.262630270680429 43.39198800537318 62
      vertex 32.55366360555018 34.746003444681726 62
      vertex 32.46158434194792 34.910422800625085 62
    endloop
  endfacet
  facet normal 0 0 1
    outer loop
      vertex 14.262630270680429 43.39198800537318 62
      vertex 32.46158434194792 34.910422800625085 62
      vertex 32.382689121972916 35.081559762323785 62
    endloop
  endfacet
  facet normal 0 0 1
    outer loop
      vertex 14.262630270680429 43.39198800537318 62
      vertex 32.382689121972916 35.081559762323785 62
      vertex 32.317464360891634 35.25835921350013 62
    endloop
  endfacet
  facet normal 0 0 1
    outer loop
      vertex 14.262630270680429 43.39198800537318 62
      vertex 32.317464360891634 35.25835921350013 62
      vertex 32.26631219104558 35.439731126745826 62
    endloop
  endfacet
  facet normal 0 0 1
    outer loop
      vertex 14.262630270680429 43.39198800537318 62
      vertex 32.26631219104558 35.439731126745826 62
      vertex 32.229547982571674 35.62455728390345 62
    endloop
  endfacet
  facet normal 0 0 1
    outer loop
      vertex 14.262630270680429 43.39198800537318 62
      vertex 32.229547982571674 35.62455728390345 62
      vertex 32.20739839904049 35.81169817025317 62
    endloop
  endfacet
  facet normal 0 0 1
    outer loop
      vertex 14.262630270680429 43.39198800537318 62
      vertex 32.65835921350013 34.589315394498065 62
      vertex 32.55366360555018 34.746003444681726 62
    endloop
  endfacet
  facet normal 0 0 1
    outer loop
      vertex 14.262630270680429 43.39198800537318 62
      vertex 32.20739839904049 35.81169817025317 62
      vertex 32.2 36 62
    endloop
  endfacet
  facet normal 0 0 1
    outer loop
      vertex 16.52154966082817 44.901349686651585 62
      vertex 32.2 36 62
      vertex 32.20739839904049 36.18830182974683 62
    endloop
  endfacet
  facet normal 0 0 1
    outer loop
      vertex 18.891928709011683 46.22882573691753 62
      vertex 32.20739839904049 36.18830182974683 62
      vertex 32.229547982571674 36.37544271609655 62
    endloop
  endfacet
  facet normal 0 0 1
    outer loop
      vertex 18.891928709011683 46.22882573691753 62
      vertex 32.229547982571674 36.37544271609655 62
      vertex 32.26631219104558 36.560268873254174 62
    endloop
  endfacet
  facet normal 0 0 1
    outer loop
      vertex 18.891928709011683 46.22882573691753 62
      vertex 32.26631219104558 36.560268873254174 62
      vertex 32.317464360891634 36.74164078649987 62
    endloop
  endfacet
  facet normal 0 0 1
    outer loop
      vertex 18.891928709011683 46.22882573691753 62
      vertex 32.317464360891634 36.74164078649987 62
      vertex 32.382689121972916 36.918440237676215 62
    endloop
  endfacet
  facet normal 0 0 1
    outer loop
      vertex 18.891928709011683 46.22882573691753 62
      vertex 32.382689121972916 36.918440237676215 62
      vertex 32.46158434194792 37.089577199374915 62
    endloop
  endfacet
  facet normal 0 0 1
    outer loop
      vertex 18.891928709011683 46.22882573691753 62
      vertex 32.46158434194792 37.089577199374915 62
      vertex 32.55366360555018 37.253996555318274 62
    endloop
  endfacet
  facet normal 0 0 1
    outer loop
      vertex 18.891928709011683 46.22882573691753 62
      vertex 32.55366360555018 37.253996555318274 62
      vertex 32.65835921350013 37.410684605501935 62
    endloop
  endfacet
  facet normal 0 0 1
    outer loop
      vertex 18.891928709011683 46.22882573691753 62
      vertex 32.65835921350013 37.410684605501935 62
      vertex 32.77502568255993 37.55867531599244 62
    endloop
  endfacet
  facet normal 0 0 1
    outer loop
      vertex 18.891928709011683 46.22882573691753 62
      vertex 32.77502568255993 37.55867531599244 62
      vertex 32.90294372515229 37.69705627484771 62
    endloop
  endfacet
  facet normal 0 0 1
    outer loop
      vertex 21.359153240167892 47.36623182489052 62
      vertex 32.90294372515229 37.69705627484771 62
      vertex 33.04132468400756 37.82497431744007 62
    endloop
  endfacet
  facet normal 0 0 1
    outer loop
      vertex 21.359153240167892 47.36623182489052 62
      vertex 33.04132468400756 37.82497431744007 62
      vertex 33.18931539449807 37.941640786499875 62
    endloop
  endfacet
  facet normal 0 0 1
    outer loop
      vertex 21.359153240167892 47.36623182489052 62
      vertex 33.18931539449807 37.941640786499875 62
      vertex 33.34600344468173 38.046336394449824 62
    endloop
  endfacet
  facet normal 0 0 1
    outer loop
      vertex 21.359153240167892 47.36623182489052 62
      vertex 33.34600344468173 38.046336394449824 62
      vertex 33.510422800625086 38.13841565805208 62
    endloop
  endfacet
  facet normal 0 0 1
    outer loop
      vertex 21.359153240167892 47.36623182489052 62
      vertex 33.510422800625086 38.13841565805208 62
      vertex 33.681559762323786 38.217310878027085 62
    endloop
  endfacet
  facet normal 0 0 1
    outer loop
      vertex 21.359153240167892 47.36623182489052 62
      vertex 33.681559762323786 38.217310878027085 62
      vertex 33.85835921350013 38.28253563910837 62
    endloop
  endfacet
  facet normal 0 0 1
    outer loop
      vertex 21.359153240167892 47.36623182489052 62
      vertex 33.85835921350013 38.28253563910837 62
      vertex 34.03973112674583 38.33368780895442 62
    endloop
  endfacet
  facet normal 0 0 1
    outer loop
      vertex 21.359153240167892 47.36623182489052 62
      vertex 34.03973112674583 38.33368780895442 62
      vertex 34.22455728390345 38.37045201742833 62
    endloop
  endfacet
  facet normal 0 0 1
    outer loop
      vertex 21.359153240167892 47.36623182489052 62
      vertex 34.22455728390345 38.37045201742833 62
      vertex 34.411698170253175 38.39260160095951 62
    endloop
  endfacet
  facet normal 0 0 1
    outer loop
      vertex 21.359153240167892 47.36623182489052 62
      vertex 34.411698170253175 38.39260160095951 62
      vertex 34.6 38.4 62
    endloop
  endfacet
  facet normal 0 0 1
    outer loop
      vertex 21.359153240167892 47.36623182489052 62
      vertex 34.6 38.4 62
      vertex 34.78830182974683 38.39260160095951 62
    endloop
  endfacet
  facet normal 0 0 1
    outer loop
      vertex 21.359153240167892 47.36623182489052 62
      vertex 34.78830182974683 38.39260160095951 62
      vertex 34.97544271609655 38.37045201742833 62
    endloop
  endfacet
  facet normal 0 0 1
    outer loop
      vertex 23.908011994626822 48.30655546381231 62
      vertex 34.97544271609655 38.37045201742833 62
      vertex 35.160268873254175 38.33368780895442 62
    endloop
  endfacet
  facet normal 0 0 1
    outer loop
      vertex 23.908011994626822 48.30655546381231 62
      vertex 36.010684605501936 37.941640786499875 62
      vertex 36.15867531599244 37.82497431744007 62
    endloop
  endfacet
  facet normal 0 0 1
    outer loop
      vertex 23.908011994626822 48.30655546381231 62
      vertex 35.160268873254175 38.33368780895442 62
      vertex 35.34164078649987 38.28253563910837 62
    endloop
  endfacet
  facet normal 0 0 1
    outer loop
      vertex 23.908011994626822 48.30655546381231 62
      vertex 35.34164078649987 38.28253563910837 62
      vertex 35.51844023767622 38.217310878027085 62
    endloop
  endfacet
  facet normal 0 0 1
    outer loop
      vertex 23.908011994626822 48.30655546381231 62
      vertex 35.51844023767622 38.217310878027085 62
      vertex 35.68957719937492 38.13841565805208 62
    endloop
  endfacet
  facet normal 0 0 1
    outer loop
      vertex 23.908011994626822 48.30655546381231 62
      vertex 35.68957719937492 38.13841565805208 62
      vertex 35.853996555318275 38.046336394449824 62
    endloop
  endfacet
  facet normal 0 0 1
    outer loop
      vertex 23.908011994626822 48.30655546381231 62
      vertex 35.853996555318275 38.046336394449824 62
      vertex 36.010684605501936 37.941640786499875 62
    endloop
  endfacet
  facet normal 0 0 1
    outer loop
      vertex 21.359153240167892 47.36623182489052 62
      vertex 34.97544271609655 38.37045201742833 62
      vertex 23.908011994626822 48.30655546381231 62
    endloop
  endfacet
  facet normal -0.19509032201613 0.9807852804032301 0
    outer loop
      vertex 26.522790410585674 49.04399924575961 58.23066735844557
      vertex 26.522790410585674 49.04399924575961 62
      vertex 29.187367509608013 49.57401658459177 62
    endloop
  endfacet
  facet normal -0.19509032201612997 0.9807852804032301 0
    outer loop
      vertex 26.522790410585674 49.04399924575961 58.23066735844557
      vertex 29.187367509608013 49.57401658459177 62
      vertex 29.187367509608013 49.57401658459177 58.6754047119772
    endloop
  endfacet
  facet normal -0.11753739745783773 0.9930684569549264 0
    outer loop
      vertex 29.187367509608013 49.57401658459177 58.6754047119772
      vertex 29.187367509608013 49.57401658459177 62
      vertex 31.885315287816567 49.89333974716623 62
    endloop
  endfacet
  facet normal -0.11753739745783771 0.9930684569549263 0
    outer loop
      vertex 29.187367509608013 49.57401658459177 58.6754047119772
      vertex 31.885315287816567 49.89333974716623 62
      vertex 31.885315287816567 49.89333974716623 58.94334865991979
    endloop
  endfacet
  facet normal -0.03925981575906776 0.9992290362407229 0
    outer loop
      vertex 31.885315287816567 49.89333974716623 58.94334865991979
      vertex 34.6 50 62
      vertex 34.6 50 59.032847238733886
    endloop
  endfacet
  facet normal -0.03925981575906776 0.999229036240723 0
    outer loop
      vertex 31.885315287816567 49.89333974716623 58.94334865991979
      vertex 31.885315287816567 49.89333974716623 62
      vertex 34.6 50 62
    endloop
  endfacet
  facet normal 0 0 1
    outer loop
      vertex 45.77751752767741 15.399999999999999 62
      vertex 45.76631219104558 15.439731126745826 62
      vertex 23.433687808954424 15.439731126745826 62
    endloop
  endfacet
  facet normal 0 0 1
    outer loop
      vertex 23.470452017428332 15.624557283903446 62
      vertex 45.76631219104558 15.439731126745826 62
      vertex 45.729547982571674 15.624557283903446 62
    endloop
  endfacet
  facet normal 0 0 1
    outer loop
      vertex 23.470452017428332 15.624557283903446 62
      vertex 45.729547982571674 15.624557283903446 62
      vertex 45.70739839904049 15.811698170253171 62
    endloop
  endfacet
  facet normal 0 0 1
    outer loop
      vertex 23.5 16 62
      vertex 45.70739839904049 15.811698170253171 62
      vertex 45.7 16 62
    endloop
  endfacet
  facet normal 0 0 1
    outer loop
      vertex 23.49260160095951 16.188301829746827 62
      vertex 45.7 16 62
      vertex 45.70739839904049 16.188301829746827 62
    endloop
  endfacet
  facet normal 0 0 1
    outer loop
      vertex 45.729547982571674 16.375442716096554 62
      vertex 23.49260160095951 16.188301829746827 62
      vertex 45.70739839904049 16.188301829746827 62
    endloop
  endfacet
  facet normal 0 0 1
    outer loop
      vertex 23.238415658052084 17.08957719937491 62
      vertex 45.729547982571674 16.375442716096554 62
      vertex 45.76631219104558 16.560268873254174 62
    endloop
  endfacet
  facet normal 0 0 1
    outer loop
      vertex 23.238415658052084 17.08957719937491 62
      vertex 45.76631219104558 16.560268873254174 62
      vertex 45.817464360891634 16.741640786499875 62
    endloop
  endfacet
  facet normal 0 0 1
    outer loop
      vertex 23.238415658052084 17.08957719937491 62
      vertex 45.817464360891634 16.741640786499875 62
      vertex 45.882689121972916 16.918440237676215 62
    endloop
  endfacet
  facet normal 0 0 1
    outer loop
      vertex 23.238415658052084 17.08957719937491 62
      vertex 45.882689121972916 16.918440237676215 62
      vertex 45.96158434194792 17.08957719937491 62
    endloop
  endfacet
  facet normal 0 0 1
    outer loop
      vertex 23.238415658052084 17.08957719937491 62
      vertex 45.96158434194792 17.08957719937491 62
      vertex 46.05366360555018 17.253996555318277 62
    endloop
  endfacet
  facet normal 0 0 1
    outer loop
      vertex 1.693444536187691 26.091988005373178 62
      vertex 48.47544271609655 18.37045201742833 62
      vertex 69.2 15.399999999999999 62
    endloop
  endfacet
  facet normal 0 0 1
    outer loop
      vertex 69.2 15.399999999999999 62
      vertex 49.65867531599244 17.824974317440073 62
      vertex 49.79705627484771 17.697056274847714 62
    endloop
  endfacet
  facet normal 0 0 1
    outer loop
      vertex 69.2 15.399999999999999 62
      vertex 49.353996555318275 18.04633639444982 62
      vertex 49.510684605501936 17.941640786499875 62
    endloop
  endfacet
  facet normal 0 0 1
    outer loop
      vertex 69.2 15.399999999999999 62
      vertex 49.510684605501936 17.941640786499875 62
      vertex 49.65867531599244 17.824974317440073 62
    endloop
  endfacet
  facet normal 0 0 1
    outer loop
      vertex 69.2 15.399999999999999 62
      vertex 48.47544271609655 18.37045201742833 62
      vertex 48.660268873254175 18.333687808954423 62
    endloop
  endfacet
  facet normal 0 0 1
    outer loop
      vertex 69.2 15.399999999999999 62
      vertex 48.660268873254175 18.333687808954423 62
      vertex 48.84164078649987 18.282535639108367 62
    endloop
  endfacet
  facet normal 0 0 1
    outer loop
      vertex 69.2 15.399999999999999 62
      vertex 49.01844023767622 18.21731087802709 62
      vertex 49.18957719937492 18.138415658052082 62
    endloop
  endfacet
  facet normal 0 0 1
    outer loop
      vertex 69.2 15.399999999999999 62
      vertex 48.84164078649987 18.282535639108367 62
      vertex 49.01844023767622 18.21731087802709 62
    endloop
  endfacet
  facet normal 0 0 1
    outer loop
      vertex 69.2 15.399999999999999 62
      vertex 49.18957719937492 18.138415658052082 62
      vertex 49.353996555318275 18.04633639444982 62
    endloop
  endfacet
  facet normal 0 0 1
    outer loop
      vertex 69.2 15.399999999999999 62
      vertex 50.433687808954424 15.439731126745826 62
      vertex 50.42248247232259 15.399999999999999 62
    endloop
  endfacet
  facet normal 0 0 1
    outer loop
      vertex 69.2 15.399999999999999 62
      vertex 50.47045201742833 15.624557283903446 62
      vertex 50.433687808954424 15.439731126745826 62
    endloop
  endfacet
  facet normal 0 0 1
    outer loop
      vertex 69.2 15.399999999999999 62
      vertex 50.49260160095951 15.811698170253171 62
      vertex 50.47045201742833 15.624557283903446 62
    endloop
  endfacet
  facet normal 0 0 1
    outer loop
      vertex 69.2 15.399999999999999 62
      vertex 50.5 16 62
      vertex 50.49260160095951 15.811698170253171 62
    endloop
  endfacet
  facet normal 0 0 1
    outer loop
      vertex 69.2 15.399999999999999 62
      vertex 50.49260160095951 16.188301829746827 62
      vertex 50.5 16 62
    endloop
  endfacet
  facet normal 0 0 1
    outer loop
      vertex 69.2 15.399999999999999 62
      vertex 50.47045201742833 16.375442716096554 62
      vertex 50.49260160095951 16.188301829746827 62
    endloop
  endfacet
  facet normal 0 0 1
    outer loop
      vertex 69.2 15.399999999999999 62
      vertex 50.433687808954424 16.560268873254174 62
      vertex 50.47045201742833 16.375442716096554 62
    endloop
  endfacet
  facet normal 0 0 1
    outer loop
      vertex 69.2 15.399999999999999 62
      vertex 50.38253563910837 16.741640786499875 62
      vertex 50.433687808954424 16.560268873254174 62
    endloop
  endfacet
  facet normal 0 0 1
    outer loop
      vertex 69.2 15.399999999999999 62
      vertex 50.31731087802709 16.918440237676215 62
      vertex 50.38253563910837 16.741640786499875 62
    endloop
  endfacet
  facet normal 0 0 1
    outer loop
      vertex 69.2 15.399999999999999 62
      vertex 50.041640786499876 17.410684605501935 62
      vertex 50.146336394449825 17.253996555318277 62
    endloop
  endfacet
  facet normal 0 0 1
    outer loop
      vertex 69.2 15.399999999999999 62
      vertex 49.924974317440075 17.558675315992442 62
      vertex 50.041640786499876 17.410684605501935 62
    endloop
  endfacet
  facet normal 0 0 1
    outer loop
      vertex 69.2 15.399999999999999 62
      vertex 50.238415658052084 17.08957719937491 62
      vertex 50.31731087802709 16.918440237676215 62
    endloop
  endfacet
  facet normal 0 0 1
    outer loop
      vertex 69.2 15.399999999999999 62
      vertex 50.146336394449825 17.253996555318277 62
      vertex 50.238415658052084 17.08957719937491 62
    endloop
  endfacet
  facet normal 0 0 1
    outer loop
      vertex 69.2 15.399999999999999 62
      vertex 49.79705627484771 17.697056274847714 62
      vertex 49.924974317440075 17.558675315992442 62
    endloop
  endfacet
  facet normal 0.9992290362407228 0.039259815759070366 0
    outer loop
      vertex 69.2 15.399999999999999 52
      vertex 69.09333974716623 18.114684712183433 52
      vertex 69.2 15.399999999999999 62
    endloop
  endfacet
  facet normal 0.9992290362407228 0.039259815759070366 0
    outer loop
      vertex 69.09333974716623 18.114684712183433 52
      vertex 69.09333974716623 18.114684712183433 62
      vertex 69.2 15.399999999999999 62
    endloop
  endfacet
  facet normal 0 0 1
    outer loop
      vertex 69.2 15.399999999999999 62
      vertex 69.09333974716623 18.114684712183433 62
      vertex 68.77401658459178 20.812632490391987 62
    endloop
  endfacet
  facet normal 0.9930684569549268 0.11753739745783255 0
    outer loop
      vertex 69.09333974716623 18.114684712183433 52
      vertex 68.77401658459178 20.812632490391987 52
      vertex 69.09333974716623 18.114684712183433 62
    endloop
  endfacet
  facet normal 0.9807852804032295 0.19509032201613252 0
    outer loop
      vertex 68.77401658459178 20.812632490391987 52
      vertex 68.24399924575961 23.477209589414326 52
      vertex 68.77401658459178 20.812632490391987 62
    endloop
  endfacet
  facet normal 0.9930684569549268 0.11753739745783255 0
    outer loop
      vertex 69.09333974716623 18.114684712183433 62
      vertex 68.77401658459178 20.812632490391987 52
      vertex 68.77401658459178 20.812632490391987 62
    endloop
  endfacet
  facet normal 0 0 1
    outer loop
      vertex 69.2 15.399999999999999 62
      vertex 68.77401658459178 20.812632490391987 62
      vertex 68.24399924575961 23.477209589414326 62
    endloop
  endfacet
  facet normal 0 0 1
    outer loop
      vertex 69.2 15.399999999999999 62
      vertex 68.24399924575961 23.477209589414326 62
      vertex 67.5065554638123 26.091988005373178 62
    endloop
  endfacet
  facet normal 0.9624552364536474 0.27144044986507404 -9.552438977141324e-16
    outer loop
      vertex 67.87093376642406 24.8 52
      vertex 67.5065554638123 26.091988005373178 52
      vertex 68.24399924575961 23.477209589414326 62
    endloop
  endfacet
  facet normal 0.9624552364536454 0.27144044986508076 0
    outer loop
      vertex 67.87093376642406 24.8 52
      vertex 68.24399924575961 23.477209589414326 62
      vertex 68.24399924575961 23.477209589414326 52
    endloop
  endfacet
  facet normal 0.9807852804032295 0.19509032201613252 0
    outer loop
      vertex 68.24399924575961 23.477209589414326 52
      vertex 68.24399924575961 23.477209589414326 62
      vertex 68.77401658459178 20.812632490391987 62
    endloop
  endfacet
  facet normal 0 0 1
    outer loop
      vertex 69.2 15.399999999999999 62
      vertex 67.5065554638123 26.091988005373178 62
      vertex 66.56623182489052 28.640846759832108 62
    endloop
  endfacet
  facet normal 0 0 1
    outer loop
      vertex 14.262630270680429 43.39198800537318 62
      vertex 69.2 15.399999999999999 62
      vertex 33.510422800625086 33.86158434194792 62
    endloop
  endfacet
  facet normal 0 0 -1
    outer loop
      vertex 10.134105370945456 39.865894629054544 52
      vertex 34.03973112674583 33.66631219104558 52
      vertex 67.87093376642406 24.8 52
    endloop
  endfacet
  facet normal 0 0 1
    outer loop
      vertex 23.908011994626822 48.30655546381231 62
      vertex 36.15867531599244 37.82497431744007 62
      vertex 69.2 15.399999999999999 62
    endloop
  endfacet
  facet normal 0 0 -1
    outer loop
      vertex 67.87093376642406 24.8 52
      vertex 34.03973112674583 33.66631219104558 52
      vertex 34.22455728390345 33.62954798257167 52
    endloop
  endfacet
  facet normal 0 0 -1
    outer loop
      vertex 67.87093376642406 24.8 52
      vertex 34.22455728390345 33.62954798257167 52
      vertex 34.411698170253175 33.60739839904049 52
    endloop
  endfacet
  facet normal 0 0 -1
    outer loop
      vertex 67.87093376642406 24.8 52
      vertex 34.411698170253175 33.60739839904049 52
      vertex 34.6 33.6 52
    endloop
  endfacet
  facet normal 0 0 -1
    outer loop
      vertex 67.87093376642406 24.8 52
      vertex 34.6 33.6 52
      vertex 34.78830182974683 33.60739839904049 52
    endloop
  endfacet
  facet normal 0 0 -1
    outer loop
      vertex 67.87093376642406 24.8 52
      vertex 34.78830182974683 33.60739839904049 52
      vertex 34.97544271609655 33.62954798257167 52
    endloop
  endfacet
  facet normal 0 0 -1
    outer loop
      vertex 67.87093376642406 24.8 52
      vertex 34.97544271609655 33.62954798257167 52
      vertex 35.160268873254175 33.66631219104558 52
    endloop
  endfacet
  facet normal 0 0 -1
    outer loop
      vertex 67.87093376642406 24.8 52
      vertex 35.160268873254175 33.66631219104558 52
      vertex 35.34164078649987 33.71746436089163 52
    endloop
  endfacet
  facet normal 0 0 -1
    outer loop
      vertex 67.87093376642406 24.8 52
      vertex 35.34164078649987 33.71746436089163 52
      vertex 35.51844023767622 33.782689121972915 52
    endloop
  endfacet
  facet normal 0 0 -1
    outer loop
      vertex 67.87093376642406 24.8 52
      vertex 35.51844023767622 33.782689121972915 52
      vertex 35.68957719937492 33.86158434194792 52
    endloop
  endfacet
  facet normal 0 0 -1
    outer loop
      vertex 67.87093376642406 24.8 52
      vertex 35.68957719937492 33.86158434194792 52
      vertex 35.853996555318275 33.953663605550176 52
    endloop
  endfacet
  facet normal 0 0 -1
    outer loop
      vertex 67.87093376642406 24.8 52
      vertex 35.853996555318275 33.953663605550176 52
      vertex 36.010684605501936 34.058359213500125 52
    endloop
  endfacet
  facet normal 0 0 -1
    outer loop
      vertex 67.87093376642406 24.8 52
      vertex 36.010684605501936 34.058359213500125 52
      vertex 36.15867531599244 34.17502568255993 52
    endloop
  endfacet
  facet normal 0 0 -1
    outer loop
      vertex 67.87093376642406 24.8 52
      vertex 36.15867531599244 34.17502568255993 52
      vertex 36.29705627484771 34.30294372515229 52
    endloop
  endfacet
  facet normal 0 0 -1
    outer loop
      vertex 67.87093376642406 24.8 52
      vertex 36.29705627484771 34.30294372515229 52
      vertex 36.424974317440075 34.44132468400756 52
    endloop
  endfacet
  facet normal 0 0 1
    outer loop
      vertex 69.2 15.399999999999999 62
      vertex 33.681559762323786 33.782689121972915 62
      vertex 33.510422800625086 33.86158434194792 62
    endloop
  endfacet
  facet normal 0 0 1
    outer loop
      vertex 69.2 15.399999999999999 62
      vertex 33.85835921350013 33.71746436089163 62
      vertex 33.681559762323786 33.782689121972915 62
    endloop
  endfacet
  facet normal 0 0 1
    outer loop
      vertex 69.2 15.399999999999999 62
      vertex 34.03973112674583 33.66631219104558 62
      vertex 33.85835921350013 33.71746436089163 62
    endloop
  endfacet
  facet normal 0 0 1
    outer loop
      vertex 69.2 15.399999999999999 62
      vertex 34.22455728390345 33.62954798257167 62
      vertex 34.03973112674583 33.66631219104558 62
    endloop
  endfacet
  facet normal 0 0 1
    outer loop
      vertex 69.2 15.399999999999999 62
      vertex 34.411698170253175 33.60739839904049 62
      vertex 34.22455728390345 33.62954798257167 62
    endloop
  endfacet
  facet normal 0 0 1
    outer loop
      vertex 69.2 15.399999999999999 62
      vertex 34.6 33.6 62
      vertex 34.411698170253175 33.60739839904049 62
    endloop
  endfacet
  facet normal 0 0 1
    outer loop
      vertex 69.2 15.399999999999999 62
      vertex 34.78830182974683 33.60739839904049 62
      vertex 34.6 33.6 62
    endloop
  endfacet
  facet normal 0 0 1
    outer loop
      vertex 69.2 15.399999999999999 62
      vertex 34.97544271609655 33.62954798257167 62
      vertex 34.78830182974683 33.60739839904049 62
    endloop
  endfacet
  facet normal 0 0 1
    outer loop
      vertex 69.2 15.399999999999999 62
      vertex 35.160268873254175 33.66631219104558 62
      vertex 34.97544271609655 33.62954798257167 62
    endloop
  endfacet
  facet normal 0 0 1
    outer loop
      vertex 69.2 15.399999999999999 62
      vertex 35.34164078649987 33.71746436089163 62
      vertex 35.160268873254175 33.66631219104558 62
    endloop
  endfacet
  facet normal 0 0 1
    outer loop
      vertex 69.2 15.399999999999999 62
      vertex 35.51844023767622 33.782689121972915 62
      vertex 35.34164078649987 33.71746436089163 62
    endloop
  endfacet
  facet normal 0 0 1
    outer loop
      vertex 69.2 15.399999999999999 62
      vertex 35.68957719937492 33.86158434194792 62
      vertex 35.51844023767622 33.782689121972915 62
    endloop
  endfacet
  facet normal 0 0 1
    outer loop
      vertex 69.2 15.399999999999999 62
      vertex 35.853996555318275 33.953663605550176 62
      vertex 35.68957719937492 33.86158434194792 62
    endloop
  endfacet
  facet normal 0 0 1
    outer loop
      vertex 69.2 15.399999999999999 62
      vertex 36.010684605501936 34.058359213500125 62
      vertex 35.853996555318275 33.953663605550176 62
    endloop
  endfacet
  facet normal 0 0 1
    outer loop
      vertex 69.2 15.399999999999999 62
      vertex 36.15867531599244 34.17502568255993 62
      vertex 36.010684605501936 34.058359213500125 62
    endloop
  endfacet
  facet normal 0 0 1
    outer loop
      vertex 69.2 15.399999999999999 62
      vertex 36.29705627484771 34.30294372515229 62
      vertex 36.15867531599244 34.17502568255993 62
    endloop
  endfacet
  facet normal 0 0 1
    outer loop
      vertex 69.2 15.399999999999999 62
      vertex 36.424974317440075 34.44132468400756 62
      vertex 36.29705627484771 34.30294372515229 62
    endloop
  endfacet
  facet normal 0 0 1
    outer loop
      vertex 69.2 15.399999999999999 62
      vertex 36.541640786499876 34.589315394498065 62
      vertex 36.424974317440075 34.44132468400756 62
    endloop
  endfacet
  facet normal 0 0 1
    outer loop
      vertex 69.2 15.399999999999999 62
      vertex 36.646336394449825 34.746003444681726 62
      vertex 36.541640786499876 34.589315394498065 62
    endloop
  endfacet
  facet normal 0 0 1
    outer loop
      vertex 69.2 15.399999999999999 62
      vertex 36.738415658052084 34.910422800625085 62
      vertex 36.646336394449825 34.746003444681726 62
    endloop
  endfacet
  facet normal 0 0 1
    outer loop
      vertex 69.2 15.399999999999999 62
      vertex 36.646336394449825 37.253996555318274 62
      vertex 36.738415658052084 37.089577199374915 62
    endloop
  endfacet
  facet normal 0 0 1
    outer loop
      vertex 69.2 15.399999999999999 62
      vertex 36.541640786499876 37.410684605501935 62
      vertex 36.646336394449825 37.253996555318274 62
    endloop
  endfacet
  facet normal 0 0 1
    outer loop
      vertex 69.2 15.399999999999999 62
      vertex 36.15867531599244 37.82497431744007 62
      vertex 36.29705627484771 37.69705627484771 62
    endloop
  endfacet
  facet normal 0 0 1
    outer loop
      vertex 69.2 15.399999999999999 62
      vertex 36.424974317440075 37.55867531599244 62
      vertex 36.541640786499876 37.410684605501935 62
    endloop
  endfacet
  facet normal 0 0 1
    outer loop
      vertex 69.2 15.399999999999999 62
      vertex 36.29705627484771 37.69705627484771 62
      vertex 36.424974317440075 37.55867531599244 62
    endloop
  endfacet
  facet normal 0 0 1
    outer loop
      vertex 69.2 15.399999999999999 62
      vertex 36.81731087802709 35.081559762323785 62
      vertex 36.738415658052084 34.910422800625085 62
    endloop
  endfacet
  facet normal 0 0 1
    outer loop
      vertex 69.2 15.399999999999999 62
      vertex 36.88253563910837 35.25835921350013 62
      vertex 36.81731087802709 35.081559762323785 62
    endloop
  endfacet
  facet normal 0 0 1
    outer loop
      vertex 69.2 15.399999999999999 62
      vertex 36.933687808954424 35.439731126745826 62
      vertex 36.88253563910837 35.25835921350013 62
    endloop
  endfacet
  facet normal 0 0 1
    outer loop
      vertex 69.2 15.399999999999999 62
      vertex 36.97045201742833 35.62455728390345 62
      vertex 36.933687808954424 35.439731126745826 62
    endloop
  endfacet
  facet normal 0 0 1
    outer loop
      vertex 69.2 15.399999999999999 62
      vertex 36.99260160095951 35.81169817025317 62
      vertex 36.97045201742833 35.62455728390345 62
    endloop
  endfacet
  facet normal 0 0 1
    outer loop
      vertex 69.2 15.399999999999999 62
      vertex 37 36 62
      vertex 36.99260160095951 35.81169817025317 62
    endloop
  endfacet
  facet normal 0 0 1
    outer loop
      vertex 69.2 15.399999999999999 62
      vertex 36.99260160095951 36.18830182974683 62
      vertex 37 36 62
    endloop
  endfacet
  facet normal 0 0 1
    outer loop
      vertex 69.2 15.399999999999999 62
      vertex 36.933687808954424 36.560268873254174 62
      vertex 36.97045201742833 36.37544271609655 62
    endloop
  endfacet
  facet normal 0 0 1
    outer loop
      vertex 69.2 15.399999999999999 62
      vertex 36.97045201742833 36.37544271609655 62
      vertex 36.99260160095951 36.18830182974683 62
    endloop
  endfacet
  facet normal 0 0 1
    outer loop
      vertex 69.2 15.399999999999999 62
      vertex 36.88253563910837 36.74164078649987 62
      vertex 36.933687808954424 36.560268873254174 62
    endloop
  endfacet
  facet normal 0 0 1
    outer loop
      vertex 69.2 15.399999999999999 62
      vertex 36.81731087802709 36.918440237676215 62
      vertex 36.88253563910837 36.74164078649987 62
    endloop
  endfacet
  facet normal 0 0 1
    outer loop
      vertex 69.2 15.399999999999999 62
      vertex 36.738415658052084 37.089577199374915 62
      vertex 36.81731087802709 36.918440237676215 62
    endloop
  endfacet
  facet normal 0 0 -1
    outer loop
      vertex 67.87093376642406 24.8 52
      vertex 36.424974317440075 34.44132468400756 52
      vertex 36.541640786499876 34.589315394498065 52
    endloop
  endfacet
  facet normal 0 0 -1
    outer loop
      vertex 67.87093376642406 24.8 52
      vertex 36.541640786499876 34.589315394498065 52
      vertex 36.646336394449825 34.746003444681726 52
    endloop
  endfacet
  facet normal 0 0 -1
    outer loop
      vertex 67.87093376642406 24.8 52
      vertex 36.646336394449825 34.746003444681726 52
      vertex 36.738415658052084 34.910422800625085 52
    endloop
  endfacet
  facet normal 0 0 -1
    outer loop
      vertex 67.87093376642406 24.8 52
      vertex 36.738415658052084 34.910422800625085 52
      vertex 36.81731087802709 35.081559762323785 52
    endloop
  endfacet
  facet normal 0 0 -1
    outer loop
      vertex 67.87093376642406 24.8 52
      vertex 36.81731087802709 35.081559762323785 52
      vertex 36.88253563910837 35.25835921350013 52
    endloop
  endfacet
  facet normal 0 0 -1
    outer loop
      vertex 67.87093376642406 24.8 52
      vertex 36.88253563910837 35.25835921350013 52
      vertex 36.933687808954424 35.439731126745826 52
    endloop
  endfacet
  facet normal 0 0 -1
    outer loop
      vertex 67.87093376642406 24.8 52
      vertex 36.933687808954424 35.439731126745826 52
      vertex 36.97045201742833 35.62455728390345 52
    endloop
  endfacet
  facet normal 0 0 -1
    outer loop
      vertex 67.87093376642406 24.8 52
      vertex 36.97045201742833 35.62455728390345 52
      vertex 36.99260160095951 35.81169817025317 52
    endloop
  endfacet
  facet normal 0 0 -1
    outer loop
      vertex 67.87093376642406 24.8 52
      vertex 36.99260160095951 35.81169817025317 52
      vertex 37 36 52
    endloop
  endfacet
  facet normal 0 0 -1
    outer loop
      vertex 57.169851318533205 41.61857903707262 52
      vertex 36.29705627484771 37.69705627484771 52
      vertex 36.15867531599244 37.82497431744007 52
    endloop
  endfacet
  facet normal 0 0 -1
    outer loop
      vertex 57.169851318533205 41.61857903707262 52
      vertex 34.411698170253175 38.39260160095951 52
      vertex 34.22455728390345 38.37045201742833 52
    endloop
  endfacet
  facet normal 0 0 -1
    outer loop
      vertex 57.169851318533205 41.61857903707262 52
      vertex 34.6 38.4 52
      vertex 34.411698170253175 38.39260160095951 52
    endloop
  endfacet
  facet normal 0 0 -1
    outer loop
      vertex 57.169851318533205 41.61857903707262 52
      vertex 35.160268873254175 38.33368780895442 52
      vertex 34.97544271609655 38.37045201742833 52
    endloop
  endfacet
  facet normal 0 0 -1
    outer loop
      vertex 57.169851318533205 41.61857903707262 52
      vertex 35.34164078649987 38.28253563910837 52
      vertex 35.160268873254175 38.33368780895442 52
    endloop
  endfacet
  facet normal 0 0 -1
    outer loop
      vertex 57.169851318533205 41.61857903707262 52
      vertex 35.51844023767622 38.217310878027085 52
      vertex 35.34164078649987 38.28253563910837 52
    endloop
  endfacet
  facet normal 0 0 -1
    outer loop
      vertex 57.169851318533205 41.61857903707262 52
      vertex 34.78830182974683 38.39260160095951 52
      vertex 34.6 38.4 52
    endloop
  endfacet
  facet normal 0 0 -1
    outer loop
      vertex 57.169851318533205 41.61857903707262 52
      vertex 34.97544271609655 38.37045201742833 52
      vertex 34.78830182974683 38.39260160095951 52
    endloop
  endfacet
  facet normal 0 0 -1
    outer loop
      vertex 57.169851318533205 41.61857903707262 52
      vertex 35.68957719937492 38.13841565805208 52
      vertex 35.51844023767622 38.217310878027085 52
    endloop
  endfacet
  facet normal 0 0 -1
    outer loop
      vertex 57.169851318533205 41.61857903707262 52
      vertex 35.853996555318275 38.046336394449824 52
      vertex 35.68957719937492 38.13841565805208 52
    endloop
  endfacet
  facet normal 0 0 -1
    outer loop
      vertex 57.169851318533205 41.61857903707262 52
      vertex 36.15867531599244 37.82497431744007 52
      vertex 36.010684605501936 37.941640786499875 52
    endloop
  endfacet
  facet normal 0 0 -1
    outer loop
      vertex 57.169851318533205 41.61857903707262 52
      vertex 36.010684605501936 37.941640786499875 52
      vertex 35.853996555318275 38.046336394449824 52
    endloop
  endfacet
  facet normal 0 0 1
    outer loop
      vertex 23.908011994626822 48.30655546381231 62
      vertex 69.2 15.399999999999999 62
      vertex 26.522790410585674 49.04399924575961 62
    endloop
  endfacet
  facet normal 0 0 1
    outer loop
      vertex 26.522790410585674 49.04399924575961 62
      vertex 69.2 15.399999999999999 62
      vertex 29.187367509608013 49.57401658459177 62
    endloop
  endfacet
  facet normal 0.03925981575906776 0.999229036240723 0
    outer loop
      vertex 34.6 50 59.032847238733886
      vertex 37.314684712183436 49.89333974716623 62
      vertex 37.314684712183436 49.89333974716623 58.94334865991979
    endloop
  endfacet
  facet normal 0.03925981575906776 0.9992290362407229 0
    outer loop
      vertex 34.6 50 59.032847238733886
      vertex 34.6 50 62
      vertex 37.314684712183436 49.89333974716623 62
    endloop
  endfacet
  facet normal 0.11753739745783755 0.9930684569549263 0
    outer loop
      vertex 37.314684712183436 49.89333974716623 58.94334865991979
      vertex 37.314684712183436 49.89333974716623 62
      vertex 40.012632490391994 49.57401658459177 62
    endloop
  endfacet
  facet normal 0.11753739745783752 0.9930684569549262 0
    outer loop
      vertex 37.314684712183436 49.89333974716623 58.94334865991979
      vertex 40.012632490391994 49.57401658459177 62
      vertex 40.012632490391994 49.57401658459177 58.6754047119772
    endloop
  endfacet
  facet normal 0.19509032201612997 0.9807852804032301 0
    outer loop
      vertex 40.012632490391994 49.57401658459177 58.6754047119772
      vertex 40.012632490391994 49.57401658459177 62
      vertex 42.67720958941433 49.04399924575961 62
    endloop
  endfacet
  facet normal 0.19509032201613 0.9807852804032301 0
    outer loop
      vertex 42.67720958941433 49.04399924575961 58.23066735844557
      vertex 40.012632490391994 49.57401658459177 58.6754047119772
      vertex 42.67720958941433 49.04399924575961 62
    endloop
  endfacet
  facet normal 0 0 -1
    outer loop
      vertex 57.169851318533205 41.61857903707262 52
      vertex 37 36 52
      vertex 36.99260160095951 36.18830182974683 52
    endloop
  endfacet
  facet normal 0 0 -1
    outer loop
      vertex 57.169851318533205 41.61857903707262 52
      vertex 36.99260160095951 36.18830182974683 52
      vertex 36.97045201742833 36.37544271609655 52
    endloop
  endfacet
  facet normal 0 0 -1
    outer loop
      vertex 57.169851318533205 41.61857903707262 52
      vertex 36.97045201742833 36.37544271609655 52
      vertex 36.933687808954424 36.560268873254174 52
    endloop
  endfacet
  facet normal 0 0 -1
    outer loop
      vertex 57.169851318533205 41.61857903707262 52
      vertex 36.738415658052084 37.089577199374915 52
      vertex 36.646336394449825 37.253996555318274 52
    endloop
  endfacet
  facet normal 0 0 -1
    outer loop
      vertex 57.169851318533205 41.61857903707262 52
      vertex 36.88253563910837 36.74164078649987 52
      vertex 36.81731087802709 36.918440237676215 52
    endloop
  endfacet
  facet normal 0 0 -1
    outer loop
      vertex 57.169851318533205 41.61857903707262 52
      vertex 36.933687808954424 36.560268873254174 52
      vertex 36.88253563910837 36.74164078649987 52
    endloop
  endfacet
  facet normal 0 0 -1
    outer loop
      vertex 57.169851318533205 41.61857903707262 52
      vertex 36.81731087802709 36.918440237676215 52
      vertex 36.738415658052084 37.089577199374915 52
    endloop
  endfacet
  facet normal 0 0 -1
    outer loop
      vertex 57.169851318533205 41.61857903707262 52
      vertex 36.541640786499876 37.410684605501935 52
      vertex 36.424974317440075 37.55867531599244 52
    endloop
  endfacet
  facet normal 0 0 -1
    outer loop
      vertex 57.169851318533205 41.61857903707262 52
      vertex 36.646336394449825 37.253996555318274 52
      vertex 36.541640786499876 37.410684605501935 52
    endloop
  endfacet
  facet normal 0 0 -1
    outer loop
      vertex 57.169851318533205 41.61857903707262 52
      vertex 36.424974317440075 37.55867531599244 52
      vertex 36.29705627484771 37.69705627484771 52
    endloop
  endfacet
  facet normal 0 0 1
    outer loop
      vertex 29.187367509608013 49.57401658459177 62
      vertex 69.2 15.399999999999999 62
      vertex 31.885315287816567 49.89333974716623 62
    endloop
  endfacet
  facet normal 0 0 1
    outer loop
      vertex 31.885315287816567 49.89333974716623 62
      vertex 69.2 15.399999999999999 62
      vertex 34.6 50 62
    endloop
  endfacet
  facet normal 0 0 1
    outer loop
      vertex 69.2 15.399999999999999 62
      vertex 37.314684712183436 49.89333974716623 62
      vertex 34.6 50 62
    endloop
  endfacet
  facet normal 0 0 1
    outer loop
      vertex 69.2 15.399999999999999 62
      vertex 40.012632490391994 49.57401658459177 62
      vertex 37.314684712183436 49.89333974716623 62
    endloop
  endfacet
  facet normal 0 0 1
    outer loop
      vertex 69.2 15.399999999999999 62
      vertex 42.67720958941433 49.04399924575961 62
      vertex 40.012632490391994 49.57401658459177 62
    endloop
  endfacet
  facet normal 0.271440449865075 0.962455236453647 0
    outer loop
      vertex 42.67720958941433 49.04399924575961 58.23066735844557
      vertex 45.291988005373184 48.30655546381231 62
      vertex 45.291988005373184 48.30655546381231 57.61187855299961
    endloop
  endfacet
  facet normal 0.27144044986507504 0.9624552364536472 0
    outer loop
      vertex 42.67720958941433 49.04399924575961 58.23066735844557
      vertex 42.67720958941433 49.04399924575961 62
      vertex 45.291988005373184 48.30655546381231 62
    endloop
  endfacet
  facet normal 0.3461170570774921 0.9381913359224845 0
    outer loop
      vertex 45.291988005373184 48.30655546381231 57.61187855299961
      vertex 47.84084675983211 47.36623182489052 62
      vertex 47.84084675983211 47.36623182489052 56.82285333439306
    endloop
  endfacet
  facet normal 0.346117057077492 0.9381913359224845 0
    outer loop
      vertex 45.291988005373184 48.30655546381231 57.61187855299961
      vertex 45.291988005373184 48.30655546381231 62
      vertex 47.84084675983211 47.36623182489052 62
    endloop
  endfacet
  facet normal 0.41865973753742736 0.9081431738250816 0
    outer loop
      vertex 50.30807129098832 46.22882573691753 55.86845630547613
      vertex 47.84084675983211 47.36623182489052 56.82285333439306
      vertex 50.30807129098832 46.22882573691753 62
    endloop
  endfacet
  facet normal 0.4886212414969572 0.8724960070727958 0
    outer loop
      vertex 50.30807129098832 46.22882573691753 55.86845630547613
      vertex 52.67845033917183 44.901349686651585 62
      vertex 52.67845033917183 44.901349686651585 54.75457164130131
    endloop
  endfacet
  facet normal 0.4886212414969571 0.872496007072796 0
    outer loop
      vertex 50.30807129098832 46.22882573691753 55.86845630547613
      vertex 50.30807129098832 46.22882573691753 62
      vertex 52.67845033917183 44.901349686651585 62
    endloop
  endfacet
  facet normal 0.4186597375374274 0.9081431738250817 0
    outer loop
      vertex 50.30807129098832 46.22882573691753 62
      vertex 47.84084675983211 47.36623182489052 56.82285333439306
      vertex 47.84084675983211 47.36623182489052 62
    endloop
  endfacet
  facet normal 0 0 -1
    outer loop
      vertex 67.87093376642406 24.8 52
      vertex 37 36 52
      vertex 57.169851318533205 41.61857903707262 52
    endloop
  endfacet
  facet normal 0 0 1
    outer loop
      vertex 69.2 15.399999999999999 62
      vertex 47.84084675983211 47.36623182489052 62
      vertex 45.291988005373184 48.30655546381231 62
    endloop
  endfacet
  facet normal 0 0 1
    outer loop
      vertex 69.2 15.399999999999999 62
      vertex 50.30807129098832 46.22882573691753 62
      vertex 47.84084675983211 47.36623182489052 62
    endloop
  endfacet
  facet normal 0 0 1
    outer loop
      vertex 69.2 15.399999999999999 62
      vertex 57.07090247222436 41.71004640976107 62
      vertex 54.93736972931957 43.39198800537318 62
    endloop
  endfacet
  facet normal 0 0 1
    outer loop
      vertex 69.2 15.399999999999999 62
      vertex 52.67845033917183 44.901349686651585 62
      vertex 50.30807129098832 46.22882573691753 62
    endloop
  endfacet
  facet normal 0 0 1
    outer loop
      vertex 69.2 15.399999999999999 62
      vertex 54.93736972931957 43.39198800537318 62
      vertex 52.67845033917183 44.901349686651585 62
    endloop
  endfacet
  facet normal 0 0 -1
    outer loop
      vertex 67.87093376642406 24.8 52
      vertex 66.56623182489052 28.640846759832108 52
      vertex 67.5065554638123 26.091988005373178 52
    endloop
  endfacet
  facet normal 0 0 -1
    outer loop
      vertex 67.87093376642406 24.8 52
      vertex 65.42882573691753 31.108071290988317 52
      vertex 66.56623182489052 28.640846759832108 52
    endloop
  endfacet
  facet normal 0 0 -1
    outer loop
      vertex 67.87093376642406 24.8 52
      vertex 64.10134968665159 33.47845033917183 52
      vertex 65.42882573691753 31.108071290988317 52
    endloop
  endfacet
  facet normal 0 0 1
    outer loop
      vertex 69.2 15.399999999999999 62
      vertex 62.59198800537318 35.73736972931957 62
      vertex 60.91004640976107 37.87090247222436 62
    endloop
  endfacet
  facet normal 0 0 1
    outer loop
      vertex 69.2 15.399999999999999 62
      vertex 60.91004640976107 37.87090247222436 62
      vertex 59.06589462905455 39.865894629054544 62
    endloop
  endfacet
  facet normal 0.9381913359224854 0.3461170570774893 0
    outer loop
      vertex 67.5065554638123 26.091988005373178 52
      vertex 66.56623182489052 28.640846759832108 52
      vertex 67.5065554638123 26.091988005373178 62
    endloop
  endfacet
  facet normal 0.9381913359224854 0.3461170570774893 0
    outer loop
      vertex 66.56623182489052 28.640846759832108 52
      vertex 66.56623182489052 28.640846759832108 62
      vertex 67.5065554638123 26.091988005373178 62
    endloop
  endfacet
  facet normal 0 0 1
    outer loop
      vertex 69.2 15.399999999999999 62
      vertex 65.42882573691753 31.108071290988317 62
      vertex 64.10134968665159 33.47845033917183 62
    endloop
  endfacet
  facet normal 0.9624552364536463 0.2714404498650774 0
    outer loop
      vertex 68.24399924575961 23.477209589414326 62
      vertex 67.5065554638123 26.091988005373178 52
      vertex 67.5065554638123 26.091988005373178 62
    endloop
  endfacet
  facet normal 0 0 1
    outer loop
      vertex 69.2 15.399999999999999 62
      vertex 66.56623182489052 28.640846759832108 62
      vertex 65.42882573691753 31.108071290988317 62
    endloop
  endfacet
  facet normal 0.9081431738250815 0.4186597375374279 0
    outer loop
      vertex 66.56623182489052 28.640846759832108 52
      vertex 65.42882573691753 31.108071290988317 52
      vertex 66.56623182489052 28.640846759832108 62
    endloop
  endfacet
  facet normal 0 0 1
    outer loop
      vertex 69.2 15.399999999999999 62
      vertex 64.10134968665159 33.47845033917183 62
      vertex 62.59198800537318 35.73736972931957 62
    endloop
  endfacet
  facet normal 0.9081431738250815 0.4186597375374279 0
    outer loop
      vertex 65.42882573691753 31.108071290988317 52
      vertex 65.42882573691753 31.108071290988317 62
      vertex 66.56623182489052 28.640846759832108 62
    endloop
  endfacet
  facet normal 0 0 -1
    outer loop
      vertex 67.87093376642406 24.8 52
      vertex 59.06589462905455 39.865894629054544 52
      vertex 60.91004640976107 37.87090247222436 52
    endloop
  endfacet
  facet normal 0 0 -1
    outer loop
      vertex 67.87093376642406 24.8 52
      vertex 60.91004640976107 37.87090247222436 52
      vertex 62.59198800537318 35.73736972931957 52
    endloop
  endfacet
  facet normal 0 0 -1
    outer loop
      vertex 67.87093376642406 24.8 52
      vertex 62.59198800537318 35.73736972931957 52
      vertex 64.10134968665159 33.47845033917183 52
    endloop
  endfacet
  facet normal 0 0 -1
    outer loop
      vertex 67.87093376642406 24.8 52
      vertex 57.169851318533205 41.61857903707262 52
      vertex 59.06589462905455 39.865894629054544 52
    endloop
  endfacet
  facet normal 0.8314696123025458 0.5555702330196014 0
    outer loop
      vertex 64.10134968665159 33.47845033917183 52
      vertex 62.59198800537318 35.73736972931957 52
      vertex 64.10134968665159 33.47845033917183 62
    endloop
  endfacet
  facet normal 0 0 1
    outer loop
      vertex 69.2 15.399999999999999 62
      vertex 59.06589462905455 39.865894629054544 62
      vertex 57.07090247222436 41.71004640976107 62
    endloop
  endfacet
  facet normal 0.8724960070727962 0.4886212414969566 0
    outer loop
      vertex 65.42882573691753 31.108071290988317 62
      vertex 64.10134968665159 33.47845033917183 52
      vertex 64.10134968665159 33.47845033917183 62
    endloop
  endfacet
  facet normal 0.7853169308807461 0.6190939493098325 0
    outer loop
      vertex 62.59198800537318 35.73736972931957 52
      vertex 60.91004640976107 37.87090247222436 52
      vertex 62.59198800537318 35.73736972931957 62
    endloop
  endfacet
  facet normal 0.7853169308807461 0.6190939493098325 0
    outer loop
      vertex 62.59198800537318 35.73736972931957 62
      vertex 60.91004640976107 37.87090247222436 52
      vertex 60.91004640976107 37.87090247222436 62
    endloop
  endfacet
  facet normal 0.8314696123025458 0.5555702330196014 0
    outer loop
      vertex 62.59198800537318 35.73736972931957 52
      vertex 62.59198800537318 35.73736972931957 62
      vertex 64.10134968665159 33.47845033917183 62
    endloop
  endfacet
  facet normal 0.8724960070727962 0.4886212414969566 0
    outer loop
      vertex 65.42882573691753 31.108071290988317 52
      vertex 64.10134968665159 33.47845033917183 52
      vertex 65.42882573691753 31.108071290988317 62
    endloop
  endfacet
  facet normal 0.6788007455329415 0.7343225094356859 -4.25777467790955e-14
    outer loop
      vertex 59.06589462905455 39.865894629054544 52
      vertex 57.169851318533205 41.61857903707262 52
      vertex 57.07090247222436 41.71004640976107 52.07675023868763
    endloop
  endfacet
  facet normal 0 0 1
    outer loop
      vertex 69.2 15.399999999999999 62
      vertex 45.291988005373184 48.30655546381231 62
      vertex 42.67720958941433 49.04399924575961 62
    endloop
  endfacet
  facet normal 0.6190939493098325 0.7853169308807462 0
    outer loop
      vertex 54.93736972931957 43.39198800537318 53.48806681122748
      vertex 54.93736972931957 43.39198800537318 62
      vertex 57.07090247222436 41.71004640976107 62
    endloop
  endfacet
  facet normal 0.7343225094356851 0.6788007455329423 0
    outer loop
      vertex 59.06589462905455 39.865894629054544 52
      vertex 60.91004640976107 37.87090247222436 62
      vertex 60.91004640976107 37.87090247222436 52
    endloop
  endfacet
  facet normal 0.6788007455329423 0.7343225094356851 0
    outer loop
      vertex 59.06589462905455 39.865894629054544 52
      vertex 57.07090247222436 41.71004640976107 62
      vertex 59.06589462905455 39.865894629054544 62
    endloop
  endfacet
  facet normal 0.7343225094356851 0.6788007455329423 0
    outer loop
      vertex 59.06589462905455 39.865894629054544 52
      vertex 59.06589462905455 39.865894629054544 62
      vertex 60.91004640976107 37.87090247222436 62
    endloop
  endfacet
  facet normal 0.6788007455329423 0.734322509435685 0
    outer loop
      vertex 59.06589462905455 39.865894629054544 52
      vertex 57.07090247222436 41.71004640976107 52.07675023868763
      vertex 57.07090247222436 41.71004640976107 62
    endloop
  endfacet
  facet normal 0.6190939493098324 0.7853169308807461 0
    outer loop
      vertex 54.93736972931957 43.39198800537318 53.48806681122748
      vertex 57.07090247222436 41.71004640976107 62
      vertex 57.07090247222436 41.71004640976107 52.07675023868763
    endloop
  endfacet
  facet normal 0.5555702330196014 0.8314696123025458 0
    outer loop
      vertex 54.93736972931957 43.39198800537318 53.48806681122748
      vertex 52.67845033917183 44.901349686651585 54.75457164130131
      vertex 54.93736972931957 43.39198800537318 62
    endloop
  endfacet
  facet normal 0.5555702330196015 0.8314696123025457 0
    outer loop
      vertex 54.93736972931957 43.39198800537318 62
      vertex 52.67845033917183 44.901349686651585 54.75457164130131
      vertex 52.67845033917183 44.901349686651585 62
    endloop
  endfacet
  facet normal 0 0.6427876096865646 -0.7660444431189568
    outer loop
      vertex 12.030148681466795 41.61857903707262 52
      vertex 12.129097527775645 41.71004640976107 52.07675023868764
      vertex 57.169851318533205 41.61857903707262 52
    endloop
  endfacet
  facet normal -8.790224758918076e-17 0.6427876096865394 -0.7660444431189782
    outer loop
      vertex 12.129097527775645 41.71004640976107 52.07675023868764
      vertex 14.262630270680429 43.39198800537318 53.48806681122748
      vertex 57.169851318533205 41.61857903707262 52
    endloop
  endfacet
  facet normal -1.2367292277722696e-16 0.6427876096865388 -0.7660444431189785
    outer loop
      vertex 14.262630270680429 43.39198800537318 53.48806681122748
      vertex 16.52154966082817 44.901349686651585 54.75457164130131
      vertex 57.169851318533205 41.61857903707262 52
    endloop
  endfacet
  facet normal -1.6529943806348022e-17 0.6427876096865395 -0.7660444431189778
    outer loop
      vertex 16.52154966082817 44.901349686651585 54.75457164130131
      vertex 18.891928709011683 46.22882573691753 55.86845630547614
      vertex 57.169851318533205 41.61857903707262 52
    endloop
  endfacet
  facet normal -5.203981803405281e-16 0.6427876096865371 -0.7660444431189799
    outer loop
      vertex 18.891928709011683 46.22882573691753 55.86845630547614
      vertex 21.359153240167892 47.36623182489052 56.82285333439306
      vertex 57.169851318533205 41.61857903707262 52
    endloop
  endfacet
  facet normal 2.9567471564833014e-16 0.64278760968654 -0.7660444431189773
    outer loop
      vertex 21.359153240167892 47.36623182489052 56.82285333439306
      vertex 23.908011994626822 48.30655546381231 57.61187855299961
      vertex 57.169851318533205 41.61857903707262 52
    endloop
  endfacet
  facet normal 3.076733248238367e-16 0.64278760968654 -0.7660444431189775
    outer loop
      vertex 23.908011994626822 48.30655546381231 57.61187855299961
      vertex 26.522790410585674 49.04399924575961 58.23066735844557
      vertex 57.169851318533205 41.61857903707262 52
    endloop
  endfacet
  facet normal 2.8326459138058847e-17 0.6427876096865395 -0.7660444431189778
    outer loop
      vertex 26.522790410585674 49.04399924575961 58.23066735844557
      vertex 29.187367509608013 49.57401658459177 58.6754047119772
      vertex 57.169851318533205 41.61857903707262 52
    endloop
  endfacet
  facet normal -7.274128309305397e-16 0.6427876096865378 -0.7660444431189792
    outer loop
      vertex 29.187367509608013 49.57401658459177 58.6754047119772
      vertex 31.885315287816567 49.89333974716623 58.94334865991979
      vertex 57.169851318533205 41.61857903707262 52
    endloop
  endfacet
  facet normal 6.963329693985316e-16 0.6427876096865404 -0.7660444431189771
    outer loop
      vertex 31.885315287816567 49.89333974716623 58.94334865991979
      vertex 34.6 50 59.032847238733886
      vertex 57.169851318533205 41.61857903707262 52
    endloop
  endfacet
  facet normal -8.611141311175871e-16 0.6427876096865379 -0.7660444431189791
    outer loop
      vertex 34.6 50 59.032847238733886
      vertex 37.314684712183436 49.89333974716623 58.94334865991979
      vertex 57.169851318533205 41.61857903707262 52
    endloop
  endfacet
  facet normal -7.623600789845657e-16 0.642787609686538 -0.7660444431189791
    outer loop
      vertex 50.30807129098832 46.22882573691753 55.86845630547613
      vertex 57.169851318533205 41.61857903707262 52
      vertex 47.84084675983211 47.36623182489052 56.82285333439306
    endloop
  endfacet
  facet normal -8.431550417864472e-17 0.6427876096865394 -0.7660444431189781
    outer loop
      vertex 42.67720958941433 49.04399924575961 58.23066735844557
      vertex 57.169851318533205 41.61857903707262 52
      vertex 40.012632490391994 49.57401658459177 58.6754047119772
    endloop
  endfacet
  facet normal 1.3833567842903889e-15 0.642787609686541 -0.7660444431189765
    outer loop
      vertex 37.314684712183436 49.89333974716623 58.94334865991979
      vertex 40.012632490391994 49.57401658459177 58.6754047119772
      vertex 57.169851318533205 41.61857903707262 52
    endloop
  endfacet
  facet normal -1.4810752548763226e-15 0.6427876096865376 -0.7660444431189795
    outer loop
      vertex 42.67720958941433 49.04399924575961 58.23066735844557
      vertex 45.291988005373184 48.30655546381231 57.61187855299961
      vertex 57.169851318533205 41.61857903707262 52
    endloop
  endfacet
  facet normal -2.3151485413348675e-15 0.6427876096865367 -0.7660444431189801
    outer loop
      vertex 45.291988005373184 48.30655546381231 57.61187855299961
      vertex 47.84084675983211 47.36623182489052 56.82285333439306
      vertex 57.169851318533205 41.61857903707262 52
    endloop
  endfacet
  facet normal 1.3364644336753507e-14 0.64278760968655 -0.766044443118969
    outer loop
      vertex 54.93736972931957 43.39198800537318 53.48806681122748
      vertex 57.169851318533205 41.61857903707262 52
      vertex 52.67845033917183 44.901349686651585 54.75457164130131
    endloop
  endfacet
  facet normal -9.4752926152082e-14 0.6427876096864615 -0.7660444431190433
    outer loop
      vertex 54.93736972931957 43.39198800537318 53.48806681122748
      vertex 57.07090247222436 41.71004640976107 52.07675023868763
      vertex 57.169851318533205 41.61857903707262 52
    endloop
  endfacet
  facet normal 1.0472146229115323e-14 0.642787609686548 -0.7660444431189707
    outer loop
      vertex 50.30807129098832 46.22882573691753 55.86845630547613
      vertex 52.67845033917183 44.901349686651585 54.75457164130131
      vertex 57.169851318533205 41.61857903707262 52
    endloop
  endfacet
  facet normal -1 0 0
    outer loop
      vertex 0 0 52
      vertex 0 0 62
      vertex 0 15.399999999999999 62
    endloop
  endfacet
  facet normal -1 0 0
    outer loop
      vertex 0 0 52
      vertex 0 15.399999999999999 62
      vertex 0 15.399999999999999 52
    endloop
  endfacet
  facet normal 0 0 1
    outer loop
      vertex 0 15.399999999999999 62
      vertex 19.275025682559928 14.44132468400756 62
      vertex 19.158359213500127 14.589315394498065 62
    endloop
  endfacet
  facet normal 0 0 1
    outer loop
      vertex 0 15.399999999999999 62
      vertex 19.402943725152287 14.302943725152286 62
      vertex 19.275025682559928 14.44132468400756 62
    endloop
  endfacet
  facet normal 0 0 1
    outer loop
      vertex 0 15.399999999999999 62
      vertex 19.05366360555018 14.746003444681723 62
      vertex 18.96158434194792 14.910422800625089 62
    endloop
  endfacet
  facet normal 0 0 1
    outer loop
      vertex 0 15.399999999999999 62
      vertex 18.96158434194792 14.910422800625089 62
      vertex 18.882689121972913 15.081559762323785 62
    endloop
  endfacet
  facet normal 0 0 1
    outer loop
      vertex 0 15.399999999999999 62
      vertex 19.158359213500127 14.589315394498065 62
      vertex 19.05366360555018 14.746003444681723 62
    endloop
  endfacet
  facet normal 0 0 1
    outer loop
      vertex 0 15.399999999999999 62
      vertex 18.882689121972913 15.081559762323785 62
      vertex 18.817464360891634 15.258359213500126 62
    endloop
  endfacet
  facet normal 0 0 1
    outer loop
      vertex 0 15.399999999999999 62
      vertex 18.817464360891634 15.258359213500126 62
      vertex 18.77751752767741 15.399999999999999 62
    endloop
  endfacet
  facet normal 0 0 1
    outer loop
      vertex 0 15.399999999999999 62
      vertex 20.01042280062509 13.861584341947918 62
      vertex 19.846003444681724 13.95366360555018 62
    endloop
  endfacet
  facet normal 0 0 1
    outer loop
      vertex 0 15.399999999999999 62
      vertex 20.181559762323786 13.782689121972911 62
      vertex 20.01042280062509 13.861584341947918 62
    endloop
  endfacet
  facet normal 0 0 1
    outer loop
      vertex 0 15.399999999999999 62
      vertex 20.358359213500126 13.717464360891633 62
      vertex 20.181559762323786 13.782689121972911 62
    endloop
  endfacet
  facet normal 0 0 1
    outer loop
      vertex 0 15.399999999999999 62
      vertex 19.689315394498067 14.058359213500125 62
      vertex 19.54132468400756 14.175025682559927 62
    endloop
  endfacet
  facet normal 0 0 1
    outer loop
      vertex 0 15.399999999999999 62
      vertex 19.54132468400756 14.175025682559927 62
      vertex 19.402943725152287 14.302943725152286 62
    endloop
  endfacet
  facet normal 0 0 1
    outer loop
      vertex 0 15.399999999999999 62
      vertex 19.846003444681724 13.95366360555018 62
      vertex 19.689315394498067 14.058359213500125 62
    endloop
  endfacet
  facet normal 0 0 1
    outer loop
      vertex 0 15.399999999999999 62
      vertex 20.724557283903447 13.629547982571669 62
      vertex 20.539731126745828 13.666312191045577 62
    endloop
  endfacet
  facet normal 0 0 1
    outer loop
      vertex 0 15.399999999999999 62
      vertex 20.539731126745828 13.666312191045577 62
      vertex 20.358359213500126 13.717464360891633 62
    endloop
  endfacet
  facet normal 0 0 1
    outer loop
      vertex 0 15.399999999999999 62
      vertex 20.911698170253175 13.607398399040493 62
      vertex 20.724557283903447 13.629547982571669 62
    endloop
  endfacet
  facet normal 0 -1 0
    outer loop
      vertex 0 0 52
      vertex 69.2 0 62
      vertex 0 0 62
    endloop
  endfacet
  facet normal 0 0 1
    outer loop
      vertex 0 0 62
      vertex 69.2 0 62
      vertex 0 15.399999999999999 62
    endloop
  endfacet
  facet normal 0 0 1
    outer loop
      vertex 0 15.399999999999999 62
      vertex 69.2 0 62
      vertex 20.911698170253175 13.607398399040493 62
    endloop
  endfacet
  facet normal 0 0 1
    outer loop
      vertex 21.841640786499877 13.717464360891633 62
      vertex 47.181559762323786 13.782689121972911 62
      vertex 22.018440237676216 13.782689121972911 62
    endloop
  endfacet
  facet normal 0 0 1
    outer loop
      vertex 22.018440237676216 13.782689121972911 62
      vertex 47.010422800625086 13.861584341947918 62
      vertex 22.189577199374913 13.861584341947918 62
    endloop
  endfacet
  facet normal 0 0 1
    outer loop
      vertex 22.189577199374913 13.861584341947918 62
      vertex 47.010422800625086 13.861584341947918 62
      vertex 22.35399655531828 13.95366360555018 62
    endloop
  endfacet
  facet normal 0 0 1
    outer loop
      vertex 22.35399655531828 13.95366360555018 62
      vertex 46.68931539449807 14.058359213500125 62
      vertex 22.510684605501936 14.058359213500125 62
    endloop
  endfacet
  facet normal 0 0 1
    outer loop
      vertex 22.510684605501936 14.058359213500125 62
      vertex 46.68931539449807 14.058359213500125 62
      vertex 22.658675315992443 14.175025682559927 62
    endloop
  endfacet
  facet normal 0 0 1
    outer loop
      vertex 22.658675315992443 14.175025682559927 62
      vertex 46.54132468400756 14.175025682559927 62
      vertex 22.797056274847716 14.302943725152286 62
    endloop
  endfacet
  facet normal 0 0 1
    outer loop
      vertex 22.797056274847716 14.302943725152286 62
      vertex 46.27502568255993 14.44132468400756 62
      vertex 22.924974317440075 14.44132468400756 62
    endloop
  endfacet
  facet normal 0 0 1
    outer loop
      vertex 22.924974317440075 14.44132468400756 62
      vertex 46.27502568255993 14.44132468400756 62
      vertex 23.041640786499876 14.589315394498065 62
    endloop
  endfacet
  facet normal 0 0 1
    outer loop
      vertex 23.041640786499876 14.589315394498065 62
      vertex 46.05366360555018 14.746003444681723 62
      vertex 23.146336394449822 14.746003444681723 62
    endloop
  endfacet
  facet normal 0 0 1
    outer loop
      vertex 23.146336394449822 14.746003444681723 62
      vertex 46.05366360555018 14.746003444681723 62
      vertex 23.238415658052084 14.910422800625089 62
    endloop
  endfacet
  facet normal 0 0 1
    outer loop
      vertex 23.238415658052084 14.910422800625089 62
      vertex 45.96158434194792 14.910422800625089 62
      vertex 23.31731087802709 15.081559762323785 62
    endloop
  endfacet
  facet normal 0 0 1
    outer loop
      vertex 23.31731087802709 15.081559762323785 62
      vertex 45.817464360891634 15.258359213500126 62
      vertex 23.38253563910837 15.258359213500126 62
    endloop
  endfacet
  facet normal 0 0 1
    outer loop
      vertex 23.422482472322592 15.399999999999999 62
      vertex 23.38253563910837 15.258359213500126 62
      vertex 45.817464360891634 15.258359213500126 62
    endloop
  endfacet
  facet normal 0 0 1
    outer loop
      vertex 69.2 0 62
      vertex 21.1 13.6 62
      vertex 20.911698170253175 13.607398399040493 62
    endloop
  endfacet
  facet normal 0 0 1
    outer loop
      vertex 69.2 0 62
      vertex 21.28830182974683 13.607398399040493 62
      vertex 21.1 13.6 62
    endloop
  endfacet
  facet normal 0 0 1
    outer loop
      vertex 69.2 0 62
      vertex 21.475442716096556 13.629547982571669 62
      vertex 21.28830182974683 13.607398399040493 62
    endloop
  endfacet
  facet normal 0 0 1
    outer loop
      vertex 69.2 0 62
      vertex 21.660268873254175 13.666312191045577 62
      vertex 21.475442716096556 13.629547982571669 62
    endloop
  endfacet
  facet normal 0 0 1
    outer loop
      vertex 69.2 0 62
      vertex 21.841640786499877 13.717464360891633 62
      vertex 21.660268873254175 13.666312191045577 62
    endloop
  endfacet
  facet normal 0 -1 0
    outer loop
      vertex 0 0 52
      vertex 69.2 0 52
      vertex 69.2 0 62
    endloop
  endfacet
  facet normal 0 0 1
    outer loop
      vertex 69.2 0 62
      vertex 47.35835921350013 13.717464360891633 62
      vertex 21.841640786499877 13.717464360891633 62
    endloop
  endfacet
  facet normal 0 0 1
    outer loop
      vertex 22.35399655531828 13.95366360555018 62
      vertex 46.84600344468173 13.95366360555018 62
      vertex 46.68931539449807 14.058359213500125 62
    endloop
  endfacet
  facet normal 0 0 1
    outer loop
      vertex 22.018440237676216 13.782689121972911 62
      vertex 47.181559762323786 13.782689121972911 62
      vertex 47.010422800625086 13.861584341947918 62
    endloop
  endfacet
  facet normal 0 0 1
    outer loop
      vertex 21.841640786499877 13.717464360891633 62
      vertex 47.35835921350013 13.717464360891633 62
      vertex 47.181559762323786 13.782689121972911 62
    endloop
  endfacet
  facet normal 0 0 1
    outer loop
      vertex 22.35399655531828 13.95366360555018 62
      vertex 47.010422800625086 13.861584341947918 62
      vertex 46.84600344468173 13.95366360555018 62
    endloop
  endfacet
  facet normal 0 0 1
    outer loop
      vertex 22.658675315992443 14.175025682559927 62
      vertex 46.68931539449807 14.058359213500125 62
      vertex 46.54132468400756 14.175025682559927 62
    endloop
  endfacet
  facet normal 0 0 1
    outer loop
      vertex 22.797056274847716 14.302943725152286 62
      vertex 46.40294372515229 14.302943725152286 62
      vertex 46.27502568255993 14.44132468400756 62
    endloop
  endfacet
  facet normal 0 0 1
    outer loop
      vertex 22.797056274847716 14.302943725152286 62
      vertex 46.54132468400756 14.175025682559927 62
      vertex 46.40294372515229 14.302943725152286 62
    endloop
  endfacet
  facet normal 0 0 1
    outer loop
      vertex 23.041640786499876 14.589315394498065 62
      vertex 46.27502568255993 14.44132468400756 62
      vertex 46.15835921350013 14.589315394498065 62
    endloop
  endfacet
  facet normal 0 0 1
    outer loop
      vertex 23.041640786499876 14.589315394498065 62
      vertex 46.15835921350013 14.589315394498065 62
      vertex 46.05366360555018 14.746003444681723 62
    endloop
  endfacet
  facet normal 0 0 1
    outer loop
      vertex 23.31731087802709 15.081559762323785 62
      vertex 45.882689121972916 15.081559762323785 62
      vertex 45.817464360891634 15.258359213500126 62
    endloop
  endfacet
  facet normal 0 0 1
    outer loop
      vertex 23.422482472322592 15.399999999999999 62
      vertex 45.817464360891634 15.258359213500126 62
      vertex 45.77751752767741 15.399999999999999 62
    endloop
  endfacet
  facet normal 0 0 1
    outer loop
      vertex 23.238415658052084 14.910422800625089 62
      vertex 46.05366360555018 14.746003444681723 62
      vertex 45.96158434194792 14.910422800625089 62
    endloop
  endfacet
  facet normal 0 0 1
    outer loop
      vertex 23.31731087802709 15.081559762323785 62
      vertex 45.96158434194792 14.910422800625089 62
      vertex 45.882689121972916 15.081559762323785 62
    endloop
  endfacet
  facet normal 0 0 1
    outer loop
      vertex 69.2 0 62
      vertex 47.53973112674583 13.666312191045577 62
      vertex 47.35835921350013 13.717464360891633 62
    endloop
  endfacet
  facet normal 0 0 1
    outer loop
      vertex 69.2 0 62
      vertex 47.72455728390345 13.629547982571669 62
      vertex 47.53973112674583 13.666312191045577 62
    endloop
  endfacet
  facet normal 0 0 1
    outer loop
      vertex 69.2 0 62
      vertex 47.911698170253175 13.607398399040493 62
      vertex 47.72455728390345 13.629547982571669 62
    endloop
  endfacet
  facet normal 0 0 1
    outer loop
      vertex 69.2 0 62
      vertex 48.1 13.6 62
      vertex 47.911698170253175 13.607398399040493 62
    endloop
  endfacet
  facet normal 0 0 1
    outer loop
      vertex 69.2 0 62
      vertex 48.28830182974683 13.607398399040493 62
      vertex 48.1 13.6 62
    endloop
  endfacet
  facet normal 0 0 1
    outer loop
      vertex 69.2 0 62
      vertex 48.47544271609655 13.629547982571669 62
      vertex 48.28830182974683 13.607398399040493 62
    endloop
  endfacet
  facet normal 0 0 1
    outer loop
      vertex 69.2 0 62
      vertex 48.660268873254175 13.666312191045577 62
      vertex 48.47544271609655 13.629547982571669 62
    endloop
  endfacet
  facet normal 0 0 1
    outer loop
      vertex 69.2 0 62
      vertex 48.84164078649987 13.717464360891633 62
      vertex 48.660268873254175 13.666312191045577 62
    endloop
  endfacet
  facet normal 0 0 1
    outer loop
      vertex 69.2 0 62
      vertex 49.01844023767622 13.782689121972911 62
      vertex 48.84164078649987 13.717464360891633 62
    endloop
  endfacet
  facet normal 0 0 1
    outer loop
      vertex 69.2 0 62
      vertex 49.18957719937492 13.861584341947918 62
      vertex 49.01844023767622 13.782689121972911 62
    endloop
  endfacet
  facet normal 0 0 1
    outer loop
      vertex 69.2 0 62
      vertex 49.353996555318275 13.95366360555018 62
      vertex 49.18957719937492 13.861584341947918 62
    endloop
  endfacet
  facet normal 0 0 1
    outer loop
      vertex 69.2 0 62
      vertex 49.510684605501936 14.058359213500125 62
      vertex 49.353996555318275 13.95366360555018 62
    endloop
  endfacet
  facet normal 0 0 1
    outer loop
      vertex 69.2 0 62
      vertex 49.65867531599244 14.175025682559927 62
      vertex 49.510684605501936 14.058359213500125 62
    endloop
  endfacet
  facet normal 0 0 1
    outer loop
      vertex 69.2 0 62
      vertex 49.79705627484771 14.302943725152286 62
      vertex 49.65867531599244 14.175025682559927 62
    endloop
  endfacet
  facet normal 0 0 1
    outer loop
      vertex 69.2 0 62
      vertex 49.924974317440075 14.44132468400756 62
      vertex 49.79705627484771 14.302943725152286 62
    endloop
  endfacet
  facet normal 0 0 1
    outer loop
      vertex 69.2 0 62
      vertex 50.041640786499876 14.589315394498065 62
      vertex 49.924974317440075 14.44132468400756 62
    endloop
  endfacet
  facet normal 0 0 1
    outer loop
      vertex 69.2 0 62
      vertex 50.146336394449825 14.746003444681723 62
      vertex 50.041640786499876 14.589315394498065 62
    endloop
  endfacet
  facet normal 0 0 1
    outer loop
      vertex 69.2 0 62
      vertex 50.238415658052084 14.910422800625089 62
      vertex 50.146336394449825 14.746003444681723 62
    endloop
  endfacet
  facet normal 0 0 1
    outer loop
      vertex 69.2 0 62
      vertex 50.31731087802709 15.081559762323785 62
      vertex 50.238415658052084 14.910422800625089 62
    endloop
  endfacet
  facet normal 0 0 1
    outer loop
      vertex 69.2 0 62
      vertex 50.38253563910837 15.258359213500126 62
      vertex 50.31731087802709 15.081559762323785 62
    endloop
  endfacet
  facet normal 0 0 1
    outer loop
      vertex 69.2 0 62
      vertex 50.42248247232259 15.399999999999999 62
      vertex 50.38253563910837 15.258359213500126 62
    endloop
  endfacet
  facet normal 1 0 0
    outer loop
      vertex 69.2 0 52
      vertex 69.2 15.399999999999999 52
      vertex 69.2 0 62
    endloop
  endfacet
  facet normal 0 0 1
    outer loop
      vertex 69.2 0 62
      vertex 69.2 15.399999999999999 62
      vertex 50.42248247232259 15.399999999999999 62
    endloop
  endfacet
  facet normal 1 0 0
    outer loop
      vertex 69.2 0 62
      vertex 69.2 15.399999999999999 52
      vertex 69.2 15.399999999999999 62
    endloop
  endfacet
  facet normal -1 0 0
    outer loop
      vertex 0 0 8
      vertex 0 0 52
      vertex 0 4 8
    endloop
  endfacet
  facet normal -1 0 0
    outer loop
      vertex 0 0 52
      vertex 0 4 24.8
      vertex 0 4 8
    endloop
  endfacet
  facet normal -1 0 0
    outer loop
      vertex 0 24.8 8
      vertex 0 20.8 8
      vertex 0 20.8 24.8
    endloop
  endfacet
  facet normal -1 0 0
    outer loop
      vertex 0 24.8 52
      vertex 0 20.8 24.8
      vertex 0 4 24.8
    endloop
  endfacet
  facet normal -1 0 0
    outer loop
      vertex 0 24.8 8
      vertex 0 20.8 24.8
      vertex 0 24.8 52
    endloop
  endfacet
  facet normal 0 0 -1
    outer loop
      vertex 0 0 8
      vertex 0 4 8
      vertex 69.2 4 8
    endloop
  endfacet
  facet normal 0 0 -1
    outer loop
      vertex 0 24.8 8
      vertex 69.2 24.8 8
      vertex 0 20.8 8
    endloop
  endfacet
  facet normal 0 1 0
    outer loop
      vertex 0 24.8 8
      vertex 0 24.8 52
      vertex 69.2 24.8 8
    endloop
  endfacet
  facet normal -1 0 0
    outer loop
      vertex 0 0 52
      vertex 0 15.399999999999999 52
      vertex 0 4 24.8
    endloop
  endfacet
  facet normal -1 0 0
    outer loop
      vertex 0 15.399999999999999 52
      vertex 0 24.8 52
      vertex 0 4 24.8
    endloop
  endfacet
  facet normal 0 0 1
    outer loop
      vertex 0 15.399999999999999 52
      vertex 0.10666025283376968 18.114684712183433 52
      vertex 0 24.8 52
    endloop
  endfacet
  facet normal 0 0 1
    outer loop
      vertex 0.10666025283376968 18.114684712183433 52
      vertex 0.4259834154082327 20.812632490391987 52
      vertex 0 24.8 52
    endloop
  endfacet
  facet normal 0 0 1
    outer loop
      vertex 0.4259834154082327 20.812632490391987 52
      vertex 0.9560007542403923 23.477209589414326 52
      vertex 0 24.8 52
    endloop
  endfacet
  facet normal 0 0 1
    outer loop
      vertex 0.9560007542403923 23.477209589414326 52
      vertex 1.3290662335759351 24.8 52
      vertex 0 24.8 52
    endloop
  endfacet
  facet normal 0 -1 0
    outer loop
      vertex 0 0 8
      vertex 69.2 0 52
      vertex 0 0 52
    endloop
  endfacet
  facet normal 0 1 0
    outer loop
      vertex 0 24.8 52
      vertex 1.3290662335759351 24.8 52
      vertex 69.2 24.8 8
    endloop
  endfacet
  facet normal 0 0 -1
    outer loop
      vertex 0 0 8
      vertex 69.2 4 8
      vertex 69.2 0 8
    endloop
  endfacet
  facet normal 0 -1 0
    outer loop
      vertex 0 0 8
      vertex 69.2 0 8
      vertex 69.2 0 52
    endloop
  endfacet
  facet normal 0 0 -1
    outer loop
      vertex 69.2 24.8 8
      vertex 69.2 20.8 8
      vertex 0 20.8 8
    endloop
  endfacet
  facet normal 1 0 0
    outer loop
      vertex 69.2 0 8
      vertex 69.2 4 8
      vertex 69.2 4 24.8
    endloop
  endfacet
  facet normal 1 0 0
    outer loop
      vertex 69.2 0 8
      vertex 69.2 4 24.8
      vertex 69.2 0 52
    endloop
  endfacet
  facet normal 1 0 0
    outer loop
      vertex 69.2 0 52
      vertex 69.2 4 24.8
      vertex 69.2 20.8 24.8
    endloop
  endfacet
  facet normal 1 0 0
    outer loop
      vertex 69.2 24.8 8
      vertex 69.2 20.8 24.8
      vertex 69.2 20.8 8
    endloop
  endfacet
  facet normal 1 0 0
    outer loop
      vertex 69.2 24.8 8
      vertex 69.2 15.399999999999999 52
      vertex 69.2 20.8 24.8
    endloop
  endfacet
  facet normal 0 1 0
    outer loop
      vertex 1.3290662335759351 24.8 52
      vertex 67.87093376642406 24.8 52
      vertex 69.2 24.8 8
    endloop
  endfacet
  facet normal 1 0 0
    outer loop
      vertex 69.2 0 52
      vertex 69.2 20.8 24.8
      vertex 69.2 15.399999999999999 52
    endloop
  endfacet
  facet normal 1 0 0
    outer loop
      vertex 69.2 24.8 8
      vertex 69.2 24.8 52
      vertex 69.2 15.399999999999999 52
    endloop
  endfacet
  facet normal 0 1 0
    outer loop
      vertex 69.2 24.8 8
      vertex 67.87093376642406 24.8 52
      vertex 69.2 24.8 52
    endloop
  endfacet
  facet normal 0 0 1
    outer loop
      vertex 69.2 15.399999999999999 52
      vertex 69.2 24.8 52
      vertex 69.09333974716623 18.114684712183433 52
    endloop
  endfacet
  facet normal 0 0 1
    outer loop
      vertex 69.09333974716623 18.114684712183433 52
      vertex 69.2 24.8 52
      vertex 68.77401658459178 20.812632490391987 52
    endloop
  endfacet
  facet normal 0 0 1
    outer loop
      vertex 68.77401658459178 20.812632490391987 52
      vertex 69.2 24.8 52
      vertex 68.24399924575961 23.477209589414326 52
    endloop
  endfacet
  facet normal 0 0 1
    outer loop
      vertex 67.87093376642406 24.8 52
      vertex 68.24399924575961 23.477209589414326 52
      vertex 69.2 24.8 52
    endloop
  endfacet
  facet normal 0 1 0
    outer loop
      vertex 0 4 8
      vertex 0 4 24.8
      vertex 69.2 4 24.8
    endloop
  endfacet
  facet normal 0 0 -1
    outer loop
      vertex 0 4 24.8
      vertex 0 20.8 24.8
      vertex 69.2 4 24.8
    endloop
  endfacet
  facet normal 0 -1 0
    outer loop
      vertex 0 20.8 8
      vertex 69.2 20.8 8
      vertex 0 20.8 24.8
    endloop
  endfacet
  facet normal 0 1 0
    outer loop
      vertex 69.2 4 8
      vertex 0 4 8
      vertex 69.2 4 24.8
    endloop
  endfacet
  facet normal 0 -1 0
    outer loop
      vertex 69.2 20.8 8
      vertex 69.2 20.8 24.8
      vertex 0 20.8 24.8
    endloop
  endfacet
  facet normal 0 0 -1
    outer loop
      vertex 69.2 20.8 24.8
      vertex 69.2 4 24.8
      vertex 0 20.8 24.8
    endloop
  endfacet
  facet normal 0 0 1
    outer loop
      vertex 19.158359213500127 14.589315394498065 34
      vertex 19.158359213500127 17.410684605501935 34
      vertex 19.05366360555018 14.746003444681723 34
    endloop
  endfacet
  facet normal 0 0 1
    outer loop
      vertex 19.275025682559928 14.44132468400756 34
      vertex 19.275025682559928 17.558675315992442 34
      vertex 19.158359213500127 14.589315394498065 34
    endloop
  endfacet
  facet normal 0 0 1
    outer loop
      vertex 19.402943725152287 14.302943725152286 34
      vertex 19.402943725152287 17.697056274847714 34
      vertex 19.275025682559928 14.44132468400756 34
    endloop
  endfacet
  facet normal 0 0 1
    outer loop
      vertex 19.689315394498067 14.058359213500125 34
      vertex 19.689315394498067 17.941640786499875 34
      vertex 19.54132468400756 14.175025682559927 34
    endloop
  endfacet
  facet normal 0 0 1
    outer loop
      vertex 19.402943725152287 14.302943725152286 34
      vertex 19.54132468400756 14.175025682559927 34
      vertex 19.54132468400756 17.824974317440073 34
    endloop
  endfacet
  facet normal 0 0 1
    outer loop
      vertex 19.689315394498067 14.058359213500125 34
      vertex 19.846003444681724 13.95366360555018 34
      vertex 19.846003444681724 18.04633639444982 34
    endloop
  endfacet
  facet normal 0 0 1
    outer loop
      vertex 19.846003444681724 13.95366360555018 34
      vertex 20.01042280062509 13.861584341947918 34
      vertex 20.01042280062509 18.138415658052082 34
    endloop
  endfacet
  facet normal 0 0 1
    outer loop
      vertex 20.181559762323786 13.782689121972911 34
      vertex 20.181559762323786 18.21731087802709 34
      vertex 20.01042280062509 13.861584341947918 34
    endloop
  endfacet
  facet normal 0 0 1
    outer loop
      vertex 20.181559762323786 13.782689121972911 34
      vertex 20.358359213500126 13.717464360891633 34
      vertex 20.358359213500126 18.282535639108367 34
    endloop
  endfacet
  facet normal 0 0 1
    outer loop
      vertex 20.539731126745828 13.666312191045577 34
      vertex 20.539731126745828 18.333687808954423 34
      vertex 20.358359213500126 13.717464360891633 34
    endloop
  endfacet
  facet normal 0 0 1
    outer loop
      vertex 20.539731126745828 13.666312191045577 34
      vertex 20.724557283903447 13.629547982571669 34
      vertex 20.724557283903447 18.37045201742833 34
    endloop
  endfacet
  facet normal 0 0 1
    outer loop
      vertex 20.724557283903447 13.629547982571669 34
      vertex 20.911698170253175 13.607398399040493 34
      vertex 20.911698170253175 18.39260160095951 34
    endloop
  endfacet
  facet normal 0 0 1
    outer loop
      vertex 20.911698170253175 13.607398399040493 34
      vertex 21.1 13.6 34
      vertex 21.1 18.4 34
    endloop
  endfacet
  facet normal 0 0 1
    outer loop
      vertex 21.1 13.6 34
      vertex 21.28830182974683 13.607398399040493 34
      vertex 21.28830182974683 18.39260160095951 34
    endloop
  endfacet
  facet normal 0 0 1
    outer loop
      vertex 21.28830182974683 13.607398399040493 34
      vertex 21.475442716096556 13.629547982571669 34
      vertex 21.475442716096556 18.37045201742833 34
    endloop
  endfacet
  facet normal 0 0 1
    outer loop
      vertex 21.475442716096556 13.629547982571669 34
      vertex 21.660268873254175 13.666312191045577 34
      vertex 21.660268873254175 18.333687808954423 34
    endloop
  endfacet
  facet normal 0 0 1
    outer loop
      vertex 18.817464360891634 15.258359213500126 34
      vertex 18.817464360891634 16.741640786499875 34
      vertex 18.76631219104558 15.439731126745826 34
    endloop
  endfacet
  facet normal 0 0 1
    outer loop
      vertex 18.882689121972913 15.081559762323785 34
      vertex 18.882689121972913 16.918440237676215 34
      vertex 18.817464360891634 15.258359213500126 34
    endloop
  endfacet
  facet normal 0 0 1
    outer loop
      vertex 18.76631219104558 15.439731126745826 34
      vertex 18.76631219104558 16.560268873254174 34
      vertex 18.72954798257167 15.624557283903446 34
    endloop
  endfacet
  facet normal 0 0 1
    outer loop
      vertex 18.707398399040493 15.811698170253171 34
      vertex 18.707398399040493 16.188301829746827 34
      vertex 18.700000000000003 16 34
    endloop
  endfacet
  facet normal 0 0 1
    outer loop
      vertex 18.72954798257167 15.624557283903446 34
      vertex 18.72954798257167 16.375442716096554 34
      vertex 18.707398399040493 15.811698170253171 34
    endloop
  endfacet
  facet normal 0 0 1
    outer loop
      vertex 18.707398399040493 15.811698170253171 34
      vertex 18.72954798257167 16.375442716096554 34
      vertex 18.707398399040493 16.188301829746827 34
    endloop
  endfacet
  facet normal 0 0 1
    outer loop
      vertex 18.72954798257167 15.624557283903446 34
      vertex 18.76631219104558 16.560268873254174 34
      vertex 18.72954798257167 16.375442716096554 34
    endloop
  endfacet
  facet normal 0 0 1
    outer loop
      vertex 18.76631219104558 15.439731126745826 34
      vertex 18.817464360891634 16.741640786499875 34
      vertex 18.76631219104558 16.560268873254174 34
    endloop
  endfacet
  facet normal 0 0 1
    outer loop
      vertex 18.817464360891634 15.258359213500126 34
      vertex 18.882689121972913 16.918440237676215 34
      vertex 18.817464360891634 16.741640786499875 34
    endloop
  endfacet
  facet normal 0 0 1
    outer loop
      vertex 18.882689121972913 15.081559762323785 34
      vertex 18.96158434194792 17.08957719937491 34
      vertex 18.882689121972913 16.918440237676215 34
    endloop
  endfacet
  facet normal 0 0 1
    outer loop
      vertex 18.882689121972913 15.081559762323785 34
      vertex 18.96158434194792 14.910422800625089 34
      vertex 18.96158434194792 17.08957719937491 34
    endloop
  endfacet
  facet normal 0 0 1
    outer loop
      vertex 19.05366360555018 14.746003444681723 34
      vertex 19.05366360555018 17.253996555318277 34
      vertex 18.96158434194792 14.910422800625089 34
    endloop
  endfacet
  facet normal 0 0 1
    outer loop
      vertex 18.96158434194792 14.910422800625089 34
      vertex 19.05366360555018 17.253996555318277 34
      vertex 18.96158434194792 17.08957719937491 34
    endloop
  endfacet
  facet normal 0 0 1
    outer loop
      vertex 19.05366360555018 14.746003444681723 34
      vertex 19.158359213500127 17.410684605501935 34
      vertex 19.05366360555018 17.253996555318277 34
    endloop
  endfacet
  facet normal 0 0 1
    outer loop
      vertex 19.158359213500127 14.589315394498065 34
      vertex 19.275025682559928 17.558675315992442 34
      vertex 19.158359213500127 17.410684605501935 34
    endloop
  endfacet
  facet normal 0 0 1
    outer loop
      vertex 19.275025682559928 14.44132468400756 34
      vertex 19.402943725152287 17.697056274847714 34
      vertex 19.275025682559928 17.558675315992442 34
    endloop
  endfacet
  facet normal 0 0 1
    outer loop
      vertex 19.402943725152287 14.302943725152286 34
      vertex 19.54132468400756 17.824974317440073 34
      vertex 19.402943725152287 17.697056274847714 34
    endloop
  endfacet
  facet normal 0 0 1
    outer loop
      vertex 19.54132468400756 14.175025682559927 34
      vertex 19.689315394498067 17.941640786499875 34
      vertex 19.54132468400756 17.824974317440073 34
    endloop
  endfacet
  facet normal 0 0 1
    outer loop
      vertex 19.689315394498067 14.058359213500125 34
      vertex 19.846003444681724 18.04633639444982 34
      vertex 19.689315394498067 17.941640786499875 34
    endloop
  endfacet
  facet normal 0 0 1
    outer loop
      vertex 19.846003444681724 13.95366360555018 34
      vertex 20.01042280062509 18.138415658052082 34
      vertex 19.846003444681724 18.04633639444982 34
    endloop
  endfacet
  facet normal 0 0 1
    outer loop
      vertex 20.01042280062509 13.861584341947918 34
      vertex 20.181559762323786 18.21731087802709 34
      vertex 20.01042280062509 18.138415658052082 34
    endloop
  endfacet
  facet normal 0 0 1
    outer loop
      vertex 20.181559762323786 13.782689121972911 34
      vertex 20.358359213500126 18.282535639108367 34
      vertex 20.181559762323786 18.21731087802709 34
    endloop
  endfacet
  facet normal 0 0 1
    outer loop
      vertex 20.358359213500126 13.717464360891633 34
      vertex 20.539731126745828 18.333687808954423 34
      vertex 20.358359213500126 18.282535639108367 34
    endloop
  endfacet
  facet normal 0 0 1
    outer loop
      vertex 20.539731126745828 13.666312191045577 34
      vertex 20.724557283903447 18.37045201742833 34
      vertex 20.539731126745828 18.333687808954423 34
    endloop
  endfacet
  facet normal 0 0 1
    outer loop
      vertex 20.724557283903447 13.629547982571669 34
      vertex 20.911698170253175 18.39260160095951 34
      vertex 20.724557283903447 18.37045201742833 34
    endloop
  endfacet
  facet normal 0 0 1
    outer loop
      vertex 20.911698170253175 13.607398399040493 34
      vertex 21.1 18.4 34
      vertex 20.911698170253175 18.39260160095951 34
    endloop
  endfacet
  facet normal 0 0 1
    outer loop
      vertex 21.28830182974683 13.607398399040493 34
      vertex 21.475442716096556 18.37045201742833 34
      vertex 21.28830182974683 18.39260160095951 34
    endloop
  endfacet
  facet normal 0 0 1
    outer loop
      vertex 21.475442716096556 13.629547982571669 34
      vertex 21.660268873254175 18.333687808954423 34
      vertex 21.475442716096556 18.37045201742833 34
    endloop
  endfacet
  facet normal 0 0 1
    outer loop
      vertex 21.1 13.6 34
      vertex 21.28830182974683 18.39260160095951 34
      vertex 21.1 18.4 34
    endloop
  endfacet
  facet normal 0 0 1
    outer loop
      vertex 21.660268873254175 13.666312191045577 34
      vertex 21.841640786499877 13.717464360891633 34
      vertex 21.841640786499877 18.282535639108367 34
    endloop
  endfacet
  facet normal 0 0 1
    outer loop
      vertex 21.841640786499877 13.717464360891633 34
      vertex 22.018440237676216 13.782689121972911 34
      vertex 22.018440237676216 18.21731087802709 34
    endloop
  endfacet
  facet normal 0 0 1
    outer loop
      vertex 22.018440237676216 13.782689121972911 34
      vertex 22.189577199374913 13.861584341947918 34
      vertex 22.189577199374913 18.138415658052082 34
    endloop
  endfacet
  facet normal 0 0 1
    outer loop
      vertex 22.189577199374913 13.861584341947918 34
      vertex 22.35399655531828 13.95366360555018 34
      vertex 22.35399655531828 18.04633639444982 34
    endloop
  endfacet
  facet normal 0 0 1
    outer loop
      vertex 22.35399655531828 13.95366360555018 34
      vertex 22.510684605501936 14.058359213500125 34
      vertex 22.510684605501936 17.941640786499875 34
    endloop
  endfacet
  facet normal 0 0 1
    outer loop
      vertex 22.510684605501936 14.058359213500125 34
      vertex 22.658675315992443 14.175025682559927 34
      vertex 22.658675315992443 17.824974317440073 34
    endloop
  endfacet
  facet normal 0 0 1
    outer loop
      vertex 22.658675315992443 14.175025682559927 34
      vertex 22.797056274847716 14.302943725152286 34
      vertex 22.797056274847716 17.697056274847714 34
    endloop
  endfacet
  facet normal 0 0 1
    outer loop
      vertex 22.797056274847716 14.302943725152286 34
      vertex 22.924974317440075 14.44132468400756 34
      vertex 22.924974317440075 17.558675315992442 34
    endloop
  endfacet
  facet normal 0 0 1
    outer loop
      vertex 22.924974317440075 14.44132468400756 34
      vertex 23.041640786499876 14.589315394498065 34
      vertex 23.041640786499876 17.410684605501935 34
    endloop
  endfacet
  facet normal 0 0 1
    outer loop
      vertex 23.041640786499876 14.589315394498065 34
      vertex 23.146336394449822 14.746003444681723 34
      vertex 23.146336394449822 17.253996555318277 34
    endloop
  endfacet
  facet normal 0 0 1
    outer loop
      vertex 23.146336394449822 14.746003444681723 34
      vertex 23.238415658052084 14.910422800625089 34
      vertex 23.238415658052084 17.08957719937491 34
    endloop
  endfacet
  facet normal 0 0 1
    outer loop
      vertex 21.660268873254175 13.666312191045577 34
      vertex 21.841640786499877 18.282535639108367 34
      vertex 21.660268873254175 18.333687808954423 34
    endloop
  endfacet
  facet normal 0 0 1
    outer loop
      vertex 21.841640786499877 13.717464360891633 34
      vertex 22.018440237676216 18.21731087802709 34
      vertex 21.841640786499877 18.282535639108367 34
    endloop
  endfacet
  facet normal 0 0 1
    outer loop
      vertex 22.018440237676216 13.782689121972911 34
      vertex 22.189577199374913 18.138415658052082 34
      vertex 22.018440237676216 18.21731087802709 34
    endloop
  endfacet
  facet normal 0 0 1
    outer loop
      vertex 22.189577199374913 13.861584341947918 34
      vertex 22.35399655531828 18.04633639444982 34
      vertex 22.189577199374913 18.138415658052082 34
    endloop
  endfacet
  facet normal 0 0 1
    outer loop
      vertex 22.35399655531828 13.95366360555018 34
      vertex 22.510684605501936 17.941640786499875 34
      vertex 22.35399655531828 18.04633639444982 34
    endloop
  endfacet
  facet normal 0 0 1
    outer loop
      vertex 22.658675315992443 14.175025682559927 34
      vertex 22.797056274847716 17.697056274847714 34
      vertex 22.658675315992443 17.824974317440073 34
    endloop
  endfacet
  facet normal 0 0 1
    outer loop
      vertex 22.510684605501936 14.058359213500125 34
      vertex 22.658675315992443 17.824974317440073 34
      vertex 22.510684605501936 17.941640786499875 34
    endloop
  endfacet
  facet normal 0 0 1
    outer loop
      vertex 23.146336394449822 14.746003444681723 34
      vertex 23.238415658052084 17.08957719937491 34
      vertex 23.146336394449822 17.253996555318277 34
    endloop
  endfacet
  facet normal 0 0 1
    outer loop
      vertex 23.238415658052084 14.910422800625089 34
      vertex 23.31731087802709 15.081559762323785 34
      vertex 23.31731087802709 16.918440237676215 34
    endloop
  endfacet
  facet normal 0 0 1
    outer loop
      vertex 23.31731087802709 15.081559762323785 34
      vertex 23.38253563910837 15.258359213500126 34
      vertex 23.38253563910837 16.741640786499875 34
    endloop
  endfacet
  facet normal 0 0 1
    outer loop
      vertex 23.38253563910837 15.258359213500126 34
      vertex 23.433687808954424 15.439731126745826 34
      vertex 23.433687808954424 16.560268873254174 34
    endloop
  endfacet
  facet normal 0 0 1
    outer loop
      vertex 23.433687808954424 15.439731126745826 34
      vertex 23.470452017428332 15.624557283903446 34
      vertex 23.470452017428332 16.375442716096554 34
    endloop
  endfacet
  facet normal 0 0 1
    outer loop
      vertex 23.470452017428332 15.624557283903446 34
      vertex 23.49260160095951 15.811698170253171 34
      vertex 23.49260160095951 16.188301829746827 34
    endloop
  endfacet
  facet normal 0 0 1
    outer loop
      vertex 23.49260160095951 15.811698170253171 34
      vertex 23.5 16 34
      vertex 23.49260160095951 16.188301829746827 34
    endloop
  endfacet
  facet normal 0 0 1
    outer loop
      vertex 23.470452017428332 15.624557283903446 34
      vertex 23.49260160095951 16.188301829746827 34
      vertex 23.470452017428332 16.375442716096554 34
    endloop
  endfacet
  facet normal 0 0 1
    outer loop
      vertex 23.433687808954424 15.439731126745826 34
      vertex 23.470452017428332 16.375442716096554 34
      vertex 23.433687808954424 16.560268873254174 34
    endloop
  endfacet
  facet normal 0 0 1
    outer loop
      vertex 23.38253563910837 15.258359213500126 34
      vertex 23.433687808954424 16.560268873254174 34
      vertex 23.38253563910837 16.741640786499875 34
    endloop
  endfacet
  facet normal 0 0 1
    outer loop
      vertex 23.238415658052084 14.910422800625089 34
      vertex 23.31731087802709 16.918440237676215 34
      vertex 23.238415658052084 17.08957719937491 34
    endloop
  endfacet
  facet normal 0 0 1
    outer loop
      vertex 23.31731087802709 15.081559762323785 34
      vertex 23.38253563910837 16.741640786499875 34
      vertex 23.31731087802709 16.918440237676215 34
    endloop
  endfacet
  facet normal 0 0 1
    outer loop
      vertex 22.797056274847716 14.302943725152286 34
      vertex 22.924974317440075 17.558675315992442 34
      vertex 22.797056274847716 17.697056274847714 34
    endloop
  endfacet
  facet normal 0 0 1
    outer loop
      vertex 22.924974317440075 14.44132468400756 34
      vertex 23.041640786499876 17.410684605501935 34
      vertex 22.924974317440075 17.558675315992442 34
    endloop
  endfacet
  facet normal 0 0 1
    outer loop
      vertex 23.041640786499876 14.589315394498065 34
      vertex 23.146336394449822 17.253996555318277 34
      vertex 23.041640786499876 17.410684605501935 34
    endloop
  endfacet
  facet normal 0.73432250943569 0.6788007455329369 0
    outer loop
      vertex 19.402943725152287 14.302943725152286 34
      vertex 19.275025682559928 14.44132468400756 34
      vertex 19.275025682559928 14.44132468400756 62
    endloop
  endfacet
  facet normal 0.8314696123025475 0.5555702330195991 0
    outer loop
      vertex 19.158359213500127 14.589315394498065 34
      vertex 19.05366360555018 14.746003444681723 34
      vertex 19.05366360555018 14.746003444681723 62
    endloop
  endfacet
  facet normal 0.7853169308807415 0.6190939493098383 0
    outer loop
      vertex 19.275025682559928 14.44132468400756 34
      vertex 19.158359213500127 14.589315394498065 34
      vertex 19.158359213500127 14.589315394498065 62
    endloop
  endfacet
  facet normal 0.9081431738250788 0.41865973753743346 0
    outer loop
      vertex 18.882689121972913 15.081559762323785 34
      vertex 18.882689121972913 15.081559762323785 62
      vertex 18.96158434194792 14.910422800625089 34
    endloop
  endfacet
  facet normal 0.9381913359224872 0.346117057077485 0
    outer loop
      vertex 18.882689121972913 15.081559762323785 34
      vertex 18.817464360891634 15.258359213500126 34
      vertex 18.817464360891634 15.258359213500126 62
    endloop
  endfacet
  facet normal 0.9624552364536466 0.2714404498650768 0
    outer loop
      vertex 18.817464360891634 15.258359213500126 34
      vertex 18.76631219104558 15.439731126745826 34
      vertex 18.76631219104558 15.439731126745826 62
    endloop
  endfacet
  facet normal 0.9807852804032291 0.19509032201613508 0
    outer loop
      vertex 18.76631219104558 15.439731126745826 34
      vertex 18.72954798257167 15.624557283903446 34
      vertex 18.72954798257167 15.624557283903446 62
    endloop
  endfacet
  facet normal 0.8724960070727977 0.4886212414969538 0
    outer loop
      vertex 19.05366360555018 14.746003444681723 34
      vertex 18.96158434194792 14.910422800625089 34
      vertex 18.96158434194792 14.910422800625089 62
    endloop
  endfacet
  facet normal 0.5555702330195991 0.8314696123025475 0
    outer loop
      vertex 19.689315394498067 14.058359213500125 34
      vertex 19.846003444681724 13.95366360555018 62
      vertex 19.846003444681724 13.95366360555018 34
    endloop
  endfacet
  facet normal 0.4886212414969538 0.8724960070727977 0
    outer loop
      vertex 19.846003444681724 13.95366360555018 34
      vertex 20.01042280062509 13.861584341947918 62
      vertex 20.01042280062509 13.861584341947918 34
    endloop
  endfacet
  facet normal 0.41865973753743346 0.9081431738250788 0
    outer loop
      vertex 20.181559762323786 13.782689121972911 34
      vertex 20.01042280062509 13.861584341947918 34
      vertex 20.181559762323786 13.782689121972911 62
    endloop
  endfacet
  facet normal 0.346117057077488 0.9381913359224859 0
    outer loop
      vertex 20.181559762323786 13.782689121972911 34
      vertex 20.358359213500126 13.717464360891633 62
      vertex 20.358359213500126 13.717464360891633 34
    endloop
  endfacet
  facet normal 0.2714404498650743 0.9624552364536473 0
    outer loop
      vertex 20.539731126745828 13.666312191045577 34
      vertex 20.358359213500126 13.717464360891633 34
      vertex 20.539731126745828 13.666312191045577 62
    endloop
  endfacet
  facet normal 0.19509032201613508 0.9807852804032291 0
    outer loop
      vertex 20.539731126745828 13.666312191045577 34
      vertex 20.724557283903447 13.629547982571669 62
      vertex 20.724557283903447 13.629547982571669 34
    endloop
  endfacet
  facet normal 0.11753739745783398 0.9930684569549267 0
    outer loop
      vertex 20.724557283903447 13.629547982571669 34
      vertex 20.911698170253175 13.607398399040493 62
      vertex 20.911698170253175 13.607398399040493 34
    endloop
  endfacet
  facet normal 0.03925981575907133 0.9992290362407228 0
    outer loop
      vertex 20.911698170253175 13.607398399040493 34
      vertex 21.1 13.6 62
      vertex 21.1 13.6 34
    endloop
  endfacet
  facet normal -0.03925981575907133 0.9992290362407228 0
    outer loop
      vertex 21.1 13.6 34
      vertex 21.28830182974683 13.607398399040493 62
      vertex 21.28830182974683 13.607398399040493 34
    endloop
  endfacet
  facet normal -0.11753739745783398 0.9930684569549267 0
    outer loop
      vertex 21.28830182974683 13.607398399040493 34
      vertex 21.475442716096556 13.629547982571669 62
      vertex 21.475442716096556 13.629547982571669 34
    endloop
  endfacet
  facet normal -0.19509032201613508 0.9807852804032291 0
    outer loop
      vertex 21.475442716096556 13.629547982571669 34
      vertex 21.660268873254175 13.666312191045577 62
      vertex 21.660268873254175 13.666312191045577 34
    endloop
  endfacet
  facet normal 0.6788007455329416 0.7343225094356857 0
    outer loop
      vertex 19.402943725152287 14.302943725152286 34
      vertex 19.54132468400756 14.175025682559927 62
      vertex 19.54132468400756 14.175025682559927 34
    endloop
  endfacet
  facet normal 0.6190939493098336 0.7853169308807451 0
    outer loop
      vertex 19.689315394498067 14.058359213500125 34
      vertex 19.54132468400756 14.175025682559927 34
      vertex 19.689315394498067 14.058359213500125 62
    endloop
  endfacet
  facet normal 0.9930684569549255 0.11753739745784438 0
    outer loop
      vertex 18.72954798257167 15.624557283903446 34
      vertex 18.707398399040493 15.811698170253171 34
      vertex 18.707398399040493 15.811698170253171 62
    endloop
  endfacet
  facet normal 0.9992290362407236 0.03925981575905214 0
    outer loop
      vertex 18.707398399040493 15.811698170253171 34
      vertex 18.700000000000003 16 34
      vertex 18.700000000000003 16 62
    endloop
  endfacet
  facet normal 0.9992290362407236 -0.039259815759052505 0
    outer loop
      vertex 18.700000000000003 16 34
      vertex 18.707398399040493 16.188301829746827 34
      vertex 18.707398399040493 16.188301829746827 62
    endloop
  endfacet
  facet normal 0.9930684569549256 -0.11753739745784327 0
    outer loop
      vertex 18.707398399040493 16.188301829746827 34
      vertex 18.72954798257167 16.375442716096554 34
      vertex 18.72954798257167 16.375442716096554 62
    endloop
  endfacet
  facet normal 0.9807852804032291 -0.19509032201613508 0
    outer loop
      vertex 18.72954798257167 16.375442716096554 34
      vertex 18.76631219104558 16.560268873254174 34
      vertex 18.76631219104558 16.560268873254174 62
    endloop
  endfacet
  facet normal 0.9624552364536473 -0.2714404498650743 0
    outer loop
      vertex 18.76631219104558 16.560268873254174 34
      vertex 18.817464360891634 16.741640786499875 34
      vertex 18.817464360891634 16.741640786499875 62
    endloop
  endfacet
  facet normal 0.9381913359224859 -0.346117057077488 0
    outer loop
      vertex 18.817464360891634 16.741640786499875 34
      vertex 18.882689121972913 16.918440237676215 34
      vertex 18.882689121972913 16.918440237676215 62
    endloop
  endfacet
  facet normal 0.9081431738250788 -0.41865973753743346 0
    outer loop
      vertex 18.882689121972913 16.918440237676215 34
      vertex 18.96158434194792 17.08957719937491 34
      vertex 18.96158434194792 17.08957719937491 62
    endloop
  endfacet
  facet normal 0.8724960070727977 -0.4886212414969538 0
    outer loop
      vertex 18.96158434194792 17.08957719937491 34
      vertex 19.05366360555018 17.253996555318277 34
      vertex 19.05366360555018 17.253996555318277 62
    endloop
  endfacet
  facet normal 0.8314696123025475 -0.5555702330195991 0
    outer loop
      vertex 19.05366360555018 17.253996555318277 34
      vertex 19.158359213500127 17.410684605501935 34
      vertex 19.158359213500127 17.410684605501935 62
    endloop
  endfacet
  facet normal 0.7853169308807451 -0.6190939493098336 0
    outer loop
      vertex 19.158359213500127 17.410684605501935 34
      vertex 19.275025682559928 17.558675315992442 34
      vertex 19.275025682559928 17.558675315992442 62
    endloop
  endfacet
  facet normal 0.7343225094356857 -0.6788007455329416 0
    outer loop
      vertex 19.275025682559928 17.558675315992442 34
      vertex 19.402943725152287 17.697056274847714 34
      vertex 19.402943725152287 17.697056274847714 62
    endloop
  endfacet
  facet normal 0.6788007455329416 -0.7343225094356857 0
    outer loop
      vertex 19.402943725152287 17.697056274847714 34
      vertex 19.54132468400756 17.824974317440073 34
      vertex 19.402943725152287 17.697056274847714 62
    endloop
  endfacet
  facet normal 0.6190939493098336 -0.7853169308807451 0
    outer loop
      vertex 19.54132468400756 17.824974317440073 34
      vertex 19.689315394498067 17.941640786499875 34
      vertex 19.54132468400756 17.824974317440073 62
    endloop
  endfacet
  facet normal 0.5555702330195991 -0.8314696123025475 0
    outer loop
      vertex 19.689315394498067 17.941640786499875 34
      vertex 19.846003444681724 18.04633639444982 34
      vertex 19.689315394498067 17.941640786499875 62
    endloop
  endfacet
  facet normal 0.4886212414969538 -0.8724960070727977 0
    outer loop
      vertex 19.846003444681724 18.04633639444982 34
      vertex 20.01042280062509 18.138415658052082 34
      vertex 19.846003444681724 18.04633639444982 62
    endloop
  endfacet
  facet normal 0.41865973753743346 -0.9081431738250788 0
    outer loop
      vertex 20.01042280062509 18.138415658052082 34
      vertex 20.181559762323786 18.21731087802709 34
      vertex 20.01042280062509 18.138415658052082 62
    endloop
  endfacet
  facet normal 0.346117057077488 -0.9381913359224859 0
    outer loop
      vertex 20.181559762323786 18.21731087802709 34
      vertex 20.358359213500126 18.282535639108367 34
      vertex 20.181559762323786 18.21731087802709 62
    endloop
  endfacet
  facet normal 0.2714404498650743 -0.9624552364536473 0
    outer loop
      vertex 20.358359213500126 18.282535639108367 34
      vertex 20.539731126745828 18.333687808954423 34
      vertex 20.358359213500126 18.282535639108367 62
    endloop
  endfacet
  facet normal 0.19509032201613508 -0.9807852804032291 0
    outer loop
      vertex 20.539731126745828 18.333687808954423 34
      vertex 20.724557283903447 18.37045201742833 34
      vertex 20.539731126745828 18.333687808954423 62
    endloop
  endfacet
  facet normal 0.11753739745784327 -0.9930684569549256 0
    outer loop
      vertex 20.724557283903447 18.37045201742833 34
      vertex 20.911698170253175 18.39260160095951 34
      vertex 20.724557283903447 18.37045201742833 62
    endloop
  endfacet
  facet normal 0.039259815759052505 -0.9992290362407236 0
    outer loop
      vertex 20.911698170253175 18.39260160095951 34
      vertex 21.1 18.4 34
      vertex 20.911698170253175 18.39260160095951 62
    endloop
  endfacet
  facet normal -0.19509032201613508 -0.9807852804032291 0
    outer loop
      vertex 21.475442716096556 18.37045201742833 34
      vertex 21.660268873254175 18.333687808954423 34
      vertex 21.475442716096556 18.37045201742833 62
    endloop
  endfacet
  facet normal -0.039259815759052505 -0.9992290362407236 0
    outer loop
      vertex 21.1 18.4 34
      vertex 21.28830182974683 18.39260160095951 34
      vertex 21.1 18.4 62
    endloop
  endfacet
  facet normal -0.11753739745784327 -0.9930684569549256 0
    outer loop
      vertex 21.28830182974683 18.39260160095951 34
      vertex 21.475442716096556 18.37045201742833 34
      vertex 21.28830182974683 18.39260160095951 62
    endloop
  endfacet
  facet normal -0.2714404498650743 0.9624552364536473 0
    outer loop
      vertex 21.660268873254175 13.666312191045577 34
      vertex 21.841640786499877 13.717464360891633 62
      vertex 21.841640786499877 13.717464360891633 34
    endloop
  endfacet
  facet normal -0.346117057077488 0.9381913359224859 0
    outer loop
      vertex 21.841640786499877 13.717464360891633 34
      vertex 22.018440237676216 13.782689121972911 62
      vertex 22.018440237676216 13.782689121972911 34
    endloop
  endfacet
  facet normal -0.41865973753743346 0.9081431738250788 0
    outer loop
      vertex 22.018440237676216 13.782689121972911 34
      vertex 22.189577199374913 13.861584341947918 62
      vertex 22.189577199374913 13.861584341947918 34
    endloop
  endfacet
  facet normal -0.4886212414969538 0.8724960070727977 0
    outer loop
      vertex 22.189577199374913 13.861584341947918 34
      vertex 22.35399655531828 13.95366360555018 62
      vertex 22.35399655531828 13.95366360555018 34
    endloop
  endfacet
  facet normal -0.5555702330195991 0.8314696123025475 0
    outer loop
      vertex 22.35399655531828 13.95366360555018 34
      vertex 22.510684605501936 14.058359213500125 62
      vertex 22.510684605501936 14.058359213500125 34
    endloop
  endfacet
  facet normal -0.6190939493098336 0.7853169308807451 0
    outer loop
      vertex 22.510684605501936 14.058359213500125 34
      vertex 22.658675315992443 14.175025682559927 62
      vertex 22.658675315992443 14.175025682559927 34
    endloop
  endfacet
  facet normal -0.6788007455329416 0.7343225094356857 0
    outer loop
      vertex 22.658675315992443 14.175025682559927 34
      vertex 22.797056274847716 14.302943725152286 62
      vertex 22.797056274847716 14.302943725152286 34
    endloop
  endfacet
  facet normal -0.73432250943569 0.6788007455329369 0
    outer loop
      vertex 22.797056274847716 14.302943725152286 34
      vertex 22.797056274847716 14.302943725152286 62
      vertex 22.924974317440075 14.44132468400756 34
    endloop
  endfacet
  facet normal -0.7853169308807415 0.6190939493098383 0
    outer loop
      vertex 22.924974317440075 14.44132468400756 34
      vertex 22.924974317440075 14.44132468400756 62
      vertex 23.041640786499876 14.589315394498065 34
    endloop
  endfacet
  facet normal -0.8314696123025475 0.5555702330195991 0
    outer loop
      vertex 23.041640786499876 14.589315394498065 34
      vertex 23.041640786499876 14.589315394498065 62
      vertex 23.146336394449822 14.746003444681723 34
    endloop
  endfacet
  facet normal -0.8724960070727977 0.4886212414969538 0
    outer loop
      vertex 23.146336394449822 14.746003444681723 34
      vertex 23.146336394449822 14.746003444681723 62
      vertex 23.238415658052084 14.910422800625089 34
    endloop
  endfacet
  facet normal -0.9081431738250788 0.41865973753743346 0
    outer loop
      vertex 23.238415658052084 14.910422800625089 34
      vertex 23.238415658052084 14.910422800625089 62
      vertex 23.31731087802709 15.081559762323785 34
    endloop
  endfacet
  facet normal -0.9381913359224872 0.346117057077485 0
    outer loop
      vertex 23.31731087802709 15.081559762323785 34
      vertex 23.31731087802709 15.081559762323785 62
      vertex 23.38253563910837 15.258359213500126 34
    endloop
  endfacet
  facet normal -0.9624552364536466 0.2714404498650768 0
    outer loop
      vertex 23.38253563910837 15.258359213500126 34
      vertex 23.38253563910837 15.258359213500126 62
      vertex 23.433687808954424 15.439731126745826 34
    endloop
  endfacet
  facet normal -0.9807852804032291 0.19509032201613508 0
    outer loop
      vertex 23.433687808954424 15.439731126745826 34
      vertex 23.433687808954424 15.439731126745826 62
      vertex 23.470452017428332 15.624557283903446 34
    endloop
  endfacet
  facet normal -0.9930684569549255 0.11753739745784438 0
    outer loop
      vertex 23.470452017428332 15.624557283903446 34
      vertex 23.470452017428332 15.624557283903446 62
      vertex 23.49260160095951 15.811698170253171 34
    endloop
  endfacet
  facet normal -0.9992290362407236 0.03925981575905214 0
    outer loop
      vertex 23.49260160095951 15.811698170253171 34
      vertex 23.49260160095951 15.811698170253171 62
      vertex 23.5 16 34
    endloop
  endfacet
  facet normal -0.9992290362407236 -0.039259815759052505 0
    outer loop
      vertex 23.5 16 34
      vertex 23.5 16 62
      vertex 23.49260160095951 16.188301829746827 34
    endloop
  endfacet
  facet normal -0.9930684569549256 -0.11753739745784327 0
    outer loop
      vertex 23.49260160095951 16.188301829746827 34
      vertex 23.49260160095951 16.188301829746827 62
      vertex 23.470452017428332 16.375442716096554 34
    endloop
  endfacet
  facet normal -0.8724960070727977 -0.4886212414969538 0
    outer loop
      vertex 23.238415658052084 17.08957719937491 34
      vertex 23.238415658052084 17.08957719937491 62
      vertex 23.146336394449822 17.253996555318277 34
    endloop
  endfacet
  facet normal -0.9807852804032291 -0.19509032201613508 0
    outer loop
      vertex 23.470452017428332 16.375442716096554 34
      vertex 23.470452017428332 16.375442716096554 62
      vertex 23.433687808954424 16.560268873254174 34
    endloop
  endfacet
  facet normal -0.9624552364536473 -0.2714404498650743 0
    outer loop
      vertex 23.433687808954424 16.560268873254174 34
      vertex 23.433687808954424 16.560268873254174 62
      vertex 23.38253563910837 16.741640786499875 34
    endloop
  endfacet
  facet normal -0.9381913359224859 -0.346117057077488 0
    outer loop
      vertex 23.38253563910837 16.741640786499875 34
      vertex 23.38253563910837 16.741640786499875 62
      vertex 23.31731087802709 16.918440237676215 34
    endloop
  endfacet
  facet normal -0.9081431738250788 -0.41865973753743346 0
    outer loop
      vertex 23.238415658052084 17.08957719937491 34
      vertex 23.31731087802709 16.918440237676215 34
      vertex 23.31731087802709 16.918440237676215 62
    endloop
  endfacet
  facet normal -0.6190939493098336 -0.7853169308807451 0
    outer loop
      vertex 22.658675315992443 17.824974317440073 34
      vertex 22.510684605501936 17.941640786499875 62
      vertex 22.510684605501936 17.941640786499875 34
    endloop
  endfacet
  facet normal -0.6788007455329416 -0.7343225094356857 0
    outer loop
      vertex 22.658675315992443 17.824974317440073 34
      vertex 22.797056274847716 17.697056274847714 34
      vertex 22.658675315992443 17.824974317440073 62
    endloop
  endfacet
  facet normal -0.2714404498650743 -0.9624552364536473 0
    outer loop
      vertex 21.660268873254175 18.333687808954423 34
      vertex 21.841640786499877 18.282535639108367 34
      vertex 21.660268873254175 18.333687808954423 62
    endloop
  endfacet
  facet normal -0.346117057077488 -0.9381913359224859 0
    outer loop
      vertex 22.018440237676216 18.21731087802709 34
      vertex 21.841640786499877 18.282535639108367 62
      vertex 21.841640786499877 18.282535639108367 34
    endloop
  endfacet
  facet normal -0.41865973753743346 -0.9081431738250788 0
    outer loop
      vertex 22.018440237676216 18.21731087802709 34
      vertex 22.189577199374913 18.138415658052082 34
      vertex 22.018440237676216 18.21731087802709 62
    endloop
  endfacet
  facet normal -0.4886212414969538 -0.8724960070727977 0
    outer loop
      vertex 22.35399655531828 18.04633639444982 34
      vertex 22.189577199374913 18.138415658052082 62
      vertex 22.189577199374913 18.138415658052082 34
    endloop
  endfacet
  facet normal -0.5555702330195991 -0.8314696123025475 0
    outer loop
      vertex 22.510684605501936 17.941640786499875 34
      vertex 22.35399655531828 18.04633639444982 62
      vertex 22.35399655531828 18.04633639444982 34
    endloop
  endfacet
  facet normal -0.8314696123025475 -0.5555702330195991 0
    outer loop
      vertex 23.146336394449822 17.253996555318277 34
      vertex 23.146336394449822 17.253996555318277 62
      vertex 23.041640786499876 17.410684605501935 34
    endloop
  endfacet
  facet normal -0.7853169308807451 -0.6190939493098336 0
    outer loop
      vertex 23.041640786499876 17.410684605501935 34
      vertex 23.041640786499876 17.410684605501935 62
      vertex 22.924974317440075 17.558675315992442 34
    endloop
  endfacet
  facet normal -0.7343225094356857 -0.6788007455329416 0
    outer loop
      vertex 22.924974317440075 17.558675315992442 34
      vertex 22.924974317440075 17.558675315992442 62
      vertex 22.797056274847716 17.697056274847714 34
    endloop
  endfacet
  facet normal 0.73432250943569 0.6788007455329369 0
    outer loop
      vertex 19.402943725152287 14.302943725152286 34
      vertex 19.275025682559928 14.44132468400756 62
      vertex 19.402943725152287 14.302943725152286 62
    endloop
  endfacet
  facet normal 0.6788007455329416 0.7343225094356857 0
    outer loop
      vertex 19.402943725152287 14.302943725152286 34
      vertex 19.402943725152287 14.302943725152286 62
      vertex 19.54132468400756 14.175025682559927 62
    endloop
  endfacet
  facet normal 0.8314696123025475 0.5555702330195991 0
    outer loop
      vertex 19.158359213500127 14.589315394498065 34
      vertex 19.05366360555018 14.746003444681723 62
      vertex 19.158359213500127 14.589315394498065 62
    endloop
  endfacet
  facet normal 0.8724960070727977 0.4886212414969538 0
    outer loop
      vertex 19.05366360555018 14.746003444681723 34
      vertex 18.96158434194792 14.910422800625089 62
      vertex 19.05366360555018 14.746003444681723 62
    endloop
  endfacet
  facet normal 0.7853169308807415 0.6190939493098383 0
    outer loop
      vertex 19.275025682559928 14.44132468400756 34
      vertex 19.158359213500127 14.589315394498065 62
      vertex 19.275025682559928 14.44132468400756 62
    endloop
  endfacet
  facet normal 0.9381913359224872 0.346117057077485 0
    outer loop
      vertex 18.882689121972913 15.081559762323785 34
      vertex 18.817464360891634 15.258359213500126 62
      vertex 18.882689121972913 15.081559762323785 62
    endloop
  endfacet
  facet normal 0.9624552364536444 0.27144044986508475 0
    outer loop
      vertex 18.817464360891634 15.258359213500126 34
      vertex 18.77751752767741 15.399999999999999 62
      vertex 18.817464360891634 15.258359213500126 62
    endloop
  endfacet
  facet normal 0.9624552364536544 0.2714404498650485 1.977299727861868e-16
    outer loop
      vertex 18.77751752767741 15.399999999999999 62
      vertex 18.817464360891634 15.258359213500126 34
      vertex 18.76631219104558 15.439731126745826 62
    endloop
  endfacet
  facet normal 0.9807852804032291 0.19509032201613508 0
    outer loop
      vertex 18.76631219104558 15.439731126745826 34
      vertex 18.72954798257167 15.624557283903446 62
      vertex 18.76631219104558 15.439731126745826 62
    endloop
  endfacet
  facet normal 0.9081431738250788 0.41865973753743346 0
    outer loop
      vertex 18.96158434194792 14.910422800625089 34
      vertex 18.882689121972913 15.081559762323785 62
      vertex 18.96158434194792 14.910422800625089 62
    endloop
  endfacet
  facet normal 0.5555702330195991 0.8314696123025475 0
    outer loop
      vertex 19.689315394498067 14.058359213500125 34
      vertex 19.689315394498067 14.058359213500125 62
      vertex 19.846003444681724 13.95366360555018 62
    endloop
  endfacet
  facet normal 0.4886212414969538 0.8724960070727977 0
    outer loop
      vertex 19.846003444681724 13.95366360555018 34
      vertex 19.846003444681724 13.95366360555018 62
      vertex 20.01042280062509 13.861584341947918 62
    endloop
  endfacet
  facet normal 0.41865973753743346 0.9081431738250788 0
    outer loop
      vertex 20.01042280062509 13.861584341947918 34
      vertex 20.01042280062509 13.861584341947918 62
      vertex 20.181559762323786 13.782689121972911 62
    endloop
  endfacet
  facet normal 0.346117057077488 0.9381913359224859 0
    outer loop
      vertex 20.181559762323786 13.782689121972911 34
      vertex 20.181559762323786 13.782689121972911 62
      vertex 20.358359213500126 13.717464360891633 62
    endloop
  endfacet
  facet normal 0.2714404498650743 0.9624552364536473 0
    outer loop
      vertex 20.358359213500126 13.717464360891633 34
      vertex 20.358359213500126 13.717464360891633 62
      vertex 20.539731126745828 13.666312191045577 62
    endloop
  endfacet
  facet normal 0.19509032201613508 0.9807852804032291 0
    outer loop
      vertex 20.539731126745828 13.666312191045577 34
      vertex 20.539731126745828 13.666312191045577 62
      vertex 20.724557283903447 13.629547982571669 62
    endloop
  endfacet
  facet normal 0.11753739745783398 0.9930684569549267 0
    outer loop
      vertex 20.724557283903447 13.629547982571669 34
      vertex 20.724557283903447 13.629547982571669 62
      vertex 20.911698170253175 13.607398399040493 62
    endloop
  endfacet
  facet normal 0.03925981575907133 0.9992290362407228 0
    outer loop
      vertex 20.911698170253175 13.607398399040493 34
      vertex 20.911698170253175 13.607398399040493 62
      vertex 21.1 13.6 62
    endloop
  endfacet
  facet normal -0.03925981575907133 0.9992290362407228 0
    outer loop
      vertex 21.1 13.6 34
      vertex 21.1 13.6 62
      vertex 21.28830182974683 13.607398399040493 62
    endloop
  endfacet
  facet normal -0.11753739745783398 0.9930684569549267 0
    outer loop
      vertex 21.28830182974683 13.607398399040493 34
      vertex 21.28830182974683 13.607398399040493 62
      vertex 21.475442716096556 13.629547982571669 62
    endloop
  endfacet
  facet normal -0.19509032201613508 0.9807852804032291 0
    outer loop
      vertex 21.475442716096556 13.629547982571669 34
      vertex 21.475442716096556 13.629547982571669 62
      vertex 21.660268873254175 13.666312191045577 62
    endloop
  endfacet
  facet normal 0.6190939493098336 0.7853169308807451 0
    outer loop
      vertex 19.54132468400756 14.175025682559927 34
      vertex 19.54132468400756 14.175025682559927 62
      vertex 19.689315394498067 14.058359213500125 62
    endloop
  endfacet
  facet normal 0.9930684569549255 0.11753739745784438 0
    outer loop
      vertex 18.72954798257167 15.624557283903446 34
      vertex 18.707398399040493 15.811698170253171 62
      vertex 18.72954798257167 15.624557283903446 62
    endloop
  endfacet
  facet normal 0.9992290362407236 0.03925981575905214 0
    outer loop
      vertex 18.707398399040493 15.811698170253171 34
      vertex 18.700000000000003 16 62
      vertex 18.707398399040493 15.811698170253171 62
    endloop
  endfacet
  facet normal 0.9992290362407236 -0.039259815759052505 0
    outer loop
      vertex 18.700000000000003 16 34
      vertex 18.707398399040493 16.188301829746827 62
      vertex 18.700000000000003 16 62
    endloop
  endfacet
  facet normal 0.9930684569549256 -0.11753739745784327 0
    outer loop
      vertex 18.707398399040493 16.188301829746827 34
      vertex 18.72954798257167 16.375442716096554 62
      vertex 18.707398399040493 16.188301829746827 62
    endloop
  endfacet
  facet normal 0.9807852804032291 -0.19509032201613508 0
    outer loop
      vertex 18.72954798257167 16.375442716096554 34
      vertex 18.76631219104558 16.560268873254174 62
      vertex 18.72954798257167 16.375442716096554 62
    endloop
  endfacet
  facet normal 0.9624552364536473 -0.2714404498650743 0
    outer loop
      vertex 18.76631219104558 16.560268873254174 34
      vertex 18.817464360891634 16.741640786499875 62
      vertex 18.76631219104558 16.560268873254174 62
    endloop
  endfacet
  facet normal 0.9381913359224859 -0.346117057077488 0
    outer loop
      vertex 18.817464360891634 16.741640786499875 34
      vertex 18.882689121972913 16.918440237676215 62
      vertex 18.817464360891634 16.741640786499875 62
    endloop
  endfacet
  facet normal 0.9081431738250788 -0.41865973753743346 0
    outer loop
      vertex 18.882689121972913 16.918440237676215 34
      vertex 18.96158434194792 17.08957719937491 62
      vertex 18.882689121972913 16.918440237676215 62
    endloop
  endfacet
  facet normal 0.8724960070727977 -0.4886212414969538 0
    outer loop
      vertex 18.96158434194792 17.08957719937491 34
      vertex 19.05366360555018 17.253996555318277 62
      vertex 18.96158434194792 17.08957719937491 62
    endloop
  endfacet
  facet normal 0.8314696123025475 -0.5555702330195991 0
    outer loop
      vertex 19.05366360555018 17.253996555318277 34
      vertex 19.158359213500127 17.410684605501935 62
      vertex 19.05366360555018 17.253996555318277 62
    endloop
  endfacet
  facet normal 0.7853169308807451 -0.6190939493098336 0
    outer loop
      vertex 19.158359213500127 17.410684605501935 34
      vertex 19.275025682559928 17.558675315992442 62
      vertex 19.158359213500127 17.410684605501935 62
    endloop
  endfacet
  facet normal 0.7343225094356857 -0.6788007455329416 0
    outer loop
      vertex 19.275025682559928 17.558675315992442 34
      vertex 19.402943725152287 17.697056274847714 62
      vertex 19.275025682559928 17.558675315992442 62
    endloop
  endfacet
  facet normal 0.6788007455329416 -0.7343225094356857 0
    outer loop
      vertex 19.54132468400756 17.824974317440073 34
      vertex 19.54132468400756 17.824974317440073 62
      vertex 19.402943725152287 17.697056274847714 62
    endloop
  endfacet
  facet normal 0.6190939493098336 -0.7853169308807451 0
    outer loop
      vertex 19.689315394498067 17.941640786499875 34
      vertex 19.689315394498067 17.941640786499875 62
      vertex 19.54132468400756 17.824974317440073 62
    endloop
  endfacet
  facet normal 0.5555702330195991 -0.8314696123025475 0
    outer loop
      vertex 19.846003444681724 18.04633639444982 34
      vertex 19.846003444681724 18.04633639444982 62
      vertex 19.689315394498067 17.941640786499875 62
    endloop
  endfacet
  facet normal 0.4886212414969538 -0.8724960070727977 0
    outer loop
      vertex 20.01042280062509 18.138415658052082 34
      vertex 20.01042280062509 18.138415658052082 62
      vertex 19.846003444681724 18.04633639444982 62
    endloop
  endfacet
  facet normal 0.41865973753743346 -0.9081431738250788 0
    outer loop
      vertex 20.181559762323786 18.21731087802709 34
      vertex 20.181559762323786 18.21731087802709 62
      vertex 20.01042280062509 18.138415658052082 62
    endloop
  endfacet
  facet normal 0.346117057077488 -0.9381913359224859 0
    outer loop
      vertex 20.358359213500126 18.282535639108367 34
      vertex 20.358359213500126 18.282535639108367 62
      vertex 20.181559762323786 18.21731087802709 62
    endloop
  endfacet
  facet normal 0.2714404498650743 -0.9624552364536473 0
    outer loop
      vertex 20.539731126745828 18.333687808954423 34
      vertex 20.539731126745828 18.333687808954423 62
      vertex 20.358359213500126 18.282535639108367 62
    endloop
  endfacet
  facet normal 0.19509032201613508 -0.9807852804032291 0
    outer loop
      vertex 20.724557283903447 18.37045201742833 34
      vertex 20.724557283903447 18.37045201742833 62
      vertex 20.539731126745828 18.333687808954423 62
    endloop
  endfacet
  facet normal 0.11753739745784327 -0.9930684569549256 0
    outer loop
      vertex 20.911698170253175 18.39260160095951 34
      vertex 20.911698170253175 18.39260160095951 62
      vertex 20.724557283903447 18.37045201742833 62
    endloop
  endfacet
  facet normal 0.039259815759052505 -0.9992290362407236 0
    outer loop
      vertex 21.1 18.4 34
      vertex 21.1 18.4 62
      vertex 20.911698170253175 18.39260160095951 62
    endloop
  endfacet
  facet normal -0.19509032201613508 -0.9807852804032291 0
    outer loop
      vertex 21.660268873254175 18.333687808954423 34
      vertex 21.660268873254175 18.333687808954423 62
      vertex 21.475442716096556 18.37045201742833 62
    endloop
  endfacet
  facet normal -0.039259815759052505 -0.9992290362407236 0
    outer loop
      vertex 21.28830182974683 18.39260160095951 34
      vertex 21.28830182974683 18.39260160095951 62
      vertex 21.1 18.4 62
    endloop
  endfacet
  facet normal -0.11753739745784327 -0.9930684569549256 0
    outer loop
      vertex 21.475442716096556 18.37045201742833 34
      vertex 21.475442716096556 18.37045201742833 62
      vertex 21.28830182974683 18.39260160095951 62
    endloop
  endfacet
  facet normal -0.2714404498650743 0.9624552364536473 0
    outer loop
      vertex 21.660268873254175 13.666312191045577 34
      vertex 21.660268873254175 13.666312191045577 62
      vertex 21.841640786499877 13.717464360891633 62
    endloop
  endfacet
  facet normal -0.346117057077488 0.9381913359224859 0
    outer loop
      vertex 21.841640786499877 13.717464360891633 34
      vertex 21.841640786499877 13.717464360891633 62
      vertex 22.018440237676216 13.782689121972911 62
    endloop
  endfacet
  facet normal -0.41865973753743346 0.9081431738250788 0
    outer loop
      vertex 22.018440237676216 13.782689121972911 34
      vertex 22.018440237676216 13.782689121972911 62
      vertex 22.189577199374913 13.861584341947918 62
    endloop
  endfacet
  facet normal -0.4886212414969538 0.8724960070727977 0
    outer loop
      vertex 22.189577199374913 13.861584341947918 34
      vertex 22.189577199374913 13.861584341947918 62
      vertex 22.35399655531828 13.95366360555018 62
    endloop
  endfacet
  facet normal -0.5555702330195991 0.8314696123025475 0
    outer loop
      vertex 22.35399655531828 13.95366360555018 34
      vertex 22.35399655531828 13.95366360555018 62
      vertex 22.510684605501936 14.058359213500125 62
    endloop
  endfacet
  facet normal -0.6190939493098336 0.7853169308807451 0
    outer loop
      vertex 22.510684605501936 14.058359213500125 34
      vertex 22.510684605501936 14.058359213500125 62
      vertex 22.658675315992443 14.175025682559927 62
    endloop
  endfacet
  facet normal -0.6788007455329416 0.7343225094356857 0
    outer loop
      vertex 22.658675315992443 14.175025682559927 34
      vertex 22.658675315992443 14.175025682559927 62
      vertex 22.797056274847716 14.302943725152286 62
    endloop
  endfacet
  facet normal -0.73432250943569 0.6788007455329369 0
    outer loop
      vertex 22.924974317440075 14.44132468400756 34
      vertex 22.797056274847716 14.302943725152286 62
      vertex 22.924974317440075 14.44132468400756 62
    endloop
  endfacet
  facet normal -0.7853169308807415 0.6190939493098383 0
    outer loop
      vertex 23.041640786499876 14.589315394498065 34
      vertex 22.924974317440075 14.44132468400756 62
      vertex 23.041640786499876 14.589315394498065 62
    endloop
  endfacet
  facet normal -0.8314696123025475 0.5555702330195991 0
    outer loop
      vertex 23.146336394449822 14.746003444681723 34
      vertex 23.041640786499876 14.589315394498065 62
      vertex 23.146336394449822 14.746003444681723 62
    endloop
  endfacet
  facet normal -0.8724960070727977 0.4886212414969538 0
    outer loop
      vertex 23.238415658052084 14.910422800625089 34
      vertex 23.146336394449822 14.746003444681723 62
      vertex 23.238415658052084 14.910422800625089 62
    endloop
  endfacet
  facet normal -0.9081431738250788 0.41865973753743346 0
    outer loop
      vertex 23.31731087802709 15.081559762323785 34
      vertex 23.238415658052084 14.910422800625089 62
      vertex 23.31731087802709 15.081559762323785 62
    endloop
  endfacet
  facet normal -0.9381913359224872 0.346117057077485 0
    outer loop
      vertex 23.38253563910837 15.258359213500126 34
      vertex 23.31731087802709 15.081559762323785 62
      vertex 23.38253563910837 15.258359213500126 62
    endloop
  endfacet
  facet normal -0.9624552364536444 0.27144044986508475 5.54644944041177e-17
    outer loop
      vertex 23.422482472322592 15.399999999999999 62
      vertex 23.433687808954424 15.439731126745826 34
      vertex 23.38253563910837 15.258359213500126 62
    endloop
  endfacet
  facet normal -0.9624552364536544 0.2714404498650485 0
    outer loop
      vertex 23.433687808954424 15.439731126745826 34
      vertex 23.422482472322592 15.399999999999999 62
      vertex 23.433687808954424 15.439731126745826 62
    endloop
  endfacet
  facet normal -0.9807852804032291 0.19509032201613508 0
    outer loop
      vertex 23.470452017428332 15.624557283903446 34
      vertex 23.433687808954424 15.439731126745826 62
      vertex 23.470452017428332 15.624557283903446 62
    endloop
  endfacet
  facet normal -0.9930684569549255 0.11753739745784438 0
    outer loop
      vertex 23.49260160095951 15.811698170253171 34
      vertex 23.470452017428332 15.624557283903446 62
      vertex 23.49260160095951 15.811698170253171 62
    endloop
  endfacet
  facet normal -0.9992290362407236 0.03925981575905214 0
    outer loop
      vertex 23.5 16 34
      vertex 23.49260160095951 15.811698170253171 62
      vertex 23.5 16 62
    endloop
  endfacet
  facet normal -0.9992290362407236 -0.039259815759052505 0
    outer loop
      vertex 23.49260160095951 16.188301829746827 34
      vertex 23.5 16 62
      vertex 23.49260160095951 16.188301829746827 62
    endloop
  endfacet
  facet normal -0.9930684569549256 -0.11753739745784327 0
    outer loop
      vertex 23.470452017428332 16.375442716096554 34
      vertex 23.49260160095951 16.188301829746827 62
      vertex 23.470452017428332 16.375442716096554 62
    endloop
  endfacet
  facet normal -0.9807852804032291 -0.19509032201613508 0
    outer loop
      vertex 23.433687808954424 16.560268873254174 34
      vertex 23.470452017428332 16.375442716096554 62
      vertex 23.433687808954424 16.560268873254174 62
    endloop
  endfacet
  facet normal -0.9624552364536473 -0.2714404498650743 0
    outer loop
      vertex 23.38253563910837 16.741640786499875 34
      vertex 23.433687808954424 16.560268873254174 62
      vertex 23.38253563910837 16.741640786499875 62
    endloop
  endfacet
  facet normal -0.9381913359224859 -0.346117057077488 0
    outer loop
      vertex 23.31731087802709 16.918440237676215 34
      vertex 23.38253563910837 16.741640786499875 62
      vertex 23.31731087802709 16.918440237676215 62
    endloop
  endfacet
  facet normal -0.9081431738250788 -0.41865973753743346 0
    outer loop
      vertex 23.238415658052084 17.08957719937491 34
      vertex 23.31731087802709 16.918440237676215 62
      vertex 23.238415658052084 17.08957719937491 62
    endloop
  endfacet
  facet normal -0.6190939493098336 -0.7853169308807451 0
    outer loop
      vertex 22.658675315992443 17.824974317440073 34
      vertex 22.658675315992443 17.824974317440073 62
      vertex 22.510684605501936 17.941640786499875 62
    endloop
  endfacet
  facet normal -0.2714404498650743 -0.9624552364536473 0
    outer loop
      vertex 21.841640786499877 18.282535639108367 34
      vertex 21.841640786499877 18.282535639108367 62
      vertex 21.660268873254175 18.333687808954423 62
    endloop
  endfacet
  facet normal -0.346117057077488 -0.9381913359224859 0
    outer loop
      vertex 22.018440237676216 18.21731087802709 34
      vertex 22.018440237676216 18.21731087802709 62
      vertex 21.841640786499877 18.282535639108367 62
    endloop
  endfacet
  facet normal -0.41865973753743346 -0.9081431738250788 0
    outer loop
      vertex 22.189577199374913 18.138415658052082 34
      vertex 22.189577199374913 18.138415658052082 62
      vertex 22.018440237676216 18.21731087802709 62
    endloop
  endfacet
  facet normal -0.4886212414969538 -0.8724960070727977 0
    outer loop
      vertex 22.35399655531828 18.04633639444982 34
      vertex 22.35399655531828 18.04633639444982 62
      vertex 22.189577199374913 18.138415658052082 62
    endloop
  endfacet
  facet normal -0.5555702330195991 -0.8314696123025475 0
    outer loop
      vertex 22.510684605501936 17.941640786499875 34
      vertex 22.510684605501936 17.941640786499875 62
      vertex 22.35399655531828 18.04633639444982 62
    endloop
  endfacet
  facet normal -0.7853169308807451 -0.6190939493098336 0
    outer loop
      vertex 22.924974317440075 17.558675315992442 34
      vertex 23.041640786499876 17.410684605501935 62
      vertex 22.924974317440075 17.558675315992442 62
    endloop
  endfacet
  facet normal -0.8314696123025475 -0.5555702330195991 0
    outer loop
      vertex 23.041640786499876 17.410684605501935 34
      vertex 23.146336394449822 17.253996555318277 62
      vertex 23.041640786499876 17.410684605501935 62
    endloop
  endfacet
  facet normal -0.8724960070727977 -0.4886212414969538 0
    outer loop
      vertex 23.146336394449822 17.253996555318277 34
      vertex 23.238415658052084 17.08957719937491 62
      vertex 23.146336394449822 17.253996555318277 62
    endloop
  endfacet
  facet normal -0.7343225094356857 -0.6788007455329416 0
    outer loop
      vertex 22.797056274847716 17.697056274847714 34
      vertex 22.924974317440075 17.558675315992442 62
      vertex 22.797056274847716 17.697056274847714 62
    endloop
  endfacet
  facet normal -0.6788007455329416 -0.7343225094356857 0
    outer loop
      vertex 22.797056274847716 17.697056274847714 34
      vertex 22.797056274847716 17.697056274847714 62
      vertex 22.658675315992443 17.824974317440073 62
    endloop
  endfacet
  facet normal 0 0 1
    outer loop
      vertex 46.15835921350013 14.589315394498065 34
      vertex 46.15835921350013 17.410684605501935 34
      vertex 46.05366360555018 14.746003444681723 34
    endloop
  endfacet
  facet normal 0 0 1
    outer loop
      vertex 46.27502568255993 14.44132468400756 34
      vertex 46.27502568255993 17.558675315992442 34
      vertex 46.15835921350013 14.589315394498065 34
    endloop
  endfacet
  facet normal 0 0 1
    outer loop
      vertex 46.40294372515229 14.302943725152286 34
      vertex 46.40294372515229 17.697056274847714 34
      vertex 46.27502568255993 14.44132468400756 34
    endloop
  endfacet
  facet normal 0 0 1
    outer loop
      vertex 46.68931539449807 14.058359213500125 34
      vertex 46.68931539449807 17.941640786499875 34
      vertex 46.54132468400756 14.175025682559927 34
    endloop
  endfacet
  facet normal 0 0 1
    outer loop
      vertex 46.40294372515229 14.302943725152286 34
      vertex 46.54132468400756 14.175025682559927 34
      vertex 46.54132468400756 17.824974317440073 34
    endloop
  endfacet
  facet normal 0 0 1
    outer loop
      vertex 46.68931539449807 14.058359213500125 34
      vertex 46.84600344468173 13.95366360555018 34
      vertex 46.84600344468173 18.04633639444982 34
    endloop
  endfacet
  facet normal 0 0 1
    outer loop
      vertex 47.010422800625086 13.861584341947918 34
      vertex 47.010422800625086 18.138415658052082 34
      vertex 46.84600344468173 13.95366360555018 34
    endloop
  endfacet
  facet normal 0 0 1
    outer loop
      vertex 47.010422800625086 13.861584341947918 34
      vertex 47.181559762323786 13.782689121972911 34
      vertex 47.181559762323786 18.21731087802709 34
    endloop
  endfacet
  facet normal 0 0 1
    outer loop
      vertex 47.181559762323786 13.782689121972911 34
      vertex 47.35835921350013 13.717464360891633 34
      vertex 47.35835921350013 18.282535639108367 34
    endloop
  endfacet
  facet normal 0 0 1
    outer loop
      vertex 47.53973112674583 13.666312191045577 34
      vertex 47.53973112674583 18.333687808954423 34
      vertex 47.35835921350013 13.717464360891633 34
    endloop
  endfacet
  facet normal 0 0 1
    outer loop
      vertex 45.817464360891634 15.258359213500126 34
      vertex 45.817464360891634 16.741640786499875 34
      vertex 45.76631219104558 15.439731126745826 34
    endloop
  endfacet
  facet normal 0 0 1
    outer loop
      vertex 45.882689121972916 15.081559762323785 34
      vertex 45.96158434194792 14.910422800625089 34
      vertex 45.96158434194792 17.08957719937491 34
    endloop
  endfacet
  facet normal 0 0 1
    outer loop
      vertex 45.882689121972916 15.081559762323785 34
      vertex 45.882689121972916 16.918440237676215 34
      vertex 45.817464360891634 15.258359213500126 34
    endloop
  endfacet
  facet normal 0 0 1
    outer loop
      vertex 45.76631219104558 15.439731126745826 34
      vertex 45.76631219104558 16.560268873254174 34
      vertex 45.729547982571674 15.624557283903446 34
    endloop
  endfacet
  facet normal 0 0 1
    outer loop
      vertex 45.729547982571674 15.624557283903446 34
      vertex 45.729547982571674 16.375442716096554 34
      vertex 45.70739839904049 15.811698170253171 34
    endloop
  endfacet
  facet normal 0 0 1
    outer loop
      vertex 45.70739839904049 15.811698170253171 34
      vertex 45.70739839904049 16.188301829746827 34
      vertex 45.7 16 34
    endloop
  endfacet
  facet normal 0 0 1
    outer loop
      vertex 45.70739839904049 15.811698170253171 34
      vertex 45.729547982571674 16.375442716096554 34
      vertex 45.70739839904049 16.188301829746827 34
    endloop
  endfacet
  facet normal 0 0 1
    outer loop
      vertex 45.729547982571674 15.624557283903446 34
      vertex 45.76631219104558 16.560268873254174 34
      vertex 45.729547982571674 16.375442716096554 34
    endloop
  endfacet
  facet normal 0 0 1
    outer loop
      vertex 45.76631219104558 15.439731126745826 34
      vertex 45.817464360891634 16.741640786499875 34
      vertex 45.76631219104558 16.560268873254174 34
    endloop
  endfacet
  facet normal 0 0 1
    outer loop
      vertex 45.817464360891634 15.258359213500126 34
      vertex 45.882689121972916 16.918440237676215 34
      vertex 45.817464360891634 16.741640786499875 34
    endloop
  endfacet
  facet normal 0 0 1
    outer loop
      vertex 45.882689121972916 15.081559762323785 34
      vertex 45.96158434194792 17.08957719937491 34
      vertex 45.882689121972916 16.918440237676215 34
    endloop
  endfacet
  facet normal 0 0 1
    outer loop
      vertex 46.05366360555018 14.746003444681723 34
      vertex 46.05366360555018 17.253996555318277 34
      vertex 45.96158434194792 14.910422800625089 34
    endloop
  endfacet
  facet normal 0 0 1
    outer loop
      vertex 45.96158434194792 14.910422800625089 34
      vertex 46.05366360555018 17.253996555318277 34
      vertex 45.96158434194792 17.08957719937491 34
    endloop
  endfacet
  facet normal 0 0 1
    outer loop
      vertex 46.05366360555018 14.746003444681723 34
      vertex 46.15835921350013 17.410684605501935 34
      vertex 46.05366360555018 17.253996555318277 34
    endloop
  endfacet
  facet normal 0 0 1
    outer loop
      vertex 46.15835921350013 14.589315394498065 34
      vertex 46.27502568255993 17.558675315992442 34
      vertex 46.15835921350013 17.410684605501935 34
    endloop
  endfacet
  facet normal 0 0 1
    outer loop
      vertex 46.27502568255993 14.44132468400756 34
      vertex 46.40294372515229 17.697056274847714 34
      vertex 46.27502568255993 17.558675315992442 34
    endloop
  endfacet
  facet normal 0 0 1
    outer loop
      vertex 46.40294372515229 14.302943725152286 34
      vertex 46.54132468400756 17.824974317440073 34
      vertex 46.40294372515229 17.697056274847714 34
    endloop
  endfacet
  facet normal 0 0 1
    outer loop
      vertex 46.54132468400756 14.175025682559927 34
      vertex 46.68931539449807 17.941640786499875 34
      vertex 46.54132468400756 17.824974317440073 34
    endloop
  endfacet
  facet normal 0 0 1
    outer loop
      vertex 46.68931539449807 14.058359213500125 34
      vertex 46.84600344468173 18.04633639444982 34
      vertex 46.68931539449807 17.941640786499875 34
    endloop
  endfacet
  facet normal 0 0 1
    outer loop
      vertex 46.84600344468173 13.95366360555018 34
      vertex 47.010422800625086 18.138415658052082 34
      vertex 46.84600344468173 18.04633639444982 34
    endloop
  endfacet
  facet normal 0 0 1
    outer loop
      vertex 47.010422800625086 13.861584341947918 34
      vertex 47.181559762323786 18.21731087802709 34
      vertex 47.010422800625086 18.138415658052082 34
    endloop
  endfacet
  facet normal 0 0 1
    outer loop
      vertex 47.181559762323786 13.782689121972911 34
      vertex 47.35835921350013 18.282535639108367 34
      vertex 47.181559762323786 18.21731087802709 34
    endloop
  endfacet
  facet normal 0 0 1
    outer loop
      vertex 47.35835921350013 13.717464360891633 34
      vertex 47.53973112674583 18.333687808954423 34
      vertex 47.35835921350013 18.282535639108367 34
    endloop
  endfacet
  facet normal 0 0 1
    outer loop
      vertex 47.53973112674583 13.666312191045577 34
      vertex 47.72455728390345 13.629547982571669 34
      vertex 47.72455728390345 18.37045201742833 34
    endloop
  endfacet
  facet normal 0 0 1
    outer loop
      vertex 47.72455728390345 13.629547982571669 34
      vertex 47.911698170253175 13.607398399040493 34
      vertex 47.911698170253175 18.39260160095951 34
    endloop
  endfacet
  facet normal 0 0 1
    outer loop
      vertex 47.911698170253175 13.607398399040493 34
      vertex 48.1 13.6 34
      vertex 48.1 18.4 34
    endloop
  endfacet
  facet normal 0 0 1
    outer loop
      vertex 48.1 13.6 34
      vertex 48.28830182974683 13.607398399040493 34
      vertex 48.28830182974683 18.39260160095951 34
    endloop
  endfacet
  facet normal 0 0 1
    outer loop
      vertex 48.28830182974683 13.607398399040493 34
      vertex 48.47544271609655 13.629547982571669 34
      vertex 48.47544271609655 18.37045201742833 34
    endloop
  endfacet
  facet normal 0 0 1
    outer loop
      vertex 48.47544271609655 13.629547982571669 34
      vertex 48.660268873254175 13.666312191045577 34
      vertex 48.660268873254175 18.333687808954423 34
    endloop
  endfacet
  facet normal 0 0 1
    outer loop
      vertex 48.660268873254175 13.666312191045577 34
      vertex 48.84164078649987 13.717464360891633 34
      vertex 48.84164078649987 18.282535639108367 34
    endloop
  endfacet
  facet normal 0 0 1
    outer loop
      vertex 48.84164078649987 13.717464360891633 34
      vertex 49.01844023767622 13.782689121972911 34
      vertex 49.01844023767622 18.21731087802709 34
    endloop
  endfacet
  facet normal 0 0 1
    outer loop
      vertex 49.01844023767622 13.782689121972911 34
      vertex 49.18957719937492 13.861584341947918 34
      vertex 49.18957719937492 18.138415658052082 34
    endloop
  endfacet
  facet normal 0 0 1
    outer loop
      vertex 49.18957719937492 13.861584341947918 34
      vertex 49.353996555318275 13.95366360555018 34
      vertex 49.353996555318275 18.04633639444982 34
    endloop
  endfacet
  facet normal 0 0 1
    outer loop
      vertex 49.353996555318275 13.95366360555018 34
      vertex 49.510684605501936 14.058359213500125 34
      vertex 49.510684605501936 17.941640786499875 34
    endloop
  endfacet
  facet normal 0 0 1
    outer loop
      vertex 49.510684605501936 14.058359213500125 34
      vertex 49.65867531599244 14.175025682559927 34
      vertex 49.65867531599244 17.824974317440073 34
    endloop
  endfacet
  facet normal 0 0 1
    outer loop
      vertex 49.65867531599244 14.175025682559927 34
      vertex 49.79705627484771 14.302943725152286 34
      vertex 49.79705627484771 17.697056274847714 34
    endloop
  endfacet
  facet normal 0 0 1
    outer loop
      vertex 49.79705627484771 14.302943725152286 34
      vertex 49.924974317440075 14.44132468400756 34
      vertex 49.924974317440075 17.558675315992442 34
    endloop
  endfacet
  facet normal 0 0 1
    outer loop
      vertex 49.924974317440075 14.44132468400756 34
      vertex 50.041640786499876 14.589315394498065 34
      vertex 50.041640786499876 17.410684605501935 34
    endloop
  endfacet
  facet normal 0 0 1
    outer loop
      vertex 50.041640786499876 14.589315394498065 34
      vertex 50.146336394449825 14.746003444681723 34
      vertex 50.146336394449825 17.253996555318277 34
    endloop
  endfacet
  facet normal 0 0 1
    outer loop
      vertex 50.146336394449825 14.746003444681723 34
      vertex 50.238415658052084 14.910422800625089 34
      vertex 50.238415658052084 17.08957719937491 34
    endloop
  endfacet
  facet normal 0 0 1
    outer loop
      vertex 47.53973112674583 13.666312191045577 34
      vertex 47.72455728390345 18.37045201742833 34
      vertex 47.53973112674583 18.333687808954423 34
    endloop
  endfacet
  facet normal 0 0 1
    outer loop
      vertex 47.72455728390345 13.629547982571669 34
      vertex 47.911698170253175 18.39260160095951 34
      vertex 47.72455728390345 18.37045201742833 34
    endloop
  endfacet
  facet normal 0 0 1
    outer loop
      vertex 47.911698170253175 13.607398399040493 34
      vertex 48.1 18.4 34
      vertex 47.911698170253175 18.39260160095951 34
    endloop
  endfacet
  facet normal 0 0 1
    outer loop
      vertex 48.28830182974683 13.607398399040493 34
      vertex 48.47544271609655 18.37045201742833 34
      vertex 48.28830182974683 18.39260160095951 34
    endloop
  endfacet
  facet normal 0 0 1
    outer loop
      vertex 48.47544271609655 13.629547982571669 34
      vertex 48.660268873254175 18.333687808954423 34
      vertex 48.47544271609655 18.37045201742833 34
    endloop
  endfacet
  facet normal 0 0 1
    outer loop
      vertex 48.1 13.6 34
      vertex 48.28830182974683 18.39260160095951 34
      vertex 48.1 18.4 34
    endloop
  endfacet
  facet normal 0 0 1
    outer loop
      vertex 48.660268873254175 13.666312191045577 34
      vertex 48.84164078649987 18.282535639108367 34
      vertex 48.660268873254175 18.333687808954423 34
    endloop
  endfacet
  facet normal 0 0 1
    outer loop
      vertex 48.84164078649987 13.717464360891633 34
      vertex 49.01844023767622 18.21731087802709 34
      vertex 48.84164078649987 18.282535639108367 34
    endloop
  endfacet
  facet normal 0 0 1
    outer loop
      vertex 49.01844023767622 13.782689121972911 34
      vertex 49.18957719937492 18.138415658052082 34
      vertex 49.01844023767622 18.21731087802709 34
    endloop
  endfacet
  facet normal 0 0 1
    outer loop
      vertex 49.18957719937492 13.861584341947918 34
      vertex 49.353996555318275 18.04633639444982 34
      vertex 49.18957719937492 18.138415658052082 34
    endloop
  endfacet
  facet normal 0 0 1
    outer loop
      vertex 49.353996555318275 13.95366360555018 34
      vertex 49.510684605501936 17.941640786499875 34
      vertex 49.353996555318275 18.04633639444982 34
    endloop
  endfacet
  facet normal 0 0 1
    outer loop
      vertex 49.65867531599244 14.175025682559927 34
      vertex 49.79705627484771 17.697056274847714 34
      vertex 49.65867531599244 17.824974317440073 34
    endloop
  endfacet
  facet normal 0 0 1
    outer loop
      vertex 49.510684605501936 14.058359213500125 34
      vertex 49.65867531599244 17.824974317440073 34
      vertex 49.510684605501936 17.941640786499875 34
    endloop
  endfacet
  facet normal 0 0 1
    outer loop
      vertex 50.238415658052084 14.910422800625089 34
      vertex 50.31731087802709 16.918440237676215 34
      vertex 50.238415658052084 17.08957719937491 34
    endloop
  endfacet
  facet normal 0 0 1
    outer loop
      vertex 50.146336394449825 14.746003444681723 34
      vertex 50.238415658052084 17.08957719937491 34
      vertex 50.146336394449825 17.253996555318277 34
    endloop
  endfacet
  facet normal 0 0 1
    outer loop
      vertex 50.238415658052084 14.910422800625089 34
      vertex 50.31731087802709 15.081559762323785 34
      vertex 50.31731087802709 16.918440237676215 34
    endloop
  endfacet
  facet normal 0 0 1
    outer loop
      vertex 50.31731087802709 15.081559762323785 34
      vertex 50.38253563910837 15.258359213500126 34
      vertex 50.38253563910837 16.741640786499875 34
    endloop
  endfacet
  facet normal 0 0 1
    outer loop
      vertex 50.38253563910837 15.258359213500126 34
      vertex 50.433687808954424 15.439731126745826 34
      vertex 50.433687808954424 16.560268873254174 34
    endloop
  endfacet
  facet normal 0 0 1
    outer loop
      vertex 50.433687808954424 15.439731126745826 34
      vertex 50.47045201742833 15.624557283903446 34
      vertex 50.47045201742833 16.375442716096554 34
    endloop
  endfacet
  facet normal 0 0 1
    outer loop
      vertex 50.47045201742833 15.624557283903446 34
      vertex 50.49260160095951 15.811698170253171 34
      vertex 50.49260160095951 16.188301829746827 34
    endloop
  endfacet
  facet normal 0 0 1
    outer loop
      vertex 50.49260160095951 15.811698170253171 34
      vertex 50.5 16 34
      vertex 50.49260160095951 16.188301829746827 34
    endloop
  endfacet
  facet normal 0 0 1
    outer loop
      vertex 50.38253563910837 15.258359213500126 34
      vertex 50.433687808954424 16.560268873254174 34
      vertex 50.38253563910837 16.741640786499875 34
    endloop
  endfacet
  facet normal 0 0 1
    outer loop
      vertex 50.47045201742833 15.624557283903446 34
      vertex 50.49260160095951 16.188301829746827 34
      vertex 50.47045201742833 16.375442716096554 34
    endloop
  endfacet
  facet normal 0 0 1
    outer loop
      vertex 50.433687808954424 15.439731126745826 34
      vertex 50.47045201742833 16.375442716096554 34
      vertex 50.433687808954424 16.560268873254174 34
    endloop
  endfacet
  facet normal 0 0 1
    outer loop
      vertex 50.31731087802709 15.081559762323785 34
      vertex 50.38253563910837 16.741640786499875 34
      vertex 50.31731087802709 16.918440237676215 34
    endloop
  endfacet
  facet normal 0 0 1
    outer loop
      vertex 49.79705627484771 14.302943725152286 34
      vertex 49.924974317440075 17.558675315992442 34
      vertex 49.79705627484771 17.697056274847714 34
    endloop
  endfacet
  facet normal 0 0 1
    outer loop
      vertex 49.924974317440075 14.44132468400756 34
      vertex 50.041640786499876 17.410684605501935 34
      vertex 49.924974317440075 17.558675315992442 34
    endloop
  endfacet
  facet normal 0 0 1
    outer loop
      vertex 50.041640786499876 14.589315394498065 34
      vertex 50.146336394449825 17.253996555318277 34
      vertex 50.041640786499876 17.410684605501935 34
    endloop
  endfacet
  facet normal 0.5555702330195902 0.8314696123025531 0
    outer loop
      vertex 46.68931539449807 14.058359213500125 34
      vertex 46.84600344468173 13.95366360555018 62
      vertex 46.84600344468173 13.95366360555018 34
    endloop
  endfacet
  facet normal 0.48862124149696984 0.8724960070727887 0
    outer loop
      vertex 47.010422800625086 13.861584341947918 34
      vertex 46.84600344468173 13.95366360555018 34
      vertex 47.010422800625086 13.861584341947918 62
    endloop
  endfacet
  facet normal 0.41865973753742625 0.9081431738250821 0
    outer loop
      vertex 47.010422800625086 13.861584341947918 34
      vertex 47.181559762323786 13.782689121972911 62
      vertex 47.181559762323786 13.782689121972911 34
    endloop
  endfacet
  facet normal 0.3461170570774819 0.9381913359224882 0
    outer loop
      vertex 47.181559762323786 13.782689121972911 34
      vertex 47.35835921350013 13.717464360891633 62
      vertex 47.35835921350013 13.717464360891633 34
    endloop
  endfacet
  facet normal 0.27144044986507926 0.962455236453646 0
    outer loop
      vertex 47.53973112674583 13.666312191045577 34
      vertex 47.35835921350013 13.717464360891633 34
      vertex 47.53973112674583 13.666312191045577 62
    endloop
  endfacet
  facet normal 0.7343225094356807 0.6788007455329471 0
    outer loop
      vertex 46.40294372515229 14.302943725152286 34
      vertex 46.27502568255993 14.44132468400756 34
      vertex 46.27502568255993 14.44132468400756 62
    endloop
  endfacet
  facet normal 0.7853169308807415 0.6190939493098383 0
    outer loop
      vertex 46.27502568255993 14.44132468400756 34
      vertex 46.15835921350013 14.589315394498065 34
      vertex 46.15835921350013 14.589315394498065 62
    endloop
  endfacet
  facet normal 0.8314696123025387 0.5555702330196121 0
    outer loop
      vertex 46.15835921350013 14.589315394498065 34
      vertex 46.05366360555018 14.746003444681723 34
      vertex 46.05366360555018 14.746003444681723 62
    endloop
  endfacet
  facet normal 0.908143173825086 0.4186597375374179 0
    outer loop
      vertex 45.882689121972916 15.081559762323785 34
      vertex 45.882689121972916 15.081559762323785 62
      vertex 45.96158434194792 14.910422800625089 34
    endloop
  endfacet
  facet normal 0.9381913359224809 0.34611705707750157 0
    outer loop
      vertex 45.882689121972916 15.081559762323785 34
      vertex 45.817464360891634 15.258359213500126 34
      vertex 45.817464360891634 15.258359213500126 62
    endloop
  endfacet
  facet normal 0.9624552364536466 0.2714404498650768 0
    outer loop
      vertex 45.817464360891634 15.258359213500126 34
      vertex 45.76631219104558 15.439731126745826 34
      vertex 45.76631219104558 15.439731126745826 62
    endloop
  endfacet
  facet normal 0.9807852804032328 0.19509032201611695 0
    outer loop
      vertex 45.76631219104558 15.439731126745826 34
      vertex 45.729547982571674 15.624557283903446 34
      vertex 45.729547982571674 15.624557283903446 62
    endloop
  endfacet
  facet normal 0.8724960070728057 0.4886212414969394 0
    outer loop
      vertex 46.05366360555018 14.746003444681723 34
      vertex 45.96158434194792 14.910422800625089 34
      vertex 45.96158434194792 14.910422800625089 62
    endloop
  endfacet
  facet normal 0.6788007455329416 0.7343225094356857 0
    outer loop
      vertex 46.40294372515229 14.302943725152286 34
      vertex 46.54132468400756 14.175025682559927 62
      vertex 46.54132468400756 14.175025682559927 34
    endloop
  endfacet
  facet normal 0.6190939493098429 0.7853169308807378 0
    outer loop
      vertex 46.68931539449807 14.058359213500125 34
      vertex 46.54132468400756 14.175025682559927 34
      vertex 46.68931539449807 14.058359213500125 62
    endloop
  endfacet
  facet normal 0.9930684569549234 0.11753739745786297 0
    outer loop
      vertex 45.729547982571674 15.624557283903446 34
      vertex 45.70739839904049 15.811698170253171 34
      vertex 45.70739839904049 15.811698170253171 62
    endloop
  endfacet
  facet normal 0.9992290362407236 0.03925981575905214 0
    outer loop
      vertex 45.70739839904049 15.811698170253171 34
      vertex 45.7 16 34
      vertex 45.7 16 62
    endloop
  endfacet
  facet normal 0.9992290362407236 -0.039259815759052505 0
    outer loop
      vertex 45.7 16 34
      vertex 45.70739839904049 16.188301829746827 34
      vertex 45.70739839904049 16.188301829746827 62
    endloop
  endfacet
  facet normal 0.9930684569549234 -0.11753739745786186 0
    outer loop
      vertex 45.70739839904049 16.188301829746827 34
      vertex 45.729547982571674 16.375442716096554 34
      vertex 45.729547982571674 16.375442716096554 62
    endloop
  endfacet
  facet normal 0.9807852804032328 -0.19509032201611695 0
    outer loop
      vertex 45.729547982571674 16.375442716096554 34
      vertex 45.76631219104558 16.560268873254174 34
      vertex 45.76631219104558 16.560268873254174 62
    endloop
  endfacet
  facet normal 0.9624552364536473 -0.2714404498650743 0
    outer loop
      vertex 45.76631219104558 16.560268873254174 34
      vertex 45.817464360891634 16.741640786499875 34
      vertex 45.817464360891634 16.741640786499875 62
    endloop
  endfacet
  facet normal 0.9381913359224798 -0.3461170570775046 0
    outer loop
      vertex 45.817464360891634 16.741640786499875 34
      vertex 45.882689121972916 16.918440237676215 34
      vertex 45.882689121972916 16.918440237676215 62
    endloop
  endfacet
  facet normal 0.908143173825086 -0.4186597375374179 0
    outer loop
      vertex 45.882689121972916 16.918440237676215 34
      vertex 45.96158434194792 17.08957719937491 34
      vertex 45.96158434194792 17.08957719937491 62
    endloop
  endfacet
  facet normal 0.8724960070728057 -0.4886212414969394 0
    outer loop
      vertex 45.96158434194792 17.08957719937491 34
      vertex 46.05366360555018 17.253996555318277 34
      vertex 46.05366360555018 17.253996555318277 62
    endloop
  endfacet
  facet normal 0.8314696123025387 -0.5555702330196121 0
    outer loop
      vertex 46.05366360555018 17.253996555318277 34
      vertex 46.15835921350013 17.410684605501935 34
      vertex 46.15835921350013 17.410684605501935 62
    endloop
  endfacet
  facet normal 0.7853169308807451 -0.6190939493098336 0
    outer loop
      vertex 46.15835921350013 17.410684605501935 34
      vertex 46.27502568255993 17.558675315992442 34
      vertex 46.27502568255993 17.558675315992442 62
    endloop
  endfacet
  facet normal 0.7343225094356762 -0.6788007455329518 0
    outer loop
      vertex 46.27502568255993 17.558675315992442 34
      vertex 46.40294372515229 17.697056274847714 34
      vertex 46.40294372515229 17.697056274847714 62
    endloop
  endfacet
  facet normal 0.6788007455329416 -0.7343225094356857 0
    outer loop
      vertex 46.40294372515229 17.697056274847714 34
      vertex 46.54132468400756 17.824974317440073 34
      vertex 46.40294372515229 17.697056274847714 62
    endloop
  endfacet
  facet normal 0.6190939493098429 -0.7853169308807378 0
    outer loop
      vertex 46.54132468400756 17.824974317440073 34
      vertex 46.68931539449807 17.941640786499875 34
      vertex 46.54132468400756 17.824974317440073 62
    endloop
  endfacet
  facet normal 0.5555702330195902 -0.8314696123025531 0
    outer loop
      vertex 46.68931539449807 17.941640786499875 34
      vertex 46.84600344468173 18.04633639444982 34
      vertex 46.68931539449807 17.941640786499875 62
    endloop
  endfacet
  facet normal 0.48862124149696984 -0.8724960070727887 0
    outer loop
      vertex 46.84600344468173 18.04633639444982 34
      vertex 47.010422800625086 18.138415658052082 34
      vertex 46.84600344468173 18.04633639444982 62
    endloop
  endfacet
  facet normal 0.41865973753742625 -0.9081431738250821 0
    outer loop
      vertex 47.010422800625086 18.138415658052082 34
      vertex 47.181559762323786 18.21731087802709 34
      vertex 47.010422800625086 18.138415658052082 62
    endloop
  endfacet
  facet normal 0.3461170570774819 -0.9381913359224882 0
    outer loop
      vertex 47.181559762323786 18.21731087802709 34
      vertex 47.35835921350013 18.282535639108367 34
      vertex 47.181559762323786 18.21731087802709 62
    endloop
  endfacet
  facet normal 0.27144044986507926 -0.962455236453646 0
    outer loop
      vertex 47.35835921350013 18.282535639108367 34
      vertex 47.53973112674583 18.333687808954423 34
      vertex 47.35835921350013 18.282535639108367 62
    endloop
  endfacet
  facet normal 0.19509032201613147 0.9807852804032298 0
    outer loop
      vertex 47.53973112674583 13.666312191045577 34
      vertex 47.72455728390345 13.629547982571669 62
      vertex 47.72455728390345 13.629547982571669 34
    endloop
  endfacet
  facet normal 0.11753739745783617 0.9930684569549265 0
    outer loop
      vertex 47.72455728390345 13.629547982571669 34
      vertex 47.911698170253175 13.607398399040493 62
      vertex 47.911698170253175 13.607398399040493 34
    endloop
  endfacet
  facet normal 0.03925981575907133 0.9992290362407228 0
    outer loop
      vertex 47.911698170253175 13.607398399040493 34
      vertex 48.1 13.6 62
      vertex 48.1 13.6 34
    endloop
  endfacet
  facet normal -0.03925981575907133 0.9992290362407228 0
    outer loop
      vertex 48.1 13.6 34
      vertex 48.28830182974683 13.607398399040493 62
      vertex 48.28830182974683 13.607398399040493 34
    endloop
  endfacet
  facet normal -0.11753739745783617 0.9930684569549265 0
    outer loop
      vertex 48.28830182974683 13.607398399040493 34
      vertex 48.47544271609655 13.629547982571669 62
      vertex 48.47544271609655 13.629547982571669 34
    endloop
  endfacet
  facet normal -0.19509032201613147 0.9807852804032298 0
    outer loop
      vertex 48.47544271609655 13.629547982571669 34
      vertex 48.660268873254175 13.666312191045577 62
      vertex 48.660268873254175 13.666312191045577 34
    endloop
  endfacet
  facet normal -0.27144044986507926 0.962455236453646 0
    outer loop
      vertex 48.660268873254175 13.666312191045577 34
      vertex 48.84164078649987 13.717464360891633 62
      vertex 48.84164078649987 13.717464360891633 34
    endloop
  endfacet
  facet normal -0.3461170570774819 0.9381913359224882 0
    outer loop
      vertex 48.84164078649987 13.717464360891633 34
      vertex 49.01844023767622 13.782689121972911 62
      vertex 49.01844023767622 13.782689121972911 34
    endloop
  endfacet
  facet normal -0.41865973753742625 0.9081431738250821 0
    outer loop
      vertex 49.01844023767622 13.782689121972911 34
      vertex 49.18957719937492 13.861584341947918 62
      vertex 49.18957719937492 13.861584341947918 34
    endloop
  endfacet
  facet normal -0.48862124149696984 0.8724960070727887 0
    outer loop
      vertex 49.18957719937492 13.861584341947918 34
      vertex 49.353996555318275 13.95366360555018 62
      vertex 49.353996555318275 13.95366360555018 34
    endloop
  endfacet
  facet normal -0.5555702330195902 0.8314696123025531 0
    outer loop
      vertex 49.353996555318275 13.95366360555018 34
      vertex 49.510684605501936 14.058359213500125 62
      vertex 49.510684605501936 14.058359213500125 34
    endloop
  endfacet
  facet normal -0.6190939493098429 0.7853169308807378 0
    outer loop
      vertex 49.510684605501936 14.058359213500125 34
      vertex 49.65867531599244 14.175025682559927 62
      vertex 49.65867531599244 14.175025682559927 34
    endloop
  endfacet
  facet normal -0.6788007455329416 0.7343225094356857 0
    outer loop
      vertex 49.65867531599244 14.175025682559927 34
      vertex 49.79705627484771 14.302943725152286 62
      vertex 49.79705627484771 14.302943725152286 34
    endloop
  endfacet
  facet normal -0.7343225094356807 0.6788007455329471 0
    outer loop
      vertex 49.79705627484771 14.302943725152286 34
      vertex 49.79705627484771 14.302943725152286 62
      vertex 49.924974317440075 14.44132468400756 34
    endloop
  endfacet
  facet normal -0.7853169308807415 0.6190939493098383 0
    outer loop
      vertex 49.924974317440075 14.44132468400756 34
      vertex 49.924974317440075 14.44132468400756 62
      vertex 50.041640786499876 14.589315394498065 34
    endloop
  endfacet
  facet normal -0.8314696123025387 0.5555702330196121 0
    outer loop
      vertex 50.041640786499876 14.589315394498065 34
      vertex 50.041640786499876 14.589315394498065 62
      vertex 50.146336394449825 14.746003444681723 34
    endloop
  endfacet
  facet normal -0.8724960070728057 0.4886212414969394 0
    outer loop
      vertex 50.146336394449825 14.746003444681723 34
      vertex 50.146336394449825 14.746003444681723 62
      vertex 50.238415658052084 14.910422800625089 34
    endloop
  endfacet
  facet normal -0.908143173825086 0.4186597375374179 0
    outer loop
      vertex 50.238415658052084 14.910422800625089 34
      vertex 50.238415658052084 14.910422800625089 62
      vertex 50.31731087802709 15.081559762323785 34
    endloop
  endfacet
  facet normal -0.9381913359224809 0.34611705707750157 0
    outer loop
      vertex 50.31731087802709 15.081559762323785 34
      vertex 50.31731087802709 15.081559762323785 62
      vertex 50.38253563910837 15.258359213500126 34
    endloop
  endfacet
  facet normal -0.9624552364536466 0.2714404498650768 0
    outer loop
      vertex 50.38253563910837 15.258359213500126 34
      vertex 50.38253563910837 15.258359213500126 62
      vertex 50.433687808954424 15.439731126745826 34
    endloop
  endfacet
  facet normal -0.9807852804032328 0.19509032201611695 0
    outer loop
      vertex 50.433687808954424 15.439731126745826 34
      vertex 50.433687808954424 15.439731126745826 62
      vertex 50.47045201742833 15.624557283903446 34
    endloop
  endfacet
  facet normal 0.19509032201613147 -0.9807852804032298 0
    outer loop
      vertex 47.53973112674583 18.333687808954423 34
      vertex 47.72455728390345 18.37045201742833 34
      vertex 47.53973112674583 18.333687808954423 62
    endloop
  endfacet
  facet normal 0.11753739745784546 -0.9930684569549253 0
    outer loop
      vertex 47.72455728390345 18.37045201742833 34
      vertex 47.911698170253175 18.39260160095951 34
      vertex 47.72455728390345 18.37045201742833 62
    endloop
  endfacet
  facet normal 0.039259815759052505 -0.9992290362407236 0
    outer loop
      vertex 47.911698170253175 18.39260160095951 34
      vertex 48.1 18.4 34
      vertex 47.911698170253175 18.39260160095951 62
    endloop
  endfacet
  facet normal -0.19509032201613147 -0.9807852804032298 0
    outer loop
      vertex 48.47544271609655 18.37045201742833 34
      vertex 48.660268873254175 18.333687808954423 34
      vertex 48.47544271609655 18.37045201742833 62
    endloop
  endfacet
  facet normal -0.039259815759052505 -0.9992290362407236 0
    outer loop
      vertex 48.1 18.4 34
      vertex 48.28830182974683 18.39260160095951 34
      vertex 48.1 18.4 62
    endloop
  endfacet
  facet normal -0.11753739745784546 -0.9930684569549253 0
    outer loop
      vertex 48.28830182974683 18.39260160095951 34
      vertex 48.47544271609655 18.37045201742833 34
      vertex 48.28830182974683 18.39260160095951 62
    endloop
  endfacet
  facet normal -0.6190939493098429 -0.7853169308807378 0
    outer loop
      vertex 49.65867531599244 17.824974317440073 34
      vertex 49.510684605501936 17.941640786499875 62
      vertex 49.510684605501936 17.941640786499875 34
    endloop
  endfacet
  facet normal -0.6788007455329416 -0.7343225094356857 0
    outer loop
      vertex 49.65867531599244 17.824974317440073 34
      vertex 49.79705627484771 17.697056274847714 34
      vertex 49.65867531599244 17.824974317440073 62
    endloop
  endfacet
  facet normal -0.27144044986507926 -0.962455236453646 0
    outer loop
      vertex 48.660268873254175 18.333687808954423 34
      vertex 48.84164078649987 18.282535639108367 34
      vertex 48.660268873254175 18.333687808954423 62
    endloop
  endfacet
  facet normal -0.3461170570774819 -0.9381913359224882 0
    outer loop
      vertex 49.01844023767622 18.21731087802709 34
      vertex 48.84164078649987 18.282535639108367 62
      vertex 48.84164078649987 18.282535639108367 34
    endloop
  endfacet
  facet normal -0.41865973753742625 -0.9081431738250821 0
    outer loop
      vertex 49.01844023767622 18.21731087802709 34
      vertex 49.18957719937492 18.138415658052082 34
      vertex 49.01844023767622 18.21731087802709 62
    endloop
  endfacet
  facet normal -0.48862124149696984 -0.8724960070727887 0
    outer loop
      vertex 49.18957719937492 18.138415658052082 34
      vertex 49.353996555318275 18.04633639444982 34
      vertex 49.18957719937492 18.138415658052082 62
    endloop
  endfacet
  facet normal -0.5555702330195902 -0.8314696123025531 0
    outer loop
      vertex 49.510684605501936 17.941640786499875 34
      vertex 49.353996555318275 18.04633639444982 62
      vertex 49.353996555318275 18.04633639444982 34
    endloop
  endfacet
  facet normal -0.9930684569549234 0.11753739745786297 0
    outer loop
      vertex 50.47045201742833 15.624557283903446 34
      vertex 50.47045201742833 15.624557283903446 62
      vertex 50.49260160095951 15.811698170253171 34
    endloop
  endfacet
  facet normal -0.9992290362407236 0.03925981575905214 0
    outer loop
      vertex 50.49260160095951 15.811698170253171 34
      vertex 50.49260160095951 15.811698170253171 62
      vertex 50.5 16 34
    endloop
  endfacet
  facet normal -0.9992290362407236 -0.039259815759052505 0
    outer loop
      vertex 50.5 16 34
      vertex 50.5 16 62
      vertex 50.49260160095951 16.188301829746827 34
    endloop
  endfacet
  facet normal -0.9930684569549234 -0.11753739745786186 0
    outer loop
      vertex 50.49260160095951 16.188301829746827 34
      vertex 50.49260160095951 16.188301829746827 62
      vertex 50.47045201742833 16.375442716096554 34
    endloop
  endfacet
  facet normal -0.8724960070728057 -0.4886212414969394 0
    outer loop
      vertex 50.238415658052084 17.08957719937491 34
      vertex 50.238415658052084 17.08957719937491 62
      vertex 50.146336394449825 17.253996555318277 34
    endloop
  endfacet
  facet normal -0.9807852804032328 -0.19509032201611695 0
    outer loop
      vertex 50.47045201742833 16.375442716096554 34
      vertex 50.47045201742833 16.375442716096554 62
      vertex 50.433687808954424 16.560268873254174 34
    endloop
  endfacet
  facet normal -0.9624552364536473 -0.2714404498650743 0
    outer loop
      vertex 50.433687808954424 16.560268873254174 34
      vertex 50.433687808954424 16.560268873254174 62
      vertex 50.38253563910837 16.741640786499875 34
    endloop
  endfacet
  facet normal -0.9381913359224798 -0.3461170570775046 0
    outer loop
      vertex 50.38253563910837 16.741640786499875 34
      vertex 50.38253563910837 16.741640786499875 62
      vertex 50.31731087802709 16.918440237676215 34
    endloop
  endfacet
  facet normal -0.908143173825086 -0.4186597375374179 0
    outer loop
      vertex 50.238415658052084 17.08957719937491 34
      vertex 50.31731087802709 16.918440237676215 34
      vertex 50.31731087802709 16.918440237676215 62
    endloop
  endfacet
  facet normal -0.7853169308807451 -0.6190939493098336 0
    outer loop
      vertex 50.041640786499876 17.410684605501935 34
      vertex 50.041640786499876 17.410684605501935 62
      vertex 49.924974317440075 17.558675315992442 34
    endloop
  endfacet
  facet normal -0.8314696123025387 -0.5555702330196121 0
    outer loop
      vertex 50.146336394449825 17.253996555318277 34
      vertex 50.146336394449825 17.253996555318277 62
      vertex 50.041640786499876 17.410684605501935 34
    endloop
  endfacet
  facet normal -0.7343225094356762 -0.6788007455329518 0
    outer loop
      vertex 49.924974317440075 17.558675315992442 34
      vertex 49.924974317440075 17.558675315992442 62
      vertex 49.79705627484771 17.697056274847714 34
    endloop
  endfacet
  facet normal 0.5555702330195902 0.8314696123025531 0
    outer loop
      vertex 46.68931539449807 14.058359213500125 34
      vertex 46.68931539449807 14.058359213500125 62
      vertex 46.84600344468173 13.95366360555018 62
    endloop
  endfacet
  facet normal 0.48862124149696984 0.8724960070727887 0
    outer loop
      vertex 46.84600344468173 13.95366360555018 34
      vertex 46.84600344468173 13.95366360555018 62
      vertex 47.010422800625086 13.861584341947918 62
    endloop
  endfacet
  facet normal 0.41865973753742625 0.9081431738250821 0
    outer loop
      vertex 47.010422800625086 13.861584341947918 34
      vertex 47.010422800625086 13.861584341947918 62
      vertex 47.181559762323786 13.782689121972911 62
    endloop
  endfacet
  facet normal 0.3461170570774819 0.9381913359224882 0
    outer loop
      vertex 47.181559762323786 13.782689121972911 34
      vertex 47.181559762323786 13.782689121972911 62
      vertex 47.35835921350013 13.717464360891633 62
    endloop
  endfacet
  facet normal 0.27144044986507926 0.962455236453646 0
    outer loop
      vertex 47.35835921350013 13.717464360891633 34
      vertex 47.35835921350013 13.717464360891633 62
      vertex 47.53973112674583 13.666312191045577 62
    endloop
  endfacet
  facet normal 0.7343225094356807 0.6788007455329471 0
    outer loop
      vertex 46.40294372515229 14.302943725152286 34
      vertex 46.27502568255993 14.44132468400756 62
      vertex 46.40294372515229 14.302943725152286 62
    endloop
  endfacet
  facet normal 0.6788007455329416 0.7343225094356857 0
    outer loop
      vertex 46.40294372515229 14.302943725152286 34
      vertex 46.40294372515229 14.302943725152286 62
      vertex 46.54132468400756 14.175025682559927 62
    endloop
  endfacet
  facet normal 0.8314696123025387 0.5555702330196121 0
    outer loop
      vertex 46.15835921350013 14.589315394498065 34
      vertex 46.05366360555018 14.746003444681723 62
      vertex 46.15835921350013 14.589315394498065 62
    endloop
  endfacet
  facet normal 0.8724960070728057 0.4886212414969394 0
    outer loop
      vertex 46.05366360555018 14.746003444681723 34
      vertex 45.96158434194792 14.910422800625089 62
      vertex 46.05366360555018 14.746003444681723 62
    endloop
  endfacet
  facet normal 0.7853169308807415 0.6190939493098383 0
    outer loop
      vertex 46.27502568255993 14.44132468400756 34
      vertex 46.15835921350013 14.589315394498065 62
      vertex 46.27502568255993 14.44132468400756 62
    endloop
  endfacet
  facet normal 0.908143173825086 0.4186597375374179 0
    outer loop
      vertex 45.96158434194792 14.910422800625089 34
      vertex 45.882689121972916 15.081559762323785 62
      vertex 45.96158434194792 14.910422800625089 62
    endloop
  endfacet
  facet normal 0.9381913359224809 0.34611705707750157 0
    outer loop
      vertex 45.882689121972916 15.081559762323785 34
      vertex 45.817464360891634 15.258359213500126 62
      vertex 45.882689121972916 15.081559762323785 62
    endloop
  endfacet
  facet normal 0.9624552364536444 0.27144044986508475 0
    outer loop
      vertex 45.817464360891634 15.258359213500126 34
      vertex 45.77751752767741 15.399999999999999 62
      vertex 45.817464360891634 15.258359213500126 62
    endloop
  endfacet
  facet normal 0.9624552364536544 0.2714404498650485 1.977299727861868e-16
    outer loop
      vertex 45.77751752767741 15.399999999999999 62
      vertex 45.817464360891634 15.258359213500126 34
      vertex 45.76631219104558 15.439731126745826 62
    endloop
  endfacet
  facet normal 0.9807852804032328 0.19509032201611695 0
    outer loop
      vertex 45.76631219104558 15.439731126745826 34
      vertex 45.729547982571674 15.624557283903446 62
      vertex 45.76631219104558 15.439731126745826 62
    endloop
  endfacet
  facet normal 0.6190939493098429 0.7853169308807378 0
    outer loop
      vertex 46.54132468400756 14.175025682559927 34
      vertex 46.54132468400756 14.175025682559927 62
      vertex 46.68931539449807 14.058359213500125 62
    endloop
  endfacet
  facet normal 0.9930684569549234 0.11753739745786297 0
    outer loop
      vertex 45.729547982571674 15.624557283903446 34
      vertex 45.70739839904049 15.811698170253171 62
      vertex 45.729547982571674 15.624557283903446 62
    endloop
  endfacet
  facet normal 0.9992290362407236 0.03925981575905214 0
    outer loop
      vertex 45.70739839904049 15.811698170253171 34
      vertex 45.7 16 62
      vertex 45.70739839904049 15.811698170253171 62
    endloop
  endfacet
  facet normal 0.9992290362407236 -0.039259815759052505 0
    outer loop
      vertex 45.7 16 34
      vertex 45.70739839904049 16.188301829746827 62
      vertex 45.7 16 62
    endloop
  endfacet
  facet normal 0.9930684569549234 -0.11753739745786186 0
    outer loop
      vertex 45.70739839904049 16.188301829746827 34
      vertex 45.729547982571674 16.375442716096554 62
      vertex 45.70739839904049 16.188301829746827 62
    endloop
  endfacet
  facet normal 0.9807852804032328 -0.19509032201611695 0
    outer loop
      vertex 45.729547982571674 16.375442716096554 34
      vertex 45.76631219104558 16.560268873254174 62
      vertex 45.729547982571674 16.375442716096554 62
    endloop
  endfacet
  facet normal 0.9624552364536473 -0.2714404498650743 0
    outer loop
      vertex 45.76631219104558 16.560268873254174 34
      vertex 45.817464360891634 16.741640786499875 62
      vertex 45.76631219104558 16.560268873254174 62
    endloop
  endfacet
  facet normal 0.9381913359224798 -0.3461170570775046 0
    outer loop
      vertex 45.817464360891634 16.741640786499875 34
      vertex 45.882689121972916 16.918440237676215 62
      vertex 45.817464360891634 16.741640786499875 62
    endloop
  endfacet
  facet normal 0.908143173825086 -0.4186597375374179 0
    outer loop
      vertex 45.882689121972916 16.918440237676215 34
      vertex 45.96158434194792 17.08957719937491 62
      vertex 45.882689121972916 16.918440237676215 62
    endloop
  endfacet
  facet normal 0.8724960070728057 -0.4886212414969394 0
    outer loop
      vertex 45.96158434194792 17.08957719937491 34
      vertex 46.05366360555018 17.253996555318277 62
      vertex 45.96158434194792 17.08957719937491 62
    endloop
  endfacet
  facet normal 0.8314696123025387 -0.5555702330196121 0
    outer loop
      vertex 46.05366360555018 17.253996555318277 34
      vertex 46.15835921350013 17.410684605501935 62
      vertex 46.05366360555018 17.253996555318277 62
    endloop
  endfacet
  facet normal 0.7853169308807451 -0.6190939493098336 0
    outer loop
      vertex 46.15835921350013 17.410684605501935 34
      vertex 46.27502568255993 17.558675315992442 62
      vertex 46.15835921350013 17.410684605501935 62
    endloop
  endfacet
  facet normal 0.7343225094356762 -0.6788007455329518 0
    outer loop
      vertex 46.27502568255993 17.558675315992442 34
      vertex 46.40294372515229 17.697056274847714 62
      vertex 46.27502568255993 17.558675315992442 62
    endloop
  endfacet
  facet normal 0.6788007455329416 -0.7343225094356857 0
    outer loop
      vertex 46.54132468400756 17.824974317440073 34
      vertex 46.54132468400756 17.824974317440073 62
      vertex 46.40294372515229 17.697056274847714 62
    endloop
  endfacet
  facet normal 0.6190939493098429 -0.7853169308807378 0
    outer loop
      vertex 46.68931539449807 17.941640786499875 34
      vertex 46.68931539449807 17.941640786499875 62
      vertex 46.54132468400756 17.824974317440073 62
    endloop
  endfacet
  facet normal 0.5555702330195902 -0.8314696123025531 0
    outer loop
      vertex 46.84600344468173 18.04633639444982 34
      vertex 46.84600344468173 18.04633639444982 62
      vertex 46.68931539449807 17.941640786499875 62
    endloop
  endfacet
  facet normal 0.48862124149696984 -0.8724960070727887 0
    outer loop
      vertex 47.010422800625086 18.138415658052082 34
      vertex 47.010422800625086 18.138415658052082 62
      vertex 46.84600344468173 18.04633639444982 62
    endloop
  endfacet
  facet normal 0.41865973753742625 -0.9081431738250821 0
    outer loop
      vertex 47.181559762323786 18.21731087802709 34
      vertex 47.181559762323786 18.21731087802709 62
      vertex 47.010422800625086 18.138415658052082 62
    endloop
  endfacet
  facet normal 0.3461170570774819 -0.9381913359224882 0
    outer loop
      vertex 47.35835921350013 18.282535639108367 34
      vertex 47.35835921350013 18.282535639108367 62
      vertex 47.181559762323786 18.21731087802709 62
    endloop
  endfacet
  facet normal 0.27144044986507926 -0.962455236453646 0
    outer loop
      vertex 47.53973112674583 18.333687808954423 34
      vertex 47.53973112674583 18.333687808954423 62
      vertex 47.35835921350013 18.282535639108367 62
    endloop
  endfacet
  facet normal 0.19509032201613147 0.9807852804032298 0
    outer loop
      vertex 47.53973112674583 13.666312191045577 34
      vertex 47.53973112674583 13.666312191045577 62
      vertex 47.72455728390345 13.629547982571669 62
    endloop
  endfacet
  facet normal 0.11753739745783617 0.9930684569549265 0
    outer loop
      vertex 47.72455728390345 13.629547982571669 34
      vertex 47.72455728390345 13.629547982571669 62
      vertex 47.911698170253175 13.607398399040493 62
    endloop
  endfacet
  facet normal 0.03925981575907133 0.9992290362407228 0
    outer loop
      vertex 47.911698170253175 13.607398399040493 34
      vertex 47.911698170253175 13.607398399040493 62
      vertex 48.1 13.6 62
    endloop
  endfacet
  facet normal -0.03925981575907133 0.9992290362407228 0
    outer loop
      vertex 48.1 13.6 34
      vertex 48.1 13.6 62
      vertex 48.28830182974683 13.607398399040493 62
    endloop
  endfacet
  facet normal -0.11753739745783617 0.9930684569549265 0
    outer loop
      vertex 48.28830182974683 13.607398399040493 34
      vertex 48.28830182974683 13.607398399040493 62
      vertex 48.47544271609655 13.629547982571669 62
    endloop
  endfacet
  facet normal -0.19509032201613147 0.9807852804032298 0
    outer loop
      vertex 48.47544271609655 13.629547982571669 34
      vertex 48.47544271609655 13.629547982571669 62
      vertex 48.660268873254175 13.666312191045577 62
    endloop
  endfacet
  facet normal -0.27144044986507926 0.962455236453646 0
    outer loop
      vertex 48.660268873254175 13.666312191045577 34
      vertex 48.660268873254175 13.666312191045577 62
      vertex 48.84164078649987 13.717464360891633 62
    endloop
  endfacet
  facet normal -0.3461170570774819 0.9381913359224882 0
    outer loop
      vertex 48.84164078649987 13.717464360891633 34
      vertex 48.84164078649987 13.717464360891633 62
      vertex 49.01844023767622 13.782689121972911 62
    endloop
  endfacet
  facet normal -0.41865973753742625 0.9081431738250821 0
    outer loop
      vertex 49.01844023767622 13.782689121972911 34
      vertex 49.01844023767622 13.782689121972911 62
      vertex 49.18957719937492 13.861584341947918 62
    endloop
  endfacet
  facet normal -0.48862124149696984 0.8724960070727887 0
    outer loop
      vertex 49.18957719937492 13.861584341947918 34
      vertex 49.18957719937492 13.861584341947918 62
      vertex 49.353996555318275 13.95366360555018 62
    endloop
  endfacet
  facet normal -0.5555702330195902 0.8314696123025531 0
    outer loop
      vertex 49.353996555318275 13.95366360555018 34
      vertex 49.353996555318275 13.95366360555018 62
      vertex 49.510684605501936 14.058359213500125 62
    endloop
  endfacet
  facet normal -0.6190939493098429 0.7853169308807378 0
    outer loop
      vertex 49.510684605501936 14.058359213500125 34
      vertex 49.510684605501936 14.058359213500125 62
      vertex 49.65867531599244 14.175025682559927 62
    endloop
  endfacet
  facet normal -0.6788007455329416 0.7343225094356857 0
    outer loop
      vertex 49.65867531599244 14.175025682559927 34
      vertex 49.65867531599244 14.175025682559927 62
      vertex 49.79705627484771 14.302943725152286 62
    endloop
  endfacet
  facet normal -0.7343225094356807 0.6788007455329471 0
    outer loop
      vertex 49.924974317440075 14.44132468400756 34
      vertex 49.79705627484771 14.302943725152286 62
      vertex 49.924974317440075 14.44132468400756 62
    endloop
  endfacet
  facet normal -0.7853169308807415 0.6190939493098383 0
    outer loop
      vertex 50.041640786499876 14.589315394498065 34
      vertex 49.924974317440075 14.44132468400756 62
      vertex 50.041640786499876 14.589315394498065 62
    endloop
  endfacet
  facet normal -0.8314696123025387 0.5555702330196121 0
    outer loop
      vertex 50.146336394449825 14.746003444681723 34
      vertex 50.041640786499876 14.589315394498065 62
      vertex 50.146336394449825 14.746003444681723 62
    endloop
  endfacet
  facet normal -0.8724960070728057 0.4886212414969394 0
    outer loop
      vertex 50.238415658052084 14.910422800625089 34
      vertex 50.146336394449825 14.746003444681723 62
      vertex 50.238415658052084 14.910422800625089 62
    endloop
  endfacet
  facet normal -0.908143173825086 0.4186597375374179 0
    outer loop
      vertex 50.31731087802709 15.081559762323785 34
      vertex 50.238415658052084 14.910422800625089 62
      vertex 50.31731087802709 15.081559762323785 62
    endloop
  endfacet
  facet normal -0.9381913359224809 0.34611705707750157 0
    outer loop
      vertex 50.38253563910837 15.258359213500126 34
      vertex 50.31731087802709 15.081559762323785 62
      vertex 50.38253563910837 15.258359213500126 62
    endloop
  endfacet
  facet normal -0.9624552364536444 0.27144044986508475 5.54644944041177e-17
    outer loop
      vertex 50.42248247232259 15.399999999999999 62
      vertex 50.433687808954424 15.439731126745826 34
      vertex 50.38253563910837 15.258359213500126 62
    endloop
  endfacet
  facet normal -0.9624552364536544 0.2714404498650485 0
    outer loop
      vertex 50.433687808954424 15.439731126745826 34
      vertex 50.42248247232259 15.399999999999999 62
      vertex 50.433687808954424 15.439731126745826 62
    endloop
  endfacet
  facet normal -0.9807852804032328 0.19509032201611695 0
    outer loop
      vertex 50.47045201742833 15.624557283903446 34
      vertex 50.433687808954424 15.439731126745826 62
      vertex 50.47045201742833 15.624557283903446 62
    endloop
  endfacet
  facet normal 0.19509032201613147 -0.9807852804032298 0
    outer loop
      vertex 47.72455728390345 18.37045201742833 34
      vertex 47.72455728390345 18.37045201742833 62
      vertex 47.53973112674583 18.333687808954423 62
    endloop
  endfacet
  facet normal 0.11753739745784546 -0.9930684569549253 0
    outer loop
      vertex 47.911698170253175 18.39260160095951 34
      vertex 47.911698170253175 18.39260160095951 62
      vertex 47.72455728390345 18.37045201742833 62
    endloop
  endfacet
  facet normal 0.039259815759052505 -0.9992290362407236 0
    outer loop
      vertex 48.1 18.4 34
      vertex 48.1 18.4 62
      vertex 47.911698170253175 18.39260160095951 62
    endloop
  endfacet
  facet normal -0.19509032201613147 -0.9807852804032298 0
    outer loop
      vertex 48.660268873254175 18.333687808954423 34
      vertex 48.660268873254175 18.333687808954423 62
      vertex 48.47544271609655 18.37045201742833 62
    endloop
  endfacet
  facet normal -0.039259815759052505 -0.9992290362407236 0
    outer loop
      vertex 48.28830182974683 18.39260160095951 34
      vertex 48.28830182974683 18.39260160095951 62
      vertex 48.1 18.4 62
    endloop
  endfacet
  facet normal -0.11753739745784546 -0.9930684569549253 0
    outer loop
      vertex 48.47544271609655 18.37045201742833 34
      vertex 48.47544271609655 18.37045201742833 62
      vertex 48.28830182974683 18.39260160095951 62
    endloop
  endfacet
  facet normal -0.6190939493098429 -0.7853169308807378 0
    outer loop
      vertex 49.65867531599244 17.824974317440073 34
      vertex 49.65867531599244 17.824974317440073 62
      vertex 49.510684605501936 17.941640786499875 62
    endloop
  endfacet
  facet normal -0.27144044986507926 -0.962455236453646 0
    outer loop
      vertex 48.84164078649987 18.282535639108367 34
      vertex 48.84164078649987 18.282535639108367 62
      vertex 48.660268873254175 18.333687808954423 62
    endloop
  endfacet
  facet normal -0.3461170570774819 -0.9381913359224882 0
    outer loop
      vertex 49.01844023767622 18.21731087802709 34
      vertex 49.01844023767622 18.21731087802709 62
      vertex 48.84164078649987 18.282535639108367 62
    endloop
  endfacet
  facet normal -0.41865973753742625 -0.9081431738250821 0
    outer loop
      vertex 49.18957719937492 18.138415658052082 34
      vertex 49.18957719937492 18.138415658052082 62
      vertex 49.01844023767622 18.21731087802709 62
    endloop
  endfacet
  facet normal -0.48862124149696984 -0.8724960070727887 0
    outer loop
      vertex 49.353996555318275 18.04633639444982 34
      vertex 49.353996555318275 18.04633639444982 62
      vertex 49.18957719937492 18.138415658052082 62
    endloop
  endfacet
  facet normal -0.5555702330195902 -0.8314696123025531 0
    outer loop
      vertex 49.510684605501936 17.941640786499875 34
      vertex 49.510684605501936 17.941640786499875 62
      vertex 49.353996555318275 18.04633639444982 62
    endloop
  endfacet
  facet normal -0.9930684569549234 0.11753739745786297 0
    outer loop
      vertex 50.49260160095951 15.811698170253171 34
      vertex 50.47045201742833 15.624557283903446 62
      vertex 50.49260160095951 15.811698170253171 62
    endloop
  endfacet
  facet normal -0.9992290362407236 0.03925981575905214 0
    outer loop
      vertex 50.5 16 34
      vertex 50.49260160095951 15.811698170253171 62
      vertex 50.5 16 62
    endloop
  endfacet
  facet normal -0.9992290362407236 -0.039259815759052505 0
    outer loop
      vertex 50.49260160095951 16.188301829746827 34
      vertex 50.5 16 62
      vertex 50.49260160095951 16.188301829746827 62
    endloop
  endfacet
  facet normal -0.9930684569549234 -0.11753739745786186 0
    outer loop
      vertex 50.47045201742833 16.375442716096554 34
      vertex 50.49260160095951 16.188301829746827 62
      vertex 50.47045201742833 16.375442716096554 62
    endloop
  endfacet
  facet normal -0.908143173825086 -0.4186597375374179 0
    outer loop
      vertex 50.238415658052084 17.08957719937491 34
      vertex 50.31731087802709 16.918440237676215 62
      vertex 50.238415658052084 17.08957719937491 62
    endloop
  endfacet
  facet normal -0.9807852804032328 -0.19509032201611695 0
    outer loop
      vertex 50.433687808954424 16.560268873254174 34
      vertex 50.47045201742833 16.375442716096554 62
      vertex 50.433687808954424 16.560268873254174 62
    endloop
  endfacet
  facet normal -0.9624552364536473 -0.2714404498650743 0
    outer loop
      vertex 50.38253563910837 16.741640786499875 34
      vertex 50.433687808954424 16.560268873254174 62
      vertex 50.38253563910837 16.741640786499875 62
    endloop
  endfacet
  facet normal -0.9381913359224798 -0.3461170570775046 0
    outer loop
      vertex 50.31731087802709 16.918440237676215 34
      vertex 50.38253563910837 16.741640786499875 62
      vertex 50.31731087802709 16.918440237676215 62
    endloop
  endfacet
  facet normal -0.7853169308807451 -0.6190939493098336 0
    outer loop
      vertex 49.924974317440075 17.558675315992442 34
      vertex 50.041640786499876 17.410684605501935 62
      vertex 49.924974317440075 17.558675315992442 62
    endloop
  endfacet
  facet normal -0.8314696123025387 -0.5555702330196121 0
    outer loop
      vertex 50.041640786499876 17.410684605501935 34
      vertex 50.146336394449825 17.253996555318277 62
      vertex 50.041640786499876 17.410684605501935 62
    endloop
  endfacet
  facet normal -0.8724960070728057 -0.4886212414969394 0
    outer loop
      vertex 50.146336394449825 17.253996555318277 34
      vertex 50.238415658052084 17.08957719937491 62
      vertex 50.146336394449825 17.253996555318277 62
    endloop
  endfacet
  facet normal -0.7343225094356762 -0.6788007455329518 0
    outer loop
      vertex 49.79705627484771 17.697056274847714 34
      vertex 49.924974317440075 17.558675315992442 62
      vertex 49.79705627484771 17.697056274847714 62
    endloop
  endfacet
  facet normal -0.6788007455329416 -0.7343225094356857 0
    outer loop
      vertex 49.79705627484771 17.697056274847714 34
      vertex 49.79705627484771 17.697056274847714 62
      vertex 49.65867531599244 17.824974317440073 62
    endloop
  endfacet
  facet normal 0.6788007455329518 0.7343225094356763 0
    outer loop
      vertex 33.04132468400756 34.17502568255993 52
      vertex 32.90294372515229 34.30294372515229 52
      vertex 32.90294372515229 34.30294372515229 62
    endloop
  endfacet
  facet normal 0.4886212414969555 0.8724960070727967 0
    outer loop
      vertex 33.34600344468173 33.953663605550176 62
      vertex 33.510422800625086 33.86158434194792 52
      vertex 33.34600344468173 33.953663605550176 52
    endloop
  endfacet
  facet normal 0.6190939493098429 0.785316930880738 0
    outer loop
      vertex 33.04132468400756 34.17502568255993 62
      vertex 33.18931539449807 34.058359213500125 52
      vertex 33.04132468400756 34.17502568255993 52
    endloop
  endfacet
  facet normal 0.5555702330196033 0.8314696123025445 0
    outer loop
      vertex 33.18931539449807 34.058359213500125 62
      vertex 33.34600344468173 33.953663605550176 52
      vertex 33.18931539449807 34.058359213500125 52
    endloop
  endfacet
  facet normal 0.3461170570774985 0.938191335922482 0
    outer loop
      vertex 33.681559762323786 33.782689121972915 62
      vertex 33.85835921350013 33.71746436089163 52
      vertex 33.681559762323786 33.782689121972915 52
    endloop
  endfacet
  facet normal 0.41865973753741076 0.9081431738250894 0
    outer loop
      vertex 33.510422800625086 33.86158434194792 62
      vertex 33.681559762323786 33.782689121972915 52
      vertex 33.510422800625086 33.86158434194792 52
    endloop
  endfacet
  facet normal 0.27144044986507926 0.962455236453646 0
    outer loop
      vertex 33.85835921350013 33.71746436089163 62
      vertex 34.03973112674583 33.66631219104558 52
      vertex 33.85835921350013 33.71746436089163 52
    endloop
  endfacet
  facet normal 0.19509032201611334 0.9807852804032334 0
    outer loop
      vertex 34.03973112674583 33.66631219104558 62
      vertex 34.22455728390345 33.62954798257167 52
      vertex 34.03973112674583 33.66631219104558 52
    endloop
  endfacet
  facet normal 0.11753739745786405 0.9930684569549232 0
    outer loop
      vertex 34.22455728390345 33.62954798257167 62
      vertex 34.411698170253175 33.60739839904049 52
      vertex 34.22455728390345 33.62954798257167 52
    endloop
  endfacet
  facet normal 0.039259815759052505 0.9992290362407236 0
    outer loop
      vertex 34.411698170253175 33.60739839904049 62
      vertex 34.6 33.6 52
      vertex 34.411698170253175 33.60739839904049 52
    endloop
  endfacet
  facet normal 0.7343225094356763 0.6788007455329518 0
    outer loop
      vertex 32.77502568255993 34.44132468400756 62
      vertex 32.90294372515229 34.30294372515229 62
      vertex 32.90294372515229 34.30294372515229 52
    endloop
  endfacet
  facet normal 0.4886212414969555 0.8724960070727967 0
    outer loop
      vertex 33.34600344468173 33.953663605550176 62
      vertex 33.510422800625086 33.86158434194792 62
      vertex 33.510422800625086 33.86158434194792 52
    endloop
  endfacet
  facet normal 0.6190939493098429 0.785316930880738 0
    outer loop
      vertex 33.04132468400756 34.17502568255993 62
      vertex 33.18931539449807 34.058359213500125 62
      vertex 33.18931539449807 34.058359213500125 52
    endloop
  endfacet
  facet normal 0.6788007455329518 0.7343225094356763 0
    outer loop
      vertex 33.04132468400756 34.17502568255993 62
      vertex 33.04132468400756 34.17502568255993 52
      vertex 32.90294372515229 34.30294372515229 62
    endloop
  endfacet
  facet normal 0.5555702330196033 0.8314696123025445 0
    outer loop
      vertex 33.18931539449807 34.058359213500125 62
      vertex 33.34600344468173 33.953663605550176 62
      vertex 33.34600344468173 33.953663605550176 52
    endloop
  endfacet
  facet normal 0.41865973753741076 0.9081431738250894 0
    outer loop
      vertex 33.510422800625086 33.86158434194792 62
      vertex 33.681559762323786 33.782689121972915 62
      vertex 33.681559762323786 33.782689121972915 52
    endloop
  endfacet
  facet normal 0.3461170570774985 0.938191335922482 0
    outer loop
      vertex 33.681559762323786 33.782689121972915 62
      vertex 33.85835921350013 33.71746436089163 62
      vertex 33.85835921350013 33.71746436089163 52
    endloop
  endfacet
  facet normal 0.27144044986507926 0.962455236453646 0
    outer loop
      vertex 33.85835921350013 33.71746436089163 62
      vertex 34.03973112674583 33.66631219104558 62
      vertex 34.03973112674583 33.66631219104558 52
    endloop
  endfacet
  facet normal 0.19509032201611334 0.9807852804032334 0
    outer loop
      vertex 34.03973112674583 33.66631219104558 62
      vertex 34.22455728390345 33.62954798257167 62
      vertex 34.22455728390345 33.62954798257167 52
    endloop
  endfacet
  facet normal 0.11753739745786405 0.9930684569549232 0
    outer loop
      vertex 34.22455728390345 33.62954798257167 62
      vertex 34.411698170253175 33.60739839904049 62
      vertex 34.411698170253175 33.60739839904049 52
    endloop
  endfacet
  facet normal 0.039259815759052505 0.9992290362407236 0
    outer loop
      vertex 34.411698170253175 33.60739839904049 62
      vertex 34.6 33.6 62
      vertex 34.6 33.6 52
    endloop
  endfacet
  facet normal 0.9081431738250894 0.41865973753741076 0
    outer loop
      vertex 32.382689121972916 35.081559762323785 62
      vertex 32.46158434194792 34.910422800625085 52
      vertex 32.382689121972916 35.081559762323785 52
    endloop
  endfacet
  facet normal 0.938191335922482 0.3461170570774985 0
    outer loop
      vertex 32.317464360891634 35.25835921350013 62
      vertex 32.382689121972916 35.081559762323785 52
      vertex 32.317464360891634 35.25835921350013 52
    endloop
  endfacet
  facet normal 0.962455236453646 0.27144044986507926 0
    outer loop
      vertex 32.26631219104558 35.439731126745826 62
      vertex 32.317464360891634 35.25835921350013 52
      vertex 32.26631219104558 35.439731126745826 52
    endloop
  endfacet
  facet normal 0.9807852804032334 0.19509032201611334 0
    outer loop
      vertex 32.229547982571674 35.62455728390345 62
      vertex 32.26631219104558 35.439731126745826 52
      vertex 32.229547982571674 35.62455728390345 52
    endloop
  endfacet
  facet normal 0.9930684569549232 0.11753739745786405 0
    outer loop
      vertex 32.20739839904049 35.81169817025317 62
      vertex 32.229547982571674 35.62455728390345 52
      vertex 32.20739839904049 35.81169817025317 52
    endloop
  endfacet
  facet normal 0.9992290362407236 0.039259815759052505 0
    outer loop
      vertex 32.2 36 62
      vertex 32.20739839904049 35.81169817025317 52
      vertex 32.2 36 52
    endloop
  endfacet
  facet normal 0.9992290362407236 -0.039259815759052505 0
    outer loop
      vertex 32.20739839904049 36.18830182974683 62
      vertex 32.2 36 52
      vertex 32.20739839904049 36.18830182974683 52
    endloop
  endfacet
  facet normal 0.9930684569549232 -0.11753739745786405 0
    outer loop
      vertex 32.229547982571674 36.37544271609655 62
      vertex 32.20739839904049 36.18830182974683 52
      vertex 32.229547982571674 36.37544271609655 52
    endloop
  endfacet
  facet normal 0.9807852804032334 -0.19509032201611334 0
    outer loop
      vertex 32.26631219104558 36.560268873254174 62
      vertex 32.229547982571674 36.37544271609655 52
      vertex 32.26631219104558 36.560268873254174 52
    endloop
  endfacet
  facet normal 0.962455236453646 -0.27144044986507926 0
    outer loop
      vertex 32.317464360891634 36.74164078649987 62
      vertex 32.26631219104558 36.560268873254174 52
      vertex 32.317464360891634 36.74164078649987 52
    endloop
  endfacet
  facet normal 0.938191335922482 -0.3461170570774985 0
    outer loop
      vertex 32.382689121972916 36.918440237676215 62
      vertex 32.317464360891634 36.74164078649987 52
      vertex 32.382689121972916 36.918440237676215 52
    endloop
  endfacet
  facet normal 0.9081431738250894 -0.41865973753741076 0
    outer loop
      vertex 32.46158434194792 37.089577199374915 62
      vertex 32.382689121972916 36.918440237676215 52
      vertex 32.46158434194792 37.089577199374915 52
    endloop
  endfacet
  facet normal 0.785316930880738 0.6190939493098429 0
    outer loop
      vertex 32.65835921350013 34.589315394498065 62
      vertex 32.77502568255993 34.44132468400756 52
      vertex 32.65835921350013 34.589315394498065 52
    endloop
  endfacet
  facet normal 0.8314696123025445 0.5555702330196033 0
    outer loop
      vertex 32.55366360555018 34.746003444681726 62
      vertex 32.65835921350013 34.589315394498065 52
      vertex 32.55366360555018 34.746003444681726 52
    endloop
  endfacet
  facet normal 0.7343225094356763 0.6788007455329518 0
    outer loop
      vertex 32.77502568255993 34.44132468400756 62
      vertex 32.90294372515229 34.30294372515229 52
      vertex 32.77502568255993 34.44132468400756 52
    endloop
  endfacet
  facet normal 0.8724960070727967 0.4886212414969555 0
    outer loop
      vertex 32.46158434194792 34.910422800625085 62
      vertex 32.55366360555018 34.746003444681726 52
      vertex 32.46158434194792 34.910422800625085 52
    endloop
  endfacet
  facet normal 0.8724960070727967 -0.4886212414969555 0
    outer loop
      vertex 32.55366360555018 37.253996555318274 62
      vertex 32.46158434194792 37.089577199374915 52
      vertex 32.55366360555018 37.253996555318274 52
    endloop
  endfacet
  facet normal 0.8314696123025445 -0.5555702330196033 0
    outer loop
      vertex 32.65835921350013 37.410684605501935 62
      vertex 32.55366360555018 37.253996555318274 52
      vertex 32.65835921350013 37.410684605501935 52
    endloop
  endfacet
  facet normal 0.9081431738250894 0.41865973753741076 0
    outer loop
      vertex 32.382689121972916 35.081559762323785 62
      vertex 32.46158434194792 34.910422800625085 62
      vertex 32.46158434194792 34.910422800625085 52
    endloop
  endfacet
  facet normal 0.938191335922482 0.3461170570774985 0
    outer loop
      vertex 32.317464360891634 35.25835921350013 62
      vertex 32.382689121972916 35.081559762323785 62
      vertex 32.382689121972916 35.081559762323785 52
    endloop
  endfacet
  facet normal 0.962455236453646 0.27144044986507926 0
    outer loop
      vertex 32.26631219104558 35.439731126745826 62
      vertex 32.317464360891634 35.25835921350013 62
      vertex 32.317464360891634 35.25835921350013 52
    endloop
  endfacet
  facet normal 0.9807852804032334 0.19509032201611334 0
    outer loop
      vertex 32.229547982571674 35.62455728390345 62
      vertex 32.26631219104558 35.439731126745826 62
      vertex 32.26631219104558 35.439731126745826 52
    endloop
  endfacet
  facet normal 0.9930684569549232 0.11753739745786405 0
    outer loop
      vertex 32.20739839904049 35.81169817025317 62
      vertex 32.229547982571674 35.62455728390345 62
      vertex 32.229547982571674 35.62455728390345 52
    endloop
  endfacet
  facet normal 0.9992290362407236 0.039259815759052505 0
    outer loop
      vertex 32.2 36 62
      vertex 32.20739839904049 35.81169817025317 62
      vertex 32.20739839904049 35.81169817025317 52
    endloop
  endfacet
  facet normal 0.9992290362407236 -0.039259815759052505 0
    outer loop
      vertex 32.20739839904049 36.18830182974683 62
      vertex 32.2 36 62
      vertex 32.2 36 52
    endloop
  endfacet
  facet normal 0.9930684569549232 -0.11753739745786405 0
    outer loop
      vertex 32.229547982571674 36.37544271609655 62
      vertex 32.20739839904049 36.18830182974683 62
      vertex 32.20739839904049 36.18830182974683 52
    endloop
  endfacet
  facet normal 0.9807852804032334 -0.19509032201611334 0
    outer loop
      vertex 32.26631219104558 36.560268873254174 62
      vertex 32.229547982571674 36.37544271609655 62
      vertex 32.229547982571674 36.37544271609655 52
    endloop
  endfacet
  facet normal 0.962455236453646 -0.27144044986507926 0
    outer loop
      vertex 32.317464360891634 36.74164078649987 62
      vertex 32.26631219104558 36.560268873254174 62
      vertex 32.26631219104558 36.560268873254174 52
    endloop
  endfacet
  facet normal 0.938191335922482 -0.3461170570774985 0
    outer loop
      vertex 32.382689121972916 36.918440237676215 62
      vertex 32.317464360891634 36.74164078649987 62
      vertex 32.317464360891634 36.74164078649987 52
    endloop
  endfacet
  facet normal 0.9081431738250894 -0.41865973753741076 0
    outer loop
      vertex 32.46158434194792 37.089577199374915 62
      vertex 32.382689121972916 36.918440237676215 62
      vertex 32.382689121972916 36.918440237676215 52
    endloop
  endfacet
  facet normal 0.8314696123025445 0.5555702330196033 0
    outer loop
      vertex 32.55366360555018 34.746003444681726 62
      vertex 32.65835921350013 34.589315394498065 62
      vertex 32.65835921350013 34.589315394498065 52
    endloop
  endfacet
  facet normal 0.785316930880738 0.6190939493098429 0
    outer loop
      vertex 32.65835921350013 34.589315394498065 62
      vertex 32.77502568255993 34.44132468400756 62
      vertex 32.77502568255993 34.44132468400756 52
    endloop
  endfacet
  facet normal 0.8724960070727967 0.4886212414969555 0
    outer loop
      vertex 32.46158434194792 34.910422800625085 62
      vertex 32.55366360555018 34.746003444681726 62
      vertex 32.55366360555018 34.746003444681726 52
    endloop
  endfacet
  facet normal 0.8724960070727967 -0.4886212414969555 0
    outer loop
      vertex 32.55366360555018 37.253996555318274 62
      vertex 32.46158434194792 37.089577199374915 62
      vertex 32.46158434194792 37.089577199374915 52
    endloop
  endfacet
  facet normal 0.8314696123025445 -0.5555702330196033 0
    outer loop
      vertex 32.65835921350013 37.410684605501935 62
      vertex 32.55366360555018 37.253996555318274 62
      vertex 32.55366360555018 37.253996555318274 52
    endloop
  endfacet
  facet normal 0.785316930880738 -0.6190939493098429 0
    outer loop
      vertex 32.77502568255993 37.55867531599244 62
      vertex 32.65835921350013 37.410684605501935 62
      vertex 32.65835921350013 37.410684605501935 52
    endloop
  endfacet
  facet normal 0.785316930880738 -0.6190939493098429 0
    outer loop
      vertex 32.77502568255993 37.55867531599244 62
      vertex 32.65835921350013 37.410684605501935 52
      vertex 32.77502568255993 37.55867531599244 52
    endloop
  endfacet
  facet normal 0.7343225094356763 -0.6788007455329518 0
    outer loop
      vertex 32.90294372515229 37.69705627484771 62
      vertex 32.77502568255993 37.55867531599244 52
      vertex 32.90294372515229 37.69705627484771 52
    endloop
  endfacet
  facet normal 0.6788007455329518 -0.7343225094356763 0
    outer loop
      vertex 33.04132468400756 37.82497431744007 62
      vertex 32.90294372515229 37.69705627484771 52
      vertex 33.04132468400756 37.82497431744007 52
    endloop
  endfacet
  facet normal 0.6190939493098429 -0.785316930880738 0
    outer loop
      vertex 33.18931539449807 37.941640786499875 62
      vertex 33.04132468400756 37.82497431744007 52
      vertex 33.18931539449807 37.941640786499875 52
    endloop
  endfacet
  facet normal 0.5555702330196033 -0.8314696123025445 0
    outer loop
      vertex 33.34600344468173 38.046336394449824 62
      vertex 33.18931539449807 37.941640786499875 52
      vertex 33.34600344468173 38.046336394449824 52
    endloop
  endfacet
  facet normal 0.4886212414969555 -0.8724960070727967 0
    outer loop
      vertex 33.510422800625086 38.13841565805208 62
      vertex 33.34600344468173 38.046336394449824 52
      vertex 33.510422800625086 38.13841565805208 52
    endloop
  endfacet
  facet normal 0.41865973753741076 -0.9081431738250894 0
    outer loop
      vertex 33.681559762323786 38.217310878027085 62
      vertex 33.510422800625086 38.13841565805208 52
      vertex 33.681559762323786 38.217310878027085 52
    endloop
  endfacet
  facet normal 0.3461170570774985 -0.938191335922482 0
    outer loop
      vertex 33.85835921350013 38.28253563910837 62
      vertex 33.681559762323786 38.217310878027085 52
      vertex 33.85835921350013 38.28253563910837 52
    endloop
  endfacet
  facet normal 0.27144044986507926 -0.962455236453646 0
    outer loop
      vertex 34.03973112674583 38.33368780895442 62
      vertex 33.85835921350013 38.28253563910837 52
      vertex 34.03973112674583 38.33368780895442 52
    endloop
  endfacet
  facet normal 0.19509032201611334 -0.9807852804032334 0
    outer loop
      vertex 34.22455728390345 38.37045201742833 62
      vertex 34.03973112674583 38.33368780895442 52
      vertex 34.22455728390345 38.37045201742833 52
    endloop
  endfacet
  facet normal 0.11753739745786405 -0.9930684569549232 0
    outer loop
      vertex 34.411698170253175 38.39260160095951 62
      vertex 34.22455728390345 38.37045201742833 52
      vertex 34.411698170253175 38.39260160095951 52
    endloop
  endfacet
  facet normal 0.039259815759052505 -0.9992290362407236 0
    outer loop
      vertex 34.411698170253175 38.39260160095951 52
      vertex 34.6 38.4 52
      vertex 34.6 38.4 62
    endloop
  endfacet
  facet normal 0.7343225094356763 -0.6788007455329518 0
    outer loop
      vertex 32.90294372515229 37.69705627484771 62
      vertex 32.77502568255993 37.55867531599244 62
      vertex 32.77502568255993 37.55867531599244 52
    endloop
  endfacet
  facet normal 0.6788007455329518 -0.7343225094356763 0
    outer loop
      vertex 33.04132468400756 37.82497431744007 62
      vertex 32.90294372515229 37.69705627484771 62
      vertex 32.90294372515229 37.69705627484771 52
    endloop
  endfacet
  facet normal 0.6190939493098429 -0.785316930880738 0
    outer loop
      vertex 33.18931539449807 37.941640786499875 62
      vertex 33.04132468400756 37.82497431744007 62
      vertex 33.04132468400756 37.82497431744007 52
    endloop
  endfacet
  facet normal 0.5555702330196033 -0.8314696123025445 0
    outer loop
      vertex 33.34600344468173 38.046336394449824 62
      vertex 33.18931539449807 37.941640786499875 62
      vertex 33.18931539449807 37.941640786499875 52
    endloop
  endfacet
  facet normal 0.4886212414969555 -0.8724960070727967 0
    outer loop
      vertex 33.510422800625086 38.13841565805208 62
      vertex 33.34600344468173 38.046336394449824 62
      vertex 33.34600344468173 38.046336394449824 52
    endloop
  endfacet
  facet normal 0.41865973753741076 -0.9081431738250894 0
    outer loop
      vertex 33.681559762323786 38.217310878027085 62
      vertex 33.510422800625086 38.13841565805208 62
      vertex 33.510422800625086 38.13841565805208 52
    endloop
  endfacet
  facet normal 0.3461170570774985 -0.938191335922482 0
    outer loop
      vertex 33.85835921350013 38.28253563910837 62
      vertex 33.681559762323786 38.217310878027085 62
      vertex 33.681559762323786 38.217310878027085 52
    endloop
  endfacet
  facet normal 0.27144044986507926 -0.962455236453646 0
    outer loop
      vertex 34.03973112674583 38.33368780895442 62
      vertex 33.85835921350013 38.28253563910837 62
      vertex 33.85835921350013 38.28253563910837 52
    endloop
  endfacet
  facet normal 0.19509032201611334 -0.9807852804032334 0
    outer loop
      vertex 34.22455728390345 38.37045201742833 62
      vertex 34.03973112674583 38.33368780895442 62
      vertex 34.03973112674583 38.33368780895442 52
    endloop
  endfacet
  facet normal 0.11753739745786405 -0.9930684569549232 0
    outer loop
      vertex 34.411698170253175 38.39260160095951 62
      vertex 34.22455728390345 38.37045201742833 62
      vertex 34.22455728390345 38.37045201742833 52
    endloop
  endfacet
  facet normal 0.039259815759052505 -0.9992290362407236 0
    outer loop
      vertex 34.411698170253175 38.39260160095951 62
      vertex 34.411698170253175 38.39260160095951 52
      vertex 34.6 38.4 62
    endloop
  endfacet
  facet normal -0.039259815759052505 0.9992290362407236 0
    outer loop
      vertex 34.6 33.6 62
      vertex 34.78830182974683 33.60739839904049 52
      vertex 34.6 33.6 52
    endloop
  endfacet
  facet normal -0.11753739745786405 0.9930684569549232 0
    outer loop
      vertex 34.78830182974683 33.60739839904049 62
      vertex 34.97544271609655 33.62954798257167 52
      vertex 34.78830182974683 33.60739839904049 52
    endloop
  endfacet
  facet normal -0.19509032201611334 0.9807852804032334 0
    outer loop
      vertex 34.97544271609655 33.62954798257167 62
      vertex 35.160268873254175 33.66631219104558 52
      vertex 34.97544271609655 33.62954798257167 52
    endloop
  endfacet
  facet normal -0.27144044986507926 0.962455236453646 0
    outer loop
      vertex 35.160268873254175 33.66631219104558 62
      vertex 35.34164078649987 33.71746436089163 52
      vertex 35.160268873254175 33.66631219104558 52
    endloop
  endfacet
  facet normal -0.3461170570774985 0.938191335922482 0
    outer loop
      vertex 35.34164078649987 33.71746436089163 62
      vertex 35.51844023767622 33.782689121972915 52
      vertex 35.34164078649987 33.71746436089163 52
    endloop
  endfacet
  facet normal -0.41865973753741076 0.9081431738250894 0
    outer loop
      vertex 35.51844023767622 33.782689121972915 62
      vertex 35.68957719937492 33.86158434194792 52
      vertex 35.51844023767622 33.782689121972915 52
    endloop
  endfacet
  facet normal -0.4886212414969555 0.8724960070727967 0
    outer loop
      vertex 35.68957719937492 33.86158434194792 62
      vertex 35.853996555318275 33.953663605550176 52
      vertex 35.68957719937492 33.86158434194792 52
    endloop
  endfacet
  facet normal -0.5555702330196033 0.8314696123025445 0
    outer loop
      vertex 35.853996555318275 33.953663605550176 62
      vertex 36.010684605501936 34.058359213500125 52
      vertex 35.853996555318275 33.953663605550176 52
    endloop
  endfacet
  facet normal -0.6190939493098429 0.785316930880738 0
    outer loop
      vertex 36.010684605501936 34.058359213500125 62
      vertex 36.15867531599244 34.17502568255993 52
      vertex 36.010684605501936 34.058359213500125 52
    endloop
  endfacet
  facet normal -0.6788007455329518 0.7343225094356763 0
    outer loop
      vertex 36.15867531599244 34.17502568255993 62
      vertex 36.29705627484771 34.30294372515229 52
      vertex 36.15867531599244 34.17502568255993 52
    endloop
  endfacet
  facet normal -0.7343225094356763 0.6788007455329518 0
    outer loop
      vertex 36.29705627484771 34.30294372515229 52
      vertex 36.29705627484771 34.30294372515229 62
      vertex 36.424974317440075 34.44132468400756 52
    endloop
  endfacet
  facet normal -0.039259815759052505 0.9992290362407236 0
    outer loop
      vertex 34.6 33.6 62
      vertex 34.78830182974683 33.60739839904049 62
      vertex 34.78830182974683 33.60739839904049 52
    endloop
  endfacet
  facet normal -0.11753739745786405 0.9930684569549232 0
    outer loop
      vertex 34.78830182974683 33.60739839904049 62
      vertex 34.97544271609655 33.62954798257167 62
      vertex 34.97544271609655 33.62954798257167 52
    endloop
  endfacet
  facet normal -0.19509032201611334 0.9807852804032334 0
    outer loop
      vertex 34.97544271609655 33.62954798257167 62
      vertex 35.160268873254175 33.66631219104558 62
      vertex 35.160268873254175 33.66631219104558 52
    endloop
  endfacet
  facet normal -0.27144044986507926 0.962455236453646 0
    outer loop
      vertex 35.160268873254175 33.66631219104558 62
      vertex 35.34164078649987 33.71746436089163 62
      vertex 35.34164078649987 33.71746436089163 52
    endloop
  endfacet
  facet normal -0.3461170570774985 0.938191335922482 0
    outer loop
      vertex 35.34164078649987 33.71746436089163 62
      vertex 35.51844023767622 33.782689121972915 62
      vertex 35.51844023767622 33.782689121972915 52
    endloop
  endfacet
  facet normal -0.41865973753741076 0.9081431738250894 0
    outer loop
      vertex 35.51844023767622 33.782689121972915 62
      vertex 35.68957719937492 33.86158434194792 62
      vertex 35.68957719937492 33.86158434194792 52
    endloop
  endfacet
  facet normal -0.4886212414969555 0.8724960070727967 0
    outer loop
      vertex 35.68957719937492 33.86158434194792 62
      vertex 35.853996555318275 33.953663605550176 62
      vertex 35.853996555318275 33.953663605550176 52
    endloop
  endfacet
  facet normal -0.5555702330196033 0.8314696123025445 0
    outer loop
      vertex 35.853996555318275 33.953663605550176 62
      vertex 36.010684605501936 34.058359213500125 62
      vertex 36.010684605501936 34.058359213500125 52
    endloop
  endfacet
  facet normal -0.6190939493098429 0.785316930880738 0
    outer loop
      vertex 36.010684605501936 34.058359213500125 62
      vertex 36.15867531599244 34.17502568255993 62
      vertex 36.15867531599244 34.17502568255993 52
    endloop
  endfacet
  facet normal -0.6788007455329518 0.7343225094356763 0
    outer loop
      vertex 36.15867531599244 34.17502568255993 62
      vertex 36.29705627484771 34.30294372515229 62
      vertex 36.29705627484771 34.30294372515229 52
    endloop
  endfacet
  facet normal -0.785316930880738 0.6190939493098429 0
    outer loop
      vertex 36.424974317440075 34.44132468400756 62
      vertex 36.541640786499876 34.589315394498065 52
      vertex 36.424974317440075 34.44132468400756 52
    endloop
  endfacet
  facet normal -0.8314696123025445 0.5555702330196033 0
    outer loop
      vertex 36.541640786499876 34.589315394498065 62
      vertex 36.646336394449825 34.746003444681726 52
      vertex 36.541640786499876 34.589315394498065 52
    endloop
  endfacet
  facet normal -0.8724960070727967 0.4886212414969555 0
    outer loop
      vertex 36.646336394449825 34.746003444681726 62
      vertex 36.738415658052084 34.910422800625085 52
      vertex 36.646336394449825 34.746003444681726 52
    endloop
  endfacet
  facet normal -0.8724960070727967 -0.4886212414969555 0
    outer loop
      vertex 36.738415658052084 37.089577199374915 62
      vertex 36.646336394449825 37.253996555318274 52
      vertex 36.738415658052084 37.089577199374915 52
    endloop
  endfacet
  facet normal -0.8314696123025445 -0.5555702330196033 0
    outer loop
      vertex 36.646336394449825 37.253996555318274 62
      vertex 36.541640786499876 37.410684605501935 52
      vertex 36.646336394449825 37.253996555318274 52
    endloop
  endfacet
  facet normal -0.785316930880738 -0.6190939493098429 0
    outer loop
      vertex 36.541640786499876 37.410684605501935 62
      vertex 36.424974317440075 37.55867531599244 52
      vertex 36.541640786499876 37.410684605501935 52
    endloop
  endfacet
  facet normal -0.9081431738250894 0.41865973753741076 0
    outer loop
      vertex 36.738415658052084 34.910422800625085 62
      vertex 36.81731087802709 35.081559762323785 52
      vertex 36.738415658052084 34.910422800625085 52
    endloop
  endfacet
  facet normal -0.938191335922482 0.3461170570774985 0
    outer loop
      vertex 36.81731087802709 35.081559762323785 62
      vertex 36.88253563910837 35.25835921350013 52
      vertex 36.81731087802709 35.081559762323785 52
    endloop
  endfacet
  facet normal -0.962455236453646 0.27144044986507926 0
    outer loop
      vertex 36.88253563910837 35.25835921350013 62
      vertex 36.933687808954424 35.439731126745826 52
      vertex 36.88253563910837 35.25835921350013 52
    endloop
  endfacet
  facet normal -0.9807852804032334 0.19509032201611334 0
    outer loop
      vertex 36.933687808954424 35.439731126745826 62
      vertex 36.97045201742833 35.62455728390345 52
      vertex 36.933687808954424 35.439731126745826 52
    endloop
  endfacet
  facet normal -0.9930684569549232 0.11753739745786405 0
    outer loop
      vertex 36.97045201742833 35.62455728390345 62
      vertex 36.99260160095951 35.81169817025317 52
      vertex 36.97045201742833 35.62455728390345 52
    endloop
  endfacet
  facet normal -0.9992290362407236 0.039259815759052505 0
    outer loop
      vertex 36.99260160095951 35.81169817025317 62
      vertex 37 36 52
      vertex 36.99260160095951 35.81169817025317 52
    endloop
  endfacet
  facet normal -0.9992290362407236 -0.039259815759052505 0
    outer loop
      vertex 37 36 62
      vertex 36.99260160095951 36.18830182974683 52
      vertex 37 36 52
    endloop
  endfacet
  facet normal -0.9930684569549232 -0.11753739745786405 0
    outer loop
      vertex 36.99260160095951 36.18830182974683 62
      vertex 36.97045201742833 36.37544271609655 52
      vertex 36.99260160095951 36.18830182974683 52
    endloop
  endfacet
  facet normal -0.9807852804032334 -0.19509032201611334 0
    outer loop
      vertex 36.97045201742833 36.37544271609655 62
      vertex 36.933687808954424 36.560268873254174 52
      vertex 36.97045201742833 36.37544271609655 52
    endloop
  endfacet
  facet normal -0.962455236453646 -0.27144044986507926 0
    outer loop
      vertex 36.933687808954424 36.560268873254174 62
      vertex 36.88253563910837 36.74164078649987 52
      vertex 36.933687808954424 36.560268873254174 52
    endloop
  endfacet
  facet normal -0.938191335922482 -0.3461170570774985 0
    outer loop
      vertex 36.88253563910837 36.74164078649987 62
      vertex 36.81731087802709 36.918440237676215 52
      vertex 36.88253563910837 36.74164078649987 52
    endloop
  endfacet
  facet normal -0.9081431738250894 -0.41865973753741076 0
    outer loop
      vertex 36.81731087802709 36.918440237676215 62
      vertex 36.738415658052084 37.089577199374915 52
      vertex 36.81731087802709 36.918440237676215 52
    endloop
  endfacet
  facet normal -0.7343225094356763 0.6788007455329518 0
    outer loop
      vertex 36.29705627484771 34.30294372515229 62
      vertex 36.424974317440075 34.44132468400756 62
      vertex 36.424974317440075 34.44132468400756 52
    endloop
  endfacet
  facet normal -0.785316930880738 0.6190939493098429 0
    outer loop
      vertex 36.424974317440075 34.44132468400756 62
      vertex 36.541640786499876 34.589315394498065 62
      vertex 36.541640786499876 34.589315394498065 52
    endloop
  endfacet
  facet normal -0.8314696123025445 0.5555702330196033 0
    outer loop
      vertex 36.541640786499876 34.589315394498065 62
      vertex 36.646336394449825 34.746003444681726 62
      vertex 36.646336394449825 34.746003444681726 52
    endloop
  endfacet
  facet normal -0.8724960070727967 0.4886212414969555 0
    outer loop
      vertex 36.646336394449825 34.746003444681726 62
      vertex 36.738415658052084 34.910422800625085 62
      vertex 36.738415658052084 34.910422800625085 52
    endloop
  endfacet
  facet normal -0.8724960070727967 -0.4886212414969555 0
    outer loop
      vertex 36.738415658052084 37.089577199374915 62
      vertex 36.646336394449825 37.253996555318274 62
      vertex 36.646336394449825 37.253996555318274 52
    endloop
  endfacet
  facet normal -0.8314696123025445 -0.5555702330196033 0
    outer loop
      vertex 36.646336394449825 37.253996555318274 62
      vertex 36.541640786499876 37.410684605501935 62
      vertex 36.541640786499876 37.410684605501935 52
    endloop
  endfacet
  facet normal -0.9081431738250894 0.41865973753741076 0
    outer loop
      vertex 36.738415658052084 34.910422800625085 62
      vertex 36.81731087802709 35.081559762323785 62
      vertex 36.81731087802709 35.081559762323785 52
    endloop
  endfacet
  facet normal -0.938191335922482 0.3461170570774985 0
    outer loop
      vertex 36.81731087802709 35.081559762323785 62
      vertex 36.88253563910837 35.25835921350013 62
      vertex 36.88253563910837 35.25835921350013 52
    endloop
  endfacet
  facet normal -0.962455236453646 0.27144044986507926 0
    outer loop
      vertex 36.88253563910837 35.25835921350013 62
      vertex 36.933687808954424 35.439731126745826 62
      vertex 36.933687808954424 35.439731126745826 52
    endloop
  endfacet
  facet normal -0.9807852804032334 0.19509032201611334 0
    outer loop
      vertex 36.933687808954424 35.439731126745826 62
      vertex 36.97045201742833 35.62455728390345 62
      vertex 36.97045201742833 35.62455728390345 52
    endloop
  endfacet
  facet normal -0.9930684569549232 0.11753739745786405 0
    outer loop
      vertex 36.97045201742833 35.62455728390345 62
      vertex 36.99260160095951 35.81169817025317 62
      vertex 36.99260160095951 35.81169817025317 52
    endloop
  endfacet
  facet normal -0.9992290362407236 0.039259815759052505 0
    outer loop
      vertex 36.99260160095951 35.81169817025317 62
      vertex 37 36 62
      vertex 37 36 52
    endloop
  endfacet
  facet normal -0.9992290362407236 -0.039259815759052505 0
    outer loop
      vertex 37 36 62
      vertex 36.99260160095951 36.18830182974683 62
      vertex 36.99260160095951 36.18830182974683 52
    endloop
  endfacet
  facet normal -0.9930684569549232 -0.11753739745786405 0
    outer loop
      vertex 36.99260160095951 36.18830182974683 62
      vertex 36.97045201742833 36.37544271609655 62
      vertex 36.97045201742833 36.37544271609655 52
    endloop
  endfacet
  facet normal -0.9807852804032334 -0.19509032201611334 0
    outer loop
      vertex 36.97045201742833 36.37544271609655 62
      vertex 36.933687808954424 36.560268873254174 62
      vertex 36.933687808954424 36.560268873254174 52
    endloop
  endfacet
  facet normal -0.962455236453646 -0.27144044986507926 0
    outer loop
      vertex 36.933687808954424 36.560268873254174 62
      vertex 36.88253563910837 36.74164078649987 62
      vertex 36.88253563910837 36.74164078649987 52
    endloop
  endfacet
  facet normal -0.938191335922482 -0.3461170570774985 0
    outer loop
      vertex 36.88253563910837 36.74164078649987 62
      vertex 36.81731087802709 36.918440237676215 62
      vertex 36.81731087802709 36.918440237676215 52
    endloop
  endfacet
  facet normal -0.9081431738250894 -0.41865973753741076 0
    outer loop
      vertex 36.81731087802709 36.918440237676215 62
      vertex 36.738415658052084 37.089577199374915 62
      vertex 36.738415658052084 37.089577199374915 52
    endloop
  endfacet
  facet normal -0.3461170570774985 -0.938191335922482 0
    outer loop
      vertex 35.51844023767622 38.217310878027085 62
      vertex 35.34164078649987 38.28253563910837 52
      vertex 35.51844023767622 38.217310878027085 52
    endloop
  endfacet
  facet normal -0.41865973753741076 -0.9081431738250894 0
    outer loop
      vertex 35.68957719937492 38.13841565805208 62
      vertex 35.51844023767622 38.217310878027085 52
      vertex 35.68957719937492 38.13841565805208 52
    endloop
  endfacet
  facet normal -0.039259815759052505 -0.9992290362407236 0
    outer loop
      vertex 34.78830182974683 38.39260160095951 62
      vertex 34.6 38.4 52
      vertex 34.78830182974683 38.39260160095951 52
    endloop
  endfacet
  facet normal -0.11753739745786405 -0.9930684569549232 0
    outer loop
      vertex 34.97544271609655 38.37045201742833 62
      vertex 34.78830182974683 38.39260160095951 52
      vertex 34.97544271609655 38.37045201742833 52
    endloop
  endfacet
  facet normal -0.19509032201611334 -0.9807852804032334 0
    outer loop
      vertex 35.160268873254175 38.33368780895442 62
      vertex 34.97544271609655 38.37045201742833 52
      vertex 35.160268873254175 38.33368780895442 52
    endloop
  endfacet
  facet normal -0.27144044986507926 -0.962455236453646 0
    outer loop
      vertex 35.34164078649987 38.28253563910837 62
      vertex 35.160268873254175 38.33368780895442 52
      vertex 35.34164078649987 38.28253563910837 52
    endloop
  endfacet
  facet normal -0.6190939493098429 -0.785316930880738 0
    outer loop
      vertex 36.15867531599244 37.82497431744007 62
      vertex 36.010684605501936 37.941640786499875 52
      vertex 36.15867531599244 37.82497431744007 52
    endloop
  endfacet
  facet normal -0.4886212414969555 -0.8724960070727967 0
    outer loop
      vertex 35.853996555318275 38.046336394449824 62
      vertex 35.68957719937492 38.13841565805208 52
      vertex 35.853996555318275 38.046336394449824 52
    endloop
  endfacet
  facet normal -0.5555702330196033 -0.8314696123025445 0
    outer loop
      vertex 36.010684605501936 37.941640786499875 62
      vertex 35.853996555318275 38.046336394449824 52
      vertex 36.010684605501936 37.941640786499875 52
    endloop
  endfacet
  facet normal -0.7343225094356763 -0.6788007455329518 0
    outer loop
      vertex 36.424974317440075 37.55867531599244 62
      vertex 36.29705627484771 37.69705627484771 52
      vertex 36.424974317440075 37.55867531599244 52
    endloop
  endfacet
  facet normal -0.6788007455329518 -0.7343225094356763 0
    outer loop
      vertex 36.29705627484771 37.69705627484771 62
      vertex 36.15867531599244 37.82497431744007 52
      vertex 36.29705627484771 37.69705627484771 52
    endloop
  endfacet
  facet normal -0.3461170570774985 -0.938191335922482 0
    outer loop
      vertex 35.51844023767622 38.217310878027085 62
      vertex 35.34164078649987 38.28253563910837 62
      vertex 35.34164078649987 38.28253563910837 52
    endloop
  endfacet
  facet normal -0.41865973753741076 -0.9081431738250894 0
    outer loop
      vertex 35.68957719937492 38.13841565805208 62
      vertex 35.51844023767622 38.217310878027085 62
      vertex 35.51844023767622 38.217310878027085 52
    endloop
  endfacet
  facet normal -0.039259815759052505 -0.9992290362407236 0
    outer loop
      vertex 34.78830182974683 38.39260160095951 62
      vertex 34.6 38.4 62
      vertex 34.6 38.4 52
    endloop
  endfacet
  facet normal -0.11753739745786405 -0.9930684569549232 0
    outer loop
      vertex 34.97544271609655 38.37045201742833 62
      vertex 34.78830182974683 38.39260160095951 62
      vertex 34.78830182974683 38.39260160095951 52
    endloop
  endfacet
  facet normal -0.19509032201611334 -0.9807852804032334 0
    outer loop
      vertex 35.160268873254175 38.33368780895442 62
      vertex 34.97544271609655 38.37045201742833 62
      vertex 34.97544271609655 38.37045201742833 52
    endloop
  endfacet
  facet normal -0.27144044986507926 -0.962455236453646 0
    outer loop
      vertex 35.34164078649987 38.28253563910837 62
      vertex 35.160268873254175 38.33368780895442 62
      vertex 35.160268873254175 38.33368780895442 52
    endloop
  endfacet
  facet normal -0.6788007455329518 -0.7343225094356763 0
    outer loop
      vertex 36.29705627484771 37.69705627484771 62
      vertex 36.15867531599244 37.82497431744007 62
      vertex 36.15867531599244 37.82497431744007 52
    endloop
  endfacet
  facet normal -0.5555702330196033 -0.8314696123025445 0
    outer loop
      vertex 36.010684605501936 37.941640786499875 62
      vertex 35.853996555318275 38.046336394449824 62
      vertex 35.853996555318275 38.046336394449824 52
    endloop
  endfacet
  facet normal -0.4886212414969555 -0.8724960070727967 0
    outer loop
      vertex 35.853996555318275 38.046336394449824 62
      vertex 35.68957719937492 38.13841565805208 62
      vertex 35.68957719937492 38.13841565805208 52
    endloop
  endfacet
  facet normal -0.6190939493098429 -0.785316930880738 0
    outer loop
      vertex 36.15867531599244 37.82497431744007 62
      vertex 36.010684605501936 37.941640786499875 62
      vertex 36.010684605501936 37.941640786499875 52
    endloop
  endfacet
  facet normal -0.7343225094356763 -0.6788007455329518 0
    outer loop
      vertex 36.424974317440075 37.55867531599244 62
      vertex 36.29705627484771 37.69705627484771 62
      vertex 36.29705627484771 37.69705627484771 52
    endloop
  endfacet
  facet normal -0.785316930880738 -0.6190939493098429 0
    outer loop
      vertex 36.541640786499876 37.410684605501935 62
      vertex 36.424974317440075 37.55867531599244 62
      vertex 36.424974317440075 37.55867531599244 52
    endloop
  endfacet
  facet normal -1 0 0
    outer loop
      vertex 0 24.8 8
      vertex 0 10.8 0
      vertex 0 10.8 8
    endloop
  endfacet
  facet normal 0 -1 0
    outer loop
      vertex 0 10.8 0
      vertex 69.2 10.8 8
      vertex 0 10.8 8
    endloop
  endfacet
  facet normal 0 0 1
    outer loop
      vertex 69.2 10.8 8
      vertex 0 24.8 8
      vertex 0 10.8 8
    endloop
  endfacet
  facet normal -1 0 0
    outer loop
      vertex 0 10.8 0
      vertex 0 24.8 8
      vertex 0 24.8 0
    endloop
  endfacet
  facet normal 0 0 -1
    outer loop
      vertex 69.2 24.8 0
      vertex 0 10.8 0
      vertex 0 24.8 0
    endloop
  endfacet
  facet normal 0 1 0
    outer loop
      vertex 0 24.8 8
      vertex 69.2 24.8 0
      vertex 0 24.8 0
    endloop
  endfacet
  facet normal 0 -1 0
    outer loop
      vertex 69.2 10.8 8
      vertex 0 10.8 0
      vertex 69.2 10.8 0
    endloop
  endfacet
  facet normal 0 0 -1
    outer loop
      vertex 0 10.8 0
      vertex 69.2 24.8 0
      vertex 69.2 10.8 0
    endloop
  endfacet
  facet normal 1 0 0
    outer loop
      vertex 69.2 24.8 0
      vertex 69.2 10.8 8
      vertex 69.2 10.8 0
    endloop
  endfacet
  facet normal 0 0 1
    outer loop
      vertex 0 24.8 8
      vertex 69.2 10.8 8
      vertex 69.2 24.8 8
    endloop
  endfacet
  facet normal 0 1 0
    outer loop
      vertex 69.2 24.8 0
      vertex 0 24.8 8
      vertex 69.2 24.8 8
    endloop
  endfacet
  facet normal 1 0 0
    outer loop
      vertex 69.2 10.8 8
      vertex 69.2 24.8 0
      vertex 69.2 24.8 8
    endloop
  endfacet
  facet normal -1 0 0
    outer loop
      vertex 0 14 8
      vertex 0 0 0
      vertex 0 0 8
    endloop
  endfacet
  facet normal 0 -1 0
    outer loop
      vertex 0 0 0
      vertex 69.2 0 8
      vertex 0 0 8
    endloop
  endfacet
  facet normal 0 0 1
    outer loop
      vertex 69.2 0 8
      vertex 0 14 8
      vertex 0 0 8
    endloop
  endfacet
  facet normal -1 0 0
    outer loop
      vertex 0 0 0
      vertex 0 14 8
      vertex 0 14 0
    endloop
  endfacet
  facet normal 0 0 -1
    outer loop
      vertex 69.2 14 0
      vertex 0 0 0
      vertex 0 14 0
    endloop
  endfacet
  facet normal 0 1 0
    outer loop
      vertex 0 14 8
      vertex 69.2 14 0
      vertex 0 14 0
    endloop
  endfacet
  facet normal 0 -1 0
    outer loop
      vertex 69.2 0 8
      vertex 0 0 0
      vertex 69.2 0 0
    endloop
  endfacet
  facet normal 0 0 -1
    outer loop
      vertex 0 0 0
      vertex 69.2 14 0
      vertex 69.2 0 0
    endloop
  endfacet
  facet normal 1 0 0
    outer loop
      vertex 69.2 14 0
      vertex 69.2 0 8
      vertex 69.2 0 0
    endloop
  endfacet
  facet normal 0 0 1
    outer loop
      vertex 0 14 8
      vertex 69.2 0 8
      vertex 69.2 14 8
    endloop
  endfacet
  facet normal 0 1 0
    outer loop
      vertex 69.2 14 0
      vertex 0 14 8
      vertex 69.2 14 8
    endloop
  endfacet
  facet normal 1 0 0
    outer loop
      vertex 69.2 0 8
      vertex 69.2 14 0
      vertex 69.2 14 8
    endloop
  endfacet
endsolid OpenSCAD_Model
