solid OpenSCAD_Model
  facet normal -0.7071067811865476 0.7071067811865476 1.2737989217966805e-15
    outer loop
      vertex 21.11111111111111 640.6776695296637 20
      vertex -7.6776695296636905 611.8888888888889 20
      vertex 7.777380962503532 627.3439393810561 47.401923788646684
    endloop
  endfacet
  facet normal -0.7071067811865472 0.7071067811865478 0
    outer loop
      vertex 21.11111111111111 640.6776695296637 20
      vertex 8.553838097811095 628.1203965163637 48.5
      vertex 21.11111111111111 640.6776695296637 80
    endloop
  endfacet
  facet normal -0.7071067811865585 0.7071067811865367 -1.0883109070117788e-14
    outer loop
      vertex 21.11111111111111 640.6776695296637 20
      vertex 7.872074655597782 627.4386330741504 47.48398829616373
      vertex 7.963601604056072 627.5301600226087 47.57294901687516
    endloop
  endfacet
  facet normal -0.7071067811865585 0.7071067811865366 0
    outer loop
      vertex 21.11111111111111 640.6776695296637 20
      vertex 7.963601604056072 627.5301600226087 47.57294901687516
      vertex 8.05171093887464 627.6182693574273 47.668562115629086
    endloop
  endfacet
  facet normal -0.7071067811863065 0.7071067811867886 2.2459730949140243e-13
    outer loop
      vertex 21.11111111111111 640.6776695296637 20
      vertex 8.05171093887464 627.6182693574273 47.668562115629086
      vertex 8.136161158491158 627.7027195770437 47.77056552356782
    endloop
  endfacet
  facet normal -0.7071067811865475 0.7071067811865475 0
    outer loop
      vertex 21.11111111111111 640.6776695296637 20
      vertex 8.216720790723713 627.7832792092763 47.878679656440355
      vertex 8.29316902721999 627.8597274457726 47.992608180923426
    endloop
  endfacet
  facet normal -0.7071067811867242 0.7071067811863708 -1.6011659442503593e-13
    outer loop
      vertex 21.11111111111111 640.6776695296637 20
      vertex 8.136161158491158 627.7027195770437 47.77056552356782
      vertex 8.216720790723713 627.7832792092763 47.878679656440355
    endloop
  endfacet
  facet normal -0.7071067811865476 0.7071067811865476 -5.6613596198246696e-15
    outer loop
      vertex 21.11111111111111 640.6776695296637 20
      vertex 8.29316902721999 627.8597274457726 47.992608180923426
      vertex 8.365296328677601 627.9318547472302 48.11203882685049
    endloop
  endfacet
  facet normal -0.7071067811867164 0.7071067811863787 -1.63435346667997e-13
    outer loop
      vertex 21.11111111111111 640.6776695296637 20
      vertex 7.777380962503532 627.3439393810561 47.401923788646684
      vertex 7.872074655597782 627.4386330741504 47.48398829616373
    endloop
  endfacet
  facet normal -0.7071067811863978 0.7071067811866973 1.3249060298045907e-13
    outer loop
      vertex 21.11111111111111 640.6776695296637 20
      vertex 8.365296328677601 627.9318547472302 48.11203882685049
      vertex 8.432904999176765 627.9994634177293 48.23664424312258
    endloop
  endfacet
  facet normal -0.7071067811867705 0.7071067811863246 -1.988363213311096e-13
    outer loop
      vertex 21.11111111111111 640.6776695296637 20
      vertex 8.495809728051059 628.0623681466036 48.36608289495492
      vertex 8.553838097811095 628.1203965163637 48.5
    endloop
  endfacet
  facet normal -0.7071067811865299 0.7071067811865652 1.7643200390208134e-14
    outer loop
      vertex 21.11111111111111 640.6776695296637 20
      vertex 8.432904999176765 627.9994634177293 48.23664424312258
      vertex 8.495809728051059 628.0623681466036 48.36608289495492
    endloop
  endfacet
  facet normal -0.7071067811863808 0.7071067811867143 -1.905753760929049e-13
    outer loop
      vertex -7.6776695296636905 611.8888888888889 20
      vertex 7.0485684038474234 626.6151268224 47.03693497821459
      vertex 7.157768090119306 626.7243265086719 47.06555719779858
    endloop
  endfacet
  facet normal -0.7071067811866553 0.7071067811864399 1.1747365564045565e-13
    outer loop
      vertex -7.6776695296636905 611.8888888888889 20
      vertex 7.372244827396943 626.9388032459495 47.14683045111454
      vertex 7.476934012573913 627.0434924311265 47.199258720508396
    endloop
  endfacet
  facet normal -0.7071067811864027 0.7071067811866925 -1.5393826323542728e-13
    outer loop
      vertex -7.6776695296636905 611.8888888888889 20
      vertex 7.26575889640037 626.832317314953 47.102222521132795
      vertex 7.372244827396943 626.9388032459495 47.14683045111454
    endloop
  endfacet
  facet normal -0.7071067811867842 0.707106781186311 2.7034085703240964e-13
    outer loop
      vertex -7.6776695296636905 611.8888888888889 20
      vertex 7.157768090119306 626.7243265086719 47.06555719779858
      vertex 7.26575889640037 626.832317314953 47.102222521132795
    endloop
  endfacet
  facet normal -0.7071067811865638 0.7071067811865311 1.0883109070117872e-14
    outer loop
      vertex -7.6776695296636905 611.8888888888889 20
      vertex 5.469839977391351 625.0363983959439 47.57294901687516
      vertex 5.561366925849642 625.1279253444022 47.48398829616373
    endloop
  endfacet
  facet normal -0.707106781186553 0.7071067811865421 0
    outer loop
      vertex -7.6776695296636905 611.8888888888889 20
      vertex 5.381730642572782 624.9482890611254 47.668562115629086
      vertex 5.469839977391351 625.0363983959439 47.57294901687516
    endloop
  endfacet
  facet normal -0.7071067811866187 0.7071067811864763 6.573579789989566e-14
    outer loop
      vertex -7.6776695296636905 611.8888888888889 20
      vertex 5.297280422956266 624.8638388415088 47.77056552356782
      vertex 5.381730642572782 624.9482890611254 47.668562115629086
    endloop
  endfacet
  facet normal -0.707106781186426 0.707106781186669 -1.159464994112836e-13
    outer loop
      vertex -7.6776695296636905 611.8888888888889 20
      vertex 5.216720790723713 624.7832792092763 47.878679656440355
      vertex 5.297280422956266 624.8638388415088 47.77056552356782
    endloop
  endfacet
  facet normal -0.7071067811865419 0.7071067811865531 -5.582062907563151e-15
    outer loop
      vertex -7.6776695296636905 611.8888888888889 20
      vertex 5.140272554227434 624.70683097278 47.992608180923426
      vertex 5.216720790723713 624.7832792092763 47.878679656440355
    endloop
  endfacet
  facet normal -0.7071067811865476 0.7071067811865476 0
    outer loop
      vertex -7.6776695296636905 611.8888888888889 20
      vertex 5.068145252769821 624.6347036713224 48.11203882685049
      vertex 5.140272554227434 624.70683097278 47.992608180923426
    endloop
  endfacet
  facet normal -0.7071067811866398 0.7071067811864552 9.847613323489103e-14
    outer loop
      vertex -7.6776695296636905 611.8888888888889 20
      vertex 6.384873177600001 625.9514315961526 47.03693497821459
      vertex 6.494982435113013 626.0615408536656 47.01643431389518
    endloop
  endfacet
  facet normal -0.7071067811867212 0.7071067811863737 1.8570087301873967e-13
    outer loop
      vertex -7.6776695296636905 611.8888888888889 20
      vertex 6.275673491328116 625.8422319098806 47.06555719779858
      vertex 6.384873177600001 625.9514315961526 47.03693497821459
    endloop
  endfacet
  facet normal -0.7071067811864012 0.7071067811866938 -1.5214343646481806e-13
    outer loop
      vertex -7.6776695296636905 611.8888888888889 20
      vertex 6.167682685047054 625.7342411035996 47.102222521132795
      vertex 6.275673491328116 625.8422319098806 47.06555719779858
    endloop
  endfacet
  facet normal -0.7071067811864558 0.7071067811866393 -9.177796916525585e-14
    outer loop
      vertex -7.6776695296636905 611.8888888888889 20
      vertex 6.0611967540504805 625.6277551726031 47.14683045111454
      vertex 6.167682685047054 625.7342411035996 47.102222521132795
    endloop
  endfacet
  facet normal -0.7071067811865189 0.7071067811865761 -2.1447931836471248e-14
    outer loop
      vertex -7.6776695296636905 611.8888888888889 20
      vertex 6.827742119401516 626.3943005379541 47.00411139573628
      vertex 6.938459146334412 626.505017564887 47.01643431389518
    endloop
  endfacet
  facet normal -0.7071067811865134 0.7071067811865818 -4.103706527581214e-14
    outer loop
      vertex -7.6776695296636905 611.8888888888889 20
      vertex 6.716720790723712 626.2832792092763 47
      vertex 6.827742119401516 626.3943005379541 47.00411139573628
    endloop
  endfacet
  facet normal -0.7071067811865146 0.7071067811865803 -3.287337539022575e-14
    outer loop
      vertex -7.6776695296636905 611.8888888888889 20
      vertex 6.605699462045907 626.1722578805985 47.00411139573628
      vertex 6.716720790723712 626.2832792092763 47
    endloop
  endfacet
  facet normal -0.7071067811865349 0.7071067811865602 -6.348160820859692e-15
    outer loop
      vertex -7.6776695296636905 611.8888888888889 20
      vertex 6.494982435113013 626.0615408536656 47.01643431389518
      vertex 6.605699462045907 626.1722578805985 47.00411139573628
    endloop
  endfacet
  facet normal -0.7071067811866603 0.7071067811864349 1.202020973515619e-13
    outer loop
      vertex -7.6776695296636905 611.8888888888889 20
      vertex 6.938459146334412 626.505017564887 47.01643431389518
      vertex 7.0485684038474234 626.6151268224 47.03693497821459
    endloop
  endfacet
  facet normal -0.7071067811866153 0.7071067811864798 7.334152620021475e-14
    outer loop
      vertex -7.6776695296636905 611.8888888888889 20
      vertex 5.956507568873512 625.5230659874261 47.199258720508396
      vertex 6.0611967540504805 625.6277551726031 47.14683045111454
    endloop
  endfacet
  facet normal -0.70710678118667 0.707106781186425 1.2246660470192428e-13
    outer loop
      vertex -7.6776695296636905 611.8888888888889 20
      vertex 5.85390207529586 625.4204604938484 47.2593636270722
      vertex 5.956507568873512 625.5230659874261 47.199258720508396
    endloop
  endfacet
  facet normal -0.70710678118675 0.7071067811863452 2.0787963820933213e-13
    outer loop
      vertex -7.6776695296636905 611.8888888888889 20
      vertex 5.65606061894389 625.2226190374964 47.401923788646684
      vertex 5.753661507843403 625.320219926396 47.3269804274349
    endloop
  endfacet
  facet normal -0.7071067811863271 0.7071067811867678 -2.1488682240116115e-13
    outer loop
      vertex -7.6776695296636905 611.8888888888889 20
      vertex 5.753661507843403 625.320219926396 47.3269804274349
      vertex 5.85390207529586 625.4204604938484 47.2593636270722
    endloop
  endfacet
  facet normal -0.7071067811864168 0.7071067811866782 -1.2530043244551747e-13
    outer loop
      vertex -7.6776695296636905 611.8888888888889 20
      vertex 5.561366925849642 625.1279253444022 47.48398829616373
      vertex 5.65606061894389 625.2226190374964 47.401923788646684
    endloop
  endfacet
  facet normal -0.7071067811863487 0.7071067811867464 -2.3858964224420463e-13
    outer loop
      vertex -7.6776695296636905 611.8888888888889 20
      vertex 7.679780073604022 627.2463384921566 47.3269804274349
      vertex 7.777380962503532 627.3439393810561 47.401923788646684
    endloop
  endfacet
  facet normal -0.7071067811861947 0.7071067811869003 -3.955449629222505e-13
    outer loop
      vertex -7.6776695296636905 611.8888888888889 20
      vertex 7.476934012573913 627.0434924311265 47.199258720508396
      vertex 7.5795395061515665 627.1460979247041 47.2593636270722
    endloop
  endfacet
  facet normal -0.7071067811867366 0.7071067811863585 2.1268731102669052e-13
    outer loop
      vertex -7.6776695296636905 611.8888888888889 20
      vertex 7.5795395061515665 627.1460979247041 47.2593636270722
      vertex 7.679780073604022 627.2463384921566 47.3269804274349
    endloop
  endfacet
  facet normal -0.7071067811867262 0.707106781186369 1.6129290797613616e-13
    outer loop
      vertex -7.6776695296636905 611.8888888888889 20
      vertex 5.000536582270659 624.5670950008232 48.23664424312258
      vertex 5.068145252769821 624.6347036713224 48.11203882685049
    endloop
  endfacet
  facet normal -0.707106781186421 0.707106781186674 -1.0845617527156607e-13
    outer loop
      vertex -7.6776695296636905 611.8888888888889 20
      vertex 4.879603483636328 624.4461619021889 48.5
      vertex 4.937631853396365 624.5041902719489 48.36608289495492
    endloop
  endfacet
  facet normal -0.707106781186524 0.707106781186571 -1.764320039020828e-14
    outer loop
      vertex -7.6776695296636905 611.8888888888889 20
      vertex 4.937631853396365 624.5041902719489 48.36608289495492
      vertex 5.000536582270659 624.5670950008232 48.23664424312258
    endloop
  endfacet
  facet normal -0.7071067811865538 0.707106781186541 6.396554600492584e-15
    outer loop
      vertex -7.6776695296636905 611.8888888888889 20
      vertex 4.7787982266599585 624.3453566452125 48.7797900707726
      vertex 4.826610524718558 624.3931689432711 48.63802850078136
    endloop
  endfacet
  facet normal -0.7071067811866343 0.7071067811864609 8.054832124773379e-14
    outer loop
      vertex -7.6776695296636905 611.8888888888889 20
      vertex 4.826610524718558 624.3931689432711 48.63802850078136
      vertex 4.879603483636328 624.4461619021889 48.5
    endloop
  endfacet
  facet normal -0.7071067811864413 0.7071067811866536 -8.62065575223723e-14
    outer loop
      vertex -7.6776695296636905 611.8888888888889 20
      vertex 4.73629763964611 624.3028560581987 48.9248961513641
      vertex 4.7787982266599585 624.3453566452125 48.7797900707726
    endloop
  endfacet
  facet normal -0.7071067811867893 0.7071067811863059 2.0026481066607474e-13
    outer loop
      vertex -7.6776695296636905 611.8888888888889 20
      vertex 4.699225254831839 624.2657836733844 49.07294901687516
      vertex 4.73629763964611 624.3028560581987 48.9248961513641
    endloop
  endfacet
  facet normal -0.7071067811863524 0.7071067811867426 -1.662166708293971e-13
    outer loop
      vertex -7.6776695296636905 611.8888888888889 20
      vertex 4.667682685047053 624.2342411035996 49.22354286469244
      vertex 4.699225254831839 624.2657836733844 49.07294901687516
    endloop
  endfacet
  facet normal -0.7071067811866236 0.7071067811864715 6.082991124455361e-14
    outer loop
      vertex -7.6776695296636905 611.8888888888889 20
      vertex 4.641756386283036 624.2083148048356 49.37626492754672
      vertex 4.667682685047053 624.2342411035996 49.22354286469244
    endloop
  endfacet
  facet normal -0.7071067811865315 0.7071067811865637 -8.048354923160258e-15
    outer loop
      vertex -7.6776695296636905 611.8888888888889 20
      vertex 4.621517420722581 624.1880758392751 49.53069660487931
      vertex 4.641756386283036 624.2083148048356 49.37626492754672
    endloop
  endfacet
  facet normal -0.7071067811866949 0.7071067811864002 1.1972572442106936e-13
    outer loop
      vertex -7.6776695296636905 611.8888888888889 20
      vertex 4.598307642969333 624.1648660615219 49.84299213127117
      vertex 4.6070212619634985 624.1735796805161 49.68641461019704
    endloop
  endfacet
  facet normal -0.7071067811866174 0.7071067811864776 5.986696093597635e-14
    outer loop
      vertex -7.6776695296636905 611.8888888888889 20
      vertex 4.595400447164069 624.1619588657167 50
      vertex 4.598307642969333 624.1648660615219 49.84299213127117
    endloop
  endfacet
  facet normal -0.7071067811864601 0.7071067811866348 -6.554310357396263e-14
    outer loop
      vertex -7.6776695296636905 611.8888888888889 20
      vertex 4.598307642969333 624.1648660615219 50.15700786872883
      vertex 4.595400447164069 624.1619588657167 50
    endloop
  endfacet
  facet normal -0.7071067811863658 0.7071067811867291 -1.574477721776197e-13
    outer loop
      vertex -7.6776695296636905 611.8888888888889 20
      vertex 4.6070212619634985 624.1735796805161 50.31358538980296
      vertex 4.598307642969333 624.1648660615219 50.15700786872883
    endloop
  endfacet
  facet normal -0.7071067811862388 0.7071067811868563 -2.572948282902542e-13
    outer loop
      vertex -7.6776695296636905 611.8888888888889 20
      vertex 4.6070212619634985 624.1735796805161 49.68641461019704
      vertex 4.621517420722581 624.1880758392751 49.53069660487931
    endloop
  endfacet
  facet normal -0.7071067811865789 0.7071067811865162 1.5667668876248453e-14
    outer loop
      vertex -7.6776695296636905 611.8888888888889 20
      vertex 4.641756386283036 624.2083148048356 50.62373507245328
      vertex 4.621517420722581 624.1880758392751 50.46930339512069
    endloop
  endfacet
  facet normal -0.7071067811863813 0.7071067811867139 -1.4784297637992425e-13
    outer loop
      vertex -7.6776695296636905 611.8888888888889 20
      vertex 4.667682685047053 624.2342411035996 50.77645713530756
      vertex 4.641756386283036 624.2083148048356 50.62373507245328
    endloop
  endfacet
  facet normal -0.7071067811872036 0.7071067811858914 5.203209670223848e-13
    outer loop
      vertex -7.6776695296636905 611.8888888888889 20
      vertex 4.699225254831839 624.2657836733844 50.92705098312484
      vertex 4.667682685047053 624.2342411035996 50.77645713530756
    endloop
  endfacet
  facet normal -0.7071067811870249 0.7071067811860702 4.0916766096183375e-13
    outer loop
      vertex -7.6776695296636905 611.8888888888889 20
      vertex 4.621517420722581 624.1880758392751 50.46930339512069
      vertex 4.6070212619634985 624.1735796805161 50.31358538980296
    endloop
  endfacet
  facet normal -0.7071067811854634 0.7071067811876317 -8.497191953995122e-13
    outer loop
      vertex -7.6776695296636905 611.8888888888889 20
      vertex 4.73629763964611 624.3028560581987 51.0751038486359
      vertex 4.699225254831839 624.2657836733844 50.92705098312484
    endloop
  endfacet
  facet normal -0.7071067811872165 0.7071067811858784 5.435830404702136e-13
    outer loop
      vertex -7.6776695296636905 611.8888888888889 20
      vertex 4.7787982266599585 624.3453566452125 51.2202099292274
      vertex 4.73629763964611 624.3028560581987 51.0751038486359
    endloop
  endfacet
  facet normal -0.707106781186474 0.7071067811866211 -7.357874359810676e-14
    outer loop
      vertex -7.6776695296636905 611.8888888888889 20
      vertex 4.826610524718558 624.3931689432711 51.36197149921864
      vertex 4.7787982266599585 624.3453566452125 51.2202099292274
    endloop
  endfacet
  facet normal -0.707106781181522 0.7071067811915732 -4.083301922336441e-12
    outer loop
      vertex -7.6776695296636905 611.8888888888889 20
      vertex 4.879603483636328 624.4461619021889 51.5
      vertex 4.826610524718558 624.3931689432711 51.36197149921864
    endloop
  endfacet
  facet normal 0.7071067811865493 -0.7071067811865456 -2.4550083381503916e-16
    outer loop
      vertex 15.3 599.5112193592252 20
      vertex 33.4887806407748 617.7 20
      vertex 24.505411649065202 608.7166310082904 47.00411139573628
    endloop
  endfacet
  facet normal 0.7071067811869413 -0.7071067811861539 2.0235198544172841e-13
    outer loop
      vertex 33.4887806407748 617.7 20
      vertex 26.173479257714746 610.38469861694 48.36608289495492
      vertex 26.110574528840452 610.3217938880656 48.23664424312258
    endloop
  endfacet
  facet normal 0.7071067811863868 -0.7071067811867083 -8.41949092471203e-14
    outer loop
      vertex 33.4887806407748 617.7 20
      vertex 26.231507627474784 610.4427269867 48.5
      vertex 26.173479257714746 610.38469861694 48.36608289495492
    endloop
  endfacet
  facet normal 0.7071067811866635 -0.7071067811864314 5.800318839320793e-14
    outer loop
      vertex 33.4887806407748 617.7 20
      vertex 26.284500586392554 610.4957199456178 48.63802850078136
      vertex 26.231507627474784 610.4427269867 48.5
    endloop
  endfacet
  facet normal 0.7071067811865476 -0.7071067811865476 0
    outer loop
      vertex 33.4887806407748 617.7 20
      vertex 26.332312884451156 610.5435322436764 48.7797900707726
      vertex 26.284500586392554 610.4957199456178 48.63802850078136
    endloop
  endfacet
  facet normal 0.7071067811864187 -0.7071067811866765 -6.4425300969056e-14
    outer loop
      vertex 33.4887806407748 617.7 20
      vertex 26.374813471465004 610.5860328306902 48.9248961513641
      vertex 26.332312884451156 610.5435322436764 48.7797900707726
    endloop
  endfacet
  facet normal 0.7071067811863443 -0.7071067811867509 -9.927765602392594e-14
    outer loop
      vertex 33.4887806407748 617.7 20
      vertex 26.41188585627927 610.6231052155044 49.07294901687516
      vertex 26.374813471465004 610.5860328306902 48.9248961513641
    endloop
  endfacet
  facet normal 0.7071067811868466 -0.7071067811862485 1.4190260929289631e-13
    outer loop
      vertex 33.4887806407748 617.7 20
      vertex 26.44342842606406 610.6546477852893 49.22354286469244
      vertex 26.41188585627927 610.6231052155044 49.07294901687516
    endloop
  endfacet
  facet normal 0.7071067811866243 -0.7071067811864709 3.8360953880540286e-14
    outer loop
      vertex 33.4887806407748 617.7 20
      vertex 26.46935472482808 610.6805740840533 49.37626492754672
      vertex 26.44342842606406 610.6546477852893 49.22354286469244
    endloop
  endfacet
  facet normal 0.7071067811865416 -0.7071067811865535 0
    outer loop
      vertex 33.4887806407748 617.7 20
      vertex 26.48959369038853 610.7008130496138 49.53069660487931
      vertex 26.46935472482808 610.6805740840533 49.37626492754672
    endloop
  endfacet
  facet normal 0.7071067811860908 -0.7071067811870043 -2.2176022073327003e-13
    outer loop
      vertex 33.4887806407748 617.7 20
      vertex 26.504089849147615 610.7153092083728 49.68641461019704
      vertex 26.48959369038853 610.7008130496138 49.53069660487931
    endloop
  endfacet
  facet normal 0.7071067811867704 -0.7071067811863245 1.0031340239084869e-13
    outer loop
      vertex 33.4887806407748 617.7 20
      vertex 26.51280346814178 610.724022827367 49.84299213127117
      vertex 26.504089849147615 610.7153092083728 49.68641461019704
    endloop
  endfacet
  facet normal 0.7071067811866835 -0.7071067811864115 5.950727531303497e-14
    outer loop
      vertex 33.4887806407748 617.7 20
      vertex 26.515710663947043 610.7269300231723 50
      vertex 26.51280346814178 610.724022827367 49.84299213127117
    endloop
  endfacet
  facet normal 0.7071067811863979 -0.7071067811866971 -6.980882845407031e-14
    outer loop
      vertex 33.4887806407748 617.7 20
      vertex 26.51280346814178 610.724022827367 50.15700786872883
      vertex 26.515710663947043 610.7269300231723 50
    endloop
  endfacet
  facet normal 0.7071067811859693 -0.7071067811871257 -2.5296649495813967e-13
    outer loop
      vertex 33.4887806407748 617.7 20
      vertex 26.44342842606406 610.6546477852893 50.77645713530756
      vertex 26.46935472482808 610.6805740840533 50.62373507245328
    endloop
  endfacet
  facet normal 0.7071067811797532 -0.7071067811933417 -3.1186691520100436e-12
    outer loop
      vertex 33.4887806407748 617.7 20
      vertex 26.41188585627927 610.6231052155044 50.92705098312484
      vertex 26.44342842606406 610.6546477852893 50.77645713530756
    endloop
  endfacet
  facet normal 0.7071067811861721 -0.7071067811869232 -1.6353857334365288e-13
    outer loop
      vertex 33.4887806407748 617.7 20
      vertex 26.504089849147615 610.7153092083728 50.31358538980296
      vertex 26.51280346814178 610.724022827367 50.15700786872883
    endloop
  endfacet
  facet normal 0.7071067811876792 -0.7071067811854159 5.193178245493349e-13
    outer loop
      vertex 33.4887806407748 617.7 20
      vertex 26.48959369038853 610.7008130496138 50.46930339512069
      vertex 26.504089849147615 610.7153092083728 50.31358538980296
    endloop
  endfacet
  facet normal 0.7071067811865259 -0.7071067811865692 0
    outer loop
      vertex 33.4887806407748 617.7 20
      vertex 26.46935472482808 610.6805740840533 50.62373507245328
      vertex 26.48959369038853 610.7008130496138 50.46930339512069
    endloop
  endfacet
  facet normal 0.7071067811865255 -0.7071067811865696 1.4716508032134202e-14
    outer loop
      vertex 15.3 599.5112193592252 20
      vertex 22.678206111934344 606.8894254711596 48.23664424312258
      vertex 22.61530138306005 606.8265207422853 48.36608289495492
    endloop
  endfacet
  facet normal 0.7071067811868346 -0.7071067811862606 -1.4542757051766586e-13
    outer loop
      vertex 15.3 599.5112193592252 20
      vertex 22.61530138306005 606.8265207422853 48.36608289495492
      vertex 22.557273013300016 606.7684923725252 48.5
    endloop
  endfacet
  facet normal 0.7071067811866755 -0.7071067811864195 -6.400351822698915e-14
    outer loop
      vertex 15.3 599.5112193592252 20
      vertex 22.557273013300016 606.7684923725252 48.5
      vertex 22.50428005438225 606.7154994136074 48.63802850078136
    endloop
  endfacet
  facet normal 0.7071067811865518 -0.7071067811865434 0
    outer loop
      vertex 15.3 599.5112193592252 20
      vertex 22.50428005438225 606.7154994136074 48.63802850078136
      vertex 22.456467756323647 606.6676871155488 48.7797900707726
    endloop
  endfacet
  facet normal 0.7071067811864187 -0.7071067811866765 6.220373886667476e-14
    outer loop
      vertex 15.3 599.5112193592252 20
      vertex 22.456467756323647 606.6676871155488 48.7797900707726
      vertex 22.4139671693098 606.625186528535 48.9248961513641
    endloop
  endfacet
  facet normal 0.7071067811863111 -0.7071067811867839 1.1818768574276344e-13
    outer loop
      vertex 15.3 599.5112193592252 20
      vertex 22.4139671693098 606.625186528535 48.9248961513641
      vertex 22.376894784495526 606.5881141437208 49.07294901687516
    endloop
  endfacet
  facet normal 0.7071067811866334 -0.7071067811864615 5.411616767583717e-14
    outer loop
      vertex 33.4887806407748 617.7 20
      vertex 24.726237933511115 608.9374572927363 47.03693497821459
      vertex 24.616128675998098 608.8273480352233 47.01643431389518
    endloop
  endfacet
  facet normal 0.7071067811864189 -0.7071067811866761 -8.156252556588483e-14
    outer loop
      vertex 33.4887806407748 617.7 20
      vertex 24.835437619782994 609.0466569790082 47.06555719779858
      vertex 24.726237933511115 608.9374572927363 47.03693497821459
    endloop
  endfacet
  facet normal 0.7071067811864583 -0.7071067811866367 -6.15120251975139e-14
    outer loop
      vertex 33.4887806407748 617.7 20
      vertex 25.049914357060633 609.2611337162858 47.14683045111454
      vertex 24.94342842606406 609.1546477852893 47.102222521132795
    endloop
  endfacet
  facet normal 0.7071067811867119 -0.7071067811863831 1.0544463868440242e-13
    outer loop
      vertex 33.4887806407748 617.7 20
      vertex 24.94342842606406 609.1546477852893 47.102222521132795
      vertex 24.835437619782994 609.0466569790082 47.06555719779858
    endloop
  endfacet
  facet normal 0.7071067811865248 -0.7071067811865702 -1.620470742081795e-14
    outer loop
      vertex 33.4887806407748 617.7 20
      vertex 24.616128675998098 608.8273480352233 47.01643431389518
      vertex 24.505411649065202 608.7166310082904 47.00411139573628
    endloop
  endfacet
  facet normal 0.7071067811864401 -0.7071067811866548 -6.440369192159657e-14
    outer loop
      vertex 33.4887806407748 617.7 20
      vertex 25.455050492167224 609.6662698513924 47.401923788646684
      vertex 25.35744960326771 609.5686689624929 47.3269804274349
    endloop
  endfacet
  facet normal 0.7071067811863643 -0.7071067811867306 -1.1294948720790793e-13
    outer loop
      vertex 33.4887806407748 617.7 20
      vertex 25.25720903581525 609.4684283950404 47.2593636270722
      vertex 25.154603542237602 609.3658229014628 47.199258720508396
    endloop
  endfacet
  facet normal 0.7071067811866331 -0.707106781186462 4.88821021526691e-14
    outer loop
      vertex 33.4887806407748 617.7 20
      vertex 25.35744960326771 609.5686689624929 47.3269804274349
      vertex 25.25720903581525 609.4684283950404 47.2593636270722
    endloop
  endfacet
  facet normal 0.7071067811865507 -0.7071067811865444 0
    outer loop
      vertex 33.4887806407748 617.7 20
      vertex 25.72938046853833 609.9405998277635 47.668562115629086
      vertex 25.641271133719762 609.852490492945 47.57294901687516
    endloop
  endfacet
  facet normal 0.7071067811866374 -0.7071067811864575 4.818541868089601e-14
    outer loop
      vertex 33.4887806407748 617.7 20
      vertex 25.813830688154844 610.0250500473801 47.77056552356782
      vertex 25.72938046853833 609.9405998277635 47.668562115629086
    endloop
  endfacet
  facet normal 0.7071067811865509 -0.7071067811865441 0
    outer loop
      vertex 33.4887806407748 617.7 20
      vertex 25.970838556883677 610.1820579161089 47.992608180923426
      vertex 25.8943903203874 610.1056096796126 47.878679656440355
    endloop
  endfacet
  facet normal 0.7071067811863904 -0.7071067811867049 -8.846291865907173e-14
    outer loop
      vertex 33.4887806407748 617.7 20
      vertex 25.8943903203874 610.1056096796126 47.878679656440355
      vertex 25.813830688154844 610.0250500473801 47.77056552356782
    endloop
  endfacet
  facet normal 0.7071067811867513 -0.7071067811863437 1.158001482154039e-13
    outer loop
      vertex 33.4887806407748 617.7 20
      vertex 25.54974418526147 609.7609635444867 47.48398829616373
      vertex 25.455050492167224 609.6662698513924 47.401923788646684
    endloop
  endfacet
  facet normal 0.70710678118656 -0.707106781186535 4.678423184056693e-15
    outer loop
      vertex 33.4887806407748 617.7 20
      vertex 25.641271133719762 609.852490492945 47.57294901687516
      vertex 25.54974418526147 609.7609635444867 47.48398829616373
    endloop
  endfacet
  facet normal 0.7071067811865475 -0.7071067811865475 0
    outer loop
      vertex 33.4887806407748 617.7 20
      vertex 26.04296585834129 610.2541852175665 48.11203882685049
      vertex 25.970838556883677 610.1820579161089 47.992608180923426
    endloop
  endfacet
  facet normal 0.707106781186621 -0.7071067811864741 4.283267994660542e-14
    outer loop
      vertex 33.4887806407748 617.7 20
      vertex 25.154603542237602 609.3658229014628 47.199258720508396
      vertex 25.049914357060633 609.2611337162858 47.14683045111454
    endloop
  endfacet
  facet normal 0.7071067811863699 -0.7071067811867252 -9.414760165218912e-14
    outer loop
      vertex 33.4887806407748 617.7 20
      vertex 26.110574528840452 610.3217938880656 48.23664424312258
      vertex 26.04296585834129 610.2541852175665 48.11203882685049
    endloop
  endfacet
  facet normal 0.7071067811865144 -0.7071067811865807 2.3176579337370792e-14
    outer loop
      vertex 15.3 599.5112193592252 20
      vertex 24.3943903203874 608.6056096796126 47
      vertex 24.283368991709597 608.4945883509348 47.00411139573628
    endloop
  endfacet
  facet normal 0.7071067811865248 -0.7071067811865702 1.620470742081795e-14
    outer loop
      vertex 15.3 599.5112193592252 20
      vertex 24.283368991709597 608.4945883509348 47.00411139573628
      vertex 24.1726519647767 608.3838713240019 47.01643431389518
    endloop
  endfacet
  facet normal 0.7071067811865237 -0.7071067811865712 1.6972910362078332e-14
    outer loop
      vertex 15.3 599.5112193592252 20
      vertex 24.505411649065202 608.7166310082904 47.00411139573628
      vertex 24.3943903203874 608.6056096796126 47
    endloop
  endfacet
  facet normal 0.7071067811866463 -0.7071067811864489 -6.366607961863312e-14
    outer loop
      vertex 15.3 599.5112193592252 20
      vertex 24.1726519647767 608.3838713240019 47.01643431389518
      vertex 24.062542707263688 608.2737620664889 47.03693497821459
    endloop
  endfacet
  facet normal 0.7071067811864095 -0.7071067811866856 9.09735862081011e-14
    outer loop
      vertex 15.3 599.5112193592252 20
      vertex 24.062542707263688 608.2737620664889 47.03693497821459
      vertex 23.953343020991806 608.164562380217 47.06555719779858
    endloop
  endfacet
  facet normal 0.707106781186446 -0.7071067811866489 6.76632277172641e-14
    outer loop
      vertex 15.3 599.5112193592252 20
      vertex 23.845352214710744 608.0565715739359 47.102222521132795
      vertex 23.738866283714167 607.9500856429394 47.14683045111454
    endloop
  endfacet
  facet normal 0.7071067811867242 -0.7071067811863707 -1.1164726448936922e-13
    outer loop
      vertex 15.3 599.5112193592252 20
      vertex 23.953343020991806 608.164562380217 47.06555719779858
      vertex 23.845352214710744 608.0565715739359 47.102222521132795
    endloop
  endfacet
  facet normal 0.707106781186343 -0.7071067811867521 1.282129314251889e-13
    outer loop
      vertex 15.3 599.5112193592252 20
      vertex 23.6341770985372 607.8453964577624 47.199258720508396
      vertex 23.531571604959545 607.7427909641848 47.2593636270722
    endloop
  endfacet
  facet normal 0.7071067811864432 -0.7071067811866518 6.133684944913985e-14
    outer loop
      vertex 15.3 599.5112193592252 20
      vertex 23.431331037507093 607.6425503967323 47.3269804274349
      vertex 23.33373014860758 607.5449495078328 47.401923788646684
    endloop
  endfacet
  facet normal 0.7071067811866514 -0.7071067811864437 -6.110262769083796e-14
    outer loop
      vertex 15.3 599.5112193592252 20
      vertex 23.531571604959545 607.7427909641848 47.2593636270722
      vertex 23.431331037507093 607.6425503967323 47.3269804274349
    endloop
  endfacet
  facet normal 0.707106781186739 -0.7071067811863561 -1.0962414031058046e-13
    outer loop
      vertex 15.3 599.5112193592252 20
      vertex 23.33373014860758 607.5449495078328 47.401923788646684
      vertex 23.23903645551333 607.4502558147385 47.48398829616373
    endloop
  endfacet
  facet normal 0.7071067811865507 -0.7071067811865444 0
    outer loop
      vertex 15.3 599.5112193592252 20
      vertex 23.14750950705504 607.3587288662802 47.57294901687516
      vertex 23.059400172236472 607.2706195314616 47.668562115629086
    endloop
  endfacet
  facet normal 0.7071067811866246 -0.7071067811864704 -4.3366876812805626e-14
    outer loop
      vertex 15.3 599.5112193592252 20
      vertex 23.059400172236472 607.2706195314616 47.668562115629086
      vertex 22.974949952619955 607.1861693118451 47.77056552356782
    endloop
  endfacet
  facet normal 0.7071067811865509 -0.7071067811865441 0
    outer loop
      vertex 15.3 599.5112193592252 20
      vertex 22.8943903203874 607.1056096796126 47.878679656440355
      vertex 22.817942083891126 607.0291614431163 47.992608180923426
    endloop
  endfacet
  facet normal 0.7071067811864001 -0.707106781186695 8.1910109869512e-14
    outer loop
      vertex 15.3 599.5112193592252 20
      vertex 22.974949952619955 607.1861693118451 47.77056552356782
      vertex 22.8943903203874 607.1056096796126 47.878679656440355
    endloop
  endfacet
  facet normal 0.7071067811865694 -0.7071067811865257 -1.0916320762799095e-14
    outer loop
      vertex 15.3 599.5112193592252 20
      vertex 23.23903645551333 607.4502558147385 47.48398829616373
      vertex 23.14750950705504 607.3587288662802 47.57294901687516
    endloop
  endfacet
  facet normal 0.7071067811866301 -0.7071067811864649 -4.895163422469255e-14
    outer loop
      vertex 15.3 599.5112193592252 20
      vertex 23.738866283714167 607.9500856429394 47.14683045111454
      vertex 23.6341770985372 607.8453964577624 47.199258720508396
    endloop
  endfacet
  facet normal 0.7071067811865372 -0.7071067811865579 6.889902338857994e-15
    outer loop
      vertex 15.3 599.5112193592252 20
      vertex 22.817942083891126 607.0291614431163 47.992608180923426
      vertex 22.74581478243351 606.9570341416587 48.11203882685049
    endloop
  endfacet
  facet normal 0.7071067811863592 -0.7071067811867358 1.0125308102216413e-13
    outer loop
      vertex 15.3 599.5112193592252 20
      vertex 22.74581478243351 606.9570341416587 48.11203882685049
      vertex 22.678206111934344 606.8894254711596 48.23664424312258
    endloop
  endfacet
  facet normal -0.7071067811865476 0.7071067811865476 -1.7323665336434855e-15
    outer loop
      vertex -7.6776695296636905 611.8888888888889 80
      vertex 21.11111111111111 640.6776695296637 80
      vertex 5.65606061894389 625.2226190374964 52.598076211353316
    endloop
  endfacet
  facet normal -0.707106781186474 0.7071067811866211 -7.357874359810676e-14
    outer loop
      vertex 21.11111111111111 640.6776695296637 80
      vertex 8.606831056728865 628.1733894752814 48.63802850078136
      vertex 8.654643354787465 628.22120177334 48.7797900707726
    endloop
  endfacet
  facet normal -0.7071067812013102 0.7071067811717848 1.1935805618803266e-11
    outer loop
      vertex 21.11111111111111 640.6776695296637 80
      vertex 8.553838097811095 628.1203965163637 48.5
      vertex 8.606831056728865 628.1733894752814 48.63802850078136
    endloop
  endfacet
  facet normal -0.7071067811845823 0.7071067811885128 -1.5889350413802021e-12
    outer loop
      vertex 21.11111111111111 640.6776695296637 80
      vertex 8.654643354787465 628.22120177334 48.7797900707726
      vertex 8.697143941801313 628.2637023603539 48.9248961513641
    endloop
  endfacet
  facet normal -0.70710678118728 0.7071067811858149 5.860132382050545e-13
    outer loop
      vertex 21.11111111111111 640.6776695296637 80
      vertex 8.697143941801313 628.2637023603539 48.9248961513641
      vertex 8.734216326615583 628.3007747451682 49.07294901687516
    endloop
  endfacet
  facet normal -0.7071067811863658 0.7071067811867291 -1.4533640508703357e-13
    outer loop
      vertex 21.11111111111111 640.6776695296637 80
      vertex 8.826420319483926 628.3929787380365 49.68641461019704
      vertex 8.83513393847809 628.4016923570307 49.84299213127117
    endloop
  endfacet
  facet normal -0.7071067811864711 0.707106781186624 -6.554310357396364e-14
    outer loop
      vertex 21.11111111111111 640.6776695296637 80
      vertex 8.83513393847809 628.4016923570307 49.84299213127117
      vertex 8.838041134283356 628.404599552836 50
    endloop
  endfacet
  facet normal -0.7071067811866074 0.7071067811864877 5.98669609359755e-14
    outer loop
      vertex 21.11111111111111 640.6776695296637 80
      vertex 8.838041134283356 628.404599552836 50
      vertex 8.83513393847809 628.4016923570307 50.15700786872883
    endloop
  endfacet
  facet normal -0.7071067811866857 0.7071067811864093 1.1051605331175489e-13
    outer loop
      vertex 21.11111111111111 640.6776695296637 80
      vertex 8.83513393847809 628.4016923570307 50.15700786872883
      vertex 8.826420319483926 628.3929787380365 50.31358538980296
    endloop
  endfacet
  facet normal -0.7071067811858461 0.7071067811872488 -5.655662685037141e-13
    outer loop
      vertex 21.11111111111111 640.6776695296637 80
      vertex 8.734216326615583 628.3007747451682 49.07294901687516
      vertex 8.76575889640037 628.332317314953 49.22354286469244
    endloop
  endfacet
  facet normal -0.7071067811875086 0.7071067811855866 7.761756259933649e-13
    outer loop
      vertex 21.11111111111111 640.6776695296637 80
      vertex 8.76575889640037 628.332317314953 49.22354286469244
      vertex 8.791685195164387 628.3582436137169 49.37626492754672
    endloop
  endfacet
  facet normal -0.7071067811865945 0.7071067811865005 4.7003006628746404e-14
    outer loop
      vertex 21.11111111111111 640.6776695296637 80
      vertex 8.791685195164387 628.3582436137169 49.37626492754672
      vertex 8.811924160724844 628.3784825792774 49.53069660487931
    endloop
  endfacet
  facet normal -0.7071067811861929 0.7071067811869021 -2.864173626736096e-13
    outer loop
      vertex 21.11111111111111 640.6776695296637 80
      vertex 8.811924160724844 628.3784825792774 49.53069660487931
      vertex 8.826420319483926 628.3929787380365 49.68641461019704
    endloop
  endfacet
  facet normal -0.707106781186762 0.7071067811863331 1.8010637980304905e-13
    outer loop
      vertex 21.11111111111111 640.6776695296637 80
      vertex 8.826420319483926 628.3929787380365 50.31358538980296
      vertex 8.811924160724844 628.3784825792774 50.46930339512069
    endloop
  endfacet
  facet normal -0.7071067811865315 0.7071067811865637 -2.4145064769480772e-14
    outer loop
      vertex 21.11111111111111 640.6776695296637 80
      vertex 8.811924160724844 628.3784825792774 50.46930339512069
      vertex 8.791685195164387 628.3582436137169 50.62373507245328
    endloop
  endfacet
  facet normal -0.707106781186175 0.7071067811869202 -3.1935703403410906e-13
    outer loop
      vertex 21.11111111111111 640.6776695296637 80
      vertex 8.791685195164387 628.3582436137169 50.62373507245328
      vertex 8.76575889640037 628.332317314953 50.77645713530756
    endloop
  endfacet
  facet normal -0.7071067811867716 0.7071067811863235 1.8067029437966867e-13
    outer loop
      vertex 21.11111111111111 640.6776695296637 80
      vertex 8.76575889640037 628.332317314953 50.77645713530756
      vertex 8.734216326615583 628.3007747451682 50.92705098312484
    endloop
  endfacet
  facet normal -0.7071067811863817 0.7071067811867132 -1.381136625284043e-13
    outer loop
      vertex 21.11111111111111 640.6776695296637 80
      vertex 8.734216326615583 628.3007747451682 50.92705098312484
      vertex 8.697143941801313 628.2637023603539 51.0751038486359
    endloop
  endfacet
  facet normal -0.7071067811868327 0.7071067811862624 2.519883989114151e-13
    outer loop
      vertex 21.11111111111111 640.6776695296637 80
      vertex 8.697143941801313 628.2637023603539 51.0751038486359
      vertex 8.654643354787465 628.22120177334 51.2202099292274
    endloop
  endfacet
  facet normal -0.7071067811865475 0.7071067811865475 6.396554600492526e-15
    outer loop
      vertex 21.11111111111111 640.6776695296637 80
      vertex 8.654643354787465 628.22120177334 51.2202099292274
      vertex 8.606831056728865 628.1733894752814 51.36197149921864
    endloop
  endfacet
  facet normal -0.7071067811862872 0.7071067811868077 -2.3544893903195684e-13
    outer loop
      vertex 21.11111111111111 640.6776695296637 80
      vertex 8.606831056728865 628.1733894752814 51.36197149921864
      vertex 8.553838097811095 628.1203965163637 51.5
    endloop
  endfacet
  facet normal -0.7071067811867705 0.7071067811863246 1.988363213311096e-13
    outer loop
      vertex 21.11111111111111 640.6776695296637 80
      vertex 8.553838097811095 628.1203965163637 51.5
      vertex 8.495809728051059 628.0623681466036 51.63391710504508
    endloop
  endfacet
  facet normal -0.7071067811865299 0.7071067811865652 -1.7643200390208134e-14
    outer loop
      vertex 21.11111111111111 640.6776695296637 80
      vertex 8.495809728051059 628.0623681466036 51.63391710504508
      vertex 8.432904999176765 627.9994634177293 51.76335575687742
    endloop
  endfacet
  facet normal -0.7071067811863978 0.7071067811866973 -1.3249060298045907e-13
    outer loop
      vertex 21.11111111111111 640.6776695296637 80
      vertex 8.432904999176765 627.9994634177293 51.76335575687742
      vertex 8.365296328677601 627.9318547472302 51.88796117314951
    endloop
  endfacet
  facet normal -0.7071067811865476 0.7071067811865476 5.6613596198246696e-15
    outer loop
      vertex 21.11111111111111 640.6776695296637 80
      vertex 8.365296328677601 627.9318547472302 51.88796117314951
      vertex 8.29316902721999 627.8597274457726 52.007391819076574
    endloop
  endfacet
  facet normal -0.7071067811865475 0.7071067811865475 0
    outer loop
      vertex 21.11111111111111 640.6776695296637 80
      vertex 8.29316902721999 627.8597274457726 52.007391819076574
      vertex 8.216720790723713 627.7832792092763 52.121320343559645
    endloop
  endfacet
  facet normal -0.7071067811867242 0.7071067811863708 1.6011659442503593e-13
    outer loop
      vertex 21.11111111111111 640.6776695296637 80
      vertex 8.216720790723713 627.7832792092763 52.121320343559645
      vertex 8.136161158491158 627.7027195770437 52.22943447643218
    endloop
  endfacet
  facet normal -0.7071067811863065 0.7071067811867886 -2.2459730949140243e-13
    outer loop
      vertex 21.11111111111111 640.6776695296637 80
      vertex 8.136161158491158 627.7027195770437 52.22943447643218
      vertex 8.05171093887464 627.6182693574273 52.331437884370914
    endloop
  endfacet
  facet normal -0.7071067811865585 0.7071067811865366 0
    outer loop
      vertex 21.11111111111111 640.6776695296637 80
      vertex 8.05171093887464 627.6182693574273 52.331437884370914
      vertex 7.963601604056072 627.5301600226087 52.42705098312484
    endloop
  endfacet
  facet normal -0.7071067811865585 0.7071067811865367 1.0883109070117788e-14
    outer loop
      vertex 21.11111111111111 640.6776695296637 80
      vertex 7.963601604056072 627.5301600226087 52.42705098312484
      vertex 7.872074655597782 627.4386330741504 52.51601170383627
    endloop
  endfacet
  facet normal -0.7071067811863326 0.7071067811867624 -2.3773627124789185e-13
    outer loop
      vertex 6.167682685047054 625.7342411035996 52.897777478867205
      vertex 21.11111111111111 640.6776695296637 80
      vertex 6.275673491328116 625.8422319098806 52.93444280220142
    endloop
  endfacet
  facet normal -0.7071067811864093 0.7071067811866858 -1.5337231373823804e-13
    outer loop
      vertex 6.0611967540504805 625.6277551726031 52.85316954888546
      vertex 21.11111111111111 640.6776695296637 80
      vertex 6.167682685047054 625.7342411035996 52.897777478867205
    endloop
  endfacet
  facet normal -0.7071067811866678 0.7071067811864271 1.336109872421108e-13
    outer loop
      vertex 5.956507568873512 625.5230659874261 52.800741279491604
      vertex 21.11111111111111 640.6776695296637 80
      vertex 6.0611967540504805 625.6277551726031 52.85316954888546
    endloop
  endfacet
  facet normal -0.7071067811867924 0.7071067811863027 2.661355349733266e-13
    outer loop
      vertex 6.275673491328116 625.8422319098806 52.93444280220142
      vertex 21.11111111111111 640.6776695296637 80
      vertex 6.384873177600001 625.9514315961526 52.96306502178541
    endloop
  endfacet
  facet normal -0.70710678118646 0.707106781186635 -8.877546724432169e-14
    outer loop
      vertex 7.26575889640037 626.832317314953 52.897777478867205
      vertex 21.11111111111111 640.6776695296637 80
      vertex 7.372244827396943 626.9388032459495 52.85316954888546
    endloop
  endfacet
  facet normal -0.7071067811867109 0.7071067811863839 1.6768693658434415e-13
    outer loop
      vertex 7.157768090119306 626.7243265086719 52.93444280220142
      vertex 21.11111111111111 640.6776695296637 80
      vertex 7.26575889640037 626.832317314953 52.897777478867205
    endloop
  endfacet
  facet normal -0.7071067811864158 0.7071067811866791 -1.365612770839057e-13
    outer loop
      vertex 7.0485684038474234 626.6151268224 52.96306502178541
      vertex 21.11111111111111 640.6776695296637 80
      vertex 7.157768090119306 626.7243265086719 52.93444280220142
    endloop
  endfacet
  facet normal -0.7071067811866463 0.7071067811864487 1.0309220198027763e-13
    outer loop
      vertex 6.938459146334412 626.505017564887 52.98356568610482
      vertex 21.11111111111111 640.6776695296637 80
      vertex 7.0485684038474234 626.6151268224 52.96306502178541
    endloop
  endfacet
  facet normal -0.7071067811867164 0.7071067811863787 1.63435346667997e-13
    outer loop
      vertex 21.11111111111111 640.6776695296637 80
      vertex 7.872074655597782 627.4386330741504 52.51601170383627
      vertex 7.777380962503532 627.3439393810561 52.598076211353316
    endloop
  endfacet
  facet normal -0.7071067811864636 0.7071067811866315 -8.299799699890944e-14
    outer loop
      vertex 7.679780073604022 627.2463384921566 52.6730195725651
      vertex 21.11111111111111 640.6776695296637 80
      vertex 7.777380962503532 627.3439393810561 52.598076211353316
    endloop
  endfacet
  facet normal -0.7071067811863652 0.7071067811867298 -1.8226475152911393e-13
    outer loop
      vertex 7.476934012573913 627.0434924311265 52.800741279491604
      vertex 21.11111111111111 640.6776695296637 80
      vertex 7.5795395061515665 627.1460979247041 52.7406363729278
    endloop
  endfacet
  facet normal -0.7071067811866122 0.707106781186483 6.523164589922834e-14
    outer loop
      vertex 7.372244827396943 626.9388032459495 52.85316954888546
      vertex 21.11111111111111 640.6776695296637 80
      vertex 7.476934012573913 627.0434924311265 52.800741279491604
    endloop
  endfacet
  facet normal -0.7071067811866347 0.7071067811864604 8.523155215427116e-14
    outer loop
      vertex 7.5795395061515665 627.1460979247041 52.7406363729278
      vertex 21.11111111111111 640.6776695296637 80
      vertex 7.679780073604022 627.2463384921566 52.6730195725651
    endloop
  endfacet
  facet normal -0.7071067811865261 0.707106781186569 -2.301208297561612e-14
    outer loop
      vertex 6.827742119401516 626.3943005379541 52.99588860426372
      vertex 21.11111111111111 640.6776695296637 80
      vertex 6.938459146334412 626.505017564887 52.98356568610482
    endloop
  endfacet
  facet normal -0.7071067811865143 0.7071067811865809 -3.5595701789728645e-14
    outer loop
      vertex 6.716720790723712 626.2832792092763 53
      vertex 21.11111111111111 640.6776695296637 80
      vertex 6.827742119401516 626.3943005379541 52.99588860426372
    endloop
  endfacet
  facet normal -0.70710678118651 0.7071067811865851 -4.007525905841029e-14
    outer loop
      vertex 6.605699462045907 626.1722578805985 52.99588860426372
      vertex 21.11111111111111 640.6776695296637 80
      vertex 6.716720790723712 626.2832792092763 53
    endloop
  endfacet
  facet normal -0.7071067811865325 0.7071067811865626 -1.5974240899038565e-14
    outer loop
      vertex 6.494982435113013 626.0615408536656 52.98356568610482
      vertex 21.11111111111111 640.6776695296637 80
      vertex 6.605699462045907 626.1722578805985 52.99588860426372
    endloop
  endfacet
  facet normal -0.7071067811866649 0.7071067811864301 1.2736257385394954e-13
    outer loop
      vertex 6.384873177600001 625.9514315961526 52.96306502178541
      vertex 21.11111111111111 640.6776695296637 80
      vertex 6.494982435113013 626.0615408536656 52.98356568610482
    endloop
  endfacet
  facet normal -0.7071067811860784 0.7071067811870166 -5.269180431169378e-13
    outer loop
      vertex 5.753661507843403 625.320219926396 52.6730195725651
      vertex 21.11111111111111 640.6776695296637 80
      vertex 5.85390207529586 625.4204604938484 52.7406363729278
    endloop
  endfacet
  facet normal -0.7071067811867835 0.7071067811863114 2.623325018027401e-13
    outer loop
      vertex 5.85390207529586 625.4204604938484 52.7406363729278
      vertex 21.11111111111111 640.6776695296637 80
      vertex 5.956507568873512 625.5230659874261 52.800741279491604
    endloop
  endfacet
  facet normal -0.7071067811870513 0.7071067811860436 5.666504003293898e-13
    outer loop
      vertex 5.65606061894389 625.2226190374964 52.598076211353316
      vertex 21.11111111111111 640.6776695296637 80
      vertex 5.753661507843403 625.320219926396 52.6730195725651
    endloop
  endfacet
  facet normal -0.707106781186547 0.7071067811865479 0
    outer loop
      vertex -7.6776695296636905 611.8888888888889 20
      vertex -7.6776695296636905 611.8888888888889 80
      vertex 4.879603483636328 624.4461619021889 51.5
    endloop
  endfacet
  facet normal -0.707106781186421 0.707106781186674 1.0845617527156607e-13
    outer loop
      vertex -7.6776695296636905 611.8888888888889 80
      vertex 4.937631853396365 624.5041902719489 51.63391710504508
      vertex 4.879603483636328 624.4461619021889 51.5
    endloop
  endfacet
  facet normal -0.707106781186524 0.707106781186571 1.764320039020828e-14
    outer loop
      vertex -7.6776695296636905 611.8888888888889 80
      vertex 5.000536582270659 624.5670950008232 51.76335575687742
      vertex 4.937631853396365 624.5041902719489 51.63391710504508
    endloop
  endfacet
  facet normal -0.7071067811867262 0.707106781186369 -1.6129290797613616e-13
    outer loop
      vertex -7.6776695296636905 611.8888888888889 80
      vertex 5.068145252769821 624.6347036713224 51.88796117314951
      vertex 5.000536582270659 624.5670950008232 51.76335575687742
    endloop
  endfacet
  facet normal -0.7071067811865476 0.7071067811865476 0
    outer loop
      vertex -7.6776695296636905 611.8888888888889 80
      vertex 5.140272554227434 624.70683097278 52.007391819076574
      vertex 5.068145252769821 624.6347036713224 51.88796117314951
    endloop
  endfacet
  facet normal -0.707106781186426 0.707106781186669 1.159464994112836e-13
    outer loop
      vertex -7.6776695296636905 611.8888888888889 80
      vertex 5.297280422956266 624.8638388415088 52.22943447643218
      vertex 5.216720790723713 624.7832792092763 52.121320343559645
    endloop
  endfacet
  facet normal -0.7071067811865419 0.7071067811865531 5.582062907563151e-15
    outer loop
      vertex -7.6776695296636905 611.8888888888889 80
      vertex 5.216720790723713 624.7832792092763 52.121320343559645
      vertex 5.140272554227434 624.70683097278 52.007391819076574
    endloop
  endfacet
  facet normal -0.7071067811866187 0.7071067811864763 -6.573579789989566e-14
    outer loop
      vertex -7.6776695296636905 611.8888888888889 80
      vertex 5.381730642572782 624.9482890611254 52.331437884370914
      vertex 5.297280422956266 624.8638388415088 52.22943447643218
    endloop
  endfacet
  facet normal -0.707106781186553 0.7071067811865421 0
    outer loop
      vertex -7.6776695296636905 611.8888888888889 80
      vertex 5.469839977391351 625.0363983959439 52.42705098312484
      vertex 5.381730642572782 624.9482890611254 52.331437884370914
    endloop
  endfacet
  facet normal -0.7071067811865638 0.7071067811865311 -1.0883109070117872e-14
    outer loop
      vertex -7.6776695296636905 611.8888888888889 80
      vertex 5.561366925849642 625.1279253444022 52.51601170383627
      vertex 5.469839977391351 625.0363983959439 52.42705098312484
    endloop
  endfacet
  facet normal -0.7071067811864168 0.7071067811866782 1.2530043244551747e-13
    outer loop
      vertex -7.6776695296636905 611.8888888888889 80
      vertex 5.65606061894389 625.2226190374964 52.598076211353316
      vertex 5.561366925849642 625.1279253444022 52.51601170383627
    endloop
  endfacet
  facet normal 0.7071067811864187 -0.7071067811866765 6.4425300969056e-14
    outer loop
      vertex 33.4887806407748 617.7 80
      vertex 26.332312884451156 610.5435322436764 51.2202099292274
      vertex 26.374813471465004 610.5860328306902 51.0751038486359
    endloop
  endfacet
  facet normal 0.7071067811863443 -0.7071067811867509 9.927765602392594e-14
    outer loop
      vertex 33.4887806407748 617.7 80
      vertex 26.374813471465004 610.5860328306902 51.0751038486359
      vertex 26.41188585627927 610.6231052155044 50.92705098312484
    endloop
  endfacet
  facet normal 0.7071067811865476 -0.7071067811865476 0
    outer loop
      vertex 33.4887806407748 617.7 80
      vertex 26.284500586392554 610.4957199456178 51.36197149921864
      vertex 26.332312884451156 610.5435322436764 51.2202099292274
    endloop
  endfacet
  facet normal 0.7071067811866635 -0.7071067811864314 -5.800318839320793e-14
    outer loop
      vertex 33.4887806407748 617.7 80
      vertex 26.231507627474784 610.4427269867 51.5
      vertex 26.284500586392554 610.4957199456178 51.36197149921864
    endloop
  endfacet
  facet normal 0.7071067811863868 -0.7071067811867083 8.41949092471203e-14
    outer loop
      vertex 33.4887806407748 617.7 80
      vertex 26.173479257714746 610.38469861694 51.63391710504508
      vertex 26.231507627474784 610.4427269867 51.5
    endloop
  endfacet
  facet normal 0.7071067811869413 -0.7071067811861539 -2.0235198544172841e-13
    outer loop
      vertex 33.4887806407748 617.7 80
      vertex 26.110574528840452 610.3217938880656 51.76335575687742
      vertex 26.173479257714746 610.38469861694 51.63391710504508
    endloop
  endfacet
  facet normal 0.7071067811789736 -0.7071067811941215 -3.5641933165789773e-12
    outer loop
      vertex 15.3 599.5112193592252 80
      vertex 22.376894784495526 606.5881141437208 49.07294901687516
      vertex 22.345352214710744 606.5565715739359 49.22354286469244
    endloop
  endfacet
  facet normal 0.7071067811859693 -0.7071067811871257 -2.5296649495813967e-13
    outer loop
      vertex 15.3 599.5112193592252 80
      vertex 22.345352214710744 606.5565715739359 49.22354286469244
      vertex 22.319425915946724 606.5306452751719 49.37626492754672
    endloop
  endfacet
  facet normal 0.7071067811866125 -0.7071067811864826 3.246864725657703e-14
    outer loop
      vertex 15.3 599.5112193592252 80
      vertex 22.319425915946724 606.5306452751719 49.37626492754672
      vertex 22.299186950386268 606.5104063096114 49.53069660487931
    endloop
  endfacet
  facet normal 0.7071067811876792 -0.7071067811854159 5.193178245493349e-13
    outer loop
      vertex 15.3 599.5112193592252 80
      vertex 22.299186950386268 606.5104063096114 49.53069660487931
      vertex 22.284690791627185 606.4959101508524 49.68641461019704
    endloop
  endfacet
  facet normal 0.7071067811861721 -0.7071067811869232 -1.6353857334365288e-13
    outer loop
      vertex 15.3 599.5112193592252 80
      vertex 22.284690791627185 606.4959101508524 49.68641461019704
      vertex 22.27597717263302 606.4871965318582 49.84299213127117
    endloop
  endfacet
  facet normal 0.7071067811863979 -0.7071067811866971 -6.980882845407031e-14
    outer loop
      vertex 15.3 599.5112193592252 80
      vertex 22.27597717263302 606.4871965318582 49.84299213127117
      vertex 22.273069976827756 606.4842893360529 50
    endloop
  endfacet
  facet normal 0.7071067811866835 -0.7071067811864115 5.950727531303497e-14
    outer loop
      vertex 15.3 599.5112193592252 80
      vertex 22.273069976827756 606.4842893360529 50
      vertex 22.27597717263302 606.4871965318582 50.15700786872883
    endloop
  endfacet
  facet normal 0.7071067811867704 -0.7071067811863245 1.0031340239084869e-13
    outer loop
      vertex 15.3 599.5112193592252 80
      vertex 22.27597717263302 606.4871965318582 50.15700786872883
      vertex 22.284690791627185 606.4959101508524 50.31358538980296
    endloop
  endfacet
  facet normal 0.7071067811860908 -0.7071067811870043 -2.2176022073327003e-13
    outer loop
      vertex 15.3 599.5112193592252 80
      vertex 22.284690791627185 606.4959101508524 50.31358538980296
      vertex 22.299186950386268 606.5104063096114 50.46930339512069
    endloop
  endfacet
  facet normal 0.7071067811866243 -0.7071067811864709 3.8360953880540286e-14
    outer loop
      vertex 15.3 599.5112193592252 80
      vertex 22.319425915946724 606.5306452751719 50.62373507245328
      vertex 22.345352214710744 606.5565715739359 50.77645713530756
    endloop
  endfacet
  facet normal 0.707106781186882 -0.7071067811862131 1.6217441062046107e-13
    outer loop
      vertex 15.3 599.5112193592252 80
      vertex 22.345352214710744 606.5565715739359 50.77645713530756
      vertex 22.376894784495526 606.5881141437208 50.92705098312484
    endloop
  endfacet
  facet normal 0.7071067811864187 -0.7071067811866765 -6.220373886667476e-14
    outer loop
      vertex 15.3 599.5112193592252 80
      vertex 22.4139671693098 606.625186528535 51.0751038486359
      vertex 22.456467756323647 606.6676871155488 51.2202099292274
    endloop
  endfacet
  facet normal 0.7071067811863111 -0.7071067811867839 -1.1818768574276344e-13
    outer loop
      vertex 15.3 599.5112193592252 80
      vertex 22.376894784495526 606.5881141437208 50.92705098312484
      vertex 22.4139671693098 606.625186528535 51.0751038486359
    endloop
  endfacet
  facet normal 0.7071067811865176 -0.7071067811865774 -8.979616667973274e-15
    outer loop
      vertex 15.3 599.5112193592252 80
      vertex 22.299186950386268 606.5104063096114 50.46930339512069
      vertex 22.319425915946724 606.5306452751719 50.62373507245328
    endloop
  endfacet
  facet normal 0.7071067811865518 -0.7071067811865434 0
    outer loop
      vertex 15.3 599.5112193592252 80
      vertex 22.456467756323647 606.6676871155488 51.2202099292274
      vertex 22.50428005438225 606.7154994136074 51.36197149921864
    endloop
  endfacet
  facet normal 0.7071067811866755 -0.7071067811864195 6.400351822698915e-14
    outer loop
      vertex 15.3 599.5112193592252 80
      vertex 22.50428005438225 606.7154994136074 51.36197149921864
      vertex 22.557273013300016 606.7684923725252 51.5
    endloop
  endfacet
  facet normal 0.7071067811868346 -0.7071067811862606 1.4542757051766586e-13
    outer loop
      vertex 15.3 599.5112193592252 80
      vertex 22.557273013300016 606.7684923725252 51.5
      vertex 22.61530138306005 606.8265207422853 51.63391710504508
    endloop
  endfacet
  facet normal 0.7071067811865255 -0.7071067811865696 -1.4716508032134202e-14
    outer loop
      vertex 15.3 599.5112193592252 80
      vertex 22.61530138306005 606.8265207422853 51.63391710504508
      vertex 22.678206111934344 606.8894254711596 51.76335575687742
    endloop
  endfacet
  facet normal 0.7071067811863699 -0.7071067811867252 9.414760165218912e-14
    outer loop
      vertex 33.4887806407748 617.7 80
      vertex 26.04296585834129 610.2541852175665 51.88796117314951
      vertex 26.110574528840452 610.3217938880656 51.76335575687742
    endloop
  endfacet
  facet normal 0.7071067811864583 -0.7071067811866367 6.15120251975139e-14
    outer loop
      vertex 33.4887806407748 617.7 80
      vertex 24.94342842606406 609.1546477852893 52.897777478867205
      vertex 25.049914357060633 609.2611337162858 52.85316954888546
    endloop
  endfacet
  facet normal 0.7071067811867119 -0.7071067811863831 -1.0544463868440242e-13
    outer loop
      vertex 33.4887806407748 617.7 80
      vertex 24.835437619782994 609.0466569790082 52.93444280220142
      vertex 24.94342842606406 609.1546477852893 52.897777478867205
    endloop
  endfacet
  facet normal 0.7071067811866334 -0.7071067811864615 -5.411616767583717e-14
    outer loop
      vertex 33.4887806407748 617.7 80
      vertex 24.616128675998098 608.8273480352233 52.98356568610482
      vertex 24.726237933511115 608.9374572927363 52.96306502178541
    endloop
  endfacet
  facet normal 0.7071067811864189 -0.7071067811866761 8.156252556588483e-14
    outer loop
      vertex 33.4887806407748 617.7 80
      vertex 24.726237933511115 608.9374572927363 52.96306502178541
      vertex 24.835437619782994 609.0466569790082 52.93444280220142
    endloop
  endfacet
  facet normal 0.7071067811865248 -0.7071067811865702 1.620470742081795e-14
    outer loop
      vertex 33.4887806407748 617.7 80
      vertex 24.505411649065202 608.7166310082904 52.99588860426372
      vertex 24.616128675998098 608.8273480352233 52.98356568610482
    endloop
  endfacet
  facet normal 0.7071067811865244 -0.7071067811865707 1.3243759621354926e-14
    outer loop
      vertex 33.4887806407748 617.7 80
      vertex 24.3943903203874 608.6056096796126 53
      vertex 24.505411649065202 608.7166310082904 52.99588860426372
    endloop
  endfacet
  facet normal 0.7071067811865509 -0.7071067811865441 0
    outer loop
      vertex 33.4887806407748 617.7 80
      vertex 25.8943903203874 610.1056096796126 52.121320343559645
      vertex 25.970838556883677 610.1820579161089 52.007391819076574
    endloop
  endfacet
  facet normal 0.7071067811863904 -0.7071067811867049 8.846291865907173e-14
    outer loop
      vertex 33.4887806407748 617.7 80
      vertex 25.813830688154844 610.0250500473801 52.22943447643218
      vertex 25.8943903203874 610.1056096796126 52.121320343559645
    endloop
  endfacet
  facet normal 0.7071067811865507 -0.7071067811865444 0
    outer loop
      vertex 33.4887806407748 617.7 80
      vertex 25.641271133719762 609.852490492945 52.42705098312484
      vertex 25.72938046853833 609.9405998277635 52.331437884370914
    endloop
  endfacet
  facet normal 0.7071067811866374 -0.7071067811864575 -4.818541868089601e-14
    outer loop
      vertex 33.4887806407748 617.7 80
      vertex 25.72938046853833 609.9405998277635 52.331437884370914
      vertex 25.813830688154844 610.0250500473801 52.22943447643218
    endloop
  endfacet
  facet normal 0.7071067811867513 -0.7071067811863437 -1.158001482154039e-13
    outer loop
      vertex 33.4887806407748 617.7 80
      vertex 25.455050492167224 609.6662698513924 52.598076211353316
      vertex 25.54974418526147 609.7609635444867 52.51601170383627
    endloop
  endfacet
  facet normal 0.70710678118656 -0.707106781186535 -4.678423184056693e-15
    outer loop
      vertex 33.4887806407748 617.7 80
      vertex 25.54974418526147 609.7609635444867 52.51601170383627
      vertex 25.641271133719762 609.852490492945 52.42705098312484
    endloop
  endfacet
  facet normal 0.7071067811864401 -0.7071067811866548 6.440369192159657e-14
    outer loop
      vertex 33.4887806407748 617.7 80
      vertex 25.35744960326771 609.5686689624929 52.6730195725651
      vertex 25.455050492167224 609.6662698513924 52.598076211353316
    endloop
  endfacet
  facet normal 0.7071067811863643 -0.7071067811867306 1.1294948720790793e-13
    outer loop
      vertex 33.4887806407748 617.7 80
      vertex 25.154603542237602 609.3658229014628 52.800741279491604
      vertex 25.25720903581525 609.4684283950404 52.7406363729278
    endloop
  endfacet
  facet normal 0.7071067811866331 -0.707106781186462 -4.88821021526691e-14
    outer loop
      vertex 33.4887806407748 617.7 80
      vertex 25.25720903581525 609.4684283950404 52.7406363729278
      vertex 25.35744960326771 609.5686689624929 52.6730195725651
    endloop
  endfacet
  facet normal 0.7071067811865475 -0.7071067811865475 0
    outer loop
      vertex 33.4887806407748 617.7 80
      vertex 25.970838556883677 610.1820579161089 52.007391819076574
      vertex 26.04296585834129 610.2541852175665 51.88796117314951
    endloop
  endfacet
  facet normal 0.707106781186621 -0.7071067811864741 -4.283267994660542e-14
    outer loop
      vertex 33.4887806407748 617.7 80
      vertex 25.049914357060633 609.2611337162858 52.85316954888546
      vertex 25.154603542237602 609.3658229014628 52.800741279491604
    endloop
  endfacet
  facet normal 0.7071067811863592 -0.7071067811867358 -1.0125308102216413e-13
    outer loop
      vertex 15.3 599.5112193592252 80
      vertex 22.678206111934344 606.8894254711596 51.76335575687742
      vertex 22.74581478243351 606.9570341416587 51.88796117314951
    endloop
  endfacet
  facet normal 0.707106781186514 -0.7071067811865811 -2.3797380569621826e-14
    outer loop
      vertex 24.3943903203874 608.6056096796126 53
      vertex 15.3 599.5112193592252 80
      vertex 24.283368991709597 608.4945883509348 52.99588860426372
    endloop
  endfacet
  facet normal 0.7071067811865257 -0.7071067811865693 -1.5976828722712714e-14
    outer loop
      vertex 24.283368991709597 608.4945883509348 52.99588860426372
      vertex 15.3 599.5112193592252 80
      vertex 24.1726519647767 608.3838713240019 52.98356568610482
    endloop
  endfacet
  facet normal 0.707106781186446 -0.7071067811866489 -6.76632277172641e-14
    outer loop
      vertex 15.3 599.5112193592252 80
      vertex 23.738866283714167 607.9500856429394 52.85316954888546
      vertex 23.845352214710744 608.0565715739359 52.897777478867205
    endloop
  endfacet
  facet normal 0.7071067811867262 -0.7071067811863689 1.1222876065858447e-13
    outer loop
      vertex 23.953343020991806 608.164562380217 52.93444280220142
      vertex 15.3 599.5112193592252 80
      vertex 23.845352214710744 608.0565715739359 52.897777478867205
    endloop
  endfacet
  facet normal 0.7071067811866463 -0.7071067811864489 6.366607961863312e-14
    outer loop
      vertex 15.3 599.5112193592252 80
      vertex 24.062542707263688 608.2737620664889 52.96306502178541
      vertex 24.1726519647767 608.3838713240019 52.98356568610482
    endloop
  endfacet
  facet normal 0.7071067811864095 -0.7071067811866856 -9.09735862081011e-14
    outer loop
      vertex 15.3 599.5112193592252 80
      vertex 23.953343020991806 608.164562380217 52.93444280220142
      vertex 24.062542707263688 608.2737620664889 52.96306502178541
    endloop
  endfacet
  facet normal 0.707106781186739 -0.7071067811863561 1.0962414031058046e-13
    outer loop
      vertex 15.3 599.5112193592252 80
      vertex 23.23903645551333 607.4502558147385 52.51601170383627
      vertex 23.33373014860758 607.5449495078328 52.598076211353316
    endloop
  endfacet
  facet normal 0.7071067811865509 -0.7071067811865441 0
    outer loop
      vertex 15.3 599.5112193592252 80
      vertex 22.817942083891126 607.0291614431163 52.007391819076574
      vertex 22.8943903203874 607.1056096796126 52.121320343559645
    endloop
  endfacet
  facet normal 0.7071067811864001 -0.707106781186695 -8.1910109869512e-14
    outer loop
      vertex 15.3 599.5112193592252 80
      vertex 22.8943903203874 607.1056096796126 52.121320343559645
      vertex 22.974949952619955 607.1861693118451 52.22943447643218
    endloop
  endfacet
  facet normal 0.7071067811865507 -0.7071067811865444 0
    outer loop
      vertex 15.3 599.5112193592252 80
      vertex 23.059400172236472 607.2706195314616 52.331437884370914
      vertex 23.14750950705504 607.3587288662802 52.42705098312484
    endloop
  endfacet
  facet normal 0.7071067811866246 -0.7071067811864704 4.3366876812805626e-14
    outer loop
      vertex 15.3 599.5112193592252 80
      vertex 22.974949952619955 607.1861693118451 52.22943447643218
      vertex 23.059400172236472 607.2706195314616 52.331437884370914
    endloop
  endfacet
  facet normal 0.7071067811865694 -0.7071067811865257 1.0916320762799095e-14
    outer loop
      vertex 15.3 599.5112193592252 80
      vertex 23.14750950705504 607.3587288662802 52.42705098312484
      vertex 23.23903645551333 607.4502558147385 52.51601170383627
    endloop
  endfacet
  facet normal 0.707106781186343 -0.7071067811867521 -1.282129314251889e-13
    outer loop
      vertex 15.3 599.5112193592252 80
      vertex 23.531571604959545 607.7427909641848 52.7406363729278
      vertex 23.6341770985372 607.8453964577624 52.800741279491604
    endloop
  endfacet
  facet normal 0.7071067811864432 -0.7071067811866518 -6.133684944913985e-14
    outer loop
      vertex 15.3 599.5112193592252 80
      vertex 23.33373014860758 607.5449495078328 52.598076211353316
      vertex 23.431331037507093 607.6425503967323 52.6730195725651
    endloop
  endfacet
  facet normal 0.7071067811866514 -0.7071067811864437 6.110262769083796e-14
    outer loop
      vertex 15.3 599.5112193592252 80
      vertex 23.431331037507093 607.6425503967323 52.6730195725651
      vertex 23.531571604959545 607.7427909641848 52.7406363729278
    endloop
  endfacet
  facet normal 0.7071067811866301 -0.7071067811864649 4.895163422469255e-14
    outer loop
      vertex 15.3 599.5112193592252 80
      vertex 23.6341770985372 607.8453964577624 52.800741279491604
      vertex 23.738866283714167 607.9500856429394 52.85316954888546
    endloop
  endfacet
  facet normal 0.7071067811865372 -0.7071067811865579 -6.889902338857994e-15
    outer loop
      vertex 15.3 599.5112193592252 80
      vertex 22.74581478243351 606.9570341416587 51.88796117314951
      vertex 22.817942083891126 607.0291614431163 52.007391819076574
    endloop
  endfacet
  facet normal 0.7071067811865493 -0.7071067811865456 4.0923036198070725e-17
    outer loop
      vertex 33.4887806407748 617.7 80
      vertex 15.3 599.5112193592252 80
      vertex 24.3943903203874 608.6056096796126 53
    endloop
  endfacet
  facet normal 0.7071067811865515 -0.7071067811865437 0
    outer loop
      vertex 33.4887806407748 617.7 20
      vertex 33.4887806407748 617.7 80
      vertex 26.41188585627927 610.6231052155044 50.92705098312484
    endloop
  endfacet
  facet normal 0.7071067811865516 -0.7071067811865435 0
    outer loop
      vertex 15.3 599.5112193592252 20
      vertex 22.376894784495526 606.5881141437208 49.07294901687516
      vertex 15.3 599.5112193592252 80
    endloop
  endfacet
  facet normal 0 1 0
    outer loop
      vertex -7.6776695296636905 611.8888888888889 20
      vertex -10.3 611.8888888888889 20
      vertex -7.6776695296636905 611.8888888888889 80
    endloop
  endfacet
  facet normal 0 1 0
    outer loop
      vertex -10.3 611.8888888888889 20
      vertex -10.3 611.8888888888889 80
      vertex -7.6776695296636905 611.8888888888889 80
    endloop
  endfacet
  facet normal -1 0 0
    outer loop
      vertex -10.3 611.8888888888889 20
      vertex -10.3 561.8888888888889 20
      vertex -10.3 611.8888888888889 80
    endloop
  endfacet
  facet normal 0 -1 0
    outer loop
      vertex -10.3 561.8888888888889 20
      vertex -0.3 561.8888888888889 20
      vertex -0.3 561.8888888888889 80
    endloop
  endfacet
  facet normal 1 0 0
    outer loop
      vertex 15.3 561.8888888888889 20
      vertex 15.3 599.5112193592252 20
      vertex 15.3 561.8888888888889 80
    endloop
  endfacet
  facet normal 0 -1 0
    outer loop
      vertex 5.3 561.8888888888889 20
      vertex 15.3 561.8888888888889 20
      vertex 15.3 561.8888888888889 80
    endloop
  endfacet
  facet normal 1 0 0
    outer loop
      vertex 15.3 599.5112193592252 20
      vertex 15.3 599.5112193592252 80
      vertex 15.3 561.8888888888889 80
    endloop
  endfacet
  facet normal -1 0 0
    outer loop
      vertex -10.3 561.8888888888889 20
      vertex -10.3 561.8888888888889 80
      vertex -10.3 611.8888888888889 80
    endloop
  endfacet
  facet normal 0 -1 0
    outer loop
      vertex -10.3 561.8888888888889 20
      vertex -0.3 561.8888888888889 80
      vertex -10.3 561.8888888888889 80
    endloop
  endfacet
  facet normal 0 -1 0
    outer loop
      vertex 15.3 561.8888888888889 80
      vertex 5.3 561.8888888888889 80
      vertex 5.3 561.8888888888889 20
    endloop
  endfacet
  facet normal -1 0 0
    outer loop
      vertex 21.11111111111111 640.6776695296637 20
      vertex 21.11111111111111 643.3 80
      vertex 21.11111111111111 643.3 20
    endloop
  endfacet
  facet normal -1 0 0
    outer loop
      vertex 21.11111111111111 640.6776695296637 20
      vertex 21.11111111111111 640.6776695296637 80
      vertex 21.11111111111111 643.3 80
    endloop
  endfacet
  facet normal 0 1 0
    outer loop
      vertex 21.11111111111111 643.3 20
      vertex 71.11111111111111 643.3 80
      vertex 71.11111111111111 643.3 20
    endloop
  endfacet
  facet normal 1 0 0
    outer loop
      vertex 71.11111111111111 643.3 20
      vertex 71.11111111111111 643.3 80
      vertex 71.11111111111111 633.3 20
    endloop
  endfacet
  facet normal 1 0 0
    outer loop
      vertex 71.11111111111111 617.7 20
      vertex 71.11111111111111 627.7 20
      vertex 71.11111111111111 627.7 80
    endloop
  endfacet
  facet normal 0 -1 0
    outer loop
      vertex 33.4887806407748 617.7 20
      vertex 71.11111111111111 617.7 20
      vertex 33.4887806407748 617.7 80
    endloop
  endfacet
  facet normal 0 1 0
    outer loop
      vertex 21.11111111111111 643.3 20
      vertex 21.11111111111111 643.3 80
      vertex 71.11111111111111 643.3 80
    endloop
  endfacet
  facet normal 1 0 0
    outer loop
      vertex 71.11111111111111 643.3 80
      vertex 71.11111111111111 633.3 80
      vertex 71.11111111111111 633.3 20
    endloop
  endfacet
  facet normal 0 -1 0
    outer loop
      vertex 71.11111111111111 617.7 20
      vertex 71.11111111111111 617.7 80
      vertex 33.4887806407748 617.7 80
    endloop
  endfacet
  facet normal 1 0 0
    outer loop
      vertex 71.11111111111111 617.7 20
      vertex 71.11111111111111 627.7 80
      vertex 71.11111111111111 617.7 80
    endloop
  endfacet
  facet normal -0.48674018833372695 -0.48674018833372934 0.7253743710124404
    outer loop
      vertex 8.136161158491158 627.7027195770437 47.77056552356782
      vertex 25.813830688154844 610.0250500473801 47.77056552356782
      vertex 8.216720790723713 627.7832792092763 47.878679656440355
    endloop
  endfacet
  facet normal -0.4592291190027792 -0.45922911900277846 0.7604059655998651
    outer loop
      vertex 8.05171093887464 627.6182693574273 47.668562115629086
      vertex 25.72938046853833 609.9405998277635 47.668562115629086
      vertex 8.136161158491158 627.7027195770437 47.77056552356782
    endloop
  endfacet
  facet normal -0.5129171366417227 -0.5129171366417218 0.6883545756937435
    outer loop
      vertex 8.216720790723713 627.7832792092763 47.878679656440355
      vertex 25.8943903203874 610.1056096796126 47.878679656440355
      vertex 8.29316902721999 627.8597274457726 47.992608180923426
    endloop
  endfacet
  facet normal -0.5376882147304896 -0.5376882147304887 0.6494480483301792
    outer loop
      vertex 8.29316902721999 627.8597274457726 47.992608180923426
      vertex 25.970838556883677 610.1820579161089 47.992608180923426
      vertex 8.365296328677601 627.9318547472302 48.11203882685049
    endloop
  endfacet
  facet normal -0.23603709377076484 -0.23603709377076448 0.9426414910921874
    outer loop
      vertex 7.372244827396943 626.9388032459495 47.14683045111454
      vertex 25.049914357060633 609.2611337162858 47.14683045111454
      vertex 7.476934012573913 627.0434924311265 47.199258720508396
    endloop
  endfacet
  facet normal -0.20082917620120677 -0.20082917620120647 0.9588197348681813
    outer loop
      vertex 7.26575889640037 626.832317314953 47.102222521132795
      vertex 24.94342842606406 609.1546477852893 47.102222521132795
      vertex 7.372244827396943 626.9388032459495 47.14683045111454
    endloop
  endfacet
  facet normal -0.1288599758486101 -0.1288599758486099 0.9832549075639497
    outer loop
      vertex 7.0485684038474234 626.6151268224 47.03693497821459
      vertex 24.726237933511115 608.9374572927363 47.03693497821459
      vertex 7.157768090119306 626.7243265086719 47.06555719779858
    endloop
  endfacet
  facet normal -0.16507079981902695 -0.1650707998190267 0.9723699203976919
    outer loop
      vertex 7.157768090119306 626.7243265086719 47.06555719779858
      vertex 24.835437619782994 609.0466569790082 47.06555719779858
      vertex 7.26575889640037 626.832317314953 47.102222521132795
    endloop
  endfacet
  facet normal -0.09229595564124317 -0.09229595564124299 0.991444861373813
    outer loop
      vertex 6.938459146334412 626.505017564887 47.01643431389518
      vertex 24.616128675998098 608.8273480352233 47.01643431389518
      vertex 7.0485684038474234 626.6151268224 47.03693497821459
    endloop
  endfacet
  facet normal -0.018509897659279753 -0.01850989765927972 0.9996573249755568
    outer loop
      vertex 6.716720790723712 626.2832792092763 47
      vertex 24.3943903203874 608.6056096796126 47
      vertex 6.827742119401516 626.3943005379541 47.00411139573628
    endloop
  endfacet
  facet normal -0.055478958634923074 -0.05547895863492298 0.9969173337331281
    outer loop
      vertex 6.827742119401516 626.3943005379541 47.00411139573628
      vertex 24.505411649065202 608.7166310082904 47.00411139573628
      vertex 6.938459146334412 626.505017564887 47.01643431389518
    endloop
  endfacet
  facet normal -0.33740219508218017 -0.33740219508217967 0.8788171126619311
    outer loop
      vertex 7.679780073604022 627.2463384921566 47.3269804274349
      vertex 25.35744960326771 609.5686689624929 47.3269804274349
      vertex 7.777380962503532 627.3439393810561 47.401923788646684
    endloop
  endfacet
  facet normal -0.4005096910358885 -0.40050969103588785 0.8241261886220307
    outer loop
      vertex 7.872074655597782 627.4386330741504 47.48398829616373
      vertex 25.54974418526147 609.7609635444867 47.48398829616373
      vertex 7.963601604056072 627.5301600226087 47.57294901687516
    endloop
  endfacet
  facet normal -0.3694622782707975 -0.369462278270797 0.8526401643541688
    outer loop
      vertex 7.777380962503532 627.3439393810561 47.401923788646684
      vertex 25.455050492167224 609.6662698513924 47.401923788646684
      vertex 7.872074655597782 627.4386330741504 47.48398829616373
    endloop
  endfacet
  facet normal -0.3044173159291706 -0.30441731592917 0.9025852843498832
    outer loop
      vertex 7.5795395061515665 627.1460979247041 47.2593636270722
      vertex 25.25720903581525 609.4684283950404 47.2593636270722
      vertex 7.679780073604022 627.2463384921566 47.3269804274349
    endloop
  endfacet
  facet normal -0.270598050073165 -0.27059805007316456 0.923879532511248
    outer loop
      vertex 7.476934012573913 627.0434924311265 47.199258720508396
      vertex 25.154603542237602 609.3658229014628 47.199258720508396
      vertex 7.5795395061515665 627.1460979247041 47.2593636270722
    endloop
  endfacet
  facet normal -0.43045933457688385 -0.4304593345768832 0.7933533402912307
    outer loop
      vertex 7.963601604056072 627.5301600226087 47.57294901687516
      vertex 25.641271133719762 609.852490492945 47.57294901687516
      vertex 8.05171093887464 627.6182693574273 47.668562115629086
    endloop
  endfacet
  facet normal -0.6532814824380951 -0.6532814824380982 0.3826834323654025
    outer loop
      vertex 8.697143941801313 628.2637023603539 48.9248961513641
      vertex 8.654643354787465 628.22120177334 48.7797900707726
      vertex 26.332312884451156 610.5435322436764 48.7797900707726
    endloop
  endfacet
  facet normal -0.6665481905791243 -0.6665481905791233 0.3338068592335877
    outer loop
      vertex 8.697143941801313 628.2637023603539 48.9248961513641
      vertex 26.374813471465004 610.5860328306902 48.9248961513641
      vertex 8.734216326615583 628.3007747451682 49.07294901687516
    endloop
  endfacet
  facet normal -0.5609855267970139 -0.560985526797013 0.6087614290085688
    outer loop
      vertex 8.365296328677601 627.9318547472302 48.11203882685049
      vertex 26.04296585834129 610.2541852175665 48.11203882685049
      vertex 8.432904999176765 627.9994634177293 48.23664424312258
    endloop
  endfacet
  facet normal -0.5827452165280637 -0.5827452165280628 0.5664062369248077
    outer loop
      vertex 8.432904999176765 627.9994634177293 48.23664424312258
      vertex 26.110574528840452 610.3217938880656 48.23664424312258
      vertex 8.495809728051059 628.0623681466036 48.36608289495492
    endloop
  endfacet
  facet normal -0.6029076421266831 -0.602907642126686 0.5224985647161945
    outer loop
      vertex 8.553838097811095 628.1203965163637 48.5
      vertex 8.495809728051059 628.0623681466036 48.36608289495492
      vertex 26.173479257714746 610.38469861694 48.36608289495492
    endloop
  endfacet
  facet normal -0.6214175397861673 -0.6214175397861663 0.4771587602593246
    outer loop
      vertex 8.606831056728865 628.1733894752814 48.63802850078136
      vertex 8.553838097811095 628.1203965163637 48.5
      vertex 26.231507627474784 610.4427269867 48.5
    endloop
  endfacet
  facet normal -0.6382241751629729 -0.638224175162976 0.4305110968082957
    outer loop
      vertex 8.654643354787465 628.22120177334 48.7797900707726
      vertex 8.606831056728865 628.1733894752814 48.63802850078136
      vertex 26.284500586392554 610.4957199456178 48.63802850078136
    endloop
  endfacet
  facet normal -0.6779879364607341 -0.6779879364607331 0.28401534470417716
    outer loop
      vertex 8.734216326615583 628.3007747451682 49.07294901687516
      vertex 26.41188585627927 610.6231052155044 49.07294901687516
      vertex 8.76575889640037 628.332317314953 49.22354286469244
    endloop
  endfacet
  facet normal -0.6875693645350929 -0.6875693645350919 0.2334453638554819
    outer loop
      vertex 8.791685195164387 628.3582436137169 49.37626492754672
      vertex 8.76575889640037 628.332317314953 49.22354286469244
      vertex 26.44342842606406 610.6546477852893 49.22354286469244
    endloop
  endfacet
  facet normal -0.6952662127734224 -0.6952662127734259 0.182235525492148
    outer loop
      vertex 8.791685195164387 628.3582436137169 49.37626492754672
      vertex 26.46935472482808 610.6805740840533 49.37626492754672
      vertex 8.811924160724844 628.3784825792774 49.53069660487931
    endloop
  endfacet
  facet normal -0.7010573846499563 -0.7010573846499597 0.13052619222026574
    outer loop
      vertex 8.811924160724844 628.3784825792774 49.53069660487931
      vertex 26.48959369038853 610.7008130496138 49.53069660487931
      vertex 8.826420319483926 628.3929787380365 49.68641461019704
    endloop
  endfacet
  facet normal -0.7049270069651015 -0.7049270069651004 0.07845909572795891
    outer loop
      vertex 8.826420319483926 628.3929787380365 49.68641461019704
      vertex 26.504089849147615 610.7153092083728 49.68641461019704
      vertex 8.83513393847809 628.4016923570307 49.84299213127117
    endloop
  endfacet
  facet normal -0.70686447335302 -0.7068644733530188 0.026176948307945692
    outer loop
      vertex 8.83513393847809 628.4016923570307 49.84299213127117
      vertex 26.51280346814178 610.724022827367 49.84299213127117
      vertex 8.838041134283356 628.404599552836 50
    endloop
  endfacet
  facet normal 0.018509897659279677 0.018509897659279646 0.9996573249755568
    outer loop
      vertex 6.605699462045907 626.1722578805985 47.00411139573628
      vertex 24.283368991709597 608.4945883509348 47.00411139573628
      vertex 6.716720790723712 626.2832792092763 47
    endloop
  endfacet
  facet normal 0.05547895863492373 0.05547895863492364 0.996917333733128
    outer loop
      vertex 6.494982435113013 626.0615408536656 47.01643431389518
      vertex 24.1726519647767 608.3838713240019 47.01643431389518
      vertex 6.605699462045907 626.1722578805985 47.00411139573628
    endloop
  endfacet
  facet normal 0.09229595564124278 0.09229595564124263 0.991444861373813
    outer loop
      vertex 6.384873177600001 625.9514315961526 47.03693497821459
      vertex 24.062542707263688 608.2737620664889 47.03693497821459
      vertex 6.494982435113013 626.0615408536656 47.01643431389518
    endloop
  endfacet
  facet normal 0.1288599758485433 0.12885997584854392 0.9832549075639672
    outer loop
      vertex 6.275673491328116 625.8422319098806 47.06555719779858
      vertex 23.953343020991806 608.164562380217 47.06555719779858
      vertex 6.384873177600001 625.9514315961526 47.03693497821459
    endloop
  endfacet
  facet normal 0.1650707998191104 0.16507079981911016 0.9723699203976635
    outer loop
      vertex 6.167682685047054 625.7342411035996 47.102222521132795
      vertex 23.845352214710744 608.0565715739359 47.102222521132795
      vertex 6.275673491328116 625.8422319098806 47.06555719779858
    endloop
  endfacet
  facet normal 0.20082917620120683 0.20082917620120647 0.9588197348681812
    outer loop
      vertex 6.0611967540504805 625.6277551726031 47.14683045111454
      vertex 23.738866283714167 607.9500856429394 47.14683045111454
      vertex 6.167682685047054 625.7342411035996 47.102222521132795
    endloop
  endfacet
  facet normal 0.2360370937707666 0.23603709377076623 0.9426414910921865
    outer loop
      vertex 5.956507568873512 625.5230659874261 47.199258720508396
      vertex 23.6341770985372 607.8453964577624 47.199258720508396
      vertex 6.0611967540504805 625.6277551726031 47.14683045111454
    endloop
  endfacet
  facet normal 0.270598050073037 0.2705980500730382 0.9238795325113224
    outer loop
      vertex 23.531571604959545 607.7427909641848 47.2593636270722
      vertex 5.956507568873512 625.5230659874261 47.199258720508396
      vertex 5.85390207529586 625.4204604938484 47.2593636270722
    endloop
  endfacet
  facet normal 0.30441731592931315 0.30441731592931265 0.9025852843497869
    outer loop
      vertex 23.431331037507093 607.6425503967323 47.3269804274349
      vertex 5.85390207529586 625.4204604938484 47.2593636270722
      vertex 5.753661507843403 625.320219926396 47.3269804274349
    endloop
  endfacet
  facet normal 0.33740219508202585 0.33740219508202746 0.8788171126620489
    outer loop
      vertex 23.33373014860758 607.5449495078328 47.401923788646684
      vertex 5.753661507843403 625.320219926396 47.3269804274349
      vertex 5.65606061894389 625.2226190374964 47.401923788646684
    endloop
  endfacet
  facet normal 0.4005096910358898 0.4005096910358892 0.8241261886220292
    outer loop
      vertex 23.14750950705504 607.3587288662802 47.57294901687516
      vertex 5.561366925849642 625.1279253444022 47.48398829616373
      vertex 5.469839977391351 625.0363983959439 47.57294901687516
    endloop
  endfacet
  facet normal 0.3694622782709561 0.3694622782709555 0.8526401643540314
    outer loop
      vertex 23.23903645551333 607.4502558147385 47.48398829616373
      vertex 5.65606061894389 625.2226190374964 47.401923788646684
      vertex 5.561366925849642 625.1279253444022 47.48398829616373
    endloop
  endfacet
  facet normal 0.43045933457688007 0.4304593345768794 0.7933533402912348
    outer loop
      vertex 23.059400172236472 607.2706195314616 47.668562115629086
      vertex 5.469839977391351 625.0363983959439 47.57294901687516
      vertex 5.381730642572782 624.9482890611254 47.668562115629086
    endloop
  endfacet
  facet normal 0.45922911900260754 0.4592291190026068 0.7604059656000725
    outer loop
      vertex 22.974949952619955 607.1861693118451 47.77056552356782
      vertex 5.381730642572782 624.9482890611254 47.668562115629086
      vertex 5.297280422956266 624.8638388415088 47.77056552356782
    endloop
  endfacet
  facet normal 0.4867401883339076 0.4867401883339068 0.7253743710122001
    outer loop
      vertex 22.8943903203874 607.1056096796126 47.878679656440355
      vertex 5.297280422956266 624.8638388415088 47.77056552356782
      vertex 5.216720790723713 624.7832792092763 47.878679656440355
    endloop
  endfacet
  facet normal 0.5129171366417183 0.5129171366417177 0.6883545756937498
    outer loop
      vertex 22.817942083891126 607.0291614431163 47.992608180923426
      vertex 5.216720790723713 624.7832792092763 47.878679656440355
      vertex 5.140272554227434 624.70683097278 47.992608180923426
    endloop
  endfacet
  facet normal 0.5376882147304887 0.5376882147304878 0.6494480483301807
    outer loop
      vertex 22.74581478243351 606.9570341416587 48.11203882685049
      vertex 5.140272554227434 624.70683097278 47.992608180923426
      vertex 5.068145252769821 624.6347036713224 48.11203882685049
    endloop
  endfacet
  facet normal 0.5609855267968386 0.5609855267968413 0.6087614290088884
    outer loop
      vertex 5.068145252769821 624.6347036713224 48.11203882685049
      vertex 5.000536582270659 624.5670950008232 48.23664424312258
      vertex 22.678206111934344 606.8894254711596 48.23664424312258
    endloop
  endfacet
  facet normal 0.5827452165280637 0.5827452165280664 0.566406236924804
    outer loop
      vertex 22.61530138306005 606.8265207422853 48.36608289495492
      vertex 5.000536582270659 624.5670950008232 48.23664424312258
      vertex 4.937631853396365 624.5041902719489 48.36608289495492
    endloop
  endfacet
  facet normal 0.6029076421268444 0.6029076421268436 0.5224985647158267
    outer loop
      vertex 22.557273013300016 606.7684923725252 48.5
      vertex 4.937631853396365 624.5041902719489 48.36608289495492
      vertex 4.879603483636328 624.4461619021889 48.5
    endloop
  endfacet
  facet normal 0.6214175397860154 0.6214175397860145 0.47715876025972004
    outer loop
      vertex 22.50428005438225 606.7154994136074 48.63802850078136
      vertex 4.879603483636328 624.4461619021889 48.5
      vertex 4.826610524718558 624.3931689432711 48.63802850078136
    endloop
  endfacet
  facet normal 0.6382241751629764 0.6382241751629754 0.4305110968082917
    outer loop
      vertex 22.456467756323647 606.6676871155488 48.7797900707726
      vertex 4.826610524718558 624.3931689432711 48.63802850078136
      vertex 4.7787982266599585 624.3453566452125 48.7797900707726
    endloop
  endfacet
  facet normal 0.6532814824382251 0.6532814824382241 0.38268343236496544
    outer loop
      vertex 22.4139671693098 606.625186528535 48.9248961513641
      vertex 4.7787982266599585 624.3453566452125 48.7797900707726
      vertex 4.73629763964611 624.3028560581987 48.9248961513641
    endloop
  endfacet
  facet normal 0.6665481905790074 0.6665481905790106 0.33380685923404607
    outer loop
      vertex 4.73629763964611 624.3028560581987 48.9248961513641
      vertex 4.699225254831839 624.2657836733844 49.07294901687516
      vertex 22.376894784495526 606.5881141437208 49.07294901687516
    endloop
  endfacet
  facet normal 0.6779879364608365 0.6779879364608355 0.28401534470368794
    outer loop
      vertex 22.345352214710744 606.5565715739359 49.22354286469244
      vertex 4.699225254831839 624.2657836733844 49.07294901687516
      vertex 4.667682685047053 624.2342411035996 49.22354286469244
    endloop
  endfacet
  facet normal 0.6952662127734263 0.6952662127734252 0.1822355254921364
    outer loop
      vertex 4.641756386283036 624.2083148048356 49.37626492754672
      vertex 4.621517420722581 624.1880758392751 49.53069660487931
      vertex 22.299186950386268 606.5104063096114 49.53069660487931
    endloop
  endfacet
  facet normal 0.6875693645350066 0.6875693645350056 0.2334453638559906
    outer loop
      vertex 22.319425915946724 606.5306452751719 49.37626492754672
      vertex 4.667682685047053 624.2342411035996 49.22354286469244
      vertex 4.641756386283036 624.2083148048356 49.37626492754672
    endloop
  endfacet
  facet normal 0.7010573846500038 0.7010573846500026 0.13052619221978043
    outer loop
      vertex 22.284690791627185 606.4959101508524 49.68641461019704
      vertex 4.621517420722581 624.1880758392751 49.53069660487931
      vertex 4.6070212619634985 624.1735796805161 49.68641461019704
    endloop
  endfacet
  facet normal 0.7049270069651012 0.7049270069651 0.078459095727965
    outer loop
      vertex 22.27597717263302 606.4871965318582 49.84299213127117
      vertex 4.6070212619634985 624.1735796805161 49.68641461019704
      vertex 4.598307642969333 624.1648660615219 49.84299213127117
    endloop
  endfacet
  facet normal 0.7068644733530203 0.7068644733530192 0.02617694830793511
    outer loop
      vertex 22.273069976827756 606.4842893360529 50
      vertex 4.598307642969333 624.1648660615219 49.84299213127117
      vertex 4.595400447164069 624.1619588657167 50
    endloop
  endfacet
  facet normal -0.4867401883339025 -0.48674018833390176 0.725374371012207
    outer loop
      vertex 8.216720790723713 627.7832792092763 47.878679656440355
      vertex 25.813830688154844 610.0250500473801 47.77056552356782
      vertex 25.8943903203874 610.1056096796126 47.878679656440355
    endloop
  endfacet
  facet normal -0.5376882147304887 -0.5376882147304878 0.6494480483301807
    outer loop
      vertex 8.365296328677601 627.9318547472302 48.11203882685049
      vertex 25.970838556883677 610.1820579161089 47.992608180923426
      vertex 26.04296585834129 610.2541852175665 48.11203882685049
    endloop
  endfacet
  facet normal -0.5129171366417234 -0.5129171366417227 0.6883545756937423
    outer loop
      vertex 8.29316902721999 627.8597274457726 47.992608180923426
      vertex 25.8943903203874 610.1056096796126 47.878679656440355
      vertex 25.970838556883677 610.1820579161089 47.992608180923426
    endloop
  endfacet
  facet normal -0.3374021950821736 -0.3374021950821732 0.878817112661936
    outer loop
      vertex 7.777380962503532 627.3439393810561 47.401923788646684
      vertex 25.35744960326771 609.5686689624929 47.3269804274349
      vertex 25.455050492167224 609.6662698513924 47.401923788646684
    endloop
  endfacet
  facet normal -0.30441731592916593 -0.30441731592916543 0.9025852843498862
    outer loop
      vertex 7.679780073604022 627.2463384921566 47.3269804274349
      vertex 25.25720903581525 609.4684283950404 47.2593636270722
      vertex 25.35744960326771 609.5686689624929 47.3269804274349
    endloop
  endfacet
  facet normal -0.2705980500731689 -0.2705980500731684 0.9238795325112455
    outer loop
      vertex 7.5795395061515665 627.1460979247041 47.2593636270722
      vertex 25.154603542237602 609.3658229014628 47.199258720508396
      vertex 25.25720903581525 609.4684283950404 47.2593636270722
    endloop
  endfacet
  facet normal -0.43045933457688007 -0.4304593345768794 0.7933533402912348
    outer loop
      vertex 8.05171093887464 627.6182693574273 47.668562115629086
      vertex 25.641271133719762 609.852490492945 47.57294901687516
      vertex 25.72938046853833 609.9405998277635 47.668562115629086
    endloop
  endfacet
  facet normal -0.4005096910358851 -0.4005096910358844 0.824126188622034
    outer loop
      vertex 7.963601604056072 627.5301600226087 47.57294901687516
      vertex 25.54974418526147 609.7609635444867 47.48398829616373
      vertex 25.641271133719762 609.852490492945 47.57294901687516
    endloop
  endfacet
  facet normal -0.369462278270801 -0.3694622782708004 0.8526401643541657
    outer loop
      vertex 7.872074655597782 627.4386330741504 47.48398829616373
      vertex 25.455050492167224 609.6662698513924 47.401923788646684
      vertex 25.54974418526147 609.7609635444867 47.48398829616373
    endloop
  endfacet
  facet normal -0.45922911900260527 -0.45922911900260743 0.7604059656000735
    outer loop
      vertex 8.136161158491158 627.7027195770437 47.77056552356782
      vertex 25.72938046853833 609.9405998277635 47.668562115629086
      vertex 25.813830688154844 610.0250500473801 47.77056552356782
    endloop
  endfacet
  facet normal -0.5609855267970131 -0.5609855267970122 0.6087614290085701
    outer loop
      vertex 8.432904999176765 627.9994634177293 48.23664424312258
      vertex 26.04296585834129 610.2541852175665 48.11203882685049
      vertex 26.110574528840452 610.3217938880656 48.23664424312258
    endloop
  endfacet
  facet normal 0.30441731592917287 0.3044173159291743 0.902585284349881
    outer loop
      vertex 23.531571604959545 607.7427909641848 47.2593636270722
      vertex 5.85390207529586 625.4204604938484 47.2593636270722
      vertex 23.431331037507093 607.6425503967323 47.3269804274349
    endloop
  endfacet
  facet normal 0.3374021950821754 0.3374021950821749 0.8788171126619347
    outer loop
      vertex 23.431331037507093 607.6425503967323 47.3269804274349
      vertex 5.753661507843403 625.320219926396 47.3269804274349
      vertex 23.33373014860758 607.5449495078328 47.401923788646684
    endloop
  endfacet
  facet normal 0.5129171366417254 0.5129171366417247 0.6883545756937393
    outer loop
      vertex 22.8943903203874 607.1056096796126 47.878679656440355
      vertex 5.216720790723713 624.7832792092763 47.878679656440355
      vertex 22.817942083891126 607.0291614431163 47.992608180923426
    endloop
  endfacet
  facet normal 0.5376882147304811 0.5376882147304803 0.6494480483301931
    outer loop
      vertex 22.817942083891126 607.0291614431163 47.992608180923426
      vertex 5.140272554227434 624.70683097278 47.992608180923426
      vertex 22.74581478243351 606.9570341416587 48.11203882685049
    endloop
  endfacet
  facet normal 0.40050969103589246 0.40050969103589185 0.8241261886220268
    outer loop
      vertex 23.23903645551333 607.4502558147385 47.48398829616373
      vertex 5.561366925849642 625.1279253444022 47.48398829616373
      vertex 23.14750950705504 607.3587288662802 47.57294901687516
    endloop
  endfacet
  facet normal 0.43045933457688246 0.4304593345768818 0.7933533402912323
    outer loop
      vertex 23.14750950705504 607.3587288662802 47.57294901687516
      vertex 5.469839977391351 625.0363983959439 47.57294901687516
      vertex 23.059400172236472 607.2706195314616 47.668562115629086
    endloop
  endfacet
  facet normal 0.36946227827079636 0.3694622782707981 0.8526401643541688
    outer loop
      vertex 23.33373014860758 607.5449495078328 47.401923788646684
      vertex 5.65606061894389 625.2226190374964 47.401923788646684
      vertex 23.23903645551333 607.4502558147385 47.48398829616373
    endloop
  endfacet
  facet normal 0.45922911900260044 0.4592291190025997 0.760405965600081
    outer loop
      vertex 23.059400172236472 607.2706195314616 47.668562115629086
      vertex 5.381730642572782 624.9482890611254 47.668562115629086
      vertex 22.974949952619955 607.1861693118451 47.77056552356782
    endloop
  endfacet
  facet normal 0.4867401883339121 0.48674018833391136 0.7253743710121943
    outer loop
      vertex 22.974949952619955 607.1861693118451 47.77056552356782
      vertex 5.297280422956266 624.8638388415088 47.77056552356782
      vertex 22.8943903203874 607.1056096796126 47.878679656440355
    endloop
  endfacet
  facet normal 0.5609855267970111 0.5609855267970102 0.6087614290085738
    outer loop
      vertex 22.74581478243351 606.9570341416587 48.11203882685049
      vertex 5.068145252769821 624.6347036713224 48.11203882685049
      vertex 22.678206111934344 606.8894254711596 48.23664424312258
    endloop
  endfacet
  facet normal -0.1288599758486123 -0.1288599758486121 0.9832549075639492
    outer loop
      vertex 7.157768090119306 626.7243265086719 47.06555719779858
      vertex 24.726237933511115 608.9374572927363 47.03693497821459
      vertex 24.835437619782994 609.0466569790082 47.06555719779858
    endloop
  endfacet
  facet normal -0.09229595564124078 -0.09229595564124066 0.9914448613738135
    outer loop
      vertex 7.0485684038474234 626.6151268224 47.03693497821459
      vertex 24.616128675998098 608.8273480352233 47.01643431389518
      vertex 24.726237933511115 608.9374572927363 47.03693497821459
    endloop
  endfacet
  facet normal -0.05547895863492339 -0.055478958634923296 0.9969173337331281
    outer loop
      vertex 6.938459146334412 626.505017564887 47.01643431389518
      vertex 24.505411649065202 608.7166310082904 47.00411139573628
      vertex 24.616128675998098 608.8273480352233 47.01643431389518
    endloop
  endfacet
  facet normal 0.09229595564124211 0.09229595564124195 0.9914448613738133
    outer loop
      vertex 6.494982435113013 626.0615408536656 47.01643431389518
      vertex 24.062542707263688 608.2737620664889 47.03693497821459
      vertex 24.1726519647767 608.3838713240019 47.01643431389518
    endloop
  endfacet
  facet normal 0.12885997584860864 0.12885997584860842 0.9832549075639501
    outer loop
      vertex 6.384873177600001 625.9514315961526 47.03693497821459
      vertex 23.953343020991806 608.164562380217 47.06555719779858
      vertex 24.062542707263688 608.2737620664889 47.03693497821459
    endloop
  endfacet
  facet normal -0.01850989765928029 -0.018509897659280256 0.9996573249755568
    outer loop
      vertex 6.827742119401516 626.3943005379541 47.00411139573628
      vertex 24.3943903203874 608.6056096796126 47
      vertex 24.505411649065202 608.7166310082904 47.00411139573628
    endloop
  endfacet
  facet normal 0.018509897659279757 0.018509897659279725 0.9996573249755568
    outer loop
      vertex 6.716720790723712 626.2832792092763 47
      vertex 24.283368991709597 608.4945883509348 47.00411139573628
      vertex 24.3943903203874 608.6056096796126 47
    endloop
  endfacet
  facet normal 0.05547895863492339 0.05547895863492331 0.9969173337331281
    outer loop
      vertex 6.605699462045907 626.1722578805985 47.00411139573628
      vertex 24.1726519647767 608.3838713240019 47.01643431389518
      vertex 24.283368991709597 608.4945883509348 47.00411139573628
    endloop
  endfacet
  facet normal -0.23603709377076515 -0.2360370937707648 0.9426414910921873
    outer loop
      vertex 7.476934012573913 627.0434924311265 47.199258720508396
      vertex 25.049914357060633 609.2611337162858 47.14683045111454
      vertex 25.154603542237602 609.3658229014628 47.199258720508396
    endloop
  endfacet
  facet normal -0.16507079981902567 -0.1650707998190254 0.9723699203976923
    outer loop
      vertex 24.835437619782994 609.0466569790082 47.06555719779858
      vertex 24.94342842606406 609.1546477852893 47.102222521132795
      vertex 7.26575889640037 626.832317314953 47.102222521132795
    endloop
  endfacet
  facet normal -0.20082917620120794 -0.20082917620120763 0.9588197348681807
    outer loop
      vertex 7.372244827396943 626.9388032459495 47.14683045111454
      vertex 24.94342842606406 609.1546477852893 47.102222521132795
      vertex 25.049914357060633 609.2611337162858 47.14683045111454
    endloop
  endfacet
  facet normal 0.20082917620120236 0.20082917620120205 0.9588197348681831
    outer loop
      vertex 6.167682685047054 625.7342411035996 47.102222521132795
      vertex 23.738866283714167 607.9500856429394 47.14683045111454
      vertex 23.845352214710744 608.0565715739359 47.102222521132795
    endloop
  endfacet
  facet normal 0.23603709377076837 0.23603709377076795 0.9426414910921856
    outer loop
      vertex 6.0611967540504805 625.6277551726031 47.14683045111454
      vertex 23.6341770985372 607.8453964577624 47.199258720508396
      vertex 23.738866283714167 607.9500856429394 47.14683045111454
    endloop
  endfacet
  facet normal 0.16507079981902908 0.16507079981902992 0.9723699203976909
    outer loop
      vertex 6.275673491328116 625.8422319098806 47.06555719779858
      vertex 23.845352214710744 608.0565715739359 47.102222521132795
      vertex 23.953343020991806 608.164562380217 47.06555719779858
    endloop
  endfacet
  facet normal 0.2705980500731617 0.27059805007316123 0.9238795325112499
    outer loop
      vertex 5.956507568873512 625.5230659874261 47.199258720508396
      vertex 23.531571604959545 607.7427909641848 47.2593636270722
      vertex 23.6341770985372 607.8453964577624 47.199258720508396
    endloop
  endfacet
  facet normal -0.7010573846500051 -0.7010573846500039 0.1305261922197662
    outer loop
      vertex 8.826420319483926 628.3929787380365 49.68641461019704
      vertex 26.48959369038853 610.7008130496138 49.53069660487931
      vertex 26.504089849147615 610.7153092083728 49.68641461019704
    endloop
  endfacet
  facet normal -0.704927006965102 -0.7049270069651009 0.07845909572795061
    outer loop
      vertex 8.83513393847809 628.4016923570307 49.84299213127117
      vertex 26.504089849147615 610.7153092083728 49.68641461019704
      vertex 26.51280346814178 610.724022827367 49.84299213127117
    endloop
  endfacet
  facet normal -0.7068644733530203 -0.7068644733530192 0.02617694830793511
    outer loop
      vertex 8.838041134283356 628.404599552836 50
      vertex 26.51280346814178 610.724022827367 49.84299213127117
      vertex 26.515710663947043 610.7269300231723 50
    endloop
  endfacet
  facet normal -0.6029076421268444 -0.6029076421268436 0.5224985647158267
    outer loop
      vertex 8.553838097811095 628.1203965163637 48.5
      vertex 26.173479257714746 610.38469861694 48.36608289495492
      vertex 26.231507627474784 610.4427269867 48.5
    endloop
  endfacet
  facet normal -0.621417539786013 -0.621417539786016 0.4771587602597213
    outer loop
      vertex 8.606831056728865 628.1733894752814 48.63802850078136
      vertex 26.231507627474784 610.4427269867 48.5
      vertex 26.284500586392554 610.4957199456178 48.63802850078136
    endloop
  endfacet
  facet normal -0.5827452165278917 -0.5827452165278946 0.5664062369251579
    outer loop
      vertex 8.495809728051059 628.0623681466036 48.36608289495492
      vertex 26.110574528840452 610.3217938880656 48.23664424312258
      vertex 26.173479257714746 610.38469861694 48.36608289495492
    endloop
  endfacet
  facet normal -0.6382241751629739 -0.638224175162977 0.4305110968082928
    outer loop
      vertex 8.654643354787465 628.22120177334 48.7797900707726
      vertex 26.284500586392554 610.4957199456178 48.63802850078136
      vertex 26.332312884451156 610.5435322436764 48.7797900707726
    endloop
  endfacet
  facet normal -0.6532814824382251 -0.6532814824382241 0.38268343236496544
    outer loop
      vertex 8.697143941801313 628.2637023603539 48.9248961513641
      vertex 26.332312884451156 610.5435322436764 48.7797900707726
      vertex 26.374813471465004 610.5860328306902 48.9248961513641
    endloop
  endfacet
  facet normal -0.666548190579127 -0.666548190579126 0.3338068592335769
    outer loop
      vertex 8.734216326615583 628.3007747451682 49.07294901687516
      vertex 26.374813471465004 610.5860328306902 48.9248961513641
      vertex 26.41188585627927 610.6231052155044 49.07294901687516
    endloop
  endfacet
  facet normal -0.6779879364607334 -0.6779879364607324 0.28401534470418033
    outer loop
      vertex 8.76575889640037 628.332317314953 49.22354286469244
      vertex 26.41188585627927 610.6231052155044 49.07294901687516
      vertex 26.44342842606406 610.6546477852893 49.22354286469244
    endloop
  endfacet
  facet normal -0.6875693645350065 -0.68756936453501 0.2334453638559776
    outer loop
      vertex 8.791685195164387 628.3582436137169 49.37626492754672
      vertex 26.44342842606406 610.6546477852893 49.22354286469244
      vertex 26.46935472482808 610.6805740840533 49.37626492754672
    endloop
  endfacet
  facet normal -0.6952662127734243 -0.6952662127734277 0.1822355254921336
    outer loop
      vertex 8.811924160724844 628.3784825792774 49.53069660487931
      vertex 26.46935472482808 610.6805740840533 49.37626492754672
      vertex 26.48959369038853 610.7008130496138 49.53069660487931
    endloop
  endfacet
  facet normal 0.7010573846500047 0.7010573846500034 0.13052619221977046
    outer loop
      vertex 22.284690791627185 606.4959101508524 49.68641461019704
      vertex 22.299186950386268 606.5104063096114 49.53069660487931
      vertex 4.621517420722581 624.1880758392751 49.53069660487931
    endloop
  endfacet
  facet normal 0.7049270069651016 0.7049270069651002 0.07845909572795891
    outer loop
      vertex 22.27597717263302 606.4871965318582 49.84299213127117
      vertex 22.284690791627185 606.4959101508524 49.68641461019704
      vertex 4.6070212619634985 624.1735796805161 49.68641461019704
    endloop
  endfacet
  facet normal 0.7068644733530202 0.7068644733530192 0.0261769483079377
    outer loop
      vertex 22.273069976827756 606.4842893360529 50
      vertex 22.27597717263302 606.4871965318582 49.84299213127117
      vertex 4.598307642969333 624.1648660615219 49.84299213127117
    endloop
  endfacet
  facet normal 0.6029076421266857 0.6029076421266885 0.5224985647161887
    outer loop
      vertex 22.557273013300016 606.7684923725252 48.5
      vertex 22.61530138306005 606.8265207422853 48.36608289495492
      vertex 4.937631853396365 624.5041902719489 48.36608289495492
    endloop
  endfacet
  facet normal 0.6214175397860202 0.6214175397860193 0.47715876025970744
    outer loop
      vertex 22.50428005438225 606.7154994136074 48.63802850078136
      vertex 22.557273013300016 606.7684923725252 48.5
      vertex 4.879603483636328 624.4461619021889 48.5
    endloop
  endfacet
  facet normal 0.5827452165280619 0.5827452165280645 0.5664062369248078
    outer loop
      vertex 22.61530138306005 606.8265207422853 48.36608289495492
      vertex 22.678206111934344 606.8894254711596 48.23664424312258
      vertex 5.000536582270659 624.5670950008232 48.23664424312258
    endloop
  endfacet
  facet normal 0.6382241751629727 0.6382241751629719 0.4305110968083022
    outer loop
      vertex 22.456467756323647 606.6676871155488 48.7797900707726
      vertex 22.50428005438225 606.7154994136074 48.63802850078136
      vertex 4.826610524718558 624.3931689432711 48.63802850078136
    endloop
  endfacet
  facet normal 0.6532814824382251 0.6532814824382241 0.38268343236496555
    outer loop
      vertex 22.4139671693098 606.625186528535 48.9248961513641
      vertex 22.456467756323647 606.6676871155488 48.7797900707726
      vertex 4.7787982266599585 624.3453566452125 48.7797900707726
    endloop
  endfacet
  facet normal 0.6665481905791207 0.6665481905791197 0.3338068592336019
    outer loop
      vertex 22.4139671693098 606.625186528535 48.9248961513641
      vertex 4.73629763964611 624.3028560581987 48.9248961513641
      vertex 22.376894784495526 606.5881141437208 49.07294901687516
    endloop
  endfacet
  facet normal 0.6779879364607366 0.6779879364607397 0.28401534470415507
    outer loop
      vertex 22.345352214710744 606.5565715739359 49.22354286469244
      vertex 22.376894784495526 606.5881141437208 49.07294901687516
      vertex 4.699225254831839 624.2657836733844 49.07294901687516
    endloop
  endfacet
  facet normal 0.6875693645350083 0.6875693645350072 0.233445363855981
    outer loop
      vertex 22.319425915946724 606.5306452751719 49.37626492754672
      vertex 22.345352214710744 606.5565715739359 49.22354286469244
      vertex 4.667682685047053 624.2342411035996 49.22354286469244
    endloop
  endfacet
  facet normal 0.6952662127734258 0.6952662127734246 0.18223552549214025
    outer loop
      vertex 22.319425915946724 606.5306452751719 49.37626492754672
      vertex 4.641756386283036 624.2083148048356 49.37626492754672
      vertex 22.299186950386268 606.5104063096114 49.53069660487931
    endloop
  endfacet
  facet normal -0.70686447335302 -0.7068644733530188 -0.026176948307945692
    outer loop
      vertex 8.838041134283356 628.404599552836 50
      vertex 26.515710663947043 610.7269300231723 50
      vertex 8.83513393847809 628.4016923570307 50.15700786872883
    endloop
  endfacet
  facet normal -0.7049270069651015 -0.7049270069651004 -0.07845909572795891
    outer loop
      vertex 8.83513393847809 628.4016923570307 50.15700786872883
      vertex 26.51280346814178 610.724022827367 50.15700786872883
      vertex 8.826420319483926 628.3929787380365 50.31358538980296
    endloop
  endfacet
  facet normal -0.7010573846499585 -0.7010573846499574 -0.13052619222026574
    outer loop
      vertex 8.826420319483926 628.3929787380365 50.31358538980296
      vertex 26.504089849147615 610.7153092083728 50.31358538980296
      vertex 8.811924160724844 628.3784825792774 50.46930339512069
    endloop
  endfacet
  facet normal -0.6952662127734226 -0.6952662127734258 -0.182235525492148
    outer loop
      vertex 8.791685195164387 628.3582436137169 50.62373507245328
      vertex 8.811924160724844 628.3784825792774 50.46930339512069
      vertex 26.48959369038853 610.7008130496138 50.46930339512069
    endloop
  endfacet
  facet normal -0.6875693645350905 -0.6875693645350941 -0.2334453638554819
    outer loop
      vertex 8.791685195164387 628.3582436137169 50.62373507245328
      vertex 26.46935472482808 610.6805740840533 50.62373507245328
      vertex 8.76575889640037 628.332317314953 50.77645713530756
    endloop
  endfacet
  facet normal -0.6779879364607341 -0.6779879364607331 -0.28401534470417716
    outer loop
      vertex 8.76575889640037 628.332317314953 50.77645713530756
      vertex 26.44342842606406 610.6546477852893 50.77645713530756
      vertex 8.734216326615583 628.3007747451682 50.92705098312484
    endloop
  endfacet
  facet normal -0.6665481905791243 -0.6665481905791233 -0.3338068592335877
    outer loop
      vertex 8.734216326615583 628.3007747451682 50.92705098312484
      vertex 26.41188585627927 610.6231052155044 50.92705098312484
      vertex 8.697143941801313 628.2637023603539 51.0751038486359
    endloop
  endfacet
  facet normal -0.6532814824380972 -0.6532814824380961 -0.3826834323654024
    outer loop
      vertex 8.697143941801313 628.2637023603539 51.0751038486359
      vertex 26.374813471465004 610.5860328306902 51.0751038486359
      vertex 8.654643354787465 628.22120177334 51.2202099292274
    endloop
  endfacet
  facet normal -0.638224175162973 -0.638224175162976 -0.43051109680829563
    outer loop
      vertex 8.654643354787465 628.22120177334 51.2202099292274
      vertex 26.332312884451156 610.5435322436764 51.2202099292274
      vertex 8.606831056728865 628.1733894752814 51.36197149921864
    endloop
  endfacet
  facet normal -0.6214175397861652 -0.6214175397861683 -0.4771587602593246
    outer loop
      vertex 8.606831056728865 628.1733894752814 51.36197149921864
      vertex 26.284500586392554 610.4957199456178 51.36197149921864
      vertex 8.553838097811095 628.1203965163637 51.5
    endloop
  endfacet
  facet normal -0.602907642126685 -0.6029076421266841 -0.5224985647161945
    outer loop
      vertex 8.553838097811095 628.1203965163637 51.5
      vertex 26.231507627474784 610.4427269867 51.5
      vertex 8.495809728051059 628.0623681466036 51.63391710504508
    endloop
  endfacet
  facet normal -0.5609855267970139 -0.560985526797013 -0.6087614290085688
    outer loop
      vertex 8.432904999176765 627.9994634177293 51.76335575687742
      vertex 26.110574528840452 610.3217938880656 51.76335575687742
      vertex 8.365296328677601 627.9318547472302 51.88796117314951
    endloop
  endfacet
  facet normal -0.5827452165280619 -0.5827452165280647 -0.5664062369248078
    outer loop
      vertex 8.495809728051059 628.0623681466036 51.63391710504508
      vertex 26.173479257714746 610.38469861694 51.63391710504508
      vertex 8.432904999176765 627.9994634177293 51.76335575687742
    endloop
  endfacet
  facet normal -0.5376882147304896 -0.5376882147304888 -0.6494480483301791
    outer loop
      vertex 8.29316902721999 627.8597274457726 52.007391819076574
      vertex 8.365296328677601 627.9318547472302 51.88796117314951
      vertex 26.04296585834129 610.2541852175665 51.88796117314951
    endloop
  endfacet
  facet normal -0.5129171366417228 -0.5129171366417218 -0.6883545756937435
    outer loop
      vertex 8.216720790723713 627.7832792092763 52.121320343559645
      vertex 8.29316902721999 627.8597274457726 52.007391819076574
      vertex 25.970838556883677 610.1820579161089 52.007391819076574
    endloop
  endfacet
  facet normal -0.48674018833372856 -0.48674018833372784 -0.7253743710124405
    outer loop
      vertex 8.136161158491158 627.7027195770437 52.22943447643218
      vertex 8.216720790723713 627.7832792092763 52.121320343559645
      vertex 25.8943903203874 610.1056096796126 52.121320343559645
    endloop
  endfacet
  facet normal -0.45922911900277774 -0.4592291190027799 -0.7604059655998651
    outer loop
      vertex 8.05171093887464 627.6182693574273 52.331437884370914
      vertex 8.136161158491158 627.7027195770437 52.22943447643218
      vertex 25.813830688154844 610.0250500473801 52.22943447643218
    endloop
  endfacet
  facet normal -0.4304593345768839 -0.4304593345768832 -0.7933533402912307
    outer loop
      vertex 7.963601604056072 627.5301600226087 52.42705098312484
      vertex 8.05171093887464 627.6182693574273 52.331437884370914
      vertex 25.72938046853833 609.9405998277635 52.331437884370914
    endloop
  endfacet
  facet normal -0.4005096910358885 -0.4005096910358879 -0.8241261886220307
    outer loop
      vertex 7.872074655597782 627.4386330741504 52.51601170383627
      vertex 7.963601604056072 627.5301600226087 52.42705098312484
      vertex 25.641271133719762 609.852490492945 52.42705098312484
    endloop
  endfacet
  facet normal -0.36946227827079753 -0.3694622782707969 -0.8526401643541688
    outer loop
      vertex 7.777380962503532 627.3439393810561 52.598076211353316
      vertex 7.872074655597782 627.4386330741504 52.51601170383627
      vertex 25.54974418526147 609.7609635444867 52.51601170383627
    endloop
  endfacet
  facet normal -0.3374021950821801 -0.33740219508217967 -0.8788171126619311
    outer loop
      vertex 7.679780073604022 627.2463384921566 52.6730195725651
      vertex 7.777380962503532 627.3439393810561 52.598076211353316
      vertex 25.455050492167224 609.6662698513924 52.598076211353316
    endloop
  endfacet
  facet normal -0.30441731592917054 -0.30441731592917004 -0.9025852843498833
    outer loop
      vertex 7.5795395061515665 627.1460979247041 52.7406363729278
      vertex 7.679780073604022 627.2463384921566 52.6730195725651
      vertex 25.35744960326771 609.5686689624929 52.6730195725651
    endloop
  endfacet
  facet normal -0.270598050073165 -0.27059805007316445 -0.9238795325112479
    outer loop
      vertex 7.476934012573913 627.0434924311265 52.800741279491604
      vertex 7.5795395061515665 627.1460979247041 52.7406363729278
      vertex 25.25720903581525 609.4684283950404 52.7406363729278
    endloop
  endfacet
  facet normal -0.23603709377076484 -0.23603709377076446 -0.9426414910921874
    outer loop
      vertex 7.372244827396943 626.9388032459495 52.85316954888546
      vertex 7.476934012573913 627.0434924311265 52.800741279491604
      vertex 25.154603542237602 609.3658229014628 52.800741279491604
    endloop
  endfacet
  facet normal -0.2008291762012068 -0.20082917620120647 -0.9588197348681813
    outer loop
      vertex 7.26575889640037 626.832317314953 52.897777478867205
      vertex 7.372244827396943 626.9388032459495 52.85316954888546
      vertex 25.049914357060633 609.2611337162858 52.85316954888546
    endloop
  endfacet
  facet normal -0.16507079981902695 -0.1650707998190267 -0.9723699203976919
    outer loop
      vertex 7.157768090119306 626.7243265086719 52.93444280220142
      vertex 7.26575889640037 626.832317314953 52.897777478867205
      vertex 24.94342842606406 609.1546477852893 52.897777478867205
    endloop
  endfacet
  facet normal -0.1288599758486101 -0.12885997584860986 -0.9832549075639497
    outer loop
      vertex 7.0485684038474234 626.6151268224 52.96306502178541
      vertex 7.157768090119306 626.7243265086719 52.93444280220142
      vertex 24.835437619782994 609.0466569790082 52.93444280220142
    endloop
  endfacet
  facet normal -0.09229595564124314 -0.092295955641243 -0.991444861373813
    outer loop
      vertex 6.938459146334412 626.505017564887 52.98356568610482
      vertex 7.0485684038474234 626.6151268224 52.96306502178541
      vertex 24.726237933511115 608.9374572927363 52.96306502178541
    endloop
  endfacet
  facet normal -0.05547895863492308 -0.05547895863492298 -0.9969173337331281
    outer loop
      vertex 6.827742119401516 626.3943005379541 52.99588860426372
      vertex 6.938459146334412 626.505017564887 52.98356568610482
      vertex 24.616128675998098 608.8273480352233 52.98356568610482
    endloop
  endfacet
  facet normal -0.018509897659279753 -0.018509897659279715 -0.9996573249755568
    outer loop
      vertex 6.716720790723712 626.2832792092763 53
      vertex 6.827742119401516 626.3943005379541 52.99588860426372
      vertex 24.505411649065202 608.7166310082904 52.99588860426372
    endloop
  endfacet
  facet normal 0.7068644733530199 0.7068644733530188 -0.026176948307949578
    outer loop
      vertex 22.27597717263302 606.4871965318582 50.15700786872883
      vertex 4.595400447164069 624.1619588657167 50
      vertex 4.598307642969333 624.1648660615219 50.15700786872883
    endloop
  endfacet
  facet normal 0.7049270069651004 0.7049270069650991 -0.07845909572797939
    outer loop
      vertex 22.284690791627185 606.4959101508524 50.31358538980296
      vertex 4.598307642969333 624.1648660615219 50.15700786872883
      vertex 4.6070212619634985 624.1735796805161 50.31358538980296
    endloop
  endfacet
  facet normal 0.701057384650005 0.7010573846500039 -0.13052619221976652
    outer loop
      vertex 4.6070212619634985 624.1735796805161 50.31358538980296
      vertex 4.621517420722581 624.1880758392751 50.46930339512069
      vertex 22.299186950386268 606.5104063096114 50.46930339512069
    endloop
  endfacet
  facet normal 0.6952662127734285 0.6952662127734274 -0.18223552549211902
    outer loop
      vertex 22.319425915946724 606.5306452751719 50.62373507245328
      vertex 4.621517420722581 624.1880758392751 50.46930339512069
      vertex 4.641756386283036 624.2083148048356 50.62373507245328
    endloop
  endfacet
  facet normal 0.6779879364608321 0.6779879364608352 -0.2840153447036992
    outer loop
      vertex 4.667682685047053 624.2342411035996 50.77645713530756
      vertex 4.699225254831839 624.2657836733844 50.92705098312484
      vertex 22.376894784495526 606.5881141437208 50.92705098312484
    endloop
  endfacet
  facet normal 0.6875693645350089 0.6875693645350079 -0.23344536385597692
    outer loop
      vertex 22.345352214710744 606.5565715739359 50.77645713530756
      vertex 4.641756386283036 624.2083148048356 50.62373507245328
      vertex 4.667682685047053 624.2342411035996 50.77645713530756
    endloop
  endfacet
  facet normal 0.6214175397860154 0.6214175397860144 -0.4771587602597201
    outer loop
      vertex 22.557273013300016 606.7684923725252 51.5
      vertex 4.826610524718558 624.3931689432711 51.36197149921864
      vertex 4.879603483636328 624.4461619021889 51.5
    endloop
  endfacet
  facet normal 0.602907642126842 0.6029076421268449 -0.5224985647158279
    outer loop
      vertex 22.61530138306005 606.8265207422853 51.63391710504508
      vertex 4.879603483636328 624.4461619021889 51.5
      vertex 4.937631853396365 624.5041902719489 51.63391710504508
    endloop
  endfacet
  facet normal 0.5609855267968401 0.5609855267968392 -0.608761429008889
    outer loop
      vertex 22.74581478243351 606.9570341416587 51.88796117314951
      vertex 5.000536582270659 624.5670950008232 51.76335575687742
      vertex 5.068145252769821 624.6347036713224 51.88796117314951
    endloop
  endfacet
  facet normal 0.5827452165280619 0.5827452165280645 -0.5664062369248078
    outer loop
      vertex 4.937631853396365 624.5041902719489 51.63391710504508
      vertex 5.000536582270659 624.5670950008232 51.76335575687742
      vertex 22.678206111934344 606.8894254711596 51.76335575687742
    endloop
  endfacet
  facet normal 0.6665481905790078 0.6665481905790067 -0.33380685923405284
    outer loop
      vertex 22.4139671693098 606.625186528535 51.0751038486359
      vertex 4.699225254831839 624.2657836733844 50.92705098312484
      vertex 4.73629763964611 624.3028560581987 51.0751038486359
    endloop
  endfacet
  facet normal 0.6532814824382251 0.6532814824382241 -0.38268343236496544
    outer loop
      vertex 22.456467756323647 606.6676871155488 51.2202099292274
      vertex 4.73629763964611 624.3028560581987 51.0751038486359
      vertex 4.7787982266599585 624.3453566452125 51.2202099292274
    endloop
  endfacet
  facet normal 0.6382241751629762 0.6382241751629754 -0.43051109680829164
    outer loop
      vertex 22.50428005438225 606.7154994136074 51.36197149921864
      vertex 4.7787982266599585 624.3453566452125 51.2202099292274
      vertex 4.826610524718558 624.3931689432711 51.36197149921864
    endloop
  endfacet
  facet normal 0.30441731592931137 0.30441731592931276 -0.9025852843497876
    outer loop
      vertex 23.531571604959545 607.7427909641848 52.7406363729278
      vertex 5.753661507843403 625.320219926396 52.6730195725651
      vertex 5.85390207529586 625.4204604938484 52.7406363729278
    endloop
  endfacet
  facet normal 0.2705980500730386 0.27059805007303817 -0.9238795325113219
    outer loop
      vertex 23.6341770985372 607.8453964577624 52.800741279491604
      vertex 5.85390207529586 625.4204604938484 52.7406363729278
      vertex 5.956507568873512 625.5230659874261 52.800741279491604
    endloop
  endfacet
  facet normal 0.369462278270954 0.3694622782709558 -0.8526401643540321
    outer loop
      vertex 23.33373014860758 607.5449495078328 52.598076211353316
      vertex 5.561366925849642 625.1279253444022 52.51601170383627
      vertex 5.65606061894389 625.2226190374964 52.598076211353316
    endloop
  endfacet
  facet normal 0.4005096910358946 0.400509691035894 -0.8241261886220247
    outer loop
      vertex 23.23903645551333 607.4502558147385 52.51601170383627
      vertex 5.469839977391351 625.0363983959439 52.42705098312484
      vertex 5.561366925849642 625.1279253444022 52.51601170383627
    endloop
  endfacet
  facet normal 0.3374021950820234 0.3374021950820229 -0.8788171126620514
    outer loop
      vertex 23.431331037507093 607.6425503967323 52.6730195725651
      vertex 5.65606061894389 625.2226190374964 52.598076211353316
      vertex 5.753661507843403 625.320219926396 52.6730195725651
    endloop
  endfacet
  facet normal 0.018509897659279677 0.01850989765927965 -0.9996573249755568
    outer loop
      vertex 6.605699462045907 626.1722578805985 52.99588860426372
      vertex 6.716720790723712 626.2832792092763 53
      vertex 24.3943903203874 608.6056096796126 53
    endloop
  endfacet
  facet normal 0.0922959556412428 0.09229595564124264 -0.9914448613738132
    outer loop
      vertex 6.384873177600001 625.9514315961526 52.96306502178541
      vertex 6.494982435113013 626.0615408536656 52.98356568610482
      vertex 24.1726519647767 608.3838713240019 52.98356568610482
    endloop
  endfacet
  facet normal 0.05547895863492373 0.05547895863492364 -0.996917333733128
    outer loop
      vertex 6.494982435113013 626.0615408536656 52.98356568610482
      vertex 6.605699462045907 626.1722578805985 52.99588860426372
      vertex 24.283368991709597 608.4945883509348 52.99588860426372
    endloop
  endfacet
  facet normal 0.12885997584854372 0.1288599758485435 -0.983254907563967
    outer loop
      vertex 6.275673491328116 625.8422319098806 52.93444280220142
      vertex 6.384873177600001 625.9514315961526 52.96306502178541
      vertex 24.062542707263688 608.2737620664889 52.96306502178541
    endloop
  endfacet
  facet normal 0.20082917620120794 0.20082917620120763 -0.9588197348681807
    outer loop
      vertex 23.845352214710744 608.0565715739359 52.897777478867205
      vertex 6.0611967540504805 625.6277551726031 52.85316954888546
      vertex 6.167682685047054 625.7342411035996 52.897777478867205
    endloop
  endfacet
  facet normal 0.1650707998191099 0.1650707998191107 -0.9723699203976636
    outer loop
      vertex 6.167682685047054 625.7342411035996 52.897777478867205
      vertex 6.275673491328116 625.8422319098806 52.93444280220142
      vertex 23.953343020991806 608.164562380217 52.93444280220142
    endloop
  endfacet
  facet normal 0.23603709377076515 0.23603709377076473 -0.9426414910921873
    outer loop
      vertex 23.738866283714167 607.9500856429394 52.85316954888546
      vertex 5.956507568873512 625.5230659874261 52.800741279491604
      vertex 6.0611967540504805 625.6277551726031 52.85316954888546
    endloop
  endfacet
  facet normal 0.5129171366417183 0.5129171366417176 -0.6883545756937498
    outer loop
      vertex 22.8943903203874 607.1056096796126 52.121320343559645
      vertex 5.140272554227434 624.70683097278 52.007391819076574
      vertex 5.216720790723713 624.7832792092763 52.121320343559645
    endloop
  endfacet
  facet normal 0.45922911900259744 0.4592291190025967 -0.7604059656000847
    outer loop
      vertex 23.059400172236472 607.2706195314616 52.331437884370914
      vertex 5.297280422956266 624.8638388415088 52.22943447643218
      vertex 5.381730642572782 624.9482890611254 52.331437884370914
    endloop
  endfacet
  facet normal 0.4867401883339127 0.48674018833391197 -0.7253743710121933
    outer loop
      vertex 22.974949952619955 607.1861693118451 52.22943447643218
      vertex 5.216720790723713 624.7832792092763 52.121320343559645
      vertex 5.297280422956266 624.8638388415088 52.22943447643218
    endloop
  endfacet
  facet normal 0.5376882147304836 0.5376882147304828 -0.649448048330189
    outer loop
      vertex 22.817942083891126 607.0291614431163 52.007391819076574
      vertex 5.068145252769821 624.6347036713224 51.88796117314951
      vertex 5.140272554227434 624.70683097278 52.007391819076574
    endloop
  endfacet
  facet normal 0.430459334576885 0.43045933457688434 -0.7933533402912295
    outer loop
      vertex 23.14750950705504 607.3587288662802 52.42705098312484
      vertex 5.381730642572782 624.9482890611254 52.331437884370914
      vertex 5.469839977391351 625.0363983959439 52.42705098312484
    endloop
  endfacet
  facet normal -0.5609855267970181 -0.5609855267970172 -0.608761429008561
    outer loop
      vertex 8.365296328677601 627.9318547472302 51.88796117314951
      vertex 26.110574528840452 610.3217938880656 51.76335575687742
      vertex 26.04296585834129 610.2541852175665 51.88796117314951
    endloop
  endfacet
  facet normal -0.5129171366417234 -0.5129171366417227 -0.6883545756937423
    outer loop
      vertex 8.216720790723713 627.7832792092763 52.121320343559645
      vertex 25.970838556883677 610.1820579161089 52.007391819076574
      vertex 25.8943903203874 610.1056096796126 52.121320343559645
    endloop
  endfacet
  facet normal -0.5376882147304887 -0.5376882147304878 -0.6494480483301807
    outer loop
      vertex 8.29316902721999 627.8597274457726 52.007391819076574
      vertex 26.04296585834129 610.2541852175665 51.88796117314951
      vertex 25.970838556883677 610.1820579161089 52.007391819076574
    endloop
  endfacet
  facet normal -0.3374021950821736 -0.3374021950821731 -0.878817112661936
    outer loop
      vertex 7.679780073604022 627.2463384921566 52.6730195725651
      vertex 25.455050492167224 609.6662698513924 52.598076211353316
      vertex 25.35744960326771 609.5686689624929 52.6730195725651
    endloop
  endfacet
  facet normal -0.304417315929166 -0.30441731592916543 -0.9025852843498863
    outer loop
      vertex 7.5795395061515665 627.1460979247041 52.7406363729278
      vertex 25.35744960326771 609.5686689624929 52.6730195725651
      vertex 25.25720903581525 609.4684283950404 52.7406363729278
    endloop
  endfacet
  facet normal -0.45922911900260754 -0.4592291190026068 -0.7604059656000725
    outer loop
      vertex 8.05171093887464 627.6182693574273 52.331437884370914
      vertex 25.813830688154844 610.0250500473801 52.22943447643218
      vertex 25.72938046853833 609.9405998277635 52.331437884370914
    endloop
  endfacet
  facet normal -0.48674018833390525 -0.4867401883339076 -0.7253743710122013
    outer loop
      vertex 8.136161158491158 627.7027195770437 52.22943447643218
      vertex 25.8943903203874 610.1056096796126 52.121320343559645
      vertex 25.813830688154844 610.0250500473801 52.22943447643218
    endloop
  endfacet
  facet normal -0.4005096910358898 -0.4005096910358892 -0.8241261886220292
    outer loop
      vertex 7.872074655597782 627.4386330741504 52.51601170383627
      vertex 25.641271133719762 609.852490492945 52.42705098312484
      vertex 25.54974418526147 609.7609635444867 52.51601170383627
    endloop
  endfacet
  facet normal -0.430459334576885 -0.43045933457688434 -0.7933533402912295
    outer loop
      vertex 7.963601604056072 627.5301600226087 52.42705098312484
      vertex 25.72938046853833 609.9405998277635 52.331437884370914
      vertex 25.641271133719762 609.852490492945 52.42705098312484
    endloop
  endfacet
  facet normal -0.36946227827080563 -0.3694622782708051 -0.8526401643541618
    outer loop
      vertex 7.777380962503532 627.3439393810561 52.598076211353316
      vertex 25.54974418526147 609.7609635444867 52.51601170383627
      vertex 25.455050492167224 609.6662698513924 52.598076211353316
    endloop
  endfacet
  facet normal 0.5609855267970094 0.560985526797012 -0.6087614290085739
    outer loop
      vertex 22.74581478243351 606.9570341416587 51.88796117314951
      vertex 22.678206111934344 606.8894254711596 51.76335575687742
      vertex 5.000536582270659 624.5670950008232 51.76335575687742
    endloop
  endfacet
  facet normal 0.2705980500731611 0.27059805007316234 -0.9238795325112497
    outer loop
      vertex 23.6341770985372 607.8453964577624 52.800741279491604
      vertex 23.531571604959545 607.7427909641848 52.7406363729278
      vertex 5.85390207529586 625.4204604938484 52.7406363729278
    endloop
  endfacet
  facet normal 0.30441731592917376 0.30441731592917326 -0.9025852843498808
    outer loop
      vertex 23.531571604959545 607.7427909641848 52.7406363729278
      vertex 23.431331037507093 607.6425503967323 52.6730195725651
      vertex 5.753661507843403 625.320219926396 52.6730195725651
    endloop
  endfacet
  facet normal 0.33740219508217434 0.337402195082176 -0.8788171126619347
    outer loop
      vertex 23.431331037507093 607.6425503967323 52.6730195725651
      vertex 23.33373014860758 607.5449495078328 52.598076211353316
      vertex 5.65606061894389 625.2226190374964 52.598076211353316
    endloop
  endfacet
  facet normal 0.5129171366417254 0.5129171366417248 -0.6883545756937393
    outer loop
      vertex 22.8943903203874 607.1056096796126 52.121320343559645
      vertex 22.817942083891126 607.0291614431163 52.007391819076574
      vertex 5.140272554227434 624.70683097278 52.007391819076574
    endloop
  endfacet
  facet normal 0.5376882147304812 0.5376882147304803 -0.6494480483301931
    outer loop
      vertex 22.817942083891126 607.0291614431163 52.007391819076574
      vertex 22.74581478243351 606.9570341416587 51.88796117314951
      vertex 5.068145252769821 624.6347036713224 51.88796117314951
    endloop
  endfacet
  facet normal 0.4867401883339121 0.4867401883339113 -0.7253743710121943
    outer loop
      vertex 22.974949952619955 607.1861693118451 52.22943447643218
      vertex 22.8943903203874 607.1056096796126 52.121320343559645
      vertex 5.216720790723713 624.7832792092763 52.121320343559645
    endloop
  endfacet
  facet normal 0.45922911900260044 0.4592291190025997 -0.760405965600081
    outer loop
      vertex 23.059400172236472 607.2706195314616 52.331437884370914
      vertex 22.974949952619955 607.1861693118451 52.22943447643218
      vertex 5.297280422956266 624.8638388415088 52.22943447643218
    endloop
  endfacet
  facet normal 0.40050969103589246 0.4005096910358918 -0.8241261886220268
    outer loop
      vertex 23.23903645551333 607.4502558147385 52.51601170383627
      vertex 23.14750950705504 607.3587288662802 52.42705098312484
      vertex 5.469839977391351 625.0363983959439 52.42705098312484
    endloop
  endfacet
  facet normal 0.4304593345768825 0.43045933457688174 -0.7933533402912323
    outer loop
      vertex 23.14750950705504 607.3587288662802 52.42705098312484
      vertex 23.059400172236472 607.2706195314616 52.331437884370914
      vertex 5.381730642572782 624.9482890611254 52.331437884370914
    endloop
  endfacet
  facet normal 0.36946227827079753 0.3694622782707969 -0.8526401643541688
    outer loop
      vertex 23.33373014860758 607.5449495078328 52.598076211353316
      vertex 23.23903645551333 607.4502558147385 52.51601170383627
      vertex 5.561366925849642 625.1279253444022 52.51601170383627
    endloop
  endfacet
  facet normal -0.12885997584861048 -0.1288599758486103 -0.9832549075639496
    outer loop
      vertex 7.0485684038474234 626.6151268224 52.96306502178541
      vertex 24.835437619782994 609.0466569790082 52.93444280220142
      vertex 24.726237933511115 608.9374572927363 52.96306502178541
    endloop
  endfacet
  facet normal -0.09229595564124078 -0.09229595564124062 -0.9914448613738135
    outer loop
      vertex 6.938459146334412 626.505017564887 52.98356568610482
      vertex 24.726237933511115 608.9374572927363 52.96306502178541
      vertex 24.616128675998098 608.8273480352233 52.98356568610482
    endloop
  endfacet
  facet normal 0.05547895863492259 0.055478958634922505 -0.9969173337331281
    outer loop
      vertex 6.494982435113013 626.0615408536656 52.98356568610482
      vertex 24.283368991709597 608.4945883509348 52.99588860426372
      vertex 24.1726519647767 608.3838713240019 52.98356568610482
    endloop
  endfacet
  facet normal 0.09229595564124343 0.09229595564124328 -0.991444861373813
    outer loop
      vertex 6.384873177600001 625.9514315961526 52.96306502178541
      vertex 24.1726519647767 608.3838713240019 52.98356568610482
      vertex 24.062542707263688 608.2737620664889 52.96306502178541
    endloop
  endfacet
  facet normal 0.12885997584860967 0.12885997584861028 -0.9832549075639497
    outer loop
      vertex 6.275673491328116 625.8422319098806 52.93444280220142
      vertex 24.062542707263688 608.2737620664889 52.96306502178541
      vertex 23.953343020991806 608.164562380217 52.93444280220142
    endloop
  endfacet
  facet normal -0.018509897659280024 -0.018509897659279993 -0.9996573249755568
    outer loop
      vertex 6.716720790723712 626.2832792092763 53
      vertex 24.505411649065202 608.7166310082904 52.99588860426372
      vertex 24.3943903203874 608.6056096796126 53
    endloop
  endfacet
  facet normal 0.01850989765927949 0.018509897659279455 -0.9996573249755568
    outer loop
      vertex 6.605699462045907 626.1722578805985 52.99588860426372
      vertex 24.3943903203874 608.6056096796126 53
      vertex 24.283368991709597 608.4945883509348 52.99588860426372
    endloop
  endfacet
  facet normal -0.05547895863492339 -0.055478958634923296 -0.9969173337331281
    outer loop
      vertex 6.827742119401516 626.3943005379541 52.99588860426372
      vertex 24.616128675998098 608.8273480352233 52.98356568610482
      vertex 24.505411649065202 608.7166310082904 52.99588860426372
    endloop
  endfacet
  facet normal -0.2705980500731689 -0.27059805007316845 -0.9238795325112455
    outer loop
      vertex 7.476934012573913 627.0434924311265 52.800741279491604
      vertex 25.25720903581525 609.4684283950404 52.7406363729278
      vertex 25.154603542237602 609.3658229014628 52.800741279491604
    endloop
  endfacet
  facet normal -0.23603709377076515 -0.2360370937707648 -0.9426414910921873
    outer loop
      vertex 7.372244827396943 626.9388032459495 52.85316954888546
      vertex 25.154603542237602 609.3658229014628 52.800741279491604
      vertex 25.049914357060633 609.2611337162858 52.85316954888546
    endloop
  endfacet
  facet normal -0.20082917620120794 -0.20082917620120763 -0.9588197348681807
    outer loop
      vertex 7.26575889640037 626.832317314953 52.897777478867205
      vertex 25.049914357060633 609.2611337162858 52.85316954888546
      vertex 24.94342842606406 609.1546477852893 52.897777478867205
    endloop
  endfacet
  facet normal -0.1650707998190255 -0.16507079981902523 -0.9723699203976923
    outer loop
      vertex 7.157768090119306 626.7243265086719 52.93444280220142
      vertex 24.94342842606406 609.1546477852893 52.897777478867205
      vertex 24.835437619782994 609.0466569790082 52.93444280220142
    endloop
  endfacet
  facet normal 0.16507079981902825 0.165070799819028 -0.9723699203976914
    outer loop
      vertex 23.953343020991806 608.164562380217 52.93444280220142
      vertex 23.845352214710744 608.0565715739359 52.897777478867205
      vertex 6.167682685047054 625.7342411035996 52.897777478867205
    endloop
  endfacet
  facet normal 0.2360370937707693 0.2360370937707689 -0.9426414910921852
    outer loop
      vertex 23.738866283714167 607.9500856429394 52.85316954888546
      vertex 23.6341770985372 607.8453964577624 52.800741279491604
      vertex 5.956507568873512 625.5230659874261 52.800741279491604
    endloop
  endfacet
  facet normal 0.20082917620120375 0.20082917620120339 -0.9588197348681825
    outer loop
      vertex 23.845352214710744 608.0565715739359 52.897777478867205
      vertex 23.738866283714167 607.9500856429394 52.85316954888546
      vertex 6.0611967540504805 625.6277551726031 52.85316954888546
    endloop
  endfacet
  facet normal -0.7068644733530199 -0.7068644733530188 -0.026176948307949578
    outer loop
      vertex 8.83513393847809 628.4016923570307 50.15700786872883
      vertex 26.515710663947043 610.7269300231723 50
      vertex 26.51280346814178 610.724022827367 50.15700786872883
    endloop
  endfacet
  facet normal -0.7049270069651012 -0.7049270069651 -0.078459095727965
    outer loop
      vertex 8.826420319483926 628.3929787380365 50.31358538980296
      vertex 26.51280346814178 610.724022827367 50.15700786872883
      vertex 26.504089849147615 610.7153092083728 50.31358538980296
    endloop
  endfacet
  facet normal -0.701057384650004 -0.7010573846500074 -0.13052619221975234
    outer loop
      vertex 8.811924160724844 628.3784825792774 50.46930339512069
      vertex 26.504089849147615 610.7153092083728 50.31358538980296
      vertex 26.48959369038853 610.7008130496138 50.46930339512069
    endloop
  endfacet
  facet normal -0.6779879364607306 -0.6779879364607296 -0.28401534470419365
    outer loop
      vertex 8.734216326615583 628.3007747451682 50.92705098312484
      vertex 26.44342842606406 610.6546477852893 50.77645713530756
      vertex 26.41188585627927 610.6231052155044 50.92705098312484
    endloop
  endfacet
  facet normal -0.6952662127734243 -0.6952662127734278 -0.1822355254921336
    outer loop
      vertex 8.791685195164387 628.3582436137169 50.62373507245328
      vertex 26.48959369038853 610.7008130496138 50.46930339512069
      vertex 26.46935472482808 610.6805740840533 50.62373507245328
    endloop
  endfacet
  facet normal -0.6875693645350089 -0.6875693645350079 -0.23344536385597692
    outer loop
      vertex 8.76575889640037 628.332317314953 50.77645713530756
      vertex 26.46935472482808 610.6805740840533 50.62373507245328
      vertex 26.44342842606406 610.6546477852893 50.77645713530756
    endloop
  endfacet
  facet normal -0.6665481905791302 -0.6665481905791292 -0.333806859233564
    outer loop
      vertex 8.697143941801313 628.2637023603539 51.0751038486359
      vertex 26.41188585627927 610.6231052155044 50.92705098312484
      vertex 26.374813471465004 610.5860328306902 51.0751038486359
    endloop
  endfacet
  facet normal -0.6532814824382228 -0.6532814824382259 -0.3826834323649665
    outer loop
      vertex 8.654643354787465 628.22120177334 51.2202099292274
      vertex 26.374813471465004 610.5860328306902 51.0751038486359
      vertex 26.332312884451156 610.5435322436764 51.2202099292274
    endloop
  endfacet
  facet normal -0.6382241751629699 -0.638224175162973 -0.4305110968083046
    outer loop
      vertex 8.606831056728865 628.1733894752814 51.36197149921864
      vertex 26.332312884451156 610.5435322436764 51.2202099292274
      vertex 26.284500586392554 610.4957199456178 51.36197149921864
    endloop
  endfacet
  facet normal -0.6214175397860154 -0.6214175397860144 -0.4771587602597201
    outer loop
      vertex 8.553838097811095 628.1203965163637 51.5
      vertex 26.284500586392554 610.4957199456178 51.36197149921864
      vertex 26.231507627474784 610.4427269867 51.5
    endloop
  endfacet
  facet normal -0.602907642126842 -0.6029076421268449 -0.5224985647158279
    outer loop
      vertex 8.495809728051059 628.0623681466036 51.63391710504508
      vertex 26.231507627474784 610.4427269867 51.5
      vertex 26.173479257714746 610.38469861694 51.63391710504508
    endloop
  endfacet
  facet normal -0.5827452165278941 -0.5827452165278932 -0.5664062369251567
    outer loop
      vertex 8.432904999176765 627.9994634177293 51.76335575687742
      vertex 26.173479257714746 610.38469861694 51.63391710504508
      vertex 26.110574528840452 610.3217938880656 51.76335575687742
    endloop
  endfacet
  facet normal 0.7068644733530202 0.706864473353019 -0.026176948307937698
    outer loop
      vertex 22.273069976827756 606.4842893360529 50
      vertex 4.595400447164069 624.1619588657167 50
      vertex 22.27597717263302 606.4871965318582 50.15700786872883
    endloop
  endfacet
  facet normal 0.7049270069651015 0.7049270069651004 -0.07845909572795891
    outer loop
      vertex 22.27597717263302 606.4871965318582 50.15700786872883
      vertex 4.598307642969333 624.1648660615219 50.15700786872883
      vertex 22.284690791627185 606.4959101508524 50.31358538980296
    endloop
  endfacet
  facet normal 0.7010573846500047 0.7010573846500034 -0.13052619221977046
    outer loop
      vertex 22.284690791627185 606.4959101508524 50.31358538980296
      vertex 4.6070212619634985 624.1735796805161 50.31358538980296
      vertex 22.299186950386268 606.5104063096114 50.46930339512069
    endloop
  endfacet
  facet normal 0.6779879364607387 0.6779879364607377 -0.28401534470415507
    outer loop
      vertex 22.345352214710744 606.5565715739359 50.77645713530756
      vertex 4.667682685047053 624.2342411035996 50.77645713530756
      vertex 22.376894784495526 606.5881141437208 50.92705098312484
    endloop
  endfacet
  facet normal 0.6952662127734258 0.6952662127734245 -0.18223552549214025
    outer loop
      vertex 22.319425915946724 606.5306452751719 50.62373507245328
      vertex 22.299186950386268 606.5104063096114 50.46930339512069
      vertex 4.621517420722581 624.1880758392751 50.46930339512069
    endloop
  endfacet
  facet normal 0.6875693645350083 0.6875693645350072 -0.233445363855981
    outer loop
      vertex 22.319425915946724 606.5306452751719 50.62373507245328
      vertex 4.641756386283036 624.2083148048356 50.62373507245328
      vertex 22.345352214710744 606.5565715739359 50.77645713530756
    endloop
  endfacet
  facet normal 0.6665481905791186 0.6665481905791217 -0.333806859233602
    outer loop
      vertex 22.4139671693098 606.625186528535 51.0751038486359
      vertex 22.376894784495526 606.5881141437208 50.92705098312484
      vertex 4.699225254831839 624.2657836733844 50.92705098312484
    endloop
  endfacet
  facet normal 0.6532814824382251 0.6532814824382241 -0.38268343236496555
    outer loop
      vertex 22.4139671693098 606.625186528535 51.0751038486359
      vertex 4.73629763964611 624.3028560581987 51.0751038486359
      vertex 22.456467756323647 606.6676871155488 51.2202099292274
    endloop
  endfacet
  facet normal 0.6382241751629728 0.6382241751629718 -0.4305110968083022
    outer loop
      vertex 22.456467756323647 606.6676871155488 51.2202099292274
      vertex 4.7787982266599585 624.3453566452125 51.2202099292274
      vertex 22.50428005438225 606.7154994136074 51.36197149921864
    endloop
  endfacet
  facet normal 0.6214175397860202 0.6214175397860193 -0.4771587602597075
    outer loop
      vertex 22.50428005438225 606.7154994136074 51.36197149921864
      vertex 4.826610524718558 624.3931689432711 51.36197149921864
      vertex 22.557273013300016 606.7684923725252 51.5
    endloop
  endfacet
  facet normal 0.6029076421266875 0.6029076421266866 -0.5224985647161886
    outer loop
      vertex 22.557273013300016 606.7684923725252 51.5
      vertex 4.879603483636328 624.4461619021889 51.5
      vertex 22.61530138306005 606.8265207422853 51.63391710504508
    endloop
  endfacet
  facet normal 0.5827452165280619 0.5827452165280645 -0.5664062369248078
    outer loop
      vertex 22.61530138306005 606.8265207422853 51.63391710504508
      vertex 4.937631853396365 624.5041902719489 51.63391710504508
      vertex 22.678206111934344 606.8894254711596 51.76335575687742
    endloop
  endfacet
  facet normal 0 -1 0
    outer loop
      vertex -0.3 601.8888888888889 20
      vertex 5.3 601.8888888888889 20
      vertex -0.3 601.8888888888889 80
    endloop
  endfacet
  facet normal -1 0 0
    outer loop
      vertex 5.3 601.8888888888889 20
      vertex 5.3 561.8888888888889 20
      vertex 5.3 601.8888888888889 80
    endloop
  endfacet
  facet normal 1 0 0
    outer loop
      vertex -0.3 601.8888888888889 20
      vertex -0.3 561.8888888888889 80
      vertex -0.3 561.8888888888889 20
    endloop
  endfacet
  facet normal 0 -1 0
    outer loop
      vertex 5.3 601.8888888888889 20
      vertex 5.3 601.8888888888889 80
      vertex -0.3 601.8888888888889 80
    endloop
  endfacet
  facet normal 1 0 0
    outer loop
      vertex -0.3 601.8888888888889 20
      vertex -0.3 601.8888888888889 80
      vertex -0.3 561.8888888888889 80
    endloop
  endfacet
  facet normal -1 0 0
    outer loop
      vertex 5.3 601.8888888888889 80
      vertex 5.3 561.8888888888889 20
      vertex 5.3 561.8888888888889 80
    endloop
  endfacet
  facet normal 0 -1 0
    outer loop
      vertex 31.11111111111111 633.3 20
      vertex 71.11111111111111 633.3 20
      vertex 31.11111111111111 633.3 80
    endloop
  endfacet
  facet normal 1 0 0
    outer loop
      vertex 31.11111111111111 633.3 20
      vertex 31.11111111111111 627.7 80
      vertex 31.11111111111111 627.7 20
    endloop
  endfacet
  facet normal 0 1 0
    outer loop
      vertex 31.11111111111111 627.7 20
      vertex 71.11111111111111 627.7 80
      vertex 71.11111111111111 627.7 20
    endloop
  endfacet
  facet normal 1 0 0
    outer loop
      vertex 31.11111111111111 633.3 20
      vertex 31.11111111111111 633.3 80
      vertex 31.11111111111111 627.7 80
    endloop
  endfacet
  facet normal 0 1 0
    outer loop
      vertex 31.11111111111111 627.7 20
      vertex 31.11111111111111 627.7 80
      vertex 71.11111111111111 627.7 80
    endloop
  endfacet
  facet normal 0 -1 0
    outer loop
      vertex 31.11111111111111 633.3 80
      vertex 71.11111111111111 633.3 20
      vertex 71.11111111111111 633.3 80
    endloop
  endfacet
  facet normal 0 0 -1
    outer loop
      vertex 31.11111111111111 633.3 20
      vertex 21.11111111111111 640.6776695296637 20
      vertex 21.11111111111111 643.3 20
    endloop
  endfacet
  facet normal 0 0 -1
    outer loop
      vertex 31.11111111111111 633.3 20
      vertex -7.6776695296636905 611.8888888888889 20
      vertex 21.11111111111111 640.6776695296637 20
    endloop
  endfacet
  facet normal 0 0 -1
    outer loop
      vertex 31.11111111111111 633.3 20
      vertex 31.11111111111111 627.7 20
      vertex -7.6776695296636905 611.8888888888889 20
    endloop
  endfacet
  facet normal 0 0 -1
    outer loop
      vertex 31.11111111111111 627.7 20
      vertex 5.3 601.8888888888889 20
      vertex -7.6776695296636905 611.8888888888889 20
    endloop
  endfacet
  facet normal 0 0 -1
    outer loop
      vertex -0.3 601.8888888888889 20
      vertex -7.6776695296636905 611.8888888888889 20
      vertex 5.3 601.8888888888889 20
    endloop
  endfacet
  facet normal 0 0 -1
    outer loop
      vertex 31.11111111111111 627.7 20
      vertex 33.4887806407748 617.7 20
      vertex 5.3 601.8888888888889 20
    endloop
  endfacet
  facet normal 0 0 -1
    outer loop
      vertex 5.3 601.8888888888889 20
      vertex 33.4887806407748 617.7 20
      vertex 15.3 599.5112193592252 20
    endloop
  endfacet
  facet normal 0 0 -1
    outer loop
      vertex 31.11111111111111 633.3 20
      vertex 21.11111111111111 643.3 20
      vertex 71.11111111111111 643.3 20
    endloop
  endfacet
  facet normal 0 0 -1
    outer loop
      vertex 31.11111111111111 633.3 20
      vertex 71.11111111111111 643.3 20
      vertex 71.11111111111111 633.3 20
    endloop
  endfacet
  facet normal 0 0 -1
    outer loop
      vertex 31.11111111111111 627.7 20
      vertex 71.11111111111111 627.7 20
      vertex 71.11111111111111 617.7 20
    endloop
  endfacet
  facet normal 0 0 -1
    outer loop
      vertex 31.11111111111111 627.7 20
      vertex 71.11111111111111 617.7 20
      vertex 33.4887806407748 617.7 20
    endloop
  endfacet
  facet normal 0 0 -1
    outer loop
      vertex -7.6776695296636905 611.8888888888889 20
      vertex -10.3 561.8888888888889 20
      vertex -10.3 611.8888888888889 20
    endloop
  endfacet
  facet normal 0 0 -1
    outer loop
      vertex -0.3 601.8888888888889 20
      vertex -10.3 561.8888888888889 20
      vertex -7.6776695296636905 611.8888888888889 20
    endloop
  endfacet
  facet normal 0 0 -1
    outer loop
      vertex 5.3 601.8888888888889 20
      vertex 15.3 599.5112193592252 20
      vertex 15.3 561.8888888888889 20
    endloop
  endfacet
  facet normal 0 0 -1
    outer loop
      vertex -0.3 601.8888888888889 20
      vertex -0.3 561.8888888888889 20
      vertex -10.3 561.8888888888889 20
    endloop
  endfacet
  facet normal 0 0 -1
    outer loop
      vertex 5.3 601.8888888888889 20
      vertex 15.3 561.8888888888889 20
      vertex 5.3 561.8888888888889 20
    endloop
  endfacet
  facet normal 0 0 1
    outer loop
      vertex 31.11111111111111 633.3 80
      vertex 21.11111111111111 643.3 80
      vertex 21.11111111111111 640.6776695296637 80
    endloop
  endfacet
  facet normal 0 0 1
    outer loop
      vertex 31.11111111111111 633.3 80
      vertex 21.11111111111111 640.6776695296637 80
      vertex 31.11111111111111 627.7 80
    endloop
  endfacet
  facet normal 0 0 1
    outer loop
      vertex -0.3 601.8888888888889 80
      vertex 21.11111111111111 640.6776695296637 80
      vertex -7.6776695296636905 611.8888888888889 80
    endloop
  endfacet
  facet normal 0 0 1
    outer loop
      vertex -0.3 601.8888888888889 80
      vertex 5.3 601.8888888888889 80
      vertex 21.11111111111111 640.6776695296637 80
    endloop
  endfacet
  facet normal 0 0 1
    outer loop
      vertex -0.3 601.8888888888889 80
      vertex -7.6776695296636905 611.8888888888889 80
      vertex -10.3 611.8888888888889 80
    endloop
  endfacet
  facet normal 0 0 1
    outer loop
      vertex 5.3 601.8888888888889 80
      vertex 15.3 599.5112193592252 80
      vertex 21.11111111111111 640.6776695296637 80
    endloop
  endfacet
  facet normal 0 0 1
    outer loop
      vertex 31.11111111111111 627.7 80
      vertex 21.11111111111111 640.6776695296637 80
      vertex 15.3 599.5112193592252 80
    endloop
  endfacet
  facet normal 0 0 1
    outer loop
      vertex 31.11111111111111 627.7 80
      vertex 15.3 599.5112193592252 80
      vertex 33.4887806407748 617.7 80
    endloop
  endfacet
  facet normal 0 0 1
    outer loop
      vertex 31.11111111111111 633.3 80
      vertex 71.11111111111111 643.3 80
      vertex 21.11111111111111 643.3 80
    endloop
  endfacet
  facet normal 0 0 1
    outer loop
      vertex 31.11111111111111 627.7 80
      vertex 33.4887806407748 617.7 80
      vertex 71.11111111111111 627.7 80
    endloop
  endfacet
  facet normal 0 0 1
    outer loop
      vertex 31.11111111111111 633.3 80
      vertex 71.11111111111111 633.3 80
      vertex 71.11111111111111 643.3 80
    endloop
  endfacet
  facet normal 0 0 1
    outer loop
      vertex 71.11111111111111 617.7 80
      vertex 71.11111111111111 627.7 80
      vertex 33.4887806407748 617.7 80
    endloop
  endfacet
  facet normal 0 0 1
    outer loop
      vertex -0.3 601.8888888888889 80
      vertex -10.3 611.8888888888889 80
      vertex -10.3 561.8888888888889 80
    endloop
  endfacet
  facet normal 0 0 1
    outer loop
      vertex 5.3 601.8888888888889 80
      vertex 15.3 561.8888888888889 80
      vertex 15.3 599.5112193592252 80
    endloop
  endfacet
  facet normal 0 0 1
    outer loop
      vertex -0.3 601.8888888888889 80
      vertex -10.3 561.8888888888889 80
      vertex -0.3 561.8888888888889 80
    endloop
  endfacet
  facet normal 0 0 1
    outer loop
      vertex 5.3 601.8888888888889 80
      vertex 5.3 561.8888888888889 80
      vertex 15.3 561.8888888888889 80
    endloop
  endfacet
endsolid OpenSCAD_Model
