solid OpenSCAD_Model
  facet normal 0 0 -1
    outer loop
      vertex 0 0 0
      vertex 7.12523737082855 8.035425498542622 0
      vertex 15.3 0 0
    endloop
  endfacet
  facet normal 0 -1 0
    outer loop
      vertex 0 0 0
      vertex 15.3 0 0
      vertex 15.3 0 3.3
    endloop
  endfacet
  facet normal 0 -1 0
    outer loop
      vertex 0 0 0
      vertex 15.3 0 3.3
      vertex 0 0 15
    endloop
  endfacet
  facet normal 0 0 -1
    outer loop
      vertex 0 0 0
      vertex 6.0420627451571765 8.630905788142623 0
      vertex 6.130905788142623 8.542062745157176 0
    endloop
  endfacet
  facet normal 0 0 -1
    outer loop
      vertex 0 0 0
      vertex 5.881966011250105 8.824429495415053 0
      vertex 5.958973514448421 8.725152020502621 0
    endloop
  endfacet
  facet normal 0 0 -1
    outer loop
      vertex 0 0 0
      vertex 5.958973514448421 8.725152020502621 0
      vertex 6.0420627451571765 8.630905788142623 0
    endloop
  endfacet
  facet normal 0 0 -1
    outer loop
      vertex 0 0 0
      vertex 5.81134414899597 8.928346410042007 0
      vertex 5.881966011250105 8.824429495415053 0
    endloop
  endfacet
  facet normal 0 0 -1
    outer loop
      vertex 0 0 0
      vertex 5.690345895067961 9.148441416869854 0
      vertex 5.747386639912273 9.03649265179657 0
    endloop
  endfacet
  facet normal 0 0 -1
    outer loop
      vertex 0 0 0
      vertex 5.747386639912273 9.03649265179657 0
      vertex 5.81134414899597 8.928346410042007 0
    endloop
  endfacet
  facet normal 0 0 -1
    outer loop
      vertex 0 0 0
      vertex 5.640447028223497 9.263750894630645 0
      vertex 5.690345895067961 9.148441416869854 0
    endloop
  endfacet
  facet normal 0 0 -1
    outer loop
      vertex 0 0 0
      vertex 5.597886967409693 9.381966011250105 0
      vertex 5.640447028223497 9.263750894630645 0
    endloop
  endfacet
  facet normal 0 0 -1
    outer loop
      vertex 0 0 0
      vertex 5.562833677742738 9.50262022567029 0
      vertex 5.597886967409693 9.381966011250105 0
    endloop
  endfacet
  facet normal 0 0 -1
    outer loop
      vertex 0 0 0
      vertex 5.535425498542622 9.62523737082855 0
      vertex 5.562833677742738 9.50262022567029 0
    endloop
  endfacet
  facet normal 0 0 -1
    outer loop
      vertex 0 0 0
      vertex 5.515770597371044 9.749333532871391 0
      vertex 5.535425498542622 9.62523737082855 0
    endloop
  endfacet
  facet normal 0 0 -1
    outer loop
      vertex 0 0 0
      vertex 5.503946543143456 9.874418960941373 0
      vertex 5.515770597371044 9.749333532871391 0
    endloop
  endfacet
  facet normal 0 0 -1
    outer loop
      vertex 0 0 0
      vertex 5.5 10 0
      vertex 5.503946543143456 9.874418960941373 0
    endloop
  endfacet
  facet normal 0 0 -1
    outer loop
      vertex 0 0 0
      vertex 5.503946543143456 10.125581039058627 0
      vertex 5.5 10 0
    endloop
  endfacet
  facet normal 0 0 -1
    outer loop
      vertex 0 0 0
      vertex 6.763750894630644 8.140447028223496 0
      vertex 6.881966011250105 8.097886967409693 0
    endloop
  endfacet
  facet normal 0 0 -1
    outer loop
      vertex 0 0 0
      vertex 6.648441416869855 8.19034589506796 0
      vertex 6.763750894630644 8.140447028223496 0
    endloop
  endfacet
  facet normal 0 0 -1
    outer loop
      vertex 0 0 0
      vertex 6.428346410042007 8.31134414899597 0
      vertex 6.53649265179657 8.247386639912273 0
    endloop
  endfacet
  facet normal 0 0 -1
    outer loop
      vertex 0 0 0
      vertex 6.2251520205026205 8.458973514448422 0
      vertex 6.324429495415053 8.381966011250105 0
    endloop
  endfacet
  facet normal 0 0 -1
    outer loop
      vertex 0 0 0
      vertex 6.324429495415053 8.381966011250105 0
      vertex 6.428346410042007 8.31134414899597 0
    endloop
  endfacet
  facet normal 0 0 -1
    outer loop
      vertex 0 0 0
      vertex 6.53649265179657 8.247386639912273 0
      vertex 6.648441416869855 8.19034589506796 0
    endloop
  endfacet
  facet normal 0 0 -1
    outer loop
      vertex 0 0 0
      vertex 6.881966011250105 8.097886967409693 0
      vertex 7.00262022567029 8.062833677742738 0
    endloop
  endfacet
  facet normal 0 0 -1
    outer loop
      vertex 0 0 0
      vertex 7.00262022567029 8.062833677742738 0
      vertex 7.12523737082855 8.035425498542622 0
    endloop
  endfacet
  facet normal 0 0 -1
    outer loop
      vertex 0 0 0
      vertex 6.130905788142623 8.542062745157176 0
      vertex 6.2251520205026205 8.458973514448422 0
    endloop
  endfacet
  facet normal 0 0 -1
    outer loop
      vertex 15.3 0 0
      vertex 7.12523737082855 8.035425498542622 0
      vertex 7.2493335328713915 8.015770597371045 0
    endloop
  endfacet
  facet normal 0 0 -1
    outer loop
      vertex 15.3 0 0
      vertex 7.2493335328713915 8.015770597371045 0
      vertex 7.374418960941372 8.003946543143456 0
    endloop
  endfacet
  facet normal 0 0 -1
    outer loop
      vertex 15.3 0 0
      vertex 7.374418960941372 8.003946543143456 0
      vertex 7.5 8 0
    endloop
  endfacet
  facet normal 0 0 -1
    outer loop
      vertex 15.3 0 0
      vertex 7.5 8 0
      vertex 7.625581039058628 8.003946543143456 0
    endloop
  endfacet
  facet normal 0 0 -1
    outer loop
      vertex 15.3 0 0
      vertex 7.625581039058628 8.003946543143456 0
      vertex 7.7506664671286085 8.015770597371045 0
    endloop
  endfacet
  facet normal 0 0 -1
    outer loop
      vertex 15.3 0 0
      vertex 7.7506664671286085 8.015770597371045 0
      vertex 7.87476262917145 8.035425498542622 0
    endloop
  endfacet
  facet normal 0 0 -1
    outer loop
      vertex 15.3 0 0
      vertex 7.87476262917145 8.035425498542622 0
      vertex 7.997379774329709 8.062833677742738 0
    endloop
  endfacet
  facet normal 0 0 -1
    outer loop
      vertex 15.3 0 0
      vertex 7.997379774329709 8.062833677742738 0
      vertex 8.118033988749895 8.097886967409693 0
    endloop
  endfacet
  facet normal 0 0 -1
    outer loop
      vertex 15.3 0 0
      vertex 8.118033988749895 8.097886967409693 0
      vertex 8.236249105369357 8.140447028223498 0
    endloop
  endfacet
  facet normal 0 0 -1
    outer loop
      vertex 15.3 0 0
      vertex 8.236249105369357 8.140447028223498 0
      vertex 8.351558583130146 8.19034589506796 0
    endloop
  endfacet
  facet normal 0 0 -1
    outer loop
      vertex 15.3 0 0
      vertex 8.351558583130146 8.19034589506796 0
      vertex 8.46350734820343 8.247386639912273 0
    endloop
  endfacet
  facet normal 0 0 -1
    outer loop
      vertex 15.3 0 0
      vertex 8.46350734820343 8.247386639912273 0
      vertex 8.571653589957993 8.31134414899597 0
    endloop
  endfacet
  facet normal 0 0 -1
    outer loop
      vertex 15.3 0 0
      vertex 8.571653589957993 8.31134414899597 0
      vertex 8.675570504584947 8.381966011250105 0
    endloop
  endfacet
  facet normal 0 0 -1
    outer loop
      vertex 15.3 0 0
      vertex 8.675570504584947 8.381966011250105 0
      vertex 8.77484797949738 8.458973514448422 0
    endloop
  endfacet
  facet normal 0 0 -1
    outer loop
      vertex 15.3 0 0
      vertex 8.77484797949738 8.458973514448422 0
      vertex 8.869094211857377 8.542062745157176 0
    endloop
  endfacet
  facet normal 0 0 -1
    outer loop
      vertex 15.3 0 0
      vertex 8.869094211857377 8.542062745157176 0
      vertex 8.957937254842824 8.630905788142623 0
    endloop
  endfacet
  facet normal 0 0 -1
    outer loop
      vertex 15.3 0 0
      vertex 8.957937254842824 8.630905788142623 0
      vertex 9.041026485551578 8.72515202050262 0
    endloop
  endfacet
  facet normal 0 0 -1
    outer loop
      vertex 15.3 0 0
      vertex 9.041026485551578 8.72515202050262 0
      vertex 9.118033988749895 8.824429495415053 0
    endloop
  endfacet
  facet normal 0 0 -1
    outer loop
      vertex 15.3 0 0
      vertex 9.118033988749895 8.824429495415053 0
      vertex 9.18865585100403 8.928346410042007 0
    endloop
  endfacet
  facet normal 0 0 -1
    outer loop
      vertex 15.3 0 0
      vertex 9.18865585100403 8.928346410042007 0
      vertex 9.252613360087727 9.03649265179657 0
    endloop
  endfacet
  facet normal 0 0 -1
    outer loop
      vertex 15.3 0 0
      vertex 9.252613360087727 9.03649265179657 0
      vertex 9.30965410493204 9.148441416869854 0
    endloop
  endfacet
  facet normal 0 0 -1
    outer loop
      vertex 15.3 0 0
      vertex 9.30965410493204 9.148441416869854 0
      vertex 9.359552971776502 9.263750894630643 0
    endloop
  endfacet
  facet normal 0 0 -1
    outer loop
      vertex 15.3 0 0
      vertex 9.359552971776502 9.263750894630643 0
      vertex 9.402113032590307 9.381966011250105 0
    endloop
  endfacet
  facet normal 0 0 -1
    outer loop
      vertex 15.3 0 0
      vertex 9.402113032590307 9.381966011250105 0
      vertex 9.437166322257262 9.502620225670292 0
    endloop
  endfacet
  facet normal 0 -1 0
    outer loop
      vertex 0 0 15
      vertex 15.3 0 3.3
      vertex 15 0 15
    endloop
  endfacet
  facet normal 0 0 -1
    outer loop
      vertex 0 0 0
      vertex 5.503946543143456 29.874418960941373 0
      vertex 5.503946543143456 10.125581039058627 0
    endloop
  endfacet
  facet normal 0 0 -1
    outer loop
      vertex 15.3 0 0
      vertex 9.437166322257262 9.502620225670292 0
      vertex 15.3 30.3 0
    endloop
  endfacet
  facet normal 0 0 -1
    outer loop
      vertex 5.503946543143456 10.125581039058627 0
      vertex 5.503946543143456 29.874418960941373 0
      vertex 5.515770597371044 10.250666467128609 0
    endloop
  endfacet
  facet normal 0 0 -1
    outer loop
      vertex 5.515770597371044 10.250666467128609 0
      vertex 5.535425498542622 29.62523737082855 0
      vertex 5.535425498542622 10.37476262917145 0
    endloop
  endfacet
  facet normal 0 0 -1
    outer loop
      vertex 5.535425498542622 10.37476262917145 0
      vertex 5.535425498542622 29.62523737082855 0
      vertex 5.562833677742738 10.49737977432971 0
    endloop
  endfacet
  facet normal 0 0 -1
    outer loop
      vertex 5.562833677742738 10.49737977432971 0
      vertex 5.562833677742738 29.50262022567029 0
      vertex 5.597886967409693 10.618033988749895 0
    endloop
  endfacet
  facet normal 0 0 -1
    outer loop
      vertex 5.597886967409693 10.618033988749895 0
      vertex 5.640447028223497 29.263750894630643 0
      vertex 5.640447028223497 10.736249105369355 0
    endloop
  endfacet
  facet normal 0 0 -1
    outer loop
      vertex 5.690345895067961 10.851558583130146 0
      vertex 5.747386639912273 29.036492651796568 0
      vertex 5.747386639912273 10.96350734820343 0
    endloop
  endfacet
  facet normal 0 0 -1
    outer loop
      vertex 5.640447028223497 10.736249105369355 0
      vertex 5.640447028223497 29.263750894630643 0
      vertex 5.690345895067961 10.851558583130146 0
    endloop
  endfacet
  facet normal 0 0 -1
    outer loop
      vertex 5.747386639912273 10.96350734820343 0
      vertex 5.747386639912273 29.036492651796568 0
      vertex 5.81134414899597 11.071653589957993 0
    endloop
  endfacet
  facet normal 0 0 -1
    outer loop
      vertex 5.81134414899597 11.071653589957993 0
      vertex 5.81134414899597 28.928346410042007 0
      vertex 5.881966011250105 11.175570504584947 0
    endloop
  endfacet
  facet normal 0 0 -1
    outer loop
      vertex 5.881966011250105 11.175570504584947 0
      vertex 5.958973514448421 28.72515202050262 0
      vertex 5.958973514448421 11.274847979497379 0
    endloop
  endfacet
  facet normal 0 0 -1
    outer loop
      vertex 5.958973514448421 11.274847979497379 0
      vertex 5.958973514448421 28.72515202050262 0
      vertex 6.0420627451571765 11.369094211857377 0
    endloop
  endfacet
  facet normal 0 0 -1
    outer loop
      vertex 6.130905788142623 11.457937254842824 0
      vertex 6.0420627451571765 11.369094211857377 0
      vertex 6.0420627451571765 28.630905788142623 0
    endloop
  endfacet
  facet normal 0 0 -1
    outer loop
      vertex 6.130905788142623 11.457937254842824 0
      vertex 6.2251520205026205 28.45897351444842 0
      vertex 6.2251520205026205 11.541026485551578 0
    endloop
  endfacet
  facet normal 0 0 -1
    outer loop
      vertex 6.2251520205026205 11.541026485551578 0
      vertex 6.2251520205026205 28.45897351444842 0
      vertex 6.324429495415053 11.618033988749895 0
    endloop
  endfacet
  facet normal 0 0 -1
    outer loop
      vertex 6.324429495415053 11.618033988749895 0
      vertex 6.324429495415053 28.381966011250107 0
      vertex 6.428346410042007 11.68865585100403 0
    endloop
  endfacet
  facet normal 0 0 -1
    outer loop
      vertex 6.428346410042007 11.68865585100403 0
      vertex 6.53649265179657 28.24738663991227 0
      vertex 6.53649265179657 11.752613360087727 0
    endloop
  endfacet
  facet normal 0 0 -1
    outer loop
      vertex 6.53649265179657 11.752613360087727 0
      vertex 6.53649265179657 28.24738663991227 0
      vertex 6.648441416869854 11.809654104932038 0
    endloop
  endfacet
  facet normal 0 0 -1
    outer loop
      vertex 6.648441416869854 11.809654104932038 0
      vertex 6.648441416869855 28.19034589506796 0
      vertex 6.763750894630644 11.859552971776504 0
    endloop
  endfacet
  facet normal 0 0 -1
    outer loop
      vertex 6.763750894630644 11.859552971776504 0
      vertex 6.881966011250105 28.097886967409693 0
      vertex 6.881966011250105 11.902113032590307 0
    endloop
  endfacet
  facet normal 0 0 -1
    outer loop
      vertex 9.437166322257262 9.502620225670292 0
      vertex 9.464574501457378 9.62523737082855 0
      vertex 15.3 30.3 0
    endloop
  endfacet
  facet normal 0 0 -1
    outer loop
      vertex 9.464574501457378 9.62523737082855 0
      vertex 9.484229402628955 9.749333532871391 0
      vertex 15.3 30.3 0
    endloop
  endfacet
  facet normal 0 0 -1
    outer loop
      vertex 9.484229402628955 9.749333532871391 0
      vertex 9.496053456856544 9.874418960941373 0
      vertex 15.3 30.3 0
    endloop
  endfacet
  facet normal 0 0 -1
    outer loop
      vertex 9.496053456856544 9.874418960941373 0
      vertex 9.5 10 0
      vertex 15.3 30.3 0
    endloop
  endfacet
  facet normal 0 0 -1
    outer loop
      vertex 9.5 10 0
      vertex 9.496053456856544 10.125581039058627 0
      vertex 15.3 30.3 0
    endloop
  endfacet
  facet normal 0 0 -1
    outer loop
      vertex 9.496053456856544 10.125581039058627 0
      vertex 9.484229402628955 10.250666467128609 0
      vertex 15.3 30.3 0
    endloop
  endfacet
  facet normal 0 0 -1
    outer loop
      vertex 9.484229402628955 10.250666467128609 0
      vertex 9.464574501457378 10.37476262917145 0
      vertex 15.3 30.3 0
    endloop
  endfacet
  facet normal 0 0 -1
    outer loop
      vertex 9.464574501457378 10.37476262917145 0
      vertex 9.437166322257262 10.49737977432971 0
      vertex 15.3 30.3 0
    endloop
  endfacet
  facet normal 0 0 -1
    outer loop
      vertex 9.437166322257262 10.49737977432971 0
      vertex 9.402113032590307 10.618033988749895 0
      vertex 15.3 30.3 0
    endloop
  endfacet
  facet normal 0 0 -1
    outer loop
      vertex 9.402113032590307 10.618033988749895 0
      vertex 9.359552971776502 10.736249105369357 0
      vertex 15.3 30.3 0
    endloop
  endfacet
  facet normal 0 0 -1
    outer loop
      vertex 9.359552971776502 10.736249105369357 0
      vertex 9.30965410493204 10.851558583130146 0
      vertex 15.3 30.3 0
    endloop
  endfacet
  facet normal 0 0 -1
    outer loop
      vertex 9.30965410493204 10.851558583130146 0
      vertex 9.252613360087727 10.96350734820343 0
      vertex 15.3 30.3 0
    endloop
  endfacet
  facet normal 0 0 -1
    outer loop
      vertex 9.252613360087727 10.96350734820343 0
      vertex 9.18865585100403 11.071653589957993 0
      vertex 15.3 30.3 0
    endloop
  endfacet
  facet normal 0 0 -1
    outer loop
      vertex 6.881966011250105 11.902113032590307 0
      vertex 15.3 30.3 0
      vertex 7.00262022567029 11.937166322257262 0
    endloop
  endfacet
  facet normal 0 0 -1
    outer loop
      vertex 7.00262022567029 11.937166322257262 0
      vertex 15.3 30.3 0
      vertex 7.125237370828551 11.964574501457378 0
    endloop
  endfacet
  facet normal 0 0 -1
    outer loop
      vertex 7.125237370828551 11.964574501457378 0
      vertex 15.3 30.3 0
      vertex 7.2493335328713915 11.984229402628955 0
    endloop
  endfacet
  facet normal 0 0 -1
    outer loop
      vertex 7.374418960941373 11.996053456856544 0
      vertex 15.3 30.3 0
      vertex 7.5 12 0
    endloop
  endfacet
  facet normal 0 0 -1
    outer loop
      vertex 7.2493335328713915 11.984229402628955 0
      vertex 15.3 30.3 0
      vertex 7.374418960941373 11.996053456856544 0
    endloop
  endfacet
  facet normal 0 0 -1
    outer loop
      vertex 7.5 12 0
      vertex 15.3 30.3 0
      vertex 7.625581039058627 11.996053456856544 0
    endloop
  endfacet
  facet normal 0 0 -1
    outer loop
      vertex 9.118033988749895 11.175570504584947 0
      vertex 15.3 30.3 0
      vertex 9.18865585100403 11.071653589957993 0
    endloop
  endfacet
  facet normal 0 0 -1
    outer loop
      vertex 9.118033988749895 11.175570504584947 0
      vertex 9.041026485551578 11.27484797949738 0
      vertex 15.3 30.3 0
    endloop
  endfacet
  facet normal 0 0 -1
    outer loop
      vertex 9.041026485551578 11.27484797949738 0
      vertex 8.957937254842824 11.369094211857377 0
      vertex 15.3 30.3 0
    endloop
  endfacet
  facet normal 0 0 -1
    outer loop
      vertex 8.957937254842824 11.369094211857377 0
      vertex 8.869094211857377 11.457937254842824 0
      vertex 15.3 30.3 0
    endloop
  endfacet
  facet normal 0 0 -1
    outer loop
      vertex 8.869094211857377 11.457937254842824 0
      vertex 8.77484797949738 11.541026485551578 0
      vertex 15.3 30.3 0
    endloop
  endfacet
  facet normal 0 0 -1
    outer loop
      vertex 8.351558583130146 11.809654104932038 0
      vertex 15.3 30.3 0
      vertex 8.46350734820343 11.752613360087727 0
    endloop
  endfacet
  facet normal 0 0 -1
    outer loop
      vertex 7.7506664671286085 11.984229402628955 0
      vertex 15.3 30.3 0
      vertex 7.874762629171449 11.964574501457378 0
    endloop
  endfacet
  facet normal 0 0 -1
    outer loop
      vertex 7.625581039058627 11.996053456856544 0
      vertex 15.3 30.3 0
      vertex 7.7506664671286085 11.984229402628955 0
    endloop
  endfacet
  facet normal 0 0 -1
    outer loop
      vertex 7.874762629171449 11.964574501457378 0
      vertex 15.3 30.3 0
      vertex 7.99737977432971 11.937166322257262 0
    endloop
  endfacet
  facet normal 0 0 -1
    outer loop
      vertex 8.118033988749895 11.902113032590307 0
      vertex 15.3 30.3 0
      vertex 8.236249105369355 11.859552971776504 0
    endloop
  endfacet
  facet normal 0 0 -1
    outer loop
      vertex 7.99737977432971 11.937166322257262 0
      vertex 15.3 30.3 0
      vertex 8.118033988749895 11.902113032590307 0
    endloop
  endfacet
  facet normal 0 0 -1
    outer loop
      vertex 8.236249105369355 11.859552971776504 0
      vertex 15.3 30.3 0
      vertex 8.351558583130146 11.809654104932038 0
    endloop
  endfacet
  facet normal 0 0 -1
    outer loop
      vertex 8.675570504584947 11.618033988749895 0
      vertex 15.3 30.3 0
      vertex 8.77484797949738 11.541026485551578 0
    endloop
  endfacet
  facet normal 0 0 -1
    outer loop
      vertex 8.571653589957993 11.68865585100403 0
      vertex 15.3 30.3 0
      vertex 8.675570504584947 11.618033988749895 0
    endloop
  endfacet
  facet normal 0 0 -1
    outer loop
      vertex 8.571653589957993 11.68865585100403 0
      vertex 8.46350734820343 11.752613360087727 0
      vertex 15.3 30.3 0
    endloop
  endfacet
  facet normal -1 0 0
    outer loop
      vertex 0 0 0
      vertex 0 0 15
      vertex 0 40 15
    endloop
  endfacet
  facet normal 0 -1 0
    outer loop
      vertex 115.89999999999999 0 3.3
      vertex 15 0 15
      vertex 15.3 0 3.3
    endloop
  endfacet
  facet normal -0.029095991576514237 -0.9258494641513363 0.3767707432973836
    outer loop
      vertex 27.234885324236174 9.317759444145556 40
      vertex 15 5.131888384997384 28.769105158166006
      vertex 15 5.017985611510792 28.489208633093526
    endloop
  endfacet
  facet normal -0.23356006401026233 -0.8039190133316123 0.5469587886700873
    outer loop
      vertex 25.01884705062547 9.74049135334362 40
      vertex 15 5.839892222231784 29.988700288274273
      vertex 15 5.623286457524912 29.670333536972063
    endloop
  endfacet
  facet normal -0.276777555380388 -0.7687792348344206 0.5765177125857097
    outer loop
      vertex 24.486879025837897 9.932011627005737 40
      vertex 15 6.084081774892022 30.314324034692625
      vertex 15 5.839892222231784 29.988700288274273
    endloop
  endfacet
  facet normal -0.3171690255425626 -0.7329343732635968 0.6018396910515955
    outer loop
      vertex 24.486879025837897 9.932011627005737 40
      vertex 15 6.356326540229665 30.6458700417504
      vertex 15 6.084081774892022 30.314324034692625
    endloop
  endfacet
  facet normal -0.13781309016101168 -0.8701176067461192 0.4731837936898082
    outer loop
      vertex 26.113568168728474 9.459414743441803 40
      vertex 15 5.433620569767431 29.360350817513712
      vertex 15 5.270115124115067 29.05968758906372
    endloop
  endfacet
  facet normal -0.08505275663863815 -0.8997641813798185 0.4280075308847658
    outer loop
      vertex 26.67200089792126 9.3709676881697 40
      vertex 15 5.270115124115067 29.05968758906372
      vertex 15 5.131888384997384 28.769105158166006
    endloop
  endfacet
  facet normal -0.18729351000629757 -0.8379029973485446 0.5126789523121131
    outer loop
      vertex 25.561791015516302 9.582751549842321 40
      vertex 15 5.623286457524912 29.670333536972063
      vertex 15 5.433620569767431 29.360350817513712
    endloop
  endfacet
  facet normal -0.35498585818992445 -0.6966989745893227 0.6233743492407666
    outer loop
      vertex 23.967986375914347 10.156556527805824 40
      vertex 15 6.656885189884106 30.98178200744683
      vertex 15 6.356326540229665 30.6458700417504
    endloop
  endfacet
  facet normal -0.3904871129256392 -0.6602776487313382 0.6415241548256891
    outer loop
      vertex 23.464216933084558 10.413239879605229 40
      vertex 15 6.985760808565454 31.320271553934738
      vertex 15 6.656885189884106 30.98178200744683
    endloop
  endfacet
  facet normal -0.42392609416500754 -0.6237883047739011 0.6566390313660193
    outer loop
      vertex 22.977558845189026 10.701048670481866 40
      vertex 15 7.342656583941936 31.659312335960635
      vertex 15 6.985760808565454 31.320271553934738
    endloop
  endfacet
  facet normal -0.455542192939359 -0.5872814563877504 0.6690155464823538
    outer loop
      vertex 22.50993272936774 11.018847050625475 40
      vertex 15 7.726931503284743 31.99664012374005
      vertex 15 7.342656583941936 31.659312335960635
    endloop
  endfacet
  facet normal -0.48555634378508505 -0.5507555625426994 0.6788986281753229
    outer loop
      vertex 22.063184092261793 11.365380815017897 40
      vertex 15 8.137557949265442 32.329760253705324
      vertex 15 7.726931503284743 31.99664012374005
    endloop
  endfacet
  facet normal -0.5141688082693788 -0.5141688082693738 0.686484430417543
    outer loop
      vertex 21.6390760466418 11.739282353207296 40
      vertex 15 8.573083481426135 32.65596378275804
      vertex 15 8.137557949265442 32.329760253705324
    endloop
  endfacet
  facet normal -0.5415583319977061 -0.4774478943383817 0.6919234648685559
    outer loop
      vertex 21.239282353207294 12.139076046641804 40
      vertex 15 9.031599425604124 32.97235350385233
      vertex 15 8.573083481426135 32.65596378275804
    endloop
  endfacet
  facet normal -0.4239260941650101 -0.6237883047738976 0.6566390313660209
    outer loop
      vertex 22.977558845189026 10.701048670481866 40
      vertex 22.50993272936774 11.018847050625475 40
      vertex 15 7.342656583941936 31.659312335960635
    endloop
  endfacet
  facet normal -0.029095991576513578 -0.9258494641513375 0.3767707432973807
    outer loop
      vertex 27.234885324236174 9.317759444145556 40
      vertex 15 5.017985611510792 28.489208633093526
      vertex 27.799999999999997 9.3 40
    endloop
  endfacet
  facet normal -0.23356006401025983 -0.8039190133316149 0.5469587886700845
    outer loop
      vertex 25.01884705062547 9.74049135334362 40
      vertex 15 5.623286457524912 29.670333536972063
      vertex 25.561791015516302 9.582751549842321 40
    endloop
  endfacet
  facet normal -0.18729351000629935 -0.8379029973485442 0.5126789523121129
    outer loop
      vertex 25.561791015516302 9.582751549842321 40
      vertex 15 5.433620569767431 29.360350817513712
      vertex 26.113568168728474 9.459414743441803 40
    endloop
  endfacet
  facet normal -0.27677755538039267 -0.7687792348344166 0.5765177125857129
    outer loop
      vertex 24.486879025837897 9.932011627005737 40
      vertex 15 5.839892222231784 29.988700288274273
      vertex 25.01884705062547 9.74049135334362 40
    endloop
  endfacet
  facet normal -0.13781309016101018 -0.8701176067461195 0.473183793689808
    outer loop
      vertex 26.113568168728474 9.459414743441803 40
      vertex 15 5.270115124115067 29.05968758906372
      vertex 26.67200089792126 9.3709676881697 40
    endloop
  endfacet
  facet normal -0.08505275663863603 -0.8997641813798192 0.42800753088476495
    outer loop
      vertex 26.67200089792126 9.3709676881697 40
      vertex 15 5.131888384997384 28.769105158166006
      vertex 27.234885324236174 9.317759444145556 40
    endloop
  endfacet
  facet normal -0.31716902554255966 -0.7329343732636011 0.6018396910515919
    outer loop
      vertex 24.486879025837897 9.932011627005737 40
      vertex 23.967986375914347 10.156556527805824 40
      vertex 15 6.356326540229665 30.6458700417504
    endloop
  endfacet
  facet normal -0.3549858581899279 -0.6966989745893187 0.6233743492407691
    outer loop
      vertex 23.464216933084558 10.413239879605229 40
      vertex 15 6.656885189884106 30.98178200744683
      vertex 23.967986375914347 10.156556527805824 40
    endloop
  endfacet
  facet normal -0.39048711292563604 -0.6602776487313415 0.6415241548256875
    outer loop
      vertex 23.464216933084558 10.413239879605229 40
      vertex 22.977558845189026 10.701048670481866 40
      vertex 15 6.985760808565454 31.320271553934738
    endloop
  endfacet
  facet normal 0 0 1
    outer loop
      vertex 25.01884705062547 9.74049135334362 40
      vertex 27.234885324236174 9.317759444145556 40
      vertex 23.464216933084558 10.413239879605229 40
    endloop
  endfacet
  facet normal 0 0 1
    outer loop
      vertex 25.01884705062547 9.74049135334362 40
      vertex 25.561791015516302 9.582751549842321 40
      vertex 26.113568168728474 9.459414743441803 40
    endloop
  endfacet
  facet normal 0 0 1
    outer loop
      vertex 25.01884705062547 9.74049135334362 40
      vertex 26.113568168728474 9.459414743441803 40
      vertex 27.234885324236174 9.317759444145556 40
    endloop
  endfacet
  facet normal 0 0 1
    outer loop
      vertex 26.113568168728474 9.459414743441803 40
      vertex 26.67200089792126 9.3709676881697 40
      vertex 27.234885324236174 9.317759444145556 40
    endloop
  endfacet
  facet normal -0.7514460738417 -0.1190173658394847 0.6489712356773023
    outer loop
      vertex 18.959414743441798 16.613568168728477 40
      vertex 15 13.649539214160022 34.87179492841214
      vertex 15 13.144051433187226 34.7790915529033
    endloop
  endfacet
  facet normal -0.7712975432226409 -0.07290908395474302 0.6322850348502634
    outer loop
      vertex 18.870967688169696 17.172000897921265 40
      vertex 15 14.13682009556701 34.927983515416194
      vertex 15 13.649539214160022 34.87179492841214
    endloop
  endfacet
  facet normal -0.790169776209982 -0.024832085606586857 0.612384758373928
    outer loop
      vertex 18.81775944414555 17.73488532423618 40
      vertex 15 14.601063829787236 34.9468085106383
      vertex 15 14.13682009556701 34.927983515416194
    endloop
  endfacet
  facet normal -0.7992320830975104 0 0.6010225264893274
    outer loop
      vertex 18.799999999999997 18.3 40
      vertex 15 22.686170212765955 34.9468085106383
      vertex 15 14.601063829787236 34.9468085106383
    endloop
  endfacet
  facet normal -0.5678819877868659 -0.44049442262039623 0.6953234582462768
    outer loop
      vertex 20.865380815017893 12.563184092261794 40
      vertex 15 9.51071911881947 33.275880661071014
      vertex 15 9.031599425604124 32.97235350385233
    endloop
  endfacet
  facet normal -0.593275210305939 -0.4031894165779231 0.6967516194426806
    outer loop
      vertex 20.51884705062547 13.009932729367742 40
      vertex 15 10.007568714649961 33.56339272861398
      vertex 15 9.51071911881947 33.275880661071014
    endloop
  endfacet
  facet normal -0.45554219293935677 -0.5872814563877536 0.6690155464823525
    outer loop
      vertex 22.50993272936774 11.018847050625475 40
      vertex 22.063184092261793 11.365380815017897 40
      vertex 15 7.726931503284743 31.99664012374005
    endloop
  endfacet
  facet normal -0.48555634378508683 -0.5507555625426968 0.6788986281753234
    outer loop
      vertex 22.063184092261793 11.365380815017897 40
      vertex 21.6390760466418 11.739282353207296 40
      vertex 15 8.137557949265442 32.329760253705324
    endloop
  endfacet
  facet normal -0.6178516560050434 -0.3653964507708107 0.6962361416473006
    outer loop
      vertex 20.20104867048186 13.47755884518903 40
      vertex 15 10.51879328841897 33.83169199322849
      vertex 15 10.007568714649961 33.56339272861398
    endloop
  endfacet
  facet normal -0.6417025990424527 -0.32696380521884966 0.6937668516576525
    outer loop
      vertex 19.913239879605225 13.964216933084561 40
      vertex 15 11.040580547855512 34.07760392668632
      vertex 15 10.51879328841897 33.83169199322849
    endloop
  endfacet
  facet normal -0.6648956110161052 -0.28772602394738306 0.6892949742997914
    outer loop
      vertex 19.65655652780582 14.467986375914348 40
      vertex 15 11.568703729836553 34.29805350048483
      vertex 15 11.040580547855512 34.07760392668632
    endloop
  endfacet
  facet normal -0.5141688082693778 -0.5141688082693756 0.6864844304175426
    outer loop
      vertex 21.6390760466418 11.739282353207296 40
      vertex 21.239282353207294 12.139076046641804 40
      vertex 15 8.573083481426135 32.65596378275804
    endloop
  endfacet
  facet normal -0.5415583319977086 -0.47744789433837903 0.691923464868556
    outer loop
      vertex 21.239282353207294 12.139076046641804 40
      vertex 20.865380815017893 12.563184092261794 40
      vertex 15 9.031599425604124 32.97235350385233
    endloop
  endfacet
  facet normal -0.5678819877868653 -0.44049442262039734 0.6953234582462764
    outer loop
      vertex 20.865380815017893 12.563184092261794 40
      vertex 20.51884705062547 13.009932729367742 40
      vertex 15 9.51071911881947 33.275880661071014
    endloop
  endfacet
  facet normal -0.5932752103059368 -0.40318941657792584 0.6967516194426808
    outer loop
      vertex 20.20104867048186 13.47755884518903 40
      vertex 15 10.007568714649961 33.56339272861398
      vertex 20.51884705062547 13.009932729367742 40
    endloop
  endfacet
  facet normal 0 0 1
    outer loop
      vertex 24.486879025837897 9.932011627005737 40
      vertex 23.464216933084558 10.413239879605229 40
      vertex 23.967986375914347 10.156556527805824 40
    endloop
  endfacet
  facet normal 0 0 1
    outer loop
      vertex 24.486879025837897 9.932011627005737 40
      vertex 25.01884705062547 9.74049135334362 40
      vertex 23.464216933084558 10.413239879605229 40
    endloop
  endfacet
  facet normal 0 0 1
    outer loop
      vertex 23.464216933084558 10.413239879605229 40
      vertex 22.063184092261793 11.365380815017897 40
      vertex 22.977558845189026 10.701048670481866 40
    endloop
  endfacet
  facet normal 0 0 1
    outer loop
      vertex 22.977558845189026 10.701048670481866 40
      vertex 22.063184092261793 11.365380815017897 40
      vertex 22.50993272936774 11.018847050625475 40
    endloop
  endfacet
  facet normal 0 0 1
    outer loop
      vertex 23.464216933084558 10.413239879605229 40
      vertex 20.865380815017893 12.563184092261794 40
      vertex 22.063184092261793 11.365380815017897 40
    endloop
  endfacet
  facet normal 0 0 1
    outer loop
      vertex 21.6390760466418 11.739282353207296 40
      vertex 20.865380815017893 12.563184092261794 40
      vertex 21.239282353207294 12.139076046641804 40
    endloop
  endfacet
  facet normal 0 0 1
    outer loop
      vertex 22.063184092261793 11.365380815017897 40
      vertex 20.865380815017893 12.563184092261794 40
      vertex 21.6390760466418 11.739282353207296 40
    endloop
  endfacet
  facet normal -0.6874722798184517 -0.24750525037389098 0.6827320232115804
    outer loop
      vertex 19.432011627005735 14.9868790258379 40
      vertex 15 12.098584255694131 34.49014674902429
      vertex 15 11.568703729836553 34.29805350048483
    endloop
  endfacet
  facet normal -0.7094447101794695 -0.2061127416735208 0.6739478770039958
    outer loop
      vertex 19.240491353343614 15.518847050625475 40
      vertex 15 12.625373474232305 34.651254119225726
      vertex 15 12.098584255694131 34.49014674902429
    endloop
  endfacet
  facet normal -0.7307905257190175 -0.16335103594853767 0.6627681695539259
    outer loop
      vertex 19.082751549842317 16.061791015516306 40
      vertex 15 13.144051433187226 34.7790915529033
      vertex 15 12.625373474232305 34.651254119225726
    endloop
  endfacet
  facet normal -0.6417025990424526 -0.32696380521885016 0.6937668516576525
    outer loop
      vertex 19.913239879605225 13.964216933084561 40
      vertex 19.65655652780582 14.467986375914348 40
      vertex 15 11.040580547855512 34.07760392668632
    endloop
  endfacet
  facet normal -0.6648956110161074 -0.2877260239473781 0.6892949742997911
    outer loop
      vertex 19.65655652780582 14.467986375914348 40
      vertex 19.432011627005735 14.9868790258379 40
      vertex 15 11.568703729836553 34.29805350048483
    endloop
  endfacet
  facet normal -0.6178516560050415 -0.3653964507708139 0.6962361416473006
    outer loop
      vertex 20.20104867048186 13.47755884518903 40
      vertex 19.913239879605225 13.964216933084561 40
      vertex 15 10.51879328841897 33.83169199322849
    endloop
  endfacet
  facet normal 0 0 1
    outer loop
      vertex 20.20104867048186 13.47755884518903 40
      vertex 20.865380815017893 12.563184092261794 40
      vertex 19.65655652780582 14.467986375914348 40
    endloop
  endfacet
  facet normal -0.6874722798184519 -0.2475052503738901 0.6827320232115806
    outer loop
      vertex 19.432011627005735 14.9868790258379 40
      vertex 19.240491353343614 15.518847050625475 40
      vertex 15 12.098584255694131 34.49014674902429
    endloop
  endfacet
  facet normal -0.7094447101794671 -0.20611274167352556 0.6739478770039967
    outer loop
      vertex 19.240491353343614 15.518847050625475 40
      vertex 19.082751549842317 16.061791015516306 40
      vertex 15 12.625373474232305 34.651254119225726
    endloop
  endfacet
  facet normal 0 0 1
    outer loop
      vertex 20.20104867048186 13.47755884518903 40
      vertex 19.65655652780582 14.467986375914348 40
      vertex 19.913239879605225 13.964216933084561 40
    endloop
  endfacet
  facet normal 0 0 1
    outer loop
      vertex 19.65655652780582 14.467986375914348 40
      vertex 20.865380815017893 12.563184092261794 40
      vertex 19.082751549842317 16.061791015516306 40
    endloop
  endfacet
  facet normal 0 0 1
    outer loop
      vertex 20.20104867048186 13.47755884518903 40
      vertex 20.51884705062547 13.009932729367742 40
      vertex 20.865380815017893 12.563184092261794 40
    endloop
  endfacet
  facet normal 0 0 1
    outer loop
      vertex 23.464216933084558 10.413239879605229 40
      vertex 19.082751549842317 16.061791015516306 40
      vertex 20.865380815017893 12.563184092261794 40
    endloop
  endfacet
  facet normal 0 0 1
    outer loop
      vertex 27.234885324236174 9.317759444145556 40
      vertex 27.21100071570451 16.812357622578798 40
      vertex 23.464216933084558 10.413239879605229 40
    endloop
  endfacet
  facet normal 0 0 1
    outer loop
      vertex 27.234885324236174 9.317759444145556 40
      vertex 27.799999999999997 9.3 40
      vertex 27.50018989666284 16.7283403988341 40
    endloop
  endfacet
  facet normal 0 0 1
    outer loop
      vertex 23.464216933084558 10.413239879605229 40
      vertex 26.9426771280336 16.949075319196776 40
      vertex 26.85954359633204 17.005572809000085 40
    endloop
  endfacet
  facet normal 0 0 1
    outer loop
      vertex 23.464216933084558 10.413239879605229 40
      vertex 26.85954359633204 17.005572809000085 40
      vertex 26.780121616402095 17.067178811558737 40
    endloop
  endfacet
  facet normal 0 0 1
    outer loop
      vertex 23.464216933084558 10.413239879605229 40
      vertex 27.118753133495883 16.85227671605437 40
      vertex 27.029194121437254 16.89790931192982 40
    endloop
  endfacet
  facet normal 0 0 1
    outer loop
      vertex 23.464216933084558 10.413239879605229 40
      vertex 27.029194121437254 16.89790931192982 40
      vertex 26.9426771280336 16.949075319196776 40
    endloop
  endfacet
  facet normal 0 0 1
    outer loop
      vertex 23.464216933084558 10.413239879605229 40
      vertex 27.21100071570451 16.812357622578798 40
      vertex 27.118753133495883 16.85227671605437 40
    endloop
  endfacet
  facet normal 0 0 1
    outer loop
      vertex 23.464216933084558 10.413239879605229 40
      vertex 26.704724630514097 17.133650196125743 40
      vertex 26.63365019612574 17.2047246305141 40
    endloop
  endfacet
  facet normal 0 0 1
    outer loop
      vertex 23.464216933084558 10.413239879605229 40
      vertex 26.780121616402095 17.067178811558737 40
      vertex 26.704724630514097 17.133650196125743 40
    endloop
  endfacet
  facet normal 0 0 1
    outer loop
      vertex 23.464216933084558 10.413239879605229 40
      vertex 26.63365019612574 17.2047246305141 40
      vertex 26.567178811558733 17.2801216164021 40
    endloop
  endfacet
  facet normal 0 0 1
    outer loop
      vertex 27.234885324236174 9.317759444145556 40
      vertex 27.305572809000083 16.778309573927753 40
      vertex 27.21100071570451 16.812357622578798 40
    endloop
  endfacet
  facet normal 0 0 1
    outer loop
      vertex 27.234885324236174 9.317759444145556 40
      vertex 27.40209618053623 16.75026694219419 40
      vertex 27.305572809000083 16.778309573927753 40
    endloop
  endfacet
  facet normal 0 0 1
    outer loop
      vertex 27.234885324236174 9.317759444145556 40
      vertex 27.50018989666284 16.7283403988341 40
      vertex 27.40209618053623 16.75026694219419 40
    endloop
  endfacet
  facet normal 0 0 1
    outer loop
      vertex 27.799999999999997 9.3 40
      vertex 27.59946682629711 16.712616477896837 40
      vertex 27.50018989666284 16.7283403988341 40
    endloop
  endfacet
  facet normal 0 0 1
    outer loop
      vertex 27.799999999999997 9.3 40
      vertex 27.699535168753094 16.703157234514766 40
      vertex 27.59946682629711 16.712616477896837 40
    endloop
  endfacet
  facet normal 0 0 1
    outer loop
      vertex 27.799999999999997 9.3 40
      vertex 27.799999999999997 16.7 40
      vertex 27.699535168753094 16.703157234514766 40
    endloop
  endfacet
  facet normal 0 0 1
    outer loop
      vertex 27.799999999999997 9.3 40
      vertex 27.9004648312469 16.703157234514766 40
      vertex 27.799999999999997 16.7 40
    endloop
  endfacet
  facet normal 0 0 1
    outer loop
      vertex 27.799999999999997 9.3 40
      vertex 28.000533173702884 16.712616477896837 40
      vertex 27.9004648312469 16.703157234514766 40
    endloop
  endfacet
  facet normal 0 0 1
    outer loop
      vertex 27.799999999999997 9.3 40
      vertex 28.099810103337155 16.7283403988341 40
      vertex 28.000533173702884 16.712616477896837 40
    endloop
  endfacet
  facet normal 0 0 1
    outer loop
      vertex 27.799999999999997 9.3 40
      vertex 28.197903819463765 16.75026694219419 40
      vertex 28.099810103337155 16.7283403988341 40
    endloop
  endfacet
  facet normal 0 0 1
    outer loop
      vertex 27.799999999999997 9.3 40
      vertex 28.29442719099991 16.778309573927753 40
      vertex 28.197903819463765 16.75026694219419 40
    endloop
  endfacet
  facet normal 0 0 1
    outer loop
      vertex 27.799999999999997 9.3 40
      vertex 28.388999284295483 16.812357622578798 40
      vertex 28.29442719099991 16.778309573927753 40
    endloop
  endfacet
  facet normal 0 0 1
    outer loop
      vertex 27.799999999999997 9.3 40
      vertex 28.48124686650411 16.85227671605437 40
      vertex 28.388999284295483 16.812357622578798 40
    endloop
  endfacet
  facet normal 0 0 1
    outer loop
      vertex 27.799999999999997 9.3 40
      vertex 28.57080587856274 16.89790931192982 40
      vertex 28.48124686650411 16.85227671605437 40
    endloop
  endfacet
  facet normal 0 0 1
    outer loop
      vertex 27.799999999999997 9.3 40
      vertex 28.65732287196639 16.949075319196776 40
      vertex 28.57080587856274 16.89790931192982 40
    endloop
  endfacet
  facet normal 0 0 1
    outer loop
      vertex 27.799999999999997 9.3 40
      vertex 28.740456403667956 17.005572809000085 40
      vertex 28.65732287196639 16.949075319196776 40
    endloop
  endfacet
  facet normal 0 0 1
    outer loop
      vertex 27.799999999999997 9.3 40
      vertex 28.819878383597903 17.067178811558737 40
      vertex 28.740456403667956 17.005572809000085 40
    endloop
  endfacet
  facet normal 0 0 1
    outer loop
      vertex 27.799999999999997 9.3 40
      vertex 28.895275369485898 17.133650196125743 40
      vertex 28.819878383597903 17.067178811558737 40
    endloop
  endfacet
  facet normal 0 0 1
    outer loop
      vertex 27.799999999999997 9.3 40
      vertex 28.966349803874255 17.2047246305141 40
      vertex 28.895275369485898 17.133650196125743 40
    endloop
  endfacet
  facet normal 0 0 1
    outer loop
      vertex 27.799999999999997 9.3 40
      vertex 29.03282118844126 17.2801216164021 40
      vertex 28.966349803874255 17.2047246305141 40
    endloop
  endfacet
  facet normal 0 0 1
    outer loop
      vertex 27.799999999999997 9.3 40
      vertex 29.094427190999912 17.359543596332045 40
      vertex 29.03282118844126 17.2801216164021 40
    endloop
  endfacet
  facet normal 0 0 1
    outer loop
      vertex 27.799999999999997 9.3 40
      vertex 29.15092468080322 17.44267712803361 40
      vertex 29.094427190999912 17.359543596332045 40
    endloop
  endfacet
  facet normal 0 0 1
    outer loop
      vertex 27.799999999999997 9.3 40
      vertex 29.20209068807018 17.529194121437257 40
      vertex 29.15092468080322 17.44267712803361 40
    endloop
  endfacet
  facet normal 0 0 1
    outer loop
      vertex 27.799999999999997 9.3 40
      vertex 29.24772328394563 17.618753133495886 40
      vertex 29.20209068807018 17.529194121437257 40
    endloop
  endfacet
  facet normal 0 0 1
    outer loop
      vertex 27.799999999999997 9.3 40
      vertex 29.2876423774212 17.711000715704515 40
      vertex 29.24772328394563 17.618753133495886 40
    endloop
  endfacet
  facet normal 0 0 1
    outer loop
      vertex 27.799999999999997 9.3 40
      vertex 29.321690426072244 17.805572809000086 40
      vertex 29.2876423774212 17.711000715704515 40
    endloop
  endfacet
  facet normal -0.7307905257190193 -0.16335103594853329 0.6627681695539251
    outer loop
      vertex 19.082751549842317 16.061791015516306 40
      vertex 18.959414743441798 16.613568168728477 40
      vertex 15 13.144051433187226 34.7790915529033
    endloop
  endfacet
  facet normal -0.7514460738416994 -0.11901736583948627 0.6489712356773026
    outer loop
      vertex 18.959414743441798 16.613568168728477 40
      vertex 18.870967688169696 17.172000897921265 40
      vertex 15 13.649539214160022 34.87179492841214
    endloop
  endfacet
  facet normal 0 0 1
    outer loop
      vertex 19.432011627005735 14.9868790258379 40
      vertex 19.082751549842317 16.061791015516306 40
      vertex 19.240491353343614 15.518847050625475 40
    endloop
  endfacet
  facet normal 0 0 1
    outer loop
      vertex 19.65655652780582 14.467986375914348 40
      vertex 19.082751549842317 16.061791015516306 40
      vertex 19.432011627005735 14.9868790258379 40
    endloop
  endfacet
  facet normal -0.7712975432226394 -0.07290908395474627 0.6322850348502644
    outer loop
      vertex 18.870967688169696 17.172000897921265 40
      vertex 18.81775944414555 17.73488532423618 40
      vertex 15 14.13682009556701 34.927983515416194
    endloop
  endfacet
  facet normal -0.7901697762099819 -0.024832085606587413 0.612384758373928
    outer loop
      vertex 18.81775944414555 17.73488532423618 40
      vertex 18.799999999999997 18.3 40
      vertex 15 14.601063829787236 34.9468085106383
    endloop
  endfacet
  facet normal 0 0 1
    outer loop
      vertex 19.082751549842317 16.061791015516306 40
      vertex 18.870967688169696 17.172000897921265 40
      vertex 18.959414743441798 16.613568168728477 40
    endloop
  endfacet
  facet normal 0 0 1
    outer loop
      vertex 19.082751549842317 16.061791015516306 40
      vertex 18.799999999999997 18.3 40
      vertex 18.870967688169696 17.172000897921265 40
    endloop
  endfacet
  facet normal 0 0 1
    outer loop
      vertex 23.464216933084558 10.413239879605229 40
      vertex 20.51884705062547 23.59006727063226 40
      vertex 19.082751549842317 16.061791015516306 40
    endloop
  endfacet
  facet normal 0 0 1
    outer loop
      vertex 18.870967688169696 17.172000897921265 40
      vertex 18.799999999999997 18.3 40
      vertex 18.81775944414555 17.73488532423618 40
    endloop
  endfacet
  facet normal 0 0 1
    outer loop
      vertex 19.082751549842317 16.061791015516306 40
      vertex 18.959414743441798 19.986431831271524 40
      vertex 18.799999999999997 18.3 40
    endloop
  endfacet
  facet normal -0.7885361813932583 0.024780747821270023 0.6144888975165924
    outer loop
      vertex 18.799999999999997 18.3 40
      vertex 18.81775944414555 18.86511467576382 40
      vertex 15 22.686170212765955 34.9468085106383
    endloop
  endfacet
  facet normal 0 0 1
    outer loop
      vertex 18.799999999999997 18.3 40
      vertex 18.959414743441798 19.986431831271524 40
      vertex 18.81775944414555 18.86511467576382 40
    endloop
  endfacet
  facet normal 0 0 1
    outer loop
      vertex 18.81775944414555 18.86511467576382 40
      vertex 18.959414743441798 19.986431831271524 40
      vertex 18.870967688169696 19.427999102078736 40
    endloop
  endfacet
  facet normal 0 0 1
    outer loop
      vertex 19.082751549842317 16.061791015516306 40
      vertex 20.51884705062547 23.59006727063226 40
      vertex 18.959414743441798 19.986431831271524 40
    endloop
  endfacet
  facet normal 0 0 1
    outer loop
      vertex 23.464216933084558 10.413239879605229 40
      vertex 26.505572809000082 17.359543596332045 40
      vertex 26.449075319196773 17.442677128033605 40
    endloop
  endfacet
  facet normal 0 0 1
    outer loop
      vertex 23.464216933084558 10.413239879605229 40
      vertex 26.449075319196773 17.442677128033605 40
      vertex 26.397909311929816 17.529194121437257 40
    endloop
  endfacet
  facet normal 0 0 1
    outer loop
      vertex 23.464216933084558 10.413239879605229 40
      vertex 26.397909311929816 17.529194121437257 40
      vertex 26.352276716054366 17.618753133495886 40
    endloop
  endfacet
  facet normal 0 0 1
    outer loop
      vertex 23.464216933084558 10.413239879605229 40
      vertex 26.352276716054366 17.618753133495886 40
      vertex 26.312357622578794 17.711000715704515 40
    endloop
  endfacet
  facet normal 0 0 1
    outer loop
      vertex 23.464216933084558 10.413239879605229 40
      vertex 26.312357622578794 17.711000715704515 40
      vertex 26.27830957392775 17.805572809000086 40
    endloop
  endfacet
  facet normal 0 0 1
    outer loop
      vertex 23.464216933084558 10.413239879605229 40
      vertex 26.27830957392775 17.805572809000086 40
      vertex 26.250266942194187 17.902096180536233 40
    endloop
  endfacet
  facet normal 0 0 1
    outer loop
      vertex 23.464216933084558 10.413239879605229 40
      vertex 26.250266942194187 17.902096180536233 40
      vertex 26.228340398834096 18.000189896662842 40
    endloop
  endfacet
  facet normal 0 0 1
    outer loop
      vertex 23.464216933084558 10.413239879605229 40
      vertex 26.228340398834096 18.000189896662842 40
      vertex 26.212616477896834 18.099466826297114 40
    endloop
  endfacet
  facet normal 0 0 1
    outer loop
      vertex 23.464216933084558 10.413239879605229 40
      vertex 26.212616477896834 18.099466826297114 40
      vertex 26.203157234514762 18.199535168753098 40
    endloop
  endfacet
  facet normal 0 0 1
    outer loop
      vertex 23.464216933084558 10.413239879605229 40
      vertex 26.567178811558733 17.2801216164021 40
      vertex 26.505572809000082 17.359543596332045 40
    endloop
  endfacet
  facet normal 0 0 1
    outer loop
      vertex 23.464216933084558 10.413239879605229 40
      vertex 26.203157234514762 18.199535168753098 40
      vertex 26.199999999999996 18.3 40
    endloop
  endfacet
  facet normal 0 0 1
    outer loop
      vertex 23.464216933084558 10.413239879605229 40
      vertex 26.199999999999996 18.3 40
      vertex 26.203157234514762 18.400464831246904 40
    endloop
  endfacet
  facet normal 0 0 1
    outer loop
      vertex 23.464216933084558 10.413239879605229 40
      vertex 26.203157234514762 18.400464831246904 40
      vertex 26.212616477896834 18.500533173702888 40
    endloop
  endfacet
  facet normal 0 0 1
    outer loop
      vertex 23.464216933084558 10.413239879605229 40
      vertex 26.212616477896834 18.500533173702888 40
      vertex 26.228340398834096 18.59981010333716 40
    endloop
  endfacet
  facet normal 0 0 1
    outer loop
      vertex 23.464216933084558 10.413239879605229 40
      vertex 26.228340398834096 18.59981010333716 40
      vertex 26.250266942194187 18.697903819463768 40
    endloop
  endfacet
  facet normal 0 0 1
    outer loop
      vertex 23.464216933084558 10.413239879605229 40
      vertex 26.250266942194187 18.697903819463768 40
      vertex 26.27830957392775 18.794427190999915 40
    endloop
  endfacet
  facet normal 0 0 1
    outer loop
      vertex 23.464216933084558 10.413239879605229 40
      vertex 26.27830957392775 18.794427190999915 40
      vertex 27.234885324236178 27.282240555854443 40
    endloop
  endfacet
  facet normal 0 -0.9372503439011142 0.3486571279312145
    outer loop
      vertex 15 5.017985611510792 28.489208633093526
      vertex 15 0 15
      vertex 115.6 5.017985611510792 28.489208633093526
    endloop
  endfacet
  facet normal 0 -0.9372503439011142 0.3486571279312145
    outer loop
      vertex 27.799999999999997 9.3 40
      vertex 15 5.017985611510792 28.489208633093526
      vertex 115.6 5.017985611510792 28.489208633093526
    endloop
  endfacet
  facet normal 0 0 1
    outer loop
      vertex 27.799999999999997 9.3 40
      vertex 52.211000715704515 16.812357622578798 40
      vertex 29.321690426072244 17.805572809000086 40
    endloop
  endfacet
  facet normal 0 0 1
    outer loop
      vertex 27.799999999999997 9.3 40
      vertex 52.30557280900008 16.778309573927753 40
      vertex 52.211000715704515 16.812357622578798 40
    endloop
  endfacet
  facet normal 0 0 1
    outer loop
      vertex 27.799999999999997 9.3 40
      vertex 52.50018989666284 16.7283403988341 40
      vertex 52.402096180536226 16.75026694219419 40
    endloop
  endfacet
  facet normal 0 0 1
    outer loop
      vertex 27.799999999999997 9.3 40
      vertex 52.402096180536226 16.75026694219419 40
      vertex 52.30557280900008 16.778309573927753 40
    endloop
  endfacet
  facet normal 0 0 1
    outer loop
      vertex 27.799999999999997 9.3 40
      vertex 52.699535168753094 16.703157234514766 40
      vertex 52.59946682629711 16.712616477896837 40
    endloop
  endfacet
  facet normal 0 0 1
    outer loop
      vertex 27.799999999999997 9.3 40
      vertex 52.59946682629711 16.712616477896837 40
      vertex 52.50018989666284 16.7283403988341 40
    endloop
  endfacet
  facet normal 0 0 1
    outer loop
      vertex 27.799999999999997 9.3 40
      vertex 52.9004648312469 16.703157234514766 40
      vertex 52.8 16.7 40
    endloop
  endfacet
  facet normal 0 0 1
    outer loop
      vertex 27.799999999999997 9.3 40
      vertex 52.8 16.7 40
      vertex 52.699535168753094 16.703157234514766 40
    endloop
  endfacet
  facet normal 0 0 1
    outer loop
      vertex 27.799999999999997 9.3 40
      vertex 53.000533173702884 16.712616477896837 40
      vertex 52.9004648312469 16.703157234514766 40
    endloop
  endfacet
  facet normal 0 0 1
    outer loop
      vertex 29.321690426072244 17.805572809000086 40
      vertex 51.27830957392775 17.805572809000086 40
      vertex 29.349733057805807 17.902096180536233 40
    endloop
  endfacet
  facet normal 0 0 1
    outer loop
      vertex 29.349733057805807 17.902096180536233 40
      vertex 51.22834039883409 18.000189896662842 40
      vertex 29.3716596011659 18.000189896662842 40
    endloop
  endfacet
  facet normal 0 0 1
    outer loop
      vertex 29.3716596011659 18.000189896662842 40
      vertex 51.22834039883409 18.000189896662842 40
      vertex 29.38738352210316 18.099466826297114 40
    endloop
  endfacet
  facet normal 0 0 1
    outer loop
      vertex 29.38738352210316 18.099466826297114 40
      vertex 51.21261647789683 18.099466826297114 40
      vertex 29.396842765485232 18.199535168753098 40
    endloop
  endfacet
  facet normal 0 0 1
    outer loop
      vertex 29.396842765485232 18.199535168753098 40
      vertex 51.20315723451476 18.199535168753098 40
      vertex 29.4 18.3 40
    endloop
  endfacet
  facet normal 0 0 1
    outer loop
      vertex 29.4 18.3 40
      vertex 51.199999999999996 18.3 40
      vertex 29.396842765485232 18.400464831246904 40
    endloop
  endfacet
  facet normal 0 0 1
    outer loop
      vertex 29.396842765485232 18.400464831246904 40
      vertex 51.21261647789683 18.500533173702888 40
      vertex 29.38738352210316 18.500533173702888 40
    endloop
  endfacet
  facet normal 0 0 1
    outer loop
      vertex 29.38738352210316 18.500533173702888 40
      vertex 51.21261647789683 18.500533173702888 40
      vertex 29.3716596011659 18.59981010333716 40
    endloop
  endfacet
  facet normal 0 0 1
    outer loop
      vertex 29.3716596011659 18.59981010333716 40
      vertex 51.22834039883409 18.59981010333716 40
      vertex 29.349733057805807 18.697903819463768 40
    endloop
  endfacet
  facet normal 0 0 1
    outer loop
      vertex 29.349733057805807 18.697903819463768 40
      vertex 51.25026694219419 18.697903819463768 40
      vertex 29.321690426072244 18.794427190999915 40
    endloop
  endfacet
  facet normal 0 0 1
    outer loop
      vertex 29.321690426072244 18.794427190999915 40
      vertex 51.27830957392775 18.794427190999915 40
      vertex 29.2876423774212 18.888999284295487 40
    endloop
  endfacet
  facet normal 0 0 1
    outer loop
      vertex 29.321690426072244 17.805572809000086 40
      vertex 52.11875313349588 16.85227671605437 40
      vertex 52.02919412143725 16.89790931192982 40
    endloop
  endfacet
  facet normal 0 0 1
    outer loop
      vertex 29.321690426072244 17.805572809000086 40
      vertex 52.211000715704515 16.812357622578798 40
      vertex 52.11875313349588 16.85227671605437 40
    endloop
  endfacet
  facet normal 0 0 1
    outer loop
      vertex 29.321690426072244 17.805572809000086 40
      vertex 51.9426771280336 16.949075319196776 40
      vertex 51.85954359633204 17.005572809000085 40
    endloop
  endfacet
  facet normal 0 0 1
    outer loop
      vertex 29.321690426072244 17.805572809000086 40
      vertex 51.85954359633204 17.005572809000085 40
      vertex 51.78012161640209 17.067178811558737 40
    endloop
  endfacet
  facet normal 0 0 1
    outer loop
      vertex 29.321690426072244 17.805572809000086 40
      vertex 51.78012161640209 17.067178811558737 40
      vertex 51.70472463051409 17.133650196125743 40
    endloop
  endfacet
  facet normal 0 0 1
    outer loop
      vertex 29.321690426072244 17.805572809000086 40
      vertex 51.70472463051409 17.133650196125743 40
      vertex 51.633650196125735 17.2047246305141 40
    endloop
  endfacet
  facet normal 0 0 1
    outer loop
      vertex 29.321690426072244 17.805572809000086 40
      vertex 51.633650196125735 17.2047246305141 40
      vertex 51.56717881155873 17.2801216164021 40
    endloop
  endfacet
  facet normal 0 0 1
    outer loop
      vertex 29.321690426072244 17.805572809000086 40
      vertex 51.56717881155873 17.2801216164021 40
      vertex 51.50557280900008 17.359543596332045 40
    endloop
  endfacet
  facet normal 0 0 1
    outer loop
      vertex 29.321690426072244 17.805572809000086 40
      vertex 52.02919412143725 16.89790931192982 40
      vertex 51.9426771280336 16.949075319196776 40
    endloop
  endfacet
  facet normal 0 0 1
    outer loop
      vertex 29.321690426072244 17.805572809000086 40
      vertex 51.50557280900008 17.359543596332045 40
      vertex 51.44907531919677 17.442677128033605 40
    endloop
  endfacet
  facet normal 0 0 1
    outer loop
      vertex 29.321690426072244 17.805572809000086 40
      vertex 51.44907531919677 17.442677128033605 40
      vertex 51.397909311929816 17.529194121437257 40
    endloop
  endfacet
  facet normal 0 0 1
    outer loop
      vertex 29.321690426072244 17.805572809000086 40
      vertex 51.397909311929816 17.529194121437257 40
      vertex 51.35227671605436 17.618753133495886 40
    endloop
  endfacet
  facet normal 0 0 1
    outer loop
      vertex 29.321690426072244 17.805572809000086 40
      vertex 51.35227671605436 17.618753133495886 40
      vertex 51.312357622578794 17.711000715704515 40
    endloop
  endfacet
  facet normal 0 0 1
    outer loop
      vertex 29.321690426072244 17.805572809000086 40
      vertex 51.312357622578794 17.711000715704515 40
      vertex 51.27830957392775 17.805572809000086 40
    endloop
  endfacet
  facet normal 0 0 1
    outer loop
      vertex 29.349733057805807 17.902096180536233 40
      vertex 51.27830957392775 17.805572809000086 40
      vertex 51.25026694219419 17.902096180536233 40
    endloop
  endfacet
  facet normal 0 0 1
    outer loop
      vertex 29.349733057805807 17.902096180536233 40
      vertex 51.25026694219419 17.902096180536233 40
      vertex 51.22834039883409 18.000189896662842 40
    endloop
  endfacet
  facet normal 0 0 1
    outer loop
      vertex 29.38738352210316 18.099466826297114 40
      vertex 51.22834039883409 18.000189896662842 40
      vertex 51.21261647789683 18.099466826297114 40
    endloop
  endfacet
  facet normal 0 0 1
    outer loop
      vertex 29.396842765485232 18.199535168753098 40
      vertex 51.21261647789683 18.099466826297114 40
      vertex 51.20315723451476 18.199535168753098 40
    endloop
  endfacet
  facet normal 0 0 1
    outer loop
      vertex 29.4 18.3 40
      vertex 51.20315723451476 18.199535168753098 40
      vertex 51.199999999999996 18.3 40
    endloop
  endfacet
  facet normal 0 0 1
    outer loop
      vertex 29.396842765485232 18.400464831246904 40
      vertex 51.199999999999996 18.3 40
      vertex 51.20315723451476 18.400464831246904 40
    endloop
  endfacet
  facet normal 0 0 1
    outer loop
      vertex 29.396842765485232 18.400464831246904 40
      vertex 51.20315723451476 18.400464831246904 40
      vertex 51.21261647789683 18.500533173702888 40
    endloop
  endfacet
  facet normal 0 0 1
    outer loop
      vertex 29.3716596011659 18.59981010333716 40
      vertex 51.21261647789683 18.500533173702888 40
      vertex 51.22834039883409 18.59981010333716 40
    endloop
  endfacet
  facet normal 0 0 1
    outer loop
      vertex 29.349733057805807 18.697903819463768 40
      vertex 51.22834039883409 18.59981010333716 40
      vertex 51.25026694219419 18.697903819463768 40
    endloop
  endfacet
  facet normal 0 0 1
    outer loop
      vertex 29.321690426072244 18.794427190999915 40
      vertex 51.25026694219419 18.697903819463768 40
      vertex 51.27830957392775 18.794427190999915 40
    endloop
  endfacet
  facet normal 0 0 1
    outer loop
      vertex 27.799999999999997 9.3 40
      vertex 77.59946682629712 16.712616477896837 40
      vertex 53.000533173702884 16.712616477896837 40
    endloop
  endfacet
  facet normal 0 0 1
    outer loop
      vertex 27.799999999999997 9.3 40
      vertex 77.6995351687531 16.703157234514766 40
      vertex 77.59946682629712 16.712616477896837 40
    endloop
  endfacet
  facet normal 0 0 1
    outer loop
      vertex 27.799999999999997 9.3 40
      vertex 77.9004648312469 16.703157234514766 40
      vertex 77.8 16.7 40
    endloop
  endfacet
  facet normal 0 0 1
    outer loop
      vertex 27.799999999999997 9.3 40
      vertex 77.8 16.7 40
      vertex 77.6995351687531 16.703157234514766 40
    endloop
  endfacet
  facet normal 0 0 1
    outer loop
      vertex 27.799999999999997 9.3 40
      vertex 78.00053317370288 16.712616477896837 40
      vertex 77.9004648312469 16.703157234514766 40
    endloop
  endfacet
  facet normal 0 0 1
    outer loop
      vertex 53.000533173702884 16.712616477896837 40
      vertex 77.50018989666283 16.7283403988341 40
      vertex 53.099810103337155 16.7283403988341 40
    endloop
  endfacet
  facet normal 0 0 1
    outer loop
      vertex 53.099810103337155 16.7283403988341 40
      vertex 77.50018989666283 16.7283403988341 40
      vertex 53.19790381946376 16.75026694219419 40
    endloop
  endfacet
  facet normal 0 0 1
    outer loop
      vertex 53.29442719099991 16.778309573927753 40
      vertex 77.30557280900008 16.778309573927753 40
      vertex 53.38899928429548 16.812357622578798 40
    endloop
  endfacet
  facet normal 0 0 1
    outer loop
      vertex 53.19790381946376 16.75026694219419 40
      vertex 77.40209618053623 16.75026694219419 40
      vertex 53.29442719099991 16.778309573927753 40
    endloop
  endfacet
  facet normal 0 0 1
    outer loop
      vertex 53.38899928429548 16.812357622578798 40
      vertex 77.21100071570451 16.812357622578798 40
      vertex 53.481246866504115 16.85227671605437 40
    endloop
  endfacet
  facet normal 0 0 1
    outer loop
      vertex 53.481246866504115 16.85227671605437 40
      vertex 77.11875313349589 16.85227671605437 40
      vertex 53.570805878562744 16.89790931192982 40
    endloop
  endfacet
  facet normal 0 0 1
    outer loop
      vertex 53.570805878562744 16.89790931192982 40
      vertex 77.02919412143726 16.89790931192982 40
      vertex 53.65732287196639 16.949075319196776 40
    endloop
  endfacet
  facet normal 0 0 1
    outer loop
      vertex 53.65732287196639 16.949075319196776 40
      vertex 76.94267712803361 16.949075319196776 40
      vertex 53.740456403667956 17.005572809000085 40
    endloop
  endfacet
  facet normal 0 0 1
    outer loop
      vertex 53.740456403667956 17.005572809000085 40
      vertex 76.85954359633205 17.005572809000085 40
      vertex 53.8198783835979 17.067178811558737 40
    endloop
  endfacet
  facet normal 0 0 1
    outer loop
      vertex 53.8198783835979 17.067178811558737 40
      vertex 76.7047246305141 17.133650196125743 40
      vertex 53.8952753694859 17.133650196125743 40
    endloop
  endfacet
  facet normal 0 0 1
    outer loop
      vertex 53.8952753694859 17.133650196125743 40
      vertex 76.7047246305141 17.133650196125743 40
      vertex 53.96634980387426 17.2047246305141 40
    endloop
  endfacet
  facet normal 0 0 1
    outer loop
      vertex 53.96634980387426 17.2047246305141 40
      vertex 76.56717881155873 17.2801216164021 40
      vertex 54.03282118844126 17.2801216164021 40
    endloop
  endfacet
  facet normal 0 0 1
    outer loop
      vertex 54.03282118844126 17.2801216164021 40
      vertex 76.56717881155873 17.2801216164021 40
      vertex 54.094427190999916 17.359543596332045 40
    endloop
  endfacet
  facet normal 0 0 1
    outer loop
      vertex 54.094427190999916 17.359543596332045 40
      vertex 76.44907531919678 17.442677128033605 40
      vertex 54.15092468080322 17.44267712803361 40
    endloop
  endfacet
  facet normal 0 0 1
    outer loop
      vertex 54.15092468080322 17.44267712803361 40
      vertex 76.44907531919678 17.442677128033605 40
      vertex 54.20209068807018 17.529194121437257 40
    endloop
  endfacet
  facet normal 0 0 1
    outer loop
      vertex 53.000533173702884 19.887383522103164 40
      vertex 53.099810103337155 19.871659601165902 40
      vertex 77.50018989666283 19.871659601165902 40
    endloop
  endfacet
  facet normal 0 0 1
    outer loop
      vertex 54.20209068807018 17.529194121437257 40
      vertex 76.35227671605436 17.618753133495886 40
      vertex 54.24772328394563 17.618753133495886 40
    endloop
  endfacet
  facet normal 0 0 1
    outer loop
      vertex 54.24772328394563 17.618753133495886 40
      vertex 76.35227671605436 17.618753133495886 40
      vertex 54.2876423774212 17.711000715704515 40
    endloop
  endfacet
  facet normal 0 0 1
    outer loop
      vertex 54.2876423774212 17.711000715704515 40
      vertex 76.3123576225788 17.711000715704515 40
      vertex 54.321690426072244 17.805572809000086 40
    endloop
  endfacet
  facet normal 0 0 1
    outer loop
      vertex 54.321690426072244 17.805572809000086 40
      vertex 76.25026694219419 17.902096180536233 40
      vertex 54.34973305780581 17.902096180536233 40
    endloop
  endfacet
  facet normal 0 0 1
    outer loop
      vertex 54.34973305780581 17.902096180536233 40
      vertex 76.25026694219419 17.902096180536233 40
      vertex 54.3716596011659 18.000189896662842 40
    endloop
  endfacet
  facet normal 0 0 1
    outer loop
      vertex 54.3716596011659 18.000189896662842 40
      vertex 76.22834039883409 18.000189896662842 40
      vertex 54.387383522103164 18.099466826297114 40
    endloop
  endfacet
  facet normal 0 0 1
    outer loop
      vertex 54.387383522103164 18.099466826297114 40
      vertex 76.21261647789683 18.099466826297114 40
      vertex 54.39684276548523 18.199535168753098 40
    endloop
  endfacet
  facet normal 0 0 1
    outer loop
      vertex 54.39684276548523 18.199535168753098 40
      vertex 76.20315723451476 18.199535168753098 40
      vertex 54.4 18.3 40
    endloop
  endfacet
  facet normal 0 0 1
    outer loop
      vertex 54.4 18.3 40
      vertex 76.20315723451476 18.400464831246904 40
      vertex 54.39684276548523 18.400464831246904 40
    endloop
  endfacet
  facet normal 0 0 1
    outer loop
      vertex 54.39684276548523 18.400464831246904 40
      vertex 76.20315723451476 18.400464831246904 40
      vertex 54.387383522103164 18.500533173702888 40
    endloop
  endfacet
  facet normal 0 0 1
    outer loop
      vertex 54.387383522103164 18.500533173702888 40
      vertex 76.21261647789683 18.500533173702888 40
      vertex 54.3716596011659 18.59981010333716 40
    endloop
  endfacet
  facet normal 0 0 1
    outer loop
      vertex 54.3716596011659 18.59981010333716 40
      vertex 76.22834039883409 18.59981010333716 40
      vertex 54.34973305780581 18.697903819463768 40
    endloop
  endfacet
  facet normal 0 0 1
    outer loop
      vertex 54.34973305780581 18.697903819463768 40
      vertex 76.25026694219419 18.697903819463768 40
      vertex 54.321690426072244 18.794427190999915 40
    endloop
  endfacet
  facet normal 0 0 1
    outer loop
      vertex 54.321690426072244 18.794427190999915 40
      vertex 76.27830957392776 18.794427190999915 40
      vertex 54.2876423774212 18.888999284295487 40
    endloop
  endfacet
  facet normal 0 0 1
    outer loop
      vertex 54.2876423774212 18.888999284295487 40
      vertex 76.35227671605436 18.981246866504115 40
      vertex 54.24772328394563 18.981246866504115 40
    endloop
  endfacet
  facet normal 0 0 1
    outer loop
      vertex 54.24772328394563 18.981246866504115 40
      vertex 76.35227671605436 18.981246866504115 40
      vertex 54.20209068807018 19.070805878562744 40
    endloop
  endfacet
  facet normal 0 0 1
    outer loop
      vertex 54.20209068807018 19.070805878562744 40
      vertex 76.39790931192982 19.070805878562744 40
      vertex 54.15092468080322 19.157322871966397 40
    endloop
  endfacet
  facet normal 0 0 1
    outer loop
      vertex 54.15092468080322 19.157322871966397 40
      vertex 76.44907531919678 19.157322871966397 40
      vertex 54.094427190999916 19.240456403667956 40
    endloop
  endfacet
  facet normal 0 0 1
    outer loop
      vertex 54.03282118844126 19.319878383597903 40
      vertex 54.094427190999916 19.240456403667956 40
      vertex 76.56717881155873 19.319878383597903 40
    endloop
  endfacet
  facet normal 0 0 1
    outer loop
      vertex 54.03282118844126 19.319878383597903 40
      vertex 76.56717881155873 19.319878383597903 40
      vertex 53.96634980387426 19.3952753694859 40
    endloop
  endfacet
  facet normal 0 0 1
    outer loop
      vertex 53.8952753694859 19.46634980387426 40
      vertex 76.7047246305141 19.46634980387426 40
      vertex 53.8198783835979 19.532821188441265 40
    endloop
  endfacet
  facet normal 0 0 1
    outer loop
      vertex 53.96634980387426 19.3952753694859 40
      vertex 76.7047246305141 19.46634980387426 40
      vertex 53.8952753694859 19.46634980387426 40
    endloop
  endfacet
  facet normal 0 0 1
    outer loop
      vertex 53.8198783835979 19.532821188441265 40
      vertex 76.7801216164021 19.532821188441265 40
      vertex 53.740456403667956 19.594427190999916 40
    endloop
  endfacet
  facet normal 0 0 1
    outer loop
      vertex 53.740456403667956 19.594427190999916 40
      vertex 76.85954359633205 19.594427190999916 40
      vertex 53.65732287196639 19.650924680803225 40
    endloop
  endfacet
  facet normal 0 0 1
    outer loop
      vertex 53.65732287196639 19.650924680803225 40
      vertex 76.94267712803361 19.650924680803225 40
      vertex 53.570805878562744 19.702090688070182 40
    endloop
  endfacet
  facet normal 0 0 1
    outer loop
      vertex 53.570805878562744 19.702090688070182 40
      vertex 77.02919412143726 19.702090688070182 40
      vertex 53.481246866504115 19.747723283945632 40
    endloop
  endfacet
  facet normal 0 0 1
    outer loop
      vertex 53.38899928429548 19.787642377421204 40
      vertex 77.21100071570451 19.787642377421204 40
      vertex 53.29442719099991 19.821690426072248 40
    endloop
  endfacet
  facet normal 0 0 1
    outer loop
      vertex 53.19790381946377 19.84973305780581 40
      vertex 53.29442719099991 19.821690426072248 40
      vertex 77.30557280900008 19.821690426072248 40
    endloop
  endfacet
  facet normal 0 0 1
    outer loop
      vertex 53.481246866504115 19.747723283945632 40
      vertex 77.21100071570451 19.787642377421204 40
      vertex 53.38899928429548 19.787642377421204 40
    endloop
  endfacet
  facet normal 0 0 1
    outer loop
      vertex 53.19790381946377 19.84973305780581 40
      vertex 77.50018989666283 19.871659601165902 40
      vertex 53.099810103337155 19.871659601165902 40
    endloop
  endfacet
  facet normal 0 0 -1
    outer loop
      vertex 0 0 0
      vertex 0 40 0
      vertex 5.503946543143456 29.874418960941373 0
    endloop
  endfacet
  facet normal 0 0 -1
    outer loop
      vertex 6.130905788142623 11.457937254842824 0
      vertex 6.0420627451571765 28.630905788142623 0
      vertex 6.130905788142623 28.54206274515718 0
    endloop
  endfacet
  facet normal 0 0 -1
    outer loop
      vertex 5.881966011250105 11.175570504584947 0
      vertex 5.881966011250105 28.824429495415053 0
      vertex 5.958973514448421 28.72515202050262 0
    endloop
  endfacet
  facet normal 0 0 -1
    outer loop
      vertex 6.0420627451571765 11.369094211857377 0
      vertex 5.958973514448421 28.72515202050262 0
      vertex 6.0420627451571765 28.630905788142623 0
    endloop
  endfacet
  facet normal 0 0 -1
    outer loop
      vertex 5.690345895067961 10.851558583130146 0
      vertex 5.690345895067961 29.148441416869854 0
      vertex 5.747386639912273 29.036492651796568 0
    endloop
  endfacet
  facet normal 0 0 -1
    outer loop
      vertex 5.881966011250105 11.175570504584947 0
      vertex 5.81134414899597 28.928346410042007 0
      vertex 5.881966011250105 28.824429495415053 0
    endloop
  endfacet
  facet normal 0 0 -1
    outer loop
      vertex 5.81134414899597 11.071653589957993 0
      vertex 5.747386639912273 29.036492651796568 0
      vertex 5.81134414899597 28.928346410042007 0
    endloop
  endfacet
  facet normal 0 0 -1
    outer loop
      vertex 5.597886967409693 10.618033988749895 0
      vertex 5.597886967409693 29.381966011250107 0
      vertex 5.640447028223497 29.263750894630643 0
    endloop
  endfacet
  facet normal 0 0 -1
    outer loop
      vertex 5.690345895067961 10.851558583130146 0
      vertex 5.640447028223497 29.263750894630643 0
      vertex 5.690345895067961 29.148441416869854 0
    endloop
  endfacet
  facet normal 0 0 -1
    outer loop
      vertex 5.597886967409693 10.618033988749895 0
      vertex 5.562833677742738 29.50262022567029 0
      vertex 5.597886967409693 29.381966011250107 0
    endloop
  endfacet
  facet normal 0 0 -1
    outer loop
      vertex 5.515770597371044 10.250666467128609 0
      vertex 5.515770597371044 29.749333532871393 0
      vertex 5.535425498542622 29.62523737082855 0
    endloop
  endfacet
  facet normal 0 0 -1
    outer loop
      vertex 5.562833677742738 10.49737977432971 0
      vertex 5.535425498542622 29.62523737082855 0
      vertex 5.562833677742738 29.50262022567029 0
    endloop
  endfacet
  facet normal 0 0 -1
    outer loop
      vertex 5.515770597371044 10.250666467128609 0
      vertex 5.503946543143456 29.874418960941373 0
      vertex 5.515770597371044 29.749333532871393 0
    endloop
  endfacet
  facet normal 0 0 -1
    outer loop
      vertex 6.428346410042007 11.68865585100403 0
      vertex 6.428346410042007 28.31134414899597 0
      vertex 6.53649265179657 28.24738663991227 0
    endloop
  endfacet
  facet normal 0 0 -1
    outer loop
      vertex 6.428346410042007 11.68865585100403 0
      vertex 6.324429495415053 28.381966011250107 0
      vertex 6.428346410042007 28.31134414899597 0
    endloop
  endfacet
  facet normal 0 0 -1
    outer loop
      vertex 6.648441416869854 11.809654104932038 0
      vertex 6.53649265179657 28.24738663991227 0
      vertex 6.648441416869855 28.19034589506796 0
    endloop
  endfacet
  facet normal 0 0 -1
    outer loop
      vertex 6.881966011250105 11.902113032590307 0
      vertex 7.12523737082855 28.035425498542622 0
      vertex 7.2493335328713915 28.015770597371045 0
    endloop
  endfacet
  facet normal 0 0 -1
    outer loop
      vertex 6.763750894630644 11.859552971776504 0
      vertex 6.648441416869855 28.19034589506796 0
      vertex 6.763750894630644 28.140447028223498 0
    endloop
  endfacet
  facet normal 0 0 -1
    outer loop
      vertex 6.763750894630644 11.859552971776504 0
      vertex 6.763750894630644 28.140447028223498 0
      vertex 6.881966011250105 28.097886967409693 0
    endloop
  endfacet
  facet normal 0 0 -1
    outer loop
      vertex 6.881966011250105 11.902113032590307 0
      vertex 7.00262022567029 28.062833677742738 0
      vertex 7.12523737082855 28.035425498542622 0
    endloop
  endfacet
  facet normal 0 0 -1
    outer loop
      vertex 6.881966011250105 11.902113032590307 0
      vertex 6.881966011250105 28.097886967409693 0
      vertex 7.00262022567029 28.062833677742738 0
    endloop
  endfacet
  facet normal 0 0 -1
    outer loop
      vertex 6.130905788142623 11.457937254842824 0
      vertex 6.130905788142623 28.54206274515718 0
      vertex 6.2251520205026205 28.45897351444842 0
    endloop
  endfacet
  facet normal 0 0 -1
    outer loop
      vertex 6.324429495415053 11.618033988749895 0
      vertex 6.2251520205026205 28.45897351444842 0
      vertex 6.324429495415053 28.381966011250107 0
    endloop
  endfacet
  facet normal 0 0 -1
    outer loop
      vertex 6.881966011250105 11.902113032590307 0
      vertex 7.374418960941372 28.003946543143456 0
      vertex 7.5 28 0
    endloop
  endfacet
  facet normal 0 0 -1
    outer loop
      vertex 6.881966011250105 11.902113032590307 0
      vertex 7.2493335328713915 28.015770597371045 0
      vertex 7.374418960941372 28.003946543143456 0
    endloop
  endfacet
  facet normal 0 0 -1
    outer loop
      vertex 6.881966011250105 11.902113032590307 0
      vertex 7.5 28 0
      vertex 7.625581039058628 28.003946543143456 0
    endloop
  endfacet
  facet normal 0 0 -1
    outer loop
      vertex 6.881966011250105 11.902113032590307 0
      vertex 7.7506664671286085 28.015770597371045 0
      vertex 7.87476262917145 28.035425498542622 0
    endloop
  endfacet
  facet normal 0 0 -1
    outer loop
      vertex 6.881966011250105 11.902113032590307 0
      vertex 7.625581039058628 28.003946543143456 0
      vertex 7.7506664671286085 28.015770597371045 0
    endloop
  endfacet
  facet normal 0 0 -1
    outer loop
      vertex 6.881966011250105 11.902113032590307 0
      vertex 7.87476262917145 28.035425498542622 0
      vertex 7.997379774329709 28.062833677742738 0
    endloop
  endfacet
  facet normal 0 0 -1
    outer loop
      vertex 6.881966011250105 11.902113032590307 0
      vertex 7.997379774329709 28.062833677742738 0
      vertex 8.118033988749895 28.097886967409693 0
    endloop
  endfacet
  facet normal 0 0 -1
    outer loop
      vertex 6.881966011250105 11.902113032590307 0
      vertex 8.118033988749895 28.097886967409693 0
      vertex 8.236249105369357 28.140447028223498 0
    endloop
  endfacet
  facet normal 0 0 -1
    outer loop
      vertex 6.881966011250105 11.902113032590307 0
      vertex 8.236249105369357 28.140447028223498 0
      vertex 8.351558583130146 28.19034589506796 0
    endloop
  endfacet
  facet normal 0 0 -1
    outer loop
      vertex 6.881966011250105 11.902113032590307 0
      vertex 8.351558583130146 28.19034589506796 0
      vertex 8.46350734820343 28.24738663991227 0
    endloop
  endfacet
  facet normal 0 0 -1
    outer loop
      vertex 6.881966011250105 11.902113032590307 0
      vertex 8.46350734820343 28.24738663991227 0
      vertex 8.571653589957993 28.31134414899597 0
    endloop
  endfacet
  facet normal 0 0 -1
    outer loop
      vertex 6.881966011250105 11.902113032590307 0
      vertex 8.571653589957993 28.31134414899597 0
      vertex 8.675570504584947 28.381966011250107 0
    endloop
  endfacet
  facet normal 0 0 -1
    outer loop
      vertex 6.881966011250105 11.902113032590307 0
      vertex 8.675570504584947 28.381966011250107 0
      vertex 8.77484797949738 28.458973514448424 0
    endloop
  endfacet
  facet normal 0 0 -1
    outer loop
      vertex 6.881966011250105 11.902113032590307 0
      vertex 8.77484797949738 28.458973514448424 0
      vertex 8.869094211857377 28.54206274515718 0
    endloop
  endfacet
  facet normal 0 0 -1
    outer loop
      vertex 6.881966011250105 11.902113032590307 0
      vertex 8.869094211857377 28.54206274515718 0
      vertex 8.957937254842824 28.630905788142623 0
    endloop
  endfacet
  facet normal 0 0 -1
    outer loop
      vertex 6.881966011250105 11.902113032590307 0
      vertex 8.957937254842824 28.630905788142623 0
      vertex 9.041026485551578 28.72515202050262 0
    endloop
  endfacet
  facet normal 0 0 -1
    outer loop
      vertex 6.881966011250105 11.902113032590307 0
      vertex 9.041026485551578 28.72515202050262 0
      vertex 9.118033988749895 28.824429495415053 0
    endloop
  endfacet
  facet normal 0 0 -1
    outer loop
      vertex 6.881966011250105 11.902113032590307 0
      vertex 9.118033988749895 28.824429495415053 0
      vertex 9.18865585100403 28.928346410042007 0
    endloop
  endfacet
  facet normal 0 0 -1
    outer loop
      vertex 6.881966011250105 11.902113032590307 0
      vertex 9.18865585100403 28.928346410042007 0
      vertex 9.252613360087727 29.036492651796568 0
    endloop
  endfacet
  facet normal 0 0 -1
    outer loop
      vertex 6.881966011250105 11.902113032590307 0
      vertex 9.252613360087727 29.036492651796568 0
      vertex 9.30965410493204 29.148441416869854 0
    endloop
  endfacet
  facet normal 0 0 -1
    outer loop
      vertex 6.881966011250105 11.902113032590307 0
      vertex 9.30965410493204 29.148441416869854 0
      vertex 9.359552971776502 29.263750894630643 0
    endloop
  endfacet
  facet normal 0 0 -1
    outer loop
      vertex 6.881966011250105 11.902113032590307 0
      vertex 9.359552971776502 29.263750894630643 0
      vertex 9.402113032590307 29.381966011250107 0
    endloop
  endfacet
  facet normal 0 0 -1
    outer loop
      vertex 6.881966011250105 11.902113032590307 0
      vertex 9.402113032590307 29.381966011250107 0
      vertex 9.437166322257262 29.50262022567029 0
    endloop
  endfacet
  facet normal 0 0 -1
    outer loop
      vertex 6.881966011250105 11.902113032590307 0
      vertex 9.437166322257262 29.50262022567029 0
      vertex 15.3 30.3 0
    endloop
  endfacet
  facet normal 0 0 -1
    outer loop
      vertex 9.437166322257262 29.50262022567029 0
      vertex 9.464574501457378 29.62523737082855 0
      vertex 15.3 30.3 0
    endloop
  endfacet
  facet normal 0 0 -1
    outer loop
      vertex 9.464574501457378 29.62523737082855 0
      vertex 9.484229402628955 29.749333532871393 0
      vertex 15.3 30.3 0
    endloop
  endfacet
  facet normal 0 0 -1
    outer loop
      vertex 9.484229402628955 29.749333532871393 0
      vertex 9.496053456856544 29.874418960941373 0
      vertex 15.3 30.3 0
    endloop
  endfacet
  facet normal -1 0 0
    outer loop
      vertex 0 0 0
      vertex 0 40 15
      vertex 0 40 0
    endloop
  endfacet
  facet normal 0 0 -1
    outer loop
      vertex 0 40 0
      vertex 5.5 30 0
      vertex 5.503946543143456 29.874418960941373 0
    endloop
  endfacet
  facet normal 0 0 -1
    outer loop
      vertex 0 40 0
      vertex 5.503946543143456 30.125581039058627 0
      vertex 5.5 30 0
    endloop
  endfacet
  facet normal 0 0 -1
    outer loop
      vertex 0 40 0
      vertex 5.515770597371044 30.250666467128607 0
      vertex 5.503946543143456 30.125581039058627 0
    endloop
  endfacet
  facet normal 0 0 -1
    outer loop
      vertex 0 40 0
      vertex 5.535425498542622 30.37476262917145 0
      vertex 5.515770597371044 30.250666467128607 0
    endloop
  endfacet
  facet normal 0 0 -1
    outer loop
      vertex 0 40 0
      vertex 5.562833677742738 30.49737977432971 0
      vertex 5.535425498542622 30.37476262917145 0
    endloop
  endfacet
  facet normal 0 0 -1
    outer loop
      vertex 0 40 0
      vertex 5.597886967409693 30.618033988749893 0
      vertex 5.562833677742738 30.49737977432971 0
    endloop
  endfacet
  facet normal 0 0 -1
    outer loop
      vertex 0 40 0
      vertex 5.640447028223497 30.736249105369357 0
      vertex 5.597886967409693 30.618033988749893 0
    endloop
  endfacet
  facet normal 0 0 -1
    outer loop
      vertex 0 40 0
      vertex 5.690345895067961 30.851558583130146 0
      vertex 5.640447028223497 30.736249105369357 0
    endloop
  endfacet
  facet normal 0 0 -1
    outer loop
      vertex 0 40 0
      vertex 5.747386639912273 30.963507348203432 0
      vertex 5.690345895067961 30.851558583130146 0
    endloop
  endfacet
  facet normal 0 0 -1
    outer loop
      vertex 0 40 0
      vertex 5.81134414899597 31.071653589957993 0
      vertex 5.747386639912273 30.963507348203432 0
    endloop
  endfacet
  facet normal 0 0 -1
    outer loop
      vertex 0 40 0
      vertex 5.881966011250105 31.175570504584947 0
      vertex 5.81134414899597 31.071653589957993 0
    endloop
  endfacet
  facet normal 0 0 -1
    outer loop
      vertex 0 40 0
      vertex 5.958973514448421 31.27484797949738 0
      vertex 5.881966011250105 31.175570504584947 0
    endloop
  endfacet
  facet normal 0 0 -1
    outer loop
      vertex 0 40 0
      vertex 6.0420627451571765 31.369094211857377 0
      vertex 5.958973514448421 31.27484797949738 0
    endloop
  endfacet
  facet normal 0 0 -1
    outer loop
      vertex 0 40 0
      vertex 6.130905788142623 31.45793725484282 0
      vertex 6.0420627451571765 31.369094211857377 0
    endloop
  endfacet
  facet normal 0 0 -1
    outer loop
      vertex 0 40 0
      vertex 6.2251520205026205 31.54102648555158 0
      vertex 6.130905788142623 31.45793725484282 0
    endloop
  endfacet
  facet normal 0 0 -1
    outer loop
      vertex 0 40 0
      vertex 6.324429495415053 31.618033988749893 0
      vertex 6.2251520205026205 31.54102648555158 0
    endloop
  endfacet
  facet normal 0 0 -1
    outer loop
      vertex 0 40 0
      vertex 6.428346410042007 31.68865585100403 0
      vertex 6.324429495415053 31.618033988749893 0
    endloop
  endfacet
  facet normal 0 0 -1
    outer loop
      vertex 0 40 0
      vertex 6.53649265179657 31.75261336008773 0
      vertex 6.428346410042007 31.68865585100403 0
    endloop
  endfacet
  facet normal 0 0 -1
    outer loop
      vertex 0 40 0
      vertex 6.648441416869854 31.80965410493204 0
      vertex 6.53649265179657 31.75261336008773 0
    endloop
  endfacet
  facet normal 0 0 -1
    outer loop
      vertex 0 40 0
      vertex 6.763750894630644 31.859552971776502 0
      vertex 6.648441416869854 31.80965410493204 0
    endloop
  endfacet
  facet normal 0 0 -1
    outer loop
      vertex 0 40 0
      vertex 6.881966011250105 31.902113032590307 0
      vertex 6.763750894630644 31.859552971776502 0
    endloop
  endfacet
  facet normal 0 0 -1
    outer loop
      vertex 0 40 0
      vertex 7.00262022567029 31.937166322257262 0
      vertex 6.881966011250105 31.902113032590307 0
    endloop
  endfacet
  facet normal 0 0 -1
    outer loop
      vertex 0 40 0
      vertex 7.125237370828551 31.964574501457378 0
      vertex 7.00262022567029 31.937166322257262 0
    endloop
  endfacet
  facet normal 0 0 -1
    outer loop
      vertex 0 40 0
      vertex 7.2493335328713915 31.984229402628955 0
      vertex 7.125237370828551 31.964574501457378 0
    endloop
  endfacet
  facet normal 0 0 -1
    outer loop
      vertex 0 40 0
      vertex 7.374418960941373 31.996053456856544 0
      vertex 7.2493335328713915 31.984229402628955 0
    endloop
  endfacet
  facet normal 0 0 -1
    outer loop
      vertex 0 40 0
      vertex 7.5 32 0
      vertex 7.374418960941373 31.996053456856544 0
    endloop
  endfacet
  facet normal 0 0 -1
    outer loop
      vertex 9.496053456856544 29.874418960941373 0
      vertex 9.5 30 0
      vertex 15.3 30.3 0
    endloop
  endfacet
  facet normal 0 0 -1
    outer loop
      vertex 9.5 30 0
      vertex 9.496053456856544 30.125581039058627 0
      vertex 15.3 30.3 0
    endloop
  endfacet
  facet normal 0 0 -1
    outer loop
      vertex 9.496053456856544 30.125581039058627 0
      vertex 9.484229402628955 30.25066646712861 0
      vertex 15.3 30.3 0
    endloop
  endfacet
  facet normal 0 0 -1
    outer loop
      vertex 9.484229402628955 30.25066646712861 0
      vertex 9.464574501457378 30.37476262917145 0
      vertex 15.3 30.3 0
    endloop
  endfacet
  facet normal 0 0 -1
    outer loop
      vertex 9.464574501457378 30.37476262917145 0
      vertex 9.437166322257262 30.49737977432971 0
      vertex 15.3 30.3 0
    endloop
  endfacet
  facet normal 0 0 -1
    outer loop
      vertex 9.437166322257262 30.49737977432971 0
      vertex 9.402113032590307 30.618033988749893 0
      vertex 15.3 30.3 0
    endloop
  endfacet
  facet normal 0 0 -1
    outer loop
      vertex 9.402113032590307 30.618033988749893 0
      vertex 9.359552971776502 30.736249105369357 0
      vertex 15.3 30.3 0
    endloop
  endfacet
  facet normal 0 0 -1
    outer loop
      vertex 9.118033988749895 31.175570504584947 0
      vertex 15.3 30.3 0
      vertex 9.18865585100403 31.071653589957993 0
    endloop
  endfacet
  facet normal 0 0 -1
    outer loop
      vertex 9.118033988749895 31.175570504584947 0
      vertex 9.041026485551578 31.27484797949738 0
      vertex 15.3 30.3 0
    endloop
  endfacet
  facet normal 0 0 -1
    outer loop
      vertex 9.359552971776502 30.736249105369357 0
      vertex 9.30965410493204 30.851558583130146 0
      vertex 15.3 30.3 0
    endloop
  endfacet
  facet normal 0 0 -1
    outer loop
      vertex 9.30965410493204 30.851558583130146 0
      vertex 9.252613360087727 30.963507348203432 0
      vertex 15.3 30.3 0
    endloop
  endfacet
  facet normal 0 0 -1
    outer loop
      vertex 9.252613360087727 30.963507348203432 0
      vertex 9.18865585100403 31.071653589957993 0
      vertex 15.3 30.3 0
    endloop
  endfacet
  facet normal 0 1 0
    outer loop
      vertex 0 40 0
      vertex 0 40 15
      vertex 15 40 15
    endloop
  endfacet
  facet normal 0 0 -1
    outer loop
      vertex 115.89999999999999 30.3 0
      vertex 8.675570504584947 31.618033988749893 0
      vertex 8.571653589957993 31.68865585100403 0
    endloop
  endfacet
  facet normal 0 0 -1
    outer loop
      vertex 115.89999999999999 30.3 0
      vertex 8.571653589957993 31.68865585100403 0
      vertex 8.46350734820343 31.75261336008773 0
    endloop
  endfacet
  facet normal 0 0 -1
    outer loop
      vertex 115.89999999999999 30.3 0
      vertex 9.041026485551578 31.27484797949738 0
      vertex 8.957937254842824 31.369094211857377 0
    endloop
  endfacet
  facet normal 0 0 -1
    outer loop
      vertex 115.89999999999999 30.3 0
      vertex 8.957937254842824 31.369094211857377 0
      vertex 8.869094211857377 31.45793725484282 0
    endloop
  endfacet
  facet normal 0 0 -1
    outer loop
      vertex 115.89999999999999 30.3 0
      vertex 8.77484797949738 31.54102648555158 0
      vertex 8.675570504584947 31.618033988749893 0
    endloop
  endfacet
  facet normal 0 0 -1
    outer loop
      vertex 115.89999999999999 30.3 0
      vertex 8.869094211857377 31.45793725484282 0
      vertex 8.77484797949738 31.54102648555158 0
    endloop
  endfacet
  facet normal 0 0 -1
    outer loop
      vertex 115.89999999999999 30.3 0
      vertex 7.625581039058627 31.996053456856544 0
      vertex 7.5 32 0
    endloop
  endfacet
  facet normal 0 0 -1
    outer loop
      vertex 115.89999999999999 30.3 0
      vertex 7.7506664671286085 31.984229402628955 0
      vertex 7.625581039058627 31.996053456856544 0
    endloop
  endfacet
  facet normal 0 0 -1
    outer loop
      vertex 115.89999999999999 30.3 0
      vertex 7.874762629171449 31.964574501457378 0
      vertex 7.7506664671286085 31.984229402628955 0
    endloop
  endfacet
  facet normal 0 0 -1
    outer loop
      vertex 115.89999999999999 30.3 0
      vertex 7.99737977432971 31.937166322257262 0
      vertex 7.874762629171449 31.964574501457378 0
    endloop
  endfacet
  facet normal 0 0 -1
    outer loop
      vertex 115.89999999999999 30.3 0
      vertex 8.236249105369355 31.859552971776502 0
      vertex 8.118033988749895 31.902113032590307 0
    endloop
  endfacet
  facet normal 0 0 -1
    outer loop
      vertex 115.89999999999999 30.3 0
      vertex 8.118033988749895 31.902113032590307 0
      vertex 7.99737977432971 31.937166322257262 0
    endloop
  endfacet
  facet normal 0 0 -1
    outer loop
      vertex 115.89999999999999 30.3 0
      vertex 8.46350734820343 31.75261336008773 0
      vertex 8.351558583130146 31.80965410493204 0
    endloop
  endfacet
  facet normal 0 0 -1
    outer loop
      vertex 115.89999999999999 30.3 0
      vertex 8.351558583130146 31.80965410493204 0
      vertex 8.236249105369355 31.859552971776502 0
    endloop
  endfacet
  facet normal 0 0 -1
    outer loop
      vertex 115.89999999999999 30.3 0
      vertex 15.3 30.3 0
      vertex 9.041026485551578 31.27484797949738 0
    endloop
  endfacet
  facet normal 0 0 -1
    outer loop
      vertex 0 40 0
      vertex 115.89999999999999 30.3 0
      vertex 7.5 32 0
    endloop
  endfacet
  facet normal 0 1 0
    outer loop
      vertex 0 40 0
      vertex 15 40 15
      vertex 115.6 40 15
    endloop
  endfacet
  facet normal 0 0.8915560111250317 0.4529104536515162
    outer loop
      vertex 115.6 40 15
      vertex 15 40 15
      vertex 15 33.14748201438849 28.489208633093526
    endloop
  endfacet
  facet normal -0.7885361813932584 0.02478074782126945 0.6144888975165922
    outer loop
      vertex 18.81775944414555 18.86511467576382 40
      vertex 15 23.152974146336387 34.927983515416194
      vertex 15 22.686170212765955 34.9468085106383
    endloop
  endfacet
  facet normal -0.7664696808739992 0.07245271659769405 0.6381808773055835
    outer loop
      vertex 18.870967688169696 19.427999102078736 40
      vertex 15 23.647896675575925 34.87179492841214
      vertex 15 23.152974146336387 34.927983515416194
    endloop
  endfacet
  facet normal -0.7435793616867538 0.117771401037629 0.6581942190350457
    outer loop
      vertex 18.959414743441798 19.986431831271524 40
      vertex 15 24.165992115617925 34.7790915529033
      vertex 15 23.647896675575925 34.87179492841214
    endloop
  endfacet
  facet normal -0.7664696808739981 0.07245271659769707 0.6381808773055844
    outer loop
      vertex 18.81775944414555 18.86511467576382 40
      vertex 18.870967688169696 19.427999102078736 40
      vertex 15 23.152974146336387 34.927983515416194
    endloop
  endfacet
  facet normal -0.7435793616867532 0.1177714010376309 0.6581942190350462
    outer loop
      vertex 18.870967688169696 19.427999102078736 40
      vertex 18.959414743441798 19.986431831271524 40
      vertex 15 23.647896675575925 34.87179492841214
    endloop
  endfacet
  facet normal 0 0 1
    outer loop
      vertex 18.959414743441798 19.986431831271524 40
      vertex 19.240491353343614 21.081152949374527 40
      vertex 19.082751549842317 20.538208984483695 40
    endloop
  endfacet
  facet normal 0 0 1
    outer loop
      vertex 18.959414743441798 19.986431831271524 40
      vertex 19.65655652780582 22.13201362408565 40
      vertex 19.240491353343614 21.081152949374527 40
    endloop
  endfacet
  facet normal -0.7200898167101849 0.1609591440992827 0.6749539316139425
    outer loop
      vertex 18.959414743441798 19.986431831271524 40
      vertex 19.082751549842317 20.538208984483695 40
      vertex 15 24.165992115617925 34.7790915529033
    endloop
  endfacet
  facet normal -0.6961468502790353 0.20224935623539173 0.6888212836062401
    outer loop
      vertex 19.082751549842317 20.538208984483695 40
      vertex 19.240491353343614 21.081152949374527 40
      vertex 15 24.702055965552997 34.651254119225726
    endloop
  endfacet
  facet normal 0 0 1
    outer loop
      vertex 19.240491353343614 21.081152949374527 40
      vertex 19.65655652780582 22.13201362408565 40
      vertex 19.432011627005735 21.6131209741621 40
    endloop
  endfacet
  facet normal 0 0 1
    outer loop
      vertex 18.959414743441798 19.986431831271524 40
      vertex 20.51884705062547 23.59006727063226 40
      vertex 19.65655652780582 22.13201362408565 40
    endloop
  endfacet
  facet normal 0 0 1
    outer loop
      vertex 23.464216933084558 10.413239879605229 40
      vertex 27.234885324236178 27.282240555854443 40
      vertex 20.51884705062547 23.59006727063226 40
    endloop
  endfacet
  facet normal -0.7200898167101831 0.16095914409928674 0.6749539316139435
    outer loop
      vertex 19.082751549842317 20.538208984483695 40
      vertex 15 24.702055965552997 34.651254119225726
      vertex 15 24.165992115617925 34.7790915529033
    endloop
  endfacet
  facet normal -0.6961468502790387 0.20224935623538645 0.6888212836062382
    outer loop
      vertex 19.240491353343614 21.081152949374527 40
      vertex 15 25.250755786438567 34.49014674902429
      vertex 15 24.702055965552997 34.651254119225726
    endloop
  endfacet
  facet normal -0.6471861141061128 0.28006244029967087 0.709024092144705
    outer loop
      vertex 19.65655652780582 22.13201362408565 40
      vertex 15 26.364865318115147 34.07760392668632
      vertex 15 25.806760994097512 34.29805350048483
    endloop
  endfacet
  facet normal -0.6718340897099937 0.24187515550052308 0.700096682648291
    outer loop
      vertex 19.432011627005735 21.6131209741621 40
      vertex 15 25.806760994097512 34.29805350048483
      vertex 15 25.250755786438567 34.49014674902429
    endloop
  endfacet
  facet normal -0.6718340897099944 0.24187515550052235 0.7000966826482906
    outer loop
      vertex 19.240491353343614 21.081152949374527 40
      vertex 19.432011627005735 21.6131209741621 40
      vertex 15 25.250755786438567 34.49014674902429
    endloop
  endfacet
  facet normal -0.6471861141061163 0.2800624402996647 0.709024092144704
    outer loop
      vertex 19.432011627005735 21.6131209741621 40
      vertex 19.65655652780582 22.13201362408565 40
      vertex 15 25.806760994097512 34.29805350048483
    endloop
  endfacet
  facet normal -0.6221984666955321 0.31702595341778556 0.7157957899438029
    outer loop
      vertex 19.65655652780582 22.13201362408565 40
      vertex 19.913239879605225 22.63578306691544 40
      vertex 15 26.364865318115147 34.07760392668632
    endloop
  endfacet
  facet normal 0 0 1
    outer loop
      vertex 19.65655652780582 22.13201362408565 40
      vertex 20.51884705062547 23.59006727063226 40
      vertex 19.913239879605225 22.63578306691544 40
    endloop
  endfacet
  facet normal 0 0 1
    outer loop
      vertex 19.913239879605225 22.63578306691544 40
      vertex 20.51884705062547 23.59006727063226 40
      vertex 20.20104867048186 23.12244115481097 40
    endloop
  endfacet
  facet normal -0.5968350350930819 0.35296725581149335 0.7205567689018983
    outer loop
      vertex 19.913239879605225 22.63578306691544 40
      vertex 20.20104867048186 23.12244115481097 40
      vertex 15 26.920096600501957 33.83169199322849
    endloop
  endfacet
  facet normal -0.5710332820760882 0.3880738177617589 0.723408392769412
    outer loop
      vertex 20.20104867048186 23.12244115481097 40
      vertex 20.51884705062547 23.59006727063226 40
      vertex 15 27.46780987425854 33.56339272861398
    endloop
  endfacet
  facet normal 0 0 1
    outer loop
      vertex 20.51884705062547 23.59006727063226 40
      vertex 21.6390760466418 24.860717646792708 40
      vertex 20.865380815017893 24.03681590773821 40
    endloop
  endfacet
  facet normal 0 0 1
    outer loop
      vertex 20.865380815017893 24.03681590773821 40
      vertex 21.6390760466418 24.860717646792708 40
      vertex 21.239282353207294 24.460923953358197 40
    endloop
  endfacet
  facet normal 0 0 1
    outer loop
      vertex 20.51884705062547 23.59006727063226 40
      vertex 23.46421693308456 26.186760120394773 40
      vertex 21.6390760466418 24.860717646792708 40
    endloop
  endfacet
  facet normal 0 0 1
    outer loop
      vertex 27.234885324236178 27.282240555854443 40
      vertex 26.27830957392775 18.794427190999915 40
      vertex 26.312357622578794 18.888999284295487 40
    endloop
  endfacet
  facet normal 0 0 1
    outer loop
      vertex 27.234885324236178 27.282240555854443 40
      vertex 26.312357622578794 18.888999284295487 40
      vertex 26.352276716054366 18.981246866504115 40
    endloop
  endfacet
  facet normal 0 0 1
    outer loop
      vertex 27.234885324236178 27.282240555854443 40
      vertex 26.352276716054366 18.981246866504115 40
      vertex 26.397909311929816 19.070805878562744 40
    endloop
  endfacet
  facet normal 0 0 1
    outer loop
      vertex 27.234885324236178 27.282240555854443 40
      vertex 26.397909311929816 19.070805878562744 40
      vertex 26.449075319196773 19.157322871966397 40
    endloop
  endfacet
  facet normal 0 0 1
    outer loop
      vertex 27.234885324236178 27.282240555854443 40
      vertex 29.20209068807018 19.070805878562744 40
      vertex 29.24772328394563 18.981246866504115 40
    endloop
  endfacet
  facet normal 0 0 1
    outer loop
      vertex 27.234885324236178 27.282240555854443 40
      vertex 29.15092468080322 19.157322871966397 40
      vertex 29.20209068807018 19.070805878562744 40
    endloop
  endfacet
  facet normal 0 0 1
    outer loop
      vertex 27.234885324236178 27.282240555854443 40
      vertex 26.449075319196773 19.157322871966397 40
      vertex 26.505572809000082 19.240456403667956 40
    endloop
  endfacet
  facet normal 0 0 1
    outer loop
      vertex 27.234885324236178 27.282240555854443 40
      vertex 26.505572809000082 19.240456403667956 40
      vertex 26.567178811558733 19.319878383597903 40
    endloop
  endfacet
  facet normal 0 0 1
    outer loop
      vertex 27.234885324236178 27.282240555854443 40
      vertex 26.567178811558733 19.319878383597903 40
      vertex 26.63365019612574 19.3952753694859 40
    endloop
  endfacet
  facet normal 0 0 1
    outer loop
      vertex 27.234885324236178 27.282240555854443 40
      vertex 26.63365019612574 19.3952753694859 40
      vertex 26.704724630514097 19.46634980387426 40
    endloop
  endfacet
  facet normal 0 0 1
    outer loop
      vertex 27.234885324236178 27.282240555854443 40
      vertex 26.704724630514097 19.46634980387426 40
      vertex 26.780121616402095 19.532821188441265 40
    endloop
  endfacet
  facet normal 0 0 1
    outer loop
      vertex 27.234885324236178 27.282240555854443 40
      vertex 26.780121616402095 19.532821188441265 40
      vertex 26.85954359633204 19.594427190999916 40
    endloop
  endfacet
  facet normal 0 0 1
    outer loop
      vertex 27.234885324236178 27.282240555854443 40
      vertex 26.85954359633204 19.594427190999916 40
      vertex 26.9426771280336 19.650924680803225 40
    endloop
  endfacet
  facet normal 0 0 1
    outer loop
      vertex 27.234885324236178 27.282240555854443 40
      vertex 26.9426771280336 19.650924680803225 40
      vertex 27.029194121437254 19.702090688070182 40
    endloop
  endfacet
  facet normal 0 0 1
    outer loop
      vertex 27.234885324236178 27.282240555854443 40
      vertex 27.029194121437254 19.702090688070182 40
      vertex 27.11875313349588 19.747723283945632 40
    endloop
  endfacet
  facet normal 0 0 1
    outer loop
      vertex 27.234885324236178 27.282240555854443 40
      vertex 27.21100071570451 19.787642377421204 40
      vertex 27.305572809000083 19.821690426072248 40
    endloop
  endfacet
  facet normal 0 0 1
    outer loop
      vertex 27.234885324236178 27.282240555854443 40
      vertex 27.11875313349588 19.747723283945632 40
      vertex 27.21100071570451 19.787642377421204 40
    endloop
  endfacet
  facet normal 0 0 1
    outer loop
      vertex 27.234885324236178 27.282240555854443 40
      vertex 27.305572809000083 19.821690426072248 40
      vertex 27.40209618053623 19.84973305780581 40
    endloop
  endfacet
  facet normal 0 0 1
    outer loop
      vertex 27.234885324236178 27.282240555854443 40
      vertex 27.40209618053623 19.84973305780581 40
      vertex 27.50018989666284 19.871659601165902 40
    endloop
  endfacet
  facet normal 0 0 1
    outer loop
      vertex 27.234885324236178 27.282240555854443 40
      vertex 27.50018989666284 19.871659601165902 40
      vertex 27.59946682629711 19.887383522103164 40
    endloop
  endfacet
  facet normal 0 0 1
    outer loop
      vertex 27.234885324236178 27.282240555854443 40
      vertex 27.59946682629711 19.887383522103164 40
      vertex 27.699535168753094 19.896842765485236 40
    endloop
  endfacet
  facet normal 0 0 1
    outer loop
      vertex 27.234885324236178 27.282240555854443 40
      vertex 29.094427190999912 19.240456403667956 40
      vertex 29.15092468080322 19.157322871966397 40
    endloop
  endfacet
  facet normal 0 0 1
    outer loop
      vertex 27.234885324236178 27.282240555854443 40
      vertex 29.03282118844126 19.319878383597903 40
      vertex 29.094427190999912 19.240456403667956 40
    endloop
  endfacet
  facet normal 0 0 1
    outer loop
      vertex 27.234885324236178 27.282240555854443 40
      vertex 28.966349803874255 19.3952753694859 40
      vertex 29.03282118844126 19.319878383597903 40
    endloop
  endfacet
  facet normal 0 0 1
    outer loop
      vertex 27.234885324236178 27.282240555854443 40
      vertex 28.740456403667956 19.594427190999916 40
      vertex 28.8198783835979 19.532821188441265 40
    endloop
  endfacet
  facet normal 0 0 1
    outer loop
      vertex 27.234885324236178 27.282240555854443 40
      vertex 28.657322871966393 19.650924680803225 40
      vertex 28.740456403667956 19.594427190999916 40
    endloop
  endfacet
  facet normal 0 0 1
    outer loop
      vertex 27.234885324236178 27.282240555854443 40
      vertex 28.895275369485898 19.46634980387426 40
      vertex 28.966349803874255 19.3952753694859 40
    endloop
  endfacet
  facet normal 0 0 1
    outer loop
      vertex 27.234885324236178 27.282240555854443 40
      vertex 28.8198783835979 19.532821188441265 40
      vertex 28.895275369485898 19.46634980387426 40
    endloop
  endfacet
  facet normal 0 0 1
    outer loop
      vertex 27.234885324236178 27.282240555854443 40
      vertex 28.099810103337155 19.871659601165902 40
      vertex 28.197903819463765 19.84973305780581 40
    endloop
  endfacet
  facet normal 0 0 1
    outer loop
      vertex 27.234885324236178 27.282240555854443 40
      vertex 28.197903819463765 19.84973305780581 40
      vertex 28.29442719099991 19.821690426072248 40
    endloop
  endfacet
  facet normal 0 0 1
    outer loop
      vertex 27.234885324236178 27.282240555854443 40
      vertex 28.29442719099991 19.821690426072248 40
      vertex 28.388999284295483 19.787642377421204 40
    endloop
  endfacet
  facet normal 0 0 1
    outer loop
      vertex 27.234885324236178 27.282240555854443 40
      vertex 28.388999284295483 19.787642377421204 40
      vertex 28.481246866504115 19.747723283945632 40
    endloop
  endfacet
  facet normal 0 0 1
    outer loop
      vertex 27.234885324236178 27.282240555854443 40
      vertex 27.699535168753094 19.896842765485236 40
      vertex 27.799999999999997 19.900000000000002 40
    endloop
  endfacet
  facet normal 0 0 1
    outer loop
      vertex 27.234885324236178 27.282240555854443 40
      vertex 27.799999999999997 19.900000000000002 40
      vertex 27.9004648312469 19.896842765485236 40
    endloop
  endfacet
  facet normal 0 0 1
    outer loop
      vertex 27.234885324236178 27.282240555854443 40
      vertex 27.9004648312469 19.896842765485236 40
      vertex 28.000533173702884 19.887383522103164 40
    endloop
  endfacet
  facet normal 0 0 1
    outer loop
      vertex 27.234885324236178 27.282240555854443 40
      vertex 28.000533173702884 19.887383522103164 40
      vertex 28.099810103337155 19.871659601165902 40
    endloop
  endfacet
  facet normal 0 0 1
    outer loop
      vertex 27.234885324236178 27.282240555854443 40
      vertex 28.57080587856274 19.702090688070182 40
      vertex 28.657322871966393 19.650924680803225 40
    endloop
  endfacet
  facet normal 0 0 1
    outer loop
      vertex 27.234885324236178 27.282240555854443 40
      vertex 28.481246866504115 19.747723283945632 40
      vertex 28.57080587856274 19.702090688070182 40
    endloop
  endfacet
  facet normal 0 0 1
    outer loop
      vertex 27.234885324236178 27.282240555854443 40
      vertex 29.24772328394563 18.981246866504115 40
      vertex 29.2876423774212 18.888999284295487 40
    endloop
  endfacet
  facet normal -0.4900408907392405 0.49004089073923246 0.7209159804075587
    outer loop
      vertex 21.6390760466418 24.860717646792708 40
      vertex 15 29.505594656230635 32.329760253705324
      vertex 15 29.02570544411877 32.65596378275804
    endloop
  endfacet
  facet normal -0.46142848173310475 0.5233878751311797 0.7163441131266108
    outer loop
      vertex 22.063184092261793 25.234619184982105 40
      vertex 15 29.96152543988661 31.99664012374005
      vertex 15 29.505594656230635 32.329760253705324
    endloop
  endfacet
  facet normal -0.4317502640545939 0.5566090864903298 0.7097732273939253
    outer loop
      vertex 22.50993272936774 25.581152949374527 40
      vertex 15 30.391676938367418 31.659312335960635
      vertex 15 29.96152543988661 31.99664012374005
    endloop
  endfacet
  facet normal -0.4008214456407776 0.5897908468827764 0.7010627116369368
    outer loop
      vertex 22.977558845189026 25.898951329518134 40
      vertex 15 30.79468226009942 31.320271553934738
      vertex 15 30.391676938367418 31.659312335960635
    endloop
  endfacet
  facet normal -0.3684367833248196 0.6229925775967469 0.6900250611047553
    outer loop
      vertex 23.46421693308456 26.186760120394773 40
      vertex 15 31.16959245710313 30.981782007446824
      vertex 15 30.79468226009942 31.320271553934738
    endloop
  endfacet
  facet normal -0.3343706772442583 0.6562394038924493 0.676421536453489
    outer loop
      vertex 23.967986375914343 26.443443472194176 40
      vertex 15 31.515835134092278 30.645870041750403
      vertex 15 31.16959245710313 30.981782007446824
    endloop
  endfacet
  facet normal -0.6221984666955329 0.31702595341778506 0.7157957899438024
    outer loop
      vertex 19.913239879605225 22.63578306691544 40
      vertex 15 26.920096600501957 33.83169199322849
      vertex 15 26.364865318115147 34.07760392668632
    endloop
  endfacet
  facet normal -0.5968350350930834 0.3529672558114901 0.7205567689018985
    outer loop
      vertex 20.20104867048186 23.12244115481097 40
      vertex 15 27.46780987425854 33.56339272861398
      vertex 15 26.920096600501957 33.83169199322849
    endloop
  endfacet
  facet normal -0.5710332820760906 0.388073817761755 0.7234083927694119
    outer loop
      vertex 20.51884705062547 23.59006727063226 40
      vertex 15 28.003761111274876 33.275880661071014
      vertex 15 27.46780987425854 33.56339272861398
    endloop
  endfacet
  facet normal -0.5447077564865571 0.42251864621642415 0.7244111081580831
    outer loop
      vertex 20.865380815017893 24.03681590773821 40
      vertex 15 28.52416049787196 32.97235350385233
      vertex 15 28.003761111274876 33.275880661071014
    endloop
  endfacet
  facet normal -0.5177522479643639 0.45646000804323 0.7235861184302957
    outer loop
      vertex 21.239282353207294 24.460923953358197 40
      vertex 15 29.02570544411877 32.65596378275804
      vertex 15 28.52416049787196 32.97235350385233
    endloop
  endfacet
  facet normal -0.46142848173310624 0.5233878751311785 0.7163441131266106
    outer loop
      vertex 21.6390760466418 24.860717646792708 40
      vertex 22.063184092261793 25.234619184982105 40
      vertex 15 29.505594656230635 32.329760253705324
    endloop
  endfacet
  facet normal -0.4317502640545924 0.5566090864903326 0.7097732273939242
    outer loop
      vertex 22.063184092261793 25.234619184982105 40
      vertex 22.50993272936774 25.581152949374527 40
      vertex 15 29.96152543988661 31.99664012374005
    endloop
  endfacet
  facet normal -0.4008214456407809 0.589790846882772 0.7010627116369386
    outer loop
      vertex 22.50993272936774 25.581152949374527 40
      vertex 22.977558845189026 25.898951329518134 40
      vertex 15 30.391676938367418 31.659312335960635
    endloop
  endfacet
  facet normal -0.5447077564865576 0.42251864621642404 0.7244111081580829
    outer loop
      vertex 20.51884705062547 23.59006727063226 40
      vertex 20.865380815017893 24.03681590773821 40
      vertex 15 28.003761111274876 33.275880661071014
    endloop
  endfacet
  facet normal -0.5177522479643667 0.4564600080432261 0.7235861184302962
    outer loop
      vertex 20.865380815017893 24.03681590773821 40
      vertex 21.239282353207294 24.460923953358197 40
      vertex 15 28.52416049787196 32.97235350385233
    endloop
  endfacet
  facet normal -0.49004089073923895 0.49004089073923457 0.7209159804075581
    outer loop
      vertex 21.239282353207294 24.460923953358197 40
      vertex 21.6390760466418 24.860717646792708 40
      vertex 15 29.02570544411877 32.65596378275804
    endloop
  endfacet
  facet normal 0 0 1
    outer loop
      vertex 21.6390760466418 24.860717646792708 40
      vertex 22.50993272936774 25.581152949374527 40
      vertex 22.063184092261793 25.234619184982105 40
    endloop
  endfacet
  facet normal 0 0 1
    outer loop
      vertex 21.6390760466418 24.860717646792708 40
      vertex 23.46421693308456 26.186760120394773 40
      vertex 22.50993272936774 25.581152949374527 40
    endloop
  endfacet
  facet normal 0 0 1
    outer loop
      vertex 22.50993272936774 25.581152949374527 40
      vertex 23.46421693308456 26.186760120394773 40
      vertex 22.977558845189026 25.898951329518134 40
    endloop
  endfacet
  facet normal 0 0 1
    outer loop
      vertex 20.51884705062547 23.59006727063226 40
      vertex 27.234885324236178 27.282240555854443 40
      vertex 23.46421693308456 26.186760120394773 40
    endloop
  endfacet
  facet normal 0 0 1
    outer loop
      vertex 23.46421693308456 26.186760120394773 40
      vertex 24.486879025837897 26.667988372994266 40
      vertex 23.967986375914343 26.443443472194176 40
    endloop
  endfacet
  facet normal 0 0 1
    outer loop
      vertex 23.46421693308456 26.186760120394773 40
      vertex 25.01884705062547 26.85950864665638 40
      vertex 24.486879025837897 26.667988372994266 40
    endloop
  endfacet
  facet normal -0.36843678332482255 0.6229925775967441 0.6900250611047563
    outer loop
      vertex 22.977558845189026 25.898951329518134 40
      vertex 23.46421693308456 26.186760120394773 40
      vertex 15 30.79468226009942 31.320271553934738
    endloop
  endfacet
  facet normal -0.3343706772442571 0.6562394038924507 0.6764215364534883
    outer loop
      vertex 23.46421693308456 26.186760120394773 40
      vertex 23.967986375914343 26.443443472194176 40
      vertex 15 31.16959245710313 30.981782007446824
    endloop
  endfacet
  facet normal -0.2601993948211281 0.7227316224397135 0.640277499886087
    outer loop
      vertex 24.486879025837897 26.667988372994266 40
      vertex 25.01884705062547 26.85950864665638 40
      vertex 15 31.833170156389784 30.314324034692625
    endloop
  endfacet
  facet normal -0.29837840487290096 0.6895118109241892 0.6599574153697709
    outer loop
      vertex 23.967986375914343 26.443443472194176 40
      vertex 24.486879025837897 26.667988372994266 40
      vertex 15 31.515835134092278 30.645870041750403
    endloop
  endfacet
  facet normal -0.02760752572064934 0.8784857126380675 0.4769703106215002
    outer loop
      vertex 27.234885324236178 27.282240555854443 40
      vertex 27.799999999999997 27.3 40
      vertex 15 33.14748201438849 28.489208633093526
    endloop
  endfacet
  facet normal -0.21956380887075438 0.7557435871526064 0.6169630169725554
    outer loop
      vertex 25.01884705062547 26.85950864665638 40
      vertex 25.561791015516302 27.01724845015768 40
      vertex 15 32.38154818144689 29.670333536972063
    endloop
  endfacet
  facet normal -0.17620415561818842 0.7882920776741639 0.5895317598052127
    outer loop
      vertex 25.561791015516302 27.01724845015768 40
      vertex 26.113568168728477 27.140585256558197 40
      vertex 15 32.613371719050704 29.360350817513712
    endloop
  endfacet
  facet normal -0.12987413631616473 0.8199930248832649 0.5574443002300082
    outer loop
      vertex 26.113568168728477 27.140585256558197 40
      vertex 26.672000897921258 27.229032311830302 40
      vertex 15 32.81776736377227 29.059687589063724
    endloop
  endfacet
  facet normal -0.08037725174199492 0.850302506037138 0.5201203184161978
    outer loop
      vertex 26.672000897921258 27.229032311830302 40
      vertex 27.234885324236178 27.282240555854443 40
      vertex 15 32.99551331349204 28.769105158166006
    endloop
  endfacet
  facet normal 0 0 1
    outer loop
      vertex 23.46421693308456 26.186760120394773 40
      vertex 27.234885324236178 27.282240555854443 40
      vertex 25.01884705062547 26.85950864665638 40
    endloop
  endfacet
  facet normal 0 0 1
    outer loop
      vertex 25.01884705062547 26.85950864665638 40
      vertex 26.113568168728477 27.140585256558197 40
      vertex 25.561791015516302 27.01724845015768 40
    endloop
  endfacet
  facet normal 0 0 1
    outer loop
      vertex 25.01884705062547 26.85950864665638 40
      vertex 27.234885324236178 27.282240555854443 40
      vertex 26.113568168728477 27.140585256558197 40
    endloop
  endfacet
  facet normal 0 0 1
    outer loop
      vertex 26.113568168728477 27.140585256558197 40
      vertex 27.234885324236178 27.282240555854443 40
      vertex 26.672000897921258 27.229032311830302 40
    endloop
  endfacet
  facet normal -0.027607525720639754 0.8784857126380743 0.47697031062148837
    outer loop
      vertex 27.234885324236178 27.282240555854443 40
      vertex 15 33.14748201438849 28.489208633093526
      vertex 15 32.99551331349204 28.769105158166006
    endloop
  endfacet
  facet normal -0.26019939482111715 0.7227316224397237 0.6402774998860801
    outer loop
      vertex 25.01884705062547 26.85950864665638 40
      vertex 15 32.12164453856291 29.988700288274273
      vertex 15 31.833170156389784 30.314324034692625
    endloop
  endfacet
  facet normal -0.2983784048729062 0.6895118109241847 0.6599574153697735
    outer loop
      vertex 24.486879025837897 26.667988372994266 40
      vertex 15 31.833170156389784 30.314324034692625
      vertex 15 31.515835134092278 30.645870041750403
    endloop
  endfacet
  facet normal -0.21956380887076452 0.7557435871525988 0.6169630169725612
    outer loop
      vertex 25.01884705062547 26.85950864665638 40
      vertex 15 32.38154818144689 29.670333536972063
      vertex 15 32.12164453856291 29.988700288274273
    endloop
  endfacet
  facet normal -0.1298741363161716 0.8199930248832602 0.5574443002300136
    outer loop
      vertex 26.113568168728477 27.140585256558197 40
      vertex 15 32.81776736377227 29.059687589063724
      vertex 15 32.613371719050704 29.360350817513712
    endloop
  endfacet
  facet normal -0.1762041556181888 0.7882920776741644 0.5895317598052122
    outer loop
      vertex 25.561791015516302 27.01724845015768 40
      vertex 15 32.613371719050704 29.360350817513712
      vertex 15 32.38154818144689 29.670333536972063
    endloop
  endfacet
  facet normal -0.08037725174199084 0.8503025060371422 0.5201203184161913
    outer loop
      vertex 26.672000897921258 27.229032311830302 40
      vertex 15 32.99551331349204 28.769105158166006
      vertex 15 32.81776736377227 29.059687589063724
    endloop
  endfacet
  facet normal 0 0 1
    outer loop
      vertex 27.234885324236178 27.282240555854443 40
      vertex 29.2876423774212 18.888999284295487 40
      vertex 51.27830957392775 18.794427190999915 40
    endloop
  endfacet
  facet normal 0 0 1
    outer loop
      vertex 27.234885324236178 27.282240555854443 40
      vertex 51.27830957392775 18.794427190999915 40
      vertex 51.312357622578794 18.888999284295487 40
    endloop
  endfacet
  facet normal 0 0 1
    outer loop
      vertex 27.234885324236178 27.282240555854443 40
      vertex 51.312357622578794 18.888999284295487 40
      vertex 51.35227671605436 18.981246866504115 40
    endloop
  endfacet
  facet normal 0 0 1
    outer loop
      vertex 27.234885324236178 27.282240555854443 40
      vertex 51.35227671605436 18.981246866504115 40
      vertex 51.397909311929816 19.070805878562744 40
    endloop
  endfacet
  facet normal 0 0 1
    outer loop
      vertex 27.234885324236178 27.282240555854443 40
      vertex 51.397909311929816 19.070805878562744 40
      vertex 51.44907531919677 19.157322871966397 40
    endloop
  endfacet
  facet normal 0 0 1
    outer loop
      vertex 27.234885324236178 27.282240555854443 40
      vertex 51.44907531919677 19.157322871966397 40
      vertex 51.50557280900008 19.240456403667956 40
    endloop
  endfacet
  facet normal 0 0 1
    outer loop
      vertex 27.234885324236178 27.282240555854443 40
      vertex 51.50557280900008 19.240456403667956 40
      vertex 51.56717881155873 19.319878383597903 40
    endloop
  endfacet
  facet normal 0 0 1
    outer loop
      vertex 27.234885324236178 27.282240555854443 40
      vertex 51.56717881155873 19.319878383597903 40
      vertex 51.633650196125735 19.3952753694859 40
    endloop
  endfacet
  facet normal 0 0 1
    outer loop
      vertex 27.234885324236178 27.282240555854443 40
      vertex 51.633650196125735 19.3952753694859 40
      vertex 51.70472463051409 19.46634980387426 40
    endloop
  endfacet
  facet normal 0 0 1
    outer loop
      vertex 27.234885324236178 27.282240555854443 40
      vertex 51.70472463051409 19.46634980387426 40
      vertex 51.78012161640209 19.532821188441265 40
    endloop
  endfacet
  facet normal 0 0 1
    outer loop
      vertex 27.234885324236178 27.282240555854443 40
      vertex 51.78012161640209 19.532821188441265 40
      vertex 51.85954359633204 19.594427190999916 40
    endloop
  endfacet
  facet normal 0 0 1
    outer loop
      vertex 27.234885324236178 27.282240555854443 40
      vertex 51.85954359633204 19.594427190999916 40
      vertex 51.9426771280336 19.650924680803225 40
    endloop
  endfacet
  facet normal 0 0 1
    outer loop
      vertex 27.234885324236178 27.282240555854443 40
      vertex 51.9426771280336 19.650924680803225 40
      vertex 52.02919412143725 19.702090688070182 40
    endloop
  endfacet
  facet normal 0 0 1
    outer loop
      vertex 27.234885324236178 27.282240555854443 40
      vertex 52.02919412143725 19.702090688070182 40
      vertex 52.11875313349588 19.747723283945632 40
    endloop
  endfacet
  facet normal 0 0 1
    outer loop
      vertex 27.234885324236178 27.282240555854443 40
      vertex 52.11875313349588 19.747723283945632 40
      vertex 52.211000715704515 19.787642377421204 40
    endloop
  endfacet
  facet normal 0 0 1
    outer loop
      vertex 27.234885324236178 27.282240555854443 40
      vertex 52.211000715704515 19.787642377421204 40
      vertex 52.30557280900008 19.821690426072248 40
    endloop
  endfacet
  facet normal 0 0 1
    outer loop
      vertex 27.234885324236178 27.282240555854443 40
      vertex 52.30557280900008 19.821690426072248 40
      vertex 52.402096180536226 19.84973305780581 40
    endloop
  endfacet
  facet normal 0 0 1
    outer loop
      vertex 27.234885324236178 27.282240555854443 40
      vertex 52.402096180536226 19.84973305780581 40
      vertex 52.50018989666284 19.871659601165902 40
    endloop
  endfacet
  facet normal 0 0 1
    outer loop
      vertex 27.234885324236178 27.282240555854443 40
      vertex 52.50018989666284 19.871659601165902 40
      vertex 52.59946682629711 19.887383522103164 40
    endloop
  endfacet
  facet normal 0 0 1
    outer loop
      vertex 27.234885324236178 27.282240555854443 40
      vertex 52.59946682629711 19.887383522103164 40
      vertex 52.699535168753094 19.896842765485236 40
    endloop
  endfacet
  facet normal 0 0 1
    outer loop
      vertex 27.234885324236178 27.282240555854443 40
      vertex 52.699535168753094 19.896842765485236 40
      vertex 52.8 19.900000000000002 40
    endloop
  endfacet
  facet normal 0 0 1
    outer loop
      vertex 27.234885324236178 27.282240555854443 40
      vertex 52.8 19.900000000000002 40
      vertex 52.9004648312469 19.896842765485236 40
    endloop
  endfacet
  facet normal 0 0 1
    outer loop
      vertex 27.234885324236178 27.282240555854443 40
      vertex 52.9004648312469 19.896842765485236 40
      vertex 53.000533173702884 19.887383522103164 40
    endloop
  endfacet
  facet normal 0 0.8915560111250319 0.45291045365151605
    outer loop
      vertex 27.799999999999997 27.3 40
      vertex 102.8 27.3 40
      vertex 15 33.14748201438849 28.489208633093526
    endloop
  endfacet
  facet normal 0 0 1
    outer loop
      vertex 27.234885324236178 27.282240555854443 40
      vertex 53.000533173702884 19.887383522103164 40
      vertex 77.5994668262971 19.887383522103164 40
    endloop
  endfacet
  facet normal 0 0 1
    outer loop
      vertex 27.234885324236178 27.282240555854443 40
      vertex 77.5994668262971 19.887383522103164 40
      vertex 77.6995351687531 19.896842765485236 40
    endloop
  endfacet
  facet normal 0 0 1
    outer loop
      vertex 27.234885324236178 27.282240555854443 40
      vertex 77.6995351687531 19.896842765485236 40
      vertex 77.8 19.900000000000002 40
    endloop
  endfacet
  facet normal 0 0 1
    outer loop
      vertex 27.234885324236178 27.282240555854443 40
      vertex 102.8 27.3 40
      vertex 27.799999999999997 27.3 40
    endloop
  endfacet
  facet normal 0 -1 0
    outer loop
      vertex 115.89999999999999 0 3.3
      vertex 115.6 0 15
      vertex 15 0 15
    endloop
  endfacet
  facet normal 0 -0.9372503439011142 0.3486571279312145
    outer loop
      vertex 15 0 15
      vertex 115.6 0 15
      vertex 115.6 5.017985611510792 28.489208633093526
    endloop
  endfacet
  facet normal 0 -1 0
    outer loop
      vertex 130.6 0 0
      vertex 115.89999999999999 0 3.3
      vertex 115.89999999999999 0 0
    endloop
  endfacet
  facet normal 0 0 -1
    outer loop
      vertex 130.6 0 0
      vertex 115.89999999999999 0 0
      vertex 122.36375089463064 8.140447028223496 0
    endloop
  endfacet
  facet normal 0 -1 0
    outer loop
      vertex 130.6 0 0
      vertex 130.6 0 15
      vertex 115.89999999999999 0 3.3
    endloop
  endfacet
  facet normal 0 0 -1
    outer loop
      vertex 115.89999999999999 0 0
      vertex 121.82515202050261 8.458973514448422 0
      vertex 121.92442949541505 8.381966011250105 0
    endloop
  endfacet
  facet normal 0 0 -1
    outer loop
      vertex 115.89999999999999 0 0
      vertex 122.24844141686985 8.19034589506796 0
      vertex 122.36375089463064 8.140447028223496 0
    endloop
  endfacet
  facet normal 0 0 -1
    outer loop
      vertex 115.89999999999999 0 0
      vertex 122.13649265179656 8.247386639912273 0
      vertex 122.24844141686985 8.19034589506796 0
    endloop
  endfacet
  facet normal 0 0 -1
    outer loop
      vertex 115.89999999999999 0 0
      vertex 122.028346410042 8.31134414899597 0
      vertex 122.13649265179656 8.247386639912273 0
    endloop
  endfacet
  facet normal 0 0 -1
    outer loop
      vertex 115.89999999999999 0 0
      vertex 121.92442949541505 8.381966011250105 0
      vertex 122.028346410042 8.31134414899597 0
    endloop
  endfacet
  facet normal 0 0 -1
    outer loop
      vertex 115.89999999999999 0 0
      vertex 121.73090578814262 8.542062745157176 0
      vertex 121.82515202050261 8.458973514448422 0
    endloop
  endfacet
  facet normal 0 0 -1
    outer loop
      vertex 115.89999999999999 0 0
      vertex 121.64206274515718 8.630905788142623 0
      vertex 121.73090578814262 8.542062745157176 0
    endloop
  endfacet
  facet normal 0 0 -1
    outer loop
      vertex 115.89999999999999 0 0
      vertex 121.41134414899597 8.928346410042007 0
      vertex 121.4819660112501 8.824429495415053 0
    endloop
  endfacet
  facet normal 0 0 -1
    outer loop
      vertex 115.89999999999999 0 0
      vertex 121.55897351444841 8.725152020502621 0
      vertex 121.64206274515718 8.630905788142623 0
    endloop
  endfacet
  facet normal 0 0 -1
    outer loop
      vertex 115.89999999999999 0 0
      vertex 121.4819660112501 8.824429495415053 0
      vertex 121.55897351444841 8.725152020502621 0
    endloop
  endfacet
  facet normal 0 0 -1
    outer loop
      vertex 115.89999999999999 0 0
      vertex 121.34738663991227 9.03649265179657 0
      vertex 121.41134414899597 8.928346410042007 0
    endloop
  endfacet
  facet normal 0 0 -1
    outer loop
      vertex 115.89999999999999 0 0
      vertex 121.29034589506796 9.148441416869854 0
      vertex 121.34738663991227 9.03649265179657 0
    endloop
  endfacet
  facet normal 0 0 -1
    outer loop
      vertex 115.89999999999999 0 0
      vertex 121.24044702822349 9.263750894630645 0
      vertex 121.29034589506796 9.148441416869854 0
    endloop
  endfacet
  facet normal 0 0 -1
    outer loop
      vertex 115.89999999999999 0 0
      vertex 121.19788696740969 9.381966011250105 0
      vertex 121.24044702822349 9.263750894630645 0
    endloop
  endfacet
  facet normal 0 0 -1
    outer loop
      vertex 115.89999999999999 0 0
      vertex 121.10394654314345 9.874418960941373 0
      vertex 121.11577059737104 9.749333532871391 0
    endloop
  endfacet
  facet normal 0 0 -1
    outer loop
      vertex 115.89999999999999 0 0
      vertex 121.1 10 0
      vertex 121.10394654314345 9.874418960941373 0
    endloop
  endfacet
  facet normal 0 0 -1
    outer loop
      vertex 115.89999999999999 0 0
      vertex 121.16283367774273 9.50262022567029 0
      vertex 121.19788696740969 9.381966011250105 0
    endloop
  endfacet
  facet normal 0 0 -1
    outer loop
      vertex 115.89999999999999 0 0
      vertex 121.13542549854262 9.62523737082855 0
      vertex 121.16283367774273 9.50262022567029 0
    endloop
  endfacet
  facet normal 0 0 -1
    outer loop
      vertex 115.89999999999999 0 0
      vertex 121.11577059737104 9.749333532871391 0
      vertex 121.13542549854262 9.62523737082855 0
    endloop
  endfacet
  facet normal 0 0 -1
    outer loop
      vertex 130.6 0 0
      vertex 122.4819660112501 8.097886967409693 0
      vertex 122.60262022567028 8.062833677742738 0
    endloop
  endfacet
  facet normal 0 0 -1
    outer loop
      vertex 130.6 0 0
      vertex 122.36375089463064 8.140447028223496 0
      vertex 122.4819660112501 8.097886967409693 0
    endloop
  endfacet
  facet normal 0 0 -1
    outer loop
      vertex 130.6 0 0
      vertex 122.60262022567028 8.062833677742738 0
      vertex 122.72523737082855 8.035425498542622 0
    endloop
  endfacet
  facet normal 0 0 -1
    outer loop
      vertex 130.6 0 0
      vertex 122.72523737082855 8.035425498542622 0
      vertex 122.84933353287138 8.015770597371045 0
    endloop
  endfacet
  facet normal 0 0 -1
    outer loop
      vertex 130.6 0 0
      vertex 122.84933353287138 8.015770597371045 0
      vertex 122.97441896094136 8.003946543143456 0
    endloop
  endfacet
  facet normal 0 0 -1
    outer loop
      vertex 130.6 0 0
      vertex 122.97441896094136 8.003946543143456 0
      vertex 123.1 8 0
    endloop
  endfacet
  facet normal 0 0 -1
    outer loop
      vertex 130.6 0 0
      vertex 123.1 8 0
      vertex 123.22558103905862 8.003946543143456 0
    endloop
  endfacet
  facet normal 0 0 -1
    outer loop
      vertex 130.6 0 0
      vertex 123.22558103905862 8.003946543143456 0
      vertex 123.3506664671286 8.015770597371045 0
    endloop
  endfacet
  facet normal 0 0 -1
    outer loop
      vertex 130.6 0 0
      vertex 123.3506664671286 8.015770597371045 0
      vertex 123.47476262917144 8.035425498542622 0
    endloop
  endfacet
  facet normal 0 0 -1
    outer loop
      vertex 130.6 0 0
      vertex 123.47476262917144 8.035425498542622 0
      vertex 123.59737977432971 8.062833677742738 0
    endloop
  endfacet
  facet normal 0 0 -1
    outer loop
      vertex 130.6 0 0
      vertex 123.59737977432971 8.062833677742738 0
      vertex 123.7180339887499 8.097886967409693 0
    endloop
  endfacet
  facet normal 0 0 -1
    outer loop
      vertex 130.6 0 0
      vertex 123.7180339887499 8.097886967409693 0
      vertex 123.83624910536935 8.140447028223498 0
    endloop
  endfacet
  facet normal 0 0 -1
    outer loop
      vertex 130.6 0 0
      vertex 123.83624910536935 8.140447028223498 0
      vertex 123.95155858313014 8.19034589506796 0
    endloop
  endfacet
  facet normal 0 0 -1
    outer loop
      vertex 130.6 0 0
      vertex 123.95155858313014 8.19034589506796 0
      vertex 124.06350734820343 8.247386639912273 0
    endloop
  endfacet
  facet normal 0 0 -1
    outer loop
      vertex 130.6 0 0
      vertex 124.06350734820343 8.247386639912273 0
      vertex 124.17165358995798 8.31134414899597 0
    endloop
  endfacet
  facet normal 0 0 -1
    outer loop
      vertex 130.6 0 0
      vertex 124.17165358995798 8.31134414899597 0
      vertex 124.27557050458493 8.381966011250105 0
    endloop
  endfacet
  facet normal 0 0 -1
    outer loop
      vertex 130.6 0 0
      vertex 124.27557050458493 8.381966011250105 0
      vertex 124.37484797949737 8.458973514448422 0
    endloop
  endfacet
  facet normal 0 0 -1
    outer loop
      vertex 130.6 0 0
      vertex 124.37484797949737 8.458973514448422 0
      vertex 124.46909421185737 8.542062745157176 0
    endloop
  endfacet
  facet normal 0 0 -1
    outer loop
      vertex 130.6 0 0
      vertex 124.46909421185737 8.542062745157176 0
      vertex 124.55793725484281 8.630905788142623 0
    endloop
  endfacet
  facet normal 0 0 -1
    outer loop
      vertex 130.6 0 0
      vertex 124.55793725484281 8.630905788142623 0
      vertex 124.64102648555158 8.72515202050262 0
    endloop
  endfacet
  facet normal 0 0 -1
    outer loop
      vertex 130.6 0 0
      vertex 124.64102648555158 8.72515202050262 0
      vertex 124.7180339887499 8.824429495415053 0
    endloop
  endfacet
  facet normal 0 0 -1
    outer loop
      vertex 130.6 0 0
      vertex 124.7180339887499 8.824429495415053 0
      vertex 124.78865585100402 8.928346410042007 0
    endloop
  endfacet
  facet normal 0 0 -1
    outer loop
      vertex 130.6 0 0
      vertex 124.78865585100402 8.928346410042007 0
      vertex 124.85261336008772 9.03649265179657 0
    endloop
  endfacet
  facet normal 0 0 -1
    outer loop
      vertex 130.6 0 0
      vertex 124.85261336008772 9.03649265179657 0
      vertex 124.90965410493203 9.148441416869854 0
    endloop
  endfacet
  facet normal 0 0 -1
    outer loop
      vertex 130.6 0 0
      vertex 124.90965410493203 9.148441416869854 0
      vertex 124.9595529717765 9.263750894630643 0
    endloop
  endfacet
  facet normal 0 0 -1
    outer loop
      vertex 130.6 0 0
      vertex 124.9595529717765 9.263750894630643 0
      vertex 125.0021130325903 9.381966011250105 0
    endloop
  endfacet
  facet normal 0 0 -1
    outer loop
      vertex 130.6 0 0
      vertex 125.0021130325903 9.381966011250105 0
      vertex 125.03716632225726 9.502620225670292 0
    endloop
  endfacet
  facet normal 0 0 -1
    outer loop
      vertex 130.6 0 0
      vertex 125.03716632225726 9.502620225670292 0
      vertex 125.06457450145737 9.62523737082855 0
    endloop
  endfacet
  facet normal 0 0 -1
    outer loop
      vertex 130.6 0 0
      vertex 125.06457450145737 9.62523737082855 0
      vertex 125.08422940262895 9.749333532871391 0
    endloop
  endfacet
  facet normal 0 0 -1
    outer loop
      vertex 130.6 0 0
      vertex 125.08422940262895 9.749333532871391 0
      vertex 125.09605345685654 9.874418960941373 0
    endloop
  endfacet
  facet normal 0 0 -1
    outer loop
      vertex 130.6 0 0
      vertex 125.09605345685654 9.874418960941373 0
      vertex 125.1 10 0
    endloop
  endfacet
  facet normal 0 0 -1
    outer loop
      vertex 130.6 0 0
      vertex 125.1 10 0
      vertex 125.09605345685654 10.125581039058627 0
    endloop
  endfacet
  facet normal 0 -1 0
    outer loop
      vertex 115.89999999999999 0 3.3
      vertex 130.6 0 15
      vertex 115.6 0 15
    endloop
  endfacet
  facet normal 0 0 -1
    outer loop
      vertex 115.89999999999999 0 0
      vertex 115.89999999999999 30.3 0
      vertex 121.1 10 0
    endloop
  endfacet
  facet normal 0 0 -1
    outer loop
      vertex 130.6 0 0
      vertex 125.09605345685654 10.125581039058627 0
      vertex 125.09605345685654 29.874418960941373 0
    endloop
  endfacet
  facet normal 1 0 0
    outer loop
      vertex 130.6 0 0
      vertex 130.6 40 0
      vertex 130.6 0 15
    endloop
  endfacet
  facet normal 0 0 -1
    outer loop
      vertex 115.89999999999999 30.3 0
      vertex 121.10394654314345 10.125581039058627 0
      vertex 121.1 10 0
    endloop
  endfacet
  facet normal 0 0 -1
    outer loop
      vertex 115.89999999999999 30.3 0
      vertex 121.11577059737104 10.250666467128609 0
      vertex 121.10394654314345 10.125581039058627 0
    endloop
  endfacet
  facet normal 0 0 -1
    outer loop
      vertex 115.89999999999999 30.3 0
      vertex 121.13542549854262 10.37476262917145 0
      vertex 121.11577059737104 10.250666467128609 0
    endloop
  endfacet
  facet normal 0 0 -1
    outer loop
      vertex 121.13542549854262 10.37476262917145 0
      vertex 121.13542549854262 29.62523737082855 0
      vertex 121.16283367774273 10.49737977432971 0
    endloop
  endfacet
  facet normal 0 0 -1
    outer loop
      vertex 121.16283367774273 10.49737977432971 0
      vertex 121.16283367774273 29.50262022567029 0
      vertex 121.19788696740969 10.618033988749895 0
    endloop
  endfacet
  facet normal 0 0 -1
    outer loop
      vertex 121.19788696740969 10.618033988749895 0
      vertex 121.24044702822349 29.263750894630643 0
      vertex 121.24044702822349 10.736249105369355 0
    endloop
  endfacet
  facet normal 0 0 -1
    outer loop
      vertex 121.24044702822349 10.736249105369355 0
      vertex 121.24044702822349 29.263750894630643 0
      vertex 121.29034589506796 10.851558583130146 0
    endloop
  endfacet
  facet normal 0 0 -1
    outer loop
      vertex 121.29034589506796 10.851558583130146 0
      vertex 121.29034589506796 29.148441416869854 0
      vertex 121.34738663991227 10.96350734820343 0
    endloop
  endfacet
  facet normal 0 0 -1
    outer loop
      vertex 121.34738663991227 10.96350734820343 0
      vertex 121.34738663991227 29.036492651796568 0
      vertex 121.41134414899597 11.071653589957993 0
    endloop
  endfacet
  facet normal 0 0 -1
    outer loop
      vertex 121.41134414899597 11.071653589957993 0
      vertex 121.41134414899597 28.928346410042007 0
      vertex 121.4819660112501 11.175570504584947 0
    endloop
  endfacet
  facet normal 0 0 -1
    outer loop
      vertex 121.4819660112501 11.175570504584947 0
      vertex 121.4819660112501 28.824429495415053 0
      vertex 121.55897351444841 11.274847979497379 0
    endloop
  endfacet
  facet normal 0 0 -1
    outer loop
      vertex 121.64206274515718 11.369094211857377 0
      vertex 121.55897351444841 11.274847979497379 0
      vertex 121.55897351444841 28.72515202050262 0
    endloop
  endfacet
  facet normal 0 0 -1
    outer loop
      vertex 121.64206274515718 11.369094211857377 0
      vertex 121.64206274515718 28.630905788142623 0
      vertex 121.73090578814262 11.457937254842824 0
    endloop
  endfacet
  facet normal 0 0 -1
    outer loop
      vertex 121.73090578814262 11.457937254842824 0
      vertex 121.73090578814262 28.54206274515718 0
      vertex 121.82515202050261 11.541026485551578 0
    endloop
  endfacet
  facet normal 0 0 -1
    outer loop
      vertex 121.82515202050261 11.541026485551578 0
      vertex 121.82515202050261 28.45897351444842 0
      vertex 121.92442949541505 11.618033988749895 0
    endloop
  endfacet
  facet normal 0 0 -1
    outer loop
      vertex 121.92442949541505 11.618033988749895 0
      vertex 121.92442949541505 28.381966011250107 0
      vertex 122.028346410042 11.68865585100403 0
    endloop
  endfacet
  facet normal 0 0 -1
    outer loop
      vertex 122.028346410042 11.68865585100403 0
      vertex 122.028346410042 28.31134414899597 0
      vertex 122.13649265179656 11.752613360087727 0
    endloop
  endfacet
  facet normal 0 0 -1
    outer loop
      vertex 122.13649265179656 11.752613360087727 0
      vertex 122.13649265179656 28.24738663991227 0
      vertex 122.24844141686985 11.809654104932038 0
    endloop
  endfacet
  facet normal 0 0 -1
    outer loop
      vertex 122.24844141686985 11.809654104932038 0
      vertex 122.24844141686985 28.19034589506796 0
      vertex 122.36375089463064 11.859552971776504 0
    endloop
  endfacet
  facet normal 0 0 -1
    outer loop
      vertex 122.36375089463064 11.859552971776504 0
      vertex 122.36375089463064 28.140447028223498 0
      vertex 122.4819660112501 11.902113032590307 0
    endloop
  endfacet
  facet normal 0 0 -1
    outer loop
      vertex 122.4819660112501 11.902113032590307 0
      vertex 122.4819660112501 28.097886967409693 0
      vertex 122.60262022567028 11.937166322257262 0
    endloop
  endfacet
  facet normal 0 0 -1
    outer loop
      vertex 122.60262022567028 11.937166322257262 0
      vertex 122.60262022567028 28.062833677742738 0
      vertex 122.72523737082855 11.964574501457378 0
    endloop
  endfacet
  facet normal 0 0 -1
    outer loop
      vertex 122.72523737082855 11.964574501457378 0
      vertex 122.72523737082855 28.035425498542622 0
      vertex 122.84933353287138 11.984229402628955 0
    endloop
  endfacet
  facet normal 0 0 -1
    outer loop
      vertex 122.84933353287138 11.984229402628955 0
      vertex 122.84933353287138 28.015770597371045 0
      vertex 122.97441896094136 11.996053456856544 0
    endloop
  endfacet
  facet normal 0 0 -1
    outer loop
      vertex 122.97441896094136 11.996053456856544 0
      vertex 122.97441896094136 28.003946543143456 0
      vertex 123.1 12 0
    endloop
  endfacet
  facet normal 0 0 -1
    outer loop
      vertex 123.1 12 0
      vertex 123.1 28 0
      vertex 123.22558103905862 11.996053456856544 0
    endloop
  endfacet
  facet normal 0 0 -1
    outer loop
      vertex 123.22558103905862 11.996053456856544 0
      vertex 123.22558103905862 28.003946543143456 0
      vertex 123.3506664671286 11.984229402628955 0
    endloop
  endfacet
  facet normal 0 0 -1
    outer loop
      vertex 123.3506664671286 11.984229402628955 0
      vertex 123.3506664671286 28.015770597371045 0
      vertex 123.47476262917144 11.964574501457378 0
    endloop
  endfacet
  facet normal 0 0 -1
    outer loop
      vertex 124.37484797949737 11.541026485551578 0
      vertex 124.27557050458493 11.618033988749895 0
      vertex 124.27557050458493 28.381966011250107 0
    endloop
  endfacet
  facet normal 0 0 -1
    outer loop
      vertex 124.46909421185737 11.457937254842824 0
      vertex 124.37484797949737 11.541026485551578 0
      vertex 124.37484797949737 28.458973514448424 0
    endloop
  endfacet
  facet normal 0 0 -1
    outer loop
      vertex 123.47476262917144 11.964574501457378 0
      vertex 123.47476262917144 28.035425498542622 0
      vertex 123.59737977432971 11.937166322257262 0
    endloop
  endfacet
  facet normal 0 0 -1
    outer loop
      vertex 123.59737977432971 11.937166322257262 0
      vertex 123.59737977432971 28.062833677742738 0
      vertex 123.7180339887499 11.902113032590307 0
    endloop
  endfacet
  facet normal 0 0 -1
    outer loop
      vertex 123.83624910536935 11.859552971776504 0
      vertex 123.7180339887499 11.902113032590307 0
      vertex 123.7180339887499 28.097886967409693 0
    endloop
  endfacet
  facet normal 0 0 -1
    outer loop
      vertex 123.83624910536935 11.859552971776504 0
      vertex 123.95155858313014 28.19034589506796 0
      vertex 123.95155858313014 11.809654104932038 0
    endloop
  endfacet
  facet normal 0 0 -1
    outer loop
      vertex 123.95155858313014 11.809654104932038 0
      vertex 123.95155858313014 28.19034589506796 0
      vertex 124.06350734820343 11.752613360087727 0
    endloop
  endfacet
  facet normal 0 0 -1
    outer loop
      vertex 124.17165358995798 11.68865585100403 0
      vertex 124.17165358995798 28.31134414899597 0
      vertex 124.27557050458493 11.618033988749895 0
    endloop
  endfacet
  facet normal 0 0 -1
    outer loop
      vertex 124.17165358995798 11.68865585100403 0
      vertex 124.06350734820343 11.752613360087727 0
      vertex 124.06350734820343 28.24738663991227 0
    endloop
  endfacet
  facet normal 0 0 -1
    outer loop
      vertex 125.0021130325903 10.618033988749895 0
      vertex 124.9595529717765 10.736249105369357 0
      vertex 124.9595529717765 29.263750894630643 0
    endloop
  endfacet
  facet normal 0 0 -1
    outer loop
      vertex 125.09605345685654 10.125581039058627 0
      vertex 125.08422940262895 10.250666467128609 0
      vertex 125.08422940262895 29.749333532871393 0
    endloop
  endfacet
  facet normal 0 0 -1
    outer loop
      vertex 125.08422940262895 10.250666467128609 0
      vertex 125.06457450145737 10.37476262917145 0
      vertex 125.06457450145737 29.62523737082855 0
    endloop
  endfacet
  facet normal 0 0 -1
    outer loop
      vertex 125.06457450145737 10.37476262917145 0
      vertex 125.03716632225726 10.49737977432971 0
      vertex 125.03716632225726 29.50262022567029 0
    endloop
  endfacet
  facet normal 0 0 -1
    outer loop
      vertex 125.03716632225726 10.49737977432971 0
      vertex 125.0021130325903 10.618033988749895 0
      vertex 125.0021130325903 29.381966011250107 0
    endloop
  endfacet
  facet normal 0 0 -1
    outer loop
      vertex 124.9595529717765 10.736249105369357 0
      vertex 124.90965410493203 10.851558583130146 0
      vertex 124.90965410493203 29.148441416869854 0
    endloop
  endfacet
  facet normal 0 0 -1
    outer loop
      vertex 124.90965410493203 10.851558583130146 0
      vertex 124.85261336008772 10.96350734820343 0
      vertex 124.85261336008772 29.036492651796568 0
    endloop
  endfacet
  facet normal 0 0 -1
    outer loop
      vertex 124.78865585100402 11.071653589957993 0
      vertex 124.7180339887499 11.175570504584947 0
      vertex 124.7180339887499 28.824429495415053 0
    endloop
  endfacet
  facet normal 0 0 -1
    outer loop
      vertex 124.85261336008772 10.96350734820343 0
      vertex 124.78865585100402 11.071653589957993 0
      vertex 124.85261336008772 29.036492651796568 0
    endloop
  endfacet
  facet normal 0 0 -1
    outer loop
      vertex 124.64102648555158 11.27484797949738 0
      vertex 124.55793725484281 11.369094211857377 0
      vertex 124.55793725484281 28.630905788142623 0
    endloop
  endfacet
  facet normal 0 0 -1
    outer loop
      vertex 124.64102648555158 11.27484797949738 0
      vertex 124.64102648555158 28.72515202050262 0
      vertex 124.7180339887499 11.175570504584947 0
    endloop
  endfacet
  facet normal 0 0 -1
    outer loop
      vertex 124.46909421185737 11.457937254842824 0
      vertex 124.55793725484281 28.630905788142623 0
      vertex 124.55793725484281 11.369094211857377 0
    endloop
  endfacet
  facet normal 0 0 1
    outer loop
      vertex 27.799999999999997 9.3 40
      vertex 102.8 9.3 40
      vertex 103.92799910207873 9.3709676881697 40
    endloop
  endfacet
  facet normal 0 -0.9372503439011142 0.3486571279312145
    outer loop
      vertex 27.799999999999997 9.3 40
      vertex 115.6 5.017985611510792 28.489208633093526
      vertex 102.8 9.3 40
    endloop
  endfacet
  facet normal 0 0 1
    outer loop
      vertex 27.799999999999997 9.3 40
      vertex 101.56717881155873 17.2801216164021 40
      vertex 78.00053317370288 16.712616477896837 40
    endloop
  endfacet
  facet normal 0 0 1
    outer loop
      vertex 27.799999999999997 9.3 40
      vertex 103.92799910207873 9.3709676881697 40
      vertex 102.9004648312469 16.703157234514766 40
    endloop
  endfacet
  facet normal 0 0 1
    outer loop
      vertex 27.799999999999997 9.3 40
      vertex 102.40209618053623 16.75026694219419 40
      vertex 102.30557280900008 16.778309573927753 40
    endloop
  endfacet
  facet normal 0 0 1
    outer loop
      vertex 27.799999999999997 9.3 40
      vertex 102.21100071570451 16.812357622578798 40
      vertex 102.11875313349589 16.85227671605437 40
    endloop
  endfacet
  facet normal 0 0 1
    outer loop
      vertex 27.799999999999997 9.3 40
      vertex 102.11875313349589 16.85227671605437 40
      vertex 102.02919412143726 16.89790931192982 40
    endloop
  endfacet
  facet normal 0 0 1
    outer loop
      vertex 27.799999999999997 9.3 40
      vertex 102.30557280900008 16.778309573927753 40
      vertex 102.21100071570451 16.812357622578798 40
    endloop
  endfacet
  facet normal 0 0 1
    outer loop
      vertex 27.799999999999997 9.3 40
      vertex 101.63365019612574 17.2047246305141 40
      vertex 101.56717881155873 17.2801216164021 40
    endloop
  endfacet
  facet normal 0 0 1
    outer loop
      vertex 27.799999999999997 9.3 40
      vertex 102.02919412143726 16.89790931192982 40
      vertex 101.94267712803361 16.949075319196776 40
    endloop
  endfacet
  facet normal 0 0 1
    outer loop
      vertex 27.799999999999997 9.3 40
      vertex 101.94267712803361 16.949075319196776 40
      vertex 101.85954359633205 17.005572809000085 40
    endloop
  endfacet
  facet normal 0 0 1
    outer loop
      vertex 27.799999999999997 9.3 40
      vertex 101.85954359633205 17.005572809000085 40
      vertex 101.7801216164021 17.067178811558737 40
    endloop
  endfacet
  facet normal 0 0 1
    outer loop
      vertex 27.799999999999997 9.3 40
      vertex 101.7801216164021 17.067178811558737 40
      vertex 101.7047246305141 17.133650196125743 40
    endloop
  endfacet
  facet normal 0 0 1
    outer loop
      vertex 27.799999999999997 9.3 40
      vertex 101.7047246305141 17.133650196125743 40
      vertex 101.63365019612574 17.2047246305141 40
    endloop
  endfacet
  facet normal 0 0 1
    outer loop
      vertex 27.799999999999997 9.3 40
      vertex 102.59946682629712 16.712616477896837 40
      vertex 102.50018989666283 16.7283403988341 40
    endloop
  endfacet
  facet normal 0 0 1
    outer loop
      vertex 27.799999999999997 9.3 40
      vertex 102.50018989666283 16.7283403988341 40
      vertex 102.40209618053623 16.75026694219419 40
    endloop
  endfacet
  facet normal 0 0 1
    outer loop
      vertex 27.799999999999997 9.3 40
      vertex 102.8 16.7 40
      vertex 102.6995351687531 16.703157234514766 40
    endloop
  endfacet
  facet normal 0 0 1
    outer loop
      vertex 27.799999999999997 9.3 40
      vertex 102.6995351687531 16.703157234514766 40
      vertex 102.59946682629712 16.712616477896837 40
    endloop
  endfacet
  facet normal 0 0 1
    outer loop
      vertex 27.799999999999997 9.3 40
      vertex 102.9004648312469 16.703157234514766 40
      vertex 102.8 16.7 40
    endloop
  endfacet
  facet normal 0 0 1
    outer loop
      vertex 53.000533173702884 16.712616477896837 40
      vertex 77.59946682629712 16.712616477896837 40
      vertex 77.50018989666283 16.7283403988341 40
    endloop
  endfacet
  facet normal 0 0 1
    outer loop
      vertex 53.19790381946376 16.75026694219419 40
      vertex 77.50018989666283 16.7283403988341 40
      vertex 77.40209618053623 16.75026694219419 40
    endloop
  endfacet
  facet normal 0 0 1
    outer loop
      vertex 53.29442719099991 16.778309573927753 40
      vertex 77.40209618053623 16.75026694219419 40
      vertex 77.30557280900008 16.778309573927753 40
    endloop
  endfacet
  facet normal 0 0 1
    outer loop
      vertex 53.38899928429548 16.812357622578798 40
      vertex 77.30557280900008 16.778309573927753 40
      vertex 77.21100071570451 16.812357622578798 40
    endloop
  endfacet
  facet normal 0 0 1
    outer loop
      vertex 53.481246866504115 16.85227671605437 40
      vertex 77.21100071570451 16.812357622578798 40
      vertex 77.11875313349589 16.85227671605437 40
    endloop
  endfacet
  facet normal 0 0 1
    outer loop
      vertex 53.570805878562744 16.89790931192982 40
      vertex 77.11875313349589 16.85227671605437 40
      vertex 77.02919412143726 16.89790931192982 40
    endloop
  endfacet
  facet normal 0 0 1
    outer loop
      vertex 53.65732287196639 16.949075319196776 40
      vertex 77.02919412143726 16.89790931192982 40
      vertex 76.94267712803361 16.949075319196776 40
    endloop
  endfacet
  facet normal 0 0 1
    outer loop
      vertex 53.740456403667956 17.005572809000085 40
      vertex 76.94267712803361 16.949075319196776 40
      vertex 76.85954359633205 17.005572809000085 40
    endloop
  endfacet
  facet normal 0 0 1
    outer loop
      vertex 53.8198783835979 17.067178811558737 40
      vertex 76.7801216164021 17.067178811558737 40
      vertex 76.7047246305141 17.133650196125743 40
    endloop
  endfacet
  facet normal 0 0 1
    outer loop
      vertex 53.96634980387426 17.2047246305141 40
      vertex 76.7047246305141 17.133650196125743 40
      vertex 76.63365019612574 17.2047246305141 40
    endloop
  endfacet
  facet normal 0 0 1
    outer loop
      vertex 53.8198783835979 17.067178811558737 40
      vertex 76.85954359633205 17.005572809000085 40
      vertex 76.7801216164021 17.067178811558737 40
    endloop
  endfacet
  facet normal 0 0 1
    outer loop
      vertex 53.96634980387426 17.2047246305141 40
      vertex 76.63365019612574 17.2047246305141 40
      vertex 76.56717881155873 17.2801216164021 40
    endloop
  endfacet
  facet normal 0 0 1
    outer loop
      vertex 54.094427190999916 17.359543596332045 40
      vertex 76.56717881155873 17.2801216164021 40
      vertex 76.50557280900009 17.359543596332045 40
    endloop
  endfacet
  facet normal 0 0 1
    outer loop
      vertex 54.094427190999916 17.359543596332045 40
      vertex 76.50557280900009 17.359543596332045 40
      vertex 76.44907531919678 17.442677128033605 40
    endloop
  endfacet
  facet normal 0 0 1
    outer loop
      vertex 54.20209068807018 17.529194121437257 40
      vertex 76.39790931192982 17.529194121437257 40
      vertex 76.35227671605436 17.618753133495886 40
    endloop
  endfacet
  facet normal 0 0 1
    outer loop
      vertex 54.20209068807018 17.529194121437257 40
      vertex 76.44907531919678 17.442677128033605 40
      vertex 76.39790931192982 17.529194121437257 40
    endloop
  endfacet
  facet normal 0 0 1
    outer loop
      vertex 54.2876423774212 17.711000715704515 40
      vertex 76.35227671605436 17.618753133495886 40
      vertex 76.3123576225788 17.711000715704515 40
    endloop
  endfacet
  facet normal 0 0 1
    outer loop
      vertex 54.321690426072244 17.805572809000086 40
      vertex 76.3123576225788 17.711000715704515 40
      vertex 76.27830957392776 17.805572809000086 40
    endloop
  endfacet
  facet normal 0 0 1
    outer loop
      vertex 54.321690426072244 17.805572809000086 40
      vertex 76.27830957392776 17.805572809000086 40
      vertex 76.25026694219419 17.902096180536233 40
    endloop
  endfacet
  facet normal 0 0 1
    outer loop
      vertex 54.3716596011659 18.000189896662842 40
      vertex 76.25026694219419 17.902096180536233 40
      vertex 76.22834039883409 18.000189896662842 40
    endloop
  endfacet
  facet normal 0 0 1
    outer loop
      vertex 54.387383522103164 18.099466826297114 40
      vertex 76.22834039883409 18.000189896662842 40
      vertex 76.21261647789683 18.099466826297114 40
    endloop
  endfacet
  facet normal 0 0 1
    outer loop
      vertex 54.39684276548523 18.199535168753098 40
      vertex 76.21261647789683 18.099466826297114 40
      vertex 76.20315723451476 18.199535168753098 40
    endloop
  endfacet
  facet normal 0 0 1
    outer loop
      vertex 54.4 18.3 40
      vertex 76.20315723451476 18.199535168753098 40
      vertex 76.2 18.3 40
    endloop
  endfacet
  facet normal 0 0 1
    outer loop
      vertex 54.4 18.3 40
      vertex 76.2 18.3 40
      vertex 76.20315723451476 18.400464831246904 40
    endloop
  endfacet
  facet normal 0 0 1
    outer loop
      vertex 54.387383522103164 18.500533173702888 40
      vertex 76.20315723451476 18.400464831246904 40
      vertex 76.21261647789683 18.500533173702888 40
    endloop
  endfacet
  facet normal 0 0 1
    outer loop
      vertex 54.3716596011659 18.59981010333716 40
      vertex 76.21261647789683 18.500533173702888 40
      vertex 76.22834039883409 18.59981010333716 40
    endloop
  endfacet
  facet normal 0 0 1
    outer loop
      vertex 54.34973305780581 18.697903819463768 40
      vertex 76.22834039883409 18.59981010333716 40
      vertex 76.25026694219419 18.697903819463768 40
    endloop
  endfacet
  facet normal 0 0 1
    outer loop
      vertex 54.321690426072244 18.794427190999915 40
      vertex 76.25026694219419 18.697903819463768 40
      vertex 76.27830957392776 18.794427190999915 40
    endloop
  endfacet
  facet normal 0 0 1
    outer loop
      vertex 54.2876423774212 18.888999284295487 40
      vertex 76.27830957392776 18.794427190999915 40
      vertex 76.3123576225788 18.888999284295487 40
    endloop
  endfacet
  facet normal 0 0 1
    outer loop
      vertex 54.2876423774212 18.888999284295487 40
      vertex 76.3123576225788 18.888999284295487 40
      vertex 76.35227671605436 18.981246866504115 40
    endloop
  endfacet
  facet normal 0 0 1
    outer loop
      vertex 54.20209068807018 19.070805878562744 40
      vertex 76.35227671605436 18.981246866504115 40
      vertex 76.39790931192982 19.070805878562744 40
    endloop
  endfacet
  facet normal 0 0 1
    outer loop
      vertex 54.15092468080322 19.157322871966397 40
      vertex 76.39790931192982 19.070805878562744 40
      vertex 76.44907531919678 19.157322871966397 40
    endloop
  endfacet
  facet normal 0 0 1
    outer loop
      vertex 54.094427190999916 19.240456403667956 40
      vertex 76.44907531919678 19.157322871966397 40
      vertex 76.50557280900009 19.240456403667956 40
    endloop
  endfacet
  facet normal 0 0 1
    outer loop
      vertex 54.094427190999916 19.240456403667956 40
      vertex 76.50557280900009 19.240456403667956 40
      vertex 76.56717881155873 19.319878383597903 40
    endloop
  endfacet
  facet normal 0 0 1
    outer loop
      vertex 53.96634980387426 19.3952753694859 40
      vertex 76.56717881155873 19.319878383597903 40
      vertex 76.63365019612574 19.3952753694859 40
    endloop
  endfacet
  facet normal 0 0 1
    outer loop
      vertex 53.96634980387426 19.3952753694859 40
      vertex 76.63365019612574 19.3952753694859 40
      vertex 76.7047246305141 19.46634980387426 40
    endloop
  endfacet
  facet normal 0 0 1
    outer loop
      vertex 53.8198783835979 19.532821188441265 40
      vertex 76.7047246305141 19.46634980387426 40
      vertex 76.7801216164021 19.532821188441265 40
    endloop
  endfacet
  facet normal 0 0 1
    outer loop
      vertex 53.740456403667956 19.594427190999916 40
      vertex 76.7801216164021 19.532821188441265 40
      vertex 76.85954359633205 19.594427190999916 40
    endloop
  endfacet
  facet normal 0 0 1
    outer loop
      vertex 53.65732287196639 19.650924680803225 40
      vertex 76.85954359633205 19.594427190999916 40
      vertex 76.94267712803361 19.650924680803225 40
    endloop
  endfacet
  facet normal 0 0 1
    outer loop
      vertex 53.570805878562744 19.702090688070182 40
      vertex 76.94267712803361 19.650924680803225 40
      vertex 77.02919412143726 19.702090688070182 40
    endloop
  endfacet
  facet normal 0 0 1
    outer loop
      vertex 53.481246866504115 19.747723283945632 40
      vertex 77.02919412143726 19.702090688070182 40
      vertex 77.11875313349589 19.747723283945632 40
    endloop
  endfacet
  facet normal 0 0 1
    outer loop
      vertex 53.481246866504115 19.747723283945632 40
      vertex 77.11875313349589 19.747723283945632 40
      vertex 77.21100071570451 19.787642377421204 40
    endloop
  endfacet
  facet normal 0 0 1
    outer loop
      vertex 53.29442719099991 19.821690426072248 40
      vertex 77.21100071570451 19.787642377421204 40
      vertex 77.30557280900008 19.821690426072248 40
    endloop
  endfacet
  facet normal 0 0 1
    outer loop
      vertex 53.19790381946377 19.84973305780581 40
      vertex 77.30557280900008 19.821690426072248 40
      vertex 77.40209618053623 19.84973305780581 40
    endloop
  endfacet
  facet normal 0 0 1
    outer loop
      vertex 53.19790381946377 19.84973305780581 40
      vertex 77.40209618053623 19.84973305780581 40
      vertex 77.50018989666283 19.871659601165902 40
    endloop
  endfacet
  facet normal 0 0 1
    outer loop
      vertex 53.000533173702884 19.887383522103164 40
      vertex 77.50018989666283 19.871659601165902 40
      vertex 77.5994668262971 19.887383522103164 40
    endloop
  endfacet
  facet normal 0 0 1
    outer loop
      vertex 101.56717881155873 17.2801216164021 40
      vertex 78.09981010333716 16.7283403988341 40
      vertex 78.00053317370288 16.712616477896837 40
    endloop
  endfacet
  facet normal 0 0 1
    outer loop
      vertex 101.56717881155873 17.2801216164021 40
      vertex 78.19790381946376 16.75026694219419 40
      vertex 78.09981010333716 16.7283403988341 40
    endloop
  endfacet
  facet normal 0 0 1
    outer loop
      vertex 101.56717881155873 17.2801216164021 40
      vertex 78.29442719099991 16.778309573927753 40
      vertex 78.19790381946376 16.75026694219419 40
    endloop
  endfacet
  facet normal 0 0 1
    outer loop
      vertex 101.56717881155873 17.2801216164021 40
      vertex 78.38899928429548 16.812357622578798 40
      vertex 78.29442719099991 16.778309573927753 40
    endloop
  endfacet
  facet normal 0 0 1
    outer loop
      vertex 101.56717881155873 17.2801216164021 40
      vertex 78.48124686650411 16.85227671605437 40
      vertex 78.38899928429548 16.812357622578798 40
    endloop
  endfacet
  facet normal 0 0 1
    outer loop
      vertex 101.56717881155873 17.2801216164021 40
      vertex 78.57080587856274 16.89790931192982 40
      vertex 78.48124686650411 16.85227671605437 40
    endloop
  endfacet
  facet normal 0 0 1
    outer loop
      vertex 101.56717881155873 17.2801216164021 40
      vertex 78.65732287196639 16.949075319196776 40
      vertex 78.57080587856274 16.89790931192982 40
    endloop
  endfacet
  facet normal 0 0 1
    outer loop
      vertex 101.56717881155873 17.2801216164021 40
      vertex 78.74045640366795 17.005572809000085 40
      vertex 78.65732287196639 16.949075319196776 40
    endloop
  endfacet
  facet normal 0 0 1
    outer loop
      vertex 101.56717881155873 17.2801216164021 40
      vertex 78.8198783835979 17.067178811558737 40
      vertex 78.74045640366795 17.005572809000085 40
    endloop
  endfacet
  facet normal 0 0 1
    outer loop
      vertex 101.56717881155873 17.2801216164021 40
      vertex 78.8952753694859 17.133650196125743 40
      vertex 78.8198783835979 17.067178811558737 40
    endloop
  endfacet
  facet normal 0 0 1
    outer loop
      vertex 101.56717881155873 17.2801216164021 40
      vertex 78.96634980387425 17.2047246305141 40
      vertex 78.8952753694859 17.133650196125743 40
    endloop
  endfacet
  facet normal 0 0 1
    outer loop
      vertex 101.56717881155873 17.2801216164021 40
      vertex 79.03282118844126 17.2801216164021 40
      vertex 78.96634980387425 17.2047246305141 40
    endloop
  endfacet
  facet normal 0 0 1
    outer loop
      vertex 79.03282118844126 17.2801216164021 40
      vertex 101.56717881155873 17.2801216164021 40
      vertex 79.09442719099991 17.359543596332045 40
    endloop
  endfacet
  facet normal 0 0 1
    outer loop
      vertex 79.09442719099991 17.359543596332045 40
      vertex 101.50557280900009 17.359543596332045 40
      vertex 79.15092468080323 17.44267712803361 40
    endloop
  endfacet
  facet normal 0 0 1
    outer loop
      vertex 79.15092468080323 17.44267712803361 40
      vertex 101.39790931192982 17.529194121437257 40
      vertex 79.20209068807017 17.529194121437257 40
    endloop
  endfacet
  facet normal 0 0 1
    outer loop
      vertex 79.20209068807017 17.529194121437257 40
      vertex 101.39790931192982 17.529194121437257 40
      vertex 79.24772328394563 17.618753133495886 40
    endloop
  endfacet
  facet normal 0 0 1
    outer loop
      vertex 79.24772328394563 17.618753133495886 40
      vertex 101.35227671605436 17.618753133495886 40
      vertex 79.2876423774212 17.711000715704515 40
    endloop
  endfacet
  facet normal 0 0 1
    outer loop
      vertex 79.2876423774212 17.711000715704515 40
      vertex 101.3123576225788 17.711000715704515 40
      vertex 79.32169042607224 17.805572809000086 40
    endloop
  endfacet
  facet normal 0 0 1
    outer loop
      vertex 79.32169042607224 17.805572809000086 40
      vertex 101.27830957392776 17.805572809000086 40
      vertex 79.3497330578058 17.902096180536233 40
    endloop
  endfacet
  facet normal 0 0 1
    outer loop
      vertex 79.3497330578058 17.902096180536233 40
      vertex 101.25026694219419 17.902096180536233 40
      vertex 79.3716596011659 18.000189896662842 40
    endloop
  endfacet
  facet normal 0 0 1
    outer loop
      vertex 79.3716596011659 18.000189896662842 40
      vertex 101.22834039883409 18.000189896662842 40
      vertex 79.38738352210316 18.099466826297114 40
    endloop
  endfacet
  facet normal 0 0 1
    outer loop
      vertex 79.38738352210316 18.099466826297114 40
      vertex 101.21261647789683 18.099466826297114 40
      vertex 79.39684276548523 18.199535168753098 40
    endloop
  endfacet
  facet normal 0 0 1
    outer loop
      vertex 79.39684276548523 18.199535168753098 40
      vertex 101.20315723451476 18.199535168753098 40
      vertex 79.39999999999999 18.3 40
    endloop
  endfacet
  facet normal 0 0 1
    outer loop
      vertex 79.39999999999999 18.3 40
      vertex 101.2 18.3 40
      vertex 79.39684276548523 18.400464831246904 40
    endloop
  endfacet
  facet normal 0 0 1
    outer loop
      vertex 79.39684276548523 18.400464831246904 40
      vertex 101.20315723451476 18.400464831246904 40
      vertex 79.38738352210316 18.500533173702888 40
    endloop
  endfacet
  facet normal 0 0 1
    outer loop
      vertex 79.38738352210316 18.500533173702888 40
      vertex 101.21261647789683 18.500533173702888 40
      vertex 79.3716596011659 18.59981010333716 40
    endloop
  endfacet
  facet normal 0 0 1
    outer loop
      vertex 79.3716596011659 18.59981010333716 40
      vertex 101.22834039883409 18.59981010333716 40
      vertex 79.3497330578058 18.697903819463768 40
    endloop
  endfacet
  facet normal 0 0 1
    outer loop
      vertex 79.3497330578058 18.697903819463768 40
      vertex 101.25026694219419 18.697903819463768 40
      vertex 79.32169042607224 18.794427190999915 40
    endloop
  endfacet
  facet normal 0 0 1
    outer loop
      vertex 79.2876423774212 18.888999284295487 40
      vertex 79.32169042607224 18.794427190999915 40
      vertex 101.27830957392776 18.794427190999915 40
    endloop
  endfacet
  facet normal 0 0 1
    outer loop
      vertex 79.2876423774212 18.888999284295487 40
      vertex 101.3123576225788 18.888999284295487 40
      vertex 79.24772328394563 18.981246866504115 40
    endloop
  endfacet
  facet normal 0 0 1
    outer loop
      vertex 79.24772328394563 18.981246866504115 40
      vertex 101.35227671605436 18.981246866504115 40
      vertex 79.20209068807019 19.070805878562744 40
    endloop
  endfacet
  facet normal 0 0 1
    outer loop
      vertex 79.20209068807019 19.070805878562744 40
      vertex 101.44907531919678 19.157322871966397 40
      vertex 79.15092468080321 19.157322871966397 40
    endloop
  endfacet
  facet normal 0 0 1
    outer loop
      vertex 79.15092468080321 19.157322871966397 40
      vertex 101.44907531919678 19.157322871966397 40
      vertex 79.09442719099991 19.240456403667956 40
    endloop
  endfacet
  facet normal 0 0 1
    outer loop
      vertex 79.03282118844126 19.319878383597903 40
      vertex 79.09442719099991 19.240456403667956 40
      vertex 101.50557280900009 19.240456403667956 40
    endloop
  endfacet
  facet normal 0 0 1
    outer loop
      vertex 101.63365019612574 19.3952753694859 40
      vertex 78.96634980387425 19.3952753694859 40
      vertex 79.03282118844126 19.319878383597903 40
    endloop
  endfacet
  facet normal 0 0 1
    outer loop
      vertex 101.63365019612574 19.3952753694859 40
      vertex 78.38899928429548 19.787642377421204 40
      vertex 78.48124686650411 19.747723283945632 40
    endloop
  endfacet
  facet normal 0 0 1
    outer loop
      vertex 101.63365019612574 19.3952753694859 40
      vertex 78.29442719099991 19.821690426072248 40
      vertex 78.38899928429548 19.787642377421204 40
    endloop
  endfacet
  facet normal 0 0 1
    outer loop
      vertex 101.63365019612574 19.3952753694859 40
      vertex 78.8198783835979 19.532821188441265 40
      vertex 78.8952753694859 19.46634980387426 40
    endloop
  endfacet
  facet normal 0 0 1
    outer loop
      vertex 101.63365019612574 19.3952753694859 40
      vertex 78.74045640366795 19.594427190999916 40
      vertex 78.8198783835979 19.532821188441265 40
    endloop
  endfacet
  facet normal 0 0 1
    outer loop
      vertex 101.63365019612574 19.3952753694859 40
      vertex 78.8952753694859 19.46634980387426 40
      vertex 78.96634980387425 19.3952753694859 40
    endloop
  endfacet
  facet normal 0 0 1
    outer loop
      vertex 101.63365019612574 19.3952753694859 40
      vertex 78.65732287196639 19.650924680803225 40
      vertex 78.74045640366795 19.594427190999916 40
    endloop
  endfacet
  facet normal 0 0 1
    outer loop
      vertex 101.63365019612574 19.3952753694859 40
      vertex 78.57080587856274 19.702090688070182 40
      vertex 78.65732287196639 19.650924680803225 40
    endloop
  endfacet
  facet normal 0 0 1
    outer loop
      vertex 101.63365019612574 19.3952753694859 40
      vertex 78.48124686650411 19.747723283945632 40
      vertex 78.57080587856274 19.702090688070182 40
    endloop
  endfacet
  facet normal 0 0 1
    outer loop
      vertex 101.63365019612574 19.3952753694859 40
      vertex 77.8 19.900000000000002 40
      vertex 77.9004648312469 19.896842765485236 40
    endloop
  endfacet
  facet normal 0 0 1
    outer loop
      vertex 101.63365019612574 19.3952753694859 40
      vertex 77.9004648312469 19.896842765485236 40
      vertex 78.00053317370289 19.887383522103164 40
    endloop
  endfacet
  facet normal 0 0 1
    outer loop
      vertex 101.63365019612574 19.3952753694859 40
      vertex 78.00053317370289 19.887383522103164 40
      vertex 78.09981010333716 19.871659601165902 40
    endloop
  endfacet
  facet normal 0 0 1
    outer loop
      vertex 101.63365019612574 19.3952753694859 40
      vertex 78.19790381946376 19.84973305780581 40
      vertex 78.29442719099991 19.821690426072248 40
    endloop
  endfacet
  facet normal 0 0 1
    outer loop
      vertex 101.63365019612574 19.3952753694859 40
      vertex 78.09981010333716 19.871659601165902 40
      vertex 78.19790381946376 19.84973305780581 40
    endloop
  endfacet
  facet normal 0 0 1
    outer loop
      vertex 79.09442719099991 17.359543596332045 40
      vertex 101.56717881155873 17.2801216164021 40
      vertex 101.50557280900009 17.359543596332045 40
    endloop
  endfacet
  facet normal 0 0 1
    outer loop
      vertex 79.15092468080323 17.44267712803361 40
      vertex 101.50557280900009 17.359543596332045 40
      vertex 101.44907531919678 17.442677128033605 40
    endloop
  endfacet
  facet normal 0 0 1
    outer loop
      vertex 79.15092468080323 17.44267712803361 40
      vertex 101.44907531919678 17.442677128033605 40
      vertex 101.39790931192982 17.529194121437257 40
    endloop
  endfacet
  facet normal 0 0 1
    outer loop
      vertex 79.24772328394563 17.618753133495886 40
      vertex 101.39790931192982 17.529194121437257 40
      vertex 101.35227671605436 17.618753133495886 40
    endloop
  endfacet
  facet normal 0 0 1
    outer loop
      vertex 79.2876423774212 17.711000715704515 40
      vertex 101.35227671605436 17.618753133495886 40
      vertex 101.3123576225788 17.711000715704515 40
    endloop
  endfacet
  facet normal 0 0 1
    outer loop
      vertex 79.32169042607224 17.805572809000086 40
      vertex 101.3123576225788 17.711000715704515 40
      vertex 101.27830957392776 17.805572809000086 40
    endloop
  endfacet
  facet normal 0 0 1
    outer loop
      vertex 79.3497330578058 17.902096180536233 40
      vertex 101.27830957392776 17.805572809000086 40
      vertex 101.25026694219419 17.902096180536233 40
    endloop
  endfacet
  facet normal 0 0 1
    outer loop
      vertex 79.3716596011659 18.000189896662842 40
      vertex 101.25026694219419 17.902096180536233 40
      vertex 101.22834039883409 18.000189896662842 40
    endloop
  endfacet
  facet normal 0 0 1
    outer loop
      vertex 79.38738352210316 18.099466826297114 40
      vertex 101.22834039883409 18.000189896662842 40
      vertex 101.21261647789683 18.099466826297114 40
    endloop
  endfacet
  facet normal 0 0 1
    outer loop
      vertex 79.39684276548523 18.199535168753098 40
      vertex 101.21261647789683 18.099466826297114 40
      vertex 101.20315723451476 18.199535168753098 40
    endloop
  endfacet
  facet normal 0 0 1
    outer loop
      vertex 79.39999999999999 18.3 40
      vertex 101.20315723451476 18.199535168753098 40
      vertex 101.2 18.3 40
    endloop
  endfacet
  facet normal 0 0 1
    outer loop
      vertex 79.39684276548523 18.400464831246904 40
      vertex 101.2 18.3 40
      vertex 101.20315723451476 18.400464831246904 40
    endloop
  endfacet
  facet normal 0 0 1
    outer loop
      vertex 79.38738352210316 18.500533173702888 40
      vertex 101.20315723451476 18.400464831246904 40
      vertex 101.21261647789683 18.500533173702888 40
    endloop
  endfacet
  facet normal 0 0 1
    outer loop
      vertex 79.3716596011659 18.59981010333716 40
      vertex 101.21261647789683 18.500533173702888 40
      vertex 101.22834039883409 18.59981010333716 40
    endloop
  endfacet
  facet normal 0 0 1
    outer loop
      vertex 79.3497330578058 18.697903819463768 40
      vertex 101.22834039883409 18.59981010333716 40
      vertex 101.25026694219419 18.697903819463768 40
    endloop
  endfacet
  facet normal 0 0 1
    outer loop
      vertex 79.32169042607224 18.794427190999915 40
      vertex 101.25026694219419 18.697903819463768 40
      vertex 101.27830957392776 18.794427190999915 40
    endloop
  endfacet
  facet normal 0 0 1
    outer loop
      vertex 79.2876423774212 18.888999284295487 40
      vertex 101.27830957392776 18.794427190999915 40
      vertex 101.3123576225788 18.888999284295487 40
    endloop
  endfacet
  facet normal 0 0 1
    outer loop
      vertex 79.24772328394563 18.981246866504115 40
      vertex 101.3123576225788 18.888999284295487 40
      vertex 101.35227671605436 18.981246866504115 40
    endloop
  endfacet
  facet normal 0 0 1
    outer loop
      vertex 79.20209068807019 19.070805878562744 40
      vertex 101.35227671605436 18.981246866504115 40
      vertex 101.39790931192982 19.070805878562744 40
    endloop
  endfacet
  facet normal 0 0 1
    outer loop
      vertex 79.20209068807019 19.070805878562744 40
      vertex 101.39790931192982 19.070805878562744 40
      vertex 101.44907531919678 19.157322871966397 40
    endloop
  endfacet
  facet normal 0 0 1
    outer loop
      vertex 79.09442719099991 19.240456403667956 40
      vertex 101.44907531919678 19.157322871966397 40
      vertex 101.50557280900009 19.240456403667956 40
    endloop
  endfacet
  facet normal 0 0 1
    outer loop
      vertex 79.03282118844126 19.319878383597903 40
      vertex 101.50557280900009 19.240456403667956 40
      vertex 101.56717881155873 19.319878383597903 40
    endloop
  endfacet
  facet normal 0 0 1
    outer loop
      vertex 101.63365019612574 19.3952753694859 40
      vertex 79.03282118844126 19.319878383597903 40
      vertex 101.56717881155873 19.319878383597903 40
    endloop
  endfacet
  facet normal 0.029095991576514237 -0.9258494641513363 0.3767707432973836
    outer loop
      vertex 103.36511467576382 9.317759444145556 40
      vertex 115.6 5.017985611510792 28.489208633093526
      vertex 115.6 5.131888384997384 28.769105158166006
    endloop
  endfacet
  facet normal 0.08505275663863476 -0.8997641813798187 0.4280075308847658
    outer loop
      vertex 103.92799910207873 9.3709676881697 40
      vertex 115.6 5.131888384997384 28.769105158166006
      vertex 115.6 5.270115124115066 29.05968758906372
    endloop
  endfacet
  facet normal 0.13781309016100984 -0.8701176067461193 0.4731837936898083
    outer loop
      vertex 104.48643183127152 9.459414743441803 40
      vertex 115.6 5.270115124115066 29.05968758906372
      vertex 115.6 5.43362056976743 29.360350817513712
    endloop
  endfacet
  facet normal 0.187293510006296 -0.8379029973485456 0.5126789523121119
    outer loop
      vertex 105.03820898448369 9.58275154984232 40
      vertex 115.6 5.43362056976743 29.360350817513712
      vertex 115.6 5.623286457524911 29.670333536972063
    endloop
  endfacet
  facet normal 0.2335600640102637 -0.8039190133316119 0.5469587886700874
    outer loop
      vertex 105.58115294937453 9.74049135334362 40
      vertex 115.6 5.623286457524911 29.670333536972063
      vertex 115.6 5.839892222231785 29.988700288274277
    endloop
  endfacet
  facet normal 0.2767775553803949 -0.7687792348344143 0.5765177125857148
    outer loop
      vertex 106.1131209741621 9.932011627005739 40
      vertex 115.6 5.839892222231785 29.988700288274277
      vertex 115.6 6.084081774892024 30.314324034692625
    endloop
  endfacet
  facet normal 0.3171690255425574 -0.7329343732636034 0.60183969105159
    outer loop
      vertex 106.1131209741621 9.932011627005739 40
      vertex 115.6 6.084081774892024 30.314324034692625
      vertex 115.6 6.356326540229663 30.6458700417504
    endloop
  endfacet
  facet normal 0.354985858189928 -0.6966989745893201 0.6233743492407675
    outer loop
      vertex 106.63201362408564 10.156556527805824 40
      vertex 115.6 6.356326540229663 30.6458700417504
      vertex 115.6 6.656885189884106 30.98178200744683
    endloop
  endfacet
  facet normal 0.3904871129256411 -0.6602776487313352 0.6415241548256908
    outer loop
      vertex 107.13578306691544 10.413239879605229 40
      vertex 115.6 6.656885189884106 30.98178200744683
      vertex 115.6 6.985760808565449 31.32027155393473
    endloop
  endfacet
  facet normal 0.42392609416500154 -0.6237883047739071 0.6566390313660172
    outer loop
      vertex 107.62244115481096 10.701048670481864 40
      vertex 115.6 6.985760808565449 31.32027155393473
      vertex 115.6 7.342656583941938 31.65931233596064
    endloop
  endfacet
  facet normal 0.45554219293936377 -0.5872814563877448 0.6690155464823556
    outer loop
      vertex 108.09006727063226 11.018847050625475 40
      vertex 115.6 7.342656583941938 31.65931233596064
      vertex 115.6 7.726931503284746 31.99664012374005
    endloop
  endfacet
  facet normal 0.4855563437850901 -0.5507555625426925 0.6788986281753246
    outer loop
      vertex 108.5368159077382 11.3653808150179 40
      vertex 115.6 7.726931503284746 31.99664012374005
      vertex 115.6 8.137557949265442 32.32976025370532
    endloop
  endfacet
  facet normal 0.5141688082693668 -0.5141688082693905 0.6864844304175397
    outer loop
      vertex 108.96092395335819 11.739282353207296 40
      vertex 115.6 8.137557949265442 32.32976025370532
      vertex 115.6 8.573083481426139 32.65596378275805
    endloop
  endfacet
  facet normal 0 0 1
    outer loop
      vertex 102.8 9.3 40
      vertex 103.36511467576382 9.317759444145556 40
      vertex 103.92799910207873 9.3709676881697 40
    endloop
  endfacet
  facet normal 0 0 1
    outer loop
      vertex 103.92799910207873 9.3709676881697 40
      vertex 104.48643183127152 9.459414743441803 40
      vertex 105.58115294937453 9.74049135334362 40
    endloop
  endfacet
  facet normal 0 0 1
    outer loop
      vertex 104.48643183127152 9.459414743441803 40
      vertex 105.03820898448369 9.58275154984232 40
      vertex 105.58115294937453 9.74049135334362 40
    endloop
  endfacet
  facet normal 0 0 1
    outer loop
      vertex 103.92799910207873 9.3709676881697 40
      vertex 105.58115294937453 9.74049135334362 40
      vertex 107.13578306691544 10.413239879605229 40
    endloop
  endfacet
  facet normal 0.029095991576513578 -0.9258494641513375 0.3767707432973807
    outer loop
      vertex 102.8 9.3 40
      vertex 115.6 5.017985611510792 28.489208633093526
      vertex 103.36511467576382 9.317759444145556 40
    endloop
  endfacet
  facet normal 0.08505275663863654 -0.8997641813798188 0.4280075308847654
    outer loop
      vertex 103.36511467576382 9.317759444145556 40
      vertex 115.6 5.131888384997384 28.769105158166006
      vertex 103.92799910207873 9.3709676881697 40
    endloop
  endfacet
  facet normal 0.13781309016101015 -0.8701176067461194 0.47318379368980806
    outer loop
      vertex 103.92799910207873 9.3709676881697 40
      vertex 115.6 5.270115124115066 29.05968758906372
      vertex 104.48643183127152 9.459414743441803 40
    endloop
  endfacet
  facet normal 0.18729351000629696 -0.8379029973485458 0.5126789523121111
    outer loop
      vertex 104.48643183127152 9.459414743441803 40
      vertex 115.6 5.43362056976743 29.360350817513712
      vertex 105.03820898448369 9.58275154984232 40
    endloop
  endfacet
  facet normal 0.23356006401025947 -0.8039190133316151 0.5469587886700844
    outer loop
      vertex 105.03820898448369 9.58275154984232 40
      vertex 115.6 5.623286457524911 29.670333536972063
      vertex 105.58115294937453 9.74049135334362 40
    endloop
  endfacet
  facet normal 0.2767775553803946 -0.7687792348344149 0.5765177125857142
    outer loop
      vertex 105.58115294937453 9.74049135334362 40
      vertex 115.6 5.839892222231785 29.988700288274277
      vertex 106.1131209741621 9.932011627005739 40
    endloop
  endfacet
  facet normal 0.3171690255425609 -0.7329343732635997 0.6018396910515926
    outer loop
      vertex 106.1131209741621 9.932011627005739 40
      vertex 115.6 6.356326540229663 30.6458700417504
      vertex 106.63201362408564 10.156556527805824 40
    endloop
  endfacet
  facet normal 0.3549858581899263 -0.6966989745893204 0.6233743492407682
    outer loop
      vertex 106.63201362408564 10.156556527805824 40
      vertex 115.6 6.656885189884106 30.98178200744683
      vertex 107.13578306691544 10.413239879605229 40
    endloop
  endfacet
  facet normal 0.3904871129256398 -0.6602776487313375 0.6415241548256895
    outer loop
      vertex 107.13578306691544 10.413239879605229 40
      vertex 115.6 6.985760808565449 31.32027155393473
      vertex 107.62244115481096 10.701048670481864 40
    endloop
  endfacet
  facet normal 0.5415583319977139 -0.4774478943383717 0.6919234648685567
    outer loop
      vertex 109.36071764679271 12.139076046641804 40
      vertex 115.6 8.573083481426139 32.65596378275805
      vertex 115.6 9.031599425604119 32.972353503852325
    endloop
  endfacet
  facet normal 0.4239260941650024 -0.6237883047739063 0.6566390313660175
    outer loop
      vertex 107.62244115481096 10.701048670481864 40
      vertex 115.6 7.342656583941938 31.65931233596064
      vertex 108.09006727063226 11.018847050625475 40
    endloop
  endfacet
  facet normal 0 0 1
    outer loop
      vertex 103.92799910207873 9.3709676881697 40
      vertex 103.00053317370288 16.712616477896837 40
      vertex 102.9004648312469 16.703157234514766 40
    endloop
  endfacet
  facet normal 0 0 1
    outer loop
      vertex 103.92799910207873 9.3709676881697 40
      vertex 103.19790381946376 16.75026694219419 40
      vertex 103.09981010333716 16.7283403988341 40
    endloop
  endfacet
  facet normal 0 0 1
    outer loop
      vertex 103.92799910207873 9.3709676881697 40
      vertex 103.09981010333716 16.7283403988341 40
      vertex 103.00053317370288 16.712616477896837 40
    endloop
  endfacet
  facet normal 0 0 1
    outer loop
      vertex 103.92799910207873 9.3709676881697 40
      vertex 103.38899928429548 16.812357622578798 40
      vertex 103.29442719099991 16.778309573927753 40
    endloop
  endfacet
  facet normal 0 0 1
    outer loop
      vertex 103.92799910207873 9.3709676881697 40
      vertex 103.29442719099991 16.778309573927753 40
      vertex 103.19790381946376 16.75026694219419 40
    endloop
  endfacet
  facet normal 0 0 1
    outer loop
      vertex 103.92799910207873 9.3709676881697 40
      vertex 103.57080587856274 16.89790931192982 40
      vertex 103.48124686650411 16.85227671605437 40
    endloop
  endfacet
  facet normal 0 0 1
    outer loop
      vertex 103.92799910207873 9.3709676881697 40
      vertex 103.48124686650411 16.85227671605437 40
      vertex 103.38899928429548 16.812357622578798 40
    endloop
  endfacet
  facet normal 0 0 1
    outer loop
      vertex 103.92799910207873 9.3709676881697 40
      vertex 103.65732287196639 16.949075319196776 40
      vertex 103.57080587856274 16.89790931192982 40
    endloop
  endfacet
  facet normal 0 0 1
    outer loop
      vertex 103.92799910207873 9.3709676881697 40
      vertex 103.74045640366795 17.005572809000085 40
      vertex 103.65732287196639 16.949075319196776 40
    endloop
  endfacet
  facet normal 0 0 1
    outer loop
      vertex 103.92799910207873 9.3709676881697 40
      vertex 103.8198783835979 17.067178811558737 40
      vertex 103.74045640366795 17.005572809000085 40
    endloop
  endfacet
  facet normal 0 0 1
    outer loop
      vertex 103.92799910207873 9.3709676881697 40
      vertex 103.8952753694859 17.133650196125743 40
      vertex 103.8198783835979 17.067178811558737 40
    endloop
  endfacet
  facet normal 0 0 1
    outer loop
      vertex 103.92799910207873 9.3709676881697 40
      vertex 103.96634980387425 17.2047246305141 40
      vertex 103.8952753694859 17.133650196125743 40
    endloop
  endfacet
  facet normal 0 0 1
    outer loop
      vertex 103.92799910207873 9.3709676881697 40
      vertex 104.03282118844126 17.2801216164021 40
      vertex 103.96634980387425 17.2047246305141 40
    endloop
  endfacet
  facet normal 0 0 1
    outer loop
      vertex 103.92799910207873 9.3709676881697 40
      vertex 104.09442719099991 17.359543596332045 40
      vertex 104.03282118844126 17.2801216164021 40
    endloop
  endfacet
  facet normal 0 0 1
    outer loop
      vertex 103.92799910207873 9.3709676881697 40
      vertex 104.15092468080323 17.44267712803361 40
      vertex 104.09442719099991 17.359543596332045 40
    endloop
  endfacet
  facet normal 0.5678819877868623 -0.44049442262040234 0.6953234582462758
    outer loop
      vertex 109.7346191849821 12.56318409226179 40
      vertex 115.6 9.031599425604119 32.972353503852325
      vertex 115.6 9.51071911881947 33.275880661071014
    endloop
  endfacet
  facet normal 0.5932752103059356 -0.40318941657792795 0.6967516194426806
    outer loop
      vertex 110.08115294937453 13.009932729367742 40
      vertex 115.6 9.51071911881947 33.275880661071014
      vertex 115.6 10.007568714649967 33.563392728613984
    endloop
  endfacet
  facet normal 0.455542192939363 -0.5872814563877463 0.6690155464823548
    outer loop
      vertex 108.09006727063226 11.018847050625475 40
      vertex 115.6 7.726931503284746 31.99664012374005
      vertex 108.5368159077382 11.3653808150179 40
    endloop
  endfacet
  facet normal 0.4855563437850868 -0.5507555625426973 0.6788986281753232
    outer loop
      vertex 108.5368159077382 11.3653808150179 40
      vertex 115.6 8.137557949265442 32.32976025370532
      vertex 108.96092395335819 11.739282353207296 40
    endloop
  endfacet
  facet normal 0.6178516560050464 -0.36539645077080535 0.6962361416473007
    outer loop
      vertex 110.39895132951814 13.477558845189034 40
      vertex 115.6 10.007568714649967 33.563392728613984
      vertex 115.6 10.51879328841897 33.83169199322849
    endloop
  endfacet
  facet normal 0.6417025990424527 -0.32696380521884966 0.6937668516576525
    outer loop
      vertex 110.68676012039477 13.964216933084561 40
      vertex 115.6 10.51879328841897 33.83169199322849
      vertex 115.6 11.040580547855512 34.07760392668632
    endloop
  endfacet
  facet normal 0.664895611016104 -0.2877260239473851 0.6892949742997918
    outer loop
      vertex 110.94344347219418 14.467986375914348 40
      vertex 115.6 11.040580547855512 34.07760392668632
      vertex 115.6 11.56870372983655 34.29805350048483
    endloop
  endfacet
  facet normal 0 0 1
    outer loop
      vertex 105.58115294937453 9.74049135334362 40
      vertex 106.1131209741621 9.932011627005739 40
      vertex 107.13578306691544 10.413239879605229 40
    endloop
  endfacet
  facet normal 0 0 1
    outer loop
      vertex 106.1131209741621 9.932011627005739 40
      vertex 106.63201362408564 10.156556527805824 40
      vertex 107.13578306691544 10.413239879605229 40
    endloop
  endfacet
  facet normal 0 0 1
    outer loop
      vertex 103.92799910207873 9.3709676881697 40
      vertex 107.13578306691544 10.413239879605229 40
      vertex 109.36071764679271 12.139076046641804 40
    endloop
  endfacet
  facet normal 0 0 1
    outer loop
      vertex 107.13578306691544 10.413239879605229 40
      vertex 107.62244115481096 10.701048670481864 40
      vertex 108.09006727063226 11.018847050625475 40
    endloop
  endfacet
  facet normal 0 0 1
    outer loop
      vertex 107.13578306691544 10.413239879605229 40
      vertex 108.09006727063226 11.018847050625475 40
      vertex 109.36071764679271 12.139076046641804 40
    endloop
  endfacet
  facet normal 0 0 1
    outer loop
      vertex 108.09006727063226 11.018847050625475 40
      vertex 108.5368159077382 11.3653808150179 40
      vertex 109.36071764679271 12.139076046641804 40
    endloop
  endfacet
  facet normal 0 0 1
    outer loop
      vertex 108.5368159077382 11.3653808150179 40
      vertex 108.96092395335819 11.739282353207296 40
      vertex 109.36071764679271 12.139076046641804 40
    endloop
  endfacet
  facet normal 0.514168808269372 -0.5141688082693834 0.6864844304175413
    outer loop
      vertex 108.96092395335819 11.739282353207296 40
      vertex 115.6 8.573083481426139 32.65596378275805
      vertex 109.36071764679271 12.139076046641804 40
    endloop
  endfacet
  facet normal 0.5415583319977149 -0.47744789433837037 0.6919234648685568
    outer loop
      vertex 109.36071764679271 12.139076046641804 40
      vertex 115.6 9.031599425604119 32.972353503852325
      vertex 109.7346191849821 12.56318409226179 40
    endloop
  endfacet
  facet normal 0.5678819877868608 -0.44049442262040395 0.6953234582462758
    outer loop
      vertex 109.7346191849821 12.56318409226179 40
      vertex 115.6 9.51071911881947 33.275880661071014
      vertex 110.08115294937453 13.009932729367742 40
    endloop
  endfacet
  facet normal 0.5932752103059361 -0.40318941657792695 0.6967516194426808
    outer loop
      vertex 110.08115294937453 13.009932729367742 40
      vertex 115.6 10.007568714649967 33.563392728613984
      vertex 110.39895132951814 13.477558845189034 40
    endloop
  endfacet
  facet normal 0.6874722798184523 -0.24750525037388932 0.6827320232115804
    outer loop
      vertex 111.16798837299426 14.986879025837895 40
      vertex 115.6 11.56870372983655 34.29805350048483
      vertex 115.6 12.098584255694131 34.49014674902429
    endloop
  endfacet
  facet normal 0.7094447101794656 -0.20611274167352783 0.6739478770039976
    outer loop
      vertex 111.35950864665638 15.518847050625475 40
      vertex 115.6 12.098584255694131 34.49014674902429
      vertex 115.6 12.62537347423231 34.65125411922573
    endloop
  endfacet
  facet normal 0.7307905257190214 -0.16335103594852893 0.6627681695539238
    outer loop
      vertex 111.51724845015768 16.06179101551631 40
      vertex 115.6 12.62537347423231 34.65125411922573
      vertex 115.6 13.144051433187226 34.7790915529033
    endloop
  endfacet
  facet normal 0 0 1
    outer loop
      vertex 109.36071764679271 12.139076046641804 40
      vertex 109.7346191849821 12.56318409226179 40
      vertex 110.08115294937453 13.009932729367742 40
    endloop
  endfacet
  facet normal 0 0 1
    outer loop
      vertex 109.36071764679271 12.139076046641804 40
      vertex 110.08115294937453 13.009932729367742 40
      vertex 110.39895132951814 13.477558845189034 40
    endloop
  endfacet
  facet normal 0 0 1
    outer loop
      vertex 103.92799910207873 9.3709676881697 40
      vertex 109.36071764679271 12.139076046641804 40
      vertex 111.8 18.3 40
    endloop
  endfacet
  facet normal 0.6178516560050464 -0.3653964507708059 0.6962361416473004
    outer loop
      vertex 110.39895132951814 13.477558845189034 40
      vertex 115.6 10.51879328841897 33.83169199322849
      vertex 110.68676012039477 13.964216933084561 40
    endloop
  endfacet
  facet normal 0.6417025990424505 -0.32696380521885365 0.6937668516576528
    outer loop
      vertex 110.68676012039477 13.964216933084561 40
      vertex 115.6 11.040580547855512 34.07760392668632
      vertex 110.94344347219418 14.467986375914348 40
    endloop
  endfacet
  facet normal 0.6648956110161061 -0.28772602394738056 0.6892949742997916
    outer loop
      vertex 110.94344347219418 14.467986375914348 40
      vertex 115.6 11.56870372983655 34.29805350048483
      vertex 111.16798837299426 14.986879025837895 40
    endloop
  endfacet
  facet normal 0 0 1
    outer loop
      vertex 109.36071764679271 12.139076046641804 40
      vertex 110.39895132951814 13.477558845189034 40
      vertex 111.16798837299426 14.986879025837895 40
    endloop
  endfacet
  facet normal 0.6874722798184532 -0.247505250373888 0.6827320232115802
    outer loop
      vertex 111.16798837299426 14.986879025837895 40
      vertex 115.6 12.098584255694131 34.49014674902429
      vertex 111.35950864665638 15.518847050625475 40
    endloop
  endfacet
  facet normal 0.7094447101794655 -0.20611274167352842 0.6739478770039977
    outer loop
      vertex 111.35950864665638 15.518847050625475 40
      vertex 115.6 12.62537347423231 34.65125411922573
      vertex 111.51724845015768 16.06179101551631 40
    endloop
  endfacet
  facet normal 0 0 1
    outer loop
      vertex 110.39895132951814 13.477558845189034 40
      vertex 110.68676012039477 13.964216933084561 40
      vertex 111.16798837299426 14.986879025837895 40
    endloop
  endfacet
  facet normal 0 0 1
    outer loop
      vertex 110.68676012039477 13.964216933084561 40
      vertex 110.94344347219418 14.467986375914348 40
      vertex 111.16798837299426 14.986879025837895 40
    endloop
  endfacet
  facet normal 0 0 1
    outer loop
      vertex 103.92799910207873 9.3709676881697 40
      vertex 111.8 18.3 40
      vertex 104.15092468080323 17.44267712803361 40
    endloop
  endfacet
  facet normal 0.7307905257190208 -0.16335103594853 0.6627681695539243
    outer loop
      vertex 111.51724845015768 16.06179101551631 40
      vertex 115.6 13.144051433187226 34.7790915529033
      vertex 111.6405852565582 16.613568168728477 40
    endloop
  endfacet
  facet normal 0.7514460738417011 -0.11901736583948176 0.6489712356773015
    outer loop
      vertex 111.6405852565582 16.613568168728477 40
      vertex 115.6 13.64953921416002 34.87179492841214
      vertex 111.7290323118303 17.172000897921265 40
    endloop
  endfacet
  facet normal 0 0 1
    outer loop
      vertex 109.36071764679271 12.139076046641804 40
      vertex 111.16798837299426 14.986879025837895 40
      vertex 111.8 18.3 40
    endloop
  endfacet
  facet normal 0 0 1
    outer loop
      vertex 111.16798837299426 14.986879025837895 40
      vertex 111.35950864665638 15.518847050625475 40
      vertex 111.6405852565582 16.613568168728477 40
    endloop
  endfacet
  facet normal 0 0 1
    outer loop
      vertex 111.35950864665638 15.518847050625475 40
      vertex 111.51724845015768 16.06179101551631 40
      vertex 111.6405852565582 16.613568168728477 40
    endloop
  endfacet
  facet normal 0.7712975432226374 -0.0729090839547514 0.6322850348502665
    outer loop
      vertex 111.7290323118303 17.172000897921265 40
      vertex 115.6 14.136820095567007 34.927983515416194
      vertex 111.78224055585444 17.734885324236178 40
    endloop
  endfacet
  facet normal 0.790169776209982 -0.024832085606587263 0.612384758373928
    outer loop
      vertex 111.78224055585444 17.734885324236178 40
      vertex 115.6 14.601063829787236 34.9468085106383
      vertex 111.8 18.3 40
    endloop
  endfacet
  facet normal 0 0 1
    outer loop
      vertex 111.16798837299426 14.986879025837895 40
      vertex 111.6405852565582 16.613568168728477 40
      vertex 111.8 18.3 40
    endloop
  endfacet
  facet normal 0 0 1
    outer loop
      vertex 111.6405852565582 16.613568168728477 40
      vertex 111.7290323118303 17.172000897921265 40
      vertex 111.8 18.3 40
    endloop
  endfacet
  facet normal 0 0 1
    outer loop
      vertex 111.8 18.3 40
      vertex 104.20209068807017 17.529194121437257 40
      vertex 104.15092468080323 17.44267712803361 40
    endloop
  endfacet
  facet normal 0 0 1
    outer loop
      vertex 111.8 18.3 40
      vertex 104.24772328394563 17.618753133495886 40
      vertex 104.20209068807017 17.529194121437257 40
    endloop
  endfacet
  facet normal 0 0 1
    outer loop
      vertex 111.8 18.3 40
      vertex 104.2876423774212 17.711000715704515 40
      vertex 104.24772328394563 17.618753133495886 40
    endloop
  endfacet
  facet normal 0 0 1
    outer loop
      vertex 111.8 18.3 40
      vertex 104.32169042607224 17.805572809000086 40
      vertex 104.2876423774212 17.711000715704515 40
    endloop
  endfacet
  facet normal 0 0 1
    outer loop
      vertex 111.8 18.3 40
      vertex 104.3497330578058 17.902096180536233 40
      vertex 104.32169042607224 17.805572809000086 40
    endloop
  endfacet
  facet normal 0 0 1
    outer loop
      vertex 111.8 18.3 40
      vertex 104.3716596011659 18.000189896662842 40
      vertex 104.3497330578058 17.902096180536233 40
    endloop
  endfacet
  facet normal 0 0 1
    outer loop
      vertex 111.8 18.3 40
      vertex 104.38738352210316 18.099466826297114 40
      vertex 104.3716596011659 18.000189896662842 40
    endloop
  endfacet
  facet normal 0 0 1
    outer loop
      vertex 111.8 18.3 40
      vertex 104.39684276548523 18.199535168753098 40
      vertex 104.38738352210316 18.099466826297114 40
    endloop
  endfacet
  facet normal 0 0 1
    outer loop
      vertex 111.8 18.3 40
      vertex 104.39999999999999 18.3 40
      vertex 104.39684276548523 18.199535168753098 40
    endloop
  endfacet
  facet normal 0 0 1
    outer loop
      vertex 111.8 18.3 40
      vertex 104.39684276548523 18.400464831246904 40
      vertex 104.39999999999999 18.3 40
    endloop
  endfacet
  facet normal 0 0 1
    outer loop
      vertex 111.8 18.3 40
      vertex 104.38738352210316 18.500533173702888 40
      vertex 104.39684276548523 18.400464831246904 40
    endloop
  endfacet
  facet normal 0 0 1
    outer loop
      vertex 111.8 18.3 40
      vertex 104.3716596011659 18.59981010333716 40
      vertex 104.38738352210316 18.500533173702888 40
    endloop
  endfacet
  facet normal 0 0 1
    outer loop
      vertex 111.8 18.3 40
      vertex 104.3497330578058 18.697903819463768 40
      vertex 104.3716596011659 18.59981010333716 40
    endloop
  endfacet
  facet normal 0 0 1
    outer loop
      vertex 111.8 18.3 40
      vertex 104.32169042607224 18.794427190999915 40
      vertex 104.3497330578058 18.697903819463768 40
    endloop
  endfacet
  facet normal 0 0 1
    outer loop
      vertex 111.8 18.3 40
      vertex 104.2876423774212 18.888999284295487 40
      vertex 104.32169042607224 18.794427190999915 40
    endloop
  endfacet
  facet normal 0 0 1
    outer loop
      vertex 111.8 18.3 40
      vertex 104.24772328394563 18.981246866504115 40
      vertex 104.2876423774212 18.888999284295487 40
    endloop
  endfacet
  facet normal 0 0 1
    outer loop
      vertex 111.8 18.3 40
      vertex 104.20209068807019 19.070805878562744 40
      vertex 104.24772328394563 18.981246866504115 40
    endloop
  endfacet
  facet normal 0 0 1
    outer loop
      vertex 111.7290323118303 17.172000897921265 40
      vertex 111.78224055585444 17.734885324236178 40
      vertex 111.8 18.3 40
    endloop
  endfacet
  facet normal 0.7885361813932583 0.024780747821270023 0.6144888975165924
    outer loop
      vertex 111.8 18.3 40
      vertex 115.6 22.686170212765955 34.9468085106383
      vertex 111.78224055585444 18.86511467576382 40
    endloop
  endfacet
  facet normal 0 0 1
    outer loop
      vertex 111.8 18.3 40
      vertex 111.78224055585444 18.86511467576382 40
      vertex 111.6405852565582 19.986431831271524 40
    endloop
  endfacet
  facet normal 0 0 1
    outer loop
      vertex 111.78224055585444 18.86511467576382 40
      vertex 111.7290323118303 19.42799910207874 40
      vertex 111.6405852565582 19.986431831271524 40
    endloop
  endfacet
  facet normal 0 0 1
    outer loop
      vertex 111.8 18.3 40
      vertex 111.6405852565582 19.986431831271524 40
      vertex 111.16798837299426 21.6131209741621 40
    endloop
  endfacet
  facet normal 0.7514460738416996 -0.11901736583948518 0.6489712356773026
    outer loop
      vertex 111.6405852565582 16.613568168728477 40
      vertex 115.6 13.144051433187226 34.7790915529033
      vertex 115.6 13.64953921416002 34.87179492841214
    endloop
  endfacet
  facet normal 0.7712975432226399 -0.07290908395474327 0.6322850348502643
    outer loop
      vertex 111.7290323118303 17.172000897921265 40
      vertex 115.6 13.64953921416002 34.87179492841214
      vertex 115.6 14.136820095567007 34.927983515416194
    endloop
  endfacet
  facet normal 0.790169776209982 -0.024832085606586663 0.6123847583739281
    outer loop
      vertex 111.78224055585444 17.734885324236178 40
      vertex 115.6 14.136820095567007 34.927983515416194
      vertex 115.6 14.601063829787236 34.9468085106383
    endloop
  endfacet
  facet normal 0.7992320830975104 0 0.6010225264893274
    outer loop
      vertex 111.8 18.3 40
      vertex 115.6 14.601063829787236 34.9468085106383
      vertex 115.6 22.686170212765955 34.9468085106383
    endloop
  endfacet
  facet normal 0 0 -1
    outer loop
      vertex 0 40 0
      vertex 130.6 40 0
      vertex 115.89999999999999 30.3 0
    endloop
  endfacet
  facet normal 0 1 0
    outer loop
      vertex 0 40 0
      vertex 130.6 40 15
      vertex 130.6 40 0
    endloop
  endfacet
  facet normal 0 1 0
    outer loop
      vertex 0 40 0
      vertex 115.6 40 15
      vertex 130.6 40 15
    endloop
  endfacet
  facet normal 0 0 -1
    outer loop
      vertex 115.89999999999999 30.3 0
      vertex 121.13542549854262 29.62523737082855 0
      vertex 121.13542549854262 10.37476262917145 0
    endloop
  endfacet
  facet normal 0 0 -1
    outer loop
      vertex 121.41134414899597 11.071653589957993 0
      vertex 121.34738663991227 29.036492651796568 0
      vertex 121.41134414899597 28.928346410042007 0
    endloop
  endfacet
  facet normal 0 0 -1
    outer loop
      vertex 121.19788696740969 10.618033988749895 0
      vertex 121.19788696740969 29.381966011250107 0
      vertex 121.24044702822349 29.263750894630643 0
    endloop
  endfacet
  facet normal 0 0 -1
    outer loop
      vertex 121.29034589506796 10.851558583130146 0
      vertex 121.24044702822349 29.263750894630643 0
      vertex 121.29034589506796 29.148441416869854 0
    endloop
  endfacet
  facet normal 0 0 -1
    outer loop
      vertex 121.34738663991227 10.96350734820343 0
      vertex 121.29034589506796 29.148441416869854 0
      vertex 121.34738663991227 29.036492651796568 0
    endloop
  endfacet
  facet normal 0 0 -1
    outer loop
      vertex 122.028346410042 11.68865585100403 0
      vertex 121.92442949541505 28.381966011250107 0
      vertex 122.028346410042 28.31134414899597 0
    endloop
  endfacet
  facet normal 0 0 -1
    outer loop
      vertex 122.13649265179656 11.752613360087727 0
      vertex 122.028346410042 28.31134414899597 0
      vertex 122.13649265179656 28.24738663991227 0
    endloop
  endfacet
  facet normal 0 0 -1
    outer loop
      vertex 122.36375089463064 11.859552971776504 0
      vertex 122.24844141686985 28.19034589506796 0
      vertex 122.36375089463064 28.140447028223498 0
    endloop
  endfacet
  facet normal 0 0 -1
    outer loop
      vertex 122.24844141686985 11.809654104932038 0
      vertex 122.13649265179656 28.24738663991227 0
      vertex 122.24844141686985 28.19034589506796 0
    endloop
  endfacet
  facet normal 0 0 -1
    outer loop
      vertex 121.55897351444841 11.274847979497379 0
      vertex 121.4819660112501 28.824429495415053 0
      vertex 121.55897351444841 28.72515202050262 0
    endloop
  endfacet
  facet normal 0 0 -1
    outer loop
      vertex 121.64206274515718 11.369094211857377 0
      vertex 121.55897351444841 28.72515202050262 0
      vertex 121.64206274515718 28.630905788142623 0
    endloop
  endfacet
  facet normal 0 0 -1
    outer loop
      vertex 121.82515202050261 11.541026485551578 0
      vertex 121.73090578814262 28.54206274515718 0
      vertex 121.82515202050261 28.45897351444842 0
    endloop
  endfacet
  facet normal 0 0 -1
    outer loop
      vertex 121.73090578814262 11.457937254842824 0
      vertex 121.64206274515718 28.630905788142623 0
      vertex 121.73090578814262 28.54206274515718 0
    endloop
  endfacet
  facet normal 0 0 -1
    outer loop
      vertex 121.92442949541505 11.618033988749895 0
      vertex 121.82515202050261 28.45897351444842 0
      vertex 121.92442949541505 28.381966011250107 0
    endloop
  endfacet
  facet normal 0 0 -1
    outer loop
      vertex 121.4819660112501 11.175570504584947 0
      vertex 121.41134414899597 28.928346410042007 0
      vertex 121.4819660112501 28.824429495415053 0
    endloop
  endfacet
  facet normal 0 0 -1
    outer loop
      vertex 121.16283367774273 10.49737977432971 0
      vertex 121.13542549854262 29.62523737082855 0
      vertex 121.16283367774273 29.50262022567029 0
    endloop
  endfacet
  facet normal 0 0 -1
    outer loop
      vertex 121.19788696740969 10.618033988749895 0
      vertex 121.16283367774273 29.50262022567029 0
      vertex 121.19788696740969 29.381966011250107 0
    endloop
  endfacet
  facet normal 0 0 -1
    outer loop
      vertex 122.4819660112501 11.902113032590307 0
      vertex 122.36375089463064 28.140447028223498 0
      vertex 122.4819660112501 28.097886967409693 0
    endloop
  endfacet
  facet normal 0 0 -1
    outer loop
      vertex 122.60262022567028 11.937166322257262 0
      vertex 122.4819660112501 28.097886967409693 0
      vertex 122.60262022567028 28.062833677742738 0
    endloop
  endfacet
  facet normal 0 0 -1
    outer loop
      vertex 122.72523737082855 11.964574501457378 0
      vertex 122.60262022567028 28.062833677742738 0
      vertex 122.72523737082855 28.035425498542622 0
    endloop
  endfacet
  facet normal 0 0 -1
    outer loop
      vertex 122.84933353287138 11.984229402628955 0
      vertex 122.72523737082855 28.035425498542622 0
      vertex 122.84933353287138 28.015770597371045 0
    endloop
  endfacet
  facet normal 0 0 -1
    outer loop
      vertex 122.97441896094136 11.996053456856544 0
      vertex 122.84933353287138 28.015770597371045 0
      vertex 122.97441896094136 28.003946543143456 0
    endloop
  endfacet
  facet normal 0 0 -1
    outer loop
      vertex 123.1 12 0
      vertex 122.97441896094136 28.003946543143456 0
      vertex 123.1 28 0
    endloop
  endfacet
  facet normal 0 0 -1
    outer loop
      vertex 123.22558103905862 11.996053456856544 0
      vertex 123.1 28 0
      vertex 123.22558103905862 28.003946543143456 0
    endloop
  endfacet
  facet normal 0 0 -1
    outer loop
      vertex 123.3506664671286 11.984229402628955 0
      vertex 123.22558103905862 28.003946543143456 0
      vertex 123.3506664671286 28.015770597371045 0
    endloop
  endfacet
  facet normal 0 0 -1
    outer loop
      vertex 123.47476262917144 11.964574501457378 0
      vertex 123.3506664671286 28.015770597371045 0
      vertex 123.47476262917144 28.035425498542622 0
    endloop
  endfacet
  facet normal 0 0 -1
    outer loop
      vertex 123.59737977432971 11.937166322257262 0
      vertex 123.47476262917144 28.035425498542622 0
      vertex 123.59737977432971 28.062833677742738 0
    endloop
  endfacet
  facet normal 0 0 -1
    outer loop
      vertex 123.7180339887499 11.902113032590307 0
      vertex 123.59737977432971 28.062833677742738 0
      vertex 123.7180339887499 28.097886967409693 0
    endloop
  endfacet
  facet normal 0 0 -1
    outer loop
      vertex 123.83624910536935 11.859552971776504 0
      vertex 123.7180339887499 28.097886967409693 0
      vertex 123.83624910536935 28.140447028223498 0
    endloop
  endfacet
  facet normal 0 0 -1
    outer loop
      vertex 123.83624910536935 11.859552971776504 0
      vertex 123.83624910536935 28.140447028223498 0
      vertex 123.95155858313014 28.19034589506796 0
    endloop
  endfacet
  facet normal 0 0 -1
    outer loop
      vertex 124.06350734820343 11.752613360087727 0
      vertex 123.95155858313014 28.19034589506796 0
      vertex 124.06350734820343 28.24738663991227 0
    endloop
  endfacet
  facet normal 0 0 -1
    outer loop
      vertex 124.17165358995798 11.68865585100403 0
      vertex 124.06350734820343 28.24738663991227 0
      vertex 124.17165358995798 28.31134414899597 0
    endloop
  endfacet
  facet normal 0 0 -1
    outer loop
      vertex 124.27557050458493 11.618033988749895 0
      vertex 124.17165358995798 28.31134414899597 0
      vertex 124.27557050458493 28.381966011250107 0
    endloop
  endfacet
  facet normal 0 0 -1
    outer loop
      vertex 124.37484797949737 11.541026485551578 0
      vertex 124.27557050458493 28.381966011250107 0
      vertex 124.37484797949737 28.458973514448424 0
    endloop
  endfacet
  facet normal 0 0 -1
    outer loop
      vertex 124.46909421185737 11.457937254842824 0
      vertex 124.37484797949737 28.458973514448424 0
      vertex 124.46909421185737 28.54206274515718 0
    endloop
  endfacet
  facet normal 0 0 -1
    outer loop
      vertex 124.46909421185737 11.457937254842824 0
      vertex 124.46909421185737 28.54206274515718 0
      vertex 124.55793725484281 28.630905788142623 0
    endloop
  endfacet
  facet normal 0 0 -1
    outer loop
      vertex 124.64102648555158 11.27484797949738 0
      vertex 124.55793725484281 28.630905788142623 0
      vertex 124.64102648555158 28.72515202050262 0
    endloop
  endfacet
  facet normal 0 0 -1
    outer loop
      vertex 124.7180339887499 11.175570504584947 0
      vertex 124.64102648555158 28.72515202050262 0
      vertex 124.7180339887499 28.824429495415053 0
    endloop
  endfacet
  facet normal 0 0 -1
    outer loop
      vertex 124.78865585100402 11.071653589957993 0
      vertex 124.7180339887499 28.824429495415053 0
      vertex 124.78865585100402 28.928346410042007 0
    endloop
  endfacet
  facet normal 0 0 -1
    outer loop
      vertex 124.78865585100402 11.071653589957993 0
      vertex 124.78865585100402 28.928346410042007 0
      vertex 124.85261336008772 29.036492651796568 0
    endloop
  endfacet
  facet normal 0 0 -1
    outer loop
      vertex 124.90965410493203 10.851558583130146 0
      vertex 124.85261336008772 29.036492651796568 0
      vertex 124.90965410493203 29.148441416869854 0
    endloop
  endfacet
  facet normal 0 0 -1
    outer loop
      vertex 124.9595529717765 10.736249105369357 0
      vertex 124.90965410493203 29.148441416869854 0
      vertex 124.9595529717765 29.263750894630643 0
    endloop
  endfacet
  facet normal 0 0 -1
    outer loop
      vertex 125.0021130325903 10.618033988749895 0
      vertex 124.9595529717765 29.263750894630643 0
      vertex 125.0021130325903 29.381966011250107 0
    endloop
  endfacet
  facet normal 0 0 -1
    outer loop
      vertex 125.03716632225726 10.49737977432971 0
      vertex 125.0021130325903 29.381966011250107 0
      vertex 125.03716632225726 29.50262022567029 0
    endloop
  endfacet
  facet normal 0 0 -1
    outer loop
      vertex 125.06457450145737 10.37476262917145 0
      vertex 125.03716632225726 29.50262022567029 0
      vertex 125.06457450145737 29.62523737082855 0
    endloop
  endfacet
  facet normal 0 0 -1
    outer loop
      vertex 125.08422940262895 10.250666467128609 0
      vertex 125.06457450145737 29.62523737082855 0
      vertex 125.08422940262895 29.749333532871393 0
    endloop
  endfacet
  facet normal 0 0 -1
    outer loop
      vertex 125.09605345685654 10.125581039058627 0
      vertex 125.08422940262895 29.749333532871393 0
      vertex 125.09605345685654 29.874418960941373 0
    endloop
  endfacet
  facet normal 0 0 -1
    outer loop
      vertex 130.6 0 0
      vertex 125.09605345685654 29.874418960941373 0
      vertex 130.6 40 0
    endloop
  endfacet
  facet normal 0 0 -1
    outer loop
      vertex 115.89999999999999 30.3 0
      vertex 121.10394654314345 29.874418960941373 0
      vertex 121.11577059737104 29.749333532871393 0
    endloop
  endfacet
  facet normal 0 0 -1
    outer loop
      vertex 115.89999999999999 30.3 0
      vertex 121.11577059737104 29.749333532871393 0
      vertex 121.13542549854262 29.62523737082855 0
    endloop
  endfacet
  facet normal 1 0 0
    outer loop
      vertex 130.6 40 0
      vertex 130.6 40 15
      vertex 130.6 0 15
    endloop
  endfacet
  facet normal 0 0 -1
    outer loop
      vertex 115.89999999999999 30.3 0
      vertex 121.1 30 0
      vertex 121.10394654314345 29.874418960941373 0
    endloop
  endfacet
  facet normal 0 0 -1
    outer loop
      vertex 115.89999999999999 30.3 0
      vertex 121.10394654314345 30.125581039058627 0
      vertex 121.1 30 0
    endloop
  endfacet
  facet normal 0 0 -1
    outer loop
      vertex 115.89999999999999 30.3 0
      vertex 121.11577059737104 30.250666467128607 0
      vertex 121.10394654314345 30.125581039058627 0
    endloop
  endfacet
  facet normal 0 0 -1
    outer loop
      vertex 115.89999999999999 30.3 0
      vertex 121.13542549854262 30.37476262917145 0
      vertex 121.11577059737104 30.250666467128607 0
    endloop
  endfacet
  facet normal 0 0 -1
    outer loop
      vertex 115.89999999999999 30.3 0
      vertex 121.16283367774273 30.49737977432971 0
      vertex 121.13542549854262 30.37476262917145 0
    endloop
  endfacet
  facet normal 0 0 -1
    outer loop
      vertex 115.89999999999999 30.3 0
      vertex 121.19788696740969 30.618033988749893 0
      vertex 121.16283367774273 30.49737977432971 0
    endloop
  endfacet
  facet normal 0 0 -1
    outer loop
      vertex 115.89999999999999 30.3 0
      vertex 121.24044702822349 30.736249105369357 0
      vertex 121.19788696740969 30.618033988749893 0
    endloop
  endfacet
  facet normal 0 0 -1
    outer loop
      vertex 115.89999999999999 30.3 0
      vertex 121.29034589506796 30.851558583130146 0
      vertex 121.24044702822349 30.736249105369357 0
    endloop
  endfacet
  facet normal 0 0 -1
    outer loop
      vertex 115.89999999999999 30.3 0
      vertex 121.34738663991227 30.963507348203432 0
      vertex 121.29034589506796 30.851558583130146 0
    endloop
  endfacet
  facet normal 0 0 -1
    outer loop
      vertex 115.89999999999999 30.3 0
      vertex 121.41134414899597 31.071653589957993 0
      vertex 121.34738663991227 30.963507348203432 0
    endloop
  endfacet
  facet normal 0 0 -1
    outer loop
      vertex 115.89999999999999 30.3 0
      vertex 121.4819660112501 31.175570504584947 0
      vertex 121.41134414899597 31.071653589957993 0
    endloop
  endfacet
  facet normal 0 0 -1
    outer loop
      vertex 115.89999999999999 30.3 0
      vertex 121.55897351444841 31.27484797949738 0
      vertex 121.4819660112501 31.175570504584947 0
    endloop
  endfacet
  facet normal 0 0 -1
    outer loop
      vertex 115.89999999999999 30.3 0
      vertex 121.64206274515718 31.369094211857377 0
      vertex 121.55897351444841 31.27484797949738 0
    endloop
  endfacet
  facet normal 0 0 -1
    outer loop
      vertex 115.89999999999999 30.3 0
      vertex 121.73090578814262 31.45793725484282 0
      vertex 121.64206274515718 31.369094211857377 0
    endloop
  endfacet
  facet normal 0 0 -1
    outer loop
      vertex 115.89999999999999 30.3 0
      vertex 121.82515202050261 31.54102648555158 0
      vertex 121.73090578814262 31.45793725484282 0
    endloop
  endfacet
  facet normal 0 0 -1
    outer loop
      vertex 130.6 40 0
      vertex 121.82515202050261 31.54102648555158 0
      vertex 115.89999999999999 30.3 0
    endloop
  endfacet
  facet normal 0 0 -1
    outer loop
      vertex 130.6 40 0
      vertex 124.46909421185737 31.45793725484282 0
      vertex 124.37484797949737 31.54102648555158 0
    endloop
  endfacet
  facet normal 0 0 -1
    outer loop
      vertex 130.6 40 0
      vertex 121.92442949541505 31.618033988749893 0
      vertex 121.82515202050261 31.54102648555158 0
    endloop
  endfacet
  facet normal 0 0 -1
    outer loop
      vertex 130.6 40 0
      vertex 122.028346410042 31.68865585100403 0
      vertex 121.92442949541505 31.618033988749893 0
    endloop
  endfacet
  facet normal 0 0 -1
    outer loop
      vertex 130.6 40 0
      vertex 122.13649265179656 31.75261336008773 0
      vertex 122.028346410042 31.68865585100403 0
    endloop
  endfacet
  facet normal 0 0 -1
    outer loop
      vertex 130.6 40 0
      vertex 122.24844141686985 31.80965410493204 0
      vertex 122.13649265179656 31.75261336008773 0
    endloop
  endfacet
  facet normal 0 0 -1
    outer loop
      vertex 130.6 40 0
      vertex 122.36375089463064 31.859552971776502 0
      vertex 122.24844141686985 31.80965410493204 0
    endloop
  endfacet
  facet normal 0 0 -1
    outer loop
      vertex 130.6 40 0
      vertex 122.4819660112501 31.902113032590307 0
      vertex 122.36375089463064 31.859552971776502 0
    endloop
  endfacet
  facet normal 0 0 -1
    outer loop
      vertex 130.6 40 0
      vertex 122.60262022567028 31.937166322257262 0
      vertex 122.4819660112501 31.902113032590307 0
    endloop
  endfacet
  facet normal 0 0 -1
    outer loop
      vertex 130.6 40 0
      vertex 122.72523737082855 31.964574501457378 0
      vertex 122.60262022567028 31.937166322257262 0
    endloop
  endfacet
  facet normal 0 0 -1
    outer loop
      vertex 130.6 40 0
      vertex 122.84933353287138 31.984229402628955 0
      vertex 122.72523737082855 31.964574501457378 0
    endloop
  endfacet
  facet normal 0 0 -1
    outer loop
      vertex 130.6 40 0
      vertex 122.97441896094136 31.996053456856544 0
      vertex 122.84933353287138 31.984229402628955 0
    endloop
  endfacet
  facet normal 0 0 -1
    outer loop
      vertex 130.6 40 0
      vertex 123.1 32 0
      vertex 122.97441896094136 31.996053456856544 0
    endloop
  endfacet
  facet normal 0 0 -1
    outer loop
      vertex 130.6 40 0
      vertex 123.22558103905862 31.996053456856544 0
      vertex 123.1 32 0
    endloop
  endfacet
  facet normal 0 0 -1
    outer loop
      vertex 130.6 40 0
      vertex 123.3506664671286 31.984229402628955 0
      vertex 123.22558103905862 31.996053456856544 0
    endloop
  endfacet
  facet normal 0 0 -1
    outer loop
      vertex 130.6 40 0
      vertex 123.47476262917144 31.964574501457378 0
      vertex 123.3506664671286 31.984229402628955 0
    endloop
  endfacet
  facet normal 0 0 -1
    outer loop
      vertex 130.6 40 0
      vertex 123.59737977432971 31.937166322257262 0
      vertex 123.47476262917144 31.964574501457378 0
    endloop
  endfacet
  facet normal 0 0 -1
    outer loop
      vertex 130.6 40 0
      vertex 123.7180339887499 31.902113032590307 0
      vertex 123.59737977432971 31.937166322257262 0
    endloop
  endfacet
  facet normal 0 0 -1
    outer loop
      vertex 130.6 40 0
      vertex 124.06350734820343 31.75261336008773 0
      vertex 123.95155858313014 31.80965410493204 0
    endloop
  endfacet
  facet normal 0 0 -1
    outer loop
      vertex 130.6 40 0
      vertex 124.27557050458493 31.618033988749893 0
      vertex 124.17165358995798 31.68865585100403 0
    endloop
  endfacet
  facet normal 0 0 -1
    outer loop
      vertex 130.6 40 0
      vertex 124.37484797949737 31.54102648555158 0
      vertex 124.27557050458493 31.618033988749893 0
    endloop
  endfacet
  facet normal 0 0 -1
    outer loop
      vertex 130.6 40 0
      vertex 124.17165358995798 31.68865585100403 0
      vertex 124.06350734820343 31.75261336008773 0
    endloop
  endfacet
  facet normal 0 0 -1
    outer loop
      vertex 130.6 40 0
      vertex 123.95155858313014 31.80965410493204 0
      vertex 123.83624910536935 31.859552971776502 0
    endloop
  endfacet
  facet normal 0 0 -1
    outer loop
      vertex 130.6 40 0
      vertex 123.83624910536935 31.859552971776502 0
      vertex 123.7180339887499 31.902113032590307 0
    endloop
  endfacet
  facet normal 0 0 -1
    outer loop
      vertex 130.6 40 0
      vertex 125.09605345685654 29.874418960941373 0
      vertex 125.1 30 0
    endloop
  endfacet
  facet normal 0 0 -1
    outer loop
      vertex 130.6 40 0
      vertex 125.1 30 0
      vertex 125.09605345685654 30.125581039058627 0
    endloop
  endfacet
  facet normal 0 0 -1
    outer loop
      vertex 130.6 40 0
      vertex 125.09605345685654 30.125581039058627 0
      vertex 125.08422940262895 30.25066646712861 0
    endloop
  endfacet
  facet normal 0 0 -1
    outer loop
      vertex 130.6 40 0
      vertex 125.08422940262895 30.25066646712861 0
      vertex 125.06457450145737 30.37476262917145 0
    endloop
  endfacet
  facet normal 0 0 -1
    outer loop
      vertex 130.6 40 0
      vertex 125.06457450145737 30.37476262917145 0
      vertex 125.03716632225726 30.49737977432971 0
    endloop
  endfacet
  facet normal 0 0 -1
    outer loop
      vertex 130.6 40 0
      vertex 125.03716632225726 30.49737977432971 0
      vertex 125.0021130325903 30.618033988749893 0
    endloop
  endfacet
  facet normal 0 0 -1
    outer loop
      vertex 130.6 40 0
      vertex 125.0021130325903 30.618033988749893 0
      vertex 124.9595529717765 30.736249105369357 0
    endloop
  endfacet
  facet normal 0 0 -1
    outer loop
      vertex 130.6 40 0
      vertex 124.9595529717765 30.736249105369357 0
      vertex 124.90965410493203 30.851558583130146 0
    endloop
  endfacet
  facet normal 0 0 -1
    outer loop
      vertex 130.6 40 0
      vertex 124.85261336008772 30.963507348203432 0
      vertex 124.78865585100402 31.071653589957993 0
    endloop
  endfacet
  facet normal 0 0 -1
    outer loop
      vertex 130.6 40 0
      vertex 124.90965410493203 30.851558583130146 0
      vertex 124.85261336008772 30.963507348203432 0
    endloop
  endfacet
  facet normal 0 0 -1
    outer loop
      vertex 130.6 40 0
      vertex 124.78865585100402 31.071653589957993 0
      vertex 124.7180339887499 31.175570504584947 0
    endloop
  endfacet
  facet normal 0 0 -1
    outer loop
      vertex 130.6 40 0
      vertex 124.64102648555158 31.27484797949738 0
      vertex 124.55793725484281 31.369094211857377 0
    endloop
  endfacet
  facet normal 0 0 -1
    outer loop
      vertex 130.6 40 0
      vertex 124.7180339887499 31.175570504584947 0
      vertex 124.64102648555158 31.27484797949738 0
    endloop
  endfacet
  facet normal 0 0 -1
    outer loop
      vertex 130.6 40 0
      vertex 124.55793725484281 31.369094211857377 0
      vertex 124.46909421185737 31.45793725484282 0
    endloop
  endfacet
  facet normal 0 0 1
    outer loop
      vertex 27.234885324236178 27.282240555854443 40
      vertex 77.8 19.900000000000002 40
      vertex 101.63365019612574 19.3952753694859 40
    endloop
  endfacet
  facet normal 0 0 1
    outer loop
      vertex 27.234885324236178 27.282240555854443 40
      vertex 101.63365019612574 19.3952753694859 40
      vertex 101.7047246305141 19.46634980387426 40
    endloop
  endfacet
  facet normal 0 0 1
    outer loop
      vertex 27.234885324236178 27.282240555854443 40
      vertex 101.7047246305141 19.46634980387426 40
      vertex 101.7801216164021 19.532821188441265 40
    endloop
  endfacet
  facet normal 0 0 1
    outer loop
      vertex 27.234885324236178 27.282240555854443 40
      vertex 101.7801216164021 19.532821188441265 40
      vertex 101.85954359633205 19.594427190999916 40
    endloop
  endfacet
  facet normal 0 0 1
    outer loop
      vertex 27.234885324236178 27.282240555854443 40
      vertex 101.85954359633205 19.594427190999916 40
      vertex 101.94267712803361 19.650924680803225 40
    endloop
  endfacet
  facet normal 0 0 1
    outer loop
      vertex 27.234885324236178 27.282240555854443 40
      vertex 101.94267712803361 19.650924680803225 40
      vertex 102.02919412143726 19.702090688070182 40
    endloop
  endfacet
  facet normal 0 0 1
    outer loop
      vertex 27.234885324236178 27.282240555854443 40
      vertex 102.02919412143726 19.702090688070182 40
      vertex 102.11875313349589 19.747723283945632 40
    endloop
  endfacet
  facet normal 0 0 1
    outer loop
      vertex 27.234885324236178 27.282240555854443 40
      vertex 102.21100071570451 19.787642377421204 40
      vertex 102.30557280900008 19.821690426072248 40
    endloop
  endfacet
  facet normal 0 0 1
    outer loop
      vertex 27.234885324236178 27.282240555854443 40
      vertex 102.11875313349589 19.747723283945632 40
      vertex 102.21100071570451 19.787642377421204 40
    endloop
  endfacet
  facet normal 0 0 1
    outer loop
      vertex 27.234885324236178 27.282240555854443 40
      vertex 102.40209618053623 19.84973305780581 40
      vertex 102.50018989666283 19.871659601165902 40
    endloop
  endfacet
  facet normal 0 0 1
    outer loop
      vertex 27.234885324236178 27.282240555854443 40
      vertex 102.30557280900008 19.821690426072248 40
      vertex 102.40209618053623 19.84973305780581 40
    endloop
  endfacet
  facet normal 0 0 1
    outer loop
      vertex 27.234885324236178 27.282240555854443 40
      vertex 102.5994668262971 19.887383522103164 40
      vertex 102.6995351687531 19.896842765485236 40
    endloop
  endfacet
  facet normal 0 0 1
    outer loop
      vertex 27.234885324236178 27.282240555854443 40
      vertex 102.50018989666283 19.871659601165902 40
      vertex 102.5994668262971 19.887383522103164 40
    endloop
  endfacet
  facet normal 0 0 1
    outer loop
      vertex 27.234885324236178 27.282240555854443 40
      vertex 102.8 19.900000000000002 40
      vertex 102.9004648312469 19.896842765485236 40
    endloop
  endfacet
  facet normal 0 0 1
    outer loop
      vertex 27.234885324236178 27.282240555854443 40
      vertex 102.6995351687531 19.896842765485236 40
      vertex 102.8 19.900000000000002 40
    endloop
  endfacet
  facet normal 0 0 1
    outer loop
      vertex 27.234885324236178 27.282240555854443 40
      vertex 102.9004648312469 19.896842765485236 40
      vertex 103.92799910207873 27.229032311830302 40
    endloop
  endfacet
  facet normal 0 0 1
    outer loop
      vertex 27.234885324236178 27.282240555854443 40
      vertex 103.92799910207873 27.229032311830302 40
      vertex 102.8 27.3 40
    endloop
  endfacet
  facet normal 0 0.8915560111250317 0.4529104536515162
    outer loop
      vertex 115.6 40 15
      vertex 15 33.14748201438849 28.489208633093526
      vertex 115.6 33.14748201438849 28.489208633093526
    endloop
  endfacet
  facet normal 0 0.8915560111250319 0.45291045365151605
    outer loop
      vertex 102.8 27.3 40
      vertex 115.6 33.14748201438849 28.489208633093526
      vertex 15 33.14748201438849 28.489208633093526
    endloop
  endfacet
  facet normal 0 0 1
    outer loop
      vertex 103.92799910207873 27.229032311830302 40
      vertex 104.09442719099991 19.240456403667956 40
      vertex 104.15092468080321 19.157322871966397 40
    endloop
  endfacet
  facet normal 0 0 1
    outer loop
      vertex 103.92799910207873 27.229032311830302 40
      vertex 104.03282118844126 19.319878383597903 40
      vertex 104.09442719099991 19.240456403667956 40
    endloop
  endfacet
  facet normal 0 0 1
    outer loop
      vertex 103.92799910207873 27.229032311830302 40
      vertex 103.8952753694859 19.46634980387426 40
      vertex 103.96634980387425 19.3952753694859 40
    endloop
  endfacet
  facet normal 0 0 1
    outer loop
      vertex 103.92799910207873 27.229032311830302 40
      vertex 103.96634980387425 19.3952753694859 40
      vertex 104.03282118844126 19.319878383597903 40
    endloop
  endfacet
  facet normal 0 0 1
    outer loop
      vertex 103.92799910207873 27.229032311830302 40
      vertex 103.65732287196639 19.650924680803225 40
      vertex 103.74045640366795 19.594427190999916 40
    endloop
  endfacet
  facet normal 0 0 1
    outer loop
      vertex 103.92799910207873 27.229032311830302 40
      vertex 103.8198783835979 19.532821188441265 40
      vertex 103.8952753694859 19.46634980387426 40
    endloop
  endfacet
  facet normal 0 0 1
    outer loop
      vertex 103.92799910207873 27.229032311830302 40
      vertex 103.74045640366795 19.594427190999916 40
      vertex 103.8198783835979 19.532821188441265 40
    endloop
  endfacet
  facet normal 0 0 1
    outer loop
      vertex 103.92799910207873 27.229032311830302 40
      vertex 102.9004648312469 19.896842765485236 40
      vertex 103.00053317370289 19.887383522103164 40
    endloop
  endfacet
  facet normal 0 0 1
    outer loop
      vertex 103.92799910207873 27.229032311830302 40
      vertex 103.09981010333716 19.871659601165902 40
      vertex 103.19790381946376 19.84973305780581 40
    endloop
  endfacet
  facet normal 0 0 1
    outer loop
      vertex 103.92799910207873 27.229032311830302 40
      vertex 103.00053317370289 19.887383522103164 40
      vertex 103.09981010333716 19.871659601165902 40
    endloop
  endfacet
  facet normal 0 0 1
    outer loop
      vertex 103.92799910207873 27.229032311830302 40
      vertex 103.29442719099991 19.821690426072248 40
      vertex 103.38899928429548 19.787642377421204 40
    endloop
  endfacet
  facet normal 0 0 1
    outer loop
      vertex 103.92799910207873 27.229032311830302 40
      vertex 103.19790381946376 19.84973305780581 40
      vertex 103.29442719099991 19.821690426072248 40
    endloop
  endfacet
  facet normal 0 0 1
    outer loop
      vertex 103.92799910207873 27.229032311830302 40
      vertex 103.48124686650411 19.747723283945632 40
      vertex 103.57080587856274 19.702090688070182 40
    endloop
  endfacet
  facet normal 0 0 1
    outer loop
      vertex 103.92799910207873 27.229032311830302 40
      vertex 103.38899928429548 19.787642377421204 40
      vertex 103.48124686650411 19.747723283945632 40
    endloop
  endfacet
  facet normal 0 0 1
    outer loop
      vertex 103.92799910207873 27.229032311830302 40
      vertex 103.57080587856274 19.702090688070182 40
      vertex 103.65732287196639 19.650924680803225 40
    endloop
  endfacet
  facet normal 0 0 1
    outer loop
      vertex 103.92799910207873 27.229032311830302 40
      vertex 104.15092468080321 19.157322871966397 40
      vertex 104.20209068807019 19.070805878562744 40
    endloop
  endfacet
  facet normal 0 0 1
    outer loop
      vertex 111.8 18.3 40
      vertex 103.92799910207873 27.229032311830302 40
      vertex 104.20209068807019 19.070805878562744 40
    endloop
  endfacet
  facet normal 0.7664696808739963 0.07245271659770126 0.6381808773055864
    outer loop
      vertex 111.78224055585444 18.86511467576382 40
      vertex 115.6 23.152974146336387 34.927983515416194
      vertex 111.7290323118303 19.42799910207874 40
    endloop
  endfacet
  facet normal 0.7435793616867549 0.11777140103762719 0.6581942190350449
    outer loop
      vertex 111.7290323118303 19.42799910207874 40
      vertex 115.6 23.647896675575932 34.87179492841214
      vertex 111.6405852565582 19.986431831271524 40
    endloop
  endfacet
  facet normal 0 0 1
    outer loop
      vertex 111.6405852565582 19.986431831271524 40
      vertex 111.51724845015768 20.538208984483695 40
      vertex 111.16798837299426 21.6131209741621 40
    endloop
  endfacet
  facet normal 0 0 1
    outer loop
      vertex 111.51724845015768 20.538208984483695 40
      vertex 111.35950864665638 21.081152949374527 40
      vertex 111.16798837299426 21.6131209741621 40
    endloop
  endfacet
  facet normal 0.7200898167101872 0.16095914409927858 0.674953931613941
    outer loop
      vertex 111.6405852565582 19.986431831271524 40
      vertex 115.6 24.165992115617925 34.7790915529033
      vertex 111.51724845015768 20.538208984483695 40
    endloop
  endfacet
  facet normal 0.6961468502790327 0.20224935623539556 0.6888212836062414
    outer loop
      vertex 111.51724845015768 20.538208984483695 40
      vertex 115.6 24.702055965552994 34.65125411922573
      vertex 111.35950864665638 21.081152949374527 40
    endloop
  endfacet
  facet normal 0 0 1
    outer loop
      vertex 111.8 18.3 40
      vertex 111.16798837299426 21.6131209741621 40
      vertex 109.36071764679271 24.460923953358197 40
    endloop
  endfacet
  facet normal 0 0 1
    outer loop
      vertex 111.16798837299426 21.6131209741621 40
      vertex 110.94344347219418 22.132013624085655 40
      vertex 110.39895132951813 23.12244115481097 40
    endloop
  endfacet
  facet normal 0.720089816710188 0.16095914409927725 0.6749539316139406
    outer loop
      vertex 111.51724845015768 20.538208984483695 40
      vertex 115.6 24.165992115617925 34.7790915529033
      vertex 115.6 24.702055965552994 34.65125411922573
    endloop
  endfacet
  facet normal 0.696146850279034 0.20224935623539414 0.6888212836062405
    outer loop
      vertex 111.35950864665638 21.081152949374527 40
      vertex 115.6 24.702055965552994 34.65125411922573
      vertex 115.6 25.250755786438567 34.49014674902429
    endloop
  endfacet
  facet normal 0.6471861141061139 0.2800624402996688 0.7090240921447046
    outer loop
      vertex 110.94344347219418 22.132013624085655 40
      vertex 115.6 25.806760994097512 34.29805350048483
      vertex 115.6 26.36486531811515 34.07760392668632
    endloop
  endfacet
  facet normal 0.6718340897099937 0.24187515550052308 0.700096682648291
    outer loop
      vertex 111.16798837299426 21.6131209741621 40
      vertex 115.6 25.250755786438567 34.49014674902429
      vertex 115.6 25.806760994097512 34.29805350048483
    endloop
  endfacet
  facet normal 0 0 1
    outer loop
      vertex 111.8 18.3 40
      vertex 109.36071764679271 24.460923953358197 40
      vertex 103.92799910207873 27.229032311830302 40
    endloop
  endfacet
  facet normal 0 0 1
    outer loop
      vertex 110.08115294937453 23.59006727063226 40
      vertex 109.36071764679271 24.460923953358197 40
      vertex 110.39895132951813 23.12244115481097 40
    endloop
  endfacet
  facet normal 0 0 1
    outer loop
      vertex 110.08115294937453 23.59006727063226 40
      vertex 109.7346191849821 24.03681590773821 40
      vertex 109.36071764679271 24.460923953358197 40
    endloop
  endfacet
  facet normal 0 0 1
    outer loop
      vertex 108.96092395335819 24.860717646792704 40
      vertex 108.09006727063226 25.581152949374527 40
      vertex 109.36071764679271 24.460923953358197 40
    endloop
  endfacet
  facet normal 0.6718340897099944 0.24187515550052235 0.7000966826482906
    outer loop
      vertex 111.35950864665638 21.081152949374527 40
      vertex 115.6 25.250755786438567 34.49014674902429
      vertex 111.16798837299426 21.6131209741621 40
    endloop
  endfacet
  facet normal 0.6471861141061173 0.28006244029966326 0.7090240921447037
    outer loop
      vertex 111.16798837299426 21.6131209741621 40
      vertex 115.6 25.806760994097512 34.29805350048483
      vertex 110.94344347219418 22.132013624085655 40
    endloop
  endfacet
  facet normal 0.6221984666955276 0.3170259534177921 0.7157957899438041
    outer loop
      vertex 110.94344347219418 22.132013624085655 40
      vertex 115.6 26.36486531811515 34.07760392668632
      vertex 110.68676012039477 22.635783066915437 40
    endloop
  endfacet
  facet normal 0 0 1
    outer loop
      vertex 110.94344347219418 22.132013624085655 40
      vertex 110.68676012039477 22.635783066915437 40
      vertex 110.39895132951813 23.12244115481097 40
    endloop
  endfacet
  facet normal 0 0 1
    outer loop
      vertex 111.16798837299426 21.6131209741621 40
      vertex 110.39895132951813 23.12244115481097 40
      vertex 109.36071764679271 24.460923953358197 40
    endloop
  endfacet
  facet normal 0.5968350350930807 0.3529672558114944 0.7205567689018987
    outer loop
      vertex 110.68676012039477 22.635783066915437 40
      vertex 115.6 26.920096600501957 33.83169199322849
      vertex 110.39895132951813 23.12244115481097 40
    endloop
  endfacet
  facet normal 0.5710332820760946 0.3880738177617503 0.7234083927694116
    outer loop
      vertex 110.08115294937453 23.59006727063226 40
      vertex 110.39895132951813 23.12244115481097 40
      vertex 115.6 27.467809874258542 33.56339272861397
    endloop
  endfacet
  facet normal 0.4900408907392241 0.490040890739253 0.7209159804075558
    outer loop
      vertex 108.96092395335819 24.860717646792704 40
      vertex 115.6 29.02570544411877 32.65596378275805
      vertex 115.6 29.505594656230635 32.32976025370532
    endloop
  endfacet
  facet normal 0.46142848173311046 0.5233878751311732 0.7163441131266116
    outer loop
      vertex 108.5368159077382 25.2346191849821 40
      vertex 115.6 29.505594656230635 32.32976025370532
      vertex 115.6 29.961525439886607 31.99664012374005
    endloop
  endfacet
  facet normal 0.4317502640545992 0.5566090864903244 0.7097732273939265
    outer loop
      vertex 108.09006727063226 25.581152949374527 40
      vertex 115.6 29.961525439886607 31.99664012374005
      vertex 115.6 30.391676938367414 31.65931233596064
    endloop
  endfacet
  facet normal 0.4008214456407819 0.5897908468827714 0.7010627116369386
    outer loop
      vertex 107.62244115481097 25.898951329518137 40
      vertex 115.6 30.391676938367414 31.65931233596064
      vertex 115.6 30.79468226009942 31.32027155393474
    endloop
  endfacet
  facet normal 0.36843678332482577 0.6229925775967402 0.690025061104758
    outer loop
      vertex 107.13578306691544 26.186760120394773 40
      vertex 115.6 30.79468226009942 31.32027155393474
      vertex 115.6 31.16959245710313 30.98178200744683
    endloop
  endfacet
  facet normal 0.33437067724425285 0.6562394038924538 0.6764215364534873
    outer loop
      vertex 106.63201362408566 26.443443472194176 40
      vertex 115.6 31.16959245710313 30.98178200744683
      vertex 115.6 31.515835134092278 30.645870041750406
    endloop
  endfacet
  facet normal 0 0 1
    outer loop
      vertex 102.8 27.3 40
      vertex 103.92799910207873 27.229032311830302 40
      vertex 103.36511467576382 27.282240555854443 40
    endloop
  endfacet
  facet normal 0 0 1
    outer loop
      vertex 105.58115294937453 26.85950864665638 40
      vertex 106.63201362408566 26.443443472194176 40
      vertex 106.1131209741621 26.667988372994266 40
    endloop
  endfacet
  facet normal 0 0 1
    outer loop
      vertex 105.58115294937453 26.85950864665638 40
      vertex 105.03820898448369 27.01724845015768 40
      vertex 106.63201362408566 26.443443472194176 40
    endloop
  endfacet
  facet normal 0 0 1
    outer loop
      vertex 103.92799910207873 27.229032311830302 40
      vertex 105.03820898448369 27.01724845015768 40
      vertex 104.48643183127152 27.140585256558197 40
    endloop
  endfacet
  facet normal 0 0 1
    outer loop
      vertex 103.92799910207873 27.229032311830302 40
      vertex 106.63201362408566 26.443443472194176 40
      vertex 105.03820898448369 27.01724845015768 40
    endloop
  endfacet
  facet normal 0.6221984666955306 0.3170259534177872 0.7157957899438036
    outer loop
      vertex 110.68676012039477 22.635783066915437 40
      vertex 115.6 26.36486531811515 34.07760392668632
      vertex 115.6 26.920096600501957 33.83169199322849
    endloop
  endfacet
  facet normal 0.5968350350930783 0.35296725581149835 0.7205567689018988
    outer loop
      vertex 110.39895132951813 23.12244115481097 40
      vertex 115.6 26.920096600501957 33.83169199322849
      vertex 115.6 27.467809874258542 33.56339272861397
    endloop
  endfacet
  facet normal 0.5710332820760946 0.3880738177617496 0.7234083927694118
    outer loop
      vertex 110.08115294937453 23.59006727063226 40
      vertex 115.6 27.467809874258542 33.56339272861397
      vertex 115.6 28.003761111274873 33.275880661071014
    endloop
  endfacet
  facet normal 0.5447077564865539 0.42251864621642954 0.7244111081580822
    outer loop
      vertex 109.7346191849821 24.03681590773821 40
      vertex 115.6 28.003761111274873 33.275880661071014
      vertex 115.6 28.524160497871964 32.972353503852325
    endloop
  endfacet
  facet normal 0.5177522479643761 0.4564600080432146 0.7235861184302969
    outer loop
      vertex 109.36071764679271 24.460923953358197 40
      vertex 115.6 28.524160497871964 32.972353503852325
      vertex 115.6 29.02570544411877 32.65596378275805
    endloop
  endfacet
  facet normal 0.46142848173310824 0.5233878751311763 0.716344113126611
    outer loop
      vertex 108.96092395335819 24.860717646792704 40
      vertex 115.6 29.505594656230635 32.32976025370532
      vertex 108.5368159077382 25.2346191849821 40
    endloop
  endfacet
  facet normal 0.43175026405459854 0.556609086490326 0.7097732273939257
    outer loop
      vertex 108.09006727063226 25.581152949374527 40
      vertex 108.5368159077382 25.2346191849821 40
      vertex 115.6 29.961525439886607 31.99664012374005
    endloop
  endfacet
  facet normal 0.40082144564078176 0.5897908468827712 0.7010627116369388
    outer loop
      vertex 108.09006727063226 25.581152949374527 40
      vertex 115.6 30.391676938367414 31.65931233596064
      vertex 107.62244115481097 25.898951329518137 40
    endloop
  endfacet
  facet normal 0 0 1
    outer loop
      vertex 109.36071764679271 24.460923953358197 40
      vertex 108.09006727063226 25.581152949374527 40
      vertex 106.63201362408566 26.443443472194176 40
    endloop
  endfacet
  facet normal 0 0 1
    outer loop
      vertex 109.36071764679271 24.460923953358197 40
      vertex 106.63201362408566 26.443443472194176 40
      vertex 103.92799910207873 27.229032311830302 40
    endloop
  endfacet
  facet normal 0 0 1
    outer loop
      vertex 107.62244115481097 25.898951329518137 40
      vertex 107.13578306691544 26.186760120394773 40
      vertex 106.63201362408566 26.443443472194176 40
    endloop
  endfacet
  facet normal 0 0 1
    outer loop
      vertex 108.09006727063226 25.581152949374527 40
      vertex 107.62244115481097 25.898951329518137 40
      vertex 106.63201362408566 26.443443472194176 40
    endloop
  endfacet
  facet normal 0 0 1
    outer loop
      vertex 108.96092395335819 24.860717646792704 40
      vertex 108.5368159077382 25.2346191849821 40
      vertex 108.09006727063226 25.581152949374527 40
    endloop
  endfacet
  facet normal 0.5447077564865513 0.42251864621643215 0.7244111081580826
    outer loop
      vertex 110.08115294937453 23.59006727063226 40
      vertex 115.6 28.003761111274873 33.275880661071014
      vertex 109.7346191849821 24.03681590773821 40
    endloop
  endfacet
  facet normal 0.5177522479643749 0.456460008043216 0.7235861184302967
    outer loop
      vertex 109.7346191849821 24.03681590773821 40
      vertex 115.6 28.524160497871964 32.972353503852325
      vertex 109.36071764679271 24.460923953358197 40
    endloop
  endfacet
  facet normal 0.49004089073923085 0.49004089073924395 0.7209159804075572
    outer loop
      vertex 108.96092395335819 24.860717646792704 40
      vertex 109.36071764679271 24.460923953358197 40
      vertex 115.6 29.02570544411877 32.65596378275805
    endloop
  endfacet
  facet normal 0.3684367833248197 0.622992577596747 0.690025061104755
    outer loop
      vertex 107.62244115481097 25.898951329518137 40
      vertex 115.6 30.79468226009942 31.32027155393474
      vertex 107.13578306691544 26.186760120394773 40
    endloop
  endfacet
  facet normal 0.3343706772442586 0.656239403892449 0.6764215364534892
    outer loop
      vertex 107.13578306691544 26.186760120394773 40
      vertex 115.6 31.16959245710313 30.98178200744683
      vertex 106.63201362408566 26.443443472194176 40
    endloop
  endfacet
  facet normal 0.2601993948211281 0.7227316224397135 0.640277499886087
    outer loop
      vertex 105.58115294937453 26.85950864665638 40
      vertex 106.1131209741621 26.667988372994266 40
      vertex 115.6 31.833170156389784 30.314324034692625
    endloop
  endfacet
  facet normal 0.2983784048728995 0.6895118109241906 0.6599574153697703
    outer loop
      vertex 106.63201362408566 26.443443472194176 40
      vertex 115.6 31.515835134092278 30.645870041750406
      vertex 106.1131209741621 26.667988372994266 40
    endloop
  endfacet
  facet normal 0.027607525720649166 0.8784857126380676 0.4769703106215
    outer loop
      vertex 102.8 27.3 40
      vertex 103.36511467576382 27.282240555854443 40
      vertex 115.6 33.14748201438849 28.489208633093526
    endloop
  endfacet
  facet normal 0.12987413631616326 0.819993024883266 0.5574443002300071
    outer loop
      vertex 103.92799910207873 27.229032311830302 40
      vertex 104.48643183127152 27.140585256558197 40
      vertex 115.6 32.81776736377227 29.05968758906372
    endloop
  endfacet
  facet normal 0.08037725174199636 0.8503025060371371 0.5201203184161989
    outer loop
      vertex 103.36511467576382 27.282240555854443 40
      vertex 103.92799910207873 27.229032311830302 40
      vertex 115.6 32.99551331349204 28.769105158166006
    endloop
  endfacet
  facet normal 0.17620415561818942 0.7882920776741632 0.5895317598052133
    outer loop
      vertex 104.48643183127152 27.140585256558197 40
      vertex 105.03820898448369 27.01724845015768 40
      vertex 115.6 32.613371719050704 29.360350817513712
    endloop
  endfacet
  facet normal 0.21956380887075203 0.7557435871526083 0.616963016972554
    outer loop
      vertex 105.58115294937453 26.85950864665638 40
      vertex 115.6 32.38154818144689 29.670333536972063
      vertex 105.03820898448369 27.01724845015768 40
    endloop
  endfacet
  facet normal 0.7885361813932584 0.02478074782126945 0.6144888975165922
    outer loop
      vertex 111.78224055585444 18.86511467576382 40
      vertex 115.6 22.686170212765955 34.9468085106383
      vertex 115.6 23.152974146336387 34.927983515416194
    endloop
  endfacet
  facet normal 0.7664696808739999 0.07245271659769288 0.6381808773055826
    outer loop
      vertex 111.7290323118303 19.42799910207874 40
      vertex 115.6 23.152974146336387 34.927983515416194
      vertex 115.6 23.647896675575932 34.87179492841214
    endloop
  endfacet
  facet normal 0.7435793616867532 0.1177714010376307 0.6581942190350462
    outer loop
      vertex 111.6405852565582 19.986431831271524 40
      vertex 115.6 23.647896675575932 34.87179492841214
      vertex 115.6 24.165992115617925 34.7790915529033
    endloop
  endfacet
  facet normal 0.02760752572063993 0.8784857126380726 0.4769703106214914
    outer loop
      vertex 103.36511467576382 27.282240555854443 40
      vertex 115.6 32.99551331349204 28.769105158166006
      vertex 115.6 33.14748201438849 28.489208633093526
    endloop
  endfacet
  facet normal 0.12987413631616532 0.8199930248832641 0.5574443002300091
    outer loop
      vertex 104.48643183127152 27.140585256558197 40
      vertex 115.6 32.613371719050704 29.360350817513712
      vertex 115.6 32.81776736377227 29.05968758906372
    endloop
  endfacet
  facet normal 0.1762041556181886 0.7882920776741635 0.5895317598052132
    outer loop
      vertex 105.03820898448369 27.01724845015768 40
      vertex 115.6 32.38154818144689 29.670333536972063
      vertex 115.6 32.613371719050704 29.360350817513712
    endloop
  endfacet
  facet normal 0.08037725174199722 0.8503025060371354 0.5201203184162017
    outer loop
      vertex 103.92799910207873 27.229032311830302 40
      vertex 115.6 32.81776736377227 29.05968758906372
      vertex 115.6 32.99551331349204 28.769105158166006
    endloop
  endfacet
  facet normal 0.2601993948211227 0.7227316224397197 0.6402774998860821
    outer loop
      vertex 105.58115294937453 26.85950864665638 40
      vertex 115.6 31.833170156389784 30.314324034692625
      vertex 115.6 32.12164453856291 29.988700288274277
    endloop
  endfacet
  facet normal 0.29837840487290057 0.6895118109241888 0.6599574153697714
    outer loop
      vertex 106.1131209741621 26.667988372994266 40
      vertex 115.6 31.515835134092278 30.645870041750406
      vertex 115.6 31.833170156389784 30.314324034692625
    endloop
  endfacet
  facet normal 0.2195638088707586 0.7557435871526026 0.6169630169725587
    outer loop
      vertex 105.58115294937453 26.85950864665638 40
      vertex 115.6 32.12164453856291 29.988700288274277
      vertex 115.6 32.38154818144689 29.670333536972063
    endloop
  endfacet
  facet normal 0 0 1
    outer loop
      vertex 6.763750894630644 8.140447028223496 15
      vertex 0 0 15
      vertex 15 0 15
    endloop
  endfacet
  facet normal 0 0 1
    outer loop
      vertex 6.0420627451571765 8.630905788142623 15
      vertex 0 0 15
      vertex 6.130905788142623 8.542062745157176 15
    endloop
  endfacet
  facet normal 0 0 1
    outer loop
      vertex 5.958973514448421 8.725152020502621 15
      vertex 5.881966011250105 8.824429495415053 15
      vertex 0 0 15
    endloop
  endfacet
  facet normal 0 0 1
    outer loop
      vertex 6.0420627451571765 8.630905788142623 15
      vertex 5.958973514448421 8.725152020502621 15
      vertex 0 0 15
    endloop
  endfacet
  facet normal 0 0 1
    outer loop
      vertex 5.881966011250105 8.824429495415053 15
      vertex 5.81134414899597 8.928346410042007 15
      vertex 0 0 15
    endloop
  endfacet
  facet normal 0 0 1
    outer loop
      vertex 5.747386639912273 9.03649265179657 15
      vertex 5.690345895067961 9.148441416869854 15
      vertex 0 0 15
    endloop
  endfacet
  facet normal 0 0 1
    outer loop
      vertex 5.81134414899597 8.928346410042007 15
      vertex 5.747386639912273 9.03649265179657 15
      vertex 0 0 15
    endloop
  endfacet
  facet normal 0 0 1
    outer loop
      vertex 5.690345895067961 9.148441416869854 15
      vertex 5.640447028223497 9.263750894630645 15
      vertex 0 0 15
    endloop
  endfacet
  facet normal 0 0 1
    outer loop
      vertex 5.640447028223497 9.263750894630645 15
      vertex 5.597886967409693 9.381966011250105 15
      vertex 0 0 15
    endloop
  endfacet
  facet normal 0 0 1
    outer loop
      vertex 5.597886967409693 9.381966011250105 15
      vertex 5.562833677742738 9.50262022567029 15
      vertex 0 0 15
    endloop
  endfacet
  facet normal 0 0 1
    outer loop
      vertex 5.562833677742738 9.50262022567029 15
      vertex 5.535425498542622 9.62523737082855 15
      vertex 0 0 15
    endloop
  endfacet
  facet normal 0 0 1
    outer loop
      vertex 5.535425498542622 9.62523737082855 15
      vertex 5.515770597371044 9.749333532871391 15
      vertex 0 0 15
    endloop
  endfacet
  facet normal 0 0 1
    outer loop
      vertex 5.515770597371044 9.749333532871391 15
      vertex 5.503946543143456 9.874418960941373 15
      vertex 0 0 15
    endloop
  endfacet
  facet normal 0 0 1
    outer loop
      vertex 5.503946543143456 9.874418960941373 15
      vertex 5.5 10 15
      vertex 0 0 15
    endloop
  endfacet
  facet normal 0 0 1
    outer loop
      vertex 5.5 10 15
      vertex 5.503946543143456 10.125581039058627 15
      vertex 0 0 15
    endloop
  endfacet
  facet normal 0 0 1
    outer loop
      vertex 5.503946543143456 10.125581039058627 15
      vertex 5.515770597371044 10.250666467128609 15
      vertex 0 0 15
    endloop
  endfacet
  facet normal 0 0 1
    outer loop
      vertex 5.515770597371044 10.250666467128609 15
      vertex 5.535425498542622 10.37476262917145 15
      vertex 0 0 15
    endloop
  endfacet
  facet normal 0 0 1
    outer loop
      vertex 5.535425498542622 10.37476262917145 15
      vertex 5.562833677742738 10.49737977432971 15
      vertex 0 0 15
    endloop
  endfacet
  facet normal 0 0 1
    outer loop
      vertex 5.562833677742738 10.49737977432971 15
      vertex 5.597886967409693 10.618033988749895 15
      vertex 0 0 15
    endloop
  endfacet
  facet normal 0 0 1
    outer loop
      vertex 5.597886967409693 10.618033988749895 15
      vertex 5.640447028223497 10.736249105369355 15
      vertex 0 0 15
    endloop
  endfacet
  facet normal 0 0 1
    outer loop
      vertex 5.640447028223497 10.736249105369355 15
      vertex 5.690345895067961 10.851558583130146 15
      vertex 0 0 15
    endloop
  endfacet
  facet normal 0 0 1
    outer loop
      vertex 5.690345895067961 10.851558583130146 15
      vertex 5.747386639912273 10.96350734820343 15
      vertex 0 0 15
    endloop
  endfacet
  facet normal 0 0 1
    outer loop
      vertex 6.648441416869855 8.19034589506796 15
      vertex 0 0 15
      vertex 6.763750894630644 8.140447028223496 15
    endloop
  endfacet
  facet normal 0 0 1
    outer loop
      vertex 6.53649265179657 8.247386639912273 15
      vertex 6.428346410042007 8.31134414899597 15
      vertex 0 0 15
    endloop
  endfacet
  facet normal 0 0 1
    outer loop
      vertex 6.324429495415053 8.381966011250105 15
      vertex 6.2251520205026205 8.458973514448422 15
      vertex 0 0 15
    endloop
  endfacet
  facet normal 0 0 1
    outer loop
      vertex 6.324429495415053 8.381966011250105 15
      vertex 0 0 15
      vertex 6.428346410042007 8.31134414899597 15
    endloop
  endfacet
  facet normal 0 0 1
    outer loop
      vertex 6.53649265179657 8.247386639912273 15
      vertex 0 0 15
      vertex 6.648441416869855 8.19034589506796 15
    endloop
  endfacet
  facet normal 0 0 1
    outer loop
      vertex 6.2251520205026205 8.458973514448422 15
      vertex 6.130905788142623 8.542062745157176 15
      vertex 0 0 15
    endloop
  endfacet
  facet normal 0 0 1
    outer loop
      vertex 6.881966011250105 8.097886967409693 15
      vertex 15 0 15
      vertex 7.00262022567029 8.062833677742738 15
    endloop
  endfacet
  facet normal 0 0 1
    outer loop
      vertex 6.881966011250105 8.097886967409693 15
      vertex 6.763750894630644 8.140447028223496 15
      vertex 15 0 15
    endloop
  endfacet
  facet normal 0 0 1
    outer loop
      vertex 7.12523737082855 8.035425498542622 15
      vertex 15 0 15
      vertex 7.2493335328713915 8.015770597371045 15
    endloop
  endfacet
  facet normal 0 0 1
    outer loop
      vertex 7.12523737082855 8.035425498542622 15
      vertex 7.00262022567029 8.062833677742738 15
      vertex 15 0 15
    endloop
  endfacet
  facet normal 0 0 1
    outer loop
      vertex 7.2493335328713915 8.015770597371045 15
      vertex 15 0 15
      vertex 7.374418960941372 8.003946543143456 15
    endloop
  endfacet
  facet normal 0 0 1
    outer loop
      vertex 7.374418960941372 8.003946543143456 15
      vertex 15 0 15
      vertex 7.5 8 15
    endloop
  endfacet
  facet normal 0 0 1
    outer loop
      vertex 7.5 8 15
      vertex 15 0 15
      vertex 7.625581039058628 8.003946543143456 15
    endloop
  endfacet
  facet normal 0 0 1
    outer loop
      vertex 7.625581039058628 8.003946543143456 15
      vertex 15 0 15
      vertex 7.7506664671286085 8.015770597371045 15
    endloop
  endfacet
  facet normal 0 0 1
    outer loop
      vertex 7.7506664671286085 8.015770597371045 15
      vertex 15 0 15
      vertex 7.87476262917145 8.035425498542622 15
    endloop
  endfacet
  facet normal 0 0 1
    outer loop
      vertex 7.87476262917145 8.035425498542622 15
      vertex 15 0 15
      vertex 7.997379774329709 8.062833677742738 15
    endloop
  endfacet
  facet normal 0 0 1
    outer loop
      vertex 7.997379774329709 8.062833677742738 15
      vertex 15 0 15
      vertex 8.118033988749895 8.097886967409693 15
    endloop
  endfacet
  facet normal 0 0 1
    outer loop
      vertex 8.118033988749895 8.097886967409693 15
      vertex 15 0 15
      vertex 8.236249105369357 8.140447028223498 15
    endloop
  endfacet
  facet normal 0 0 1
    outer loop
      vertex 8.236249105369357 8.140447028223498 15
      vertex 15 0 15
      vertex 8.351558583130146 8.19034589506796 15
    endloop
  endfacet
  facet normal 0 0 1
    outer loop
      vertex 8.351558583130146 8.19034589506796 15
      vertex 15 0 15
      vertex 8.46350734820343 8.247386639912273 15
    endloop
  endfacet
  facet normal 0 0 1
    outer loop
      vertex 8.46350734820343 8.247386639912273 15
      vertex 15 0 15
      vertex 8.571653589957993 8.31134414899597 15
    endloop
  endfacet
  facet normal 0 0 1
    outer loop
      vertex 8.571653589957993 8.31134414899597 15
      vertex 15 0 15
      vertex 8.675570504584947 8.381966011250105 15
    endloop
  endfacet
  facet normal 0 0 1
    outer loop
      vertex 8.675570504584947 8.381966011250105 15
      vertex 15 0 15
      vertex 8.77484797949738 8.458973514448422 15
    endloop
  endfacet
  facet normal 0 0 1
    outer loop
      vertex 8.77484797949738 8.458973514448422 15
      vertex 15 0 15
      vertex 8.869094211857377 8.542062745157176 15
    endloop
  endfacet
  facet normal 0 0 1
    outer loop
      vertex 8.869094211857377 8.542062745157176 15
      vertex 15 0 15
      vertex 8.957937254842824 8.630905788142623 15
    endloop
  endfacet
  facet normal 0 0 1
    outer loop
      vertex 8.957937254842824 8.630905788142623 15
      vertex 15 0 15
      vertex 9.041026485551578 8.72515202050262 15
    endloop
  endfacet
  facet normal 0 0 1
    outer loop
      vertex 9.041026485551578 8.72515202050262 15
      vertex 15 0 15
      vertex 9.118033988749895 8.824429495415053 15
    endloop
  endfacet
  facet normal 0 0 1
    outer loop
      vertex 9.118033988749895 8.824429495415053 15
      vertex 15 0 15
      vertex 9.18865585100403 8.928346410042007 15
    endloop
  endfacet
  facet normal 0 0 1
    outer loop
      vertex 9.18865585100403 8.928346410042007 15
      vertex 15 0 15
      vertex 9.252613360087727 9.03649265179657 15
    endloop
  endfacet
  facet normal 0 0 1
    outer loop
      vertex 9.252613360087727 9.03649265179657 15
      vertex 15 0 15
      vertex 9.30965410493204 9.148441416869854 15
    endloop
  endfacet
  facet normal 0 0 1
    outer loop
      vertex 9.30965410493204 9.148441416869854 15
      vertex 15 0 15
      vertex 9.359552971776502 9.263750894630643 15
    endloop
  endfacet
  facet normal 0 0 1
    outer loop
      vertex 9.359552971776502 9.263750894630643 15
      vertex 15 0 15
      vertex 9.402113032590307 9.381966011250105 15
    endloop
  endfacet
  facet normal 0 0 1
    outer loop
      vertex 9.402113032590307 9.381966011250105 15
      vertex 15 0 15
      vertex 9.437166322257262 9.502620225670292 15
    endloop
  endfacet
  facet normal 0 0 1
    outer loop
      vertex 9.437166322257262 9.502620225670292 15
      vertex 15 0 15
      vertex 9.464574501457378 9.62523737082855 15
    endloop
  endfacet
  facet normal 0 0 1
    outer loop
      vertex 5.747386639912273 10.96350734820343 15
      vertex 15 40 15
      vertex 0 0 15
    endloop
  endfacet
  facet normal 0 0 1
    outer loop
      vertex 6.0420627451571765 28.630905788142623 15
      vertex 0 0 15
      vertex 6.130905788142623 28.54206274515718 15
    endloop
  endfacet
  facet normal 0 0 1
    outer loop
      vertex 6.0420627451571765 28.630905788142623 15
      vertex 5.958973514448421 28.72515202050262 15
      vertex 0 0 15
    endloop
  endfacet
  facet normal 0 0 1
    outer loop
      vertex 5.958973514448421 28.72515202050262 15
      vertex 5.881966011250105 28.824429495415053 15
      vertex 0 0 15
    endloop
  endfacet
  facet normal 0 0 1
    outer loop
      vertex 5.881966011250105 28.824429495415053 15
      vertex 5.81134414899597 28.928346410042007 15
      vertex 0 0 15
    endloop
  endfacet
  facet normal 0 0 1
    outer loop
      vertex 5.81134414899597 28.928346410042007 15
      vertex 5.747386639912273 29.036492651796568 15
      vertex 0 0 15
    endloop
  endfacet
  facet normal 0 0 1
    outer loop
      vertex 5.747386639912273 29.036492651796568 15
      vertex 5.690345895067961 29.148441416869854 15
      vertex 0 0 15
    endloop
  endfacet
  facet normal 0 0 1
    outer loop
      vertex 5.690345895067961 29.148441416869854 15
      vertex 5.640447028223497 29.263750894630643 15
      vertex 0 0 15
    endloop
  endfacet
  facet normal 0 0 1
    outer loop
      vertex 5.640447028223497 29.263750894630643 15
      vertex 5.597886967409693 29.381966011250107 15
      vertex 0 0 15
    endloop
  endfacet
  facet normal 0 0 1
    outer loop
      vertex 5.597886967409693 29.381966011250107 15
      vertex 5.562833677742738 29.50262022567029 15
      vertex 0 0 15
    endloop
  endfacet
  facet normal 0 0 1
    outer loop
      vertex 5.562833677742738 29.50262022567029 15
      vertex 5.535425498542622 29.62523737082855 15
      vertex 0 0 15
    endloop
  endfacet
  facet normal 0 0 1
    outer loop
      vertex 5.535425498542622 29.62523737082855 15
      vertex 5.515770597371044 29.749333532871393 15
      vertex 0 0 15
    endloop
  endfacet
  facet normal 0 0 1
    outer loop
      vertex 5.515770597371044 29.749333532871393 15
      vertex 5.503946543143456 29.874418960941373 15
      vertex 0 0 15
    endloop
  endfacet
  facet normal 0 0 1
    outer loop
      vertex 5.503946543143456 29.874418960941373 15
      vertex 5.5 30 15
      vertex 0 0 15
    endloop
  endfacet
  facet normal 0 0 1
    outer loop
      vertex 6.881966011250105 28.097886967409693 15
      vertex 6.763750894630644 28.140447028223498 15
      vertex 0 0 15
    endloop
  endfacet
  facet normal 0 0 1
    outer loop
      vertex 7.12523737082855 28.035425498542622 15
      vertex 7.00262022567029 28.062833677742738 15
      vertex 0 0 15
    endloop
  endfacet
  facet normal 0 0 1
    outer loop
      vertex 6.881966011250105 28.097886967409693 15
      vertex 0 0 15
      vertex 7.00262022567029 28.062833677742738 15
    endloop
  endfacet
  facet normal 0 0 1
    outer loop
      vertex 7.12523737082855 28.035425498542622 15
      vertex 0 0 15
      vertex 7.2493335328713915 28.015770597371045 15
    endloop
  endfacet
  facet normal 0 0 1
    outer loop
      vertex 7.374418960941372 28.003946543143456 15
      vertex 0 0 15
      vertex 7.5 28 15
    endloop
  endfacet
  facet normal 0 0 1
    outer loop
      vertex 7.5 28 15
      vertex 0 0 15
      vertex 7.625581039058628 28.003946543143456 15
    endloop
  endfacet
  facet normal 0 0 1
    outer loop
      vertex 7.2493335328713915 28.015770597371045 15
      vertex 0 0 15
      vertex 7.374418960941372 28.003946543143456 15
    endloop
  endfacet
  facet normal 0 0 1
    outer loop
      vertex 7.625581039058628 28.003946543143456 15
      vertex 0 0 15
      vertex 7.7506664671286085 28.015770597371045 15
    endloop
  endfacet
  facet normal 0 0 1
    outer loop
      vertex 7.7506664671286085 28.015770597371045 15
      vertex 0 0 15
      vertex 7.87476262917145 28.035425498542622 15
    endloop
  endfacet
  facet normal 0 0 1
    outer loop
      vertex 7.87476262917145 28.035425498542622 15
      vertex 0 0 15
      vertex 7.997379774329709 28.062833677742738 15
    endloop
  endfacet
  facet normal 0 0 1
    outer loop
      vertex 7.997379774329709 28.062833677742738 15
      vertex 0 0 15
      vertex 8.118033988749895 28.097886967409693 15
    endloop
  endfacet
  facet normal 0 0 1
    outer loop
      vertex 8.118033988749895 28.097886967409693 15
      vertex 0 0 15
      vertex 8.236249105369357 28.140447028223498 15
    endloop
  endfacet
  facet normal 0 0 1
    outer loop
      vertex 6.53649265179657 28.24738663991227 15
      vertex 6.428346410042007 28.31134414899597 15
      vertex 0 0 15
    endloop
  endfacet
  facet normal 0 0 1
    outer loop
      vertex 6.324429495415053 28.381966011250107 15
      vertex 0 0 15
      vertex 6.428346410042007 28.31134414899597 15
    endloop
  endfacet
  facet normal 0 0 1
    outer loop
      vertex 6.53649265179657 28.24738663991227 15
      vertex 0 0 15
      vertex 6.648441416869855 28.19034589506796 15
    endloop
  endfacet
  facet normal 0 0 1
    outer loop
      vertex 6.648441416869855 28.19034589506796 15
      vertex 0 0 15
      vertex 6.763750894630644 28.140447028223498 15
    endloop
  endfacet
  facet normal 0 0 1
    outer loop
      vertex 6.324429495415053 28.381966011250107 15
      vertex 6.2251520205026205 28.45897351444842 15
      vertex 0 0 15
    endloop
  endfacet
  facet normal 0 0 1
    outer loop
      vertex 6.2251520205026205 28.45897351444842 15
      vertex 6.130905788142623 28.54206274515718 15
      vertex 0 0 15
    endloop
  endfacet
  facet normal 0 0 1
    outer loop
      vertex 8.236249105369357 28.140447028223498 15
      vertex 0 0 15
      vertex 8.351558583130146 28.19034589506796 15
    endloop
  endfacet
  facet normal 0 0 1
    outer loop
      vertex 8.351558583130146 28.19034589506796 15
      vertex 0 0 15
      vertex 8.46350734820343 28.24738663991227 15
    endloop
  endfacet
  facet normal 0 0 1
    outer loop
      vertex 8.46350734820343 28.24738663991227 15
      vertex 0 0 15
      vertex 8.571653589957993 28.31134414899597 15
    endloop
  endfacet
  facet normal 0 0 1
    outer loop
      vertex 8.571653589957993 28.31134414899597 15
      vertex 0 0 15
      vertex 8.675570504584947 28.381966011250107 15
    endloop
  endfacet
  facet normal 0 0 1
    outer loop
      vertex 8.675570504584947 28.381966011250107 15
      vertex 0 0 15
      vertex 8.77484797949738 28.458973514448424 15
    endloop
  endfacet
  facet normal 0 0 1
    outer loop
      vertex 8.77484797949738 28.458973514448424 15
      vertex 0 0 15
      vertex 8.869094211857377 28.54206274515718 15
    endloop
  endfacet
  facet normal 0 0 1
    outer loop
      vertex 8.869094211857377 28.54206274515718 15
      vertex 0 0 15
      vertex 8.957937254842824 28.630905788142623 15
    endloop
  endfacet
  facet normal 0 0 1
    outer loop
      vertex 8.957937254842824 28.630905788142623 15
      vertex 0 0 15
      vertex 9.041026485551578 28.72515202050262 15
    endloop
  endfacet
  facet normal 0 0 1
    outer loop
      vertex 9.041026485551578 28.72515202050262 15
      vertex 0 0 15
      vertex 9.118033988749895 28.824429495415053 15
    endloop
  endfacet
  facet normal 0 0 1
    outer loop
      vertex 9.118033988749895 28.824429495415053 15
      vertex 0 0 15
      vertex 9.18865585100403 28.928346410042007 15
    endloop
  endfacet
  facet normal 0 0 1
    outer loop
      vertex 9.18865585100403 28.928346410042007 15
      vertex 0 0 15
      vertex 9.252613360087727 29.036492651796568 15
    endloop
  endfacet
  facet normal 0 0 1
    outer loop
      vertex 9.464574501457378 9.62523737082855 15
      vertex 15 0 15
      vertex 15 40 15
    endloop
  endfacet
  facet normal -1 0 0
    outer loop
      vertex 15 5.017985611510792 28.489208633093526
      vertex 15 40 15
      vertex 15 0 15
    endloop
  endfacet
  facet normal 0 0 1
    outer loop
      vertex 9.464574501457378 9.62523737082855 15
      vertex 15 40 15
      vertex 9.484229402628955 9.749333532871391 15
    endloop
  endfacet
  facet normal 0 0 1
    outer loop
      vertex 9.484229402628955 9.749333532871391 15
      vertex 15 40 15
      vertex 9.496053456856544 9.874418960941373 15
    endloop
  endfacet
  facet normal 0 0 1
    outer loop
      vertex 9.496053456856544 9.874418960941373 15
      vertex 15 40 15
      vertex 9.5 10 15
    endloop
  endfacet
  facet normal -1 0 0
    outer loop
      vertex 15 5.131888384997384 28.769105158166006
      vertex 15 40 15
      vertex 15 5.017985611510792 28.489208633093526
    endloop
  endfacet
  facet normal -1 0 0
    outer loop
      vertex 15 5.131888384997384 28.769105158166006
      vertex 15 5.270115124115067 29.05968758906372
      vertex 15 40 15
    endloop
  endfacet
  facet normal -1 0 0
    outer loop
      vertex 15 5.433620569767431 29.360350817513712
      vertex 15 40 15
      vertex 15 5.270115124115067 29.05968758906372
    endloop
  endfacet
  facet normal -1 0 0
    outer loop
      vertex 15 5.433620569767431 29.360350817513712
      vertex 15 5.623286457524912 29.670333536972063
      vertex 15 40 15
    endloop
  endfacet
  facet normal -1 0 0
    outer loop
      vertex 15 5.839892222231784 29.988700288274273
      vertex 15 40 15
      vertex 15 5.623286457524912 29.670333536972063
    endloop
  endfacet
  facet normal -1 0 0
    outer loop
      vertex 15 6.084081774892022 30.314324034692625
      vertex 15 40 15
      vertex 15 5.839892222231784 29.988700288274273
    endloop
  endfacet
  facet normal -1 0 0
    outer loop
      vertex 15 6.356326540229665 30.6458700417504
      vertex 15 40 15
      vertex 15 6.084081774892022 30.314324034692625
    endloop
  endfacet
  facet normal -1 0 0
    outer loop
      vertex 15 6.356326540229665 30.6458700417504
      vertex 15 6.656885189884106 30.98178200744683
      vertex 15 40 15
    endloop
  endfacet
  facet normal -1 0 0
    outer loop
      vertex 15 6.985760808565454 31.320271553934738
      vertex 15 40 15
      vertex 15 6.656885189884106 30.98178200744683
    endloop
  endfacet
  facet normal -1 0 0
    outer loop
      vertex 15 6.985760808565454 31.320271553934738
      vertex 15 7.342656583941936 31.659312335960635
      vertex 15 40 15
    endloop
  endfacet
  facet normal -1 0 0
    outer loop
      vertex 15 7.342656583941936 31.659312335960635
      vertex 15 7.726931503284743 31.99664012374005
      vertex 15 40 15
    endloop
  endfacet
  facet normal -1 0 0
    outer loop
      vertex 15 7.726931503284743 31.99664012374005
      vertex 15 8.137557949265442 32.329760253705324
      vertex 15 40 15
    endloop
  endfacet
  facet normal -1 0 0
    outer loop
      vertex 15 8.573083481426135 32.65596378275804
      vertex 15 40 15
      vertex 15 8.137557949265442 32.329760253705324
    endloop
  endfacet
  facet normal -1 0 0
    outer loop
      vertex 15 8.573083481426135 32.65596378275804
      vertex 15 9.031599425604124 32.97235350385233
      vertex 15 40 15
    endloop
  endfacet
  facet normal -1 0 0
    outer loop
      vertex 15 9.031599425604124 32.97235350385233
      vertex 15 9.51071911881947 33.275880661071014
      vertex 15 40 15
    endloop
  endfacet
  facet normal -1 0 0
    outer loop
      vertex 15 9.51071911881947 33.275880661071014
      vertex 15 10.007568714649961 33.56339272861398
      vertex 15 40 15
    endloop
  endfacet
  facet normal -1 0 0
    outer loop
      vertex 15 10.51879328841897 33.83169199322849
      vertex 15 33.14748201438849 28.489208633093526
      vertex 15 10.007568714649961 33.56339272861398
    endloop
  endfacet
  facet normal -1 0 0
    outer loop
      vertex 15 10.51879328841897 33.83169199322849
      vertex 15 11.040580547855512 34.07760392668632
      vertex 15 33.14748201438849 28.489208633093526
    endloop
  endfacet
  facet normal -1 0 0
    outer loop
      vertex 15 11.040580547855512 34.07760392668632
      vertex 15 11.568703729836553 34.29805350048483
      vertex 15 33.14748201438849 28.489208633093526
    endloop
  endfacet
  facet normal -1 0 0
    outer loop
      vertex 15 11.568703729836553 34.29805350048483
      vertex 15 12.098584255694131 34.49014674902429
      vertex 15 33.14748201438849 28.489208633093526
    endloop
  endfacet
  facet normal -1 0 0
    outer loop
      vertex 15 12.098584255694131 34.49014674902429
      vertex 15 12.625373474232305 34.651254119225726
      vertex 15 33.14748201438849 28.489208633093526
    endloop
  endfacet
  facet normal -1 0 0
    outer loop
      vertex 15 12.625373474232305 34.651254119225726
      vertex 15 13.144051433187226 34.7790915529033
      vertex 15 33.14748201438849 28.489208633093526
    endloop
  endfacet
  facet normal -1 0 0
    outer loop
      vertex 15 13.144051433187226 34.7790915529033
      vertex 15 13.649539214160022 34.87179492841214
      vertex 15 33.14748201438849 28.489208633093526
    endloop
  endfacet
  facet normal 0 0 1
    outer loop
      vertex 5.5 30 15
      vertex 0 40 15
      vertex 0 0 15
    endloop
  endfacet
  facet normal 0 0 1
    outer loop
      vertex 9.252613360087727 29.036492651796568 15
      vertex 0 0 15
      vertex 15 40 15
    endloop
  endfacet
  facet normal 0 0 1
    outer loop
      vertex 5.747386639912273 10.96350734820343 15
      vertex 5.81134414899597 11.071653589957993 15
      vertex 15 40 15
    endloop
  endfacet
  facet normal 0 0 1
    outer loop
      vertex 5.81134414899597 11.071653589957993 15
      vertex 5.881966011250105 11.175570504584947 15
      vertex 15 40 15
    endloop
  endfacet
  facet normal 0 0 1
    outer loop
      vertex 5.881966011250105 11.175570504584947 15
      vertex 5.958973514448421 11.274847979497379 15
      vertex 15 40 15
    endloop
  endfacet
  facet normal 0 0 1
    outer loop
      vertex 5.958973514448421 11.274847979497379 15
      vertex 6.0420627451571765 11.369094211857377 15
      vertex 15 40 15
    endloop
  endfacet
  facet normal 0 0 1
    outer loop
      vertex 6.0420627451571765 11.369094211857377 15
      vertex 6.130905788142623 11.457937254842824 15
      vertex 15 40 15
    endloop
  endfacet
  facet normal 0 0 1
    outer loop
      vertex 6.130905788142623 11.457937254842824 15
      vertex 6.2251520205026205 11.541026485551578 15
      vertex 15 40 15
    endloop
  endfacet
  facet normal 0 0 1
    outer loop
      vertex 6.2251520205026205 11.541026485551578 15
      vertex 6.324429495415053 11.618033988749895 15
      vertex 15 40 15
    endloop
  endfacet
  facet normal 0 0 1
    outer loop
      vertex 6.324429495415053 11.618033988749895 15
      vertex 6.428346410042007 11.68865585100403 15
      vertex 15 40 15
    endloop
  endfacet
  facet normal 0 0 1
    outer loop
      vertex 6.428346410042007 11.68865585100403 15
      vertex 6.53649265179657 11.752613360087727 15
      vertex 15 40 15
    endloop
  endfacet
  facet normal 0 0 1
    outer loop
      vertex 6.53649265179657 11.752613360087727 15
      vertex 6.648441416869854 11.809654104932038 15
      vertex 15 40 15
    endloop
  endfacet
  facet normal 0 0 1
    outer loop
      vertex 6.648441416869854 11.809654104932038 15
      vertex 6.763750894630644 11.859552971776504 15
      vertex 15 40 15
    endloop
  endfacet
  facet normal 0 0 1
    outer loop
      vertex 9.359552971776502 10.736249105369357 15
      vertex 15 40 15
      vertex 9.30965410493204 10.851558583130146 15
    endloop
  endfacet
  facet normal 0 0 1
    outer loop
      vertex 9.30965410493204 10.851558583130146 15
      vertex 15 40 15
      vertex 9.252613360087727 10.96350734820343 15
    endloop
  endfacet
  facet normal 0 0 1
    outer loop
      vertex 9.5 10 15
      vertex 15 40 15
      vertex 9.496053456856544 10.125581039058627 15
    endloop
  endfacet
  facet normal 0 0 1
    outer loop
      vertex 9.496053456856544 10.125581039058627 15
      vertex 15 40 15
      vertex 9.484229402628955 10.250666467128609 15
    endloop
  endfacet
  facet normal 0 0 1
    outer loop
      vertex 9.484229402628955 10.250666467128609 15
      vertex 15 40 15
      vertex 9.464574501457378 10.37476262917145 15
    endloop
  endfacet
  facet normal 0 0 1
    outer loop
      vertex 9.464574501457378 10.37476262917145 15
      vertex 15 40 15
      vertex 9.437166322257262 10.49737977432971 15
    endloop
  endfacet
  facet normal 0 0 1
    outer loop
      vertex 9.437166322257262 10.49737977432971 15
      vertex 15 40 15
      vertex 9.402113032590307 10.618033988749895 15
    endloop
  endfacet
  facet normal 0 0 1
    outer loop
      vertex 9.402113032590307 10.618033988749895 15
      vertex 15 40 15
      vertex 9.359552971776502 10.736249105369357 15
    endloop
  endfacet
  facet normal 0 0 1
    outer loop
      vertex 9.252613360087727 10.96350734820343 15
      vertex 15 40 15
      vertex 9.18865585100403 11.071653589957993 15
    endloop
  endfacet
  facet normal 0 0 1
    outer loop
      vertex 9.118033988749895 11.175570504584947 15
      vertex 9.18865585100403 11.071653589957993 15
      vertex 15 40 15
    endloop
  endfacet
  facet normal 0 0 1
    outer loop
      vertex 9.118033988749895 11.175570504584947 15
      vertex 15 40 15
      vertex 9.041026485551578 11.27484797949738 15
    endloop
  endfacet
  facet normal 0 0 1
    outer loop
      vertex 9.041026485551578 11.27484797949738 15
      vertex 15 40 15
      vertex 8.957937254842824 11.369094211857377 15
    endloop
  endfacet
  facet normal 0 0 1
    outer loop
      vertex 8.571653589957993 11.68865585100403 15
      vertex 15 40 15
      vertex 8.46350734820343 11.752613360087727 15
    endloop
  endfacet
  facet normal 0 0 1
    outer loop
      vertex 8.236249105369355 11.859552971776504 15
      vertex 8.351558583130146 11.809654104932038 15
      vertex 15 40 15
    endloop
  endfacet
  facet normal 0 0 1
    outer loop
      vertex 8.351558583130146 11.809654104932038 15
      vertex 8.46350734820343 11.752613360087727 15
      vertex 15 40 15
    endloop
  endfacet
  facet normal 0 0 1
    outer loop
      vertex 8.957937254842824 11.369094211857377 15
      vertex 15 40 15
      vertex 8.869094211857377 11.457937254842824 15
    endloop
  endfacet
  facet normal 0 0 1
    outer loop
      vertex 8.869094211857377 11.457937254842824 15
      vertex 15 40 15
      vertex 8.77484797949738 11.541026485551578 15
    endloop
  endfacet
  facet normal 0 0 1
    outer loop
      vertex 8.77484797949738 11.541026485551578 15
      vertex 15 40 15
      vertex 8.675570504584947 11.618033988749895 15
    endloop
  endfacet
  facet normal 0 0 1
    outer loop
      vertex 8.571653589957993 11.68865585100403 15
      vertex 8.675570504584947 11.618033988749895 15
      vertex 15 40 15
    endloop
  endfacet
  facet normal 0 0 1
    outer loop
      vertex 6.763750894630644 11.859552971776504 15
      vertex 6.881966011250105 11.902113032590307 15
      vertex 15 40 15
    endloop
  endfacet
  facet normal 0 0 1
    outer loop
      vertex 6.881966011250105 11.902113032590307 15
      vertex 7.00262022567029 11.937166322257262 15
      vertex 15 40 15
    endloop
  endfacet
  facet normal 0 0 1
    outer loop
      vertex 7.125237370828551 11.964574501457378 15
      vertex 7.2493335328713915 11.984229402628955 15
      vertex 15 40 15
    endloop
  endfacet
  facet normal 0 0 1
    outer loop
      vertex 7.00262022567029 11.937166322257262 15
      vertex 7.125237370828551 11.964574501457378 15
      vertex 15 40 15
    endloop
  endfacet
  facet normal 0 0 1
    outer loop
      vertex 7.2493335328713915 11.984229402628955 15
      vertex 7.374418960941373 11.996053456856544 15
      vertex 15 40 15
    endloop
  endfacet
  facet normal 0 0 1
    outer loop
      vertex 7.625581039058627 11.996053456856544 15
      vertex 7.7506664671286085 11.984229402628955 15
      vertex 15 40 15
    endloop
  endfacet
  facet normal 0 0 1
    outer loop
      vertex 7.5 12 15
      vertex 7.625581039058627 11.996053456856544 15
      vertex 15 40 15
    endloop
  endfacet
  facet normal 0 0 1
    outer loop
      vertex 7.374418960941373 11.996053456856544 15
      vertex 7.5 12 15
      vertex 15 40 15
    endloop
  endfacet
  facet normal 0 0 1
    outer loop
      vertex 7.874762629171449 11.964574501457378 15
      vertex 7.99737977432971 11.937166322257262 15
      vertex 15 40 15
    endloop
  endfacet
  facet normal 0 0 1
    outer loop
      vertex 7.7506664671286085 11.984229402628955 15
      vertex 7.874762629171449 11.964574501457378 15
      vertex 15 40 15
    endloop
  endfacet
  facet normal 0 0 1
    outer loop
      vertex 8.118033988749895 11.902113032590307 15
      vertex 8.236249105369355 11.859552971776504 15
      vertex 15 40 15
    endloop
  endfacet
  facet normal 0 0 1
    outer loop
      vertex 7.99737977432971 11.937166322257262 15
      vertex 8.118033988749895 11.902113032590307 15
      vertex 15 40 15
    endloop
  endfacet
  facet normal 0 0 1
    outer loop
      vertex 5.5 30 15
      vertex 5.503946543143456 30.125581039058627 15
      vertex 0 40 15
    endloop
  endfacet
  facet normal 0 0 1
    outer loop
      vertex 5.503946543143456 30.125581039058627 15
      vertex 5.515770597371044 30.250666467128607 15
      vertex 0 40 15
    endloop
  endfacet
  facet normal 0 0 1
    outer loop
      vertex 5.515770597371044 30.250666467128607 15
      vertex 5.535425498542622 30.37476262917145 15
      vertex 0 40 15
    endloop
  endfacet
  facet normal 0 0 1
    outer loop
      vertex 5.535425498542622 30.37476262917145 15
      vertex 5.562833677742738 30.49737977432971 15
      vertex 0 40 15
    endloop
  endfacet
  facet normal 0 0 1
    outer loop
      vertex 5.562833677742738 30.49737977432971 15
      vertex 5.597886967409693 30.618033988749893 15
      vertex 0 40 15
    endloop
  endfacet
  facet normal 0 0 1
    outer loop
      vertex 5.597886967409693 30.618033988749893 15
      vertex 5.640447028223497 30.736249105369357 15
      vertex 0 40 15
    endloop
  endfacet
  facet normal 0 0 1
    outer loop
      vertex 5.640447028223497 30.736249105369357 15
      vertex 5.690345895067961 30.851558583130146 15
      vertex 0 40 15
    endloop
  endfacet
  facet normal 0 0 1
    outer loop
      vertex 5.690345895067961 30.851558583130146 15
      vertex 5.747386639912273 30.963507348203432 15
      vertex 0 40 15
    endloop
  endfacet
  facet normal 0 0 1
    outer loop
      vertex 5.747386639912273 30.963507348203432 15
      vertex 5.81134414899597 31.071653589957993 15
      vertex 0 40 15
    endloop
  endfacet
  facet normal 0 0 1
    outer loop
      vertex 5.81134414899597 31.071653589957993 15
      vertex 5.881966011250105 31.175570504584947 15
      vertex 0 40 15
    endloop
  endfacet
  facet normal 0 0 1
    outer loop
      vertex 5.881966011250105 31.175570504584947 15
      vertex 5.958973514448421 31.27484797949738 15
      vertex 0 40 15
    endloop
  endfacet
  facet normal 0 0 1
    outer loop
      vertex 5.958973514448421 31.27484797949738 15
      vertex 6.0420627451571765 31.369094211857377 15
      vertex 0 40 15
    endloop
  endfacet
  facet normal 0 0 1
    outer loop
      vertex 6.0420627451571765 31.369094211857377 15
      vertex 6.130905788142623 31.45793725484282 15
      vertex 0 40 15
    endloop
  endfacet
  facet normal 0 0 1
    outer loop
      vertex 6.130905788142623 31.45793725484282 15
      vertex 6.2251520205026205 31.54102648555158 15
      vertex 0 40 15
    endloop
  endfacet
  facet normal 0 0 1
    outer loop
      vertex 6.2251520205026205 31.54102648555158 15
      vertex 6.324429495415053 31.618033988749893 15
      vertex 0 40 15
    endloop
  endfacet
  facet normal 0 0 1
    outer loop
      vertex 6.324429495415053 31.618033988749893 15
      vertex 6.428346410042007 31.68865585100403 15
      vertex 0 40 15
    endloop
  endfacet
  facet normal 0 0 1
    outer loop
      vertex 6.428346410042007 31.68865585100403 15
      vertex 6.53649265179657 31.75261336008773 15
      vertex 0 40 15
    endloop
  endfacet
  facet normal 0 0 1
    outer loop
      vertex 6.53649265179657 31.75261336008773 15
      vertex 6.648441416869854 31.80965410493204 15
      vertex 0 40 15
    endloop
  endfacet
  facet normal 0 0 1
    outer loop
      vertex 6.648441416869854 31.80965410493204 15
      vertex 6.763750894630644 31.859552971776502 15
      vertex 0 40 15
    endloop
  endfacet
  facet normal 0 0 1
    outer loop
      vertex 9.252613360087727 29.036492651796568 15
      vertex 15 40 15
      vertex 9.30965410493204 29.148441416869854 15
    endloop
  endfacet
  facet normal 0 0 1
    outer loop
      vertex 9.30965410493204 29.148441416869854 15
      vertex 15 40 15
      vertex 9.359552971776502 29.263750894630643 15
    endloop
  endfacet
  facet normal 0 0 1
    outer loop
      vertex 9.359552971776502 29.263750894630643 15
      vertex 15 40 15
      vertex 9.402113032590307 29.381966011250107 15
    endloop
  endfacet
  facet normal 0 0 1
    outer loop
      vertex 9.402113032590307 29.381966011250107 15
      vertex 15 40 15
      vertex 9.437166322257262 29.50262022567029 15
    endloop
  endfacet
  facet normal 0 0 1
    outer loop
      vertex 9.437166322257262 29.50262022567029 15
      vertex 15 40 15
      vertex 9.464574501457378 29.62523737082855 15
    endloop
  endfacet
  facet normal 0 0 1
    outer loop
      vertex 9.464574501457378 29.62523737082855 15
      vertex 15 40 15
      vertex 9.484229402628955 29.749333532871393 15
    endloop
  endfacet
  facet normal 0 0 1
    outer loop
      vertex 9.484229402628955 29.749333532871393 15
      vertex 15 40 15
      vertex 9.496053456856544 29.874418960941373 15
    endloop
  endfacet
  facet normal 0 0 1
    outer loop
      vertex 9.496053456856544 29.874418960941373 15
      vertex 15 40 15
      vertex 9.5 30 15
    endloop
  endfacet
  facet normal 0 0 1
    outer loop
      vertex 9.5 30 15
      vertex 15 40 15
      vertex 9.496053456856544 30.125581039058627 15
    endloop
  endfacet
  facet normal 0 0 1
    outer loop
      vertex 9.496053456856544 30.125581039058627 15
      vertex 15 40 15
      vertex 9.484229402628955 30.25066646712861 15
    endloop
  endfacet
  facet normal 0 0 1
    outer loop
      vertex 9.484229402628955 30.25066646712861 15
      vertex 15 40 15
      vertex 9.464574501457378 30.37476262917145 15
    endloop
  endfacet
  facet normal 0 0 1
    outer loop
      vertex 9.464574501457378 30.37476262917145 15
      vertex 15 40 15
      vertex 9.437166322257262 30.49737977432971 15
    endloop
  endfacet
  facet normal 0 0 1
    outer loop
      vertex 9.437166322257262 30.49737977432971 15
      vertex 15 40 15
      vertex 9.402113032590307 30.618033988749893 15
    endloop
  endfacet
  facet normal 0 0 1
    outer loop
      vertex 6.763750894630644 31.859552971776502 15
      vertex 6.881966011250105 31.902113032590307 15
      vertex 15 40 15
    endloop
  endfacet
  facet normal 0 0 1
    outer loop
      vertex 6.881966011250105 31.902113032590307 15
      vertex 7.00262022567029 31.937166322257262 15
      vertex 15 40 15
    endloop
  endfacet
  facet normal 0 0 1
    outer loop
      vertex 7.00262022567029 31.937166322257262 15
      vertex 7.125237370828551 31.964574501457378 15
      vertex 15 40 15
    endloop
  endfacet
  facet normal 0 0 1
    outer loop
      vertex 7.125237370828551 31.964574501457378 15
      vertex 7.2493335328713915 31.984229402628955 15
      vertex 15 40 15
    endloop
  endfacet
  facet normal 0 0 1
    outer loop
      vertex 7.2493335328713915 31.984229402628955 15
      vertex 7.374418960941373 31.996053456856544 15
      vertex 15 40 15
    endloop
  endfacet
  facet normal 0 0 1
    outer loop
      vertex 7.374418960941373 31.996053456856544 15
      vertex 7.5 32 15
      vertex 15 40 15
    endloop
  endfacet
  facet normal 0 0 1
    outer loop
      vertex 7.5 32 15
      vertex 7.625581039058627 31.996053456856544 15
      vertex 15 40 15
    endloop
  endfacet
  facet normal 0 0 1
    outer loop
      vertex 7.625581039058627 31.996053456856544 15
      vertex 7.7506664671286085 31.984229402628955 15
      vertex 15 40 15
    endloop
  endfacet
  facet normal 0 0 1
    outer loop
      vertex 9.359552971776502 30.736249105369357 15
      vertex 15 40 15
      vertex 9.30965410493204 30.851558583130146 15
    endloop
  endfacet
  facet normal 0 0 1
    outer loop
      vertex 9.30965410493204 30.851558583130146 15
      vertex 15 40 15
      vertex 9.252613360087727 30.963507348203432 15
    endloop
  endfacet
  facet normal 0 0 1
    outer loop
      vertex 9.252613360087727 30.963507348203432 15
      vertex 15 40 15
      vertex 9.18865585100403 31.071653589957993 15
    endloop
  endfacet
  facet normal 0 0 1
    outer loop
      vertex 9.118033988749895 31.175570504584947 15
      vertex 9.18865585100403 31.071653589957993 15
      vertex 15 40 15
    endloop
  endfacet
  facet normal 0 0 1
    outer loop
      vertex 9.118033988749895 31.175570504584947 15
      vertex 15 40 15
      vertex 9.041026485551578 31.27484797949738 15
    endloop
  endfacet
  facet normal 0 0 1
    outer loop
      vertex 9.041026485551578 31.27484797949738 15
      vertex 15 40 15
      vertex 8.957937254842824 31.369094211857377 15
    endloop
  endfacet
  facet normal 0 0 1
    outer loop
      vertex 8.957937254842824 31.369094211857377 15
      vertex 15 40 15
      vertex 8.869094211857377 31.45793725484282 15
    endloop
  endfacet
  facet normal 0 0 1
    outer loop
      vertex 8.869094211857377 31.45793725484282 15
      vertex 15 40 15
      vertex 8.77484797949738 31.54102648555158 15
    endloop
  endfacet
  facet normal 0 0 1
    outer loop
      vertex 9.402113032590307 30.618033988749893 15
      vertex 15 40 15
      vertex 9.359552971776502 30.736249105369357 15
    endloop
  endfacet
  facet normal 0 0 1
    outer loop
      vertex 8.571653589957993 31.68865585100403 15
      vertex 15 40 15
      vertex 8.46350734820343 31.75261336008773 15
    endloop
  endfacet
  facet normal 0 0 1
    outer loop
      vertex 8.351558583130146 31.80965410493204 15
      vertex 8.46350734820343 31.75261336008773 15
      vertex 15 40 15
    endloop
  endfacet
  facet normal 0 0 1
    outer loop
      vertex 8.118033988749895 31.902113032590307 15
      vertex 8.236249105369355 31.859552971776502 15
      vertex 15 40 15
    endloop
  endfacet
  facet normal 0 0 1
    outer loop
      vertex 7.874762629171449 31.964574501457378 15
      vertex 7.99737977432971 31.937166322257262 15
      vertex 15 40 15
    endloop
  endfacet
  facet normal 0 0 1
    outer loop
      vertex 7.7506664671286085 31.984229402628955 15
      vertex 7.874762629171449 31.964574501457378 15
      vertex 15 40 15
    endloop
  endfacet
  facet normal 0 0 1
    outer loop
      vertex 7.99737977432971 31.937166322257262 15
      vertex 8.118033988749895 31.902113032590307 15
      vertex 15 40 15
    endloop
  endfacet
  facet normal 0 0 1
    outer loop
      vertex 8.236249105369355 31.859552971776502 15
      vertex 8.351558583130146 31.80965410493204 15
      vertex 15 40 15
    endloop
  endfacet
  facet normal 0 0 1
    outer loop
      vertex 8.77484797949738 31.54102648555158 15
      vertex 15 40 15
      vertex 8.675570504584947 31.618033988749893 15
    endloop
  endfacet
  facet normal 0 0 1
    outer loop
      vertex 8.571653589957993 31.68865585100403 15
      vertex 8.675570504584947 31.618033988749893 15
      vertex 15 40 15
    endloop
  endfacet
  facet normal 0 0 1
    outer loop
      vertex 6.763750894630644 31.859552971776502 15
      vertex 15 40 15
      vertex 0 40 15
    endloop
  endfacet
  facet normal -1 0 0
    outer loop
      vertex 15 33.14748201438849 28.489208633093526
      vertex 15 40 15
      vertex 15 10.007568714649961 33.56339272861398
    endloop
  endfacet
  facet normal -1 0 0
    outer loop
      vertex 15 13.649539214160022 34.87179492841214
      vertex 15 14.13682009556701 34.927983515416194
      vertex 15 33.14748201438849 28.489208633093526
    endloop
  endfacet
  facet normal -1 0 0
    outer loop
      vertex 15 14.601063829787236 34.9468085106383
      vertex 15 33.14748201438849 28.489208633093526
      vertex 15 14.13682009556701 34.927983515416194
    endloop
  endfacet
  facet normal -1 0 0
    outer loop
      vertex 15 14.601063829787236 34.9468085106383
      vertex 15 22.686170212765955 34.9468085106383
      vertex 15 23.152974146336387 34.927983515416194
    endloop
  endfacet
  facet normal -1 0 0
    outer loop
      vertex 15 14.601063829787236 34.9468085106383
      vertex 15 23.152974146336387 34.927983515416194
      vertex 15 23.647896675575925 34.87179492841214
    endloop
  endfacet
  facet normal -1 0 0
    outer loop
      vertex 15 14.601063829787236 34.9468085106383
      vertex 15 23.647896675575925 34.87179492841214
      vertex 15 24.165992115617925 34.7790915529033
    endloop
  endfacet
  facet normal -1 0 0
    outer loop
      vertex 15 14.601063829787236 34.9468085106383
      vertex 15 24.165992115617925 34.7790915529033
      vertex 15 24.702055965552997 34.651254119225726
    endloop
  endfacet
  facet normal -1 0 0
    outer loop
      vertex 15 14.601063829787236 34.9468085106383
      vertex 15 24.702055965552997 34.651254119225726
      vertex 15 25.250755786438567 34.49014674902429
    endloop
  endfacet
  facet normal -1 0 0
    outer loop
      vertex 15 14.601063829787236 34.9468085106383
      vertex 15 25.250755786438567 34.49014674902429
      vertex 15 25.806760994097512 34.29805350048483
    endloop
  endfacet
  facet normal -1 0 0
    outer loop
      vertex 15 14.601063829787236 34.9468085106383
      vertex 15 25.806760994097512 34.29805350048483
      vertex 15 26.364865318115147 34.07760392668632
    endloop
  endfacet
  facet normal -1 0 0
    outer loop
      vertex 15 14.601063829787236 34.9468085106383
      vertex 15 28.003761111274876 33.275880661071014
      vertex 15 28.52416049787196 32.97235350385233
    endloop
  endfacet
  facet normal -1 0 0
    outer loop
      vertex 15 14.601063829787236 34.9468085106383
      vertex 15 26.364865318115147 34.07760392668632
      vertex 15 26.920096600501957 33.83169199322849
    endloop
  endfacet
  facet normal -1 0 0
    outer loop
      vertex 15 14.601063829787236 34.9468085106383
      vertex 15 26.920096600501957 33.83169199322849
      vertex 15 27.46780987425854 33.56339272861398
    endloop
  endfacet
  facet normal -1 0 0
    outer loop
      vertex 15 14.601063829787236 34.9468085106383
      vertex 15 27.46780987425854 33.56339272861398
      vertex 15 28.003761111274876 33.275880661071014
    endloop
  endfacet
  facet normal -1 0 0
    outer loop
      vertex 15 14.601063829787236 34.9468085106383
      vertex 15 28.52416049787196 32.97235350385233
      vertex 15 29.02570544411877 32.65596378275804
    endloop
  endfacet
  facet normal -1 0 0
    outer loop
      vertex 15 14.601063829787236 34.9468085106383
      vertex 15 29.505594656230635 32.329760253705324
      vertex 15 29.96152543988661 31.99664012374005
    endloop
  endfacet
  facet normal -1 0 0
    outer loop
      vertex 15 14.601063829787236 34.9468085106383
      vertex 15 29.96152543988661 31.99664012374005
      vertex 15 30.391676938367418 31.659312335960635
    endloop
  endfacet
  facet normal -1 0 0
    outer loop
      vertex 15 14.601063829787236 34.9468085106383
      vertex 15 29.02570544411877 32.65596378275804
      vertex 15 29.505594656230635 32.329760253705324
    endloop
  endfacet
  facet normal -1 0 0
    outer loop
      vertex 15 14.601063829787236 34.9468085106383
      vertex 15 30.79468226009942 31.320271553934738
      vertex 15 31.16959245710313 30.981782007446824
    endloop
  endfacet
  facet normal -1 0 0
    outer loop
      vertex 15 14.601063829787236 34.9468085106383
      vertex 15 31.833170156389784 30.314324034692625
      vertex 15 32.12164453856291 29.988700288274273
    endloop
  endfacet
  facet normal -1 0 0
    outer loop
      vertex 15 14.601063829787236 34.9468085106383
      vertex 15 31.16959245710313 30.981782007446824
      vertex 15 31.515835134092278 30.645870041750403
    endloop
  endfacet
  facet normal -1 0 0
    outer loop
      vertex 15 14.601063829787236 34.9468085106383
      vertex 15 31.515835134092278 30.645870041750403
      vertex 15 31.833170156389784 30.314324034692625
    endloop
  endfacet
  facet normal -1 0 0
    outer loop
      vertex 15 14.601063829787236 34.9468085106383
      vertex 15 32.81776736377227 29.059687589063724
      vertex 15 32.99551331349204 28.769105158166006
    endloop
  endfacet
  facet normal -1 0 0
    outer loop
      vertex 15 14.601063829787236 34.9468085106383
      vertex 15 32.613371719050704 29.360350817513712
      vertex 15 32.81776736377227 29.059687589063724
    endloop
  endfacet
  facet normal -1 0 0
    outer loop
      vertex 15 14.601063829787236 34.9468085106383
      vertex 15 32.99551331349204 28.769105158166006
      vertex 15 33.14748201438849 28.489208633093526
    endloop
  endfacet
  facet normal -1 0 0
    outer loop
      vertex 15 14.601063829787236 34.9468085106383
      vertex 15 32.12164453856291 29.988700288274273
      vertex 15 32.38154818144689 29.670333536972063
    endloop
  endfacet
  facet normal -1 0 0
    outer loop
      vertex 15 14.601063829787236 34.9468085106383
      vertex 15 32.38154818144689 29.670333536972063
      vertex 15 32.613371719050704 29.360350817513712
    endloop
  endfacet
  facet normal -1 0 0
    outer loop
      vertex 15 14.601063829787236 34.9468085106383
      vertex 15 30.391676938367418 31.659312335960635
      vertex 15 30.79468226009942 31.320271553934738
    endloop
  endfacet
  facet normal 0 0 1
    outer loop
      vertex 122.36375089463064 8.140447028223496 15
      vertex 115.6 0 15
      vertex 130.6 0 15
    endloop
  endfacet
  facet normal 0 0 1
    outer loop
      vertex 121.92442949541505 8.381966011250105 15
      vertex 115.6 0 15
      vertex 122.028346410042 8.31134414899597 15
    endloop
  endfacet
  facet normal 0 0 1
    outer loop
      vertex 121.92442949541505 8.381966011250105 15
      vertex 121.82515202050261 8.458973514448422 15
      vertex 115.6 0 15
    endloop
  endfacet
  facet normal 0 0 1
    outer loop
      vertex 122.24844141686985 8.19034589506796 15
      vertex 115.6 0 15
      vertex 122.36375089463064 8.140447028223496 15
    endloop
  endfacet
  facet normal 0 0 1
    outer loop
      vertex 122.13649265179656 8.247386639912273 15
      vertex 115.6 0 15
      vertex 122.24844141686985 8.19034589506796 15
    endloop
  endfacet
  facet normal 0 0 1
    outer loop
      vertex 122.13649265179656 8.247386639912273 15
      vertex 122.028346410042 8.31134414899597 15
      vertex 115.6 0 15
    endloop
  endfacet
  facet normal 0 0 1
    outer loop
      vertex 121.24044702822349 9.263750894630645 15
      vertex 121.19788696740969 9.381966011250105 15
      vertex 115.6 0 15
    endloop
  endfacet
  facet normal 0 0 1
    outer loop
      vertex 121.82515202050261 8.458973514448422 15
      vertex 121.73090578814262 8.542062745157176 15
      vertex 115.6 0 15
    endloop
  endfacet
  facet normal 0 0 1
    outer loop
      vertex 121.73090578814262 8.542062745157176 15
      vertex 121.64206274515718 8.630905788142623 15
      vertex 115.6 0 15
    endloop
  endfacet
  facet normal 0 0 1
    outer loop
      vertex 121.64206274515718 8.630905788142623 15
      vertex 121.55897351444841 8.725152020502621 15
      vertex 115.6 0 15
    endloop
  endfacet
  facet normal 0 0 1
    outer loop
      vertex 121.55897351444841 8.725152020502621 15
      vertex 121.4819660112501 8.824429495415053 15
      vertex 115.6 0 15
    endloop
  endfacet
  facet normal 0 0 1
    outer loop
      vertex 121.41134414899597 8.928346410042007 15
      vertex 115.6 0 15
      vertex 121.4819660112501 8.824429495415053 15
    endloop
  endfacet
  facet normal 0 0 1
    outer loop
      vertex 121.41134414899597 8.928346410042007 15
      vertex 121.34738663991227 9.03649265179657 15
      vertex 115.6 0 15
    endloop
  endfacet
  facet normal 0 0 1
    outer loop
      vertex 121.34738663991227 9.03649265179657 15
      vertex 121.29034589506796 9.148441416869854 15
      vertex 115.6 0 15
    endloop
  endfacet
  facet normal 0 0 1
    outer loop
      vertex 121.29034589506796 9.148441416869854 15
      vertex 121.24044702822349 9.263750894630645 15
      vertex 115.6 0 15
    endloop
  endfacet
  facet normal 0 0 1
    outer loop
      vertex 121.19788696740969 9.381966011250105 15
      vertex 121.16283367774273 9.50262022567029 15
      vertex 115.6 0 15
    endloop
  endfacet
  facet normal 0 0 1
    outer loop
      vertex 121.16283367774273 9.50262022567029 15
      vertex 121.13542549854262 9.62523737082855 15
      vertex 115.6 0 15
    endloop
  endfacet
  facet normal 0 0 1
    outer loop
      vertex 121.13542549854262 9.62523737082855 15
      vertex 121.11577059737104 9.749333532871391 15
      vertex 115.6 0 15
    endloop
  endfacet
  facet normal 0 0 1
    outer loop
      vertex 121.11577059737104 9.749333532871391 15
      vertex 121.10394654314345 9.874418960941373 15
      vertex 115.6 0 15
    endloop
  endfacet
  facet normal 0 0 1
    outer loop
      vertex 121.10394654314345 9.874418960941373 15
      vertex 121.1 10 15
      vertex 115.6 0 15
    endloop
  endfacet
  facet normal 0 0 1
    outer loop
      vertex 121.1 10 15
      vertex 121.10394654314345 10.125581039058627 15
      vertex 115.6 0 15
    endloop
  endfacet
  facet normal 0 0 1
    outer loop
      vertex 121.10394654314345 10.125581039058627 15
      vertex 121.11577059737104 10.250666467128609 15
      vertex 115.6 0 15
    endloop
  endfacet
  facet normal 0 0 1
    outer loop
      vertex 121.11577059737104 10.250666467128609 15
      vertex 121.13542549854262 10.37476262917145 15
      vertex 115.6 0 15
    endloop
  endfacet
  facet normal 0 0 1
    outer loop
      vertex 121.13542549854262 10.37476262917145 15
      vertex 121.16283367774273 10.49737977432971 15
      vertex 115.6 0 15
    endloop
  endfacet
  facet normal 0 0 1
    outer loop
      vertex 121.16283367774273 10.49737977432971 15
      vertex 121.19788696740969 10.618033988749895 15
      vertex 115.6 0 15
    endloop
  endfacet
  facet normal 0 0 1
    outer loop
      vertex 121.19788696740969 10.618033988749895 15
      vertex 121.24044702822349 10.736249105369355 15
      vertex 115.6 0 15
    endloop
  endfacet
  facet normal 0 0 1
    outer loop
      vertex 121.24044702822349 10.736249105369355 15
      vertex 121.29034589506796 10.851558583130146 15
      vertex 115.6 0 15
    endloop
  endfacet
  facet normal 0 0 1
    outer loop
      vertex 121.29034589506796 10.851558583130146 15
      vertex 121.34738663991227 10.96350734820343 15
      vertex 115.6 0 15
    endloop
  endfacet
  facet normal 0 0 1
    outer loop
      vertex 122.4819660112501 8.097886967409693 15
      vertex 130.6 0 15
      vertex 122.60262022567028 8.062833677742738 15
    endloop
  endfacet
  facet normal 0 0 1
    outer loop
      vertex 122.36375089463064 8.140447028223496 15
      vertex 130.6 0 15
      vertex 122.4819660112501 8.097886967409693 15
    endloop
  endfacet
  facet normal 0 0 1
    outer loop
      vertex 122.60262022567028 8.062833677742738 15
      vertex 130.6 0 15
      vertex 122.72523737082855 8.035425498542622 15
    endloop
  endfacet
  facet normal 0 0 1
    outer loop
      vertex 122.72523737082855 8.035425498542622 15
      vertex 130.6 0 15
      vertex 122.84933353287138 8.015770597371045 15
    endloop
  endfacet
  facet normal 0 0 1
    outer loop
      vertex 122.84933353287138 8.015770597371045 15
      vertex 130.6 0 15
      vertex 122.97441896094136 8.003946543143456 15
    endloop
  endfacet
  facet normal 0 0 1
    outer loop
      vertex 122.97441896094136 8.003946543143456 15
      vertex 130.6 0 15
      vertex 123.1 8 15
    endloop
  endfacet
  facet normal 0 0 1
    outer loop
      vertex 123.1 8 15
      vertex 130.6 0 15
      vertex 123.22558103905862 8.003946543143456 15
    endloop
  endfacet
  facet normal 0 0 1
    outer loop
      vertex 123.22558103905862 8.003946543143456 15
      vertex 130.6 0 15
      vertex 123.3506664671286 8.015770597371045 15
    endloop
  endfacet
  facet normal 0 0 1
    outer loop
      vertex 123.3506664671286 8.015770597371045 15
      vertex 130.6 0 15
      vertex 123.47476262917144 8.035425498542622 15
    endloop
  endfacet
  facet normal 0 0 1
    outer loop
      vertex 123.47476262917144 8.035425498542622 15
      vertex 130.6 0 15
      vertex 123.59737977432971 8.062833677742738 15
    endloop
  endfacet
  facet normal 0 0 1
    outer loop
      vertex 123.59737977432971 8.062833677742738 15
      vertex 130.6 0 15
      vertex 123.7180339887499 8.097886967409693 15
    endloop
  endfacet
  facet normal 0 0 1
    outer loop
      vertex 123.7180339887499 8.097886967409693 15
      vertex 130.6 0 15
      vertex 123.83624910536935 8.140447028223498 15
    endloop
  endfacet
  facet normal 0 0 1
    outer loop
      vertex 123.83624910536935 8.140447028223498 15
      vertex 130.6 0 15
      vertex 123.95155858313014 8.19034589506796 15
    endloop
  endfacet
  facet normal 0 0 1
    outer loop
      vertex 123.95155858313014 8.19034589506796 15
      vertex 130.6 0 15
      vertex 124.06350734820343 8.247386639912273 15
    endloop
  endfacet
  facet normal 0 0 1
    outer loop
      vertex 124.06350734820343 8.247386639912273 15
      vertex 130.6 0 15
      vertex 124.17165358995798 8.31134414899597 15
    endloop
  endfacet
  facet normal 0 0 1
    outer loop
      vertex 124.17165358995798 8.31134414899597 15
      vertex 130.6 0 15
      vertex 124.27557050458493 8.381966011250105 15
    endloop
  endfacet
  facet normal 0 0 1
    outer loop
      vertex 124.27557050458493 8.381966011250105 15
      vertex 130.6 0 15
      vertex 124.37484797949737 8.458973514448422 15
    endloop
  endfacet
  facet normal 0 0 1
    outer loop
      vertex 124.37484797949737 8.458973514448422 15
      vertex 130.6 0 15
      vertex 124.46909421185737 8.542062745157176 15
    endloop
  endfacet
  facet normal 0 0 1
    outer loop
      vertex 124.46909421185737 8.542062745157176 15
      vertex 130.6 0 15
      vertex 124.55793725484281 8.630905788142623 15
    endloop
  endfacet
  facet normal 0 0 1
    outer loop
      vertex 124.55793725484281 8.630905788142623 15
      vertex 130.6 0 15
      vertex 124.64102648555158 8.72515202050262 15
    endloop
  endfacet
  facet normal 0 0 1
    outer loop
      vertex 124.64102648555158 8.72515202050262 15
      vertex 130.6 0 15
      vertex 124.7180339887499 8.824429495415053 15
    endloop
  endfacet
  facet normal 0 0 1
    outer loop
      vertex 124.7180339887499 8.824429495415053 15
      vertex 130.6 0 15
      vertex 124.78865585100402 8.928346410042007 15
    endloop
  endfacet
  facet normal 0 0 1
    outer loop
      vertex 124.78865585100402 8.928346410042007 15
      vertex 130.6 0 15
      vertex 124.85261336008772 9.03649265179657 15
    endloop
  endfacet
  facet normal 0 0 1
    outer loop
      vertex 124.85261336008772 9.03649265179657 15
      vertex 130.6 0 15
      vertex 124.90965410493203 9.148441416869854 15
    endloop
  endfacet
  facet normal 0 0 1
    outer loop
      vertex 124.90965410493203 9.148441416869854 15
      vertex 130.6 0 15
      vertex 124.9595529717765 9.263750894630643 15
    endloop
  endfacet
  facet normal 0 0 1
    outer loop
      vertex 124.9595529717765 9.263750894630643 15
      vertex 130.6 0 15
      vertex 125.0021130325903 9.381966011250105 15
    endloop
  endfacet
  facet normal 0 0 1
    outer loop
      vertex 125.0021130325903 9.381966011250105 15
      vertex 130.6 0 15
      vertex 125.03716632225726 9.502620225670292 15
    endloop
  endfacet
  facet normal 0 0 1
    outer loop
      vertex 125.03716632225726 9.502620225670292 15
      vertex 130.6 0 15
      vertex 125.06457450145737 9.62523737082855 15
    endloop
  endfacet
  facet normal 0 0 1
    outer loop
      vertex 122.36375089463064 28.140447028223498 15
      vertex 115.6 0 15
      vertex 122.4819660112501 28.097886967409693 15
    endloop
  endfacet
  facet normal 0 0 1
    outer loop
      vertex 122.4819660112501 28.097886967409693 15
      vertex 115.6 0 15
      vertex 122.60262022567028 28.062833677742738 15
    endloop
  endfacet
  facet normal 0 0 1
    outer loop
      vertex 122.60262022567028 28.062833677742738 15
      vertex 115.6 0 15
      vertex 122.72523737082855 28.035425498542622 15
    endloop
  endfacet
  facet normal 0 0 1
    outer loop
      vertex 122.72523737082855 28.035425498542622 15
      vertex 115.6 0 15
      vertex 122.84933353287138 28.015770597371045 15
    endloop
  endfacet
  facet normal 0 0 1
    outer loop
      vertex 122.97441896094136 28.003946543143456 15
      vertex 115.6 0 15
      vertex 123.1 28 15
    endloop
  endfacet
  facet normal 0 0 1
    outer loop
      vertex 123.1 28 15
      vertex 115.6 0 15
      vertex 123.22558103905862 28.003946543143456 15
    endloop
  endfacet
  facet normal 0 0 1
    outer loop
      vertex 122.84933353287138 28.015770597371045 15
      vertex 115.6 0 15
      vertex 122.97441896094136 28.003946543143456 15
    endloop
  endfacet
  facet normal 0 0 1
    outer loop
      vertex 123.22558103905862 28.003946543143456 15
      vertex 115.6 0 15
      vertex 123.3506664671286 28.015770597371045 15
    endloop
  endfacet
  facet normal 0 0 1
    outer loop
      vertex 123.3506664671286 28.015770597371045 15
      vertex 115.6 0 15
      vertex 123.47476262917144 28.035425498542622 15
    endloop
  endfacet
  facet normal 0 0 1
    outer loop
      vertex 123.47476262917144 28.035425498542622 15
      vertex 115.6 0 15
      vertex 123.59737977432971 28.062833677742738 15
    endloop
  endfacet
  facet normal 0 0 1
    outer loop
      vertex 123.59737977432971 28.062833677742738 15
      vertex 115.6 0 15
      vertex 123.7180339887499 28.097886967409693 15
    endloop
  endfacet
  facet normal 0 0 1
    outer loop
      vertex 123.7180339887499 28.097886967409693 15
      vertex 115.6 0 15
      vertex 123.83624910536935 28.140447028223498 15
    endloop
  endfacet
  facet normal 0 0 1
    outer loop
      vertex 121.92442949541505 28.381966011250107 15
      vertex 115.6 0 15
      vertex 122.028346410042 28.31134414899597 15
    endloop
  endfacet
  facet normal 0 0 1
    outer loop
      vertex 121.92442949541505 28.381966011250107 15
      vertex 121.82515202050261 28.45897351444842 15
      vertex 115.6 0 15
    endloop
  endfacet
  facet normal 0 0 1
    outer loop
      vertex 121.82515202050261 28.45897351444842 15
      vertex 121.73090578814262 28.54206274515718 15
      vertex 115.6 0 15
    endloop
  endfacet
  facet normal 0 0 1
    outer loop
      vertex 121.73090578814262 28.54206274515718 15
      vertex 121.64206274515718 28.630905788142623 15
      vertex 115.6 0 15
    endloop
  endfacet
  facet normal 0 0 1
    outer loop
      vertex 122.13649265179656 28.24738663991227 15
      vertex 115.6 0 15
      vertex 122.24844141686985 28.19034589506796 15
    endloop
  endfacet
  facet normal 0 0 1
    outer loop
      vertex 122.24844141686985 28.19034589506796 15
      vertex 115.6 0 15
      vertex 122.36375089463064 28.140447028223498 15
    endloop
  endfacet
  facet normal 0 0 1
    outer loop
      vertex 122.13649265179656 28.24738663991227 15
      vertex 122.028346410042 28.31134414899597 15
      vertex 115.6 0 15
    endloop
  endfacet
  facet normal 0 0 1
    outer loop
      vertex 121.64206274515718 28.630905788142623 15
      vertex 121.55897351444841 28.72515202050262 15
      vertex 115.6 0 15
    endloop
  endfacet
  facet normal 0 0 1
    outer loop
      vertex 121.55897351444841 28.72515202050262 15
      vertex 121.4819660112501 28.824429495415053 15
      vertex 115.6 0 15
    endloop
  endfacet
  facet normal 0 0 1
    outer loop
      vertex 121.41134414899597 28.928346410042007 15
      vertex 115.6 0 15
      vertex 121.4819660112501 28.824429495415053 15
    endloop
  endfacet
  facet normal 0 0 1
    outer loop
      vertex 121.41134414899597 28.928346410042007 15
      vertex 121.34738663991227 29.036492651796568 15
      vertex 115.6 0 15
    endloop
  endfacet
  facet normal 0 0 1
    outer loop
      vertex 121.24044702822349 29.263750894630643 15
      vertex 121.19788696740969 29.381966011250107 15
      vertex 115.6 0 15
    endloop
  endfacet
  facet normal 0 0 1
    outer loop
      vertex 121.19788696740969 29.381966011250107 15
      vertex 121.16283367774273 29.50262022567029 15
      vertex 115.6 0 15
    endloop
  endfacet
  facet normal 0 0 1
    outer loop
      vertex 121.16283367774273 29.50262022567029 15
      vertex 121.13542549854262 29.62523737082855 15
      vertex 115.6 0 15
    endloop
  endfacet
  facet normal 0 0 1
    outer loop
      vertex 121.13542549854262 29.62523737082855 15
      vertex 121.11577059737104 29.749333532871393 15
      vertex 115.6 0 15
    endloop
  endfacet
  facet normal 0 0 1
    outer loop
      vertex 121.11577059737104 29.749333532871393 15
      vertex 121.10394654314345 29.874418960941373 15
      vertex 115.6 0 15
    endloop
  endfacet
  facet normal 0 0 1
    outer loop
      vertex 121.10394654314345 29.874418960941373 15
      vertex 121.1 30 15
      vertex 115.6 0 15
    endloop
  endfacet
  facet normal 0 0 1
    outer loop
      vertex 121.34738663991227 29.036492651796568 15
      vertex 121.29034589506796 29.148441416869854 15
      vertex 115.6 0 15
    endloop
  endfacet
  facet normal 0 0 1
    outer loop
      vertex 121.29034589506796 29.148441416869854 15
      vertex 121.24044702822349 29.263750894630643 15
      vertex 115.6 0 15
    endloop
  endfacet
  facet normal 0 0 1
    outer loop
      vertex 123.83624910536935 28.140447028223498 15
      vertex 115.6 0 15
      vertex 123.95155858313014 28.19034589506796 15
    endloop
  endfacet
  facet normal 0 0 1
    outer loop
      vertex 123.95155858313014 28.19034589506796 15
      vertex 115.6 0 15
      vertex 124.06350734820343 28.24738663991227 15
    endloop
  endfacet
  facet normal 0 0 1
    outer loop
      vertex 124.06350734820343 28.24738663991227 15
      vertex 115.6 0 15
      vertex 124.17165358995798 28.31134414899597 15
    endloop
  endfacet
  facet normal 0 0 1
    outer loop
      vertex 124.17165358995798 28.31134414899597 15
      vertex 115.6 0 15
      vertex 124.27557050458493 28.381966011250107 15
    endloop
  endfacet
  facet normal 0 0 1
    outer loop
      vertex 124.27557050458493 28.381966011250107 15
      vertex 115.6 0 15
      vertex 124.37484797949737 28.458973514448424 15
    endloop
  endfacet
  facet normal 0 0 1
    outer loop
      vertex 124.37484797949737 28.458973514448424 15
      vertex 115.6 0 15
      vertex 124.46909421185737 28.54206274515718 15
    endloop
  endfacet
  facet normal 0 0 1
    outer loop
      vertex 124.46909421185737 28.54206274515718 15
      vertex 115.6 0 15
      vertex 124.55793725484281 28.630905788142623 15
    endloop
  endfacet
  facet normal 0 0 1
    outer loop
      vertex 124.55793725484281 28.630905788142623 15
      vertex 115.6 0 15
      vertex 124.64102648555158 28.72515202050262 15
    endloop
  endfacet
  facet normal 0 0 1
    outer loop
      vertex 124.64102648555158 28.72515202050262 15
      vertex 115.6 0 15
      vertex 124.7180339887499 28.824429495415053 15
    endloop
  endfacet
  facet normal 0 0 1
    outer loop
      vertex 124.7180339887499 28.824429495415053 15
      vertex 115.6 0 15
      vertex 124.78865585100402 28.928346410042007 15
    endloop
  endfacet
  facet normal 0 0 1
    outer loop
      vertex 124.78865585100402 28.928346410042007 15
      vertex 115.6 0 15
      vertex 124.85261336008772 29.036492651796568 15
    endloop
  endfacet
  facet normal 0 0 1
    outer loop
      vertex 121.34738663991227 10.96350734820343 15
      vertex 130.6 40 15
      vertex 115.6 0 15
    endloop
  endfacet
  facet normal 0 0 1
    outer loop
      vertex 125.06457450145737 9.62523737082855 15
      vertex 130.6 0 15
      vertex 130.6 40 15
    endloop
  endfacet
  facet normal 0 0 1
    outer loop
      vertex 125.06457450145737 9.62523737082855 15
      vertex 130.6 40 15
      vertex 125.08422940262895 9.749333532871391 15
    endloop
  endfacet
  facet normal 0 0 1
    outer loop
      vertex 125.08422940262895 9.749333532871391 15
      vertex 130.6 40 15
      vertex 125.09605345685654 9.874418960941373 15
    endloop
  endfacet
  facet normal 0 0 1
    outer loop
      vertex 125.09605345685654 9.874418960941373 15
      vertex 130.6 40 15
      vertex 125.1 10 15
    endloop
  endfacet
  facet normal 1 0 0
    outer loop
      vertex 115.6 5.017985611510792 28.489208633093526
      vertex 115.6 0 15
      vertex 115.6 28.003761111274873 33.275880661071014
    endloop
  endfacet
  facet normal 1 0 0
    outer loop
      vertex 115.6 28.003761111274873 33.275880661071014
      vertex 115.6 0 15
      vertex 115.6 28.524160497871964 32.972353503852325
    endloop
  endfacet
  facet normal 1 0 0
    outer loop
      vertex 115.6 28.524160497871964 32.972353503852325
      vertex 115.6 0 15
      vertex 115.6 29.02570544411877 32.65596378275805
    endloop
  endfacet
  facet normal 1 0 0
    outer loop
      vertex 115.6 29.505594656230635 32.32976025370532
      vertex 115.6 29.02570544411877 32.65596378275805
      vertex 115.6 0 15
    endloop
  endfacet
  facet normal 1 0 0
    outer loop
      vertex 115.6 29.505594656230635 32.32976025370532
      vertex 115.6 0 15
      vertex 115.6 29.961525439886607 31.99664012374005
    endloop
  endfacet
  facet normal 1 0 0
    outer loop
      vertex 115.6 5.017985611510792 28.489208633093526
      vertex 115.6 22.686170212765955 34.9468085106383
      vertex 115.6 5.131888384997384 28.769105158166006
    endloop
  endfacet
  facet normal 1 0 0
    outer loop
      vertex 115.6 5.131888384997384 28.769105158166006
      vertex 115.6 22.686170212765955 34.9468085106383
      vertex 115.6 5.270115124115066 29.05968758906372
    endloop
  endfacet
  facet normal 1 0 0
    outer loop
      vertex 115.6 5.270115124115066 29.05968758906372
      vertex 115.6 22.686170212765955 34.9468085106383
      vertex 115.6 5.43362056976743 29.360350817513712
    endloop
  endfacet
  facet normal 1 0 0
    outer loop
      vertex 115.6 5.43362056976743 29.360350817513712
      vertex 115.6 22.686170212765955 34.9468085106383
      vertex 115.6 5.623286457524911 29.670333536972063
    endloop
  endfacet
  facet normal 1 0 0
    outer loop
      vertex 115.6 5.623286457524911 29.670333536972063
      vertex 115.6 22.686170212765955 34.9468085106383
      vertex 115.6 5.839892222231785 29.988700288274277
    endloop
  endfacet
  facet normal 1 0 0
    outer loop
      vertex 115.6 5.839892222231785 29.988700288274277
      vertex 115.6 22.686170212765955 34.9468085106383
      vertex 115.6 6.084081774892024 30.314324034692625
    endloop
  endfacet
  facet normal 1 0 0
    outer loop
      vertex 115.6 6.084081774892024 30.314324034692625
      vertex 115.6 22.686170212765955 34.9468085106383
      vertex 115.6 6.356326540229663 30.6458700417504
    endloop
  endfacet
  facet normal 1 0 0
    outer loop
      vertex 115.6 6.356326540229663 30.6458700417504
      vertex 115.6 22.686170212765955 34.9468085106383
      vertex 115.6 6.656885189884106 30.98178200744683
    endloop
  endfacet
  facet normal 1 0 0
    outer loop
      vertex 115.6 6.656885189884106 30.98178200744683
      vertex 115.6 22.686170212765955 34.9468085106383
      vertex 115.6 6.985760808565449 31.32027155393473
    endloop
  endfacet
  facet normal 1 0 0
    outer loop
      vertex 115.6 6.985760808565449 31.32027155393473
      vertex 115.6 22.686170212765955 34.9468085106383
      vertex 115.6 7.342656583941938 31.65931233596064
    endloop
  endfacet
  facet normal 1 0 0
    outer loop
      vertex 115.6 7.342656583941938 31.65931233596064
      vertex 115.6 22.686170212765955 34.9468085106383
      vertex 115.6 7.726931503284746 31.99664012374005
    endloop
  endfacet
  facet normal 1 0 0
    outer loop
      vertex 115.6 7.726931503284746 31.99664012374005
      vertex 115.6 22.686170212765955 34.9468085106383
      vertex 115.6 8.137557949265442 32.32976025370532
    endloop
  endfacet
  facet normal 1 0 0
    outer loop
      vertex 115.6 8.137557949265442 32.32976025370532
      vertex 115.6 22.686170212765955 34.9468085106383
      vertex 115.6 8.573083481426139 32.65596378275805
    endloop
  endfacet
  facet normal 1 0 0
    outer loop
      vertex 115.6 8.573083481426139 32.65596378275805
      vertex 115.6 22.686170212765955 34.9468085106383
      vertex 115.6 9.031599425604119 32.972353503852325
    endloop
  endfacet
  facet normal 1 0 0
    outer loop
      vertex 115.6 9.031599425604119 32.972353503852325
      vertex 115.6 22.686170212765955 34.9468085106383
      vertex 115.6 9.51071911881947 33.275880661071014
    endloop
  endfacet
  facet normal 1 0 0
    outer loop
      vertex 115.6 9.51071911881947 33.275880661071014
      vertex 115.6 22.686170212765955 34.9468085106383
      vertex 115.6 10.007568714649967 33.563392728613984
    endloop
  endfacet
  facet normal 1 0 0
    outer loop
      vertex 115.6 10.007568714649967 33.563392728613984
      vertex 115.6 22.686170212765955 34.9468085106383
      vertex 115.6 10.51879328841897 33.83169199322849
    endloop
  endfacet
  facet normal 1 0 0
    outer loop
      vertex 115.6 10.51879328841897 33.83169199322849
      vertex 115.6 22.686170212765955 34.9468085106383
      vertex 115.6 11.040580547855512 34.07760392668632
    endloop
  endfacet
  facet normal 1 0 0
    outer loop
      vertex 115.6 11.040580547855512 34.07760392668632
      vertex 115.6 22.686170212765955 34.9468085106383
      vertex 115.6 11.56870372983655 34.29805350048483
    endloop
  endfacet
  facet normal 1 0 0
    outer loop
      vertex 115.6 11.56870372983655 34.29805350048483
      vertex 115.6 22.686170212765955 34.9468085106383
      vertex 115.6 12.098584255694131 34.49014674902429
    endloop
  endfacet
  facet normal 1 0 0
    outer loop
      vertex 115.6 12.098584255694131 34.49014674902429
      vertex 115.6 22.686170212765955 34.9468085106383
      vertex 115.6 12.62537347423231 34.65125411922573
    endloop
  endfacet
  facet normal 1 0 0
    outer loop
      vertex 115.6 12.62537347423231 34.65125411922573
      vertex 115.6 22.686170212765955 34.9468085106383
      vertex 115.6 13.144051433187226 34.7790915529033
    endloop
  endfacet
  facet normal 1 0 0
    outer loop
      vertex 115.6 5.017985611510792 28.489208633093526
      vertex 115.6 23.152974146336387 34.927983515416194
      vertex 115.6 22.686170212765955 34.9468085106383
    endloop
  endfacet
  facet normal 1 0 0
    outer loop
      vertex 115.6 5.017985611510792 28.489208633093526
      vertex 115.6 23.647896675575932 34.87179492841214
      vertex 115.6 23.152974146336387 34.927983515416194
    endloop
  endfacet
  facet normal 1 0 0
    outer loop
      vertex 115.6 13.144051433187226 34.7790915529033
      vertex 115.6 22.686170212765955 34.9468085106383
      vertex 115.6 13.64953921416002 34.87179492841214
    endloop
  endfacet
  facet normal 1 0 0
    outer loop
      vertex 115.6 13.64953921416002 34.87179492841214
      vertex 115.6 22.686170212765955 34.9468085106383
      vertex 115.6 14.136820095567007 34.927983515416194
    endloop
  endfacet
  facet normal 1 0 0
    outer loop
      vertex 115.6 14.136820095567007 34.927983515416194
      vertex 115.6 22.686170212765955 34.9468085106383
      vertex 115.6 14.601063829787236 34.9468085106383
    endloop
  endfacet
  facet normal 1 0 0
    outer loop
      vertex 115.6 5.017985611510792 28.489208633093526
      vertex 115.6 25.806760994097512 34.29805350048483
      vertex 115.6 25.250755786438567 34.49014674902429
    endloop
  endfacet
  facet normal 1 0 0
    outer loop
      vertex 115.6 5.017985611510792 28.489208633093526
      vertex 115.6 26.36486531811515 34.07760392668632
      vertex 115.6 25.806760994097512 34.29805350048483
    endloop
  endfacet
  facet normal 1 0 0
    outer loop
      vertex 115.6 5.017985611510792 28.489208633093526
      vertex 115.6 26.920096600501957 33.83169199322849
      vertex 115.6 26.36486531811515 34.07760392668632
    endloop
  endfacet
  facet normal 1 0 0
    outer loop
      vertex 115.6 5.017985611510792 28.489208633093526
      vertex 115.6 27.467809874258542 33.56339272861397
      vertex 115.6 26.920096600501957 33.83169199322849
    endloop
  endfacet
  facet normal 1 0 0
    outer loop
      vertex 115.6 5.017985611510792 28.489208633093526
      vertex 115.6 24.165992115617925 34.7790915529033
      vertex 115.6 23.647896675575932 34.87179492841214
    endloop
  endfacet
  facet normal 1 0 0
    outer loop
      vertex 115.6 5.017985611510792 28.489208633093526
      vertex 115.6 24.702055965552994 34.65125411922573
      vertex 115.6 24.165992115617925 34.7790915529033
    endloop
  endfacet
  facet normal 1 0 0
    outer loop
      vertex 115.6 5.017985611510792 28.489208633093526
      vertex 115.6 25.250755786438567 34.49014674902429
      vertex 115.6 24.702055965552994 34.65125411922573
    endloop
  endfacet
  facet normal 0 0 1
    outer loop
      vertex 121.1 30 15
      vertex 115.6 40 15
      vertex 115.6 0 15
    endloop
  endfacet
  facet normal 1 0 0
    outer loop
      vertex 115.6 40 15
      vertex 115.6 33.14748201438849 28.489208633093526
      vertex 115.6 0 15
    endloop
  endfacet
  facet normal 0 0 1
    outer loop
      vertex 121.34738663991227 10.96350734820343 15
      vertex 121.41134414899597 11.071653589957993 15
      vertex 130.6 40 15
    endloop
  endfacet
  facet normal 0 0 1
    outer loop
      vertex 121.41134414899597 11.071653589957993 15
      vertex 121.4819660112501 11.175570504584947 15
      vertex 130.6 40 15
    endloop
  endfacet
  facet normal 0 0 1
    outer loop
      vertex 121.4819660112501 11.175570504584947 15
      vertex 121.55897351444841 11.274847979497379 15
      vertex 130.6 40 15
    endloop
  endfacet
  facet normal 0 0 1
    outer loop
      vertex 121.55897351444841 11.274847979497379 15
      vertex 121.64206274515718 11.369094211857377 15
      vertex 130.6 40 15
    endloop
  endfacet
  facet normal 0 0 1
    outer loop
      vertex 121.64206274515718 11.369094211857377 15
      vertex 121.73090578814262 11.457937254842824 15
      vertex 130.6 40 15
    endloop
  endfacet
  facet normal 0 0 1
    outer loop
      vertex 121.73090578814262 11.457937254842824 15
      vertex 121.82515202050261 11.541026485551578 15
      vertex 130.6 40 15
    endloop
  endfacet
  facet normal 0 0 1
    outer loop
      vertex 121.82515202050261 11.541026485551578 15
      vertex 121.92442949541505 11.618033988749895 15
      vertex 130.6 40 15
    endloop
  endfacet
  facet normal 0 0 1
    outer loop
      vertex 121.92442949541505 11.618033988749895 15
      vertex 122.028346410042 11.68865585100403 15
      vertex 130.6 40 15
    endloop
  endfacet
  facet normal 0 0 1
    outer loop
      vertex 122.028346410042 11.68865585100403 15
      vertex 122.13649265179656 11.752613360087727 15
      vertex 130.6 40 15
    endloop
  endfacet
  facet normal 0 0 1
    outer loop
      vertex 122.13649265179656 11.752613360087727 15
      vertex 122.24844141686985 11.809654104932038 15
      vertex 130.6 40 15
    endloop
  endfacet
  facet normal 0 0 1
    outer loop
      vertex 122.24844141686985 11.809654104932038 15
      vertex 122.36375089463064 11.859552971776504 15
      vertex 130.6 40 15
    endloop
  endfacet
  facet normal 0 0 1
    outer loop
      vertex 124.46909421185737 11.457937254842824 15
      vertex 130.6 40 15
      vertex 124.37484797949737 11.541026485551578 15
    endloop
  endfacet
  facet normal 0 0 1
    outer loop
      vertex 124.37484797949737 11.541026485551578 15
      vertex 130.6 40 15
      vertex 124.27557050458493 11.618033988749895 15
    endloop
  endfacet
  facet normal 0 0 1
    outer loop
      vertex 123.83624910536935 11.859552971776504 15
      vertex 123.95155858313014 11.809654104932038 15
      vertex 130.6 40 15
    endloop
  endfacet
  facet normal 0 0 1
    outer loop
      vertex 123.95155858313014 11.809654104932038 15
      vertex 124.06350734820343 11.752613360087727 15
      vertex 130.6 40 15
    endloop
  endfacet
  facet normal 0 0 1
    outer loop
      vertex 124.17165358995798 11.68865585100403 15
      vertex 124.27557050458493 11.618033988749895 15
      vertex 130.6 40 15
    endloop
  endfacet
  facet normal 0 0 1
    outer loop
      vertex 124.17165358995798 11.68865585100403 15
      vertex 130.6 40 15
      vertex 124.06350734820343 11.752613360087727 15
    endloop
  endfacet
  facet normal 0 0 1
    outer loop
      vertex 122.4819660112501 11.902113032590307 15
      vertex 122.60262022567028 11.937166322257262 15
      vertex 130.6 40 15
    endloop
  endfacet
  facet normal 0 0 1
    outer loop
      vertex 122.36375089463064 11.859552971776504 15
      vertex 122.4819660112501 11.902113032590307 15
      vertex 130.6 40 15
    endloop
  endfacet
  facet normal 0 0 1
    outer loop
      vertex 122.60262022567028 11.937166322257262 15
      vertex 122.72523737082855 11.964574501457378 15
      vertex 130.6 40 15
    endloop
  endfacet
  facet normal 0 0 1
    outer loop
      vertex 122.84933353287138 11.984229402628955 15
      vertex 122.97441896094136 11.996053456856544 15
      vertex 130.6 40 15
    endloop
  endfacet
  facet normal 0 0 1
    outer loop
      vertex 122.72523737082855 11.964574501457378 15
      vertex 122.84933353287138 11.984229402628955 15
      vertex 130.6 40 15
    endloop
  endfacet
  facet normal 0 0 1
    outer loop
      vertex 123.22558103905862 11.996053456856544 15
      vertex 123.3506664671286 11.984229402628955 15
      vertex 130.6 40 15
    endloop
  endfacet
  facet normal 0 0 1
    outer loop
      vertex 122.97441896094136 11.996053456856544 15
      vertex 123.1 12 15
      vertex 130.6 40 15
    endloop
  endfacet
  facet normal 0 0 1
    outer loop
      vertex 123.1 12 15
      vertex 123.22558103905862 11.996053456856544 15
      vertex 130.6 40 15
    endloop
  endfacet
  facet normal 0 0 1
    outer loop
      vertex 123.3506664671286 11.984229402628955 15
      vertex 123.47476262917144 11.964574501457378 15
      vertex 130.6 40 15
    endloop
  endfacet
  facet normal 0 0 1
    outer loop
      vertex 123.59737977432971 11.937166322257262 15
      vertex 123.7180339887499 11.902113032590307 15
      vertex 130.6 40 15
    endloop
  endfacet
  facet normal 0 0 1
    outer loop
      vertex 123.59737977432971 11.937166322257262 15
      vertex 130.6 40 15
      vertex 123.47476262917144 11.964574501457378 15
    endloop
  endfacet
  facet normal 0 0 1
    outer loop
      vertex 123.83624910536935 11.859552971776504 15
      vertex 130.6 40 15
      vertex 123.7180339887499 11.902113032590307 15
    endloop
  endfacet
  facet normal 0 0 1
    outer loop
      vertex 125.1 10 15
      vertex 130.6 40 15
      vertex 125.09605345685654 10.125581039058627 15
    endloop
  endfacet
  facet normal 0 0 1
    outer loop
      vertex 125.09605345685654 10.125581039058627 15
      vertex 130.6 40 15
      vertex 125.08422940262895 10.250666467128609 15
    endloop
  endfacet
  facet normal 0 0 1
    outer loop
      vertex 125.08422940262895 10.250666467128609 15
      vertex 130.6 40 15
      vertex 125.06457450145737 10.37476262917145 15
    endloop
  endfacet
  facet normal 0 0 1
    outer loop
      vertex 125.06457450145737 10.37476262917145 15
      vertex 130.6 40 15
      vertex 125.03716632225726 10.49737977432971 15
    endloop
  endfacet
  facet normal 0 0 1
    outer loop
      vertex 125.03716632225726 10.49737977432971 15
      vertex 130.6 40 15
      vertex 125.0021130325903 10.618033988749895 15
    endloop
  endfacet
  facet normal 0 0 1
    outer loop
      vertex 125.0021130325903 10.618033988749895 15
      vertex 130.6 40 15
      vertex 124.9595529717765 10.736249105369357 15
    endloop
  endfacet
  facet normal 0 0 1
    outer loop
      vertex 124.9595529717765 10.736249105369357 15
      vertex 130.6 40 15
      vertex 124.90965410493203 10.851558583130146 15
    endloop
  endfacet
  facet normal 0 0 1
    outer loop
      vertex 124.90965410493203 10.851558583130146 15
      vertex 130.6 40 15
      vertex 124.85261336008772 10.96350734820343 15
    endloop
  endfacet
  facet normal 0 0 1
    outer loop
      vertex 124.85261336008772 10.96350734820343 15
      vertex 130.6 40 15
      vertex 124.78865585100402 11.071653589957993 15
    endloop
  endfacet
  facet normal 0 0 1
    outer loop
      vertex 124.78865585100402 11.071653589957993 15
      vertex 130.6 40 15
      vertex 124.7180339887499 11.175570504584947 15
    endloop
  endfacet
  facet normal 0 0 1
    outer loop
      vertex 124.7180339887499 11.175570504584947 15
      vertex 130.6 40 15
      vertex 124.64102648555158 11.27484797949738 15
    endloop
  endfacet
  facet normal 0 0 1
    outer loop
      vertex 124.64102648555158 11.27484797949738 15
      vertex 130.6 40 15
      vertex 124.55793725484281 11.369094211857377 15
    endloop
  endfacet
  facet normal 0 0 1
    outer loop
      vertex 124.46909421185737 11.457937254842824 15
      vertex 124.55793725484281 11.369094211857377 15
      vertex 130.6 40 15
    endloop
  endfacet
  facet normal 0 0 1
    outer loop
      vertex 124.85261336008772 29.036492651796568 15
      vertex 115.6 0 15
      vertex 130.6 40 15
    endloop
  endfacet
  facet normal 0 0 1
    outer loop
      vertex 121.1 30 15
      vertex 121.10394654314345 30.125581039058627 15
      vertex 115.6 40 15
    endloop
  endfacet
  facet normal 0 0 1
    outer loop
      vertex 121.10394654314345 30.125581039058627 15
      vertex 121.11577059737104 30.250666467128607 15
      vertex 115.6 40 15
    endloop
  endfacet
  facet normal 0 0 1
    outer loop
      vertex 121.11577059737104 30.250666467128607 15
      vertex 121.13542549854262 30.37476262917145 15
      vertex 115.6 40 15
    endloop
  endfacet
  facet normal 0 0 1
    outer loop
      vertex 121.13542549854262 30.37476262917145 15
      vertex 121.16283367774273 30.49737977432971 15
      vertex 115.6 40 15
    endloop
  endfacet
  facet normal 0 0 1
    outer loop
      vertex 121.16283367774273 30.49737977432971 15
      vertex 121.19788696740969 30.618033988749893 15
      vertex 115.6 40 15
    endloop
  endfacet
  facet normal 0 0 1
    outer loop
      vertex 121.19788696740969 30.618033988749893 15
      vertex 121.24044702822349 30.736249105369357 15
      vertex 115.6 40 15
    endloop
  endfacet
  facet normal 0 0 1
    outer loop
      vertex 121.24044702822349 30.736249105369357 15
      vertex 121.29034589506796 30.851558583130146 15
      vertex 115.6 40 15
    endloop
  endfacet
  facet normal 0 0 1
    outer loop
      vertex 121.29034589506796 30.851558583130146 15
      vertex 121.34738663991227 30.963507348203432 15
      vertex 115.6 40 15
    endloop
  endfacet
  facet normal 0 0 1
    outer loop
      vertex 121.34738663991227 30.963507348203432 15
      vertex 121.41134414899597 31.071653589957993 15
      vertex 115.6 40 15
    endloop
  endfacet
  facet normal 0 0 1
    outer loop
      vertex 121.41134414899597 31.071653589957993 15
      vertex 121.4819660112501 31.175570504584947 15
      vertex 115.6 40 15
    endloop
  endfacet
  facet normal 0 0 1
    outer loop
      vertex 121.4819660112501 31.175570504584947 15
      vertex 121.55897351444841 31.27484797949738 15
      vertex 115.6 40 15
    endloop
  endfacet
  facet normal 0 0 1
    outer loop
      vertex 121.55897351444841 31.27484797949738 15
      vertex 121.64206274515718 31.369094211857377 15
      vertex 115.6 40 15
    endloop
  endfacet
  facet normal 0 0 1
    outer loop
      vertex 121.64206274515718 31.369094211857377 15
      vertex 121.73090578814262 31.45793725484282 15
      vertex 115.6 40 15
    endloop
  endfacet
  facet normal 0 0 1
    outer loop
      vertex 121.73090578814262 31.45793725484282 15
      vertex 121.82515202050261 31.54102648555158 15
      vertex 115.6 40 15
    endloop
  endfacet
  facet normal 0 0 1
    outer loop
      vertex 121.82515202050261 31.54102648555158 15
      vertex 121.92442949541505 31.618033988749893 15
      vertex 115.6 40 15
    endloop
  endfacet
  facet normal 0 0 1
    outer loop
      vertex 121.92442949541505 31.618033988749893 15
      vertex 122.028346410042 31.68865585100403 15
      vertex 115.6 40 15
    endloop
  endfacet
  facet normal 0 0 1
    outer loop
      vertex 122.028346410042 31.68865585100403 15
      vertex 122.13649265179656 31.75261336008773 15
      vertex 115.6 40 15
    endloop
  endfacet
  facet normal 0 0 1
    outer loop
      vertex 122.13649265179656 31.75261336008773 15
      vertex 122.24844141686985 31.80965410493204 15
      vertex 115.6 40 15
    endloop
  endfacet
  facet normal 0 0 1
    outer loop
      vertex 122.24844141686985 31.80965410493204 15
      vertex 122.36375089463064 31.859552971776502 15
      vertex 115.6 40 15
    endloop
  endfacet
  facet normal 0 0 1
    outer loop
      vertex 124.46909421185737 31.45793725484282 15
      vertex 130.6 40 15
      vertex 124.37484797949737 31.54102648555158 15
    endloop
  endfacet
  facet normal 0 0 1
    outer loop
      vertex 122.36375089463064 31.859552971776502 15
      vertex 122.4819660112501 31.902113032590307 15
      vertex 130.6 40 15
    endloop
  endfacet
  facet normal 0 0 1
    outer loop
      vertex 122.4819660112501 31.902113032590307 15
      vertex 122.60262022567028 31.937166322257262 15
      vertex 130.6 40 15
    endloop
  endfacet
  facet normal 0 0 1
    outer loop
      vertex 122.60262022567028 31.937166322257262 15
      vertex 122.72523737082855 31.964574501457378 15
      vertex 130.6 40 15
    endloop
  endfacet
  facet normal 0 0 1
    outer loop
      vertex 122.72523737082855 31.964574501457378 15
      vertex 122.84933353287138 31.984229402628955 15
      vertex 130.6 40 15
    endloop
  endfacet
  facet normal 0 0 1
    outer loop
      vertex 122.84933353287138 31.984229402628955 15
      vertex 122.97441896094136 31.996053456856544 15
      vertex 130.6 40 15
    endloop
  endfacet
  facet normal 0 0 1
    outer loop
      vertex 122.97441896094136 31.996053456856544 15
      vertex 123.1 32 15
      vertex 130.6 40 15
    endloop
  endfacet
  facet normal 0 0 1
    outer loop
      vertex 123.1 32 15
      vertex 123.22558103905862 31.996053456856544 15
      vertex 130.6 40 15
    endloop
  endfacet
  facet normal 0 0 1
    outer loop
      vertex 123.22558103905862 31.996053456856544 15
      vertex 123.3506664671286 31.984229402628955 15
      vertex 130.6 40 15
    endloop
  endfacet
  facet normal 0 0 1
    outer loop
      vertex 123.3506664671286 31.984229402628955 15
      vertex 123.47476262917144 31.964574501457378 15
      vertex 130.6 40 15
    endloop
  endfacet
  facet normal 0 0 1
    outer loop
      vertex 123.59737977432971 31.937166322257262 15
      vertex 130.6 40 15
      vertex 123.47476262917144 31.964574501457378 15
    endloop
  endfacet
  facet normal 0 0 1
    outer loop
      vertex 123.59737977432971 31.937166322257262 15
      vertex 123.7180339887499 31.902113032590307 15
      vertex 130.6 40 15
    endloop
  endfacet
  facet normal 0 0 1
    outer loop
      vertex 123.95155858313014 31.80965410493204 15
      vertex 124.06350734820343 31.75261336008773 15
      vertex 130.6 40 15
    endloop
  endfacet
  facet normal 0 0 1
    outer loop
      vertex 124.17165358995798 31.68865585100403 15
      vertex 124.27557050458493 31.618033988749893 15
      vertex 130.6 40 15
    endloop
  endfacet
  facet normal 0 0 1
    outer loop
      vertex 124.37484797949737 31.54102648555158 15
      vertex 130.6 40 15
      vertex 124.27557050458493 31.618033988749893 15
    endloop
  endfacet
  facet normal 0 0 1
    outer loop
      vertex 124.17165358995798 31.68865585100403 15
      vertex 130.6 40 15
      vertex 124.06350734820343 31.75261336008773 15
    endloop
  endfacet
  facet normal 0 0 1
    outer loop
      vertex 123.83624910536935 31.859552971776502 15
      vertex 123.95155858313014 31.80965410493204 15
      vertex 130.6 40 15
    endloop
  endfacet
  facet normal 0 0 1
    outer loop
      vertex 123.83624910536935 31.859552971776502 15
      vertex 130.6 40 15
      vertex 123.7180339887499 31.902113032590307 15
    endloop
  endfacet
  facet normal 0 0 1
    outer loop
      vertex 124.85261336008772 29.036492651796568 15
      vertex 130.6 40 15
      vertex 124.90965410493203 29.148441416869854 15
    endloop
  endfacet
  facet normal 0 0 1
    outer loop
      vertex 124.90965410493203 29.148441416869854 15
      vertex 130.6 40 15
      vertex 124.9595529717765 29.263750894630643 15
    endloop
  endfacet
  facet normal 0 0 1
    outer loop
      vertex 124.9595529717765 29.263750894630643 15
      vertex 130.6 40 15
      vertex 125.0021130325903 29.381966011250107 15
    endloop
  endfacet
  facet normal 0 0 1
    outer loop
      vertex 125.0021130325903 29.381966011250107 15
      vertex 130.6 40 15
      vertex 125.03716632225726 29.50262022567029 15
    endloop
  endfacet
  facet normal 0 0 1
    outer loop
      vertex 125.03716632225726 29.50262022567029 15
      vertex 130.6 40 15
      vertex 125.06457450145737 29.62523737082855 15
    endloop
  endfacet
  facet normal 0 0 1
    outer loop
      vertex 125.06457450145737 29.62523737082855 15
      vertex 130.6 40 15
      vertex 125.08422940262895 29.749333532871393 15
    endloop
  endfacet
  facet normal 0 0 1
    outer loop
      vertex 125.08422940262895 29.749333532871393 15
      vertex 130.6 40 15
      vertex 125.09605345685654 29.874418960941373 15
    endloop
  endfacet
  facet normal 0 0 1
    outer loop
      vertex 125.09605345685654 29.874418960941373 15
      vertex 130.6 40 15
      vertex 125.1 30 15
    endloop
  endfacet
  facet normal 0 0 1
    outer loop
      vertex 125.1 30 15
      vertex 130.6 40 15
      vertex 125.09605345685654 30.125581039058627 15
    endloop
  endfacet
  facet normal 0 0 1
    outer loop
      vertex 125.09605345685654 30.125581039058627 15
      vertex 130.6 40 15
      vertex 125.08422940262895 30.25066646712861 15
    endloop
  endfacet
  facet normal 0 0 1
    outer loop
      vertex 125.08422940262895 30.25066646712861 15
      vertex 130.6 40 15
      vertex 125.06457450145737 30.37476262917145 15
    endloop
  endfacet
  facet normal 0 0 1
    outer loop
      vertex 125.06457450145737 30.37476262917145 15
      vertex 130.6 40 15
      vertex 125.03716632225726 30.49737977432971 15
    endloop
  endfacet
  facet normal 0 0 1
    outer loop
      vertex 125.03716632225726 30.49737977432971 15
      vertex 130.6 40 15
      vertex 125.0021130325903 30.618033988749893 15
    endloop
  endfacet
  facet normal 0 0 1
    outer loop
      vertex 125.0021130325903 30.618033988749893 15
      vertex 130.6 40 15
      vertex 124.9595529717765 30.736249105369357 15
    endloop
  endfacet
  facet normal 0 0 1
    outer loop
      vertex 124.9595529717765 30.736249105369357 15
      vertex 130.6 40 15
      vertex 124.90965410493203 30.851558583130146 15
    endloop
  endfacet
  facet normal 0 0 1
    outer loop
      vertex 124.85261336008772 30.963507348203432 15
      vertex 130.6 40 15
      vertex 124.78865585100402 31.071653589957993 15
    endloop
  endfacet
  facet normal 0 0 1
    outer loop
      vertex 124.90965410493203 30.851558583130146 15
      vertex 130.6 40 15
      vertex 124.85261336008772 30.963507348203432 15
    endloop
  endfacet
  facet normal 0 0 1
    outer loop
      vertex 124.78865585100402 31.071653589957993 15
      vertex 130.6 40 15
      vertex 124.7180339887499 31.175570504584947 15
    endloop
  endfacet
  facet normal 0 0 1
    outer loop
      vertex 124.64102648555158 31.27484797949738 15
      vertex 130.6 40 15
      vertex 124.55793725484281 31.369094211857377 15
    endloop
  endfacet
  facet normal 0 0 1
    outer loop
      vertex 124.7180339887499 31.175570504584947 15
      vertex 130.6 40 15
      vertex 124.64102648555158 31.27484797949738 15
    endloop
  endfacet
  facet normal 0 0 1
    outer loop
      vertex 124.46909421185737 31.45793725484282 15
      vertex 124.55793725484281 31.369094211857377 15
      vertex 130.6 40 15
    endloop
  endfacet
  facet normal 0 0 1
    outer loop
      vertex 122.36375089463064 31.859552971776502 15
      vertex 130.6 40 15
      vertex 115.6 40 15
    endloop
  endfacet
  facet normal 1 0 0
    outer loop
      vertex 115.6 32.12164453856291 29.988700288274277
      vertex 115.6 0 15
      vertex 115.6 32.38154818144689 29.670333536972063
    endloop
  endfacet
  facet normal 1 0 0
    outer loop
      vertex 115.6 32.613371719050704 29.360350817513712
      vertex 115.6 32.38154818144689 29.670333536972063
      vertex 115.6 0 15
    endloop
  endfacet
  facet normal 1 0 0
    outer loop
      vertex 115.6 32.81776736377227 29.05968758906372
      vertex 115.6 32.613371719050704 29.360350817513712
      vertex 115.6 0 15
    endloop
  endfacet
  facet normal 1 0 0
    outer loop
      vertex 115.6 32.99551331349204 28.769105158166006
      vertex 115.6 32.81776736377227 29.05968758906372
      vertex 115.6 0 15
    endloop
  endfacet
  facet normal 1 0 0
    outer loop
      vertex 115.6 33.14748201438849 28.489208633093526
      vertex 115.6 32.99551331349204 28.769105158166006
      vertex 115.6 0 15
    endloop
  endfacet
  facet normal 1 0 0
    outer loop
      vertex 115.6 30.391676938367414 31.65931233596064
      vertex 115.6 29.961525439886607 31.99664012374005
      vertex 115.6 0 15
    endloop
  endfacet
  facet normal 1 0 0
    outer loop
      vertex 115.6 30.391676938367414 31.65931233596064
      vertex 115.6 0 15
      vertex 115.6 30.79468226009942 31.32027155393474
    endloop
  endfacet
  facet normal 1 0 0
    outer loop
      vertex 115.6 31.16959245710313 30.98178200744683
      vertex 115.6 0 15
      vertex 115.6 31.515835134092278 30.645870041750406
    endloop
  endfacet
  facet normal 1 0 0
    outer loop
      vertex 115.6 31.515835134092278 30.645870041750406
      vertex 115.6 0 15
      vertex 115.6 31.833170156389784 30.314324034692625
    endloop
  endfacet
  facet normal 1 0 0
    outer loop
      vertex 115.6 30.79468226009942 31.32027155393474
      vertex 115.6 0 15
      vertex 115.6 31.16959245710313 30.98178200744683
    endloop
  endfacet
  facet normal 1 0 0
    outer loop
      vertex 115.6 32.12164453856291 29.988700288274277
      vertex 115.6 31.833170156389784 30.314324034692625
      vertex 115.6 0 15
    endloop
  endfacet
  facet normal 1 0 0
    outer loop
      vertex 115.6 5.017985611510792 28.489208633093526
      vertex 115.6 28.003761111274873 33.275880661071014
      vertex 115.6 27.467809874258542 33.56339272861397
    endloop
  endfacet
  facet normal 1 0 0
    outer loop
      vertex 15.3 30.3 3.3
      vertex 15.3 0 3.3
      vertex 15.3 0 0
    endloop
  endfacet
  facet normal 0 0 -1
    outer loop
      vertex 27.118753133495883 16.85227671605437 3.3
      vertex 27.21100071570451 16.812357622578798 3.3
      vertex 15.3 0 3.3
    endloop
  endfacet
  facet normal 0 0 -1
    outer loop
      vertex 27.40209618053623 16.75026694219419 3.3
      vertex 27.50018989666284 16.7283403988341 3.3
      vertex 15.3 0 3.3
    endloop
  endfacet
  facet normal 0 0 -1
    outer loop
      vertex 27.50018989666284 16.7283403988341 3.3
      vertex 27.59946682629711 16.712616477896837 3.3
      vertex 15.3 0 3.3
    endloop
  endfacet
  facet normal 0 0 -1
    outer loop
      vertex 27.21100071570451 16.812357622578798 3.3
      vertex 27.305572809000083 16.778309573927753 3.3
      vertex 15.3 0 3.3
    endloop
  endfacet
  facet normal 0 0 -1
    outer loop
      vertex 27.40209618053623 16.75026694219419 3.3
      vertex 15.3 0 3.3
      vertex 27.305572809000083 16.778309573927753 3.3
    endloop
  endfacet
  facet normal 0 0 -1
    outer loop
      vertex 27.59946682629711 16.712616477896837 3.3
      vertex 27.699535168753094 16.703157234514766 3.3
      vertex 15.3 0 3.3
    endloop
  endfacet
  facet normal 0 0 -1
    outer loop
      vertex 27.699535168753094 16.703157234514766 3.3
      vertex 27.799999999999997 16.7 3.3
      vertex 15.3 0 3.3
    endloop
  endfacet
  facet normal 0 0 -1
    outer loop
      vertex 27.799999999999997 16.7 3.3
      vertex 27.9004648312469 16.703157234514766 3.3
      vertex 15.3 0 3.3
    endloop
  endfacet
  facet normal 0 0 -1
    outer loop
      vertex 27.9004648312469 16.703157234514766 3.3
      vertex 28.000533173702884 16.712616477896837 3.3
      vertex 15.3 0 3.3
    endloop
  endfacet
  facet normal 0 0 -1
    outer loop
      vertex 28.000533173702884 16.712616477896837 3.3
      vertex 28.099810103337155 16.7283403988341 3.3
      vertex 15.3 0 3.3
    endloop
  endfacet
  facet normal 0 0 -1
    outer loop
      vertex 26.780121616402095 17.067178811558737 3.3
      vertex 15.3 0 3.3
      vertex 26.704724630514097 17.133650196125743 3.3
    endloop
  endfacet
  facet normal 0 0 -1
    outer loop
      vertex 26.704724630514097 17.133650196125743 3.3
      vertex 15.3 0 3.3
      vertex 26.63365019612574 17.2047246305141 3.3
    endloop
  endfacet
  facet normal 0 0 -1
    outer loop
      vertex 26.505572809000082 17.359543596332045 3.3
      vertex 26.567178811558733 17.2801216164021 3.3
      vertex 15.3 0 3.3
    endloop
  endfacet
  facet normal 0 0 -1
    outer loop
      vertex 26.63365019612574 17.2047246305141 3.3
      vertex 15.3 0 3.3
      vertex 26.567178811558733 17.2801216164021 3.3
    endloop
  endfacet
  facet normal 0 0 -1
    outer loop
      vertex 26.9426771280336 16.949075319196776 3.3
      vertex 15.3 0 3.3
      vertex 26.85954359633204 17.005572809000085 3.3
    endloop
  endfacet
  facet normal 0 0 -1
    outer loop
      vertex 27.029194121437254 16.89790931192982 3.3
      vertex 15.3 0 3.3
      vertex 26.9426771280336 16.949075319196776 3.3
    endloop
  endfacet
  facet normal 0 0 -1
    outer loop
      vertex 27.118753133495883 16.85227671605437 3.3
      vertex 15.3 0 3.3
      vertex 27.029194121437254 16.89790931192982 3.3
    endloop
  endfacet
  facet normal 0 0 -1
    outer loop
      vertex 26.85954359633204 17.005572809000085 3.3
      vertex 15.3 0 3.3
      vertex 26.780121616402095 17.067178811558737 3.3
    endloop
  endfacet
  facet normal 0 0 -1
    outer loop
      vertex 26.397909311929816 17.529194121437257 3.3
      vertex 15.3 0 3.3
      vertex 26.352276716054366 17.618753133495886 3.3
    endloop
  endfacet
  facet normal 0 0 -1
    outer loop
      vertex 26.505572809000082 17.359543596332045 3.3
      vertex 15.3 0 3.3
      vertex 26.449075319196773 17.442677128033605 3.3
    endloop
  endfacet
  facet normal 0 0 -1
    outer loop
      vertex 26.449075319196773 17.442677128033605 3.3
      vertex 15.3 0 3.3
      vertex 26.397909311929816 17.529194121437257 3.3
    endloop
  endfacet
  facet normal 0 0 -1
    outer loop
      vertex 26.352276716054366 17.618753133495886 3.3
      vertex 15.3 0 3.3
      vertex 26.312357622578794 17.711000715704515 3.3
    endloop
  endfacet
  facet normal 0 0 -1
    outer loop
      vertex 26.312357622578794 17.711000715704515 3.3
      vertex 15.3 0 3.3
      vertex 26.27830957392775 17.805572809000086 3.3
    endloop
  endfacet
  facet normal 0 0 -1
    outer loop
      vertex 26.27830957392775 17.805572809000086 3.3
      vertex 15.3 0 3.3
      vertex 26.250266942194187 17.902096180536233 3.3
    endloop
  endfacet
  facet normal 0 0 -1
    outer loop
      vertex 26.250266942194187 17.902096180536233 3.3
      vertex 15.3 0 3.3
      vertex 26.228340398834096 18.000189896662842 3.3
    endloop
  endfacet
  facet normal 0 0 -1
    outer loop
      vertex 26.212616477896834 18.099466826297114 3.3
      vertex 15.3 0 3.3
      vertex 26.203157234514762 18.199535168753098 3.3
    endloop
  endfacet
  facet normal 0 0 -1
    outer loop
      vertex 26.228340398834096 18.000189896662842 3.3
      vertex 15.3 0 3.3
      vertex 26.212616477896834 18.099466826297114 3.3
    endloop
  endfacet
  facet normal 0 0 -1
    outer loop
      vertex 26.203157234514762 18.199535168753098 3.3
      vertex 15.3 0 3.3
      vertex 26.199999999999996 18.3 3.3
    endloop
  endfacet
  facet normal 0 0 -1
    outer loop
      vertex 26.199999999999996 18.3 3.3
      vertex 15.3 0 3.3
      vertex 26.203157234514762 18.400464831246904 3.3
    endloop
  endfacet
  facet normal 0 0 -1
    outer loop
      vertex 26.203157234514762 18.400464831246904 3.3
      vertex 15.3 0 3.3
      vertex 26.212616477896834 18.500533173702888 3.3
    endloop
  endfacet
  facet normal 0 0 -1
    outer loop
      vertex 26.212616477896834 18.500533173702888 3.3
      vertex 15.3 0 3.3
      vertex 26.228340398834096 18.59981010333716 3.3
    endloop
  endfacet
  facet normal 0 0 -1
    outer loop
      vertex 26.228340398834096 18.59981010333716 3.3
      vertex 15.3 0 3.3
      vertex 26.250266942194187 18.697903819463768 3.3
    endloop
  endfacet
  facet normal 0 0 -1
    outer loop
      vertex 26.250266942194187 18.697903819463768 3.3
      vertex 15.3 0 3.3
      vertex 26.27830957392775 18.794427190999915 3.3
    endloop
  endfacet
  facet normal 0 0 -1
    outer loop
      vertex 26.27830957392775 18.794427190999915 3.3
      vertex 15.3 0 3.3
      vertex 26.312357622578794 18.888999284295487 3.3
    endloop
  endfacet
  facet normal 0 0 -1
    outer loop
      vertex 26.312357622578794 18.888999284295487 3.3
      vertex 15.3 0 3.3
      vertex 26.352276716054366 18.981246866504115 3.3
    endloop
  endfacet
  facet normal 0 0 -1
    outer loop
      vertex 26.352276716054366 18.981246866504115 3.3
      vertex 15.3 0 3.3
      vertex 26.397909311929816 19.070805878562744 3.3
    endloop
  endfacet
  facet normal 0 0 -1
    outer loop
      vertex 28.099810103337155 16.7283403988341 3.3
      vertex 52.8 16.7 3.3
      vertex 15.3 0 3.3
    endloop
  endfacet
  facet normal 0 0 -1
    outer loop
      vertex 26.397909311929816 19.070805878562744 3.3
      vertex 15.3 0 3.3
      vertex 15.3 30.3 3.3
    endloop
  endfacet
  facet normal 0 0 -1
    outer loop
      vertex 53.481246866504115 16.85227671605437 3.3
      vertex 115.89999999999999 0 3.3
      vertex 15.3 0 3.3
    endloop
  endfacet
  facet normal 0 0 -1
    outer loop
      vertex 52.9004648312469 16.703157234514766 3.3
      vertex 53.000533173702884 16.712616477896837 3.3
      vertex 15.3 0 3.3
    endloop
  endfacet
  facet normal 0 0 -1
    outer loop
      vertex 52.8 16.7 3.3
      vertex 52.9004648312469 16.703157234514766 3.3
      vertex 15.3 0 3.3
    endloop
  endfacet
  facet normal 0 0 -1
    outer loop
      vertex 53.099810103337155 16.7283403988341 3.3
      vertex 53.19790381946376 16.75026694219419 3.3
      vertex 15.3 0 3.3
    endloop
  endfacet
  facet normal 0 0 -1
    outer loop
      vertex 53.000533173702884 16.712616477896837 3.3
      vertex 53.099810103337155 16.7283403988341 3.3
      vertex 15.3 0 3.3
    endloop
  endfacet
  facet normal 0 0 -1
    outer loop
      vertex 53.29442719099991 16.778309573927753 3.3
      vertex 53.38899928429548 16.812357622578798 3.3
      vertex 15.3 0 3.3
    endloop
  endfacet
  facet normal 0 0 -1
    outer loop
      vertex 53.19790381946376 16.75026694219419 3.3
      vertex 53.29442719099991 16.778309573927753 3.3
      vertex 15.3 0 3.3
    endloop
  endfacet
  facet normal 0 0 -1
    outer loop
      vertex 53.38899928429548 16.812357622578798 3.3
      vertex 53.481246866504115 16.85227671605437 3.3
      vertex 15.3 0 3.3
    endloop
  endfacet
  facet normal 0 0 -1
    outer loop
      vertex 28.099810103337155 16.7283403988341 3.3
      vertex 28.197903819463765 16.75026694219419 3.3
      vertex 52.50018989666284 16.7283403988341 3.3
    endloop
  endfacet
  facet normal 0 0 -1
    outer loop
      vertex 28.197903819463765 16.75026694219419 3.3
      vertex 28.29442719099991 16.778309573927753 3.3
      vertex 52.402096180536226 16.75026694219419 3.3
    endloop
  endfacet
  facet normal 0 0 -1
    outer loop
      vertex 28.29442719099991 16.778309573927753 3.3
      vertex 28.388999284295483 16.812357622578798 3.3
      vertex 52.30557280900008 16.778309573927753 3.3
    endloop
  endfacet
  facet normal 0 0 -1
    outer loop
      vertex 28.388999284295483 16.812357622578798 3.3
      vertex 28.48124686650411 16.85227671605437 3.3
      vertex 52.211000715704515 16.812357622578798 3.3
    endloop
  endfacet
  facet normal 0 0 -1
    outer loop
      vertex 28.48124686650411 16.85227671605437 3.3
      vertex 28.57080587856274 16.89790931192982 3.3
      vertex 52.11875313349588 16.85227671605437 3.3
    endloop
  endfacet
  facet normal 0 0 -1
    outer loop
      vertex 28.57080587856274 16.89790931192982 3.3
      vertex 28.65732287196639 16.949075319196776 3.3
      vertex 52.02919412143725 16.89790931192982 3.3
    endloop
  endfacet
  facet normal 0 0 -1
    outer loop
      vertex 28.65732287196639 16.949075319196776 3.3
      vertex 28.740456403667956 17.005572809000085 3.3
      vertex 51.9426771280336 16.949075319196776 3.3
    endloop
  endfacet
  facet normal 0 0 -1
    outer loop
      vertex 28.740456403667956 17.005572809000085 3.3
      vertex 28.819878383597903 17.067178811558737 3.3
      vertex 51.85954359633204 17.005572809000085 3.3
    endloop
  endfacet
  facet normal 0 0 -1
    outer loop
      vertex 28.819878383597903 17.067178811558737 3.3
      vertex 28.895275369485898 17.133650196125743 3.3
      vertex 51.78012161640209 17.067178811558737 3.3
    endloop
  endfacet
  facet normal 0 0 -1
    outer loop
      vertex 28.895275369485898 17.133650196125743 3.3
      vertex 28.966349803874255 17.2047246305141 3.3
      vertex 51.70472463051409 17.133650196125743 3.3
    endloop
  endfacet
  facet normal 0 0 -1
    outer loop
      vertex 28.966349803874255 17.2047246305141 3.3
      vertex 29.03282118844126 17.2801216164021 3.3
      vertex 51.633650196125735 17.2047246305141 3.3
    endloop
  endfacet
  facet normal 0 0 -1
    outer loop
      vertex 29.03282118844126 17.2801216164021 3.3
      vertex 29.094427190999912 17.359543596332045 3.3
      vertex 51.56717881155873 17.2801216164021 3.3
    endloop
  endfacet
  facet normal 0 0 -1
    outer loop
      vertex 29.094427190999912 17.359543596332045 3.3
      vertex 29.15092468080322 17.44267712803361 3.3
      vertex 51.50557280900008 17.359543596332045 3.3
    endloop
  endfacet
  facet normal 0 0 -1
    outer loop
      vertex 29.15092468080322 17.44267712803361 3.3
      vertex 29.20209068807018 17.529194121437257 3.3
      vertex 51.44907531919677 17.442677128033605 3.3
    endloop
  endfacet
  facet normal 0 0 -1
    outer loop
      vertex 29.20209068807018 17.529194121437257 3.3
      vertex 29.24772328394563 17.618753133495886 3.3
      vertex 51.397909311929816 17.529194121437257 3.3
    endloop
  endfacet
  facet normal 0 0 -1
    outer loop
      vertex 29.24772328394563 17.618753133495886 3.3
      vertex 29.2876423774212 17.711000715704515 3.3
      vertex 51.35227671605436 17.618753133495886 3.3
    endloop
  endfacet
  facet normal 0 0 -1
    outer loop
      vertex 29.2876423774212 17.711000715704515 3.3
      vertex 29.321690426072244 17.805572809000086 3.3
      vertex 51.312357622578794 17.711000715704515 3.3
    endloop
  endfacet
  facet normal 0 0 -1
    outer loop
      vertex 29.321690426072244 17.805572809000086 3.3
      vertex 29.349733057805807 17.902096180536233 3.3
      vertex 51.27830957392775 17.805572809000086 3.3
    endloop
  endfacet
  facet normal 0 0 -1
    outer loop
      vertex 29.349733057805807 17.902096180536233 3.3
      vertex 29.3716596011659 18.000189896662842 3.3
      vertex 51.25026694219419 17.902096180536233 3.3
    endloop
  endfacet
  facet normal 0 0 -1
    outer loop
      vertex 29.3716596011659 18.000189896662842 3.3
      vertex 29.38738352210316 18.099466826297114 3.3
      vertex 51.22834039883409 18.000189896662842 3.3
    endloop
  endfacet
  facet normal 0 0 -1
    outer loop
      vertex 29.38738352210316 18.099466826297114 3.3
      vertex 29.396842765485232 18.199535168753098 3.3
      vertex 51.21261647789683 18.099466826297114 3.3
    endloop
  endfacet
  facet normal 0 0 -1
    outer loop
      vertex 29.396842765485232 18.199535168753098 3.3
      vertex 29.4 18.3 3.3
      vertex 51.20315723451476 18.199535168753098 3.3
    endloop
  endfacet
  facet normal 0 0 -1
    outer loop
      vertex 29.4 18.3 3.3
      vertex 29.396842765485232 18.400464831246904 3.3
      vertex 51.199999999999996 18.3 3.3
    endloop
  endfacet
  facet normal 0 0 -1
    outer loop
      vertex 29.396842765485232 18.400464831246904 3.3
      vertex 29.38738352210316 18.500533173702888 3.3
      vertex 51.20315723451476 18.400464831246904 3.3
    endloop
  endfacet
  facet normal 0 0 -1
    outer loop
      vertex 29.38738352210316 18.500533173702888 3.3
      vertex 29.3716596011659 18.59981010333716 3.3
      vertex 51.21261647789683 18.500533173702888 3.3
    endloop
  endfacet
  facet normal 0 0 -1
    outer loop
      vertex 29.3716596011659 18.59981010333716 3.3
      vertex 29.349733057805807 18.697903819463768 3.3
      vertex 51.22834039883409 18.59981010333716 3.3
    endloop
  endfacet
  facet normal 0 0 -1
    outer loop
      vertex 29.349733057805807 18.697903819463768 3.3
      vertex 29.321690426072244 18.794427190999915 3.3
      vertex 51.25026694219419 18.697903819463768 3.3
    endloop
  endfacet
  facet normal 0 0 -1
    outer loop
      vertex 29.321690426072244 18.794427190999915 3.3
      vertex 29.2876423774212 18.888999284295487 3.3
      vertex 51.27830957392775 18.794427190999915 3.3
    endloop
  endfacet
  facet normal 0 0 -1
    outer loop
      vertex 29.2876423774212 18.888999284295487 3.3
      vertex 29.24772328394563 18.981246866504115 3.3
      vertex 51.312357622578794 18.888999284295487 3.3
    endloop
  endfacet
  facet normal 0 0 -1
    outer loop
      vertex 29.24772328394563 18.981246866504115 3.3
      vertex 29.20209068807018 19.070805878562744 3.3
      vertex 51.35227671605436 18.981246866504115 3.3
    endloop
  endfacet
  facet normal 0 0 -1
    outer loop
      vertex 29.20209068807018 19.070805878562744 3.3
      vertex 29.15092468080322 19.157322871966397 3.3
      vertex 51.397909311929816 19.070805878562744 3.3
    endloop
  endfacet
  facet normal 0 0 -1
    outer loop
      vertex 29.15092468080322 19.157322871966397 3.3
      vertex 29.094427190999912 19.240456403667956 3.3
      vertex 51.44907531919677 19.157322871966397 3.3
    endloop
  endfacet
  facet normal 0 0 -1
    outer loop
      vertex 29.03282118844126 19.319878383597903 3.3
      vertex 51.50557280900008 19.240456403667956 3.3
      vertex 29.094427190999912 19.240456403667956 3.3
    endloop
  endfacet
  facet normal 0 0 -1
    outer loop
      vertex 29.03282118844126 19.319878383597903 3.3
      vertex 28.966349803874255 19.3952753694859 3.3
      vertex 51.56717881155873 19.319878383597903 3.3
    endloop
  endfacet
  facet normal 0 0 -1
    outer loop
      vertex 28.895275369485898 19.46634980387426 3.3
      vertex 28.8198783835979 19.532821188441265 3.3
      vertex 51.56717881155873 19.319878383597903 3.3
    endloop
  endfacet
  facet normal 0 0 -1
    outer loop
      vertex 28.966349803874255 19.3952753694859 3.3
      vertex 28.895275369485898 19.46634980387426 3.3
      vertex 51.56717881155873 19.319878383597903 3.3
    endloop
  endfacet
  facet normal 0 0 -1
    outer loop
      vertex 28.197903819463765 16.75026694219419 3.3
      vertex 52.402096180536226 16.75026694219419 3.3
      vertex 52.50018989666284 16.7283403988341 3.3
    endloop
  endfacet
  facet normal 0 0 -1
    outer loop
      vertex 28.29442719099991 16.778309573927753 3.3
      vertex 52.30557280900008 16.778309573927753 3.3
      vertex 52.402096180536226 16.75026694219419 3.3
    endloop
  endfacet
  facet normal 0 0 -1
    outer loop
      vertex 28.388999284295483 16.812357622578798 3.3
      vertex 52.211000715704515 16.812357622578798 3.3
      vertex 52.30557280900008 16.778309573927753 3.3
    endloop
  endfacet
  facet normal 0 0 -1
    outer loop
      vertex 28.48124686650411 16.85227671605437 3.3
      vertex 52.11875313349588 16.85227671605437 3.3
      vertex 52.211000715704515 16.812357622578798 3.3
    endloop
  endfacet
  facet normal 0 0 -1
    outer loop
      vertex 28.099810103337155 16.7283403988341 3.3
      vertex 52.59946682629711 16.712616477896837 3.3
      vertex 52.699535168753094 16.703157234514766 3.3
    endloop
  endfacet
  facet normal 0 0 -1
    outer loop
      vertex 28.099810103337155 16.7283403988341 3.3
      vertex 52.699535168753094 16.703157234514766 3.3
      vertex 52.8 16.7 3.3
    endloop
  endfacet
  facet normal 0 0 -1
    outer loop
      vertex 28.099810103337155 16.7283403988341 3.3
      vertex 52.50018989666284 16.7283403988341 3.3
      vertex 52.59946682629711 16.712616477896837 3.3
    endloop
  endfacet
  facet normal 0 0 -1
    outer loop
      vertex 28.57080587856274 16.89790931192982 3.3
      vertex 52.02919412143725 16.89790931192982 3.3
      vertex 52.11875313349588 16.85227671605437 3.3
    endloop
  endfacet
  facet normal 0 0 -1
    outer loop
      vertex 28.65732287196639 16.949075319196776 3.3
      vertex 51.9426771280336 16.949075319196776 3.3
      vertex 52.02919412143725 16.89790931192982 3.3
    endloop
  endfacet
  facet normal 0 0 -1
    outer loop
      vertex 28.740456403667956 17.005572809000085 3.3
      vertex 51.85954359633204 17.005572809000085 3.3
      vertex 51.9426771280336 16.949075319196776 3.3
    endloop
  endfacet
  facet normal 0 0 -1
    outer loop
      vertex 28.895275369485898 17.133650196125743 3.3
      vertex 51.70472463051409 17.133650196125743 3.3
      vertex 51.78012161640209 17.067178811558737 3.3
    endloop
  endfacet
  facet normal 0 0 -1
    outer loop
      vertex 28.966349803874255 17.2047246305141 3.3
      vertex 51.633650196125735 17.2047246305141 3.3
      vertex 51.70472463051409 17.133650196125743 3.3
    endloop
  endfacet
  facet normal 0 0 -1
    outer loop
      vertex 28.819878383597903 17.067178811558737 3.3
      vertex 51.78012161640209 17.067178811558737 3.3
      vertex 51.85954359633204 17.005572809000085 3.3
    endloop
  endfacet
  facet normal 0 0 -1
    outer loop
      vertex 29.03282118844126 17.2801216164021 3.3
      vertex 51.56717881155873 17.2801216164021 3.3
      vertex 51.633650196125735 17.2047246305141 3.3
    endloop
  endfacet
  facet normal 0 0 -1
    outer loop
      vertex 29.094427190999912 17.359543596332045 3.3
      vertex 51.50557280900008 17.359543596332045 3.3
      vertex 51.56717881155873 17.2801216164021 3.3
    endloop
  endfacet
  facet normal 0 0 -1
    outer loop
      vertex 29.15092468080322 17.44267712803361 3.3
      vertex 51.44907531919677 17.442677128033605 3.3
      vertex 51.50557280900008 17.359543596332045 3.3
    endloop
  endfacet
  facet normal 0 0 -1
    outer loop
      vertex 29.20209068807018 17.529194121437257 3.3
      vertex 51.397909311929816 17.529194121437257 3.3
      vertex 51.44907531919677 17.442677128033605 3.3
    endloop
  endfacet
  facet normal 0 0 -1
    outer loop
      vertex 29.24772328394563 17.618753133495886 3.3
      vertex 51.35227671605436 17.618753133495886 3.3
      vertex 51.397909311929816 17.529194121437257 3.3
    endloop
  endfacet
  facet normal 0 0 -1
    outer loop
      vertex 29.2876423774212 17.711000715704515 3.3
      vertex 51.312357622578794 17.711000715704515 3.3
      vertex 51.35227671605436 17.618753133495886 3.3
    endloop
  endfacet
  facet normal 0 0 -1
    outer loop
      vertex 29.321690426072244 17.805572809000086 3.3
      vertex 51.27830957392775 17.805572809000086 3.3
      vertex 51.312357622578794 17.711000715704515 3.3
    endloop
  endfacet
  facet normal 0 0 -1
    outer loop
      vertex 29.349733057805807 17.902096180536233 3.3
      vertex 51.25026694219419 17.902096180536233 3.3
      vertex 51.27830957392775 17.805572809000086 3.3
    endloop
  endfacet
  facet normal 0 0 -1
    outer loop
      vertex 29.3716596011659 18.000189896662842 3.3
      vertex 51.22834039883409 18.000189896662842 3.3
      vertex 51.25026694219419 17.902096180536233 3.3
    endloop
  endfacet
  facet normal 0 0 -1
    outer loop
      vertex 29.38738352210316 18.099466826297114 3.3
      vertex 51.21261647789683 18.099466826297114 3.3
      vertex 51.22834039883409 18.000189896662842 3.3
    endloop
  endfacet
  facet normal 0 0 -1
    outer loop
      vertex 29.396842765485232 18.199535168753098 3.3
      vertex 51.20315723451476 18.199535168753098 3.3
      vertex 51.21261647789683 18.099466826297114 3.3
    endloop
  endfacet
  facet normal 0 0 -1
    outer loop
      vertex 29.4 18.3 3.3
      vertex 51.199999999999996 18.3 3.3
      vertex 51.20315723451476 18.199535168753098 3.3
    endloop
  endfacet
  facet normal 0 0 -1
    outer loop
      vertex 29.396842765485232 18.400464831246904 3.3
      vertex 51.20315723451476 18.400464831246904 3.3
      vertex 51.199999999999996 18.3 3.3
    endloop
  endfacet
  facet normal 0 0 -1
    outer loop
      vertex 29.38738352210316 18.500533173702888 3.3
      vertex 51.21261647789683 18.500533173702888 3.3
      vertex 51.20315723451476 18.400464831246904 3.3
    endloop
  endfacet
  facet normal 0 0 -1
    outer loop
      vertex 29.3716596011659 18.59981010333716 3.3
      vertex 51.22834039883409 18.59981010333716 3.3
      vertex 51.21261647789683 18.500533173702888 3.3
    endloop
  endfacet
  facet normal 0 0 -1
    outer loop
      vertex 29.349733057805807 18.697903819463768 3.3
      vertex 51.25026694219419 18.697903819463768 3.3
      vertex 51.22834039883409 18.59981010333716 3.3
    endloop
  endfacet
  facet normal 0 0 -1
    outer loop
      vertex 29.321690426072244 18.794427190999915 3.3
      vertex 51.27830957392775 18.794427190999915 3.3
      vertex 51.25026694219419 18.697903819463768 3.3
    endloop
  endfacet
  facet normal 0 0 -1
    outer loop
      vertex 29.2876423774212 18.888999284295487 3.3
      vertex 51.312357622578794 18.888999284295487 3.3
      vertex 51.27830957392775 18.794427190999915 3.3
    endloop
  endfacet
  facet normal 0 0 -1
    outer loop
      vertex 29.24772328394563 18.981246866504115 3.3
      vertex 51.35227671605436 18.981246866504115 3.3
      vertex 51.312357622578794 18.888999284295487 3.3
    endloop
  endfacet
  facet normal 0 0 -1
    outer loop
      vertex 29.20209068807018 19.070805878562744 3.3
      vertex 51.397909311929816 19.070805878562744 3.3
      vertex 51.35227671605436 18.981246866504115 3.3
    endloop
  endfacet
  facet normal 0 0 -1
    outer loop
      vertex 29.15092468080322 19.157322871966397 3.3
      vertex 51.44907531919677 19.157322871966397 3.3
      vertex 51.397909311929816 19.070805878562744 3.3
    endloop
  endfacet
  facet normal 0 0 -1
    outer loop
      vertex 29.094427190999912 19.240456403667956 3.3
      vertex 51.50557280900008 19.240456403667956 3.3
      vertex 51.44907531919677 19.157322871966397 3.3
    endloop
  endfacet
  facet normal 0 0 -1
    outer loop
      vertex 29.03282118844126 19.319878383597903 3.3
      vertex 51.56717881155873 19.319878383597903 3.3
      vertex 51.50557280900008 19.240456403667956 3.3
    endloop
  endfacet
  facet normal 1 0 0
    outer loop
      vertex 15.3 30.3 3.3
      vertex 15.3 0 0
      vertex 15.3 30.3 0
    endloop
  endfacet
  facet normal 0 0 -1
    outer loop
      vertex 26.397909311929816 19.070805878562744 3.3
      vertex 15.3 30.3 3.3
      vertex 26.449075319196773 19.157322871966397 3.3
    endloop
  endfacet
  facet normal 0 0 -1
    outer loop
      vertex 26.449075319196773 19.157322871966397 3.3
      vertex 15.3 30.3 3.3
      vertex 26.505572809000082 19.240456403667956 3.3
    endloop
  endfacet
  facet normal 0 0 -1
    outer loop
      vertex 26.505572809000082 19.240456403667956 3.3
      vertex 15.3 30.3 3.3
      vertex 26.567178811558733 19.319878383597903 3.3
    endloop
  endfacet
  facet normal 0 0 -1
    outer loop
      vertex 26.567178811558733 19.319878383597903 3.3
      vertex 15.3 30.3 3.3
      vertex 26.63365019612574 19.3952753694859 3.3
    endloop
  endfacet
  facet normal 0 0 -1
    outer loop
      vertex 26.63365019612574 19.3952753694859 3.3
      vertex 15.3 30.3 3.3
      vertex 26.704724630514097 19.46634980387426 3.3
    endloop
  endfacet
  facet normal 0 0 -1
    outer loop
      vertex 26.704724630514097 19.46634980387426 3.3
      vertex 15.3 30.3 3.3
      vertex 26.780121616402095 19.532821188441265 3.3
    endloop
  endfacet
  facet normal 0 0 -1
    outer loop
      vertex 26.780121616402095 19.532821188441265 3.3
      vertex 15.3 30.3 3.3
      vertex 26.85954359633204 19.594427190999916 3.3
    endloop
  endfacet
  facet normal 0 0 -1
    outer loop
      vertex 26.85954359633204 19.594427190999916 3.3
      vertex 15.3 30.3 3.3
      vertex 26.9426771280336 19.650924680803225 3.3
    endloop
  endfacet
  facet normal 0 0 -1
    outer loop
      vertex 26.9426771280336 19.650924680803225 3.3
      vertex 15.3 30.3 3.3
      vertex 27.029194121437254 19.702090688070182 3.3
    endloop
  endfacet
  facet normal 0 0 -1
    outer loop
      vertex 27.11875313349588 19.747723283945632 3.3
      vertex 15.3 30.3 3.3
      vertex 27.21100071570451 19.787642377421204 3.3
    endloop
  endfacet
  facet normal 0 0 -1
    outer loop
      vertex 27.029194121437254 19.702090688070182 3.3
      vertex 15.3 30.3 3.3
      vertex 27.11875313349588 19.747723283945632 3.3
    endloop
  endfacet
  facet normal 0 0 -1
    outer loop
      vertex 27.21100071570451 19.787642377421204 3.3
      vertex 15.3 30.3 3.3
      vertex 27.305572809000083 19.821690426072248 3.3
    endloop
  endfacet
  facet normal 0 0 -1
    outer loop
      vertex 27.305572809000083 19.821690426072248 3.3
      vertex 15.3 30.3 3.3
      vertex 27.40209618053623 19.84973305780581 3.3
    endloop
  endfacet
  facet normal 0 0 -1
    outer loop
      vertex 27.50018989666284 19.871659601165902 3.3
      vertex 15.3 30.3 3.3
      vertex 27.59946682629711 19.887383522103164 3.3
    endloop
  endfacet
  facet normal 0 0 -1
    outer loop
      vertex 27.40209618053623 19.84973305780581 3.3
      vertex 15.3 30.3 3.3
      vertex 27.50018989666284 19.871659601165902 3.3
    endloop
  endfacet
  facet normal 0 0 -1
    outer loop
      vertex 27.59946682629711 19.887383522103164 3.3
      vertex 15.3 30.3 3.3
      vertex 27.699535168753094 19.896842765485236 3.3
    endloop
  endfacet
  facet normal 0 0 -1
    outer loop
      vertex 27.799999999999997 19.900000000000002 3.3
      vertex 15.3 30.3 3.3
      vertex 27.9004648312469 19.896842765485236 3.3
    endloop
  endfacet
  facet normal 0 0 -1
    outer loop
      vertex 27.699535168753094 19.896842765485236 3.3
      vertex 15.3 30.3 3.3
      vertex 27.799999999999997 19.900000000000002 3.3
    endloop
  endfacet
  facet normal 0 0 -1
    outer loop
      vertex 28.000533173702884 19.887383522103164 3.3
      vertex 15.3 30.3 3.3
      vertex 28.099810103337155 19.871659601165902 3.3
    endloop
  endfacet
  facet normal 0 0 -1
    outer loop
      vertex 28.29442719099991 19.821690426072248 3.3
      vertex 28.197903819463765 19.84973305780581 3.3
      vertex 15.3 30.3 3.3
    endloop
  endfacet
  facet normal 0 0 -1
    outer loop
      vertex 28.099810103337155 19.871659601165902 3.3
      vertex 15.3 30.3 3.3
      vertex 28.197903819463765 19.84973305780581 3.3
    endloop
  endfacet
  facet normal 0 0 -1
    outer loop
      vertex 27.9004648312469 19.896842765485236 3.3
      vertex 15.3 30.3 3.3
      vertex 28.000533173702884 19.887383522103164 3.3
    endloop
  endfacet
  facet normal 0 0 -1
    outer loop
      vertex 28.481246866504115 19.747723283945632 3.3
      vertex 28.388999284295483 19.787642377421204 3.3
      vertex 15.3 30.3 3.3
    endloop
  endfacet
  facet normal 0 0 -1
    outer loop
      vertex 28.657322871966393 19.650924680803225 3.3
      vertex 28.57080587856274 19.702090688070182 3.3
      vertex 15.3 30.3 3.3
    endloop
  endfacet
  facet normal 0 0 -1
    outer loop
      vertex 28.481246866504115 19.747723283945632 3.3
      vertex 15.3 30.3 3.3
      vertex 28.57080587856274 19.702090688070182 3.3
    endloop
  endfacet
  facet normal 0 0 -1
    outer loop
      vertex 28.8198783835979 19.532821188441265 3.3
      vertex 28.740456403667956 19.594427190999916 3.3
      vertex 15.3 30.3 3.3
    endloop
  endfacet
  facet normal 0 0 -1
    outer loop
      vertex 28.740456403667956 19.594427190999916 3.3
      vertex 28.657322871966393 19.650924680803225 3.3
      vertex 15.3 30.3 3.3
    endloop
  endfacet
  facet normal 0 0 -1
    outer loop
      vertex 28.29442719099991 19.821690426072248 3.3
      vertex 15.3 30.3 3.3
      vertex 28.388999284295483 19.787642377421204 3.3
    endloop
  endfacet
  facet normal 0 0 -1
    outer loop
      vertex 28.8198783835979 19.532821188441265 3.3
      vertex 15.3 30.3 3.3
      vertex 51.56717881155873 19.319878383597903 3.3
    endloop
  endfacet
  facet normal 0 0 -1
    outer loop
      vertex 51.56717881155873 19.319878383597903 3.3
      vertex 15.3 30.3 3.3
      vertex 51.633650196125735 19.3952753694859 3.3
    endloop
  endfacet
  facet normal 0 0 -1
    outer loop
      vertex 51.633650196125735 19.3952753694859 3.3
      vertex 15.3 30.3 3.3
      vertex 51.70472463051409 19.46634980387426 3.3
    endloop
  endfacet
  facet normal 0 0 -1
    outer loop
      vertex 51.70472463051409 19.46634980387426 3.3
      vertex 15.3 30.3 3.3
      vertex 51.78012161640209 19.532821188441265 3.3
    endloop
  endfacet
  facet normal 0 0 -1
    outer loop
      vertex 51.78012161640209 19.532821188441265 3.3
      vertex 15.3 30.3 3.3
      vertex 51.85954359633204 19.594427190999916 3.3
    endloop
  endfacet
  facet normal 0 0 -1
    outer loop
      vertex 51.85954359633204 19.594427190999916 3.3
      vertex 15.3 30.3 3.3
      vertex 51.9426771280336 19.650924680803225 3.3
    endloop
  endfacet
  facet normal 0 0 -1
    outer loop
      vertex 51.9426771280336 19.650924680803225 3.3
      vertex 15.3 30.3 3.3
      vertex 52.02919412143725 19.702090688070182 3.3
    endloop
  endfacet
  facet normal 0 0 -1
    outer loop
      vertex 52.02919412143725 19.702090688070182 3.3
      vertex 15.3 30.3 3.3
      vertex 52.11875313349588 19.747723283945632 3.3
    endloop
  endfacet
  facet normal 0 0 -1
    outer loop
      vertex 52.11875313349588 19.747723283945632 3.3
      vertex 15.3 30.3 3.3
      vertex 52.211000715704515 19.787642377421204 3.3
    endloop
  endfacet
  facet normal 0 0 -1
    outer loop
      vertex 52.211000715704515 19.787642377421204 3.3
      vertex 15.3 30.3 3.3
      vertex 52.30557280900008 19.821690426072248 3.3
    endloop
  endfacet
  facet normal 0 0 -1
    outer loop
      vertex 52.30557280900008 19.821690426072248 3.3
      vertex 15.3 30.3 3.3
      vertex 52.402096180536226 19.84973305780581 3.3
    endloop
  endfacet
  facet normal 0 0 -1
    outer loop
      vertex 52.402096180536226 19.84973305780581 3.3
      vertex 15.3 30.3 3.3
      vertex 52.50018989666284 19.871659601165902 3.3
    endloop
  endfacet
  facet normal 0 0 -1
    outer loop
      vertex 52.50018989666284 19.871659601165902 3.3
      vertex 15.3 30.3 3.3
      vertex 52.59946682629711 19.887383522103164 3.3
    endloop
  endfacet
  facet normal 0 0 -1
    outer loop
      vertex 52.59946682629711 19.887383522103164 3.3
      vertex 15.3 30.3 3.3
      vertex 52.699535168753094 19.896842765485236 3.3
    endloop
  endfacet
  facet normal 0 0 -1
    outer loop
      vertex 52.699535168753094 19.896842765485236 3.3
      vertex 15.3 30.3 3.3
      vertex 115.89999999999999 30.3 3.3
    endloop
  endfacet
  facet normal 0 -1 0
    outer loop
      vertex 15.3 30.3 3.3
      vertex 15.3 30.3 0
      vertex 115.89999999999999 30.3 0
    endloop
  endfacet
  facet normal 0 0 -1
    outer loop
      vertex 53.481246866504115 16.85227671605437 3.3
      vertex 53.570805878562744 16.89790931192982 3.3
      vertex 115.89999999999999 0 3.3
    endloop
  endfacet
  facet normal 0 0 -1
    outer loop
      vertex 53.570805878562744 16.89790931192982 3.3
      vertex 53.65732287196639 16.949075319196776 3.3
      vertex 115.89999999999999 0 3.3
    endloop
  endfacet
  facet normal 0 0 -1
    outer loop
      vertex 53.65732287196639 16.949075319196776 3.3
      vertex 53.740456403667956 17.005572809000085 3.3
      vertex 115.89999999999999 0 3.3
    endloop
  endfacet
  facet normal 0 0 -1
    outer loop
      vertex 53.740456403667956 17.005572809000085 3.3
      vertex 53.8198783835979 17.067178811558737 3.3
      vertex 115.89999999999999 0 3.3
    endloop
  endfacet
  facet normal 0 0 -1
    outer loop
      vertex 53.8198783835979 17.067178811558737 3.3
      vertex 53.8952753694859 17.133650196125743 3.3
      vertex 115.89999999999999 0 3.3
    endloop
  endfacet
  facet normal 0 0 -1
    outer loop
      vertex 53.8952753694859 17.133650196125743 3.3
      vertex 53.96634980387426 17.2047246305141 3.3
      vertex 115.89999999999999 0 3.3
    endloop
  endfacet
  facet normal 0 0 -1
    outer loop
      vertex 53.96634980387426 17.2047246305141 3.3
      vertex 54.03282118844126 17.2801216164021 3.3
      vertex 115.89999999999999 0 3.3
    endloop
  endfacet
  facet normal 0 0 -1
    outer loop
      vertex 54.03282118844126 17.2801216164021 3.3
      vertex 54.094427190999916 17.359543596332045 3.3
      vertex 115.89999999999999 0 3.3
    endloop
  endfacet
  facet normal 0 0 -1
    outer loop
      vertex 54.094427190999916 17.359543596332045 3.3
      vertex 54.15092468080322 17.44267712803361 3.3
      vertex 115.89999999999999 0 3.3
    endloop
  endfacet
  facet normal 0 0 -1
    outer loop
      vertex 54.15092468080322 17.44267712803361 3.3
      vertex 54.20209068807018 17.529194121437257 3.3
      vertex 115.89999999999999 0 3.3
    endloop
  endfacet
  facet normal 0 0 -1
    outer loop
      vertex 54.20209068807018 17.529194121437257 3.3
      vertex 54.24772328394563 17.618753133495886 3.3
      vertex 115.89999999999999 0 3.3
    endloop
  endfacet
  facet normal 0 0 -1
    outer loop
      vertex 54.24772328394563 17.618753133495886 3.3
      vertex 54.2876423774212 17.711000715704515 3.3
      vertex 115.89999999999999 0 3.3
    endloop
  endfacet
  facet normal 0 0 -1
    outer loop
      vertex 54.2876423774212 17.711000715704515 3.3
      vertex 54.321690426072244 17.805572809000086 3.3
      vertex 115.89999999999999 0 3.3
    endloop
  endfacet
  facet normal 0 0 -1
    outer loop
      vertex 54.321690426072244 17.805572809000086 3.3
      vertex 54.34973305780581 17.902096180536233 3.3
      vertex 115.89999999999999 0 3.3
    endloop
  endfacet
  facet normal 0 0 -1
    outer loop
      vertex 54.34973305780581 17.902096180536233 3.3
      vertex 54.3716596011659 18.000189896662842 3.3
      vertex 115.89999999999999 0 3.3
    endloop
  endfacet
  facet normal 0 0 -1
    outer loop
      vertex 54.3716596011659 18.000189896662842 3.3
      vertex 54.387383522103164 18.099466826297114 3.3
      vertex 115.89999999999999 0 3.3
    endloop
  endfacet
  facet normal 0 0 -1
    outer loop
      vertex 54.387383522103164 18.099466826297114 3.3
      vertex 54.39684276548523 18.199535168753098 3.3
      vertex 115.89999999999999 0 3.3
    endloop
  endfacet
  facet normal 0 0 -1
    outer loop
      vertex 54.39684276548523 18.199535168753098 3.3
      vertex 54.4 18.3 3.3
      vertex 115.89999999999999 0 3.3
    endloop
  endfacet
  facet normal 0 0 -1
    outer loop
      vertex 54.4 18.3 3.3
      vertex 54.39684276548523 18.400464831246904 3.3
      vertex 115.89999999999999 0 3.3
    endloop
  endfacet
  facet normal 0 0 -1
    outer loop
      vertex 54.39684276548523 18.400464831246904 3.3
      vertex 54.387383522103164 18.500533173702888 3.3
      vertex 115.89999999999999 0 3.3
    endloop
  endfacet
  facet normal 0 0 -1
    outer loop
      vertex 54.387383522103164 18.500533173702888 3.3
      vertex 54.3716596011659 18.59981010333716 3.3
      vertex 115.89999999999999 0 3.3
    endloop
  endfacet
  facet normal 0 0 -1
    outer loop
      vertex 54.34973305780581 18.697903819463768 3.3
      vertex 54.321690426072244 18.794427190999915 3.3
      vertex 115.89999999999999 0 3.3
    endloop
  endfacet
  facet normal 0 0 -1
    outer loop
      vertex 54.3716596011659 18.59981010333716 3.3
      vertex 54.34973305780581 18.697903819463768 3.3
      vertex 115.89999999999999 0 3.3
    endloop
  endfacet
  facet normal 0 0 -1
    outer loop
      vertex 54.321690426072244 18.794427190999915 3.3
      vertex 54.2876423774212 18.888999284295487 3.3
      vertex 115.89999999999999 0 3.3
    endloop
  endfacet
  facet normal 0 0 -1
    outer loop
      vertex 54.2876423774212 18.888999284295487 3.3
      vertex 54.24772328394563 18.981246866504115 3.3
      vertex 115.89999999999999 0 3.3
    endloop
  endfacet
  facet normal 0 0 -1
    outer loop
      vertex 54.15092468080322 19.157322871966397 3.3
      vertex 54.094427190999916 19.240456403667956 3.3
      vertex 115.89999999999999 0 3.3
    endloop
  endfacet
  facet normal 0 0 -1
    outer loop
      vertex 54.24772328394563 18.981246866504115 3.3
      vertex 54.20209068807018 19.070805878562744 3.3
      vertex 115.89999999999999 0 3.3
    endloop
  endfacet
  facet normal 0 0 -1
    outer loop
      vertex 54.20209068807018 19.070805878562744 3.3
      vertex 54.15092468080322 19.157322871966397 3.3
      vertex 115.89999999999999 0 3.3
    endloop
  endfacet
  facet normal 0 0 -1
    outer loop
      vertex 54.03282118844126 19.319878383597903 3.3
      vertex 115.89999999999999 0 3.3
      vertex 54.094427190999916 19.240456403667956 3.3
    endloop
  endfacet
  facet normal 0 0 -1
    outer loop
      vertex 53.96634980387426 19.3952753694859 3.3
      vertex 53.8952753694859 19.46634980387426 3.3
      vertex 115.89999999999999 0 3.3
    endloop
  endfacet
  facet normal 0 0 -1
    outer loop
      vertex 54.03282118844126 19.319878383597903 3.3
      vertex 53.96634980387426 19.3952753694859 3.3
      vertex 115.89999999999999 0 3.3
    endloop
  endfacet
  facet normal 0 0 -1
    outer loop
      vertex 53.8952753694859 19.46634980387426 3.3
      vertex 53.8198783835979 19.532821188441265 3.3
      vertex 115.89999999999999 0 3.3
    endloop
  endfacet
  facet normal 0 0 -1
    outer loop
      vertex 53.8198783835979 19.532821188441265 3.3
      vertex 53.740456403667956 19.594427190999916 3.3
      vertex 115.89999999999999 0 3.3
    endloop
  endfacet
  facet normal 0 0 -1
    outer loop
      vertex 53.740456403667956 19.594427190999916 3.3
      vertex 77.11875313349589 16.85227671605437 3.3
      vertex 77.21100071570451 16.812357622578798 3.3
    endloop
  endfacet
  facet normal 0 0 -1
    outer loop
      vertex 53.740456403667956 19.594427190999916 3.3
      vertex 77.02919412143726 16.89790931192982 3.3
      vertex 77.11875313349589 16.85227671605437 3.3
    endloop
  endfacet
  facet normal 0 0 -1
    outer loop
      vertex 53.740456403667956 19.594427190999916 3.3
      vertex 76.7047246305141 17.133650196125743 3.3
      vertex 76.7801216164021 17.067178811558737 3.3
    endloop
  endfacet
  facet normal 0 0 -1
    outer loop
      vertex 53.740456403667956 19.594427190999916 3.3
      vertex 76.94267712803361 16.949075319196776 3.3
      vertex 77.02919412143726 16.89790931192982 3.3
    endloop
  endfacet
  facet normal 0 0 -1
    outer loop
      vertex 53.740456403667956 19.594427190999916 3.3
      vertex 76.85954359633205 17.005572809000085 3.3
      vertex 76.94267712803361 16.949075319196776 3.3
    endloop
  endfacet
  facet normal 0 0 -1
    outer loop
      vertex 53.740456403667956 19.594427190999916 3.3
      vertex 76.7801216164021 17.067178811558737 3.3
      vertex 76.85954359633205 17.005572809000085 3.3
    endloop
  endfacet
  facet normal 0 0 -1
    outer loop
      vertex 53.740456403667956 19.594427190999916 3.3
      vertex 76.56717881155873 17.2801216164021 3.3
      vertex 76.63365019612574 17.2047246305141 3.3
    endloop
  endfacet
  facet normal 0 0 -1
    outer loop
      vertex 53.740456403667956 19.594427190999916 3.3
      vertex 76.63365019612574 17.2047246305141 3.3
      vertex 76.7047246305141 17.133650196125743 3.3
    endloop
  endfacet
  facet normal 0 0 -1
    outer loop
      vertex 53.740456403667956 19.594427190999916 3.3
      vertex 76.50557280900009 17.359543596332045 3.3
      vertex 76.56717881155873 17.2801216164021 3.3
    endloop
  endfacet
  facet normal 0 0 -1
    outer loop
      vertex 53.740456403667956 19.594427190999916 3.3
      vertex 76.39790931192982 17.529194121437257 3.3
      vertex 76.44907531919678 17.442677128033605 3.3
    endloop
  endfacet
  facet normal 0 0 -1
    outer loop
      vertex 53.740456403667956 19.594427190999916 3.3
      vertex 76.35227671605436 17.618753133495886 3.3
      vertex 76.39790931192982 17.529194121437257 3.3
    endloop
  endfacet
  facet normal 0 0 -1
    outer loop
      vertex 53.740456403667956 19.594427190999916 3.3
      vertex 76.3123576225788 17.711000715704515 3.3
      vertex 76.35227671605436 17.618753133495886 3.3
    endloop
  endfacet
  facet normal 0 0 -1
    outer loop
      vertex 53.740456403667956 19.594427190999916 3.3
      vertex 76.27830957392776 17.805572809000086 3.3
      vertex 76.3123576225788 17.711000715704515 3.3
    endloop
  endfacet
  facet normal 0 0 -1
    outer loop
      vertex 53.740456403667956 19.594427190999916 3.3
      vertex 76.25026694219419 17.902096180536233 3.3
      vertex 76.27830957392776 17.805572809000086 3.3
    endloop
  endfacet
  facet normal 0 0 -1
    outer loop
      vertex 53.740456403667956 19.594427190999916 3.3
      vertex 76.44907531919678 17.442677128033605 3.3
      vertex 76.50557280900009 17.359543596332045 3.3
    endloop
  endfacet
  facet normal 0 0 -1
    outer loop
      vertex 53.740456403667956 19.594427190999916 3.3
      vertex 76.22834039883409 18.000189896662842 3.3
      vertex 76.25026694219419 17.902096180536233 3.3
    endloop
  endfacet
  facet normal 0 0 -1
    outer loop
      vertex 53.740456403667956 19.594427190999916 3.3
      vertex 76.21261647789683 18.099466826297114 3.3
      vertex 76.22834039883409 18.000189896662842 3.3
    endloop
  endfacet
  facet normal 0 0 -1
    outer loop
      vertex 53.740456403667956 19.594427190999916 3.3
      vertex 76.20315723451476 18.199535168753098 3.3
      vertex 76.21261647789683 18.099466826297114 3.3
    endloop
  endfacet
  facet normal 0 0 -1
    outer loop
      vertex 53.740456403667956 19.594427190999916 3.3
      vertex 76.2 18.3 3.3
      vertex 76.20315723451476 18.199535168753098 3.3
    endloop
  endfacet
  facet normal 0 0 -1
    outer loop
      vertex 53.740456403667956 19.594427190999916 3.3
      vertex 76.20315723451476 18.400464831246904 3.3
      vertex 76.2 18.3 3.3
    endloop
  endfacet
  facet normal 0 0 -1
    outer loop
      vertex 53.740456403667956 19.594427190999916 3.3
      vertex 76.21261647789683 18.500533173702888 3.3
      vertex 76.20315723451476 18.400464831246904 3.3
    endloop
  endfacet
  facet normal 0 0 -1
    outer loop
      vertex 53.740456403667956 19.594427190999916 3.3
      vertex 76.22834039883409 18.59981010333716 3.3
      vertex 76.21261647789683 18.500533173702888 3.3
    endloop
  endfacet
  facet normal 0 0 -1
    outer loop
      vertex 53.740456403667956 19.594427190999916 3.3
      vertex 76.25026694219419 18.697903819463768 3.3
      vertex 76.22834039883409 18.59981010333716 3.3
    endloop
  endfacet
  facet normal 0 0 -1
    outer loop
      vertex 53.740456403667956 19.594427190999916 3.3
      vertex 76.27830957392776 18.794427190999915 3.3
      vertex 76.25026694219419 18.697903819463768 3.3
    endloop
  endfacet
  facet normal 0 0 -1
    outer loop
      vertex 53.740456403667956 19.594427190999916 3.3
      vertex 76.3123576225788 18.888999284295487 3.3
      vertex 76.27830957392776 18.794427190999915 3.3
    endloop
  endfacet
  facet normal 0 0 -1
    outer loop
      vertex 53.740456403667956 19.594427190999916 3.3
      vertex 76.35227671605436 18.981246866504115 3.3
      vertex 76.3123576225788 18.888999284295487 3.3
    endloop
  endfacet
  facet normal 0 0 -1
    outer loop
      vertex 53.740456403667956 19.594427190999916 3.3
      vertex 76.39790931192982 19.070805878562744 3.3
      vertex 76.35227671605436 18.981246866504115 3.3
    endloop
  endfacet
  facet normal 0 0 -1
    outer loop
      vertex 53.740456403667956 19.594427190999916 3.3
      vertex 76.44907531919678 19.157322871966397 3.3
      vertex 76.39790931192982 19.070805878562744 3.3
    endloop
  endfacet
  facet normal 0 0 -1
    outer loop
      vertex 53.740456403667956 19.594427190999916 3.3
      vertex 76.50557280900009 19.240456403667956 3.3
      vertex 76.44907531919678 19.157322871966397 3.3
    endloop
  endfacet
  facet normal 0 0 -1
    outer loop
      vertex 53.740456403667956 19.594427190999916 3.3
      vertex 76.56717881155873 19.319878383597903 3.3
      vertex 76.50557280900009 19.240456403667956 3.3
    endloop
  endfacet
  facet normal 0 0 -1
    outer loop
      vertex 53.740456403667956 19.594427190999916 3.3
      vertex 76.63365019612574 19.3952753694859 3.3
      vertex 76.56717881155873 19.319878383597903 3.3
    endloop
  endfacet
  facet normal 0 0 -1
    outer loop
      vertex 53.740456403667956 19.594427190999916 3.3
      vertex 76.7047246305141 19.46634980387426 3.3
      vertex 76.63365019612574 19.3952753694859 3.3
    endloop
  endfacet
  facet normal 0 0 -1
    outer loop
      vertex 53.740456403667956 19.594427190999916 3.3
      vertex 76.7801216164021 19.532821188441265 3.3
      vertex 76.7047246305141 19.46634980387426 3.3
    endloop
  endfacet
  facet normal 0 0 -1
    outer loop
      vertex 53.740456403667956 19.594427190999916 3.3
      vertex 76.85954359633205 19.594427190999916 3.3
      vertex 76.7801216164021 19.532821188441265 3.3
    endloop
  endfacet
  facet normal 0 0 -1
    outer loop
      vertex 53.740456403667956 19.594427190999916 3.3
      vertex 76.94267712803361 19.650924680803225 3.3
      vertex 76.85954359633205 19.594427190999916 3.3
    endloop
  endfacet
  facet normal 0 0 -1
    outer loop
      vertex 53.740456403667956 19.594427190999916 3.3
      vertex 77.02919412143726 19.702090688070182 3.3
      vertex 76.94267712803361 19.650924680803225 3.3
    endloop
  endfacet
  facet normal 0 0 -1
    outer loop
      vertex 53.740456403667956 19.594427190999916 3.3
      vertex 77.11875313349589 19.747723283945632 3.3
      vertex 77.02919412143726 19.702090688070182 3.3
    endloop
  endfacet
  facet normal 0 0 -1
    outer loop
      vertex 53.740456403667956 19.594427190999916 3.3
      vertex 77.21100071570451 19.787642377421204 3.3
      vertex 77.11875313349589 19.747723283945632 3.3
    endloop
  endfacet
  facet normal 0 0 -1
    outer loop
      vertex 53.740456403667956 19.594427190999916 3.3
      vertex 77.30557280900008 16.778309573927753 3.3
      vertex 77.40209618053623 16.75026694219419 3.3
    endloop
  endfacet
  facet normal 0 0 -1
    outer loop
      vertex 53.740456403667956 19.594427190999916 3.3
      vertex 77.21100071570451 16.812357622578798 3.3
      vertex 77.30557280900008 16.778309573927753 3.3
    endloop
  endfacet
  facet normal 0 0 -1
    outer loop
      vertex 53.740456403667956 19.594427190999916 3.3
      vertex 77.50018989666283 16.7283403988341 3.3
      vertex 77.59946682629712 16.712616477896837 3.3
    endloop
  endfacet
  facet normal 0 0 -1
    outer loop
      vertex 53.740456403667956 19.594427190999916 3.3
      vertex 77.40209618053623 16.75026694219419 3.3
      vertex 77.50018989666283 16.7283403988341 3.3
    endloop
  endfacet
  facet normal 0 0 -1
    outer loop
      vertex 53.740456403667956 19.594427190999916 3.3
      vertex 77.30557280900008 19.821690426072248 3.3
      vertex 77.21100071570451 19.787642377421204 3.3
    endloop
  endfacet
  facet normal 0 0 -1
    outer loop
      vertex 53.740456403667956 19.594427190999916 3.3
      vertex 77.40209618053623 19.84973305780581 3.3
      vertex 77.30557280900008 19.821690426072248 3.3
    endloop
  endfacet
  facet normal 0 0 -1
    outer loop
      vertex 53.740456403667956 19.594427190999916 3.3
      vertex 77.5994668262971 19.887383522103164 3.3
      vertex 77.50018989666283 19.871659601165902 3.3
    endloop
  endfacet
  facet normal 0 0 -1
    outer loop
      vertex 53.740456403667956 19.594427190999916 3.3
      vertex 77.50018989666283 19.871659601165902 3.3
      vertex 77.40209618053623 19.84973305780581 3.3
    endloop
  endfacet
  facet normal 0 0 -1
    outer loop
      vertex 53.740456403667956 19.594427190999916 3.3
      vertex 77.8 19.900000000000002 3.3
      vertex 77.6995351687531 19.896842765485236 3.3
    endloop
  endfacet
  facet normal 0 0 -1
    outer loop
      vertex 53.740456403667956 19.594427190999916 3.3
      vertex 77.6995351687531 19.896842765485236 3.3
      vertex 77.5994668262971 19.887383522103164 3.3
    endloop
  endfacet
  facet normal 0 0 -1
    outer loop
      vertex 53.740456403667956 19.594427190999916 3.3
      vertex 77.59946682629712 16.712616477896837 3.3
      vertex 115.89999999999999 0 3.3
    endloop
  endfacet
  facet normal 0 0 -1
    outer loop
      vertex 77.59946682629712 16.712616477896837 3.3
      vertex 77.6995351687531 16.703157234514766 3.3
      vertex 115.89999999999999 0 3.3
    endloop
  endfacet
  facet normal 0 0 -1
    outer loop
      vertex 77.8 16.7 3.3
      vertex 77.9004648312469 16.703157234514766 3.3
      vertex 115.89999999999999 0 3.3
    endloop
  endfacet
  facet normal 0 0 -1
    outer loop
      vertex 77.6995351687531 16.703157234514766 3.3
      vertex 77.8 16.7 3.3
      vertex 115.89999999999999 0 3.3
    endloop
  endfacet
  facet normal 0 0 -1
    outer loop
      vertex 78.00053317370288 16.712616477896837 3.3
      vertex 78.09981010333716 16.7283403988341 3.3
      vertex 115.89999999999999 0 3.3
    endloop
  endfacet
  facet normal 0 0 -1
    outer loop
      vertex 77.9004648312469 16.703157234514766 3.3
      vertex 78.00053317370288 16.712616477896837 3.3
      vertex 115.89999999999999 0 3.3
    endloop
  endfacet
  facet normal 0 0 -1
    outer loop
      vertex 78.09981010333716 16.7283403988341 3.3
      vertex 78.19790381946376 16.75026694219419 3.3
      vertex 115.89999999999999 0 3.3
    endloop
  endfacet
  facet normal 0 0 -1
    outer loop
      vertex 78.19790381946376 16.75026694219419 3.3
      vertex 78.29442719099991 16.778309573927753 3.3
      vertex 115.89999999999999 0 3.3
    endloop
  endfacet
  facet normal 0 0 -1
    outer loop
      vertex 78.29442719099991 16.778309573927753 3.3
      vertex 78.38899928429548 16.812357622578798 3.3
      vertex 115.89999999999999 0 3.3
    endloop
  endfacet
  facet normal 0 0 -1
    outer loop
      vertex 78.38899928429548 16.812357622578798 3.3
      vertex 78.48124686650411 16.85227671605437 3.3
      vertex 115.89999999999999 0 3.3
    endloop
  endfacet
  facet normal 0 0 -1
    outer loop
      vertex 78.48124686650411 16.85227671605437 3.3
      vertex 78.57080587856274 16.89790931192982 3.3
      vertex 115.89999999999999 0 3.3
    endloop
  endfacet
  facet normal 0 0 -1
    outer loop
      vertex 78.57080587856274 16.89790931192982 3.3
      vertex 78.65732287196639 16.949075319196776 3.3
      vertex 102.02919412143726 16.89790931192982 3.3
    endloop
  endfacet
  facet normal 0 0 -1
    outer loop
      vertex 78.65732287196639 16.949075319196776 3.3
      vertex 78.74045640366795 17.005572809000085 3.3
      vertex 101.94267712803361 16.949075319196776 3.3
    endloop
  endfacet
  facet normal 0 0 -1
    outer loop
      vertex 78.74045640366795 17.005572809000085 3.3
      vertex 78.8198783835979 17.067178811558737 3.3
      vertex 101.85954359633205 17.005572809000085 3.3
    endloop
  endfacet
  facet normal 0 0 -1
    outer loop
      vertex 78.8198783835979 17.067178811558737 3.3
      vertex 78.8952753694859 17.133650196125743 3.3
      vertex 101.7801216164021 17.067178811558737 3.3
    endloop
  endfacet
  facet normal 0 0 -1
    outer loop
      vertex 78.8952753694859 17.133650196125743 3.3
      vertex 78.96634980387425 17.2047246305141 3.3
      vertex 101.7047246305141 17.133650196125743 3.3
    endloop
  endfacet
  facet normal 0 0 -1
    outer loop
      vertex 78.96634980387425 17.2047246305141 3.3
      vertex 79.03282118844126 17.2801216164021 3.3
      vertex 101.63365019612574 17.2047246305141 3.3
    endloop
  endfacet
  facet normal 0 0 -1
    outer loop
      vertex 79.03282118844126 17.2801216164021 3.3
      vertex 79.09442719099991 17.359543596332045 3.3
      vertex 101.56717881155873 17.2801216164021 3.3
    endloop
  endfacet
  facet normal 0 0 -1
    outer loop
      vertex 79.09442719099991 17.359543596332045 3.3
      vertex 79.15092468080323 17.44267712803361 3.3
      vertex 101.50557280900009 17.359543596332045 3.3
    endloop
  endfacet
  facet normal 0 0 -1
    outer loop
      vertex 79.15092468080323 17.44267712803361 3.3
      vertex 79.20209068807017 17.529194121437257 3.3
      vertex 101.44907531919678 17.442677128033605 3.3
    endloop
  endfacet
  facet normal 0 0 -1
    outer loop
      vertex 79.20209068807017 17.529194121437257 3.3
      vertex 79.24772328394563 17.618753133495886 3.3
      vertex 101.39790931192982 17.529194121437257 3.3
    endloop
  endfacet
  facet normal 0 0 -1
    outer loop
      vertex 79.24772328394563 17.618753133495886 3.3
      vertex 79.2876423774212 17.711000715704515 3.3
      vertex 101.35227671605436 17.618753133495886 3.3
    endloop
  endfacet
  facet normal 0 0 -1
    outer loop
      vertex 79.2876423774212 17.711000715704515 3.3
      vertex 79.32169042607224 17.805572809000086 3.3
      vertex 101.3123576225788 17.711000715704515 3.3
    endloop
  endfacet
  facet normal 0 0 -1
    outer loop
      vertex 79.32169042607224 17.805572809000086 3.3
      vertex 79.3497330578058 17.902096180536233 3.3
      vertex 101.27830957392776 17.805572809000086 3.3
    endloop
  endfacet
  facet normal 0 0 -1
    outer loop
      vertex 79.3497330578058 17.902096180536233 3.3
      vertex 79.3716596011659 18.000189896662842 3.3
      vertex 101.25026694219419 17.902096180536233 3.3
    endloop
  endfacet
  facet normal 0 0 -1
    outer loop
      vertex 79.3716596011659 18.000189896662842 3.3
      vertex 79.38738352210316 18.099466826297114 3.3
      vertex 101.22834039883409 18.000189896662842 3.3
    endloop
  endfacet
  facet normal 0 0 -1
    outer loop
      vertex 79.38738352210316 18.099466826297114 3.3
      vertex 79.39684276548523 18.199535168753098 3.3
      vertex 101.21261647789683 18.099466826297114 3.3
    endloop
  endfacet
  facet normal 0 0 -1
    outer loop
      vertex 79.39684276548523 18.199535168753098 3.3
      vertex 79.39999999999999 18.3 3.3
      vertex 101.20315723451476 18.199535168753098 3.3
    endloop
  endfacet
  facet normal 0 0 -1
    outer loop
      vertex 79.39999999999999 18.3 3.3
      vertex 79.39684276548523 18.400464831246904 3.3
      vertex 101.2 18.3 3.3
    endloop
  endfacet
  facet normal 0 0 -1
    outer loop
      vertex 79.39684276548523 18.400464831246904 3.3
      vertex 79.38738352210316 18.500533173702888 3.3
      vertex 101.20315723451476 18.400464831246904 3.3
    endloop
  endfacet
  facet normal 0 0 -1
    outer loop
      vertex 79.38738352210316 18.500533173702888 3.3
      vertex 79.3716596011659 18.59981010333716 3.3
      vertex 101.21261647789683 18.500533173702888 3.3
    endloop
  endfacet
  facet normal 0 0 -1
    outer loop
      vertex 79.3716596011659 18.59981010333716 3.3
      vertex 79.3497330578058 18.697903819463768 3.3
      vertex 101.22834039883409 18.59981010333716 3.3
    endloop
  endfacet
  facet normal 0 0 -1
    outer loop
      vertex 79.3497330578058 18.697903819463768 3.3
      vertex 79.32169042607224 18.794427190999915 3.3
      vertex 101.25026694219419 18.697903819463768 3.3
    endloop
  endfacet
  facet normal 0 0 -1
    outer loop
      vertex 79.32169042607224 18.794427190999915 3.3
      vertex 79.2876423774212 18.888999284295487 3.3
      vertex 101.27830957392776 18.794427190999915 3.3
    endloop
  endfacet
  facet normal 0 0 -1
    outer loop
      vertex 79.2876423774212 18.888999284295487 3.3
      vertex 79.24772328394563 18.981246866504115 3.3
      vertex 101.3123576225788 18.888999284295487 3.3
    endloop
  endfacet
  facet normal 0 0 -1
    outer loop
      vertex 79.24772328394563 18.981246866504115 3.3
      vertex 79.20209068807019 19.070805878562744 3.3
      vertex 101.35227671605436 18.981246866504115 3.3
    endloop
  endfacet
  facet normal 0 0 -1
    outer loop
      vertex 79.20209068807019 19.070805878562744 3.3
      vertex 79.15092468080321 19.157322871966397 3.3
      vertex 101.39790931192982 19.070805878562744 3.3
    endloop
  endfacet
  facet normal 0 0 -1
    outer loop
      vertex 79.15092468080321 19.157322871966397 3.3
      vertex 79.09442719099991 19.240456403667956 3.3
      vertex 101.44907531919678 19.157322871966397 3.3
    endloop
  endfacet
  facet normal 0 0 -1
    outer loop
      vertex 79.03282118844126 19.319878383597903 3.3
      vertex 101.50557280900009 19.240456403667956 3.3
      vertex 79.09442719099991 19.240456403667956 3.3
    endloop
  endfacet
  facet normal 0 0 -1
    outer loop
      vertex 79.03282118844126 19.319878383597903 3.3
      vertex 78.96634980387425 19.3952753694859 3.3
      vertex 101.56717881155873 19.319878383597903 3.3
    endloop
  endfacet
  facet normal 0 0 -1
    outer loop
      vertex 78.96634980387425 19.3952753694859 3.3
      vertex 78.8952753694859 19.46634980387426 3.3
      vertex 101.63365019612574 19.3952753694859 3.3
    endloop
  endfacet
  facet normal 0 0 -1
    outer loop
      vertex 78.8952753694859 19.46634980387426 3.3
      vertex 78.8198783835979 19.532821188441265 3.3
      vertex 101.7047246305141 19.46634980387426 3.3
    endloop
  endfacet
  facet normal 0 0 -1
    outer loop
      vertex 78.74045640366795 19.594427190999916 3.3
      vertex 101.7801216164021 19.532821188441265 3.3
      vertex 78.8198783835979 19.532821188441265 3.3
    endloop
  endfacet
  facet normal 0 0 -1
    outer loop
      vertex 78.74045640366795 19.594427190999916 3.3
      vertex 78.65732287196639 19.650924680803225 3.3
      vertex 101.85954359633205 19.594427190999916 3.3
    endloop
  endfacet
  facet normal 0 0 -1
    outer loop
      vertex 78.65732287196639 19.650924680803225 3.3
      vertex 78.57080587856274 19.702090688070182 3.3
      vertex 101.94267712803361 19.650924680803225 3.3
    endloop
  endfacet
  facet normal 0 0 -1
    outer loop
      vertex 78.48124686650411 19.747723283945632 3.3
      vertex 78.38899928429548 19.787642377421204 3.3
      vertex 102.11875313349589 19.747723283945632 3.3
    endloop
  endfacet
  facet normal 0 0 -1
    outer loop
      vertex 78.48124686650411 19.747723283945632 3.3
      vertex 102.02919412143726 19.702090688070182 3.3
      vertex 78.57080587856274 19.702090688070182 3.3
    endloop
  endfacet
  facet normal 0 0 -1
    outer loop
      vertex 78.29442719099991 19.821690426072248 3.3
      vertex 102.21100071570451 19.787642377421204 3.3
      vertex 78.38899928429548 19.787642377421204 3.3
    endloop
  endfacet
  facet normal 0 0 -1
    outer loop
      vertex 78.57080587856274 16.89790931192982 3.3
      vertex 102.02919412143726 16.89790931192982 3.3
      vertex 102.11875313349589 16.85227671605437 3.3
    endloop
  endfacet
  facet normal 0 0 -1
    outer loop
      vertex 78.65732287196639 16.949075319196776 3.3
      vertex 101.94267712803361 16.949075319196776 3.3
      vertex 102.02919412143726 16.89790931192982 3.3
    endloop
  endfacet
  facet normal 0 0 -1
    outer loop
      vertex 78.74045640366795 17.005572809000085 3.3
      vertex 101.85954359633205 17.005572809000085 3.3
      vertex 101.94267712803361 16.949075319196776 3.3
    endloop
  endfacet
  facet normal 0 0 -1
    outer loop
      vertex 78.96634980387425 17.2047246305141 3.3
      vertex 101.63365019612574 17.2047246305141 3.3
      vertex 101.7047246305141 17.133650196125743 3.3
    endloop
  endfacet
  facet normal 0 0 -1
    outer loop
      vertex 78.8198783835979 17.067178811558737 3.3
      vertex 101.7801216164021 17.067178811558737 3.3
      vertex 101.85954359633205 17.005572809000085 3.3
    endloop
  endfacet
  facet normal 0 0 -1
    outer loop
      vertex 78.8952753694859 17.133650196125743 3.3
      vertex 101.7047246305141 17.133650196125743 3.3
      vertex 101.7801216164021 17.067178811558737 3.3
    endloop
  endfacet
  facet normal 0 0 -1
    outer loop
      vertex 79.03282118844126 17.2801216164021 3.3
      vertex 101.56717881155873 17.2801216164021 3.3
      vertex 101.63365019612574 17.2047246305141 3.3
    endloop
  endfacet
  facet normal 0 0 -1
    outer loop
      vertex 79.09442719099991 17.359543596332045 3.3
      vertex 101.50557280900009 17.359543596332045 3.3
      vertex 101.56717881155873 17.2801216164021 3.3
    endloop
  endfacet
  facet normal 0 0 -1
    outer loop
      vertex 79.15092468080323 17.44267712803361 3.3
      vertex 101.44907531919678 17.442677128033605 3.3
      vertex 101.50557280900009 17.359543596332045 3.3
    endloop
  endfacet
  facet normal 0 0 -1
    outer loop
      vertex 79.20209068807017 17.529194121437257 3.3
      vertex 101.39790931192982 17.529194121437257 3.3
      vertex 101.44907531919678 17.442677128033605 3.3
    endloop
  endfacet
  facet normal 0 0 -1
    outer loop
      vertex 79.24772328394563 17.618753133495886 3.3
      vertex 101.35227671605436 17.618753133495886 3.3
      vertex 101.39790931192982 17.529194121437257 3.3
    endloop
  endfacet
  facet normal 0 0 -1
    outer loop
      vertex 79.2876423774212 17.711000715704515 3.3
      vertex 101.3123576225788 17.711000715704515 3.3
      vertex 101.35227671605436 17.618753133495886 3.3
    endloop
  endfacet
  facet normal 0 0 -1
    outer loop
      vertex 79.32169042607224 17.805572809000086 3.3
      vertex 101.27830957392776 17.805572809000086 3.3
      vertex 101.3123576225788 17.711000715704515 3.3
    endloop
  endfacet
  facet normal 0 0 -1
    outer loop
      vertex 79.3497330578058 17.902096180536233 3.3
      vertex 101.25026694219419 17.902096180536233 3.3
      vertex 101.27830957392776 17.805572809000086 3.3
    endloop
  endfacet
  facet normal 0 0 -1
    outer loop
      vertex 79.3716596011659 18.000189896662842 3.3
      vertex 101.22834039883409 18.000189896662842 3.3
      vertex 101.25026694219419 17.902096180536233 3.3
    endloop
  endfacet
  facet normal 0 0 -1
    outer loop
      vertex 79.38738352210316 18.099466826297114 3.3
      vertex 101.21261647789683 18.099466826297114 3.3
      vertex 101.22834039883409 18.000189896662842 3.3
    endloop
  endfacet
  facet normal 0 0 -1
    outer loop
      vertex 79.39684276548523 18.199535168753098 3.3
      vertex 101.20315723451476 18.199535168753098 3.3
      vertex 101.21261647789683 18.099466826297114 3.3
    endloop
  endfacet
  facet normal 0 0 -1
    outer loop
      vertex 79.39999999999999 18.3 3.3
      vertex 101.2 18.3 3.3
      vertex 101.20315723451476 18.199535168753098 3.3
    endloop
  endfacet
  facet normal 0 0 -1
    outer loop
      vertex 79.39684276548523 18.400464831246904 3.3
      vertex 101.20315723451476 18.400464831246904 3.3
      vertex 101.2 18.3 3.3
    endloop
  endfacet
  facet normal 0 0 -1
    outer loop
      vertex 79.38738352210316 18.500533173702888 3.3
      vertex 101.21261647789683 18.500533173702888 3.3
      vertex 101.20315723451476 18.400464831246904 3.3
    endloop
  endfacet
  facet normal 0 0 -1
    outer loop
      vertex 79.3716596011659 18.59981010333716 3.3
      vertex 101.22834039883409 18.59981010333716 3.3
      vertex 101.21261647789683 18.500533173702888 3.3
    endloop
  endfacet
  facet normal 0 0 -1
    outer loop
      vertex 79.3497330578058 18.697903819463768 3.3
      vertex 101.25026694219419 18.697903819463768 3.3
      vertex 101.22834039883409 18.59981010333716 3.3
    endloop
  endfacet
  facet normal 0 0 -1
    outer loop
      vertex 79.32169042607224 18.794427190999915 3.3
      vertex 101.27830957392776 18.794427190999915 3.3
      vertex 101.25026694219419 18.697903819463768 3.3
    endloop
  endfacet
  facet normal 0 0 -1
    outer loop
      vertex 79.2876423774212 18.888999284295487 3.3
      vertex 101.3123576225788 18.888999284295487 3.3
      vertex 101.27830957392776 18.794427190999915 3.3
    endloop
  endfacet
  facet normal 0 0 -1
    outer loop
      vertex 79.24772328394563 18.981246866504115 3.3
      vertex 101.35227671605436 18.981246866504115 3.3
      vertex 101.3123576225788 18.888999284295487 3.3
    endloop
  endfacet
  facet normal 0 0 -1
    outer loop
      vertex 79.20209068807019 19.070805878562744 3.3
      vertex 101.39790931192982 19.070805878562744 3.3
      vertex 101.35227671605436 18.981246866504115 3.3
    endloop
  endfacet
  facet normal 0 0 -1
    outer loop
      vertex 79.15092468080321 19.157322871966397 3.3
      vertex 101.44907531919678 19.157322871966397 3.3
      vertex 101.39790931192982 19.070805878562744 3.3
    endloop
  endfacet
  facet normal 0 0 -1
    outer loop
      vertex 79.09442719099991 19.240456403667956 3.3
      vertex 101.50557280900009 19.240456403667956 3.3
      vertex 101.44907531919678 19.157322871966397 3.3
    endloop
  endfacet
  facet normal 0 0 -1
    outer loop
      vertex 79.03282118844126 19.319878383597903 3.3
      vertex 101.56717881155873 19.319878383597903 3.3
      vertex 101.50557280900009 19.240456403667956 3.3
    endloop
  endfacet
  facet normal 0 0 -1
    outer loop
      vertex 78.96634980387425 19.3952753694859 3.3
      vertex 101.63365019612574 19.3952753694859 3.3
      vertex 101.56717881155873 19.319878383597903 3.3
    endloop
  endfacet
  facet normal 0 0 -1
    outer loop
      vertex 78.8952753694859 19.46634980387426 3.3
      vertex 101.7047246305141 19.46634980387426 3.3
      vertex 101.63365019612574 19.3952753694859 3.3
    endloop
  endfacet
  facet normal 0 0 -1
    outer loop
      vertex 78.8198783835979 19.532821188441265 3.3
      vertex 101.7801216164021 19.532821188441265 3.3
      vertex 101.7047246305141 19.46634980387426 3.3
    endloop
  endfacet
  facet normal 0 0 -1
    outer loop
      vertex 78.74045640366795 19.594427190999916 3.3
      vertex 101.85954359633205 19.594427190999916 3.3
      vertex 101.7801216164021 19.532821188441265 3.3
    endloop
  endfacet
  facet normal 0 0 -1
    outer loop
      vertex 78.65732287196639 19.650924680803225 3.3
      vertex 101.94267712803361 19.650924680803225 3.3
      vertex 101.85954359633205 19.594427190999916 3.3
    endloop
  endfacet
  facet normal 0 0 -1
    outer loop
      vertex 78.57080587856274 19.702090688070182 3.3
      vertex 102.02919412143726 19.702090688070182 3.3
      vertex 101.94267712803361 19.650924680803225 3.3
    endloop
  endfacet
  facet normal 0 0 -1
    outer loop
      vertex 78.48124686650411 19.747723283945632 3.3
      vertex 102.11875313349589 19.747723283945632 3.3
      vertex 102.02919412143726 19.702090688070182 3.3
    endloop
  endfacet
  facet normal 0 0 -1
    outer loop
      vertex 78.38899928429548 19.787642377421204 3.3
      vertex 102.21100071570451 19.787642377421204 3.3
      vertex 102.11875313349589 19.747723283945632 3.3
    endloop
  endfacet
  facet normal 0 0 -1
    outer loop
      vertex 78.29442719099991 19.821690426072248 3.3
      vertex 102.30557280900008 19.821690426072248 3.3
      vertex 102.21100071570451 19.787642377421204 3.3
    endloop
  endfacet
  facet normal 0 0 -1
    outer loop
      vertex 78.57080587856274 16.89790931192982 3.3
      vertex 102.11875313349589 16.85227671605437 3.3
      vertex 115.89999999999999 0 3.3
    endloop
  endfacet
  facet normal 0 0 -1
    outer loop
      vertex 102.11875313349589 16.85227671605437 3.3
      vertex 102.21100071570451 16.812357622578798 3.3
      vertex 115.89999999999999 0 3.3
    endloop
  endfacet
  facet normal 0 0 -1
    outer loop
      vertex 102.40209618053623 16.75026694219419 3.3
      vertex 115.89999999999999 0 3.3
      vertex 102.30557280900008 16.778309573927753 3.3
    endloop
  endfacet
  facet normal 0 0 -1
    outer loop
      vertex 102.21100071570451 16.812357622578798 3.3
      vertex 102.30557280900008 16.778309573927753 3.3
      vertex 115.89999999999999 0 3.3
    endloop
  endfacet
  facet normal 0 0 -1
    outer loop
      vertex 102.50018989666283 16.7283403988341 3.3
      vertex 102.59946682629712 16.712616477896837 3.3
      vertex 115.89999999999999 0 3.3
    endloop
  endfacet
  facet normal 0 0 -1
    outer loop
      vertex 102.40209618053623 16.75026694219419 3.3
      vertex 102.50018989666283 16.7283403988341 3.3
      vertex 115.89999999999999 0 3.3
    endloop
  endfacet
  facet normal 0 0 -1
    outer loop
      vertex 102.59946682629712 16.712616477896837 3.3
      vertex 102.6995351687531 16.703157234514766 3.3
      vertex 115.89999999999999 0 3.3
    endloop
  endfacet
  facet normal 0 0 -1
    outer loop
      vertex 102.8 16.7 3.3
      vertex 102.9004648312469 16.703157234514766 3.3
      vertex 115.89999999999999 0 3.3
    endloop
  endfacet
  facet normal 0 0 -1
    outer loop
      vertex 102.6995351687531 16.703157234514766 3.3
      vertex 102.8 16.7 3.3
      vertex 115.89999999999999 0 3.3
    endloop
  endfacet
  facet normal 0 0 -1
    outer loop
      vertex 103.00053317370288 16.712616477896837 3.3
      vertex 103.09981010333716 16.7283403988341 3.3
      vertex 115.89999999999999 0 3.3
    endloop
  endfacet
  facet normal 0 0 -1
    outer loop
      vertex 102.9004648312469 16.703157234514766 3.3
      vertex 103.00053317370288 16.712616477896837 3.3
      vertex 115.89999999999999 0 3.3
    endloop
  endfacet
  facet normal 0 0 -1
    outer loop
      vertex 103.09981010333716 16.7283403988341 3.3
      vertex 103.19790381946376 16.75026694219419 3.3
      vertex 115.89999999999999 0 3.3
    endloop
  endfacet
  facet normal 0 0 -1
    outer loop
      vertex 103.19790381946376 16.75026694219419 3.3
      vertex 103.29442719099991 16.778309573927753 3.3
      vertex 115.89999999999999 0 3.3
    endloop
  endfacet
  facet normal 0 0 -1
    outer loop
      vertex 103.29442719099991 16.778309573927753 3.3
      vertex 103.38899928429548 16.812357622578798 3.3
      vertex 115.89999999999999 0 3.3
    endloop
  endfacet
  facet normal 0 0 -1
    outer loop
      vertex 103.38899928429548 16.812357622578798 3.3
      vertex 103.48124686650411 16.85227671605437 3.3
      vertex 115.89999999999999 0 3.3
    endloop
  endfacet
  facet normal 0 0 -1
    outer loop
      vertex 103.57080587856274 16.89790931192982 3.3
      vertex 103.65732287196639 16.949075319196776 3.3
      vertex 115.89999999999999 0 3.3
    endloop
  endfacet
  facet normal 0 0 -1
    outer loop
      vertex 103.48124686650411 16.85227671605437 3.3
      vertex 103.57080587856274 16.89790931192982 3.3
      vertex 115.89999999999999 0 3.3
    endloop
  endfacet
  facet normal 0 0 -1
    outer loop
      vertex 103.65732287196639 16.949075319196776 3.3
      vertex 103.74045640366795 17.005572809000085 3.3
      vertex 115.89999999999999 0 3.3
    endloop
  endfacet
  facet normal 0 0 -1
    outer loop
      vertex 103.74045640366795 17.005572809000085 3.3
      vertex 103.8198783835979 17.067178811558737 3.3
      vertex 115.89999999999999 0 3.3
    endloop
  endfacet
  facet normal 0 0 -1
    outer loop
      vertex 103.8198783835979 17.067178811558737 3.3
      vertex 103.8952753694859 17.133650196125743 3.3
      vertex 115.89999999999999 0 3.3
    endloop
  endfacet
  facet normal 0 0 -1
    outer loop
      vertex 103.8952753694859 17.133650196125743 3.3
      vertex 103.96634980387425 17.2047246305141 3.3
      vertex 115.89999999999999 0 3.3
    endloop
  endfacet
  facet normal 0 0 -1
    outer loop
      vertex 103.96634980387425 17.2047246305141 3.3
      vertex 104.03282118844126 17.2801216164021 3.3
      vertex 115.89999999999999 0 3.3
    endloop
  endfacet
  facet normal 0 0 -1
    outer loop
      vertex 104.03282118844126 17.2801216164021 3.3
      vertex 104.09442719099991 17.359543596332045 3.3
      vertex 115.89999999999999 0 3.3
    endloop
  endfacet
  facet normal 0 0 -1
    outer loop
      vertex 104.09442719099991 17.359543596332045 3.3
      vertex 104.15092468080323 17.44267712803361 3.3
      vertex 115.89999999999999 0 3.3
    endloop
  endfacet
  facet normal 0 0 -1
    outer loop
      vertex 104.15092468080323 17.44267712803361 3.3
      vertex 104.20209068807017 17.529194121437257 3.3
      vertex 115.89999999999999 0 3.3
    endloop
  endfacet
  facet normal 0 0 -1
    outer loop
      vertex 104.20209068807017 17.529194121437257 3.3
      vertex 104.24772328394563 17.618753133495886 3.3
      vertex 115.89999999999999 0 3.3
    endloop
  endfacet
  facet normal 0 0 -1
    outer loop
      vertex 104.24772328394563 17.618753133495886 3.3
      vertex 104.2876423774212 17.711000715704515 3.3
      vertex 115.89999999999999 0 3.3
    endloop
  endfacet
  facet normal 0 0 -1
    outer loop
      vertex 104.2876423774212 17.711000715704515 3.3
      vertex 104.32169042607224 17.805572809000086 3.3
      vertex 115.89999999999999 0 3.3
    endloop
  endfacet
  facet normal 0 0 -1
    outer loop
      vertex 104.32169042607224 17.805572809000086 3.3
      vertex 104.3497330578058 17.902096180536233 3.3
      vertex 115.89999999999999 0 3.3
    endloop
  endfacet
  facet normal 0 0 -1
    outer loop
      vertex 104.3497330578058 17.902096180536233 3.3
      vertex 104.3716596011659 18.000189896662842 3.3
      vertex 115.89999999999999 0 3.3
    endloop
  endfacet
  facet normal 0 0 -1
    outer loop
      vertex 104.3716596011659 18.000189896662842 3.3
      vertex 104.38738352210316 18.099466826297114 3.3
      vertex 115.89999999999999 0 3.3
    endloop
  endfacet
  facet normal 0 0 -1
    outer loop
      vertex 104.38738352210316 18.099466826297114 3.3
      vertex 104.39684276548523 18.199535168753098 3.3
      vertex 115.89999999999999 0 3.3
    endloop
  endfacet
  facet normal 0 0 -1
    outer loop
      vertex 104.39684276548523 18.199535168753098 3.3
      vertex 104.39999999999999 18.3 3.3
      vertex 115.89999999999999 0 3.3
    endloop
  endfacet
  facet normal 0 0 -1
    outer loop
      vertex 104.39999999999999 18.3 3.3
      vertex 115.89999999999999 30.3 3.3
      vertex 115.89999999999999 0 3.3
    endloop
  endfacet
  facet normal -1 0 0
    outer loop
      vertex 115.89999999999999 0 0
      vertex 115.89999999999999 0 3.3
      vertex 115.89999999999999 30.3 0
    endloop
  endfacet
  facet normal 0 0 -1
    outer loop
      vertex 52.699535168753094 19.896842765485236 3.3
      vertex 115.89999999999999 30.3 3.3
      vertex 52.8 19.900000000000002 3.3
    endloop
  endfacet
  facet normal 0 0 -1
    outer loop
      vertex 52.8 19.900000000000002 3.3
      vertex 115.89999999999999 30.3 3.3
      vertex 52.9004648312469 19.896842765485236 3.3
    endloop
  endfacet
  facet normal 0 0 -1
    outer loop
      vertex 52.9004648312469 19.896842765485236 3.3
      vertex 115.89999999999999 30.3 3.3
      vertex 53.000533173702884 19.887383522103164 3.3
    endloop
  endfacet
  facet normal 0 0 -1
    outer loop
      vertex 53.740456403667956 19.594427190999916 3.3
      vertex 53.65732287196639 19.650924680803225 3.3
      vertex 115.89999999999999 30.3 3.3
    endloop
  endfacet
  facet normal 0 0 -1
    outer loop
      vertex 53.481246866504115 19.747723283945632 3.3
      vertex 53.38899928429548 19.787642377421204 3.3
      vertex 115.89999999999999 30.3 3.3
    endloop
  endfacet
  facet normal 0 0 -1
    outer loop
      vertex 53.481246866504115 19.747723283945632 3.3
      vertex 115.89999999999999 30.3 3.3
      vertex 53.570805878562744 19.702090688070182 3.3
    endloop
  endfacet
  facet normal 0 0 -1
    outer loop
      vertex 53.65732287196639 19.650924680803225 3.3
      vertex 53.570805878562744 19.702090688070182 3.3
      vertex 115.89999999999999 30.3 3.3
    endloop
  endfacet
  facet normal 0 0 -1
    outer loop
      vertex 53.000533173702884 19.887383522103164 3.3
      vertex 115.89999999999999 30.3 3.3
      vertex 53.099810103337155 19.871659601165902 3.3
    endloop
  endfacet
  facet normal 0 0 -1
    outer loop
      vertex 53.099810103337155 19.871659601165902 3.3
      vertex 115.89999999999999 30.3 3.3
      vertex 53.19790381946377 19.84973305780581 3.3
    endloop
  endfacet
  facet normal 0 0 -1
    outer loop
      vertex 53.29442719099991 19.821690426072248 3.3
      vertex 115.89999999999999 30.3 3.3
      vertex 53.38899928429548 19.787642377421204 3.3
    endloop
  endfacet
  facet normal 0 0 -1
    outer loop
      vertex 53.29442719099991 19.821690426072248 3.3
      vertex 53.19790381946377 19.84973305780581 3.3
      vertex 115.89999999999999 30.3 3.3
    endloop
  endfacet
  facet normal 0 0 -1
    outer loop
      vertex 53.740456403667956 19.594427190999916 3.3
      vertex 115.89999999999999 30.3 3.3
      vertex 77.8 19.900000000000002 3.3
    endloop
  endfacet
  facet normal 0 0 -1
    outer loop
      vertex 77.8 19.900000000000002 3.3
      vertex 115.89999999999999 30.3 3.3
      vertex 77.9004648312469 19.896842765485236 3.3
    endloop
  endfacet
  facet normal 0 0 -1
    outer loop
      vertex 78.00053317370289 19.887383522103164 3.3
      vertex 115.89999999999999 30.3 3.3
      vertex 78.09981010333716 19.871659601165902 3.3
    endloop
  endfacet
  facet normal 0 0 -1
    outer loop
      vertex 78.29442719099991 19.821690426072248 3.3
      vertex 78.19790381946376 19.84973305780581 3.3
      vertex 115.89999999999999 30.3 3.3
    endloop
  endfacet
  facet normal 0 0 -1
    outer loop
      vertex 78.09981010333716 19.871659601165902 3.3
      vertex 115.89999999999999 30.3 3.3
      vertex 78.19790381946376 19.84973305780581 3.3
    endloop
  endfacet
  facet normal 0 0 -1
    outer loop
      vertex 77.9004648312469 19.896842765485236 3.3
      vertex 115.89999999999999 30.3 3.3
      vertex 78.00053317370289 19.887383522103164 3.3
    endloop
  endfacet
  facet normal 0 -1 0
    outer loop
      vertex 15.3 30.3 3.3
      vertex 115.89999999999999 30.3 0
      vertex 115.89999999999999 30.3 3.3
    endloop
  endfacet
  facet normal 0 0 -1
    outer loop
      vertex 78.29442719099991 19.821690426072248 3.3
      vertex 115.89999999999999 30.3 3.3
      vertex 102.30557280900008 19.821690426072248 3.3
    endloop
  endfacet
  facet normal 0 0 -1
    outer loop
      vertex 104.39999999999999 18.3 3.3
      vertex 104.39684276548523 18.400464831246904 3.3
      vertex 115.89999999999999 30.3 3.3
    endloop
  endfacet
  facet normal 0 0 -1
    outer loop
      vertex 104.39684276548523 18.400464831246904 3.3
      vertex 104.38738352210316 18.500533173702888 3.3
      vertex 115.89999999999999 30.3 3.3
    endloop
  endfacet
  facet normal 0 0 -1
    outer loop
      vertex 104.38738352210316 18.500533173702888 3.3
      vertex 104.3716596011659 18.59981010333716 3.3
      vertex 115.89999999999999 30.3 3.3
    endloop
  endfacet
  facet normal 0 0 -1
    outer loop
      vertex 104.2876423774212 18.888999284295487 3.3
      vertex 104.24772328394563 18.981246866504115 3.3
      vertex 115.89999999999999 30.3 3.3
    endloop
  endfacet
  facet normal 0 0 -1
    outer loop
      vertex 104.24772328394563 18.981246866504115 3.3
      vertex 104.20209068807019 19.070805878562744 3.3
      vertex 115.89999999999999 30.3 3.3
    endloop
  endfacet
  facet normal 0 0 -1
    outer loop
      vertex 104.20209068807019 19.070805878562744 3.3
      vertex 104.15092468080321 19.157322871966397 3.3
      vertex 115.89999999999999 30.3 3.3
    endloop
  endfacet
  facet normal 0 0 -1
    outer loop
      vertex 104.03282118844126 19.319878383597903 3.3
      vertex 115.89999999999999 30.3 3.3
      vertex 104.09442719099991 19.240456403667956 3.3
    endloop
  endfacet
  facet normal 0 0 -1
    outer loop
      vertex 104.15092468080321 19.157322871966397 3.3
      vertex 104.09442719099991 19.240456403667956 3.3
      vertex 115.89999999999999 30.3 3.3
    endloop
  endfacet
  facet normal 0 0 -1
    outer loop
      vertex 103.8952753694859 19.46634980387426 3.3
      vertex 103.8198783835979 19.532821188441265 3.3
      vertex 115.89999999999999 30.3 3.3
    endloop
  endfacet
  facet normal 0 0 -1
    outer loop
      vertex 104.03282118844126 19.319878383597903 3.3
      vertex 103.96634980387425 19.3952753694859 3.3
      vertex 115.89999999999999 30.3 3.3
    endloop
  endfacet
  facet normal 0 0 -1
    outer loop
      vertex 103.96634980387425 19.3952753694859 3.3
      vertex 103.8952753694859 19.46634980387426 3.3
      vertex 115.89999999999999 30.3 3.3
    endloop
  endfacet
  facet normal 0 0 -1
    outer loop
      vertex 102.30557280900008 19.821690426072248 3.3
      vertex 115.89999999999999 30.3 3.3
      vertex 102.40209618053623 19.84973305780581 3.3
    endloop
  endfacet
  facet normal 0 0 -1
    outer loop
      vertex 102.50018989666283 19.871659601165902 3.3
      vertex 115.89999999999999 30.3 3.3
      vertex 102.5994668262971 19.887383522103164 3.3
    endloop
  endfacet
  facet normal 0 0 -1
    outer loop
      vertex 102.40209618053623 19.84973305780581 3.3
      vertex 115.89999999999999 30.3 3.3
      vertex 102.50018989666283 19.871659601165902 3.3
    endloop
  endfacet
  facet normal 0 0 -1
    outer loop
      vertex 102.5994668262971 19.887383522103164 3.3
      vertex 115.89999999999999 30.3 3.3
      vertex 102.6995351687531 19.896842765485236 3.3
    endloop
  endfacet
  facet normal 0 0 -1
    outer loop
      vertex 103.48124686650411 19.747723283945632 3.3
      vertex 103.38899928429548 19.787642377421204 3.3
      vertex 115.89999999999999 30.3 3.3
    endloop
  endfacet
  facet normal 0 0 -1
    outer loop
      vertex 103.00053317370289 19.887383522103164 3.3
      vertex 115.89999999999999 30.3 3.3
      vertex 103.09981010333716 19.871659601165902 3.3
    endloop
  endfacet
  facet normal 0 0 -1
    outer loop
      vertex 102.8 19.900000000000002 3.3
      vertex 115.89999999999999 30.3 3.3
      vertex 102.9004648312469 19.896842765485236 3.3
    endloop
  endfacet
  facet normal 0 0 -1
    outer loop
      vertex 102.6995351687531 19.896842765485236 3.3
      vertex 115.89999999999999 30.3 3.3
      vertex 102.8 19.900000000000002 3.3
    endloop
  endfacet
  facet normal 0 0 -1
    outer loop
      vertex 102.9004648312469 19.896842765485236 3.3
      vertex 115.89999999999999 30.3 3.3
      vertex 103.00053317370289 19.887383522103164 3.3
    endloop
  endfacet
  facet normal 0 0 -1
    outer loop
      vertex 103.29442719099991 19.821690426072248 3.3
      vertex 103.19790381946376 19.84973305780581 3.3
      vertex 115.89999999999999 30.3 3.3
    endloop
  endfacet
  facet normal 0 0 -1
    outer loop
      vertex 103.09981010333716 19.871659601165902 3.3
      vertex 115.89999999999999 30.3 3.3
      vertex 103.19790381946376 19.84973305780581 3.3
    endloop
  endfacet
  facet normal 0 0 -1
    outer loop
      vertex 103.29442719099991 19.821690426072248 3.3
      vertex 115.89999999999999 30.3 3.3
      vertex 103.38899928429548 19.787642377421204 3.3
    endloop
  endfacet
  facet normal 0 0 -1
    outer loop
      vertex 103.74045640366795 19.594427190999916 3.3
      vertex 103.65732287196639 19.650924680803225 3.3
      vertex 115.89999999999999 30.3 3.3
    endloop
  endfacet
  facet normal 0 0 -1
    outer loop
      vertex 103.74045640366795 19.594427190999916 3.3
      vertex 115.89999999999999 30.3 3.3
      vertex 103.8198783835979 19.532821188441265 3.3
    endloop
  endfacet
  facet normal 0 0 -1
    outer loop
      vertex 103.65732287196639 19.650924680803225 3.3
      vertex 103.57080587856274 19.702090688070182 3.3
      vertex 115.89999999999999 30.3 3.3
    endloop
  endfacet
  facet normal 0 0 -1
    outer loop
      vertex 103.48124686650411 19.747723283945632 3.3
      vertex 115.89999999999999 30.3 3.3
      vertex 103.57080587856274 19.702090688070182 3.3
    endloop
  endfacet
  facet normal 0 0 -1
    outer loop
      vertex 104.3716596011659 18.59981010333716 3.3
      vertex 104.3497330578058 18.697903819463768 3.3
      vertex 115.89999999999999 30.3 3.3
    endloop
  endfacet
  facet normal 0 0 -1
    outer loop
      vertex 104.3497330578058 18.697903819463768 3.3
      vertex 104.32169042607224 18.794427190999915 3.3
      vertex 115.89999999999999 30.3 3.3
    endloop
  endfacet
  facet normal 0 0 -1
    outer loop
      vertex 104.32169042607224 18.794427190999915 3.3
      vertex 104.2876423774212 18.888999284295487 3.3
      vertex 115.89999999999999 30.3 3.3
    endloop
  endfacet
  facet normal -1 0 0
    outer loop
      vertex 115.89999999999999 30.3 3.3
      vertex 115.89999999999999 30.3 0
      vertex 115.89999999999999 0 3.3
    endloop
  endfacet
  facet normal 0.7071067811865405 0.7071067811865546 0
    outer loop
      vertex 6.130905788142623 28.54206274515718 15
      vertex 6.130905788142623 28.54206274515718 0
      vertex 6.0420627451571765 28.630905788142623 0
    endloop
  endfacet
  facet normal 0.7501110696304536 0.6613118653236587 0
    outer loop
      vertex 5.958973514448421 28.72515202050262 15
      vertex 6.0420627451571765 28.630905788142623 0
      vertex 5.958973514448421 28.72515202050262 0
    endloop
  endfacet
  facet normal 0.33873792024529975 0.9408807689542223 0
    outer loop
      vertex 6.881966011250105 28.097886967409693 15
      vertex 6.881966011250105 28.097886967409693 0
      vertex 6.763750894630644 28.140447028223498 0
    endloop
  endfacet
  facet normal 0.2181432413965452 0.9759167619387469 0
    outer loop
      vertex 7.12523737082855 28.035425498542622 15
      vertex 7.12523737082855 28.035425498542622 0
      vertex 7.00262022567029 28.062833677742738 0
    endloop
  endfacet
  facet normal 0.27899110603922866 0.9602936856769432 0
    outer loop
      vertex 7.00262022567029 28.062833677742738 15
      vertex 7.00262022567029 28.062833677742738 0
      vertex 6.881966011250105 28.097886967409693 0
    endloop
  endfacet
  facet normal 0.1564344650402236 0.9876883405951389 0
    outer loop
      vertex 7.2493335328713915 28.015770597371045 15
      vertex 7.2493335328713915 28.015770597371045 0
      vertex 7.12523737082855 28.035425498542622 0
    endloop
  endfacet
  facet normal 0.09410831331852311 0.9955619646030792 0
    outer loop
      vertex 7.374418960941372 28.003946543143456 15
      vertex 7.374418960941372 28.003946543143456 0
      vertex 7.2493335328713915 28.015770597371045 0
    endloop
  endfacet
  facet normal 0.031410759078124545 0.9995065603657317 0
    outer loop
      vertex 7.5 28 15
      vertex 7.5 28 0
      vertex 7.374418960941372 28.003946543143456 0
    endloop
  endfacet
  facet normal -0.031410759078124545 0.9995065603657317 0
    outer loop
      vertex 7.625581039058628 28.003946543143456 15
      vertex 7.625581039058628 28.003946543143456 0
      vertex 7.5 28 0
    endloop
  endfacet
  facet normal -0.09410831331852311 0.9955619646030792 0
    outer loop
      vertex 7.7506664671286085 28.015770597371045 15
      vertex 7.7506664671286085 28.015770597371045 0
      vertex 7.625581039058628 28.003946543143456 0
    endloop
  endfacet
  facet normal -0.1564344650402236 0.9876883405951389 0
    outer loop
      vertex 7.87476262917145 28.035425498542622 15
      vertex 7.87476262917145 28.035425498542622 0
      vertex 7.7506664671286085 28.015770597371045 0
    endloop
  endfacet
  facet normal -0.2181432413965467 0.9759167619387464 0
    outer loop
      vertex 7.997379774329709 28.062833677742738 15
      vertex 7.997379774329709 28.062833677742738 0
      vertex 7.87476262917145 28.035425498542622 0
    endloop
  endfacet
  facet normal -0.2789911060392268 0.9602936856769437 0
    outer loop
      vertex 8.118033988749895 28.097886967409693 15
      vertex 8.118033988749895 28.097886967409693 0
      vertex 7.997379774329709 28.062833677742738 0
    endloop
  endfacet
  facet normal 0.5090414157503884 0.8607420270039335 0
    outer loop
      vertex 6.53649265179657 28.24738663991227 15
      vertex 6.53649265179657 28.24738663991227 0
      vertex 6.428346410042007 28.31134414899597 0
    endloop
  endfacet
  facet normal 0.45399049973954225 0.8910065241883701 0
    outer loop
      vertex 6.648441416869855 28.19034589506796 15
      vertex 6.648441416869855 28.19034589506796 0
      vertex 6.53649265179657 28.24738663991227 0
    endloop
  endfacet
  facet normal 0.6129070536529626 0.7901550123757012 0
    outer loop
      vertex 6.324429495415053 28.381966011250107 15
      vertex 6.324429495415053 28.381966011250107 0
      vertex 6.2251520205026205 28.45897351444842 0
    endloop
  endfacet
  facet normal 0.5620833778521305 0.8270805742745619 0
    outer loop
      vertex 6.428346410042007 28.31134414899597 15
      vertex 6.428346410042007 28.31134414899597 0
      vertex 6.324429495415053 28.381966011250107 0
    endloop
  endfacet
  facet normal 0.3971478906347683 0.9177546256839865 0
    outer loop
      vertex 6.763750894630644 28.140447028223498 15
      vertex 6.763750894630644 28.140447028223498 0
      vertex 6.648441416869855 28.19034589506796 0
    endloop
  endfacet
  facet normal 0.6613118653236671 0.750111069630446 0
    outer loop
      vertex 6.2251520205026205 28.45897351444842 15
      vertex 6.2251520205026205 28.45897351444842 0
      vertex 6.130905788142623 28.54206274515718 0
    endloop
  endfacet
  facet normal 0.8270805742745653 0.5620833778521256 0
    outer loop
      vertex 5.81134414899597 28.928346410042007 15
      vertex 5.881966011250105 28.824429495415053 0
      vertex 5.81134414899597 28.928346410042007 0
    endloop
  endfacet
  facet normal 0.7901550123756935 0.6129070536529724 0
    outer loop
      vertex 5.881966011250105 28.824429495415053 15
      vertex 5.958973514448421 28.72515202050262 0
      vertex 5.881966011250105 28.824429495415053 0
    endloop
  endfacet
  facet normal 0.8607420270039392 0.5090414157503789 0
    outer loop
      vertex 5.747386639912273 29.036492651796568 15
      vertex 5.81134414899597 28.928346410042007 0
      vertex 5.747386639912273 29.036492651796568 0
    endloop
  endfacet
  facet normal 0.8910065241883688 0.45399049973954503 0
    outer loop
      vertex 5.690345895067961 29.148441416869854 15
      vertex 5.747386639912273 29.036492651796568 0
      vertex 5.690345895067961 29.148441416869854 0
    endloop
  endfacet
  facet normal 0.9177546256839813 0.3971478906347802 0
    outer loop
      vertex 5.640447028223497 29.263750894630643 15
      vertex 5.690345895067961 29.148441416869854 0
      vertex 5.640447028223497 29.263750894630643 0
    endloop
  endfacet
  facet normal 0.9408807689542271 0.33873792024528676 0
    outer loop
      vertex 5.597886967409693 29.381966011250107 15
      vertex 5.640447028223497 29.263750894630643 0
      vertex 5.597886967409693 29.381966011250107 0
    endloop
  endfacet
  facet normal 0.9602936856769432 0.27899110603922866 0
    outer loop
      vertex 5.562833677742738 29.50262022567029 15
      vertex 5.597886967409693 29.381966011250107 0
      vertex 5.562833677742738 29.50262022567029 0
    endloop
  endfacet
  facet normal 0.9759167619387462 0.2181432413965482 0
    outer loop
      vertex 5.535425498542622 29.62523737082855 15
      vertex 5.562833677742738 29.50262022567029 0
      vertex 5.535425498542622 29.62523737082855 0
    endloop
  endfacet
  facet normal 0.9876883405951381 0.15643446504022832 0
    outer loop
      vertex 5.515770597371044 29.749333532871393 15
      vertex 5.535425498542622 29.62523737082855 0
      vertex 5.515770597371044 29.749333532871393 0
    endloop
  endfacet
  facet normal 0.9955619646030798 0.09410831331851675 0
    outer loop
      vertex 5.503946543143456 29.874418960941373 15
      vertex 5.515770597371044 29.749333532871393 0
      vertex 5.503946543143456 29.874418960941373 0
    endloop
  endfacet
  facet normal 0.9995065603657317 0.03141075907812477 0
    outer loop
      vertex 5.5 30 15
      vertex 5.503946543143456 29.874418960941373 0
      vertex 5.5 30 0
    endloop
  endfacet
  facet normal -0.3387379202452975 0.9408807689542232 0
    outer loop
      vertex 8.236249105369357 28.140447028223498 15
      vertex 8.236249105369357 28.140447028223498 0
      vertex 8.118033988749895 28.097886967409693 0
    endloop
  endfacet
  facet normal -0.3971478906347683 0.9177546256839865 0
    outer loop
      vertex 8.351558583130146 28.19034589506796 15
      vertex 8.351558583130146 28.19034589506796 0
      vertex 8.236249105369357 28.140447028223498 0
    endloop
  endfacet
  facet normal -0.45399049973954514 0.8910065241883687 0
    outer loop
      vertex 8.46350734820343 28.24738663991227 15
      vertex 8.46350734820343 28.24738663991227 0
      vertex 8.351558583130146 28.19034589506796 0
    endloop
  endfacet
  facet normal -0.5090414157503884 0.8607420270039335 0
    outer loop
      vertex 8.571653589957993 28.31134414899597 15
      vertex 8.571653589957993 28.31134414899597 0
      vertex 8.46350734820343 28.24738663991227 0
    endloop
  endfacet
  facet normal -0.5620833778521305 0.8270805742745619 0
    outer loop
      vertex 8.675570504584947 28.381966011250107 15
      vertex 8.675570504584947 28.381966011250107 0
      vertex 8.571653589957993 28.31134414899597 0
    endloop
  endfacet
  facet normal -0.6129070536529768 0.7901550123756901 0
    outer loop
      vertex 8.77484797949738 28.458973514448424 15
      vertex 8.77484797949738 28.458973514448424 0
      vertex 8.675570504584947 28.381966011250107 0
    endloop
  endfacet
  facet normal -0.6613118653236547 0.750111069630457 0
    outer loop
      vertex 8.869094211857377 28.54206274515718 15
      vertex 8.869094211857377 28.54206274515718 0
      vertex 8.77484797949738 28.458973514448424 0
    endloop
  endfacet
  facet normal -0.7071067811865405 0.7071067811865546 0
    outer loop
      vertex 8.957937254842824 28.630905788142623 15
      vertex 8.957937254842824 28.630905788142623 0
      vertex 8.869094211857377 28.54206274515718 0
    endloop
  endfacet
  facet normal -0.750111069630457 0.6613118653236547 0
    outer loop
      vertex 8.957937254842824 28.630905788142623 15
      vertex 9.041026485551578 28.72515202050262 0
      vertex 8.957937254842824 28.630905788142623 0
    endloop
  endfacet
  facet normal -0.7901550123756901 0.6129070536529768 0
    outer loop
      vertex 9.041026485551578 28.72515202050262 15
      vertex 9.118033988749895 28.824429495415053 0
      vertex 9.041026485551578 28.72515202050262 0
    endloop
  endfacet
  facet normal -0.8270805742745619 0.5620833778521305 0
    outer loop
      vertex 9.118033988749895 28.824429495415053 15
      vertex 9.18865585100403 28.928346410042007 0
      vertex 9.118033988749895 28.824429495415053 0
    endloop
  endfacet
  facet normal -0.8607420270039423 0.5090414157503736 0
    outer loop
      vertex 9.18865585100403 28.928346410042007 15
      vertex 9.252613360087727 29.036492651796568 0
      vertex 9.18865585100403 28.928346410042007 0
    endloop
  endfacet
  facet normal -0.8910065241883659 0.45399049973955063 0
    outer loop
      vertex 9.252613360087727 29.036492651796568 15
      vertex 9.30965410493204 29.148441416869854 0
      vertex 9.252613360087727 29.036492651796568 0
    endloop
  endfacet
  facet normal -0.9177546256839865 0.3971478906347683 0
    outer loop
      vertex 9.30965410493204 29.148441416869854 15
      vertex 9.359552971776502 29.263750894630643 0
      vertex 9.30965410493204 29.148441416869854 0
    endloop
  endfacet
  facet normal -0.9408807689542249 0.33873792024529303 0
    outer loop
      vertex 9.359552971776502 29.263750894630643 15
      vertex 9.402113032590307 29.381966011250107 0
      vertex 9.359552971776502 29.263750894630643 0
    endloop
  endfacet
  facet normal -0.9602936856769432 0.27899110603922866 0
    outer loop
      vertex 9.402113032590307 29.381966011250107 15
      vertex 9.437166322257262 29.50262022567029 0
      vertex 9.402113032590307 29.381966011250107 0
    endloop
  endfacet
  facet normal -0.9759167619387462 0.2181432413965482 0
    outer loop
      vertex 9.437166322257262 29.50262022567029 15
      vertex 9.464574501457378 29.62523737082855 0
      vertex 9.437166322257262 29.50262022567029 0
    endloop
  endfacet
  facet normal -0.9876883405951392 0.1564344650402214 0
    outer loop
      vertex 9.464574501457378 29.62523737082855 15
      vertex 9.484229402628955 29.749333532871393 0
      vertex 9.464574501457378 29.62523737082855 0
    endloop
  endfacet
  facet normal -0.9955619646030792 0.09410831331852378 0
    outer loop
      vertex 9.484229402628955 29.749333532871393 15
      vertex 9.496053456856544 29.874418960941373 0
      vertex 9.484229402628955 29.749333532871393 0
    endloop
  endfacet
  facet normal -0.9995065603657317 0.03141075907812477 0
    outer loop
      vertex 9.496053456856544 29.874418960941373 15
      vertex 9.5 30 0
      vertex 9.496053456856544 29.874418960941373 0
    endloop
  endfacet
  facet normal 0.7071067811865405 0.7071067811865546 0
    outer loop
      vertex 6.0420627451571765 28.630905788142623 15
      vertex 6.130905788142623 28.54206274515718 15
      vertex 6.0420627451571765 28.630905788142623 0
    endloop
  endfacet
  facet normal 0.7501110696304536 0.6613118653236587 0
    outer loop
      vertex 6.0420627451571765 28.630905788142623 15
      vertex 6.0420627451571765 28.630905788142623 0
      vertex 5.958973514448421 28.72515202050262 15
    endloop
  endfacet
  facet normal 0.27899110603922866 0.9602936856769432 0
    outer loop
      vertex 6.881966011250105 28.097886967409693 15
      vertex 7.00262022567029 28.062833677742738 15
      vertex 6.881966011250105 28.097886967409693 0
    endloop
  endfacet
  facet normal 0.2181432413965452 0.9759167619387469 0
    outer loop
      vertex 7.12523737082855 28.035425498542622 15
      vertex 7.00262022567029 28.062833677742738 0
      vertex 7.00262022567029 28.062833677742738 15
    endloop
  endfacet
  facet normal 0.1564344650402236 0.9876883405951389 0
    outer loop
      vertex 7.12523737082855 28.035425498542622 15
      vertex 7.2493335328713915 28.015770597371045 15
      vertex 7.12523737082855 28.035425498542622 0
    endloop
  endfacet
  facet normal 0.09410831331852311 0.9955619646030792 0
    outer loop
      vertex 7.2493335328713915 28.015770597371045 15
      vertex 7.374418960941372 28.003946543143456 15
      vertex 7.2493335328713915 28.015770597371045 0
    endloop
  endfacet
  facet normal 0.031410759078124545 0.9995065603657317 0
    outer loop
      vertex 7.374418960941372 28.003946543143456 15
      vertex 7.5 28 15
      vertex 7.374418960941372 28.003946543143456 0
    endloop
  endfacet
  facet normal -0.031410759078124545 0.9995065603657317 0
    outer loop
      vertex 7.5 28 15
      vertex 7.625581039058628 28.003946543143456 15
      vertex 7.5 28 0
    endloop
  endfacet
  facet normal -0.09410831331852311 0.9955619646030792 0
    outer loop
      vertex 7.625581039058628 28.003946543143456 15
      vertex 7.7506664671286085 28.015770597371045 15
      vertex 7.625581039058628 28.003946543143456 0
    endloop
  endfacet
  facet normal -0.1564344650402236 0.9876883405951389 0
    outer loop
      vertex 7.7506664671286085 28.015770597371045 15
      vertex 7.87476262917145 28.035425498542622 15
      vertex 7.7506664671286085 28.015770597371045 0
    endloop
  endfacet
  facet normal -0.2181432413965467 0.9759167619387464 0
    outer loop
      vertex 7.87476262917145 28.035425498542622 15
      vertex 7.997379774329709 28.062833677742738 15
      vertex 7.87476262917145 28.035425498542622 0
    endloop
  endfacet
  facet normal -0.2789911060392268 0.9602936856769437 0
    outer loop
      vertex 7.997379774329709 28.062833677742738 15
      vertex 8.118033988749895 28.097886967409693 15
      vertex 7.997379774329709 28.062833677742738 0
    endloop
  endfacet
  facet normal -0.3387379202452975 0.9408807689542232 0
    outer loop
      vertex 8.118033988749895 28.097886967409693 15
      vertex 8.236249105369357 28.140447028223498 15
      vertex 8.118033988749895 28.097886967409693 0
    endloop
  endfacet
  facet normal 0.45399049973954225 0.8910065241883701 0
    outer loop
      vertex 6.53649265179657 28.24738663991227 15
      vertex 6.648441416869855 28.19034589506796 15
      vertex 6.53649265179657 28.24738663991227 0
    endloop
  endfacet
  facet normal 0.5620833778521305 0.8270805742745619 0
    outer loop
      vertex 6.324429495415053 28.381966011250107 15
      vertex 6.428346410042007 28.31134414899597 15
      vertex 6.324429495415053 28.381966011250107 0
    endloop
  endfacet
  facet normal 0.6129070536529626 0.7901550123757012 0
    outer loop
      vertex 6.324429495415053 28.381966011250107 15
      vertex 6.2251520205026205 28.45897351444842 0
      vertex 6.2251520205026205 28.45897351444842 15
    endloop
  endfacet
  facet normal 0.5090414157503884 0.8607420270039335 0
    outer loop
      vertex 6.53649265179657 28.24738663991227 15
      vertex 6.428346410042007 28.31134414899597 0
      vertex 6.428346410042007 28.31134414899597 15
    endloop
  endfacet
  facet normal 0.3971478906347683 0.9177546256839865 0
    outer loop
      vertex 6.648441416869855 28.19034589506796 15
      vertex 6.763750894630644 28.140447028223498 15
      vertex 6.648441416869855 28.19034589506796 0
    endloop
  endfacet
  facet normal 0.33873792024529975 0.9408807689542223 0
    outer loop
      vertex 6.881966011250105 28.097886967409693 15
      vertex 6.763750894630644 28.140447028223498 0
      vertex 6.763750894630644 28.140447028223498 15
    endloop
  endfacet
  facet normal 0.6613118653236671 0.750111069630446 0
    outer loop
      vertex 6.2251520205026205 28.45897351444842 15
      vertex 6.130905788142623 28.54206274515718 0
      vertex 6.130905788142623 28.54206274515718 15
    endloop
  endfacet
  facet normal 0.8270805742745653 0.5620833778521256 0
    outer loop
      vertex 5.881966011250105 28.824429495415053 15
      vertex 5.881966011250105 28.824429495415053 0
      vertex 5.81134414899597 28.928346410042007 15
    endloop
  endfacet
  facet normal 0.7901550123756935 0.6129070536529724 0
    outer loop
      vertex 5.958973514448421 28.72515202050262 15
      vertex 5.958973514448421 28.72515202050262 0
      vertex 5.881966011250105 28.824429495415053 15
    endloop
  endfacet
  facet normal 0.8607420270039392 0.5090414157503789 0
    outer loop
      vertex 5.81134414899597 28.928346410042007 15
      vertex 5.81134414899597 28.928346410042007 0
      vertex 5.747386639912273 29.036492651796568 15
    endloop
  endfacet
  facet normal 0.8910065241883688 0.45399049973954503 0
    outer loop
      vertex 5.747386639912273 29.036492651796568 15
      vertex 5.747386639912273 29.036492651796568 0
      vertex 5.690345895067961 29.148441416869854 15
    endloop
  endfacet
  facet normal 0.9177546256839813 0.3971478906347802 0
    outer loop
      vertex 5.690345895067961 29.148441416869854 15
      vertex 5.690345895067961 29.148441416869854 0
      vertex 5.640447028223497 29.263750894630643 15
    endloop
  endfacet
  facet normal 0.9408807689542271 0.33873792024528676 0
    outer loop
      vertex 5.640447028223497 29.263750894630643 15
      vertex 5.640447028223497 29.263750894630643 0
      vertex 5.597886967409693 29.381966011250107 15
    endloop
  endfacet
  facet normal 0.9602936856769432 0.27899110603922866 0
    outer loop
      vertex 5.597886967409693 29.381966011250107 15
      vertex 5.597886967409693 29.381966011250107 0
      vertex 5.562833677742738 29.50262022567029 15
    endloop
  endfacet
  facet normal 0.9759167619387462 0.2181432413965482 0
    outer loop
      vertex 5.562833677742738 29.50262022567029 15
      vertex 5.562833677742738 29.50262022567029 0
      vertex 5.535425498542622 29.62523737082855 15
    endloop
  endfacet
  facet normal 0.9876883405951381 0.15643446504022832 0
    outer loop
      vertex 5.535425498542622 29.62523737082855 15
      vertex 5.535425498542622 29.62523737082855 0
      vertex 5.515770597371044 29.749333532871393 15
    endloop
  endfacet
  facet normal 0.9955619646030798 0.09410831331851675 0
    outer loop
      vertex 5.515770597371044 29.749333532871393 15
      vertex 5.515770597371044 29.749333532871393 0
      vertex 5.503946543143456 29.874418960941373 15
    endloop
  endfacet
  facet normal 0.9995065603657317 0.03141075907812477 0
    outer loop
      vertex 5.503946543143456 29.874418960941373 15
      vertex 5.503946543143456 29.874418960941373 0
      vertex 5.5 30 15
    endloop
  endfacet
  facet normal -0.3971478906347683 0.9177546256839865 0
    outer loop
      vertex 8.236249105369357 28.140447028223498 15
      vertex 8.351558583130146 28.19034589506796 15
      vertex 8.236249105369357 28.140447028223498 0
    endloop
  endfacet
  facet normal -0.45399049973954514 0.8910065241883687 0
    outer loop
      vertex 8.351558583130146 28.19034589506796 15
      vertex 8.46350734820343 28.24738663991227 15
      vertex 8.351558583130146 28.19034589506796 0
    endloop
  endfacet
  facet normal -0.5090414157503884 0.8607420270039335 0
    outer loop
      vertex 8.46350734820343 28.24738663991227 15
      vertex 8.571653589957993 28.31134414899597 15
      vertex 8.46350734820343 28.24738663991227 0
    endloop
  endfacet
  facet normal -0.5620833778521305 0.8270805742745619 0
    outer loop
      vertex 8.571653589957993 28.31134414899597 15
      vertex 8.675570504584947 28.381966011250107 15
      vertex 8.571653589957993 28.31134414899597 0
    endloop
  endfacet
  facet normal -0.6129070536529768 0.7901550123756901 0
    outer loop
      vertex 8.675570504584947 28.381966011250107 15
      vertex 8.77484797949738 28.458973514448424 15
      vertex 8.675570504584947 28.381966011250107 0
    endloop
  endfacet
  facet normal -0.6613118653236547 0.750111069630457 0
    outer loop
      vertex 8.77484797949738 28.458973514448424 15
      vertex 8.869094211857377 28.54206274515718 15
      vertex 8.77484797949738 28.458973514448424 0
    endloop
  endfacet
  facet normal -0.7071067811865405 0.7071067811865546 0
    outer loop
      vertex 8.869094211857377 28.54206274515718 15
      vertex 8.957937254842824 28.630905788142623 15
      vertex 8.869094211857377 28.54206274515718 0
    endloop
  endfacet
  facet normal -0.750111069630457 0.6613118653236547 0
    outer loop
      vertex 8.957937254842824 28.630905788142623 15
      vertex 9.041026485551578 28.72515202050262 15
      vertex 9.041026485551578 28.72515202050262 0
    endloop
  endfacet
  facet normal -0.7901550123756901 0.6129070536529768 0
    outer loop
      vertex 9.041026485551578 28.72515202050262 15
      vertex 9.118033988749895 28.824429495415053 15
      vertex 9.118033988749895 28.824429495415053 0
    endloop
  endfacet
  facet normal -0.8270805742745619 0.5620833778521305 0
    outer loop
      vertex 9.118033988749895 28.824429495415053 15
      vertex 9.18865585100403 28.928346410042007 15
      vertex 9.18865585100403 28.928346410042007 0
    endloop
  endfacet
  facet normal -0.8607420270039423 0.5090414157503736 0
    outer loop
      vertex 9.18865585100403 28.928346410042007 15
      vertex 9.252613360087727 29.036492651796568 15
      vertex 9.252613360087727 29.036492651796568 0
    endloop
  endfacet
  facet normal -0.8910065241883659 0.45399049973955063 0
    outer loop
      vertex 9.252613360087727 29.036492651796568 15
      vertex 9.30965410493204 29.148441416869854 15
      vertex 9.30965410493204 29.148441416869854 0
    endloop
  endfacet
  facet normal -0.9177546256839865 0.3971478906347683 0
    outer loop
      vertex 9.30965410493204 29.148441416869854 15
      vertex 9.359552971776502 29.263750894630643 15
      vertex 9.359552971776502 29.263750894630643 0
    endloop
  endfacet
  facet normal -0.9408807689542249 0.33873792024529303 0
    outer loop
      vertex 9.359552971776502 29.263750894630643 15
      vertex 9.402113032590307 29.381966011250107 15
      vertex 9.402113032590307 29.381966011250107 0
    endloop
  endfacet
  facet normal -0.9602936856769432 0.27899110603922866 0
    outer loop
      vertex 9.402113032590307 29.381966011250107 15
      vertex 9.437166322257262 29.50262022567029 15
      vertex 9.437166322257262 29.50262022567029 0
    endloop
  endfacet
  facet normal -0.9759167619387462 0.2181432413965482 0
    outer loop
      vertex 9.437166322257262 29.50262022567029 15
      vertex 9.464574501457378 29.62523737082855 15
      vertex 9.464574501457378 29.62523737082855 0
    endloop
  endfacet
  facet normal -0.9876883405951392 0.1564344650402214 0
    outer loop
      vertex 9.464574501457378 29.62523737082855 15
      vertex 9.484229402628955 29.749333532871393 15
      vertex 9.484229402628955 29.749333532871393 0
    endloop
  endfacet
  facet normal -0.9955619646030792 0.09410831331852378 0
    outer loop
      vertex 9.484229402628955 29.749333532871393 15
      vertex 9.496053456856544 29.874418960941373 15
      vertex 9.496053456856544 29.874418960941373 0
    endloop
  endfacet
  facet normal -0.9995065603657317 0.03141075907812477 0
    outer loop
      vertex 9.496053456856544 29.874418960941373 15
      vertex 9.5 30 15
      vertex 9.5 30 0
    endloop
  endfacet
  facet normal 0.9995065603657317 -0.03141075907812477 0
    outer loop
      vertex 5.503946543143456 30.125581039058627 15
      vertex 5.5 30 0
      vertex 5.503946543143456 30.125581039058627 0
    endloop
  endfacet
  facet normal 0.9955619646030798 -0.09410831331851675 0
    outer loop
      vertex 5.515770597371044 30.250666467128607 15
      vertex 5.503946543143456 30.125581039058627 0
      vertex 5.515770597371044 30.250666467128607 0
    endloop
  endfacet
  facet normal 0.9876883405951381 -0.15643446504022832 0
    outer loop
      vertex 5.535425498542622 30.37476262917145 15
      vertex 5.515770597371044 30.250666467128607 0
      vertex 5.535425498542622 30.37476262917145 0
    endloop
  endfacet
  facet normal 0.9759167619387462 -0.2181432413965482 0
    outer loop
      vertex 5.562833677742738 30.49737977432971 15
      vertex 5.535425498542622 30.37476262917145 0
      vertex 5.562833677742738 30.49737977432971 0
    endloop
  endfacet
  facet normal 0.9602936856769432 -0.27899110603922866 0
    outer loop
      vertex 5.597886967409693 30.618033988749893 15
      vertex 5.562833677742738 30.49737977432971 0
      vertex 5.597886967409693 30.618033988749893 0
    endloop
  endfacet
  facet normal 0.9408807689542271 -0.33873792024528676 0
    outer loop
      vertex 5.640447028223497 30.736249105369357 15
      vertex 5.597886967409693 30.618033988749893 0
      vertex 5.640447028223497 30.736249105369357 0
    endloop
  endfacet
  facet normal 0.9177546256839813 -0.3971478906347802 0
    outer loop
      vertex 5.690345895067961 30.851558583130146 15
      vertex 5.640447028223497 30.736249105369357 0
      vertex 5.690345895067961 30.851558583130146 0
    endloop
  endfacet
  facet normal 0.8910065241883688 -0.45399049973954503 0
    outer loop
      vertex 5.747386639912273 30.963507348203432 15
      vertex 5.690345895067961 30.851558583130146 0
      vertex 5.747386639912273 30.963507348203432 0
    endloop
  endfacet
  facet normal 0.8607420270039392 -0.5090414157503789 0
    outer loop
      vertex 5.81134414899597 31.071653589957993 15
      vertex 5.747386639912273 30.963507348203432 0
      vertex 5.81134414899597 31.071653589957993 0
    endloop
  endfacet
  facet normal 0.8270805742745653 -0.5620833778521256 0
    outer loop
      vertex 5.881966011250105 31.175570504584947 15
      vertex 5.81134414899597 31.071653589957993 0
      vertex 5.881966011250105 31.175570504584947 0
    endloop
  endfacet
  facet normal 0.7901550123756935 -0.6129070536529724 0
    outer loop
      vertex 5.958973514448421 31.27484797949738 15
      vertex 5.881966011250105 31.175570504584947 0
      vertex 5.958973514448421 31.27484797949738 0
    endloop
  endfacet
  facet normal 0.7501110696304536 -0.6613118653236587 0
    outer loop
      vertex 6.0420627451571765 31.369094211857377 15
      vertex 5.958973514448421 31.27484797949738 0
      vertex 6.0420627451571765 31.369094211857377 0
    endloop
  endfacet
  facet normal 0.7071067811865405 -0.7071067811865546 0
    outer loop
      vertex 6.0420627451571765 31.369094211857377 15
      vertex 6.0420627451571765 31.369094211857377 0
      vertex 6.130905788142623 31.45793725484282 0
    endloop
  endfacet
  facet normal 0.6613118653236671 -0.750111069630446 0
    outer loop
      vertex 6.130905788142623 31.45793725484282 15
      vertex 6.130905788142623 31.45793725484282 0
      vertex 6.2251520205026205 31.54102648555158 0
    endloop
  endfacet
  facet normal 0.6129070536529626 -0.7901550123757012 0
    outer loop
      vertex 6.2251520205026205 31.54102648555158 15
      vertex 6.2251520205026205 31.54102648555158 0
      vertex 6.324429495415053 31.618033988749893 0
    endloop
  endfacet
  facet normal 0.5620833778521305 -0.8270805742745619 0
    outer loop
      vertex 6.324429495415053 31.618033988749893 15
      vertex 6.324429495415053 31.618033988749893 0
      vertex 6.428346410042007 31.68865585100403 0
    endloop
  endfacet
  facet normal 0.5090414157503884 -0.8607420270039335 0
    outer loop
      vertex 6.428346410042007 31.68865585100403 15
      vertex 6.428346410042007 31.68865585100403 0
      vertex 6.53649265179657 31.75261336008773 0
    endloop
  endfacet
  facet normal 0.45399049973954514 -0.8910065241883687 0
    outer loop
      vertex 6.53649265179657 31.75261336008773 15
      vertex 6.53649265179657 31.75261336008773 0
      vertex 6.648441416869854 31.80965410493204 0
    endloop
  endfacet
  facet normal 0.3971478906347657 -0.9177546256839876 0
    outer loop
      vertex 6.648441416869854 31.80965410493204 15
      vertex 6.648441416869854 31.80965410493204 0
      vertex 6.763750894630644 31.859552971776502 0
    endloop
  endfacet
  facet normal 0.33873792024529975 -0.9408807689542223 0
    outer loop
      vertex 6.763750894630644 31.859552971776502 15
      vertex 6.763750894630644 31.859552971776502 0
      vertex 6.881966011250105 31.902113032590307 0
    endloop
  endfacet
  facet normal 0.27899110603922866 -0.9602936856769432 0
    outer loop
      vertex 6.881966011250105 31.902113032590307 15
      vertex 6.881966011250105 31.902113032590307 0
      vertex 7.00262022567029 31.937166322257262 0
    endloop
  endfacet
  facet normal 0.2181432413965437 -0.9759167619387472 0
    outer loop
      vertex 7.00262022567029 31.937166322257262 15
      vertex 7.00262022567029 31.937166322257262 0
      vertex 7.125237370828551 31.964574501457378 0
    endloop
  endfacet
  facet normal 0.1564344650402247 -0.9876883405951387 0
    outer loop
      vertex 7.125237370828551 31.964574501457378 15
      vertex 7.125237370828551 31.964574501457378 0
      vertex 7.2493335328713915 31.984229402628955 0
    endloop
  endfacet
  facet normal 0.09410831331852244 -0.9955619646030792 0
    outer loop
      vertex 7.2493335328713915 31.984229402628955 15
      vertex 7.2493335328713915 31.984229402628955 0
      vertex 7.374418960941373 31.996053456856544 0
    endloop
  endfacet
  facet normal 0.03141075907812477 -0.9995065603657317 0
    outer loop
      vertex 7.374418960941373 31.996053456856544 15
      vertex 7.374418960941373 31.996053456856544 0
      vertex 7.5 32 0
    endloop
  endfacet
  facet normal -0.03141075907812477 -0.9995065603657317 0
    outer loop
      vertex 7.5 32 15
      vertex 7.5 32 0
      vertex 7.625581039058627 31.996053456856544 0
    endloop
  endfacet
  facet normal -0.09410831331852244 -0.9955619646030792 0
    outer loop
      vertex 7.625581039058627 31.996053456856544 15
      vertex 7.625581039058627 31.996053456856544 0
      vertex 7.7506664671286085 31.984229402628955 0
    endloop
  endfacet
  facet normal -0.1564344650402247 -0.9876883405951387 0
    outer loop
      vertex 7.7506664671286085 31.984229402628955 15
      vertex 7.7506664671286085 31.984229402628955 0
      vertex 7.874762629171449 31.964574501457378 0
    endloop
  endfacet
  facet normal -0.338737920245302 -0.9408807689542217 0
    outer loop
      vertex 8.118033988749895 31.902113032590307 15
      vertex 8.118033988749895 31.902113032590307 0
      vertex 8.236249105369355 31.859552971776502 0
    endloop
  endfacet
  facet normal -0.27899110603922866 -0.9602936856769432 0
    outer loop
      vertex 7.99737977432971 31.937166322257262 15
      vertex 7.99737977432971 31.937166322257262 0
      vertex 8.118033988749895 31.902113032590307 0
    endloop
  endfacet
  facet normal -0.2181432413965437 -0.9759167619387472 0
    outer loop
      vertex 7.874762629171449 31.964574501457378 15
      vertex 7.874762629171449 31.964574501457378 0
      vertex 7.99737977432971 31.937166322257262 0
    endloop
  endfacet
  facet normal -0.9995065603657317 -0.03141075907812477 0
    outer loop
      vertex 9.5 30 15
      vertex 9.496053456856544 30.125581039058627 0
      vertex 9.5 30 0
    endloop
  endfacet
  facet normal -0.9955619646030794 -0.09410831331852113 0
    outer loop
      vertex 9.496053456856544 30.125581039058627 15
      vertex 9.484229402628955 30.25066646712861 0
      vertex 9.496053456856544 30.125581039058627 0
    endloop
  endfacet
  facet normal -0.9876883405951384 -0.1564344650402258 0
    outer loop
      vertex 9.484229402628955 30.25066646712861 15
      vertex 9.464574501457378 30.37476262917145 0
      vertex 9.484229402628955 30.25066646712861 0
    endloop
  endfacet
  facet normal -0.9759167619387462 -0.2181432413965482 0
    outer loop
      vertex 9.464574501457378 30.37476262917145 15
      vertex 9.437166322257262 30.49737977432971 0
      vertex 9.464574501457378 30.37476262917145 0
    endloop
  endfacet
  facet normal -0.9602936856769432 -0.27899110603922866 0
    outer loop
      vertex 9.437166322257262 30.49737977432971 15
      vertex 9.402113032590307 30.618033988749893 0
      vertex 9.437166322257262 30.49737977432971 0
    endloop
  endfacet
  facet normal -0.8270805742745619 -0.5620833778521305 0
    outer loop
      vertex 9.18865585100403 31.071653589957993 15
      vertex 9.118033988749895 31.175570504584947 0
      vertex 9.18865585100403 31.071653589957993 0
    endloop
  endfacet
  facet normal -0.7901550123756901 -0.6129070536529768 0
    outer loop
      vertex 9.118033988749895 31.175570504584947 15
      vertex 9.041026485551578 31.27484797949738 0
      vertex 9.118033988749895 31.175570504584947 0
    endloop
  endfacet
  facet normal -0.9408807689542249 -0.33873792024529303 0
    outer loop
      vertex 9.402113032590307 30.618033988749893 15
      vertex 9.359552971776502 30.736249105369357 0
      vertex 9.402113032590307 30.618033988749893 0
    endloop
  endfacet
  facet normal -0.9177546256839865 -0.3971478906347683 0
    outer loop
      vertex 9.359552971776502 30.736249105369357 15
      vertex 9.30965410493204 30.851558583130146 0
      vertex 9.359552971776502 30.736249105369357 0
    endloop
  endfacet
  facet normal -0.8910065241883659 -0.45399049973955063 0
    outer loop
      vertex 9.30965410493204 30.851558583130146 15
      vertex 9.252613360087727 30.963507348203432 0
      vertex 9.30965410493204 30.851558583130146 0
    endloop
  endfacet
  facet normal -0.8607420270039423 -0.5090414157503736 0
    outer loop
      vertex 9.252613360087727 30.963507348203432 15
      vertex 9.18865585100403 31.071653589957993 0
      vertex 9.252613360087727 30.963507348203432 0
    endloop
  endfacet
  facet normal -0.750111069630457 -0.6613118653236547 0
    outer loop
      vertex 9.041026485551578 31.27484797949738 15
      vertex 8.957937254842824 31.369094211857377 0
      vertex 9.041026485551578 31.27484797949738 0
    endloop
  endfacet
  facet normal -0.7071067811865405 -0.7071067811865546 0
    outer loop
      vertex 8.869094211857377 31.45793725484282 15
      vertex 8.869094211857377 31.45793725484282 0
      vertex 8.957937254842824 31.369094211857377 0
    endloop
  endfacet
  facet normal -0.6613118653236707 -0.750111069630443 0
    outer loop
      vertex 8.77484797949738 31.54102648555158 15
      vertex 8.77484797949738 31.54102648555158 0
      vertex 8.869094211857377 31.45793725484282 0
    endloop
  endfacet
  facet normal -0.5620833778521305 -0.8270805742745619 0
    outer loop
      vertex 8.571653589957993 31.68865585100403 15
      vertex 8.571653589957993 31.68865585100403 0
      vertex 8.675570504584947 31.618033988749893 0
    endloop
  endfacet
  facet normal -0.45399049973954514 -0.8910065241883687 0
    outer loop
      vertex 8.351558583130146 31.80965410493204 15
      vertex 8.351558583130146 31.80965410493204 0
      vertex 8.46350734820343 31.75261336008773 0
    endloop
  endfacet
  facet normal -0.39714789063476313 -0.9177546256839887 0
    outer loop
      vertex 8.236249105369355 31.859552971776502 15
      vertex 8.236249105369355 31.859552971776502 0
      vertex 8.351558583130146 31.80965410493204 0
    endloop
  endfacet
  facet normal -0.5090414157503884 -0.8607420270039335 0
    outer loop
      vertex 8.46350734820343 31.75261336008773 15
      vertex 8.46350734820343 31.75261336008773 0
      vertex 8.571653589957993 31.68865585100403 0
    endloop
  endfacet
  facet normal -0.6129070536529592 -0.7901550123757037 0
    outer loop
      vertex 8.675570504584947 31.618033988749893 15
      vertex 8.675570504584947 31.618033988749893 0
      vertex 8.77484797949738 31.54102648555158 0
    endloop
  endfacet
  facet normal 0.9995065603657317 -0.03141075907812477 0
    outer loop
      vertex 5.5 30 15
      vertex 5.5 30 0
      vertex 5.503946543143456 30.125581039058627 15
    endloop
  endfacet
  facet normal 0.9955619646030798 -0.09410831331851675 0
    outer loop
      vertex 5.503946543143456 30.125581039058627 15
      vertex 5.503946543143456 30.125581039058627 0
      vertex 5.515770597371044 30.250666467128607 15
    endloop
  endfacet
  facet normal 0.9876883405951381 -0.15643446504022832 0
    outer loop
      vertex 5.515770597371044 30.250666467128607 15
      vertex 5.515770597371044 30.250666467128607 0
      vertex 5.535425498542622 30.37476262917145 15
    endloop
  endfacet
  facet normal 0.9759167619387462 -0.2181432413965482 0
    outer loop
      vertex 5.535425498542622 30.37476262917145 15
      vertex 5.535425498542622 30.37476262917145 0
      vertex 5.562833677742738 30.49737977432971 15
    endloop
  endfacet
  facet normal 0.9602936856769432 -0.27899110603922866 0
    outer loop
      vertex 5.562833677742738 30.49737977432971 15
      vertex 5.562833677742738 30.49737977432971 0
      vertex 5.597886967409693 30.618033988749893 15
    endloop
  endfacet
  facet normal 0.9408807689542271 -0.33873792024528676 0
    outer loop
      vertex 5.597886967409693 30.618033988749893 15
      vertex 5.597886967409693 30.618033988749893 0
      vertex 5.640447028223497 30.736249105369357 15
    endloop
  endfacet
  facet normal 0.9177546256839813 -0.3971478906347802 0
    outer loop
      vertex 5.640447028223497 30.736249105369357 15
      vertex 5.640447028223497 30.736249105369357 0
      vertex 5.690345895067961 30.851558583130146 15
    endloop
  endfacet
  facet normal 0.8910065241883688 -0.45399049973954503 0
    outer loop
      vertex 5.690345895067961 30.851558583130146 15
      vertex 5.690345895067961 30.851558583130146 0
      vertex 5.747386639912273 30.963507348203432 15
    endloop
  endfacet
  facet normal 0.8607420270039392 -0.5090414157503789 0
    outer loop
      vertex 5.747386639912273 30.963507348203432 15
      vertex 5.747386639912273 30.963507348203432 0
      vertex 5.81134414899597 31.071653589957993 15
    endloop
  endfacet
  facet normal 0.8270805742745653 -0.5620833778521256 0
    outer loop
      vertex 5.81134414899597 31.071653589957993 15
      vertex 5.81134414899597 31.071653589957993 0
      vertex 5.881966011250105 31.175570504584947 15
    endloop
  endfacet
  facet normal 0.7901550123756935 -0.6129070536529724 0
    outer loop
      vertex 5.881966011250105 31.175570504584947 15
      vertex 5.881966011250105 31.175570504584947 0
      vertex 5.958973514448421 31.27484797949738 15
    endloop
  endfacet
  facet normal 0.7501110696304536 -0.6613118653236587 0
    outer loop
      vertex 5.958973514448421 31.27484797949738 15
      vertex 5.958973514448421 31.27484797949738 0
      vertex 6.0420627451571765 31.369094211857377 15
    endloop
  endfacet
  facet normal 0.7071067811865405 -0.7071067811865546 0
    outer loop
      vertex 6.0420627451571765 31.369094211857377 15
      vertex 6.130905788142623 31.45793725484282 0
      vertex 6.130905788142623 31.45793725484282 15
    endloop
  endfacet
  facet normal 0.6613118653236671 -0.750111069630446 0
    outer loop
      vertex 6.130905788142623 31.45793725484282 15
      vertex 6.2251520205026205 31.54102648555158 0
      vertex 6.2251520205026205 31.54102648555158 15
    endloop
  endfacet
  facet normal 0.6129070536529626 -0.7901550123757012 0
    outer loop
      vertex 6.2251520205026205 31.54102648555158 15
      vertex 6.324429495415053 31.618033988749893 0
      vertex 6.324429495415053 31.618033988749893 15
    endloop
  endfacet
  facet normal 0.5620833778521305 -0.8270805742745619 0
    outer loop
      vertex 6.324429495415053 31.618033988749893 15
      vertex 6.428346410042007 31.68865585100403 0
      vertex 6.428346410042007 31.68865585100403 15
    endloop
  endfacet
  facet normal 0.5090414157503884 -0.8607420270039335 0
    outer loop
      vertex 6.428346410042007 31.68865585100403 15
      vertex 6.53649265179657 31.75261336008773 0
      vertex 6.53649265179657 31.75261336008773 15
    endloop
  endfacet
  facet normal 0.45399049973954514 -0.8910065241883687 0
    outer loop
      vertex 6.53649265179657 31.75261336008773 15
      vertex 6.648441416869854 31.80965410493204 0
      vertex 6.648441416869854 31.80965410493204 15
    endloop
  endfacet
  facet normal 0.3971478906347657 -0.9177546256839876 0
    outer loop
      vertex 6.648441416869854 31.80965410493204 15
      vertex 6.763750894630644 31.859552971776502 0
      vertex 6.763750894630644 31.859552971776502 15
    endloop
  endfacet
  facet normal 0.33873792024529975 -0.9408807689542223 0
    outer loop
      vertex 6.763750894630644 31.859552971776502 15
      vertex 6.881966011250105 31.902113032590307 0
      vertex 6.881966011250105 31.902113032590307 15
    endloop
  endfacet
  facet normal 0.27899110603922866 -0.9602936856769432 0
    outer loop
      vertex 6.881966011250105 31.902113032590307 15
      vertex 7.00262022567029 31.937166322257262 0
      vertex 7.00262022567029 31.937166322257262 15
    endloop
  endfacet
  facet normal 0.2181432413965437 -0.9759167619387472 0
    outer loop
      vertex 7.00262022567029 31.937166322257262 15
      vertex 7.125237370828551 31.964574501457378 0
      vertex 7.125237370828551 31.964574501457378 15
    endloop
  endfacet
  facet normal 0.1564344650402247 -0.9876883405951387 0
    outer loop
      vertex 7.125237370828551 31.964574501457378 15
      vertex 7.2493335328713915 31.984229402628955 0
      vertex 7.2493335328713915 31.984229402628955 15
    endloop
  endfacet
  facet normal 0.09410831331852244 -0.9955619646030792 0
    outer loop
      vertex 7.2493335328713915 31.984229402628955 15
      vertex 7.374418960941373 31.996053456856544 0
      vertex 7.374418960941373 31.996053456856544 15
    endloop
  endfacet
  facet normal 0.03141075907812477 -0.9995065603657317 0
    outer loop
      vertex 7.374418960941373 31.996053456856544 15
      vertex 7.5 32 0
      vertex 7.5 32 15
    endloop
  endfacet
  facet normal -0.03141075907812477 -0.9995065603657317 0
    outer loop
      vertex 7.5 32 15
      vertex 7.625581039058627 31.996053456856544 0
      vertex 7.625581039058627 31.996053456856544 15
    endloop
  endfacet
  facet normal -0.09410831331852244 -0.9955619646030792 0
    outer loop
      vertex 7.625581039058627 31.996053456856544 15
      vertex 7.7506664671286085 31.984229402628955 0
      vertex 7.7506664671286085 31.984229402628955 15
    endloop
  endfacet
  facet normal -0.1564344650402247 -0.9876883405951387 0
    outer loop
      vertex 7.7506664671286085 31.984229402628955 15
      vertex 7.874762629171449 31.964574501457378 0
      vertex 7.874762629171449 31.964574501457378 15
    endloop
  endfacet
  facet normal -0.2181432413965437 -0.9759167619387472 0
    outer loop
      vertex 7.874762629171449 31.964574501457378 15
      vertex 7.99737977432971 31.937166322257262 0
      vertex 7.99737977432971 31.937166322257262 15
    endloop
  endfacet
  facet normal -0.27899110603922866 -0.9602936856769432 0
    outer loop
      vertex 7.99737977432971 31.937166322257262 15
      vertex 8.118033988749895 31.902113032590307 0
      vertex 8.118033988749895 31.902113032590307 15
    endloop
  endfacet
  facet normal -0.9995065603657317 -0.03141075907812477 0
    outer loop
      vertex 9.5 30 15
      vertex 9.496053456856544 30.125581039058627 15
      vertex 9.496053456856544 30.125581039058627 0
    endloop
  endfacet
  facet normal -0.9955619646030794 -0.09410831331852113 0
    outer loop
      vertex 9.496053456856544 30.125581039058627 15
      vertex 9.484229402628955 30.25066646712861 15
      vertex 9.484229402628955 30.25066646712861 0
    endloop
  endfacet
  facet normal -0.9876883405951384 -0.1564344650402258 0
    outer loop
      vertex 9.484229402628955 30.25066646712861 15
      vertex 9.464574501457378 30.37476262917145 15
      vertex 9.464574501457378 30.37476262917145 0
    endloop
  endfacet
  facet normal -0.9759167619387462 -0.2181432413965482 0
    outer loop
      vertex 9.464574501457378 30.37476262917145 15
      vertex 9.437166322257262 30.49737977432971 15
      vertex 9.437166322257262 30.49737977432971 0
    endloop
  endfacet
  facet normal -0.9602936856769432 -0.27899110603922866 0
    outer loop
      vertex 9.437166322257262 30.49737977432971 15
      vertex 9.402113032590307 30.618033988749893 15
      vertex 9.402113032590307 30.618033988749893 0
    endloop
  endfacet
  facet normal -0.8270805742745619 -0.5620833778521305 0
    outer loop
      vertex 9.118033988749895 31.175570504584947 15
      vertex 9.118033988749895 31.175570504584947 0
      vertex 9.18865585100403 31.071653589957993 15
    endloop
  endfacet
  facet normal -0.7901550123756901 -0.6129070536529768 0
    outer loop
      vertex 9.118033988749895 31.175570504584947 15
      vertex 9.041026485551578 31.27484797949738 15
      vertex 9.041026485551578 31.27484797949738 0
    endloop
  endfacet
  facet normal -0.9408807689542249 -0.33873792024529303 0
    outer loop
      vertex 9.402113032590307 30.618033988749893 15
      vertex 9.359552971776502 30.736249105369357 15
      vertex 9.359552971776502 30.736249105369357 0
    endloop
  endfacet
  facet normal -0.9177546256839865 -0.3971478906347683 0
    outer loop
      vertex 9.359552971776502 30.736249105369357 15
      vertex 9.30965410493204 30.851558583130146 15
      vertex 9.30965410493204 30.851558583130146 0
    endloop
  endfacet
  facet normal -0.8910065241883659 -0.45399049973955063 0
    outer loop
      vertex 9.30965410493204 30.851558583130146 15
      vertex 9.252613360087727 30.963507348203432 15
      vertex 9.252613360087727 30.963507348203432 0
    endloop
  endfacet
  facet normal -0.8607420270039423 -0.5090414157503736 0
    outer loop
      vertex 9.252613360087727 30.963507348203432 15
      vertex 9.18865585100403 31.071653589957993 15
      vertex 9.18865585100403 31.071653589957993 0
    endloop
  endfacet
  facet normal -0.750111069630457 -0.6613118653236547 0
    outer loop
      vertex 9.041026485551578 31.27484797949738 15
      vertex 8.957937254842824 31.369094211857377 15
      vertex 8.957937254842824 31.369094211857377 0
    endloop
  endfacet
  facet normal -0.7071067811865405 -0.7071067811865546 0
    outer loop
      vertex 8.957937254842824 31.369094211857377 15
      vertex 8.869094211857377 31.45793725484282 15
      vertex 8.957937254842824 31.369094211857377 0
    endloop
  endfacet
  facet normal -0.6613118653236707 -0.750111069630443 0
    outer loop
      vertex 8.869094211857377 31.45793725484282 15
      vertex 8.77484797949738 31.54102648555158 15
      vertex 8.869094211857377 31.45793725484282 0
    endloop
  endfacet
  facet normal -0.5090414157503884 -0.8607420270039335 0
    outer loop
      vertex 8.571653589957993 31.68865585100403 15
      vertex 8.46350734820343 31.75261336008773 15
      vertex 8.571653589957993 31.68865585100403 0
    endloop
  endfacet
  facet normal -0.5620833778521305 -0.8270805742745619 0
    outer loop
      vertex 8.571653589957993 31.68865585100403 15
      vertex 8.675570504584947 31.618033988749893 0
      vertex 8.675570504584947 31.618033988749893 15
    endloop
  endfacet
  facet normal -0.338737920245302 -0.9408807689542217 0
    outer loop
      vertex 8.118033988749895 31.902113032590307 15
      vertex 8.236249105369355 31.859552971776502 0
      vertex 8.236249105369355 31.859552971776502 15
    endloop
  endfacet
  facet normal -0.39714789063476313 -0.9177546256839887 0
    outer loop
      vertex 8.236249105369355 31.859552971776502 15
      vertex 8.351558583130146 31.80965410493204 0
      vertex 8.351558583130146 31.80965410493204 15
    endloop
  endfacet
  facet normal -0.45399049973954514 -0.8910065241883687 0
    outer loop
      vertex 8.351558583130146 31.80965410493204 15
      vertex 8.46350734820343 31.75261336008773 0
      vertex 8.46350734820343 31.75261336008773 15
    endloop
  endfacet
  facet normal -0.6129070536529592 -0.7901550123757037 0
    outer loop
      vertex 8.77484797949738 31.54102648555158 15
      vertex 8.675570504584947 31.618033988749893 15
      vertex 8.77484797949738 31.54102648555158 0
    endloop
  endfacet
  facet normal 0.7071067811865476 0.7071067811865476 0
    outer loop
      vertex 6.0420627451571765 8.630905788142623 15
      vertex 6.130905788142623 8.542062745157176 0
      vertex 6.0420627451571765 8.630905788142623 0
    endloop
  endfacet
  facet normal 0.7501110696304597 0.6613118653236516 0
    outer loop
      vertex 5.958973514448421 8.725152020502621 15
      vertex 6.0420627451571765 8.630905788142623 0
      vertex 5.958973514448421 8.725152020502621 0
    endloop
  endfacet
  facet normal 0.3387379202452872 0.9408807689542269 0
    outer loop
      vertex 6.881966011250105 8.097886967409693 15
      vertex 6.881966011250105 8.097886967409693 0
      vertex 6.763750894630644 8.140447028223496 0
    endloop
  endfacet
  facet normal 0.2181432413965452 0.9759167619387469 0
    outer loop
      vertex 7.12523737082855 8.035425498542622 15
      vertex 7.12523737082855 8.035425498542622 0
      vertex 7.00262022567029 8.062833677742738 0
    endloop
  endfacet
  facet normal 0.27899110603922866 0.9602936856769432 0
    outer loop
      vertex 7.00262022567029 8.062833677742738 15
      vertex 7.00262022567029 8.062833677742738 0
      vertex 6.881966011250105 8.097886967409693 0
    endloop
  endfacet
  facet normal 0.1564344650402236 0.9876883405951389 0
    outer loop
      vertex 7.2493335328713915 8.015770597371045 15
      vertex 7.2493335328713915 8.015770597371045 0
      vertex 7.12523737082855 8.035425498542622 0
    endloop
  endfacet
  facet normal 0.09410831331852311 0.9955619646030792 0
    outer loop
      vertex 7.374418960941372 8.003946543143456 15
      vertex 7.374418960941372 8.003946543143456 0
      vertex 7.2493335328713915 8.015770597371045 0
    endloop
  endfacet
  facet normal 0.031410759078124545 0.9995065603657317 0
    outer loop
      vertex 7.5 8 15
      vertex 7.5 8 0
      vertex 7.374418960941372 8.003946543143456 0
    endloop
  endfacet
  facet normal -0.031410759078124545 0.9995065603657317 0
    outer loop
      vertex 7.625581039058628 8.003946543143456 15
      vertex 7.625581039058628 8.003946543143456 0
      vertex 7.5 8 0
    endloop
  endfacet
  facet normal -0.09410831331852311 0.9955619646030792 0
    outer loop
      vertex 7.7506664671286085 8.015770597371045 15
      vertex 7.7506664671286085 8.015770597371045 0
      vertex 7.625581039058628 8.003946543143456 0
    endloop
  endfacet
  facet normal -0.1564344650402236 0.9876883405951389 0
    outer loop
      vertex 7.87476262917145 8.035425498542622 15
      vertex 7.87476262917145 8.035425498542622 0
      vertex 7.7506664671286085 8.015770597371045 0
    endloop
  endfacet
  facet normal -0.2181432413965467 0.9759167619387464 0
    outer loop
      vertex 7.997379774329709 8.062833677742738 15
      vertex 7.997379774329709 8.062833677742738 0
      vertex 7.87476262917145 8.035425498542622 0
    endloop
  endfacet
  facet normal -0.2789911060392268 0.9602936856769437 0
    outer loop
      vertex 8.118033988749895 8.097886967409693 15
      vertex 8.118033988749895 8.097886967409693 0
      vertex 7.997379774329709 8.062833677742738 0
    endloop
  endfacet
  facet normal 0.5090414157503674 0.8607420270039459 0
    outer loop
      vertex 6.53649265179657 8.247386639912273 15
      vertex 6.53649265179657 8.247386639912273 0
      vertex 6.428346410042007 8.31134414899597 0
    endloop
  endfacet
  facet normal 0.4539904997395535 0.8910065241883645 0
    outer loop
      vertex 6.648441416869855 8.19034589506796 15
      vertex 6.648441416869855 8.19034589506796 0
      vertex 6.53649265179657 8.247386639912273 0
    endloop
  endfacet
  facet normal 0.6129070536529803 0.7901550123756875 0
    outer loop
      vertex 6.324429495415053 8.381966011250105 15
      vertex 6.324429495415053 8.381966011250105 0
      vertex 6.2251520205026205 8.458973514448422 0
    endloop
  endfacet
  facet normal 0.5620833778521305 0.8270805742745619 0
    outer loop
      vertex 6.428346410042007 8.31134414899597 15
      vertex 6.428346410042007 8.31134414899597 0
      vertex 6.324429495415053 8.381966011250105 0
    endloop
  endfacet
  facet normal 0.3971478906347802 0.9177546256839813 0
    outer loop
      vertex 6.763750894630644 8.140447028223496 15
      vertex 6.763750894630644 8.140447028223496 0
      vertex 6.648441416869855 8.19034589506796 0
    endloop
  endfacet
  facet normal 0.6613118653236512 0.7501110696304601 0
    outer loop
      vertex 6.2251520205026205 8.458973514448422 15
      vertex 6.2251520205026205 8.458973514448422 0
      vertex 6.130905788142623 8.542062745157176 0
    endloop
  endfacet
  facet normal 0.8270805742745653 0.5620833778521256 0
    outer loop
      vertex 5.81134414899597 8.928346410042007 15
      vertex 5.881966011250105 8.824429495415053 0
      vertex 5.81134414899597 8.928346410042007 0
    endloop
  endfacet
  facet normal 0.7901550123756882 0.6129070536529793 0
    outer loop
      vertex 5.881966011250105 8.824429495415053 15
      vertex 5.958973514448421 8.725152020502621 0
      vertex 5.881966011250105 8.824429495415053 0
    endloop
  endfacet
  facet normal 0.8607420270039429 0.5090414157503726 0
    outer loop
      vertex 5.747386639912273 9.03649265179657 15
      vertex 5.81134414899597 8.928346410042007 0
      vertex 5.747386639912273 9.03649265179657 0
    endloop
  endfacet
  facet normal 0.8910065241883658 0.45399049973955075 0
    outer loop
      vertex 5.690345895067961 9.148441416869854 15
      vertex 5.747386639912273 9.03649265179657 0
      vertex 5.690345895067961 9.148441416869854 0
    endloop
  endfacet
  facet normal 0.9177546256839835 0.397147890634775 0
    outer loop
      vertex 5.640447028223497 9.263750894630645 15
      vertex 5.690345895067961 9.148441416869854 0
      vertex 5.640447028223497 9.263750894630645 0
    endloop
  endfacet
  facet normal 0.9408807689542239 0.33873792024529575 0
    outer loop
      vertex 5.597886967409693 9.381966011250105 15
      vertex 5.640447028223497 9.263750894630645 0
      vertex 5.597886967409693 9.381966011250105 0
    endloop
  endfacet
  facet normal 0.9602936856769432 0.27899110603922866 0
    outer loop
      vertex 5.562833677742738 9.50262022567029 15
      vertex 5.597886967409693 9.381966011250105 0
      vertex 5.562833677742738 9.50262022567029 0
    endloop
  endfacet
  facet normal 0.9759167619387469 0.2181432413965452 0
    outer loop
      vertex 5.535425498542622 9.62523737082855 15
      vertex 5.562833677742738 9.50262022567029 0
      vertex 5.535425498542622 9.62523737082855 0
    endloop
  endfacet
  facet normal 0.9876883405951379 0.1564344650402305 0
    outer loop
      vertex 5.515770597371044 9.749333532871391 15
      vertex 5.535425498542622 9.62523737082855 0
      vertex 5.515770597371044 9.749333532871391 0
    endloop
  endfacet
  facet normal 0.99556196460308 0.09410831331851544 0
    outer loop
      vertex 5.503946543143456 9.874418960941373 15
      vertex 5.515770597371044 9.749333532871391 0
      vertex 5.503946543143456 9.874418960941373 0
    endloop
  endfacet
  facet normal 0.9995065603657317 0.03141075907812477 0
    outer loop
      vertex 5.5 10 15
      vertex 5.503946543143456 9.874418960941373 0
      vertex 5.5 10 0
    endloop
  endfacet
  facet normal -0.3387379202452975 0.9408807689542232 0
    outer loop
      vertex 8.236249105369357 8.140447028223498 15
      vertex 8.236249105369357 8.140447028223498 0
      vertex 8.118033988749895 8.097886967409693 0
    endloop
  endfacet
  facet normal -0.3971478906347683 0.9177546256839865 0
    outer loop
      vertex 8.351558583130146 8.19034589506796 15
      vertex 8.351558583130146 8.19034589506796 0
      vertex 8.236249105369357 8.140447028223498 0
    endloop
  endfacet
  facet normal -0.4539904997395564 0.891006524188363 0
    outer loop
      vertex 8.46350734820343 8.247386639912273 15
      vertex 8.46350734820343 8.247386639912273 0
      vertex 8.351558583130146 8.19034589506796 0
    endloop
  endfacet
  facet normal -0.5090414157503674 0.8607420270039459 0
    outer loop
      vertex 8.571653589957993 8.31134414899597 15
      vertex 8.571653589957993 8.31134414899597 0
      vertex 8.46350734820343 8.247386639912273 0
    endloop
  endfacet
  facet normal -0.5620833778521305 0.8270805742745619 0
    outer loop
      vertex 8.675570504584947 8.381966011250105 15
      vertex 8.675570504584947 8.381966011250105 0
      vertex 8.571653589957993 8.31134414899597 0
    endloop
  endfacet
  facet normal -0.6129070536529768 0.7901550123756901 0
    outer loop
      vertex 8.77484797949738 8.458973514448422 15
      vertex 8.77484797949738 8.458973514448422 0
      vertex 8.675570504584947 8.381966011250105 0
    endloop
  endfacet
  facet normal -0.6613118653236547 0.750111069630457 0
    outer loop
      vertex 8.869094211857377 8.542062745157176 15
      vertex 8.869094211857377 8.542062745157176 0
      vertex 8.77484797949738 8.458973514448422 0
    endloop
  endfacet
  facet normal -0.7071067811865476 0.7071067811865476 0
    outer loop
      vertex 8.869094211857377 8.542062745157176 15
      vertex 8.957937254842824 8.630905788142623 0
      vertex 8.869094211857377 8.542062745157176 0
    endloop
  endfacet
  facet normal -0.750111069630457 0.6613118653236547 0
    outer loop
      vertex 8.957937254842824 8.630905788142623 15
      vertex 9.041026485551578 8.72515202050262 0
      vertex 8.957937254842824 8.630905788142623 0
    endloop
  endfacet
  facet normal -0.7901550123756901 0.6129070536529768 0
    outer loop
      vertex 9.041026485551578 8.72515202050262 15
      vertex 9.118033988749895 8.824429495415053 0
      vertex 9.041026485551578 8.72515202050262 0
    endloop
  endfacet
  facet normal -0.8270805742745619 0.5620833778521305 0
    outer loop
      vertex 9.118033988749895 8.824429495415053 15
      vertex 9.18865585100403 8.928346410042007 0
      vertex 9.118033988749895 8.824429495415053 0
    endloop
  endfacet
  facet normal -0.8607420270039459 0.5090414157503674 0
    outer loop
      vertex 9.18865585100403 8.928346410042007 15
      vertex 9.252613360087727 9.03649265179657 0
      vertex 9.18865585100403 8.928346410042007 0
    endloop
  endfacet
  facet normal -0.891006524188363 0.4539904997395564 0
    outer loop
      vertex 9.252613360087727 9.03649265179657 15
      vertex 9.30965410493204 9.148441416869854 0
      vertex 9.252613360087727 9.03649265179657 0
    endloop
  endfacet
  facet normal -0.9177546256839865 0.3971478906347683 0
    outer loop
      vertex 9.30965410493204 9.148441416869854 15
      vertex 9.359552971776502 9.263750894630643 0
      vertex 9.30965410493204 9.148441416869854 0
    endloop
  endfacet
  facet normal -0.9408807689542232 0.3387379202452975 0
    outer loop
      vertex 9.359552971776502 9.263750894630643 15
      vertex 9.402113032590307 9.381966011250105 0
      vertex 9.359552971776502 9.263750894630643 0
    endloop
  endfacet
  facet normal -0.9602936856769444 0.2789911060392249 0
    outer loop
      vertex 9.402113032590307 9.381966011250105 15
      vertex 9.437166322257262 9.502620225670292 0
      vertex 9.402113032590307 9.381966011250105 0
    endloop
  endfacet
  facet normal -0.9759167619387462 0.2181432413965482 0
    outer loop
      vertex 9.437166322257262 9.502620225670292 15
      vertex 9.464574501457378 9.62523737082855 0
      vertex 9.437166322257262 9.502620225670292 0
    endloop
  endfacet
  facet normal -0.9876883405951389 0.1564344650402236 0
    outer loop
      vertex 9.464574501457378 9.62523737082855 15
      vertex 9.484229402628955 9.749333532871391 0
      vertex 9.464574501457378 9.62523737082855 0
    endloop
  endfacet
  facet normal -0.9955619646030792 0.09410831331852244 0
    outer loop
      vertex 9.484229402628955 9.749333532871391 15
      vertex 9.496053456856544 9.874418960941373 0
      vertex 9.484229402628955 9.749333532871391 0
    endloop
  endfacet
  facet normal -0.9995065603657317 0.03141075907812477 0
    outer loop
      vertex 9.496053456856544 9.874418960941373 15
      vertex 9.5 10 0
      vertex 9.496053456856544 9.874418960941373 0
    endloop
  endfacet
  facet normal 0.7071067811865476 0.7071067811865476 0
    outer loop
      vertex 6.0420627451571765 8.630905788142623 15
      vertex 6.130905788142623 8.542062745157176 15
      vertex 6.130905788142623 8.542062745157176 0
    endloop
  endfacet
  facet normal 0.7501110696304597 0.6613118653236516 0
    outer loop
      vertex 6.0420627451571765 8.630905788142623 15
      vertex 6.0420627451571765 8.630905788142623 0
      vertex 5.958973514448421 8.725152020502621 15
    endloop
  endfacet
  facet normal 0.27899110603922866 0.9602936856769432 0
    outer loop
      vertex 6.881966011250105 8.097886967409693 15
      vertex 7.00262022567029 8.062833677742738 15
      vertex 6.881966011250105 8.097886967409693 0
    endloop
  endfacet
  facet normal 0.2181432413965452 0.9759167619387469 0
    outer loop
      vertex 7.12523737082855 8.035425498542622 15
      vertex 7.00262022567029 8.062833677742738 0
      vertex 7.00262022567029 8.062833677742738 15
    endloop
  endfacet
  facet normal 0.1564344650402236 0.9876883405951389 0
    outer loop
      vertex 7.12523737082855 8.035425498542622 15
      vertex 7.2493335328713915 8.015770597371045 15
      vertex 7.12523737082855 8.035425498542622 0
    endloop
  endfacet
  facet normal 0.09410831331852311 0.9955619646030792 0
    outer loop
      vertex 7.2493335328713915 8.015770597371045 15
      vertex 7.374418960941372 8.003946543143456 15
      vertex 7.2493335328713915 8.015770597371045 0
    endloop
  endfacet
  facet normal 0.031410759078124545 0.9995065603657317 0
    outer loop
      vertex 7.374418960941372 8.003946543143456 15
      vertex 7.5 8 15
      vertex 7.374418960941372 8.003946543143456 0
    endloop
  endfacet
  facet normal -0.031410759078124545 0.9995065603657317 0
    outer loop
      vertex 7.5 8 15
      vertex 7.625581039058628 8.003946543143456 15
      vertex 7.5 8 0
    endloop
  endfacet
  facet normal -0.09410831331852311 0.9955619646030792 0
    outer loop
      vertex 7.625581039058628 8.003946543143456 15
      vertex 7.7506664671286085 8.015770597371045 15
      vertex 7.625581039058628 8.003946543143456 0
    endloop
  endfacet
  facet normal -0.1564344650402236 0.9876883405951389 0
    outer loop
      vertex 7.7506664671286085 8.015770597371045 15
      vertex 7.87476262917145 8.035425498542622 15
      vertex 7.7506664671286085 8.015770597371045 0
    endloop
  endfacet
  facet normal -0.2181432413965467 0.9759167619387464 0
    outer loop
      vertex 7.87476262917145 8.035425498542622 15
      vertex 7.997379774329709 8.062833677742738 15
      vertex 7.87476262917145 8.035425498542622 0
    endloop
  endfacet
  facet normal -0.2789911060392268 0.9602936856769437 0
    outer loop
      vertex 7.997379774329709 8.062833677742738 15
      vertex 8.118033988749895 8.097886967409693 15
      vertex 7.997379774329709 8.062833677742738 0
    endloop
  endfacet
  facet normal -0.3387379202452975 0.9408807689542232 0
    outer loop
      vertex 8.118033988749895 8.097886967409693 15
      vertex 8.236249105369357 8.140447028223498 15
      vertex 8.118033988749895 8.097886967409693 0
    endloop
  endfacet
  facet normal 0.4539904997395535 0.8910065241883645 0
    outer loop
      vertex 6.53649265179657 8.247386639912273 15
      vertex 6.648441416869855 8.19034589506796 15
      vertex 6.53649265179657 8.247386639912273 0
    endloop
  endfacet
  facet normal 0.5620833778521305 0.8270805742745619 0
    outer loop
      vertex 6.324429495415053 8.381966011250105 15
      vertex 6.428346410042007 8.31134414899597 15
      vertex 6.324429495415053 8.381966011250105 0
    endloop
  endfacet
  facet normal 0.6129070536529803 0.7901550123756875 0
    outer loop
      vertex 6.324429495415053 8.381966011250105 15
      vertex 6.2251520205026205 8.458973514448422 0
      vertex 6.2251520205026205 8.458973514448422 15
    endloop
  endfacet
  facet normal 0.5090414157503674 0.8607420270039459 0
    outer loop
      vertex 6.53649265179657 8.247386639912273 15
      vertex 6.428346410042007 8.31134414899597 0
      vertex 6.428346410042007 8.31134414899597 15
    endloop
  endfacet
  facet normal 0.3971478906347802 0.9177546256839813 0
    outer loop
      vertex 6.648441416869855 8.19034589506796 15
      vertex 6.763750894630644 8.140447028223496 15
      vertex 6.648441416869855 8.19034589506796 0
    endloop
  endfacet
  facet normal 0.3387379202452872 0.9408807689542269 0
    outer loop
      vertex 6.881966011250105 8.097886967409693 15
      vertex 6.763750894630644 8.140447028223496 0
      vertex 6.763750894630644 8.140447028223496 15
    endloop
  endfacet
  facet normal 0.6613118653236512 0.7501110696304601 0
    outer loop
      vertex 6.2251520205026205 8.458973514448422 15
      vertex 6.130905788142623 8.542062745157176 0
      vertex 6.130905788142623 8.542062745157176 15
    endloop
  endfacet
  facet normal 0.8270805742745653 0.5620833778521256 0
    outer loop
      vertex 5.881966011250105 8.824429495415053 15
      vertex 5.881966011250105 8.824429495415053 0
      vertex 5.81134414899597 8.928346410042007 15
    endloop
  endfacet
  facet normal 0.7901550123756882 0.6129070536529793 0
    outer loop
      vertex 5.958973514448421 8.725152020502621 15
      vertex 5.958973514448421 8.725152020502621 0
      vertex 5.881966011250105 8.824429495415053 15
    endloop
  endfacet
  facet normal 0.8607420270039429 0.5090414157503726 0
    outer loop
      vertex 5.81134414899597 8.928346410042007 15
      vertex 5.81134414899597 8.928346410042007 0
      vertex 5.747386639912273 9.03649265179657 15
    endloop
  endfacet
  facet normal 0.8910065241883658 0.45399049973955075 0
    outer loop
      vertex 5.747386639912273 9.03649265179657 15
      vertex 5.747386639912273 9.03649265179657 0
      vertex 5.690345895067961 9.148441416869854 15
    endloop
  endfacet
  facet normal 0.9177546256839835 0.397147890634775 0
    outer loop
      vertex 5.690345895067961 9.148441416869854 15
      vertex 5.690345895067961 9.148441416869854 0
      vertex 5.640447028223497 9.263750894630645 15
    endloop
  endfacet
  facet normal 0.9408807689542239 0.33873792024529575 0
    outer loop
      vertex 5.640447028223497 9.263750894630645 15
      vertex 5.640447028223497 9.263750894630645 0
      vertex 5.597886967409693 9.381966011250105 15
    endloop
  endfacet
  facet normal 0.9602936856769432 0.27899110603922866 0
    outer loop
      vertex 5.597886967409693 9.381966011250105 15
      vertex 5.597886967409693 9.381966011250105 0
      vertex 5.562833677742738 9.50262022567029 15
    endloop
  endfacet
  facet normal 0.9759167619387469 0.2181432413965452 0
    outer loop
      vertex 5.562833677742738 9.50262022567029 15
      vertex 5.562833677742738 9.50262022567029 0
      vertex 5.535425498542622 9.62523737082855 15
    endloop
  endfacet
  facet normal 0.9876883405951379 0.1564344650402305 0
    outer loop
      vertex 5.535425498542622 9.62523737082855 15
      vertex 5.535425498542622 9.62523737082855 0
      vertex 5.515770597371044 9.749333532871391 15
    endloop
  endfacet
  facet normal 0.99556196460308 0.09410831331851544 0
    outer loop
      vertex 5.515770597371044 9.749333532871391 15
      vertex 5.515770597371044 9.749333532871391 0
      vertex 5.503946543143456 9.874418960941373 15
    endloop
  endfacet
  facet normal 0.9995065603657317 0.03141075907812477 0
    outer loop
      vertex 5.503946543143456 9.874418960941373 15
      vertex 5.503946543143456 9.874418960941373 0
      vertex 5.5 10 15
    endloop
  endfacet
  facet normal -0.3971478906347683 0.9177546256839865 0
    outer loop
      vertex 8.236249105369357 8.140447028223498 15
      vertex 8.351558583130146 8.19034589506796 15
      vertex 8.236249105369357 8.140447028223498 0
    endloop
  endfacet
  facet normal -0.4539904997395564 0.891006524188363 0
    outer loop
      vertex 8.351558583130146 8.19034589506796 15
      vertex 8.46350734820343 8.247386639912273 15
      vertex 8.351558583130146 8.19034589506796 0
    endloop
  endfacet
  facet normal -0.5090414157503674 0.8607420270039459 0
    outer loop
      vertex 8.46350734820343 8.247386639912273 15
      vertex 8.571653589957993 8.31134414899597 15
      vertex 8.46350734820343 8.247386639912273 0
    endloop
  endfacet
  facet normal -0.5620833778521305 0.8270805742745619 0
    outer loop
      vertex 8.571653589957993 8.31134414899597 15
      vertex 8.675570504584947 8.381966011250105 15
      vertex 8.571653589957993 8.31134414899597 0
    endloop
  endfacet
  facet normal -0.6129070536529768 0.7901550123756901 0
    outer loop
      vertex 8.675570504584947 8.381966011250105 15
      vertex 8.77484797949738 8.458973514448422 15
      vertex 8.675570504584947 8.381966011250105 0
    endloop
  endfacet
  facet normal -0.6613118653236547 0.750111069630457 0
    outer loop
      vertex 8.77484797949738 8.458973514448422 15
      vertex 8.869094211857377 8.542062745157176 15
      vertex 8.77484797949738 8.458973514448422 0
    endloop
  endfacet
  facet normal -0.7071067811865476 0.7071067811865476 0
    outer loop
      vertex 8.869094211857377 8.542062745157176 15
      vertex 8.957937254842824 8.630905788142623 15
      vertex 8.957937254842824 8.630905788142623 0
    endloop
  endfacet
  facet normal -0.750111069630457 0.6613118653236547 0
    outer loop
      vertex 8.957937254842824 8.630905788142623 15
      vertex 9.041026485551578 8.72515202050262 15
      vertex 9.041026485551578 8.72515202050262 0
    endloop
  endfacet
  facet normal -0.7901550123756901 0.6129070536529768 0
    outer loop
      vertex 9.041026485551578 8.72515202050262 15
      vertex 9.118033988749895 8.824429495415053 15
      vertex 9.118033988749895 8.824429495415053 0
    endloop
  endfacet
  facet normal -0.8270805742745619 0.5620833778521305 0
    outer loop
      vertex 9.118033988749895 8.824429495415053 15
      vertex 9.18865585100403 8.928346410042007 15
      vertex 9.18865585100403 8.928346410042007 0
    endloop
  endfacet
  facet normal -0.8607420270039459 0.5090414157503674 0
    outer loop
      vertex 9.18865585100403 8.928346410042007 15
      vertex 9.252613360087727 9.03649265179657 15
      vertex 9.252613360087727 9.03649265179657 0
    endloop
  endfacet
  facet normal -0.891006524188363 0.4539904997395564 0
    outer loop
      vertex 9.252613360087727 9.03649265179657 15
      vertex 9.30965410493204 9.148441416869854 15
      vertex 9.30965410493204 9.148441416869854 0
    endloop
  endfacet
  facet normal -0.9177546256839865 0.3971478906347683 0
    outer loop
      vertex 9.30965410493204 9.148441416869854 15
      vertex 9.359552971776502 9.263750894630643 15
      vertex 9.359552971776502 9.263750894630643 0
    endloop
  endfacet
  facet normal -0.9408807689542232 0.3387379202452975 0
    outer loop
      vertex 9.359552971776502 9.263750894630643 15
      vertex 9.402113032590307 9.381966011250105 15
      vertex 9.402113032590307 9.381966011250105 0
    endloop
  endfacet
  facet normal -0.9602936856769444 0.2789911060392249 0
    outer loop
      vertex 9.402113032590307 9.381966011250105 15
      vertex 9.437166322257262 9.502620225670292 15
      vertex 9.437166322257262 9.502620225670292 0
    endloop
  endfacet
  facet normal -0.9759167619387462 0.2181432413965482 0
    outer loop
      vertex 9.437166322257262 9.502620225670292 15
      vertex 9.464574501457378 9.62523737082855 15
      vertex 9.464574501457378 9.62523737082855 0
    endloop
  endfacet
  facet normal -0.9876883405951389 0.1564344650402236 0
    outer loop
      vertex 9.464574501457378 9.62523737082855 15
      vertex 9.484229402628955 9.749333532871391 15
      vertex 9.484229402628955 9.749333532871391 0
    endloop
  endfacet
  facet normal -0.9955619646030792 0.09410831331852244 0
    outer loop
      vertex 9.484229402628955 9.749333532871391 15
      vertex 9.496053456856544 9.874418960941373 15
      vertex 9.496053456856544 9.874418960941373 0
    endloop
  endfacet
  facet normal -0.9995065603657317 0.03141075907812477 0
    outer loop
      vertex 9.496053456856544 9.874418960941373 15
      vertex 9.5 10 15
      vertex 9.5 10 0
    endloop
  endfacet
  facet normal 0.9995065603657317 -0.03141075907812477 0
    outer loop
      vertex 5.503946543143456 10.125581039058627 15
      vertex 5.5 10 0
      vertex 5.503946543143456 10.125581039058627 0
    endloop
  endfacet
  facet normal 0.99556196460308 -0.09410831331851544 0
    outer loop
      vertex 5.515770597371044 10.250666467128609 15
      vertex 5.503946543143456 10.125581039058627 0
      vertex 5.515770597371044 10.250666467128609 0
    endloop
  endfacet
  facet normal 0.9876883405951379 -0.1564344650402305 0
    outer loop
      vertex 5.535425498542622 10.37476262917145 15
      vertex 5.515770597371044 10.250666467128609 0
      vertex 5.535425498542622 10.37476262917145 0
    endloop
  endfacet
  facet normal 0.9759167619387469 -0.2181432413965452 0
    outer loop
      vertex 5.562833677742738 10.49737977432971 15
      vertex 5.535425498542622 10.37476262917145 0
      vertex 5.562833677742738 10.49737977432971 0
    endloop
  endfacet
  facet normal 0.9602936856769432 -0.27899110603922866 0
    outer loop
      vertex 5.597886967409693 10.618033988749895 15
      vertex 5.562833677742738 10.49737977432971 0
      vertex 5.597886967409693 10.618033988749895 0
    endloop
  endfacet
  facet normal 0.9408807689542239 -0.33873792024529575 0
    outer loop
      vertex 5.640447028223497 10.736249105369355 15
      vertex 5.597886967409693 10.618033988749895 0
      vertex 5.640447028223497 10.736249105369355 0
    endloop
  endfacet
  facet normal 0.9177546256839835 -0.397147890634775 0
    outer loop
      vertex 5.690345895067961 10.851558583130146 15
      vertex 5.640447028223497 10.736249105369355 0
      vertex 5.690345895067961 10.851558583130146 0
    endloop
  endfacet
  facet normal 0.8910065241883658 -0.45399049973955075 0
    outer loop
      vertex 5.747386639912273 10.96350734820343 15
      vertex 5.690345895067961 10.851558583130146 0
      vertex 5.747386639912273 10.96350734820343 0
    endloop
  endfacet
  facet normal 0.8607420270039429 -0.5090414157503726 0
    outer loop
      vertex 5.81134414899597 11.071653589957993 15
      vertex 5.747386639912273 10.96350734820343 0
      vertex 5.81134414899597 11.071653589957993 0
    endloop
  endfacet
  facet normal 0.8270805742745653 -0.5620833778521256 0
    outer loop
      vertex 5.881966011250105 11.175570504584947 15
      vertex 5.81134414899597 11.071653589957993 0
      vertex 5.881966011250105 11.175570504584947 0
    endloop
  endfacet
  facet normal 0.7901550123756882 -0.6129070536529793 0
    outer loop
      vertex 5.958973514448421 11.274847979497379 15
      vertex 5.881966011250105 11.175570504584947 0
      vertex 5.958973514448421 11.274847979497379 0
    endloop
  endfacet
  facet normal 0.7501110696304597 -0.6613118653236516 0
    outer loop
      vertex 6.0420627451571765 11.369094211857377 15
      vertex 5.958973514448421 11.274847979497379 0
      vertex 6.0420627451571765 11.369094211857377 0
    endloop
  endfacet
  facet normal 0.7071067811865476 -0.7071067811865476 0
    outer loop
      vertex 6.130905788142623 11.457937254842824 15
      vertex 6.0420627451571765 11.369094211857377 0
      vertex 6.130905788142623 11.457937254842824 0
    endloop
  endfacet
  facet normal 0.6613118653236512 -0.7501110696304601 0
    outer loop
      vertex 6.130905788142623 11.457937254842824 15
      vertex 6.130905788142623 11.457937254842824 0
      vertex 6.2251520205026205 11.541026485551578 0
    endloop
  endfacet
  facet normal 0.6129070536529803 -0.7901550123756875 0
    outer loop
      vertex 6.2251520205026205 11.541026485551578 15
      vertex 6.2251520205026205 11.541026485551578 0
      vertex 6.324429495415053 11.618033988749895 0
    endloop
  endfacet
  facet normal 0.5620833778521305 -0.8270805742745619 0
    outer loop
      vertex 6.324429495415053 11.618033988749895 15
      vertex 6.324429495415053 11.618033988749895 0
      vertex 6.428346410042007 11.68865585100403 0
    endloop
  endfacet
  facet normal 0.5090414157503674 -0.8607420270039459 0
    outer loop
      vertex 6.428346410042007 11.68865585100403 15
      vertex 6.428346410042007 11.68865585100403 0
      vertex 6.53649265179657 11.752613360087727 0
    endloop
  endfacet
  facet normal 0.45399049973954514 -0.8910065241883687 0
    outer loop
      vertex 6.53649265179657 11.752613360087727 15
      vertex 6.53649265179657 11.752613360087727 0
      vertex 6.648441416869854 11.809654104932038 0
    endloop
  endfacet
  facet normal 0.39714789063478956 -0.9177546256839774 0
    outer loop
      vertex 6.648441416869854 11.809654104932038 15
      vertex 6.648441416869854 11.809654104932038 0
      vertex 6.763750894630644 11.859552971776504 0
    endloop
  endfacet
  facet normal 0.3387379202452872 -0.9408807689542269 0
    outer loop
      vertex 6.763750894630644 11.859552971776504 15
      vertex 6.763750894630644 11.859552971776504 0
      vertex 6.881966011250105 11.902113032590307 0
    endloop
  endfacet
  facet normal 0.27899110603922866 -0.9602936856769432 0
    outer loop
      vertex 6.881966011250105 11.902113032590307 15
      vertex 6.881966011250105 11.902113032590307 0
      vertex 7.00262022567029 11.937166322257262 0
    endloop
  endfacet
  facet normal 0.2181432413965437 -0.9759167619387472 0
    outer loop
      vertex 7.00262022567029 11.937166322257262 15
      vertex 7.00262022567029 11.937166322257262 0
      vertex 7.125237370828551 11.964574501457378 0
    endloop
  endfacet
  facet normal 0.1564344650402247 -0.9876883405951387 0
    outer loop
      vertex 7.125237370828551 11.964574501457378 15
      vertex 7.125237370828551 11.964574501457378 0
      vertex 7.2493335328713915 11.984229402628955 0
    endloop
  endfacet
  facet normal 0.09410831331852244 -0.9955619646030792 0
    outer loop
      vertex 7.2493335328713915 11.984229402628955 15
      vertex 7.2493335328713915 11.984229402628955 0
      vertex 7.374418960941373 11.996053456856544 0
    endloop
  endfacet
  facet normal 0.03141075907812477 -0.9995065603657317 0
    outer loop
      vertex 7.374418960941373 11.996053456856544 15
      vertex 7.374418960941373 11.996053456856544 0
      vertex 7.5 12 0
    endloop
  endfacet
  facet normal -0.03141075907812477 -0.9995065603657317 0
    outer loop
      vertex 7.5 12 15
      vertex 7.5 12 0
      vertex 7.625581039058627 11.996053456856544 0
    endloop
  endfacet
  facet normal -0.09410831331852244 -0.9955619646030792 0
    outer loop
      vertex 7.625581039058627 11.996053456856544 15
      vertex 7.625581039058627 11.996053456856544 0
      vertex 7.7506664671286085 11.984229402628955 0
    endloop
  endfacet
  facet normal -0.1564344650402247 -0.9876883405951387 0
    outer loop
      vertex 7.7506664671286085 11.984229402628955 15
      vertex 7.7506664671286085 11.984229402628955 0
      vertex 7.874762629171449 11.964574501457378 0
    endloop
  endfacet
  facet normal -0.3387379202452895 -0.9408807689542261 0
    outer loop
      vertex 8.118033988749895 11.902113032590307 15
      vertex 8.118033988749895 11.902113032590307 0
      vertex 8.236249105369355 11.859552971776504 0
    endloop
  endfacet
  facet normal -0.27899110603922866 -0.9602936856769432 0
    outer loop
      vertex 7.99737977432971 11.937166322257262 15
      vertex 7.99737977432971 11.937166322257262 0
      vertex 8.118033988749895 11.902113032590307 0
    endloop
  endfacet
  facet normal -0.2181432413965437 -0.9759167619387472 0
    outer loop
      vertex 7.874762629171449 11.964574501457378 15
      vertex 7.874762629171449 11.964574501457378 0
      vertex 7.99737977432971 11.937166322257262 0
    endloop
  endfacet
  facet normal -0.9995065603657317 -0.03141075907812477 0
    outer loop
      vertex 9.5 10 15
      vertex 9.496053456856544 10.125581039058627 0
      vertex 9.5 10 0
    endloop
  endfacet
  facet normal -0.9955619646030792 -0.09410831331852244 0
    outer loop
      vertex 9.496053456856544 10.125581039058627 15
      vertex 9.484229402628955 10.250666467128609 0
      vertex 9.496053456856544 10.125581039058627 0
    endloop
  endfacet
  facet normal -0.9876883405951389 -0.1564344650402236 0
    outer loop
      vertex 9.484229402628955 10.250666467128609 15
      vertex 9.464574501457378 10.37476262917145 0
      vertex 9.484229402628955 10.250666467128609 0
    endloop
  endfacet
  facet normal -0.9759167619387469 -0.2181432413965452 0
    outer loop
      vertex 9.464574501457378 10.37476262917145 15
      vertex 9.437166322257262 10.49737977432971 0
      vertex 9.464574501457378 10.37476262917145 0
    endloop
  endfacet
  facet normal -0.9602936856769432 -0.27899110603922866 0
    outer loop
      vertex 9.437166322257262 10.49737977432971 15
      vertex 9.402113032590307 10.618033988749895 0
      vertex 9.437166322257262 10.49737977432971 0
    endloop
  endfacet
  facet normal -0.8270805742745619 -0.5620833778521305 0
    outer loop
      vertex 9.18865585100403 11.071653589957993 15
      vertex 9.118033988749895 11.175570504584947 0
      vertex 9.18865585100403 11.071653589957993 0
    endloop
  endfacet
  facet normal -0.7901550123756901 -0.6129070536529768 0
    outer loop
      vertex 9.118033988749895 11.175570504584947 15
      vertex 9.041026485551578 11.27484797949738 0
      vertex 9.118033988749895 11.175570504584947 0
    endloop
  endfacet
  facet normal -0.9408807689542232 -0.3387379202452975 0
    outer loop
      vertex 9.402113032590307 10.618033988749895 15
      vertex 9.359552971776502 10.736249105369357 0
      vertex 9.402113032590307 10.618033988749895 0
    endloop
  endfacet
  facet normal -0.9177546256839865 -0.3971478906347683 0
    outer loop
      vertex 9.359552971776502 10.736249105369357 15
      vertex 9.30965410493204 10.851558583130146 0
      vertex 9.359552971776502 10.736249105369357 0
    endloop
  endfacet
  facet normal -0.891006524188363 -0.4539904997395564 0
    outer loop
      vertex 9.30965410493204 10.851558583130146 15
      vertex 9.252613360087727 10.96350734820343 0
      vertex 9.30965410493204 10.851558583130146 0
    endloop
  endfacet
  facet normal -0.8607420270039459 -0.5090414157503674 0
    outer loop
      vertex 9.252613360087727 10.96350734820343 15
      vertex 9.18865585100403 11.071653589957993 0
      vertex 9.252613360087727 10.96350734820343 0
    endloop
  endfacet
  facet normal -0.750111069630457 -0.6613118653236547 0
    outer loop
      vertex 9.041026485551578 11.27484797949738 15
      vertex 8.957937254842824 11.369094211857377 0
      vertex 9.041026485551578 11.27484797949738 0
    endloop
  endfacet
  facet normal -0.7071067811865476 -0.7071067811865476 0
    outer loop
      vertex 8.957937254842824 11.369094211857377 15
      vertex 8.869094211857377 11.457937254842824 0
      vertex 8.957937254842824 11.369094211857377 0
    endloop
  endfacet
  facet normal -0.6613118653236547 -0.750111069630457 0
    outer loop
      vertex 8.77484797949738 11.541026485551578 15
      vertex 8.77484797949738 11.541026485551578 0
      vertex 8.869094211857377 11.457937254842824 0
    endloop
  endfacet
  facet normal -0.5620833778521305 -0.8270805742745619 0
    outer loop
      vertex 8.571653589957993 11.68865585100403 15
      vertex 8.571653589957993 11.68865585100403 0
      vertex 8.675570504584947 11.618033988749895 0
    endloop
  endfacet
  facet normal -0.45399049973954514 -0.8910065241883687 0
    outer loop
      vertex 8.351558583130146 11.809654104932038 15
      vertex 8.351558583130146 11.809654104932038 0
      vertex 8.46350734820343 11.752613360087727 0
    endloop
  endfacet
  facet normal -0.3971478906347869 -0.9177546256839784 0
    outer loop
      vertex 8.236249105369355 11.859552971776504 15
      vertex 8.236249105369355 11.859552971776504 0
      vertex 8.351558583130146 11.809654104932038 0
    endloop
  endfacet
  facet normal -0.5090414157503674 -0.8607420270039459 0
    outer loop
      vertex 8.46350734820343 11.752613360087727 15
      vertex 8.46350734820343 11.752613360087727 0
      vertex 8.571653589957993 11.68865585100403 0
    endloop
  endfacet
  facet normal -0.6129070536529768 -0.7901550123756901 0
    outer loop
      vertex 8.675570504584947 11.618033988749895 15
      vertex 8.675570504584947 11.618033988749895 0
      vertex 8.77484797949738 11.541026485551578 0
    endloop
  endfacet
  facet normal 0.9995065603657317 -0.03141075907812477 0
    outer loop
      vertex 5.5 10 15
      vertex 5.5 10 0
      vertex 5.503946543143456 10.125581039058627 15
    endloop
  endfacet
  facet normal 0.99556196460308 -0.09410831331851544 0
    outer loop
      vertex 5.503946543143456 10.125581039058627 15
      vertex 5.503946543143456 10.125581039058627 0
      vertex 5.515770597371044 10.250666467128609 15
    endloop
  endfacet
  facet normal 0.9876883405951379 -0.1564344650402305 0
    outer loop
      vertex 5.515770597371044 10.250666467128609 15
      vertex 5.515770597371044 10.250666467128609 0
      vertex 5.535425498542622 10.37476262917145 15
    endloop
  endfacet
  facet normal 0.9759167619387469 -0.2181432413965452 0
    outer loop
      vertex 5.535425498542622 10.37476262917145 15
      vertex 5.535425498542622 10.37476262917145 0
      vertex 5.562833677742738 10.49737977432971 15
    endloop
  endfacet
  facet normal 0.9602936856769432 -0.27899110603922866 0
    outer loop
      vertex 5.562833677742738 10.49737977432971 15
      vertex 5.562833677742738 10.49737977432971 0
      vertex 5.597886967409693 10.618033988749895 15
    endloop
  endfacet
  facet normal 0.9408807689542239 -0.33873792024529575 0
    outer loop
      vertex 5.597886967409693 10.618033988749895 15
      vertex 5.597886967409693 10.618033988749895 0
      vertex 5.640447028223497 10.736249105369355 15
    endloop
  endfacet
  facet normal 0.9177546256839835 -0.397147890634775 0
    outer loop
      vertex 5.640447028223497 10.736249105369355 15
      vertex 5.640447028223497 10.736249105369355 0
      vertex 5.690345895067961 10.851558583130146 15
    endloop
  endfacet
  facet normal 0.8910065241883658 -0.45399049973955075 0
    outer loop
      vertex 5.690345895067961 10.851558583130146 15
      vertex 5.690345895067961 10.851558583130146 0
      vertex 5.747386639912273 10.96350734820343 15
    endloop
  endfacet
  facet normal 0.8607420270039429 -0.5090414157503726 0
    outer loop
      vertex 5.747386639912273 10.96350734820343 15
      vertex 5.747386639912273 10.96350734820343 0
      vertex 5.81134414899597 11.071653589957993 15
    endloop
  endfacet
  facet normal 0.8270805742745653 -0.5620833778521256 0
    outer loop
      vertex 5.81134414899597 11.071653589957993 15
      vertex 5.81134414899597 11.071653589957993 0
      vertex 5.881966011250105 11.175570504584947 15
    endloop
  endfacet
  facet normal 0.7901550123756882 -0.6129070536529793 0
    outer loop
      vertex 5.881966011250105 11.175570504584947 15
      vertex 5.881966011250105 11.175570504584947 0
      vertex 5.958973514448421 11.274847979497379 15
    endloop
  endfacet
  facet normal 0.7501110696304597 -0.6613118653236516 0
    outer loop
      vertex 5.958973514448421 11.274847979497379 15
      vertex 5.958973514448421 11.274847979497379 0
      vertex 6.0420627451571765 11.369094211857377 15
    endloop
  endfacet
  facet normal 0.7071067811865476 -0.7071067811865476 0
    outer loop
      vertex 6.0420627451571765 11.369094211857377 15
      vertex 6.0420627451571765 11.369094211857377 0
      vertex 6.130905788142623 11.457937254842824 15
    endloop
  endfacet
  facet normal 0.6613118653236512 -0.7501110696304601 0
    outer loop
      vertex 6.130905788142623 11.457937254842824 15
      vertex 6.2251520205026205 11.541026485551578 0
      vertex 6.2251520205026205 11.541026485551578 15
    endloop
  endfacet
  facet normal 0.6129070536529803 -0.7901550123756875 0
    outer loop
      vertex 6.2251520205026205 11.541026485551578 15
      vertex 6.324429495415053 11.618033988749895 0
      vertex 6.324429495415053 11.618033988749895 15
    endloop
  endfacet
  facet normal 0.5620833778521305 -0.8270805742745619 0
    outer loop
      vertex 6.324429495415053 11.618033988749895 15
      vertex 6.428346410042007 11.68865585100403 0
      vertex 6.428346410042007 11.68865585100403 15
    endloop
  endfacet
  facet normal 0.5090414157503674 -0.8607420270039459 0
    outer loop
      vertex 6.428346410042007 11.68865585100403 15
      vertex 6.53649265179657 11.752613360087727 0
      vertex 6.53649265179657 11.752613360087727 15
    endloop
  endfacet
  facet normal 0.45399049973954514 -0.8910065241883687 0
    outer loop
      vertex 6.53649265179657 11.752613360087727 15
      vertex 6.648441416869854 11.809654104932038 0
      vertex 6.648441416869854 11.809654104932038 15
    endloop
  endfacet
  facet normal 0.39714789063478956 -0.9177546256839774 0
    outer loop
      vertex 6.648441416869854 11.809654104932038 15
      vertex 6.763750894630644 11.859552971776504 0
      vertex 6.763750894630644 11.859552971776504 15
    endloop
  endfacet
  facet normal 0.3387379202452872 -0.9408807689542269 0
    outer loop
      vertex 6.763750894630644 11.859552971776504 15
      vertex 6.881966011250105 11.902113032590307 0
      vertex 6.881966011250105 11.902113032590307 15
    endloop
  endfacet
  facet normal 0.27899110603922866 -0.9602936856769432 0
    outer loop
      vertex 6.881966011250105 11.902113032590307 15
      vertex 7.00262022567029 11.937166322257262 0
      vertex 7.00262022567029 11.937166322257262 15
    endloop
  endfacet
  facet normal 0.2181432413965437 -0.9759167619387472 0
    outer loop
      vertex 7.00262022567029 11.937166322257262 15
      vertex 7.125237370828551 11.964574501457378 0
      vertex 7.125237370828551 11.964574501457378 15
    endloop
  endfacet
  facet normal 0.1564344650402247 -0.9876883405951387 0
    outer loop
      vertex 7.125237370828551 11.964574501457378 15
      vertex 7.2493335328713915 11.984229402628955 0
      vertex 7.2493335328713915 11.984229402628955 15
    endloop
  endfacet
  facet normal 0.09410831331852244 -0.9955619646030792 0
    outer loop
      vertex 7.2493335328713915 11.984229402628955 15
      vertex 7.374418960941373 11.996053456856544 0
      vertex 7.374418960941373 11.996053456856544 15
    endloop
  endfacet
  facet normal 0.03141075907812477 -0.9995065603657317 0
    outer loop
      vertex 7.374418960941373 11.996053456856544 15
      vertex 7.5 12 0
      vertex 7.5 12 15
    endloop
  endfacet
  facet normal -0.03141075907812477 -0.9995065603657317 0
    outer loop
      vertex 7.5 12 15
      vertex 7.625581039058627 11.996053456856544 0
      vertex 7.625581039058627 11.996053456856544 15
    endloop
  endfacet
  facet normal -0.09410831331852244 -0.9955619646030792 0
    outer loop
      vertex 7.625581039058627 11.996053456856544 15
      vertex 7.7506664671286085 11.984229402628955 0
      vertex 7.7506664671286085 11.984229402628955 15
    endloop
  endfacet
  facet normal -0.1564344650402247 -0.9876883405951387 0
    outer loop
      vertex 7.7506664671286085 11.984229402628955 15
      vertex 7.874762629171449 11.964574501457378 0
      vertex 7.874762629171449 11.964574501457378 15
    endloop
  endfacet
  facet normal -0.2181432413965437 -0.9759167619387472 0
    outer loop
      vertex 7.874762629171449 11.964574501457378 15
      vertex 7.99737977432971 11.937166322257262 0
      vertex 7.99737977432971 11.937166322257262 15
    endloop
  endfacet
  facet normal -0.27899110603922866 -0.9602936856769432 0
    outer loop
      vertex 7.99737977432971 11.937166322257262 15
      vertex 8.118033988749895 11.902113032590307 0
      vertex 8.118033988749895 11.902113032590307 15
    endloop
  endfacet
  facet normal -0.9995065603657317 -0.03141075907812477 0
    outer loop
      vertex 9.5 10 15
      vertex 9.496053456856544 10.125581039058627 15
      vertex 9.496053456856544 10.125581039058627 0
    endloop
  endfacet
  facet normal -0.9955619646030792 -0.09410831331852244 0
    outer loop
      vertex 9.496053456856544 10.125581039058627 15
      vertex 9.484229402628955 10.250666467128609 15
      vertex 9.484229402628955 10.250666467128609 0
    endloop
  endfacet
  facet normal -0.9876883405951389 -0.1564344650402236 0
    outer loop
      vertex 9.484229402628955 10.250666467128609 15
      vertex 9.464574501457378 10.37476262917145 15
      vertex 9.464574501457378 10.37476262917145 0
    endloop
  endfacet
  facet normal -0.9759167619387469 -0.2181432413965452 0
    outer loop
      vertex 9.464574501457378 10.37476262917145 15
      vertex 9.437166322257262 10.49737977432971 15
      vertex 9.437166322257262 10.49737977432971 0
    endloop
  endfacet
  facet normal -0.9602936856769432 -0.27899110603922866 0
    outer loop
      vertex 9.437166322257262 10.49737977432971 15
      vertex 9.402113032590307 10.618033988749895 15
      vertex 9.402113032590307 10.618033988749895 0
    endloop
  endfacet
  facet normal -0.8270805742745619 -0.5620833778521305 0
    outer loop
      vertex 9.118033988749895 11.175570504584947 15
      vertex 9.118033988749895 11.175570504584947 0
      vertex 9.18865585100403 11.071653589957993 15
    endloop
  endfacet
  facet normal -0.7901550123756901 -0.6129070536529768 0
    outer loop
      vertex 9.118033988749895 11.175570504584947 15
      vertex 9.041026485551578 11.27484797949738 15
      vertex 9.041026485551578 11.27484797949738 0
    endloop
  endfacet
  facet normal -0.9408807689542232 -0.3387379202452975 0
    outer loop
      vertex 9.402113032590307 10.618033988749895 15
      vertex 9.359552971776502 10.736249105369357 15
      vertex 9.359552971776502 10.736249105369357 0
    endloop
  endfacet
  facet normal -0.9177546256839865 -0.3971478906347683 0
    outer loop
      vertex 9.359552971776502 10.736249105369357 15
      vertex 9.30965410493204 10.851558583130146 15
      vertex 9.30965410493204 10.851558583130146 0
    endloop
  endfacet
  facet normal -0.891006524188363 -0.4539904997395564 0
    outer loop
      vertex 9.30965410493204 10.851558583130146 15
      vertex 9.252613360087727 10.96350734820343 15
      vertex 9.252613360087727 10.96350734820343 0
    endloop
  endfacet
  facet normal -0.8607420270039459 -0.5090414157503674 0
    outer loop
      vertex 9.252613360087727 10.96350734820343 15
      vertex 9.18865585100403 11.071653589957993 15
      vertex 9.18865585100403 11.071653589957993 0
    endloop
  endfacet
  facet normal -0.750111069630457 -0.6613118653236547 0
    outer loop
      vertex 9.041026485551578 11.27484797949738 15
      vertex 8.957937254842824 11.369094211857377 15
      vertex 8.957937254842824 11.369094211857377 0
    endloop
  endfacet
  facet normal -0.7071067811865476 -0.7071067811865476 0
    outer loop
      vertex 8.957937254842824 11.369094211857377 15
      vertex 8.869094211857377 11.457937254842824 15
      vertex 8.869094211857377 11.457937254842824 0
    endloop
  endfacet
  facet normal -0.6613118653236547 -0.750111069630457 0
    outer loop
      vertex 8.869094211857377 11.457937254842824 15
      vertex 8.77484797949738 11.541026485551578 15
      vertex 8.869094211857377 11.457937254842824 0
    endloop
  endfacet
  facet normal -0.5090414157503674 -0.8607420270039459 0
    outer loop
      vertex 8.571653589957993 11.68865585100403 15
      vertex 8.46350734820343 11.752613360087727 15
      vertex 8.571653589957993 11.68865585100403 0
    endloop
  endfacet
  facet normal -0.5620833778521305 -0.8270805742745619 0
    outer loop
      vertex 8.571653589957993 11.68865585100403 15
      vertex 8.675570504584947 11.618033988749895 0
      vertex 8.675570504584947 11.618033988749895 15
    endloop
  endfacet
  facet normal -0.3387379202452895 -0.9408807689542261 0
    outer loop
      vertex 8.118033988749895 11.902113032590307 15
      vertex 8.236249105369355 11.859552971776504 0
      vertex 8.236249105369355 11.859552971776504 15
    endloop
  endfacet
  facet normal -0.3971478906347869 -0.9177546256839784 0
    outer loop
      vertex 8.236249105369355 11.859552971776504 15
      vertex 8.351558583130146 11.809654104932038 0
      vertex 8.351558583130146 11.809654104932038 15
    endloop
  endfacet
  facet normal -0.45399049973954514 -0.8910065241883687 0
    outer loop
      vertex 8.351558583130146 11.809654104932038 15
      vertex 8.46350734820343 11.752613360087727 0
      vertex 8.46350734820343 11.752613360087727 15
    endloop
  endfacet
  facet normal -0.6129070536529768 -0.7901550123756901 0
    outer loop
      vertex 8.77484797949738 11.541026485551578 15
      vertex 8.675570504584947 11.618033988749895 15
      vertex 8.77484797949738 11.541026485551578 0
    endloop
  endfacet
  facet normal 0.6129070536529317 0.7901550123757249 0
    outer loop
      vertex 121.92442949541505 28.381966011250107 15
      vertex 121.92442949541505 28.381966011250107 0
      vertex 121.82515202050261 28.45897351444842 0
    endloop
  endfacet
  facet normal 0.5090414157504194 0.8607420270039152 0
    outer loop
      vertex 122.13649265179656 28.24738663991227 15
      vertex 122.13649265179656 28.24738663991227 0
      vertex 122.028346410042 28.31134414899597 0
    endloop
  endfacet
  facet normal 0.3971478906347683 0.9177546256839865 0
    outer loop
      vertex 122.36375089463064 28.140447028223498 15
      vertex 122.36375089463064 28.140447028223498 0
      vertex 122.24844141686985 28.19034589506796 0
    endloop
  endfacet
  facet normal 0.45399049973951655 0.8910065241883833 0
    outer loop
      vertex 122.24844141686985 28.19034589506796 15
      vertex 122.24844141686985 28.19034589506796 0
      vertex 122.13649265179656 28.24738663991227 0
    endloop
  endfacet
  facet normal 0.5620833778521436 0.8270805742745531 0
    outer loop
      vertex 122.028346410042 28.31134414899597 15
      vertex 122.028346410042 28.31134414899597 0
      vertex 121.92442949541505 28.381966011250107 0
    endloop
  endfacet
  facet normal 0.6613118653236846 0.7501110696304306 0
    outer loop
      vertex 121.82515202050261 28.45897351444842 15
      vertex 121.82515202050261 28.45897351444842 0
      vertex 121.73090578814262 28.54206274515718 0
    endloop
  endfacet
  facet normal 0.7071067811865475 0.7071067811865475 0
    outer loop
      vertex 121.73090578814262 28.54206274515718 15
      vertex 121.73090578814262 28.54206274515718 0
      vertex 121.64206274515718 28.630905788142623 0
    endloop
  endfacet
  facet normal 0.750111069630415 0.6613118653237025 0
    outer loop
      vertex 121.55897351444841 28.72515202050262 15
      vertex 121.64206274515718 28.630905788142623 0
      vertex 121.55897351444841 28.72515202050262 0
    endloop
  endfacet
  facet normal 0.8607420270039546 0.5090414157503527 0
    outer loop
      vertex 121.34738663991227 29.036492651796568 15
      vertex 121.41134414899597 28.928346410042007 0
      vertex 121.34738663991227 29.036492651796568 0
    endloop
  endfacet
  facet normal 0.8910065241883601 0.45399049973956185 0
    outer loop
      vertex 121.29034589506796 29.148441416869854 15
      vertex 121.34738663991227 29.036492651796568 0
      vertex 121.29034589506796 29.148441416869854 0
    endloop
  endfacet
  facet normal 0.9177546256839555 0.39714789063483974 0
    outer loop
      vertex 121.24044702822349 29.263750894630643 15
      vertex 121.29034589506796 29.148441416869854 0
      vertex 121.24044702822349 29.263750894630643 0
    endloop
  endfacet
  facet normal 0.9408807689542429 0.3387379202452429 0
    outer loop
      vertex 121.19788696740969 29.381966011250107 15
      vertex 121.24044702822349 29.263750894630643 0
      vertex 121.19788696740969 29.381966011250107 0
    endloop
  endfacet
  facet normal 0.7901550123756901 0.6129070536529768 0
    outer loop
      vertex 121.4819660112501 28.824429495415053 15
      vertex 121.55897351444841 28.72515202050262 0
      vertex 121.4819660112501 28.824429495415053 0
    endloop
  endfacet
  facet normal 0.8270805742745883 0.5620833778520917 0
    outer loop
      vertex 121.41134414899597 28.928346410042007 15
      vertex 121.4819660112501 28.824429495415053 0
      vertex 121.41134414899597 28.928346410042007 0
    endloop
  endfacet
  facet normal 0.9602936856769281 0.27899110603928085 0
    outer loop
      vertex 121.16283367774273 29.50262022567029 15
      vertex 121.19788696740969 29.381966011250107 0
      vertex 121.16283367774273 29.50262022567029 0
    endloop
  endfacet
  facet normal 0.9759167619387582 0.21814324139649435 0
    outer loop
      vertex 121.13542549854262 29.62523737082855 15
      vertex 121.16283367774273 29.50262022567029 0
      vertex 121.13542549854262 29.62523737082855 0
    endloop
  endfacet
  facet normal 0.9876883405951392 0.1564344650402214 0
    outer loop
      vertex 121.11577059737104 29.749333532871393 15
      vertex 121.13542549854262 29.62523737082855 0
      vertex 121.11577059737104 29.749333532871393 0
    endloop
  endfacet
  facet normal 0.9955619646030792 0.09410831331852378 0
    outer loop
      vertex 121.10394654314345 29.874418960941373 15
      vertex 121.11577059737104 29.749333532871393 0
      vertex 121.10394654314345 29.874418960941373 0
    endloop
  endfacet
  facet normal 0.9995065603657317 0.03141075907812477 0
    outer loop
      vertex 121.1 30 15
      vertex 121.10394654314345 29.874418960941373 0
      vertex 121.1 30 0
    endloop
  endfacet
  facet normal 0.21814324139652413 0.9759167619387515 0
    outer loop
      vertex 122.72523737082855 28.035425498542622 15
      vertex 122.72523737082855 28.035425498542622 0
      vertex 122.60262022567028 28.062833677742738 0
    endloop
  endfacet
  facet normal 0.27899110603922866 0.9602936856769432 0
    outer loop
      vertex 122.60262022567028 28.062833677742738 15
      vertex 122.60262022567028 28.062833677742738 0
      vertex 122.4819660112501 28.097886967409693 0
    endloop
  endfacet
  facet normal 0.33873792024532007 0.9408807689542151 0
    outer loop
      vertex 122.4819660112501 28.097886967409693 15
      vertex 122.4819660112501 28.097886967409693 0
      vertex 122.36375089463064 28.140447028223498 0
    endloop
  endfacet
  facet normal 0.15643446504023453 0.9876883405951371 0
    outer loop
      vertex 122.84933353287138 28.015770597371045 15
      vertex 122.84933353287138 28.015770597371045 0
      vertex 122.72523737082855 28.035425498542622 0
    endloop
  endfacet
  facet normal 0.09410831331852378 0.9955619646030792 0
    outer loop
      vertex 122.97441896094136 28.003946543143456 15
      vertex 122.97441896094136 28.003946543143456 0
      vertex 122.84933353287138 28.015770597371045 0
    endloop
  endfacet
  facet normal 0.03141075907812388 0.9995065603657317 0
    outer loop
      vertex 123.1 28 15
      vertex 123.1 28 0
      vertex 122.97441896094136 28.003946543143456 0
    endloop
  endfacet
  facet normal -0.03141075907812388 0.9995065603657317 0
    outer loop
      vertex 123.22558103905862 28.003946543143456 15
      vertex 123.22558103905862 28.003946543143456 0
      vertex 123.1 28 0
    endloop
  endfacet
  facet normal -0.09410831331852378 0.9955619646030792 0
    outer loop
      vertex 123.3506664671286 28.015770597371045 15
      vertex 123.3506664671286 28.015770597371045 0
      vertex 123.22558103905862 28.003946543143456 0
    endloop
  endfacet
  facet normal -0.15643446504023453 0.9876883405951371 0
    outer loop
      vertex 123.47476262917144 28.035425498542622 15
      vertex 123.47476262917144 28.035425498542622 0
      vertex 123.3506664671286 28.015770597371045 0
    endloop
  endfacet
  facet normal -0.21814324139652413 0.9759167619387515 0
    outer loop
      vertex 123.59737977432971 28.062833677742738 15
      vertex 123.59737977432971 28.062833677742738 0
      vertex 123.47476262917144 28.035425498542622 0
    endloop
  endfacet
  facet normal -0.27899110603922866 0.9602936856769432 0
    outer loop
      vertex 123.7180339887499 28.097886967409693 15
      vertex 123.7180339887499 28.097886967409693 0
      vertex 123.59737977432971 28.062833677742738 0
    endloop
  endfacet
  facet normal -0.33873792024532007 0.9408807689542151 0
    outer loop
      vertex 123.83624910536935 28.140447028223498 15
      vertex 123.83624910536935 28.140447028223498 0
      vertex 123.7180339887499 28.097886967409693 0
    endloop
  endfacet
  facet normal -0.3971478906347683 0.9177546256839865 0
    outer loop
      vertex 123.95155858313014 28.19034589506796 15
      vertex 123.95155858313014 28.19034589506796 0
      vertex 123.83624910536935 28.140447028223498 0
    endloop
  endfacet
  facet normal -0.45399049973951655 0.8910065241883833 0
    outer loop
      vertex 124.06350734820343 28.24738663991227 15
      vertex 124.06350734820343 28.24738663991227 0
      vertex 123.95155858313014 28.19034589506796 0
    endloop
  endfacet
  facet normal -0.5090414157504194 0.8607420270039152 0
    outer loop
      vertex 124.17165358995798 28.31134414899597 15
      vertex 124.17165358995798 28.31134414899597 0
      vertex 124.06350734820343 28.24738663991227 0
    endloop
  endfacet
  facet normal -0.5620833778521436 0.8270805742745531 0
    outer loop
      vertex 124.27557050458493 28.381966011250107 15
      vertex 124.27557050458493 28.381966011250107 0
      vertex 124.17165358995798 28.31134414899597 0
    endloop
  endfacet
  facet normal -0.6129070536529494 0.7901550123757114 0
    outer loop
      vertex 124.37484797949737 28.458973514448424 15
      vertex 124.37484797949737 28.458973514448424 0
      vertex 124.27557050458493 28.381966011250107 0
    endloop
  endfacet
  facet normal -0.6613118653236687 0.7501110696304447 0
    outer loop
      vertex 124.46909421185737 28.54206274515718 15
      vertex 124.46909421185737 28.54206274515718 0
      vertex 124.37484797949737 28.458973514448424 0
    endloop
  endfacet
  facet normal -0.7071067811865475 0.7071067811865475 0
    outer loop
      vertex 124.55793725484281 28.630905788142623 15
      vertex 124.55793725484281 28.630905788142623 0
      vertex 124.46909421185737 28.54206274515718 0
    endloop
  endfacet
  facet normal -0.750111069630415 0.6613118653237025 0
    outer loop
      vertex 124.55793725484281 28.630905788142623 15
      vertex 124.64102648555158 28.72515202050262 0
      vertex 124.55793725484281 28.630905788142623 0
    endloop
  endfacet
  facet normal -0.7901550123756901 0.6129070536529768 0
    outer loop
      vertex 124.64102648555158 28.72515202050262 15
      vertex 124.7180339887499 28.824429495415053 0
      vertex 124.64102648555158 28.72515202050262 0
    endloop
  endfacet
  facet normal -0.8270805742745883 0.5620833778520917 0
    outer loop
      vertex 124.7180339887499 28.824429495415053 15
      vertex 124.78865585100402 28.928346410042007 0
      vertex 124.7180339887499 28.824429495415053 0
    endloop
  endfacet
  facet normal -0.8607420270039546 0.5090414157503527 0
    outer loop
      vertex 124.78865585100402 28.928346410042007 15
      vertex 124.85261336008772 29.036492651796568 0
      vertex 124.78865585100402 28.928346410042007 0
    endloop
  endfacet
  facet normal -0.8910065241883601 0.45399049973956185 0
    outer loop
      vertex 124.85261336008772 29.036492651796568 15
      vertex 124.90965410493203 29.148441416869854 0
      vertex 124.85261336008772 29.036492651796568 0
    endloop
  endfacet
  facet normal -0.9177546256839555 0.39714789063483974 0
    outer loop
      vertex 124.90965410493203 29.148441416869854 15
      vertex 124.9595529717765 29.263750894630643 0
      vertex 124.90965410493203 29.148441416869854 0
    endloop
  endfacet
  facet normal -0.9408807689542429 0.3387379202452429 0
    outer loop
      vertex 124.9595529717765 29.263750894630643 15
      vertex 125.0021130325903 29.381966011250107 0
      vertex 124.9595529717765 29.263750894630643 0
    endloop
  endfacet
  facet normal -0.9602936856769281 0.27899110603928085 0
    outer loop
      vertex 125.0021130325903 29.381966011250107 15
      vertex 125.03716632225726 29.50262022567029 0
      vertex 125.0021130325903 29.381966011250107 0
    endloop
  endfacet
  facet normal -0.9759167619387582 0.21814324139649435 0
    outer loop
      vertex 125.03716632225726 29.50262022567029 15
      vertex 125.06457450145737 29.62523737082855 0
      vertex 125.03716632225726 29.50262022567029 0
    endloop
  endfacet
  facet normal -0.9876883405951392 0.1564344650402214 0
    outer loop
      vertex 125.06457450145737 29.62523737082855 15
      vertex 125.08422940262895 29.749333532871393 0
      vertex 125.06457450145737 29.62523737082855 0
    endloop
  endfacet
  facet normal -0.9955619646030792 0.09410831331852378 0
    outer loop
      vertex 125.08422940262895 29.749333532871393 15
      vertex 125.09605345685654 29.874418960941373 0
      vertex 125.08422940262895 29.749333532871393 0
    endloop
  endfacet
  facet normal -0.9995065603657317 0.03141075907812477 0
    outer loop
      vertex 125.09605345685654 29.874418960941373 15
      vertex 125.1 30 0
      vertex 125.09605345685654 29.874418960941373 0
    endloop
  endfacet
  facet normal 0.6129070536529317 0.7901550123757249 0
    outer loop
      vertex 121.92442949541505 28.381966011250107 15
      vertex 121.82515202050261 28.45897351444842 0
      vertex 121.82515202050261 28.45897351444842 15
    endloop
  endfacet
  facet normal 0.45399049973951655 0.8910065241883833 0
    outer loop
      vertex 122.13649265179656 28.24738663991227 15
      vertex 122.24844141686985 28.19034589506796 15
      vertex 122.13649265179656 28.24738663991227 0
    endloop
  endfacet
  facet normal 0.3971478906347683 0.9177546256839865 0
    outer loop
      vertex 122.24844141686985 28.19034589506796 15
      vertex 122.36375089463064 28.140447028223498 15
      vertex 122.24844141686985 28.19034589506796 0
    endloop
  endfacet
  facet normal 0.33873792024532007 0.9408807689542151 0
    outer loop
      vertex 122.36375089463064 28.140447028223498 15
      vertex 122.4819660112501 28.097886967409693 15
      vertex 122.36375089463064 28.140447028223498 0
    endloop
  endfacet
  facet normal 0.5620833778521436 0.8270805742745531 0
    outer loop
      vertex 121.92442949541505 28.381966011250107 15
      vertex 122.028346410042 28.31134414899597 15
      vertex 121.92442949541505 28.381966011250107 0
    endloop
  endfacet
  facet normal 0.5090414157504194 0.8607420270039152 0
    outer loop
      vertex 122.13649265179656 28.24738663991227 15
      vertex 122.028346410042 28.31134414899597 0
      vertex 122.028346410042 28.31134414899597 15
    endloop
  endfacet
  facet normal 0.6613118653236846 0.7501110696304306 0
    outer loop
      vertex 121.82515202050261 28.45897351444842 15
      vertex 121.73090578814262 28.54206274515718 0
      vertex 121.73090578814262 28.54206274515718 15
    endloop
  endfacet
  facet normal 0.7071067811865475 0.7071067811865475 0
    outer loop
      vertex 121.73090578814262 28.54206274515718 15
      vertex 121.64206274515718 28.630905788142623 0
      vertex 121.64206274515718 28.630905788142623 15
    endloop
  endfacet
  facet normal 0.750111069630415 0.6613118653237025 0
    outer loop
      vertex 121.64206274515718 28.630905788142623 15
      vertex 121.64206274515718 28.630905788142623 0
      vertex 121.55897351444841 28.72515202050262 15
    endloop
  endfacet
  facet normal 0.8607420270039546 0.5090414157503527 0
    outer loop
      vertex 121.41134414899597 28.928346410042007 15
      vertex 121.41134414899597 28.928346410042007 0
      vertex 121.34738663991227 29.036492651796568 15
    endloop
  endfacet
  facet normal 0.8910065241883601 0.45399049973956185 0
    outer loop
      vertex 121.34738663991227 29.036492651796568 15
      vertex 121.34738663991227 29.036492651796568 0
      vertex 121.29034589506796 29.148441416869854 15
    endloop
  endfacet
  facet normal 0.9177546256839555 0.39714789063483974 0
    outer loop
      vertex 121.29034589506796 29.148441416869854 15
      vertex 121.29034589506796 29.148441416869854 0
      vertex 121.24044702822349 29.263750894630643 15
    endloop
  endfacet
  facet normal 0.9408807689542429 0.3387379202452429 0
    outer loop
      vertex 121.24044702822349 29.263750894630643 15
      vertex 121.24044702822349 29.263750894630643 0
      vertex 121.19788696740969 29.381966011250107 15
    endloop
  endfacet
  facet normal 0.7901550123756901 0.6129070536529768 0
    outer loop
      vertex 121.55897351444841 28.72515202050262 15
      vertex 121.55897351444841 28.72515202050262 0
      vertex 121.4819660112501 28.824429495415053 15
    endloop
  endfacet
  facet normal 0.8270805742745883 0.5620833778520917 0
    outer loop
      vertex 121.41134414899597 28.928346410042007 15
      vertex 121.4819660112501 28.824429495415053 15
      vertex 121.4819660112501 28.824429495415053 0
    endloop
  endfacet
  facet normal 0.9602936856769281 0.27899110603928085 0
    outer loop
      vertex 121.19788696740969 29.381966011250107 15
      vertex 121.19788696740969 29.381966011250107 0
      vertex 121.16283367774273 29.50262022567029 15
    endloop
  endfacet
  facet normal 0.9759167619387582 0.21814324139649435 0
    outer loop
      vertex 121.16283367774273 29.50262022567029 15
      vertex 121.16283367774273 29.50262022567029 0
      vertex 121.13542549854262 29.62523737082855 15
    endloop
  endfacet
  facet normal 0.9876883405951392 0.1564344650402214 0
    outer loop
      vertex 121.13542549854262 29.62523737082855 15
      vertex 121.13542549854262 29.62523737082855 0
      vertex 121.11577059737104 29.749333532871393 15
    endloop
  endfacet
  facet normal 0.9955619646030792 0.09410831331852378 0
    outer loop
      vertex 121.11577059737104 29.749333532871393 15
      vertex 121.11577059737104 29.749333532871393 0
      vertex 121.10394654314345 29.874418960941373 15
    endloop
  endfacet
  facet normal 0.9995065603657317 0.03141075907812477 0
    outer loop
      vertex 121.10394654314345 29.874418960941373 15
      vertex 121.10394654314345 29.874418960941373 0
      vertex 121.1 30 15
    endloop
  endfacet
  facet normal 0.27899110603922866 0.9602936856769432 0
    outer loop
      vertex 122.4819660112501 28.097886967409693 15
      vertex 122.60262022567028 28.062833677742738 15
      vertex 122.4819660112501 28.097886967409693 0
    endloop
  endfacet
  facet normal 0.21814324139652413 0.9759167619387515 0
    outer loop
      vertex 122.60262022567028 28.062833677742738 15
      vertex 122.72523737082855 28.035425498542622 15
      vertex 122.60262022567028 28.062833677742738 0
    endloop
  endfacet
  facet normal 0.15643446504023453 0.9876883405951371 0
    outer loop
      vertex 122.72523737082855 28.035425498542622 15
      vertex 122.84933353287138 28.015770597371045 15
      vertex 122.72523737082855 28.035425498542622 0
    endloop
  endfacet
  facet normal 0.09410831331852378 0.9955619646030792 0
    outer loop
      vertex 122.84933353287138 28.015770597371045 15
      vertex 122.97441896094136 28.003946543143456 15
      vertex 122.84933353287138 28.015770597371045 0
    endloop
  endfacet
  facet normal 0.03141075907812388 0.9995065603657317 0
    outer loop
      vertex 122.97441896094136 28.003946543143456 15
      vertex 123.1 28 15
      vertex 122.97441896094136 28.003946543143456 0
    endloop
  endfacet
  facet normal -0.03141075907812388 0.9995065603657317 0
    outer loop
      vertex 123.1 28 15
      vertex 123.22558103905862 28.003946543143456 15
      vertex 123.1 28 0
    endloop
  endfacet
  facet normal -0.09410831331852378 0.9955619646030792 0
    outer loop
      vertex 123.22558103905862 28.003946543143456 15
      vertex 123.3506664671286 28.015770597371045 15
      vertex 123.22558103905862 28.003946543143456 0
    endloop
  endfacet
  facet normal -0.15643446504023453 0.9876883405951371 0
    outer loop
      vertex 123.3506664671286 28.015770597371045 15
      vertex 123.47476262917144 28.035425498542622 15
      vertex 123.3506664671286 28.015770597371045 0
    endloop
  endfacet
  facet normal -0.21814324139652413 0.9759167619387515 0
    outer loop
      vertex 123.47476262917144 28.035425498542622 15
      vertex 123.59737977432971 28.062833677742738 15
      vertex 123.47476262917144 28.035425498542622 0
    endloop
  endfacet
  facet normal -0.27899110603922866 0.9602936856769432 0
    outer loop
      vertex 123.59737977432971 28.062833677742738 15
      vertex 123.7180339887499 28.097886967409693 15
      vertex 123.59737977432971 28.062833677742738 0
    endloop
  endfacet
  facet normal -0.33873792024532007 0.9408807689542151 0
    outer loop
      vertex 123.7180339887499 28.097886967409693 15
      vertex 123.83624910536935 28.140447028223498 15
      vertex 123.7180339887499 28.097886967409693 0
    endloop
  endfacet
  facet normal -0.3971478906347683 0.9177546256839865 0
    outer loop
      vertex 123.83624910536935 28.140447028223498 15
      vertex 123.95155858313014 28.19034589506796 15
      vertex 123.83624910536935 28.140447028223498 0
    endloop
  endfacet
  facet normal -0.45399049973951655 0.8910065241883833 0
    outer loop
      vertex 123.95155858313014 28.19034589506796 15
      vertex 124.06350734820343 28.24738663991227 15
      vertex 123.95155858313014 28.19034589506796 0
    endloop
  endfacet
  facet normal -0.5090414157504194 0.8607420270039152 0
    outer loop
      vertex 124.06350734820343 28.24738663991227 15
      vertex 124.17165358995798 28.31134414899597 15
      vertex 124.06350734820343 28.24738663991227 0
    endloop
  endfacet
  facet normal -0.5620833778521436 0.8270805742745531 0
    outer loop
      vertex 124.17165358995798 28.31134414899597 15
      vertex 124.27557050458493 28.381966011250107 15
      vertex 124.17165358995798 28.31134414899597 0
    endloop
  endfacet
  facet normal -0.6129070536529494 0.7901550123757114 0
    outer loop
      vertex 124.27557050458493 28.381966011250107 15
      vertex 124.37484797949737 28.458973514448424 15
      vertex 124.27557050458493 28.381966011250107 0
    endloop
  endfacet
  facet normal -0.6613118653236687 0.7501110696304447 0
    outer loop
      vertex 124.37484797949737 28.458973514448424 15
      vertex 124.46909421185737 28.54206274515718 15
      vertex 124.37484797949737 28.458973514448424 0
    endloop
  endfacet
  facet normal -0.7071067811865475 0.7071067811865475 0
    outer loop
      vertex 124.46909421185737 28.54206274515718 15
      vertex 124.55793725484281 28.630905788142623 15
      vertex 124.46909421185737 28.54206274515718 0
    endloop
  endfacet
  facet normal -0.750111069630415 0.6613118653237025 0
    outer loop
      vertex 124.55793725484281 28.630905788142623 15
      vertex 124.64102648555158 28.72515202050262 15
      vertex 124.64102648555158 28.72515202050262 0
    endloop
  endfacet
  facet normal -0.7901550123756901 0.6129070536529768 0
    outer loop
      vertex 124.64102648555158 28.72515202050262 15
      vertex 124.7180339887499 28.824429495415053 15
      vertex 124.7180339887499 28.824429495415053 0
    endloop
  endfacet
  facet normal -0.8270805742745883 0.5620833778520917 0
    outer loop
      vertex 124.7180339887499 28.824429495415053 15
      vertex 124.78865585100402 28.928346410042007 15
      vertex 124.78865585100402 28.928346410042007 0
    endloop
  endfacet
  facet normal -0.8607420270039546 0.5090414157503527 0
    outer loop
      vertex 124.78865585100402 28.928346410042007 15
      vertex 124.85261336008772 29.036492651796568 15
      vertex 124.85261336008772 29.036492651796568 0
    endloop
  endfacet
  facet normal -0.8910065241883601 0.45399049973956185 0
    outer loop
      vertex 124.85261336008772 29.036492651796568 15
      vertex 124.90965410493203 29.148441416869854 15
      vertex 124.90965410493203 29.148441416869854 0
    endloop
  endfacet
  facet normal -0.9177546256839555 0.39714789063483974 0
    outer loop
      vertex 124.90965410493203 29.148441416869854 15
      vertex 124.9595529717765 29.263750894630643 15
      vertex 124.9595529717765 29.263750894630643 0
    endloop
  endfacet
  facet normal -0.9408807689542429 0.3387379202452429 0
    outer loop
      vertex 124.9595529717765 29.263750894630643 15
      vertex 125.0021130325903 29.381966011250107 15
      vertex 125.0021130325903 29.381966011250107 0
    endloop
  endfacet
  facet normal -0.9602936856769281 0.27899110603928085 0
    outer loop
      vertex 125.0021130325903 29.381966011250107 15
      vertex 125.03716632225726 29.50262022567029 15
      vertex 125.03716632225726 29.50262022567029 0
    endloop
  endfacet
  facet normal -0.9759167619387582 0.21814324139649435 0
    outer loop
      vertex 125.03716632225726 29.50262022567029 15
      vertex 125.06457450145737 29.62523737082855 15
      vertex 125.06457450145737 29.62523737082855 0
    endloop
  endfacet
  facet normal -0.9876883405951392 0.1564344650402214 0
    outer loop
      vertex 125.06457450145737 29.62523737082855 15
      vertex 125.08422940262895 29.749333532871393 15
      vertex 125.08422940262895 29.749333532871393 0
    endloop
  endfacet
  facet normal -0.9955619646030792 0.09410831331852378 0
    outer loop
      vertex 125.08422940262895 29.749333532871393 15
      vertex 125.09605345685654 29.874418960941373 15
      vertex 125.09605345685654 29.874418960941373 0
    endloop
  endfacet
  facet normal -0.9995065603657317 0.03141075907812477 0
    outer loop
      vertex 125.09605345685654 29.874418960941373 15
      vertex 125.1 30 15
      vertex 125.1 30 0
    endloop
  endfacet
  facet normal 0.9995065603657317 -0.03141075907812477 0
    outer loop
      vertex 121.10394654314345 30.125581039058627 15
      vertex 121.1 30 0
      vertex 121.10394654314345 30.125581039058627 0
    endloop
  endfacet
  facet normal 0.9955619646030792 -0.09410831331852378 0
    outer loop
      vertex 121.11577059737104 30.250666467128607 15
      vertex 121.10394654314345 30.125581039058627 0
      vertex 121.11577059737104 30.250666467128607 0
    endloop
  endfacet
  facet normal 0.9876883405951392 -0.1564344650402214 0
    outer loop
      vertex 121.13542549854262 30.37476262917145 15
      vertex 121.11577059737104 30.250666467128607 0
      vertex 121.13542549854262 30.37476262917145 0
    endloop
  endfacet
  facet normal 0.9759167619387582 -0.21814324139649435 0
    outer loop
      vertex 121.16283367774273 30.49737977432971 15
      vertex 121.13542549854262 30.37476262917145 0
      vertex 121.16283367774273 30.49737977432971 0
    endloop
  endfacet
  facet normal 0.9602936856769281 -0.27899110603928085 0
    outer loop
      vertex 121.19788696740969 30.618033988749893 15
      vertex 121.16283367774273 30.49737977432971 0
      vertex 121.19788696740969 30.618033988749893 0
    endloop
  endfacet
  facet normal 0.9408807689542429 -0.3387379202452429 0
    outer loop
      vertex 121.24044702822349 30.736249105369357 15
      vertex 121.19788696740969 30.618033988749893 0
      vertex 121.24044702822349 30.736249105369357 0
    endloop
  endfacet
  facet normal 0.9177546256839555 -0.39714789063483974 0
    outer loop
      vertex 121.29034589506796 30.851558583130146 15
      vertex 121.24044702822349 30.736249105369357 0
      vertex 121.29034589506796 30.851558583130146 0
    endloop
  endfacet
  facet normal 0.8910065241883601 -0.45399049973956185 0
    outer loop
      vertex 121.34738663991227 30.963507348203432 15
      vertex 121.29034589506796 30.851558583130146 0
      vertex 121.34738663991227 30.963507348203432 0
    endloop
  endfacet
  facet normal 0.8607420270039546 -0.5090414157503527 0
    outer loop
      vertex 121.41134414899597 31.071653589957993 15
      vertex 121.34738663991227 30.963507348203432 0
      vertex 121.41134414899597 31.071653589957993 0
    endloop
  endfacet
  facet normal 0.8270805742745883 -0.5620833778520917 0
    outer loop
      vertex 121.4819660112501 31.175570504584947 15
      vertex 121.41134414899597 31.071653589957993 0
      vertex 121.4819660112501 31.175570504584947 0
    endloop
  endfacet
  facet normal 0.7901550123756901 -0.6129070536529768 0
    outer loop
      vertex 121.55897351444841 31.27484797949738 15
      vertex 121.4819660112501 31.175570504584947 0
      vertex 121.55897351444841 31.27484797949738 0
    endloop
  endfacet
  facet normal 0.750111069630415 -0.6613118653237025 0
    outer loop
      vertex 121.64206274515718 31.369094211857377 15
      vertex 121.55897351444841 31.27484797949738 0
      vertex 121.64206274515718 31.369094211857377 0
    endloop
  endfacet
  facet normal 0.7071067811865475 -0.7071067811865475 0
    outer loop
      vertex 121.64206274515718 31.369094211857377 15
      vertex 121.64206274515718 31.369094211857377 0
      vertex 121.73090578814262 31.45793725484282 0
    endloop
  endfacet
  facet normal 0.6613118653236846 -0.7501110696304306 0
    outer loop
      vertex 121.73090578814262 31.45793725484282 15
      vertex 121.73090578814262 31.45793725484282 0
      vertex 121.82515202050261 31.54102648555158 0
    endloop
  endfacet
  facet normal 0.6129070536529317 -0.7901550123757249 0
    outer loop
      vertex 121.82515202050261 31.54102648555158 15
      vertex 121.82515202050261 31.54102648555158 0
      vertex 121.92442949541505 31.618033988749893 0
    endloop
  endfacet
  facet normal 0.5620833778521436 -0.8270805742745531 0
    outer loop
      vertex 121.92442949541505 31.618033988749893 15
      vertex 121.92442949541505 31.618033988749893 0
      vertex 122.028346410042 31.68865585100403 0
    endloop
  endfacet
  facet normal 0.5090414157504194 -0.8607420270039152 0
    outer loop
      vertex 122.028346410042 31.68865585100403 15
      vertex 122.028346410042 31.68865585100403 0
      vertex 122.13649265179656 31.75261336008773 0
    endloop
  endfacet
  facet normal 0.45399049973951655 -0.8910065241883833 0
    outer loop
      vertex 122.13649265179656 31.75261336008773 15
      vertex 122.13649265179656 31.75261336008773 0
      vertex 122.24844141686985 31.80965410493204 0
    endloop
  endfacet
  facet normal 0.3971478906347683 -0.9177546256839865 0
    outer loop
      vertex 122.24844141686985 31.80965410493204 15
      vertex 122.24844141686985 31.80965410493204 0
      vertex 122.36375089463064 31.859552971776502 0
    endloop
  endfacet
  facet normal 0.33873792024532007 -0.9408807689542151 0
    outer loop
      vertex 122.36375089463064 31.859552971776502 15
      vertex 122.36375089463064 31.859552971776502 0
      vertex 122.4819660112501 31.902113032590307 0
    endloop
  endfacet
  facet normal -0.9995065603657317 -0.03141075907812477 0
    outer loop
      vertex 125.1 30 15
      vertex 125.09605345685654 30.125581039058627 0
      vertex 125.1 30 0
    endloop
  endfacet
  facet normal -0.9955619646030794 -0.09410831331852113 0
    outer loop
      vertex 125.09605345685654 30.125581039058627 15
      vertex 125.08422940262895 30.25066646712861 0
      vertex 125.09605345685654 30.125581039058627 0
    endloop
  endfacet
  facet normal -0.9876883405951384 -0.1564344650402258 0
    outer loop
      vertex 125.08422940262895 30.25066646712861 15
      vertex 125.06457450145737 30.37476262917145 0
      vertex 125.08422940262895 30.25066646712861 0
    endloop
  endfacet
  facet normal -0.9759167619387582 -0.21814324139649435 0
    outer loop
      vertex 125.06457450145737 30.37476262917145 15
      vertex 125.03716632225726 30.49737977432971 0
      vertex 125.06457450145737 30.37476262917145 0
    endloop
  endfacet
  facet normal -0.9602936856769281 -0.27899110603928085 0
    outer loop
      vertex 125.03716632225726 30.49737977432971 15
      vertex 125.0021130325903 30.618033988749893 0
      vertex 125.03716632225726 30.49737977432971 0
    endloop
  endfacet
  facet normal -0.9408807689542429 -0.3387379202452429 0
    outer loop
      vertex 125.0021130325903 30.618033988749893 15
      vertex 124.9595529717765 30.736249105369357 0
      vertex 125.0021130325903 30.618033988749893 0
    endloop
  endfacet
  facet normal -0.9177546256839555 -0.39714789063483974 0
    outer loop
      vertex 124.9595529717765 30.736249105369357 15
      vertex 124.90965410493203 30.851558583130146 0
      vertex 124.9595529717765 30.736249105369357 0
    endloop
  endfacet
  facet normal -0.8910065241883601 -0.45399049973956185 0
    outer loop
      vertex 124.90965410493203 30.851558583130146 15
      vertex 124.85261336008772 30.963507348203432 0
      vertex 124.90965410493203 30.851558583130146 0
    endloop
  endfacet
  facet normal -0.8607420270039546 -0.5090414157503527 0
    outer loop
      vertex 124.85261336008772 30.963507348203432 15
      vertex 124.78865585100402 31.071653589957993 0
      vertex 124.85261336008772 30.963507348203432 0
    endloop
  endfacet
  facet normal -0.7901550123756901 -0.6129070536529768 0
    outer loop
      vertex 124.7180339887499 31.175570504584947 15
      vertex 124.64102648555158 31.27484797949738 0
      vertex 124.7180339887499 31.175570504584947 0
    endloop
  endfacet
  facet normal -0.8270805742745883 -0.5620833778520917 0
    outer loop
      vertex 124.78865585100402 31.071653589957993 15
      vertex 124.7180339887499 31.175570504584947 0
      vertex 124.78865585100402 31.071653589957993 0
    endloop
  endfacet
  facet normal -0.6613118653236846 -0.7501110696304306 0
    outer loop
      vertex 124.37484797949737 31.54102648555158 15
      vertex 124.37484797949737 31.54102648555158 0
      vertex 124.46909421185737 31.45793725484282 0
    endloop
  endfacet
  facet normal -0.3971478906347683 -0.9177546256839865 0
    outer loop
      vertex 123.83624910536935 31.859552971776502 15
      vertex 123.83624910536935 31.859552971776502 0
      vertex 123.95155858313014 31.80965410493204 0
    endloop
  endfacet
  facet normal -0.5620833778521436 -0.8270805742745531 0
    outer loop
      vertex 124.17165358995798 31.68865585100403 15
      vertex 124.17165358995798 31.68865585100403 0
      vertex 124.27557050458493 31.618033988749893 0
    endloop
  endfacet
  facet normal -0.6129070536529317 -0.7901550123757249 0
    outer loop
      vertex 124.27557050458493 31.618033988749893 15
      vertex 124.27557050458493 31.618033988749893 0
      vertex 124.37484797949737 31.54102648555158 0
    endloop
  endfacet
  facet normal -0.45399049973951655 -0.8910065241883833 0
    outer loop
      vertex 123.95155858313014 31.80965410493204 15
      vertex 123.95155858313014 31.80965410493204 0
      vertex 124.06350734820343 31.75261336008773 0
    endloop
  endfacet
  facet normal -0.5090414157504194 -0.8607420270039152 0
    outer loop
      vertex 124.06350734820343 31.75261336008773 15
      vertex 124.06350734820343 31.75261336008773 0
      vertex 124.17165358995798 31.68865585100403 0
    endloop
  endfacet
  facet normal 0.27899110603922866 -0.9602936856769432 0
    outer loop
      vertex 122.4819660112501 31.902113032590307 15
      vertex 122.4819660112501 31.902113032590307 0
      vertex 122.60262022567028 31.937166322257262 0
    endloop
  endfacet
  facet normal 0.21814324139652413 -0.9759167619387515 0
    outer loop
      vertex 122.60262022567028 31.937166322257262 15
      vertex 122.60262022567028 31.937166322257262 0
      vertex 122.72523737082855 31.964574501457378 0
    endloop
  endfacet
  facet normal 0.15643446504023453 -0.9876883405951371 0
    outer loop
      vertex 122.72523737082855 31.964574501457378 15
      vertex 122.72523737082855 31.964574501457378 0
      vertex 122.84933353287138 31.984229402628955 0
    endloop
  endfacet
  facet normal 0.09410831331852378 -0.9955619646030792 0
    outer loop
      vertex 122.84933353287138 31.984229402628955 15
      vertex 122.84933353287138 31.984229402628955 0
      vertex 122.97441896094136 31.996053456856544 0
    endloop
  endfacet
  facet normal 0.03141075907812388 -0.9995065603657317 0
    outer loop
      vertex 122.97441896094136 31.996053456856544 15
      vertex 122.97441896094136 31.996053456856544 0
      vertex 123.1 32 0
    endloop
  endfacet
  facet normal -0.03141075907812388 -0.9995065603657317 0
    outer loop
      vertex 123.1 32 15
      vertex 123.1 32 0
      vertex 123.22558103905862 31.996053456856544 0
    endloop
  endfacet
  facet normal -0.09410831331852378 -0.9955619646030792 0
    outer loop
      vertex 123.22558103905862 31.996053456856544 15
      vertex 123.22558103905862 31.996053456856544 0
      vertex 123.3506664671286 31.984229402628955 0
    endloop
  endfacet
  facet normal -0.15643446504023453 -0.9876883405951371 0
    outer loop
      vertex 123.3506664671286 31.984229402628955 15
      vertex 123.3506664671286 31.984229402628955 0
      vertex 123.47476262917144 31.964574501457378 0
    endloop
  endfacet
  facet normal -0.27899110603922866 -0.9602936856769432 0
    outer loop
      vertex 123.59737977432971 31.937166322257262 15
      vertex 123.59737977432971 31.937166322257262 0
      vertex 123.7180339887499 31.902113032590307 0
    endloop
  endfacet
  facet normal -0.21814324139652413 -0.9759167619387515 0
    outer loop
      vertex 123.47476262917144 31.964574501457378 15
      vertex 123.47476262917144 31.964574501457378 0
      vertex 123.59737977432971 31.937166322257262 0
    endloop
  endfacet
  facet normal -0.33873792024532007 -0.9408807689542151 0
    outer loop
      vertex 123.7180339887499 31.902113032590307 15
      vertex 123.7180339887499 31.902113032590307 0
      vertex 123.83624910536935 31.859552971776502 0
    endloop
  endfacet
  facet normal -0.750111069630415 -0.6613118653237025 0
    outer loop
      vertex 124.64102648555158 31.27484797949738 15
      vertex 124.55793725484281 31.369094211857377 0
      vertex 124.64102648555158 31.27484797949738 0
    endloop
  endfacet
  facet normal -0.7071067811865475 -0.7071067811865475 0
    outer loop
      vertex 124.46909421185737 31.45793725484282 15
      vertex 124.46909421185737 31.45793725484282 0
      vertex 124.55793725484281 31.369094211857377 0
    endloop
  endfacet
  facet normal 0.9995065603657317 -0.03141075907812477 0
    outer loop
      vertex 121.1 30 15
      vertex 121.1 30 0
      vertex 121.10394654314345 30.125581039058627 15
    endloop
  endfacet
  facet normal 0.9955619646030792 -0.09410831331852378 0
    outer loop
      vertex 121.10394654314345 30.125581039058627 15
      vertex 121.10394654314345 30.125581039058627 0
      vertex 121.11577059737104 30.250666467128607 15
    endloop
  endfacet
  facet normal 0.9876883405951392 -0.1564344650402214 0
    outer loop
      vertex 121.11577059737104 30.250666467128607 15
      vertex 121.11577059737104 30.250666467128607 0
      vertex 121.13542549854262 30.37476262917145 15
    endloop
  endfacet
  facet normal 0.9759167619387582 -0.21814324139649435 0
    outer loop
      vertex 121.13542549854262 30.37476262917145 15
      vertex 121.13542549854262 30.37476262917145 0
      vertex 121.16283367774273 30.49737977432971 15
    endloop
  endfacet
  facet normal 0.9602936856769281 -0.27899110603928085 0
    outer loop
      vertex 121.16283367774273 30.49737977432971 15
      vertex 121.16283367774273 30.49737977432971 0
      vertex 121.19788696740969 30.618033988749893 15
    endloop
  endfacet
  facet normal 0.9408807689542429 -0.3387379202452429 0
    outer loop
      vertex 121.19788696740969 30.618033988749893 15
      vertex 121.19788696740969 30.618033988749893 0
      vertex 121.24044702822349 30.736249105369357 15
    endloop
  endfacet
  facet normal 0.9177546256839555 -0.39714789063483974 0
    outer loop
      vertex 121.24044702822349 30.736249105369357 15
      vertex 121.24044702822349 30.736249105369357 0
      vertex 121.29034589506796 30.851558583130146 15
    endloop
  endfacet
  facet normal 0.8910065241883601 -0.45399049973956185 0
    outer loop
      vertex 121.29034589506796 30.851558583130146 15
      vertex 121.29034589506796 30.851558583130146 0
      vertex 121.34738663991227 30.963507348203432 15
    endloop
  endfacet
  facet normal 0.8607420270039546 -0.5090414157503527 0
    outer loop
      vertex 121.34738663991227 30.963507348203432 15
      vertex 121.34738663991227 30.963507348203432 0
      vertex 121.41134414899597 31.071653589957993 15
    endloop
  endfacet
  facet normal 0.8270805742745883 -0.5620833778520917 0
    outer loop
      vertex 121.41134414899597 31.071653589957993 15
      vertex 121.41134414899597 31.071653589957993 0
      vertex 121.4819660112501 31.175570504584947 15
    endloop
  endfacet
  facet normal 0.7901550123756901 -0.6129070536529768 0
    outer loop
      vertex 121.4819660112501 31.175570504584947 15
      vertex 121.4819660112501 31.175570504584947 0
      vertex 121.55897351444841 31.27484797949738 15
    endloop
  endfacet
  facet normal 0.750111069630415 -0.6613118653237025 0
    outer loop
      vertex 121.55897351444841 31.27484797949738 15
      vertex 121.55897351444841 31.27484797949738 0
      vertex 121.64206274515718 31.369094211857377 15
    endloop
  endfacet
  facet normal 0.7071067811865475 -0.7071067811865475 0
    outer loop
      vertex 121.64206274515718 31.369094211857377 15
      vertex 121.73090578814262 31.45793725484282 0
      vertex 121.73090578814262 31.45793725484282 15
    endloop
  endfacet
  facet normal 0.6613118653236846 -0.7501110696304306 0
    outer loop
      vertex 121.73090578814262 31.45793725484282 15
      vertex 121.82515202050261 31.54102648555158 0
      vertex 121.82515202050261 31.54102648555158 15
    endloop
  endfacet
  facet normal 0.6129070536529317 -0.7901550123757249 0
    outer loop
      vertex 121.82515202050261 31.54102648555158 15
      vertex 121.92442949541505 31.618033988749893 0
      vertex 121.92442949541505 31.618033988749893 15
    endloop
  endfacet
  facet normal 0.5620833778521436 -0.8270805742745531 0
    outer loop
      vertex 121.92442949541505 31.618033988749893 15
      vertex 122.028346410042 31.68865585100403 0
      vertex 122.028346410042 31.68865585100403 15
    endloop
  endfacet
  facet normal 0.5090414157504194 -0.8607420270039152 0
    outer loop
      vertex 122.028346410042 31.68865585100403 15
      vertex 122.13649265179656 31.75261336008773 0
      vertex 122.13649265179656 31.75261336008773 15
    endloop
  endfacet
  facet normal 0.45399049973951655 -0.8910065241883833 0
    outer loop
      vertex 122.13649265179656 31.75261336008773 15
      vertex 122.24844141686985 31.80965410493204 0
      vertex 122.24844141686985 31.80965410493204 15
    endloop
  endfacet
  facet normal 0.3971478906347683 -0.9177546256839865 0
    outer loop
      vertex 122.24844141686985 31.80965410493204 15
      vertex 122.36375089463064 31.859552971776502 0
      vertex 122.36375089463064 31.859552971776502 15
    endloop
  endfacet
  facet normal -0.9995065603657317 -0.03141075907812477 0
    outer loop
      vertex 125.1 30 15
      vertex 125.09605345685654 30.125581039058627 15
      vertex 125.09605345685654 30.125581039058627 0
    endloop
  endfacet
  facet normal -0.9955619646030794 -0.09410831331852113 0
    outer loop
      vertex 125.09605345685654 30.125581039058627 15
      vertex 125.08422940262895 30.25066646712861 15
      vertex 125.08422940262895 30.25066646712861 0
    endloop
  endfacet
  facet normal -0.9876883405951384 -0.1564344650402258 0
    outer loop
      vertex 125.08422940262895 30.25066646712861 15
      vertex 125.06457450145737 30.37476262917145 15
      vertex 125.06457450145737 30.37476262917145 0
    endloop
  endfacet
  facet normal -0.9759167619387582 -0.21814324139649435 0
    outer loop
      vertex 125.06457450145737 30.37476262917145 15
      vertex 125.03716632225726 30.49737977432971 15
      vertex 125.03716632225726 30.49737977432971 0
    endloop
  endfacet
  facet normal -0.9602936856769281 -0.27899110603928085 0
    outer loop
      vertex 125.03716632225726 30.49737977432971 15
      vertex 125.0021130325903 30.618033988749893 15
      vertex 125.0021130325903 30.618033988749893 0
    endloop
  endfacet
  facet normal -0.9408807689542429 -0.3387379202452429 0
    outer loop
      vertex 125.0021130325903 30.618033988749893 15
      vertex 124.9595529717765 30.736249105369357 15
      vertex 124.9595529717765 30.736249105369357 0
    endloop
  endfacet
  facet normal -0.9177546256839555 -0.39714789063483974 0
    outer loop
      vertex 124.9595529717765 30.736249105369357 15
      vertex 124.90965410493203 30.851558583130146 15
      vertex 124.90965410493203 30.851558583130146 0
    endloop
  endfacet
  facet normal -0.8910065241883601 -0.45399049973956185 0
    outer loop
      vertex 124.90965410493203 30.851558583130146 15
      vertex 124.85261336008772 30.963507348203432 15
      vertex 124.85261336008772 30.963507348203432 0
    endloop
  endfacet
  facet normal -0.8607420270039546 -0.5090414157503527 0
    outer loop
      vertex 124.85261336008772 30.963507348203432 15
      vertex 124.78865585100402 31.071653589957993 15
      vertex 124.78865585100402 31.071653589957993 0
    endloop
  endfacet
  facet normal -0.7901550123756901 -0.6129070536529768 0
    outer loop
      vertex 124.7180339887499 31.175570504584947 15
      vertex 124.64102648555158 31.27484797949738 15
      vertex 124.64102648555158 31.27484797949738 0
    endloop
  endfacet
  facet normal -0.8270805742745883 -0.5620833778520917 0
    outer loop
      vertex 124.78865585100402 31.071653589957993 15
      vertex 124.7180339887499 31.175570504584947 15
      vertex 124.7180339887499 31.175570504584947 0
    endloop
  endfacet
  facet normal -0.6613118653236846 -0.7501110696304306 0
    outer loop
      vertex 124.46909421185737 31.45793725484282 15
      vertex 124.37484797949737 31.54102648555158 15
      vertex 124.46909421185737 31.45793725484282 0
    endloop
  endfacet
  facet normal -0.33873792024532007 -0.9408807689542151 0
    outer loop
      vertex 123.83624910536935 31.859552971776502 15
      vertex 123.7180339887499 31.902113032590307 15
      vertex 123.83624910536935 31.859552971776502 0
    endloop
  endfacet
  facet normal -0.3971478906347683 -0.9177546256839865 0
    outer loop
      vertex 123.83624910536935 31.859552971776502 15
      vertex 123.95155858313014 31.80965410493204 0
      vertex 123.95155858313014 31.80965410493204 15
    endloop
  endfacet
  facet normal -0.5090414157504194 -0.8607420270039152 0
    outer loop
      vertex 124.17165358995798 31.68865585100403 15
      vertex 124.06350734820343 31.75261336008773 15
      vertex 124.17165358995798 31.68865585100403 0
    endloop
  endfacet
  facet normal -0.6129070536529317 -0.7901550123757249 0
    outer loop
      vertex 124.37484797949737 31.54102648555158 15
      vertex 124.27557050458493 31.618033988749893 15
      vertex 124.37484797949737 31.54102648555158 0
    endloop
  endfacet
  facet normal -0.5620833778521436 -0.8270805742745531 0
    outer loop
      vertex 124.17165358995798 31.68865585100403 15
      vertex 124.27557050458493 31.618033988749893 0
      vertex 124.27557050458493 31.618033988749893 15
    endloop
  endfacet
  facet normal -0.45399049973951655 -0.8910065241883833 0
    outer loop
      vertex 123.95155858313014 31.80965410493204 15
      vertex 124.06350734820343 31.75261336008773 0
      vertex 124.06350734820343 31.75261336008773 15
    endloop
  endfacet
  facet normal 0.33873792024532007 -0.9408807689542151 0
    outer loop
      vertex 122.36375089463064 31.859552971776502 15
      vertex 122.4819660112501 31.902113032590307 0
      vertex 122.4819660112501 31.902113032590307 15
    endloop
  endfacet
  facet normal 0.27899110603922866 -0.9602936856769432 0
    outer loop
      vertex 122.4819660112501 31.902113032590307 15
      vertex 122.60262022567028 31.937166322257262 0
      vertex 122.60262022567028 31.937166322257262 15
    endloop
  endfacet
  facet normal 0.21814324139652413 -0.9759167619387515 0
    outer loop
      vertex 122.60262022567028 31.937166322257262 15
      vertex 122.72523737082855 31.964574501457378 0
      vertex 122.72523737082855 31.964574501457378 15
    endloop
  endfacet
  facet normal 0.15643446504023453 -0.9876883405951371 0
    outer loop
      vertex 122.72523737082855 31.964574501457378 15
      vertex 122.84933353287138 31.984229402628955 0
      vertex 122.84933353287138 31.984229402628955 15
    endloop
  endfacet
  facet normal 0.09410831331852378 -0.9955619646030792 0
    outer loop
      vertex 122.84933353287138 31.984229402628955 15
      vertex 122.97441896094136 31.996053456856544 0
      vertex 122.97441896094136 31.996053456856544 15
    endloop
  endfacet
  facet normal 0.03141075907812388 -0.9995065603657317 0
    outer loop
      vertex 122.97441896094136 31.996053456856544 15
      vertex 123.1 32 0
      vertex 123.1 32 15
    endloop
  endfacet
  facet normal -0.03141075907812388 -0.9995065603657317 0
    outer loop
      vertex 123.1 32 15
      vertex 123.22558103905862 31.996053456856544 0
      vertex 123.22558103905862 31.996053456856544 15
    endloop
  endfacet
  facet normal -0.09410831331852378 -0.9955619646030792 0
    outer loop
      vertex 123.22558103905862 31.996053456856544 15
      vertex 123.3506664671286 31.984229402628955 0
      vertex 123.3506664671286 31.984229402628955 15
    endloop
  endfacet
  facet normal -0.15643446504023453 -0.9876883405951371 0
    outer loop
      vertex 123.3506664671286 31.984229402628955 15
      vertex 123.47476262917144 31.964574501457378 0
      vertex 123.47476262917144 31.964574501457378 15
    endloop
  endfacet
  facet normal -0.21814324139652413 -0.9759167619387515 0
    outer loop
      vertex 123.59737977432971 31.937166322257262 15
      vertex 123.47476262917144 31.964574501457378 15
      vertex 123.59737977432971 31.937166322257262 0
    endloop
  endfacet
  facet normal -0.27899110603922866 -0.9602936856769432 0
    outer loop
      vertex 123.59737977432971 31.937166322257262 15
      vertex 123.7180339887499 31.902113032590307 0
      vertex 123.7180339887499 31.902113032590307 15
    endloop
  endfacet
  facet normal -0.750111069630415 -0.6613118653237025 0
    outer loop
      vertex 124.64102648555158 31.27484797949738 15
      vertex 124.55793725484281 31.369094211857377 15
      vertex 124.55793725484281 31.369094211857377 0
    endloop
  endfacet
  facet normal -0.7071067811865475 -0.7071067811865475 0
    outer loop
      vertex 124.46909421185737 31.45793725484282 15
      vertex 124.55793725484281 31.369094211857377 0
      vertex 124.55793725484281 31.369094211857377 15
    endloop
  endfacet
  facet normal 0.6129070536529494 0.7901550123757114 0
    outer loop
      vertex 121.92442949541505 8.381966011250105 15
      vertex 121.92442949541505 8.381966011250105 0
      vertex 121.82515202050261 8.458973514448422 0
    endloop
  endfacet
  facet normal 0.5090414157503984 0.8607420270039275 0
    outer loop
      vertex 122.13649265179656 8.247386639912273 15
      vertex 122.13649265179656 8.247386639912273 0
      vertex 122.028346410042 8.31134414899597 0
    endloop
  endfacet
  facet normal 0.3971478906347802 0.9177546256839813 0
    outer loop
      vertex 122.36375089463064 8.140447028223496 15
      vertex 122.36375089463064 8.140447028223496 0
      vertex 122.24844141686985 8.19034589506796 0
    endloop
  endfacet
  facet normal 0.45399049973952776 0.8910065241883776 0
    outer loop
      vertex 122.24844141686985 8.19034589506796 15
      vertex 122.24844141686985 8.19034589506796 0
      vertex 122.13649265179656 8.247386639912273 0
    endloop
  endfacet
  facet normal 0.5620833778521436 0.8270805742745531 0
    outer loop
      vertex 122.028346410042 8.31134414899597 15
      vertex 122.028346410042 8.31134414899597 0
      vertex 121.92442949541505 8.381966011250105 0
    endloop
  endfacet
  facet normal 0.6613118653236687 0.7501110696304447 0
    outer loop
      vertex 121.82515202050261 8.458973514448422 15
      vertex 121.82515202050261 8.458973514448422 0
      vertex 121.73090578814262 8.542062745157176 0
    endloop
  endfacet
  facet normal 0.7071067811865546 0.7071067811865405 0
    outer loop
      vertex 121.73090578814262 8.542062745157176 15
      vertex 121.73090578814262 8.542062745157176 0
      vertex 121.64206274515718 8.630905788142623 0
    endloop
  endfacet
  facet normal 0.7501110696304212 0.6613118653236955 0
    outer loop
      vertex 121.55897351444841 8.725152020502621 15
      vertex 121.64206274515718 8.630905788142623 0
      vertex 121.55897351444841 8.725152020502621 0
    endloop
  endfacet
  facet normal 0.8607420270039583 0.5090414157503466 0
    outer loop
      vertex 121.34738663991227 9.03649265179657 15
      vertex 121.41134414899597 8.928346410042007 0
      vertex 121.34738663991227 9.03649265179657 0
    endloop
  endfacet
  facet normal 0.8910065241883572 0.45399049973956757 0
    outer loop
      vertex 121.29034589506796 9.148441416869854 15
      vertex 121.34738663991227 9.03649265179657 0
      vertex 121.29034589506796 9.148441416869854 0
    endloop
  endfacet
  facet normal 0.9177546256839578 0.3971478906348346 0
    outer loop
      vertex 121.24044702822349 9.263750894630645 15
      vertex 121.29034589506796 9.148441416869854 0
      vertex 121.24044702822349 9.263750894630645 0
    endloop
  endfacet
  facet normal 0.9408807689542397 0.33873792024525196 0
    outer loop
      vertex 121.19788696740969 9.381966011250105 15
      vertex 121.24044702822349 9.263750894630645 0
      vertex 121.19788696740969 9.381966011250105 0
    endloop
  endfacet
  facet normal 0.7901550123756849 0.6129070536529837 0
    outer loop
      vertex 121.4819660112501 8.824429495415053 15
      vertex 121.55897351444841 8.725152020502621 0
      vertex 121.4819660112501 8.824429495415053 0
    endloop
  endfacet
  facet normal 0.8270805742745883 0.5620833778520917 0
    outer loop
      vertex 121.41134414899597 8.928346410042007 15
      vertex 121.4819660112501 8.824429495415053 0
      vertex 121.41134414899597 8.928346410042007 0
    endloop
  endfacet
  facet normal 0.9602936856769281 0.27899110603928085 0
    outer loop
      vertex 121.16283367774273 9.50262022567029 15
      vertex 121.19788696740969 9.381966011250105 0
      vertex 121.16283367774273 9.50262022567029 0
    endloop
  endfacet
  facet normal 0.9759167619387588 0.21814324139649133 0
    outer loop
      vertex 121.13542549854262 9.62523737082855 15
      vertex 121.16283367774273 9.50262022567029 0
      vertex 121.13542549854262 9.62523737082855 0
    endloop
  endfacet
  facet normal 0.9876883405951389 0.1564344650402236 0
    outer loop
      vertex 121.11577059737104 9.749333532871391 15
      vertex 121.13542549854262 9.62523737082855 0
      vertex 121.11577059737104 9.749333532871391 0
    endloop
  endfacet
  facet normal 0.9955619646030792 0.09410831331852244 0
    outer loop
      vertex 121.10394654314345 9.874418960941373 15
      vertex 121.11577059737104 9.749333532871391 0
      vertex 121.10394654314345 9.874418960941373 0
    endloop
  endfacet
  facet normal 0.9995065603657317 0.03141075907812477 0
    outer loop
      vertex 121.1 10 15
      vertex 121.10394654314345 9.874418960941373 0
      vertex 121.1 10 0
    endloop
  endfacet
  facet normal 0.21814324139652413 0.9759167619387515 0
    outer loop
      vertex 122.72523737082855 8.035425498542622 15
      vertex 122.72523737082855 8.035425498542622 0
      vertex 122.60262022567028 8.062833677742738 0
    endloop
  endfacet
  facet normal 0.27899110603922866 0.9602936856769432 0
    outer loop
      vertex 122.60262022567028 8.062833677742738 15
      vertex 122.60262022567028 8.062833677742738 0
      vertex 122.4819660112501 8.097886967409693 0
    endloop
  endfacet
  facet normal 0.3387379202453075 0.9408807689542197 0
    outer loop
      vertex 122.4819660112501 8.097886967409693 15
      vertex 122.4819660112501 8.097886967409693 0
      vertex 122.36375089463064 8.140447028223496 0
    endloop
  endfacet
  facet normal 0.15643446504023453 0.9876883405951371 0
    outer loop
      vertex 122.84933353287138 8.015770597371045 15
      vertex 122.84933353287138 8.015770597371045 0
      vertex 122.72523737082855 8.035425498542622 0
    endloop
  endfacet
  facet normal 0.09410831331852378 0.9955619646030792 0
    outer loop
      vertex 122.97441896094136 8.003946543143456 15
      vertex 122.97441896094136 8.003946543143456 0
      vertex 122.84933353287138 8.015770597371045 0
    endloop
  endfacet
  facet normal 0.03141075907812388 0.9995065603657317 0
    outer loop
      vertex 123.1 8 15
      vertex 123.1 8 0
      vertex 122.97441896094136 8.003946543143456 0
    endloop
  endfacet
  facet normal -0.03141075907812388 0.9995065603657317 0
    outer loop
      vertex 123.22558103905862 8.003946543143456 15
      vertex 123.22558103905862 8.003946543143456 0
      vertex 123.1 8 0
    endloop
  endfacet
  facet normal -0.09410831331852378 0.9955619646030792 0
    outer loop
      vertex 123.3506664671286 8.015770597371045 15
      vertex 123.3506664671286 8.015770597371045 0
      vertex 123.22558103905862 8.003946543143456 0
    endloop
  endfacet
  facet normal -0.15643446504023453 0.9876883405951371 0
    outer loop
      vertex 123.47476262917144 8.035425498542622 15
      vertex 123.47476262917144 8.035425498542622 0
      vertex 123.3506664671286 8.015770597371045 0
    endloop
  endfacet
  facet normal -0.21814324139652413 0.9759167619387515 0
    outer loop
      vertex 123.59737977432971 8.062833677742738 15
      vertex 123.59737977432971 8.062833677742738 0
      vertex 123.47476262917144 8.035425498542622 0
    endloop
  endfacet
  facet normal -0.27899110603922866 0.9602936856769432 0
    outer loop
      vertex 123.7180339887499 8.097886967409693 15
      vertex 123.7180339887499 8.097886967409693 0
      vertex 123.59737977432971 8.062833677742738 0
    endloop
  endfacet
  facet normal -0.33873792024532007 0.9408807689542151 0
    outer loop
      vertex 123.83624910536935 8.140447028223498 15
      vertex 123.83624910536935 8.140447028223498 0
      vertex 123.7180339887499 8.097886967409693 0
    endloop
  endfacet
  facet normal -0.3971478906347683 0.9177546256839865 0
    outer loop
      vertex 123.95155858313014 8.19034589506796 15
      vertex 123.95155858313014 8.19034589506796 0
      vertex 123.83624910536935 8.140447028223498 0
    endloop
  endfacet
  facet normal -0.45399049973952776 0.8910065241883776 0
    outer loop
      vertex 124.06350734820343 8.247386639912273 15
      vertex 124.06350734820343 8.247386639912273 0
      vertex 123.95155858313014 8.19034589506796 0
    endloop
  endfacet
  facet normal -0.5090414157503984 0.8607420270039275 0
    outer loop
      vertex 124.17165358995798 8.31134414899597 15
      vertex 124.17165358995798 8.31134414899597 0
      vertex 124.06350734820343 8.247386639912273 0
    endloop
  endfacet
  facet normal -0.5620833778521436 0.8270805742745531 0
    outer loop
      vertex 124.27557050458493 8.381966011250105 15
      vertex 124.27557050458493 8.381966011250105 0
      vertex 124.17165358995798 8.31134414899597 0
    endloop
  endfacet
  facet normal -0.6129070536529494 0.7901550123757114 0
    outer loop
      vertex 124.37484797949737 8.458973514448422 15
      vertex 124.37484797949737 8.458973514448422 0
      vertex 124.27557050458493 8.381966011250105 0
    endloop
  endfacet
  facet normal -0.6613118653236687 0.7501110696304447 0
    outer loop
      vertex 124.46909421185737 8.542062745157176 15
      vertex 124.46909421185737 8.542062745157176 0
      vertex 124.37484797949737 8.458973514448422 0
    endloop
  endfacet
  facet normal -0.7071067811865546 0.7071067811865405 0
    outer loop
      vertex 124.55793725484281 8.630905788142623 15
      vertex 124.55793725484281 8.630905788142623 0
      vertex 124.46909421185737 8.542062745157176 0
    endloop
  endfacet
  facet normal -0.750111069630415 0.6613118653237025 0
    outer loop
      vertex 124.55793725484281 8.630905788142623 15
      vertex 124.64102648555158 8.72515202050262 0
      vertex 124.55793725484281 8.630905788142623 0
    endloop
  endfacet
  facet normal -0.7901550123756901 0.6129070536529768 0
    outer loop
      vertex 124.64102648555158 8.72515202050262 15
      vertex 124.7180339887499 8.824429495415053 0
      vertex 124.64102648555158 8.72515202050262 0
    endloop
  endfacet
  facet normal -0.8270805742745883 0.5620833778520917 0
    outer loop
      vertex 124.7180339887499 8.824429495415053 15
      vertex 124.78865585100402 8.928346410042007 0
      vertex 124.7180339887499 8.824429495415053 0
    endloop
  endfacet
  facet normal -0.8607420270039583 0.5090414157503466 0
    outer loop
      vertex 124.78865585100402 8.928346410042007 15
      vertex 124.85261336008772 9.03649265179657 0
      vertex 124.78865585100402 8.928346410042007 0
    endloop
  endfacet
  facet normal -0.8910065241883572 0.45399049973956757 0
    outer loop
      vertex 124.85261336008772 9.03649265179657 15
      vertex 124.90965410493203 9.148441416869854 0
      vertex 124.85261336008772 9.03649265179657 0
    endloop
  endfacet
  facet normal -0.9177546256839555 0.39714789063483974 0
    outer loop
      vertex 124.90965410493203 9.148441416869854 15
      vertex 124.9595529717765 9.263750894630643 0
      vertex 124.90965410493203 9.148441416869854 0
    endloop
  endfacet
  facet normal -0.9408807689542413 0.33873792024524746 0
    outer loop
      vertex 124.9595529717765 9.263750894630643 15
      vertex 125.0021130325903 9.381966011250105 0
      vertex 124.9595529717765 9.263750894630643 0
    endloop
  endfacet
  facet normal -0.9602936856769292 0.27899110603927707 0
    outer loop
      vertex 125.0021130325903 9.381966011250105 15
      vertex 125.03716632225726 9.502620225670292 0
      vertex 125.0021130325903 9.381966011250105 0
    endloop
  endfacet
  facet normal -0.9759167619387582 0.21814324139649435 0
    outer loop
      vertex 125.03716632225726 9.502620225670292 15
      vertex 125.06457450145737 9.62523737082855 0
      vertex 125.03716632225726 9.502620225670292 0
    endloop
  endfacet
  facet normal -0.9876883405951389 0.1564344650402236 0
    outer loop
      vertex 125.06457450145737 9.62523737082855 15
      vertex 125.08422940262895 9.749333532871391 0
      vertex 125.06457450145737 9.62523737082855 0
    endloop
  endfacet
  facet normal -0.9955619646030792 0.09410831331852244 0
    outer loop
      vertex 125.08422940262895 9.749333532871391 15
      vertex 125.09605345685654 9.874418960941373 0
      vertex 125.08422940262895 9.749333532871391 0
    endloop
  endfacet
  facet normal -0.9995065603657317 0.03141075907812477 0
    outer loop
      vertex 125.09605345685654 9.874418960941373 15
      vertex 125.1 10 0
      vertex 125.09605345685654 9.874418960941373 0
    endloop
  endfacet
  facet normal 0.6129070536529494 0.7901550123757114 0
    outer loop
      vertex 121.92442949541505 8.381966011250105 15
      vertex 121.82515202050261 8.458973514448422 0
      vertex 121.82515202050261 8.458973514448422 15
    endloop
  endfacet
  facet normal 0.45399049973952776 0.8910065241883776 0
    outer loop
      vertex 122.13649265179656 8.247386639912273 15
      vertex 122.24844141686985 8.19034589506796 15
      vertex 122.13649265179656 8.247386639912273 0
    endloop
  endfacet
  facet normal 0.3971478906347802 0.9177546256839813 0
    outer loop
      vertex 122.24844141686985 8.19034589506796 15
      vertex 122.36375089463064 8.140447028223496 15
      vertex 122.24844141686985 8.19034589506796 0
    endloop
  endfacet
  facet normal 0.3387379202453075 0.9408807689542197 0
    outer loop
      vertex 122.36375089463064 8.140447028223496 15
      vertex 122.4819660112501 8.097886967409693 15
      vertex 122.36375089463064 8.140447028223496 0
    endloop
  endfacet
  facet normal 0.5620833778521436 0.8270805742745531 0
    outer loop
      vertex 121.92442949541505 8.381966011250105 15
      vertex 122.028346410042 8.31134414899597 15
      vertex 121.92442949541505 8.381966011250105 0
    endloop
  endfacet
  facet normal 0.5090414157503984 0.8607420270039275 0
    outer loop
      vertex 122.13649265179656 8.247386639912273 15
      vertex 122.028346410042 8.31134414899597 0
      vertex 122.028346410042 8.31134414899597 15
    endloop
  endfacet
  facet normal 0.6613118653236687 0.7501110696304447 0
    outer loop
      vertex 121.82515202050261 8.458973514448422 15
      vertex 121.73090578814262 8.542062745157176 0
      vertex 121.73090578814262 8.542062745157176 15
    endloop
  endfacet
  facet normal 0.7071067811865546 0.7071067811865405 0
    outer loop
      vertex 121.73090578814262 8.542062745157176 15
      vertex 121.64206274515718 8.630905788142623 0
      vertex 121.64206274515718 8.630905788142623 15
    endloop
  endfacet
  facet normal 0.7501110696304212 0.6613118653236955 0
    outer loop
      vertex 121.64206274515718 8.630905788142623 15
      vertex 121.64206274515718 8.630905788142623 0
      vertex 121.55897351444841 8.725152020502621 15
    endloop
  endfacet
  facet normal 0.8607420270039583 0.5090414157503466 0
    outer loop
      vertex 121.41134414899597 8.928346410042007 15
      vertex 121.41134414899597 8.928346410042007 0
      vertex 121.34738663991227 9.03649265179657 15
    endloop
  endfacet
  facet normal 0.8910065241883572 0.45399049973956757 0
    outer loop
      vertex 121.34738663991227 9.03649265179657 15
      vertex 121.34738663991227 9.03649265179657 0
      vertex 121.29034589506796 9.148441416869854 15
    endloop
  endfacet
  facet normal 0.9177546256839578 0.3971478906348346 0
    outer loop
      vertex 121.29034589506796 9.148441416869854 15
      vertex 121.29034589506796 9.148441416869854 0
      vertex 121.24044702822349 9.263750894630645 15
    endloop
  endfacet
  facet normal 0.9408807689542397 0.33873792024525196 0
    outer loop
      vertex 121.24044702822349 9.263750894630645 15
      vertex 121.24044702822349 9.263750894630645 0
      vertex 121.19788696740969 9.381966011250105 15
    endloop
  endfacet
  facet normal 0.7901550123756849 0.6129070536529837 0
    outer loop
      vertex 121.55897351444841 8.725152020502621 15
      vertex 121.55897351444841 8.725152020502621 0
      vertex 121.4819660112501 8.824429495415053 15
    endloop
  endfacet
  facet normal 0.8270805742745883 0.5620833778520917 0
    outer loop
      vertex 121.41134414899597 8.928346410042007 15
      vertex 121.4819660112501 8.824429495415053 15
      vertex 121.4819660112501 8.824429495415053 0
    endloop
  endfacet
  facet normal 0.9602936856769281 0.27899110603928085 0
    outer loop
      vertex 121.19788696740969 9.381966011250105 15
      vertex 121.19788696740969 9.381966011250105 0
      vertex 121.16283367774273 9.50262022567029 15
    endloop
  endfacet
  facet normal 0.9759167619387588 0.21814324139649133 0
    outer loop
      vertex 121.16283367774273 9.50262022567029 15
      vertex 121.16283367774273 9.50262022567029 0
      vertex 121.13542549854262 9.62523737082855 15
    endloop
  endfacet
  facet normal 0.9876883405951389 0.1564344650402236 0
    outer loop
      vertex 121.13542549854262 9.62523737082855 15
      vertex 121.13542549854262 9.62523737082855 0
      vertex 121.11577059737104 9.749333532871391 15
    endloop
  endfacet
  facet normal 0.9955619646030792 0.09410831331852244 0
    outer loop
      vertex 121.11577059737104 9.749333532871391 15
      vertex 121.11577059737104 9.749333532871391 0
      vertex 121.10394654314345 9.874418960941373 15
    endloop
  endfacet
  facet normal 0.9995065603657317 0.03141075907812477 0
    outer loop
      vertex 121.10394654314345 9.874418960941373 15
      vertex 121.10394654314345 9.874418960941373 0
      vertex 121.1 10 15
    endloop
  endfacet
  facet normal 0.27899110603922866 0.9602936856769432 0
    outer loop
      vertex 122.4819660112501 8.097886967409693 15
      vertex 122.60262022567028 8.062833677742738 15
      vertex 122.4819660112501 8.097886967409693 0
    endloop
  endfacet
  facet normal 0.21814324139652413 0.9759167619387515 0
    outer loop
      vertex 122.60262022567028 8.062833677742738 15
      vertex 122.72523737082855 8.035425498542622 15
      vertex 122.60262022567028 8.062833677742738 0
    endloop
  endfacet
  facet normal 0.15643446504023453 0.9876883405951371 0
    outer loop
      vertex 122.72523737082855 8.035425498542622 15
      vertex 122.84933353287138 8.015770597371045 15
      vertex 122.72523737082855 8.035425498542622 0
    endloop
  endfacet
  facet normal 0.09410831331852378 0.9955619646030792 0
    outer loop
      vertex 122.84933353287138 8.015770597371045 15
      vertex 122.97441896094136 8.003946543143456 15
      vertex 122.84933353287138 8.015770597371045 0
    endloop
  endfacet
  facet normal 0.03141075907812388 0.9995065603657317 0
    outer loop
      vertex 122.97441896094136 8.003946543143456 15
      vertex 123.1 8 15
      vertex 122.97441896094136 8.003946543143456 0
    endloop
  endfacet
  facet normal -0.03141075907812388 0.9995065603657317 0
    outer loop
      vertex 123.1 8 15
      vertex 123.22558103905862 8.003946543143456 15
      vertex 123.1 8 0
    endloop
  endfacet
  facet normal -0.09410831331852378 0.9955619646030792 0
    outer loop
      vertex 123.22558103905862 8.003946543143456 15
      vertex 123.3506664671286 8.015770597371045 15
      vertex 123.22558103905862 8.003946543143456 0
    endloop
  endfacet
  facet normal -0.15643446504023453 0.9876883405951371 0
    outer loop
      vertex 123.3506664671286 8.015770597371045 15
      vertex 123.47476262917144 8.035425498542622 15
      vertex 123.3506664671286 8.015770597371045 0
    endloop
  endfacet
  facet normal -0.21814324139652413 0.9759167619387515 0
    outer loop
      vertex 123.47476262917144 8.035425498542622 15
      vertex 123.59737977432971 8.062833677742738 15
      vertex 123.47476262917144 8.035425498542622 0
    endloop
  endfacet
  facet normal -0.27899110603922866 0.9602936856769432 0
    outer loop
      vertex 123.59737977432971 8.062833677742738 15
      vertex 123.7180339887499 8.097886967409693 15
      vertex 123.59737977432971 8.062833677742738 0
    endloop
  endfacet
  facet normal -0.33873792024532007 0.9408807689542151 0
    outer loop
      vertex 123.7180339887499 8.097886967409693 15
      vertex 123.83624910536935 8.140447028223498 15
      vertex 123.7180339887499 8.097886967409693 0
    endloop
  endfacet
  facet normal -0.3971478906347683 0.9177546256839865 0
    outer loop
      vertex 123.83624910536935 8.140447028223498 15
      vertex 123.95155858313014 8.19034589506796 15
      vertex 123.83624910536935 8.140447028223498 0
    endloop
  endfacet
  facet normal -0.45399049973952776 0.8910065241883776 0
    outer loop
      vertex 123.95155858313014 8.19034589506796 15
      vertex 124.06350734820343 8.247386639912273 15
      vertex 123.95155858313014 8.19034589506796 0
    endloop
  endfacet
  facet normal -0.5090414157503984 0.8607420270039275 0
    outer loop
      vertex 124.06350734820343 8.247386639912273 15
      vertex 124.17165358995798 8.31134414899597 15
      vertex 124.06350734820343 8.247386639912273 0
    endloop
  endfacet
  facet normal -0.5620833778521436 0.8270805742745531 0
    outer loop
      vertex 124.17165358995798 8.31134414899597 15
      vertex 124.27557050458493 8.381966011250105 15
      vertex 124.17165358995798 8.31134414899597 0
    endloop
  endfacet
  facet normal -0.6129070536529494 0.7901550123757114 0
    outer loop
      vertex 124.27557050458493 8.381966011250105 15
      vertex 124.37484797949737 8.458973514448422 15
      vertex 124.27557050458493 8.381966011250105 0
    endloop
  endfacet
  facet normal -0.6613118653236687 0.7501110696304447 0
    outer loop
      vertex 124.37484797949737 8.458973514448422 15
      vertex 124.46909421185737 8.542062745157176 15
      vertex 124.37484797949737 8.458973514448422 0
    endloop
  endfacet
  facet normal -0.7071067811865546 0.7071067811865405 0
    outer loop
      vertex 124.46909421185737 8.542062745157176 15
      vertex 124.55793725484281 8.630905788142623 15
      vertex 124.46909421185737 8.542062745157176 0
    endloop
  endfacet
  facet normal -0.750111069630415 0.6613118653237025 0
    outer loop
      vertex 124.55793725484281 8.630905788142623 15
      vertex 124.64102648555158 8.72515202050262 15
      vertex 124.64102648555158 8.72515202050262 0
    endloop
  endfacet
  facet normal -0.7901550123756901 0.6129070536529768 0
    outer loop
      vertex 124.64102648555158 8.72515202050262 15
      vertex 124.7180339887499 8.824429495415053 15
      vertex 124.7180339887499 8.824429495415053 0
    endloop
  endfacet
  facet normal -0.8270805742745883 0.5620833778520917 0
    outer loop
      vertex 124.7180339887499 8.824429495415053 15
      vertex 124.78865585100402 8.928346410042007 15
      vertex 124.78865585100402 8.928346410042007 0
    endloop
  endfacet
  facet normal -0.8607420270039583 0.5090414157503466 0
    outer loop
      vertex 124.78865585100402 8.928346410042007 15
      vertex 124.85261336008772 9.03649265179657 15
      vertex 124.85261336008772 9.03649265179657 0
    endloop
  endfacet
  facet normal -0.8910065241883572 0.45399049973956757 0
    outer loop
      vertex 124.85261336008772 9.03649265179657 15
      vertex 124.90965410493203 9.148441416869854 15
      vertex 124.90965410493203 9.148441416869854 0
    endloop
  endfacet
  facet normal -0.9177546256839555 0.39714789063483974 0
    outer loop
      vertex 124.90965410493203 9.148441416869854 15
      vertex 124.9595529717765 9.263750894630643 15
      vertex 124.9595529717765 9.263750894630643 0
    endloop
  endfacet
  facet normal -0.9408807689542413 0.33873792024524746 0
    outer loop
      vertex 124.9595529717765 9.263750894630643 15
      vertex 125.0021130325903 9.381966011250105 15
      vertex 125.0021130325903 9.381966011250105 0
    endloop
  endfacet
  facet normal -0.9602936856769292 0.27899110603927707 0
    outer loop
      vertex 125.0021130325903 9.381966011250105 15
      vertex 125.03716632225726 9.502620225670292 15
      vertex 125.03716632225726 9.502620225670292 0
    endloop
  endfacet
  facet normal -0.9759167619387582 0.21814324139649435 0
    outer loop
      vertex 125.03716632225726 9.502620225670292 15
      vertex 125.06457450145737 9.62523737082855 15
      vertex 125.06457450145737 9.62523737082855 0
    endloop
  endfacet
  facet normal -0.9876883405951389 0.1564344650402236 0
    outer loop
      vertex 125.06457450145737 9.62523737082855 15
      vertex 125.08422940262895 9.749333532871391 15
      vertex 125.08422940262895 9.749333532871391 0
    endloop
  endfacet
  facet normal -0.9955619646030792 0.09410831331852244 0
    outer loop
      vertex 125.08422940262895 9.749333532871391 15
      vertex 125.09605345685654 9.874418960941373 15
      vertex 125.09605345685654 9.874418960941373 0
    endloop
  endfacet
  facet normal -0.9995065603657317 0.03141075907812477 0
    outer loop
      vertex 125.09605345685654 9.874418960941373 15
      vertex 125.1 10 15
      vertex 125.1 10 0
    endloop
  endfacet
  facet normal 0.9995065603657317 -0.03141075907812477 0
    outer loop
      vertex 121.10394654314345 10.125581039058627 15
      vertex 121.1 10 0
      vertex 121.10394654314345 10.125581039058627 0
    endloop
  endfacet
  facet normal 0.9955619646030792 -0.09410831331852244 0
    outer loop
      vertex 121.11577059737104 10.250666467128609 15
      vertex 121.10394654314345 10.125581039058627 0
      vertex 121.11577059737104 10.250666467128609 0
    endloop
  endfacet
  facet normal 0.9876883405951389 -0.1564344650402236 0
    outer loop
      vertex 121.13542549854262 10.37476262917145 15
      vertex 121.11577059737104 10.250666467128609 0
      vertex 121.13542549854262 10.37476262917145 0
    endloop
  endfacet
  facet normal 0.9759167619387588 -0.21814324139649133 0
    outer loop
      vertex 121.16283367774273 10.49737977432971 15
      vertex 121.13542549854262 10.37476262917145 0
      vertex 121.16283367774273 10.49737977432971 0
    endloop
  endfacet
  facet normal 0.9602936856769281 -0.27899110603928085 0
    outer loop
      vertex 121.19788696740969 10.618033988749895 15
      vertex 121.16283367774273 10.49737977432971 0
      vertex 121.19788696740969 10.618033988749895 0
    endloop
  endfacet
  facet normal 0.9408807689542397 -0.33873792024525196 0
    outer loop
      vertex 121.24044702822349 10.736249105369355 15
      vertex 121.19788696740969 10.618033988749895 0
      vertex 121.24044702822349 10.736249105369355 0
    endloop
  endfacet
  facet normal 0.9177546256839578 -0.3971478906348346 0
    outer loop
      vertex 121.29034589506796 10.851558583130146 15
      vertex 121.24044702822349 10.736249105369355 0
      vertex 121.29034589506796 10.851558583130146 0
    endloop
  endfacet
  facet normal 0.8910065241883572 -0.45399049973956757 0
    outer loop
      vertex 121.34738663991227 10.96350734820343 15
      vertex 121.29034589506796 10.851558583130146 0
      vertex 121.34738663991227 10.96350734820343 0
    endloop
  endfacet
  facet normal 0.8607420270039583 -0.5090414157503466 0
    outer loop
      vertex 121.41134414899597 11.071653589957993 15
      vertex 121.34738663991227 10.96350734820343 0
      vertex 121.41134414899597 11.071653589957993 0
    endloop
  endfacet
  facet normal 0.8270805742745883 -0.5620833778520917 0
    outer loop
      vertex 121.4819660112501 11.175570504584947 15
      vertex 121.41134414899597 11.071653589957993 0
      vertex 121.4819660112501 11.175570504584947 0
    endloop
  endfacet
  facet normal 0.7901550123756849 -0.6129070536529837 0
    outer loop
      vertex 121.55897351444841 11.274847979497379 15
      vertex 121.4819660112501 11.175570504584947 0
      vertex 121.55897351444841 11.274847979497379 0
    endloop
  endfacet
  facet normal 0.7501110696304212 -0.6613118653236955 0
    outer loop
      vertex 121.64206274515718 11.369094211857377 15
      vertex 121.55897351444841 11.274847979497379 0
      vertex 121.64206274515718 11.369094211857377 0
    endloop
  endfacet
  facet normal 0.7071067811865546 -0.7071067811865405 0
    outer loop
      vertex 121.64206274515718 11.369094211857377 15
      vertex 121.64206274515718 11.369094211857377 0
      vertex 121.73090578814262 11.457937254842824 0
    endloop
  endfacet
  facet normal 0.6613118653236687 -0.7501110696304447 0
    outer loop
      vertex 121.73090578814262 11.457937254842824 15
      vertex 121.73090578814262 11.457937254842824 0
      vertex 121.82515202050261 11.541026485551578 0
    endloop
  endfacet
  facet normal 0.6129070536529494 -0.7901550123757114 0
    outer loop
      vertex 121.82515202050261 11.541026485551578 15
      vertex 121.82515202050261 11.541026485551578 0
      vertex 121.92442949541505 11.618033988749895 0
    endloop
  endfacet
  facet normal 0.5620833778521436 -0.8270805742745531 0
    outer loop
      vertex 121.92442949541505 11.618033988749895 15
      vertex 121.92442949541505 11.618033988749895 0
      vertex 122.028346410042 11.68865585100403 0
    endloop
  endfacet
  facet normal 0.5090414157503984 -0.8607420270039275 0
    outer loop
      vertex 122.028346410042 11.68865585100403 15
      vertex 122.028346410042 11.68865585100403 0
      vertex 122.13649265179656 11.752613360087727 0
    endloop
  endfacet
  facet normal 0.45399049973951655 -0.8910065241883833 0
    outer loop
      vertex 122.13649265179656 11.752613360087727 15
      vertex 122.13649265179656 11.752613360087727 0
      vertex 122.24844141686985 11.809654104932038 0
    endloop
  endfacet
  facet normal 0.3971478906347921 -0.9177546256839761 0
    outer loop
      vertex 122.24844141686985 11.809654104932038 15
      vertex 122.24844141686985 11.809654104932038 0
      vertex 122.36375089463064 11.859552971776504 0
    endloop
  endfacet
  facet normal 0.3387379202453075 -0.9408807689542197 0
    outer loop
      vertex 122.36375089463064 11.859552971776504 15
      vertex 122.36375089463064 11.859552971776504 0
      vertex 122.4819660112501 11.902113032590307 0
    endloop
  endfacet
  facet normal -0.9995065603657317 -0.03141075907812477 0
    outer loop
      vertex 125.1 10 15
      vertex 125.09605345685654 10.125581039058627 0
      vertex 125.1 10 0
    endloop
  endfacet
  facet normal -0.9955619646030792 -0.09410831331852244 0
    outer loop
      vertex 125.09605345685654 10.125581039058627 15
      vertex 125.08422940262895 10.250666467128609 0
      vertex 125.09605345685654 10.125581039058627 0
    endloop
  endfacet
  facet normal -0.9876883405951389 -0.1564344650402236 0
    outer loop
      vertex 125.08422940262895 10.250666467128609 15
      vertex 125.06457450145737 10.37476262917145 0
      vertex 125.08422940262895 10.250666467128609 0
    endloop
  endfacet
  facet normal -0.9759167619387588 -0.21814324139649133 0
    outer loop
      vertex 125.06457450145737 10.37476262917145 15
      vertex 125.03716632225726 10.49737977432971 0
      vertex 125.06457450145737 10.37476262917145 0
    endloop
  endfacet
  facet normal -0.9602936856769281 -0.27899110603928085 0
    outer loop
      vertex 125.03716632225726 10.49737977432971 15
      vertex 125.0021130325903 10.618033988749895 0
      vertex 125.03716632225726 10.49737977432971 0
    endloop
  endfacet
  facet normal -0.9408807689542413 -0.33873792024524746 0
    outer loop
      vertex 125.0021130325903 10.618033988749895 15
      vertex 124.9595529717765 10.736249105369357 0
      vertex 125.0021130325903 10.618033988749895 0
    endloop
  endfacet
  facet normal -0.9177546256839555 -0.39714789063483974 0
    outer loop
      vertex 124.9595529717765 10.736249105369357 15
      vertex 124.90965410493203 10.851558583130146 0
      vertex 124.9595529717765 10.736249105369357 0
    endloop
  endfacet
  facet normal -0.8910065241883572 -0.45399049973956757 0
    outer loop
      vertex 124.90965410493203 10.851558583130146 15
      vertex 124.85261336008772 10.96350734820343 0
      vertex 124.90965410493203 10.851558583130146 0
    endloop
  endfacet
  facet normal -0.8607420270039583 -0.5090414157503466 0
    outer loop
      vertex 124.85261336008772 10.96350734820343 15
      vertex 124.78865585100402 11.071653589957993 0
      vertex 124.85261336008772 10.96350734820343 0
    endloop
  endfacet
  facet normal -0.7901550123756901 -0.6129070536529768 0
    outer loop
      vertex 124.7180339887499 11.175570504584947 15
      vertex 124.64102648555158 11.27484797949738 0
      vertex 124.7180339887499 11.175570504584947 0
    endloop
  endfacet
  facet normal -0.8270805742745883 -0.5620833778520917 0
    outer loop
      vertex 124.78865585100402 11.071653589957993 15
      vertex 124.7180339887499 11.175570504584947 0
      vertex 124.78865585100402 11.071653589957993 0
    endloop
  endfacet
  facet normal -0.6613118653236687 -0.7501110696304447 0
    outer loop
      vertex 124.37484797949737 11.541026485551578 15
      vertex 124.37484797949737 11.541026485551578 0
      vertex 124.46909421185737 11.457937254842824 0
    endloop
  endfacet
  facet normal -0.3971478906347921 -0.9177546256839761 0
    outer loop
      vertex 123.83624910536935 11.859552971776504 15
      vertex 123.83624910536935 11.859552971776504 0
      vertex 123.95155858313014 11.809654104932038 0
    endloop
  endfacet
  facet normal -0.5620833778521436 -0.8270805742745531 0
    outer loop
      vertex 124.17165358995798 11.68865585100403 15
      vertex 124.17165358995798 11.68865585100403 0
      vertex 124.27557050458493 11.618033988749895 0
    endloop
  endfacet
  facet normal -0.6129070536529494 -0.7901550123757114 0
    outer loop
      vertex 124.27557050458493 11.618033988749895 15
      vertex 124.27557050458493 11.618033988749895 0
      vertex 124.37484797949737 11.541026485551578 0
    endloop
  endfacet
  facet normal -0.45399049973951655 -0.8910065241883833 0
    outer loop
      vertex 123.95155858313014 11.809654104932038 15
      vertex 123.95155858313014 11.809654104932038 0
      vertex 124.06350734820343 11.752613360087727 0
    endloop
  endfacet
  facet normal -0.5090414157503984 -0.8607420270039275 0
    outer loop
      vertex 124.06350734820343 11.752613360087727 15
      vertex 124.06350734820343 11.752613360087727 0
      vertex 124.17165358995798 11.68865585100403 0
    endloop
  endfacet
  facet normal 0.27899110603922866 -0.9602936856769432 0
    outer loop
      vertex 122.4819660112501 11.902113032590307 15
      vertex 122.4819660112501 11.902113032590307 0
      vertex 122.60262022567028 11.937166322257262 0
    endloop
  endfacet
  facet normal 0.21814324139652413 -0.9759167619387515 0
    outer loop
      vertex 122.60262022567028 11.937166322257262 15
      vertex 122.60262022567028 11.937166322257262 0
      vertex 122.72523737082855 11.964574501457378 0
    endloop
  endfacet
  facet normal 0.15643446504023453 -0.9876883405951371 0
    outer loop
      vertex 122.72523737082855 11.964574501457378 15
      vertex 122.72523737082855 11.964574501457378 0
      vertex 122.84933353287138 11.984229402628955 0
    endloop
  endfacet
  facet normal 0.09410831331852378 -0.9955619646030792 0
    outer loop
      vertex 122.84933353287138 11.984229402628955 15
      vertex 122.84933353287138 11.984229402628955 0
      vertex 122.97441896094136 11.996053456856544 0
    endloop
  endfacet
  facet normal 0.03141075907812388 -0.9995065603657317 0
    outer loop
      vertex 122.97441896094136 11.996053456856544 15
      vertex 122.97441896094136 11.996053456856544 0
      vertex 123.1 12 0
    endloop
  endfacet
  facet normal -0.03141075907812388 -0.9995065603657317 0
    outer loop
      vertex 123.1 12 15
      vertex 123.1 12 0
      vertex 123.22558103905862 11.996053456856544 0
    endloop
  endfacet
  facet normal -0.09410831331852378 -0.9955619646030792 0
    outer loop
      vertex 123.22558103905862 11.996053456856544 15
      vertex 123.22558103905862 11.996053456856544 0
      vertex 123.3506664671286 11.984229402628955 0
    endloop
  endfacet
  facet normal -0.15643446504023453 -0.9876883405951371 0
    outer loop
      vertex 123.3506664671286 11.984229402628955 15
      vertex 123.3506664671286 11.984229402628955 0
      vertex 123.47476262917144 11.964574501457378 0
    endloop
  endfacet
  facet normal -0.27899110603922866 -0.9602936856769432 0
    outer loop
      vertex 123.59737977432971 11.937166322257262 15
      vertex 123.59737977432971 11.937166322257262 0
      vertex 123.7180339887499 11.902113032590307 0
    endloop
  endfacet
  facet normal -0.21814324139652413 -0.9759167619387515 0
    outer loop
      vertex 123.47476262917144 11.964574501457378 15
      vertex 123.47476262917144 11.964574501457378 0
      vertex 123.59737977432971 11.937166322257262 0
    endloop
  endfacet
  facet normal -0.3387379202453075 -0.9408807689542197 0
    outer loop
      vertex 123.7180339887499 11.902113032590307 15
      vertex 123.7180339887499 11.902113032590307 0
      vertex 123.83624910536935 11.859552971776504 0
    endloop
  endfacet
  facet normal -0.750111069630415 -0.6613118653237025 0
    outer loop
      vertex 124.64102648555158 11.27484797949738 15
      vertex 124.55793725484281 11.369094211857377 0
      vertex 124.64102648555158 11.27484797949738 0
    endloop
  endfacet
  facet normal -0.7071067811865546 -0.7071067811865405 0
    outer loop
      vertex 124.46909421185737 11.457937254842824 15
      vertex 124.46909421185737 11.457937254842824 0
      vertex 124.55793725484281 11.369094211857377 0
    endloop
  endfacet
  facet normal 0.9995065603657317 -0.03141075907812477 0
    outer loop
      vertex 121.1 10 15
      vertex 121.1 10 0
      vertex 121.10394654314345 10.125581039058627 15
    endloop
  endfacet
  facet normal 0.9955619646030792 -0.09410831331852244 0
    outer loop
      vertex 121.10394654314345 10.125581039058627 15
      vertex 121.10394654314345 10.125581039058627 0
      vertex 121.11577059737104 10.250666467128609 15
    endloop
  endfacet
  facet normal 0.9876883405951389 -0.1564344650402236 0
    outer loop
      vertex 121.11577059737104 10.250666467128609 15
      vertex 121.11577059737104 10.250666467128609 0
      vertex 121.13542549854262 10.37476262917145 15
    endloop
  endfacet
  facet normal 0.9759167619387588 -0.21814324139649133 0
    outer loop
      vertex 121.13542549854262 10.37476262917145 15
      vertex 121.13542549854262 10.37476262917145 0
      vertex 121.16283367774273 10.49737977432971 15
    endloop
  endfacet
  facet normal 0.9602936856769281 -0.27899110603928085 0
    outer loop
      vertex 121.16283367774273 10.49737977432971 15
      vertex 121.16283367774273 10.49737977432971 0
      vertex 121.19788696740969 10.618033988749895 15
    endloop
  endfacet
  facet normal 0.9408807689542397 -0.33873792024525196 0
    outer loop
      vertex 121.19788696740969 10.618033988749895 15
      vertex 121.19788696740969 10.618033988749895 0
      vertex 121.24044702822349 10.736249105369355 15
    endloop
  endfacet
  facet normal 0.9177546256839578 -0.3971478906348346 0
    outer loop
      vertex 121.24044702822349 10.736249105369355 15
      vertex 121.24044702822349 10.736249105369355 0
      vertex 121.29034589506796 10.851558583130146 15
    endloop
  endfacet
  facet normal 0.8910065241883572 -0.45399049973956757 0
    outer loop
      vertex 121.29034589506796 10.851558583130146 15
      vertex 121.29034589506796 10.851558583130146 0
      vertex 121.34738663991227 10.96350734820343 15
    endloop
  endfacet
  facet normal 0.8607420270039583 -0.5090414157503466 0
    outer loop
      vertex 121.34738663991227 10.96350734820343 15
      vertex 121.34738663991227 10.96350734820343 0
      vertex 121.41134414899597 11.071653589957993 15
    endloop
  endfacet
  facet normal 0.8270805742745883 -0.5620833778520917 0
    outer loop
      vertex 121.41134414899597 11.071653589957993 15
      vertex 121.41134414899597 11.071653589957993 0
      vertex 121.4819660112501 11.175570504584947 15
    endloop
  endfacet
  facet normal 0.7901550123756849 -0.6129070536529837 0
    outer loop
      vertex 121.4819660112501 11.175570504584947 15
      vertex 121.4819660112501 11.175570504584947 0
      vertex 121.55897351444841 11.274847979497379 15
    endloop
  endfacet
  facet normal 0.7501110696304212 -0.6613118653236955 0
    outer loop
      vertex 121.55897351444841 11.274847979497379 15
      vertex 121.55897351444841 11.274847979497379 0
      vertex 121.64206274515718 11.369094211857377 15
    endloop
  endfacet
  facet normal 0.7071067811865546 -0.7071067811865405 0
    outer loop
      vertex 121.64206274515718 11.369094211857377 15
      vertex 121.73090578814262 11.457937254842824 0
      vertex 121.73090578814262 11.457937254842824 15
    endloop
  endfacet
  facet normal 0.6613118653236687 -0.7501110696304447 0
    outer loop
      vertex 121.73090578814262 11.457937254842824 15
      vertex 121.82515202050261 11.541026485551578 0
      vertex 121.82515202050261 11.541026485551578 15
    endloop
  endfacet
  facet normal 0.6129070536529494 -0.7901550123757114 0
    outer loop
      vertex 121.82515202050261 11.541026485551578 15
      vertex 121.92442949541505 11.618033988749895 0
      vertex 121.92442949541505 11.618033988749895 15
    endloop
  endfacet
  facet normal 0.5620833778521436 -0.8270805742745531 0
    outer loop
      vertex 121.92442949541505 11.618033988749895 15
      vertex 122.028346410042 11.68865585100403 0
      vertex 122.028346410042 11.68865585100403 15
    endloop
  endfacet
  facet normal 0.5090414157503984 -0.8607420270039275 0
    outer loop
      vertex 122.028346410042 11.68865585100403 15
      vertex 122.13649265179656 11.752613360087727 0
      vertex 122.13649265179656 11.752613360087727 15
    endloop
  endfacet
  facet normal 0.45399049973951655 -0.8910065241883833 0
    outer loop
      vertex 122.13649265179656 11.752613360087727 15
      vertex 122.24844141686985 11.809654104932038 0
      vertex 122.24844141686985 11.809654104932038 15
    endloop
  endfacet
  facet normal 0.3971478906347921 -0.9177546256839761 0
    outer loop
      vertex 122.24844141686985 11.809654104932038 15
      vertex 122.36375089463064 11.859552971776504 0
      vertex 122.36375089463064 11.859552971776504 15
    endloop
  endfacet
  facet normal -0.9995065603657317 -0.03141075907812477 0
    outer loop
      vertex 125.1 10 15
      vertex 125.09605345685654 10.125581039058627 15
      vertex 125.09605345685654 10.125581039058627 0
    endloop
  endfacet
  facet normal -0.9955619646030792 -0.09410831331852244 0
    outer loop
      vertex 125.09605345685654 10.125581039058627 15
      vertex 125.08422940262895 10.250666467128609 15
      vertex 125.08422940262895 10.250666467128609 0
    endloop
  endfacet
  facet normal -0.9876883405951389 -0.1564344650402236 0
    outer loop
      vertex 125.08422940262895 10.250666467128609 15
      vertex 125.06457450145737 10.37476262917145 15
      vertex 125.06457450145737 10.37476262917145 0
    endloop
  endfacet
  facet normal -0.9759167619387588 -0.21814324139649133 0
    outer loop
      vertex 125.06457450145737 10.37476262917145 15
      vertex 125.03716632225726 10.49737977432971 15
      vertex 125.03716632225726 10.49737977432971 0
    endloop
  endfacet
  facet normal -0.9602936856769281 -0.27899110603928085 0
    outer loop
      vertex 125.03716632225726 10.49737977432971 15
      vertex 125.0021130325903 10.618033988749895 15
      vertex 125.0021130325903 10.618033988749895 0
    endloop
  endfacet
  facet normal -0.9408807689542413 -0.33873792024524746 0
    outer loop
      vertex 125.0021130325903 10.618033988749895 15
      vertex 124.9595529717765 10.736249105369357 15
      vertex 124.9595529717765 10.736249105369357 0
    endloop
  endfacet
  facet normal -0.9177546256839555 -0.39714789063483974 0
    outer loop
      vertex 124.9595529717765 10.736249105369357 15
      vertex 124.90965410493203 10.851558583130146 15
      vertex 124.90965410493203 10.851558583130146 0
    endloop
  endfacet
  facet normal -0.8910065241883572 -0.45399049973956757 0
    outer loop
      vertex 124.90965410493203 10.851558583130146 15
      vertex 124.85261336008772 10.96350734820343 15
      vertex 124.85261336008772 10.96350734820343 0
    endloop
  endfacet
  facet normal -0.8607420270039583 -0.5090414157503466 0
    outer loop
      vertex 124.85261336008772 10.96350734820343 15
      vertex 124.78865585100402 11.071653589957993 15
      vertex 124.78865585100402 11.071653589957993 0
    endloop
  endfacet
  facet normal -0.7901550123756901 -0.6129070536529768 0
    outer loop
      vertex 124.7180339887499 11.175570504584947 15
      vertex 124.64102648555158 11.27484797949738 15
      vertex 124.64102648555158 11.27484797949738 0
    endloop
  endfacet
  facet normal -0.8270805742745883 -0.5620833778520917 0
    outer loop
      vertex 124.78865585100402 11.071653589957993 15
      vertex 124.7180339887499 11.175570504584947 15
      vertex 124.7180339887499 11.175570504584947 0
    endloop
  endfacet
  facet normal -0.6613118653236687 -0.7501110696304447 0
    outer loop
      vertex 124.46909421185737 11.457937254842824 15
      vertex 124.37484797949737 11.541026485551578 15
      vertex 124.46909421185737 11.457937254842824 0
    endloop
  endfacet
  facet normal -0.3387379202453075 -0.9408807689542197 0
    outer loop
      vertex 123.83624910536935 11.859552971776504 15
      vertex 123.7180339887499 11.902113032590307 15
      vertex 123.83624910536935 11.859552971776504 0
    endloop
  endfacet
  facet normal -0.3971478906347921 -0.9177546256839761 0
    outer loop
      vertex 123.83624910536935 11.859552971776504 15
      vertex 123.95155858313014 11.809654104932038 0
      vertex 123.95155858313014 11.809654104932038 15
    endloop
  endfacet
  facet normal -0.5090414157503984 -0.8607420270039275 0
    outer loop
      vertex 124.17165358995798 11.68865585100403 15
      vertex 124.06350734820343 11.752613360087727 15
      vertex 124.17165358995798 11.68865585100403 0
    endloop
  endfacet
  facet normal -0.6129070536529494 -0.7901550123757114 0
    outer loop
      vertex 124.37484797949737 11.541026485551578 15
      vertex 124.27557050458493 11.618033988749895 15
      vertex 124.37484797949737 11.541026485551578 0
    endloop
  endfacet
  facet normal -0.5620833778521436 -0.8270805742745531 0
    outer loop
      vertex 124.17165358995798 11.68865585100403 15
      vertex 124.27557050458493 11.618033988749895 0
      vertex 124.27557050458493 11.618033988749895 15
    endloop
  endfacet
  facet normal -0.45399049973951655 -0.8910065241883833 0
    outer loop
      vertex 123.95155858313014 11.809654104932038 15
      vertex 124.06350734820343 11.752613360087727 0
      vertex 124.06350734820343 11.752613360087727 15
    endloop
  endfacet
  facet normal 0.3387379202453075 -0.9408807689542197 0
    outer loop
      vertex 122.36375089463064 11.859552971776504 15
      vertex 122.4819660112501 11.902113032590307 0
      vertex 122.4819660112501 11.902113032590307 15
    endloop
  endfacet
  facet normal 0.27899110603922866 -0.9602936856769432 0
    outer loop
      vertex 122.4819660112501 11.902113032590307 15
      vertex 122.60262022567028 11.937166322257262 0
      vertex 122.60262022567028 11.937166322257262 15
    endloop
  endfacet
  facet normal 0.21814324139652413 -0.9759167619387515 0
    outer loop
      vertex 122.60262022567028 11.937166322257262 15
      vertex 122.72523737082855 11.964574501457378 0
      vertex 122.72523737082855 11.964574501457378 15
    endloop
  endfacet
  facet normal 0.15643446504023453 -0.9876883405951371 0
    outer loop
      vertex 122.72523737082855 11.964574501457378 15
      vertex 122.84933353287138 11.984229402628955 0
      vertex 122.84933353287138 11.984229402628955 15
    endloop
  endfacet
  facet normal 0.09410831331852378 -0.9955619646030792 0
    outer loop
      vertex 122.84933353287138 11.984229402628955 15
      vertex 122.97441896094136 11.996053456856544 0
      vertex 122.97441896094136 11.996053456856544 15
    endloop
  endfacet
  facet normal 0.03141075907812388 -0.9995065603657317 0
    outer loop
      vertex 122.97441896094136 11.996053456856544 15
      vertex 123.1 12 0
      vertex 123.1 12 15
    endloop
  endfacet
  facet normal -0.03141075907812388 -0.9995065603657317 0
    outer loop
      vertex 123.1 12 15
      vertex 123.22558103905862 11.996053456856544 0
      vertex 123.22558103905862 11.996053456856544 15
    endloop
  endfacet
  facet normal -0.09410831331852378 -0.9955619646030792 0
    outer loop
      vertex 123.22558103905862 11.996053456856544 15
      vertex 123.3506664671286 11.984229402628955 0
      vertex 123.3506664671286 11.984229402628955 15
    endloop
  endfacet
  facet normal -0.15643446504023453 -0.9876883405951371 0
    outer loop
      vertex 123.3506664671286 11.984229402628955 15
      vertex 123.47476262917144 11.964574501457378 0
      vertex 123.47476262917144 11.964574501457378 15
    endloop
  endfacet
  facet normal -0.21814324139652413 -0.9759167619387515 0
    outer loop
      vertex 123.59737977432971 11.937166322257262 15
      vertex 123.47476262917144 11.964574501457378 15
      vertex 123.59737977432971 11.937166322257262 0
    endloop
  endfacet
  facet normal -0.27899110603922866 -0.9602936856769432 0
    outer loop
      vertex 123.59737977432971 11.937166322257262 15
      vertex 123.7180339887499 11.902113032590307 0
      vertex 123.7180339887499 11.902113032590307 15
    endloop
  endfacet
  facet normal -0.750111069630415 -0.6613118653237025 0
    outer loop
      vertex 124.64102648555158 11.27484797949738 15
      vertex 124.55793725484281 11.369094211857377 15
      vertex 124.55793725484281 11.369094211857377 0
    endloop
  endfacet
  facet normal -0.7071067811865546 -0.7071067811865405 0
    outer loop
      vertex 124.46909421185737 11.457937254842824 15
      vertex 124.55793725484281 11.369094211857377 0
      vertex 124.55793725484281 11.369094211857377 15
    endloop
  endfacet
  facet normal 0.7901550123757003 0.6129070536529635 0
    outer loop
      vertex 26.505572809000082 17.359543596332045 3.3
      vertex 26.505572809000082 17.359543596332045 40
      vertex 26.567178811558733 17.2801216164021 3.3
    endloop
  endfacet
  facet normal 0.8270805742745474 0.5620833778521517 0
    outer loop
      vertex 26.505572809000082 17.359543596332045 3.3
      vertex 26.449075319196773 17.442677128033605 3.3
      vertex 26.449075319196773 17.442677128033605 40
    endloop
  endfacet
  facet normal 0.3971478906347965 0.9177546256839743 0
    outer loop
      vertex 27.118753133495883 16.85227671605437 3.3
      vertex 27.118753133495883 16.85227671605437 40
      vertex 27.21100071570451 16.812357622578798 3.3
    endloop
  endfacet
  facet normal 0.33873792024529076 0.9408807689542256 0
    outer loop
      vertex 27.21100071570451 16.812357622578798 3.3
      vertex 27.21100071570451 16.812357622578798 40
      vertex 27.305572809000083 16.778309573927753 3.3
    endloop
  endfacet
  facet normal 0.2789911060392175 0.9602936856769464 0
    outer loop
      vertex 27.40209618053623 16.75026694219419 3.3
      vertex 27.305572809000083 16.778309573927753 3.3
      vertex 27.305572809000083 16.778309573927753 40
    endloop
  endfacet
  facet normal 0.21814324139653693 0.9759167619387487 0
    outer loop
      vertex 27.40209618053623 16.75026694219419 3.3
      vertex 27.40209618053623 16.75026694219419 40
      vertex 27.50018989666284 16.7283403988341 3.3
    endloop
  endfacet
  facet normal 0.1564344650402258 0.9876883405951385 0
    outer loop
      vertex 27.50018989666284 16.7283403988341 3.3
      vertex 27.50018989666284 16.7283403988341 40
      vertex 27.59946682629711 16.712616477896837 3.3
    endloop
  endfacet
  facet normal 0.09410831331853078 0.9955619646030784 0
    outer loop
      vertex 27.59946682629711 16.712616477896837 3.3
      vertex 27.59946682629711 16.712616477896837 40
      vertex 27.699535168753094 16.703157234514766 3.3
    endloop
  endfacet
  facet normal 0.03141075907813844 0.9995065603657312 0
    outer loop
      vertex 27.699535168753094 16.703157234514766 3.3
      vertex 27.699535168753094 16.703157234514766 40
      vertex 27.799999999999997 16.7 3.3
    endloop
  endfacet
  facet normal -0.03141075907813844 0.9995065603657312 0
    outer loop
      vertex 27.799999999999997 16.7 3.3
      vertex 27.799999999999997 16.7 40
      vertex 27.9004648312469 16.703157234514766 3.3
    endloop
  endfacet
  facet normal -0.09410831331853078 0.9955619646030784 0
    outer loop
      vertex 27.9004648312469 16.703157234514766 3.3
      vertex 27.9004648312469 16.703157234514766 40
      vertex 28.000533173702884 16.712616477896837 3.3
    endloop
  endfacet
  facet normal -0.1564344650402258 0.9876883405951385 0
    outer loop
      vertex 28.000533173702884 16.712616477896837 3.3
      vertex 28.000533173702884 16.712616477896837 40
      vertex 28.099810103337155 16.7283403988341 3.3
    endloop
  endfacet
  facet normal -0.21814324139653693 0.9759167619387487 0
    outer loop
      vertex 28.099810103337155 16.7283403988341 3.3
      vertex 28.099810103337155 16.7283403988341 40
      vertex 28.197903819463765 16.75026694219419 3.3
    endloop
  endfacet
  facet normal -0.2789911060392175 0.9602936856769464 0
    outer loop
      vertex 28.197903819463765 16.75026694219419 3.3
      vertex 28.197903819463765 16.75026694219419 40
      vertex 28.29442719099991 16.778309573927753 3.3
    endloop
  endfacet
  facet normal -0.33873792024529076 0.9408807689542256 0
    outer loop
      vertex 28.29442719099991 16.778309573927753 3.3
      vertex 28.29442719099991 16.778309573927753 40
      vertex 28.388999284295483 16.812357622578798 3.3
    endloop
  endfacet
  facet normal -0.3971478906347965 0.9177546256839743 0
    outer loop
      vertex 28.388999284295483 16.812357622578798 3.3
      vertex 28.388999284295483 16.812357622578798 40
      vertex 28.48124686650411 16.85227671605437 3.3
    endloop
  endfacet
  facet normal -0.453990499739545 0.8910065241883688 0
    outer loop
      vertex 28.48124686650411 16.85227671605437 3.3
      vertex 28.48124686650411 16.85227671605437 40
      vertex 28.57080587856274 16.89790931192982 3.3
    endloop
  endfacet
  facet normal 0.5090414157503581 0.8607420270039514 0
    outer loop
      vertex 27.029194121437254 16.89790931192982 3.3
      vertex 26.9426771280336 16.949075319196776 3.3
      vertex 26.9426771280336 16.949075319196776 40
    endloop
  endfacet
  facet normal 0.5620833778521352 0.8270805742745586 0
    outer loop
      vertex 26.9426771280336 16.949075319196776 3.3
      vertex 26.85954359633204 17.005572809000085 3.3
      vertex 26.85954359633204 17.005572809000085 40
    endloop
  endfacet
  facet normal 0.6613118653236596 0.7501110696304526 0
    outer loop
      vertex 26.780121616402095 17.067178811558737 3.3
      vertex 26.704724630514097 17.133650196125743 3.3
      vertex 26.704724630514097 17.133650196125743 40
    endloop
  endfacet
  facet normal 0.7071067811865476 0.7071067811865476 0
    outer loop
      vertex 26.704724630514097 17.133650196125743 3.3
      vertex 26.63365019612574 17.2047246305141 3.3
      vertex 26.63365019612574 17.2047246305141 40
    endloop
  endfacet
  facet normal 0.6129070536529807 0.7901550123756872 0
    outer loop
      vertex 26.85954359633204 17.005572809000085 3.3
      vertex 26.780121616402095 17.067178811558737 3.3
      vertex 26.780121616402095 17.067178811558737 40
    endloop
  endfacet
  facet normal 0.453990499739545 0.8910065241883688 0
    outer loop
      vertex 27.118753133495883 16.85227671605437 3.3
      vertex 27.029194121437254 16.89790931192982 3.3
      vertex 27.029194121437254 16.89790931192982 40
    endloop
  endfacet
  facet normal 0.7501110696304526 0.6613118653236596 0
    outer loop
      vertex 26.63365019612574 17.2047246305141 3.3
      vertex 26.567178811558733 17.2801216164021 3.3
      vertex 26.567178811558733 17.2801216164021 40
    endloop
  endfacet
  facet normal -0.5090414157503736 0.8607420270039422 0
    outer loop
      vertex 28.57080587856274 16.89790931192982 3.3
      vertex 28.57080587856274 16.89790931192982 40
      vertex 28.65732287196639 16.949075319196776 3.3
    endloop
  endfacet
  facet normal -0.5620833778521189 0.8270805742745698 0
    outer loop
      vertex 28.65732287196639 16.949075319196776 3.3
      vertex 28.65732287196639 16.949075319196776 40
      vertex 28.740456403667956 17.005572809000085 3.3
    endloop
  endfacet
  facet normal -0.6129070536529635 0.7901550123757003 0
    outer loop
      vertex 28.740456403667956 17.005572809000085 3.3
      vertex 28.740456403667956 17.005572809000085 40
      vertex 28.819878383597903 17.067178811558737 3.3
    endloop
  endfacet
  facet normal -0.6613118653236771 0.7501110696304373 0
    outer loop
      vertex 28.819878383597903 17.067178811558737 3.3
      vertex 28.819878383597903 17.067178811558737 40
      vertex 28.895275369485898 17.133650196125743 3.3
    endloop
  endfacet
  facet normal -0.7071067811865476 0.7071067811865476 0
    outer loop
      vertex 28.895275369485898 17.133650196125743 3.3
      vertex 28.895275369485898 17.133650196125743 40
      vertex 28.966349803874255 17.2047246305141 3.3
    endloop
  endfacet
  facet normal -0.7501110696304526 0.6613118653236596 0
    outer loop
      vertex 28.966349803874255 17.2047246305141 3.3
      vertex 28.966349803874255 17.2047246305141 40
      vertex 29.03282118844126 17.2801216164021 3.3
    endloop
  endfacet
  facet normal -0.7901550123757003 0.6129070536529635 0
    outer loop
      vertex 29.03282118844126 17.2801216164021 3.3
      vertex 29.03282118844126 17.2801216164021 40
      vertex 29.094427190999912 17.359543596332045 3.3
    endloop
  endfacet
  facet normal -0.8270805742745586 0.5620833778521352 0
    outer loop
      vertex 29.094427190999912 17.359543596332045 3.3
      vertex 29.094427190999912 17.359543596332045 40
      vertex 29.15092468080322 17.44267712803361 3.3
    endloop
  endfacet
  facet normal -0.8607420270039422 0.5090414157503736 0
    outer loop
      vertex 29.15092468080322 17.44267712803361 3.3
      vertex 29.15092468080322 17.44267712803361 40
      vertex 29.20209068807018 17.529194121437257 3.3
    endloop
  endfacet
  facet normal 0.8607420270039514 0.5090414157503581 0
    outer loop
      vertex 26.449075319196773 17.442677128033605 3.3
      vertex 26.397909311929816 17.529194121437257 3.3
      vertex 26.397909311929816 17.529194121437257 40
    endloop
  endfacet
  facet normal 0.8910065241883688 0.453990499739545 0
    outer loop
      vertex 26.397909311929816 17.529194121437257 3.3
      vertex 26.352276716054366 17.618753133495886 3.3
      vertex 26.352276716054366 17.618753133495886 40
    endloop
  endfacet
  facet normal 0.9177546256839743 0.3971478906347965 0
    outer loop
      vertex 26.352276716054366 17.618753133495886 3.3
      vertex 26.312357622578794 17.711000715704515 3.3
      vertex 26.312357622578794 17.711000715704515 40
    endloop
  endfacet
  facet normal 0.9408807689542256 0.33873792024529076 0
    outer loop
      vertex 26.312357622578794 17.711000715704515 3.3
      vertex 26.27830957392775 17.805572809000086 3.3
      vertex 26.27830957392775 17.805572809000086 40
    endloop
  endfacet
  facet normal 0.9602936856769464 0.2789911060392175 0
    outer loop
      vertex 26.27830957392775 17.805572809000086 3.3
      vertex 26.250266942194187 17.902096180536233 3.3
      vertex 26.250266942194187 17.902096180536233 40
    endloop
  endfacet
  facet normal 0.9759167619387487 0.21814324139653693 0
    outer loop
      vertex 26.250266942194187 17.902096180536233 3.3
      vertex 26.228340398834096 18.000189896662842 3.3
      vertex 26.228340398834096 18.000189896662842 40
    endloop
  endfacet
  facet normal 0.9876883405951385 0.1564344650402258 0
    outer loop
      vertex 26.228340398834096 18.000189896662842 3.3
      vertex 26.212616477896834 18.099466826297114 3.3
      vertex 26.212616477896834 18.099466826297114 40
    endloop
  endfacet
  facet normal 0.9955619646030784 0.09410831331853078 0
    outer loop
      vertex 26.212616477896834 18.099466826297114 3.3
      vertex 26.203157234514762 18.199535168753098 3.3
      vertex 26.203157234514762 18.199535168753098 40
    endloop
  endfacet
  facet normal 0.9995065603657312 0.03141075907813844 0
    outer loop
      vertex 26.203157234514762 18.199535168753098 3.3
      vertex 26.199999999999996 18.3 3.3
      vertex 26.199999999999996 18.3 40
    endloop
  endfacet
  facet normal 0.9995065603657312 -0.03141075907813844 0
    outer loop
      vertex 26.199999999999996 18.3 3.3
      vertex 26.203157234514762 18.400464831246904 3.3
      vertex 26.203157234514762 18.400464831246904 40
    endloop
  endfacet
  facet normal 0.9955619646030784 -0.09410831331853078 0
    outer loop
      vertex 26.203157234514762 18.400464831246904 3.3
      vertex 26.212616477896834 18.500533173702888 3.3
      vertex 26.212616477896834 18.500533173702888 40
    endloop
  endfacet
  facet normal 0.9876883405951385 -0.1564344650402258 0
    outer loop
      vertex 26.212616477896834 18.500533173702888 3.3
      vertex 26.228340398834096 18.59981010333716 3.3
      vertex 26.228340398834096 18.59981010333716 40
    endloop
  endfacet
  facet normal 0.9759167619387487 -0.21814324139653693 0
    outer loop
      vertex 26.228340398834096 18.59981010333716 3.3
      vertex 26.250266942194187 18.697903819463768 3.3
      vertex 26.250266942194187 18.697903819463768 40
    endloop
  endfacet
  facet normal 0.9602936856769464 -0.2789911060392175 0
    outer loop
      vertex 26.250266942194187 18.697903819463768 3.3
      vertex 26.27830957392775 18.794427190999915 3.3
      vertex 26.27830957392775 18.794427190999915 40
    endloop
  endfacet
  facet normal 0.9408807689542256 -0.33873792024529076 0
    outer loop
      vertex 26.27830957392775 18.794427190999915 3.3
      vertex 26.312357622578794 18.888999284295487 3.3
      vertex 26.312357622578794 18.888999284295487 40
    endloop
  endfacet
  facet normal 0.9177546256839743 -0.3971478906347965 0
    outer loop
      vertex 26.312357622578794 18.888999284295487 3.3
      vertex 26.352276716054366 18.981246866504115 3.3
      vertex 26.352276716054366 18.981246866504115 40
    endloop
  endfacet
  facet normal 0.8910065241883688 -0.453990499739545 0
    outer loop
      vertex 26.352276716054366 18.981246866504115 3.3
      vertex 26.397909311929816 19.070805878562744 3.3
      vertex 26.397909311929816 19.070805878562744 40
    endloop
  endfacet
  facet normal 0.8607420270039514 -0.5090414157503581 0
    outer loop
      vertex 26.397909311929816 19.070805878562744 3.3
      vertex 26.449075319196773 19.157322871966397 3.3
      vertex 26.449075319196773 19.157322871966397 40
    endloop
  endfacet
  facet normal 0.8270805742745474 -0.5620833778521517 0
    outer loop
      vertex 26.449075319196773 19.157322871966397 3.3
      vertex 26.505572809000082 19.240456403667956 3.3
      vertex 26.505572809000082 19.240456403667956 40
    endloop
  endfacet
  facet normal 0.7901550123757003 -0.6129070536529635 0
    outer loop
      vertex 26.505572809000082 19.240456403667956 3.3
      vertex 26.567178811558733 19.319878383597903 3.3
      vertex 26.567178811558733 19.319878383597903 40
    endloop
  endfacet
  facet normal 0.7501110696304526 -0.6613118653236596 0
    outer loop
      vertex 26.567178811558733 19.319878383597903 3.3
      vertex 26.63365019612574 19.3952753694859 3.3
      vertex 26.63365019612574 19.3952753694859 40
    endloop
  endfacet
  facet normal 0.7071067811865476 -0.7071067811865476 0
    outer loop
      vertex 26.63365019612574 19.3952753694859 3.3
      vertex 26.704724630514097 19.46634980387426 3.3
      vertex 26.704724630514097 19.46634980387426 40
    endloop
  endfacet
  facet normal 0.6613118653236596 -0.7501110696304526 0
    outer loop
      vertex 26.704724630514097 19.46634980387426 3.3
      vertex 26.780121616402095 19.532821188441265 3.3
      vertex 26.780121616402095 19.532821188441265 40
    endloop
  endfacet
  facet normal 0.6129070536529807 -0.7901550123756872 0
    outer loop
      vertex 26.780121616402095 19.532821188441265 3.3
      vertex 26.85954359633204 19.594427190999916 3.3
      vertex 26.85954359633204 19.594427190999916 40
    endloop
  endfacet
  facet normal 0.5620833778521352 -0.8270805742745586 0
    outer loop
      vertex 26.85954359633204 19.594427190999916 3.3
      vertex 26.9426771280336 19.650924680803225 3.3
      vertex 26.9426771280336 19.650924680803225 40
    endloop
  endfacet
  facet normal 0.5090414157503581 -0.8607420270039514 0
    outer loop
      vertex 26.9426771280336 19.650924680803225 3.3
      vertex 27.029194121437254 19.702090688070182 3.3
      vertex 27.029194121437254 19.702090688070182 40
    endloop
  endfacet
  facet normal 0.4539904997395593 -0.8910065241883615 0
    outer loop
      vertex 27.029194121437254 19.702090688070182 3.3
      vertex 27.11875313349588 19.747723283945632 3.3
      vertex 27.11875313349588 19.747723283945632 40
    endloop
  endfacet
  facet normal 0.39714789063478356 -0.9177546256839798 0
    outer loop
      vertex 27.11875313349588 19.747723283945632 3.3
      vertex 27.21100071570451 19.787642377421204 3.3
      vertex 27.21100071570451 19.787642377421204 40
    endloop
  endfacet
  facet normal 0.33873792024529076 -0.9408807689542256 0
    outer loop
      vertex 27.21100071570451 19.787642377421204 3.3
      vertex 27.305572809000083 19.821690426072248 3.3
      vertex 27.305572809000083 19.821690426072248 40
    endloop
  endfacet
  facet normal 0.2789911060392175 -0.9602936856769464 0
    outer loop
      vertex 27.305572809000083 19.821690426072248 3.3
      vertex 27.40209618053623 19.84973305780581 3.3
      vertex 27.40209618053623 19.84973305780581 40
    endloop
  endfacet
  facet normal 0.21814324139653693 -0.9759167619387487 0
    outer loop
      vertex 27.40209618053623 19.84973305780581 3.3
      vertex 27.50018989666284 19.871659601165902 3.3
      vertex 27.50018989666284 19.871659601165902 40
    endloop
  endfacet
  facet normal 0.1564344650402258 -0.9876883405951385 0
    outer loop
      vertex 27.50018989666284 19.871659601165902 3.3
      vertex 27.59946682629711 19.887383522103164 3.3
      vertex 27.59946682629711 19.887383522103164 40
    endloop
  endfacet
  facet normal 0.09410831331853078 -0.9955619646030784 0
    outer loop
      vertex 27.59946682629711 19.887383522103164 3.3
      vertex 27.699535168753094 19.896842765485236 3.3
      vertex 27.699535168753094 19.896842765485236 40
    endloop
  endfacet
  facet normal 0.03141075907813844 -0.9995065603657312 0
    outer loop
      vertex 27.699535168753094 19.896842765485236 3.3
      vertex 27.799999999999997 19.900000000000002 3.3
      vertex 27.799999999999997 19.900000000000002 40
    endloop
  endfacet
  facet normal -0.03141075907813844 -0.9995065603657312 0
    outer loop
      vertex 27.799999999999997 19.900000000000002 3.3
      vertex 27.9004648312469 19.896842765485236 3.3
      vertex 27.9004648312469 19.896842765485236 40
    endloop
  endfacet
  facet normal -0.09410831331853078 -0.9955619646030784 0
    outer loop
      vertex 27.9004648312469 19.896842765485236 3.3
      vertex 28.000533173702884 19.887383522103164 3.3
      vertex 28.000533173702884 19.887383522103164 40
    endloop
  endfacet
  facet normal -0.2789911060392175 -0.9602936856769464 0
    outer loop
      vertex 28.29442719099991 19.821690426072248 3.3
      vertex 28.29442719099991 19.821690426072248 40
      vertex 28.197903819463765 19.84973305780581 3.3
    endloop
  endfacet
  facet normal -0.4539904997395593 -0.8910065241883615 0
    outer loop
      vertex 28.481246866504115 19.747723283945632 3.3
      vertex 28.57080587856274 19.702090688070182 3.3
      vertex 28.57080587856274 19.702090688070182 40
    endloop
  endfacet
  facet normal -0.39714789063478356 -0.9177546256839798 0
    outer loop
      vertex 28.481246866504115 19.747723283945632 3.3
      vertex 28.481246866504115 19.747723283945632 40
      vertex 28.388999284295483 19.787642377421204 3.3
    endloop
  endfacet
  facet normal -0.33873792024529076 -0.9408807689542256 0
    outer loop
      vertex 28.29442719099991 19.821690426072248 3.3
      vertex 28.388999284295483 19.787642377421204 3.3
      vertex 28.388999284295483 19.787642377421204 40
    endloop
  endfacet
  facet normal -0.1564344650402258 -0.9876883405951385 0
    outer loop
      vertex 28.000533173702884 19.887383522103164 3.3
      vertex 28.099810103337155 19.871659601165902 3.3
      vertex 28.099810103337155 19.871659601165902 40
    endloop
  endfacet
  facet normal -0.21814324139653693 -0.9759167619387487 0
    outer loop
      vertex 28.099810103337155 19.871659601165902 3.3
      vertex 28.197903819463765 19.84973305780581 3.3
      vertex 28.197903819463765 19.84973305780581 40
    endloop
  endfacet
  facet normal -0.8910065241883688 0.453990499739545 0
    outer loop
      vertex 29.20209068807018 17.529194121437257 3.3
      vertex 29.20209068807018 17.529194121437257 40
      vertex 29.24772328394563 17.618753133495886 3.3
    endloop
  endfacet
  facet normal -0.9177546256839743 0.3971478906347965 0
    outer loop
      vertex 29.24772328394563 17.618753133495886 3.3
      vertex 29.24772328394563 17.618753133495886 40
      vertex 29.2876423774212 17.711000715704515 3.3
    endloop
  endfacet
  facet normal -0.9408807689542256 0.33873792024529076 0
    outer loop
      vertex 29.2876423774212 17.711000715704515 3.3
      vertex 29.2876423774212 17.711000715704515 40
      vertex 29.321690426072244 17.805572809000086 3.3
    endloop
  endfacet
  facet normal -0.9602936856769464 0.2789911060392175 0
    outer loop
      vertex 29.321690426072244 17.805572809000086 3.3
      vertex 29.321690426072244 17.805572809000086 40
      vertex 29.349733057805807 17.902096180536233 3.3
    endloop
  endfacet
  facet normal -0.9759167619387487 0.21814324139653693 0
    outer loop
      vertex 29.349733057805807 17.902096180536233 3.3
      vertex 29.349733057805807 17.902096180536233 40
      vertex 29.3716596011659 18.000189896662842 3.3
    endloop
  endfacet
  facet normal -0.9876883405951385 0.1564344650402258 0
    outer loop
      vertex 29.3716596011659 18.000189896662842 3.3
      vertex 29.3716596011659 18.000189896662842 40
      vertex 29.38738352210316 18.099466826297114 3.3
    endloop
  endfacet
  facet normal -0.9955619646030784 0.09410831331853078 0
    outer loop
      vertex 29.38738352210316 18.099466826297114 3.3
      vertex 29.38738352210316 18.099466826297114 40
      vertex 29.396842765485232 18.199535168753098 3.3
    endloop
  endfacet
  facet normal -0.9995065603657312 0.03141075907813844 0
    outer loop
      vertex 29.396842765485232 18.199535168753098 3.3
      vertex 29.396842765485232 18.199535168753098 40
      vertex 29.4 18.3 3.3
    endloop
  endfacet
  facet normal -0.9995065603657312 -0.03141075907813844 0
    outer loop
      vertex 29.4 18.3 3.3
      vertex 29.4 18.3 40
      vertex 29.396842765485232 18.400464831246904 3.3
    endloop
  endfacet
  facet normal -0.9955619646030784 -0.09410831331853078 0
    outer loop
      vertex 29.396842765485232 18.400464831246904 3.3
      vertex 29.396842765485232 18.400464831246904 40
      vertex 29.38738352210316 18.500533173702888 3.3
    endloop
  endfacet
  facet normal -0.9876883405951385 -0.1564344650402258 0
    outer loop
      vertex 29.38738352210316 18.500533173702888 3.3
      vertex 29.38738352210316 18.500533173702888 40
      vertex 29.3716596011659 18.59981010333716 3.3
    endloop
  endfacet
  facet normal -0.9759167619387487 -0.21814324139653693 0
    outer loop
      vertex 29.3716596011659 18.59981010333716 3.3
      vertex 29.3716596011659 18.59981010333716 40
      vertex 29.349733057805807 18.697903819463768 3.3
    endloop
  endfacet
  facet normal -0.9602936856769464 -0.2789911060392175 0
    outer loop
      vertex 29.349733057805807 18.697903819463768 3.3
      vertex 29.349733057805807 18.697903819463768 40
      vertex 29.321690426072244 18.794427190999915 3.3
    endloop
  endfacet
  facet normal -0.9408807689542256 -0.33873792024529076 0
    outer loop
      vertex 29.321690426072244 18.794427190999915 3.3
      vertex 29.321690426072244 18.794427190999915 40
      vertex 29.2876423774212 18.888999284295487 3.3
    endloop
  endfacet
  facet normal -0.9177546256839743 -0.3971478906347965 0
    outer loop
      vertex 29.2876423774212 18.888999284295487 3.3
      vertex 29.2876423774212 18.888999284295487 40
      vertex 29.24772328394563 18.981246866504115 3.3
    endloop
  endfacet
  facet normal -0.8910065241883688 -0.453990499739545 0
    outer loop
      vertex 29.24772328394563 18.981246866504115 3.3
      vertex 29.24772328394563 18.981246866504115 40
      vertex 29.20209068807018 19.070805878562744 3.3
    endloop
  endfacet
  facet normal -0.7901550123757003 -0.6129070536529635 0
    outer loop
      vertex 29.03282118844126 19.319878383597903 3.3
      vertex 29.094427190999912 19.240456403667956 3.3
      vertex 29.094427190999912 19.240456403667956 40
    endloop
  endfacet
  facet normal -0.7501110696304526 -0.6613118653236596 0
    outer loop
      vertex 29.03282118844126 19.319878383597903 3.3
      vertex 29.03282118844126 19.319878383597903 40
      vertex 28.966349803874255 19.3952753694859 3.3
    endloop
  endfacet
  facet normal -0.8607420270039514 -0.5090414157503581 0
    outer loop
      vertex 29.20209068807018 19.070805878562744 3.3
      vertex 29.20209068807018 19.070805878562744 40
      vertex 29.15092468080322 19.157322871966397 3.3
    endloop
  endfacet
  facet normal -0.8270805742745474 -0.5620833778521517 0
    outer loop
      vertex 29.15092468080322 19.157322871966397 3.3
      vertex 29.15092468080322 19.157322871966397 40
      vertex 29.094427190999912 19.240456403667956 3.3
    endloop
  endfacet
  facet normal -0.7071067811865476 -0.7071067811865476 0
    outer loop
      vertex 28.966349803874255 19.3952753694859 3.3
      vertex 28.966349803874255 19.3952753694859 40
      vertex 28.895275369485898 19.46634980387426 3.3
    endloop
  endfacet
  facet normal -0.6613118653236596 -0.7501110696304526 0
    outer loop
      vertex 28.895275369485898 19.46634980387426 3.3
      vertex 28.895275369485898 19.46634980387426 40
      vertex 28.8198783835979 19.532821188441265 3.3
    endloop
  endfacet
  facet normal -0.6129070536529807 -0.7901550123756872 0
    outer loop
      vertex 28.8198783835979 19.532821188441265 3.3
      vertex 28.8198783835979 19.532821188441265 40
      vertex 28.740456403667956 19.594427190999916 3.3
    endloop
  endfacet
  facet normal -0.5090414157503581 -0.8607420270039514 0
    outer loop
      vertex 28.657322871966393 19.650924680803225 3.3
      vertex 28.657322871966393 19.650924680803225 40
      vertex 28.57080587856274 19.702090688070182 3.3
    endloop
  endfacet
  facet normal -0.5620833778521352 -0.8270805742745586 0
    outer loop
      vertex 28.740456403667956 19.594427190999916 3.3
      vertex 28.740456403667956 19.594427190999916 40
      vertex 28.657322871966393 19.650924680803225 3.3
    endloop
  endfacet
  facet normal 0.8270805742745474 0.5620833778521517 0
    outer loop
      vertex 26.505572809000082 17.359543596332045 3.3
      vertex 26.449075319196773 17.442677128033605 40
      vertex 26.505572809000082 17.359543596332045 40
    endloop
  endfacet
  facet normal 0.8607420270039514 0.5090414157503581 0
    outer loop
      vertex 26.449075319196773 17.442677128033605 3.3
      vertex 26.397909311929816 17.529194121437257 40
      vertex 26.449075319196773 17.442677128033605 40
    endloop
  endfacet
  facet normal 0.33873792024529076 0.9408807689542256 0
    outer loop
      vertex 27.305572809000083 16.778309573927753 3.3
      vertex 27.21100071570451 16.812357622578798 40
      vertex 27.305572809000083 16.778309573927753 40
    endloop
  endfacet
  facet normal 0.453990499739545 0.8910065241883688 0
    outer loop
      vertex 27.118753133495883 16.85227671605437 3.3
      vertex 27.029194121437254 16.89790931192982 40
      vertex 27.118753133495883 16.85227671605437 40
    endloop
  endfacet
  facet normal 0.3971478906347965 0.9177546256839743 0
    outer loop
      vertex 27.21100071570451 16.812357622578798 3.3
      vertex 27.118753133495883 16.85227671605437 40
      vertex 27.21100071570451 16.812357622578798 40
    endloop
  endfacet
  facet normal 0.2789911060392175 0.9602936856769464 0
    outer loop
      vertex 27.40209618053623 16.75026694219419 3.3
      vertex 27.305572809000083 16.778309573927753 40
      vertex 27.40209618053623 16.75026694219419 40
    endloop
  endfacet
  facet normal 0.21814324139653693 0.9759167619387487 0
    outer loop
      vertex 27.50018989666284 16.7283403988341 3.3
      vertex 27.40209618053623 16.75026694219419 40
      vertex 27.50018989666284 16.7283403988341 40
    endloop
  endfacet
  facet normal 0.09410831331853078 0.9955619646030784 0
    outer loop
      vertex 27.699535168753094 16.703157234514766 3.3
      vertex 27.59946682629711 16.712616477896837 40
      vertex 27.699535168753094 16.703157234514766 40
    endloop
  endfacet
  facet normal 0.1564344650402258 0.9876883405951385 0
    outer loop
      vertex 27.59946682629711 16.712616477896837 3.3
      vertex 27.50018989666284 16.7283403988341 40
      vertex 27.59946682629711 16.712616477896837 40
    endloop
  endfacet
  facet normal 0.03141075907813844 0.9995065603657312 0
    outer loop
      vertex 27.799999999999997 16.7 3.3
      vertex 27.699535168753094 16.703157234514766 40
      vertex 27.799999999999997 16.7 40
    endloop
  endfacet
  facet normal -0.03141075907813844 0.9995065603657312 0
    outer loop
      vertex 27.9004648312469 16.703157234514766 3.3
      vertex 27.799999999999997 16.7 40
      vertex 27.9004648312469 16.703157234514766 40
    endloop
  endfacet
  facet normal -0.09410831331853078 0.9955619646030784 0
    outer loop
      vertex 28.000533173702884 16.712616477896837 3.3
      vertex 27.9004648312469 16.703157234514766 40
      vertex 28.000533173702884 16.712616477896837 40
    endloop
  endfacet
  facet normal -0.1564344650402258 0.9876883405951385 0
    outer loop
      vertex 28.099810103337155 16.7283403988341 3.3
      vertex 28.000533173702884 16.712616477896837 40
      vertex 28.099810103337155 16.7283403988341 40
    endloop
  endfacet
  facet normal -0.21814324139653693 0.9759167619387487 0
    outer loop
      vertex 28.197903819463765 16.75026694219419 3.3
      vertex 28.099810103337155 16.7283403988341 40
      vertex 28.197903819463765 16.75026694219419 40
    endloop
  endfacet
  facet normal -0.2789911060392175 0.9602936856769464 0
    outer loop
      vertex 28.29442719099991 16.778309573927753 3.3
      vertex 28.197903819463765 16.75026694219419 40
      vertex 28.29442719099991 16.778309573927753 40
    endloop
  endfacet
  facet normal -0.33873792024529076 0.9408807689542256 0
    outer loop
      vertex 28.388999284295483 16.812357622578798 3.3
      vertex 28.29442719099991 16.778309573927753 40
      vertex 28.388999284295483 16.812357622578798 40
    endloop
  endfacet
  facet normal -0.3971478906347965 0.9177546256839743 0
    outer loop
      vertex 28.48124686650411 16.85227671605437 3.3
      vertex 28.388999284295483 16.812357622578798 40
      vertex 28.48124686650411 16.85227671605437 40
    endloop
  endfacet
  facet normal 0.5090414157503581 0.8607420270039514 0
    outer loop
      vertex 27.029194121437254 16.89790931192982 3.3
      vertex 26.9426771280336 16.949075319196776 40
      vertex 27.029194121437254 16.89790931192982 40
    endloop
  endfacet
  facet normal 0.6129070536529807 0.7901550123756872 0
    outer loop
      vertex 26.85954359633204 17.005572809000085 3.3
      vertex 26.780121616402095 17.067178811558737 40
      vertex 26.85954359633204 17.005572809000085 40
    endloop
  endfacet
  facet normal 0.5620833778521352 0.8270805742745586 0
    outer loop
      vertex 26.9426771280336 16.949075319196776 3.3
      vertex 26.85954359633204 17.005572809000085 40
      vertex 26.9426771280336 16.949075319196776 40
    endloop
  endfacet
  facet normal 0.6613118653236596 0.7501110696304526 0
    outer loop
      vertex 26.780121616402095 17.067178811558737 3.3
      vertex 26.704724630514097 17.133650196125743 40
      vertex 26.780121616402095 17.067178811558737 40
    endloop
  endfacet
  facet normal 0.7071067811865476 0.7071067811865476 0
    outer loop
      vertex 26.704724630514097 17.133650196125743 3.3
      vertex 26.63365019612574 17.2047246305141 40
      vertex 26.704724630514097 17.133650196125743 40
    endloop
  endfacet
  facet normal 0.7501110696304526 0.6613118653236596 0
    outer loop
      vertex 26.63365019612574 17.2047246305141 3.3
      vertex 26.567178811558733 17.2801216164021 40
      vertex 26.63365019612574 17.2047246305141 40
    endloop
  endfacet
  facet normal 0.7901550123757003 0.6129070536529635 0
    outer loop
      vertex 26.567178811558733 17.2801216164021 3.3
      vertex 26.505572809000082 17.359543596332045 40
      vertex 26.567178811558733 17.2801216164021 40
    endloop
  endfacet
  facet normal -0.453990499739545 0.8910065241883688 0
    outer loop
      vertex 28.57080587856274 16.89790931192982 3.3
      vertex 28.48124686650411 16.85227671605437 40
      vertex 28.57080587856274 16.89790931192982 40
    endloop
  endfacet
  facet normal -0.5090414157503736 0.8607420270039422 0
    outer loop
      vertex 28.65732287196639 16.949075319196776 3.3
      vertex 28.57080587856274 16.89790931192982 40
      vertex 28.65732287196639 16.949075319196776 40
    endloop
  endfacet
  facet normal -0.5620833778521189 0.8270805742745698 0
    outer loop
      vertex 28.740456403667956 17.005572809000085 3.3
      vertex 28.65732287196639 16.949075319196776 40
      vertex 28.740456403667956 17.005572809000085 40
    endloop
  endfacet
  facet normal -0.6129070536529635 0.7901550123757003 0
    outer loop
      vertex 28.819878383597903 17.067178811558737 3.3
      vertex 28.740456403667956 17.005572809000085 40
      vertex 28.819878383597903 17.067178811558737 40
    endloop
  endfacet
  facet normal -0.6613118653236771 0.7501110696304373 0
    outer loop
      vertex 28.895275369485898 17.133650196125743 3.3
      vertex 28.819878383597903 17.067178811558737 40
      vertex 28.895275369485898 17.133650196125743 40
    endloop
  endfacet
  facet normal -0.7071067811865476 0.7071067811865476 0
    outer loop
      vertex 28.966349803874255 17.2047246305141 3.3
      vertex 28.895275369485898 17.133650196125743 40
      vertex 28.966349803874255 17.2047246305141 40
    endloop
  endfacet
  facet normal -0.7501110696304526 0.6613118653236596 0
    outer loop
      vertex 29.03282118844126 17.2801216164021 3.3
      vertex 28.966349803874255 17.2047246305141 40
      vertex 29.03282118844126 17.2801216164021 40
    endloop
  endfacet
  facet normal -0.7901550123757003 0.6129070536529635 0
    outer loop
      vertex 29.094427190999912 17.359543596332045 3.3
      vertex 29.03282118844126 17.2801216164021 40
      vertex 29.094427190999912 17.359543596332045 40
    endloop
  endfacet
  facet normal -0.8270805742745586 0.5620833778521352 0
    outer loop
      vertex 29.15092468080322 17.44267712803361 3.3
      vertex 29.094427190999912 17.359543596332045 40
      vertex 29.15092468080322 17.44267712803361 40
    endloop
  endfacet
  facet normal 0.8910065241883688 0.453990499739545 0
    outer loop
      vertex 26.397909311929816 17.529194121437257 3.3
      vertex 26.352276716054366 17.618753133495886 40
      vertex 26.397909311929816 17.529194121437257 40
    endloop
  endfacet
  facet normal 0.9177546256839743 0.3971478906347965 0
    outer loop
      vertex 26.352276716054366 17.618753133495886 3.3
      vertex 26.312357622578794 17.711000715704515 40
      vertex 26.352276716054366 17.618753133495886 40
    endloop
  endfacet
  facet normal 0.9408807689542256 0.33873792024529076 0
    outer loop
      vertex 26.312357622578794 17.711000715704515 3.3
      vertex 26.27830957392775 17.805572809000086 40
      vertex 26.312357622578794 17.711000715704515 40
    endloop
  endfacet
  facet normal 0.9602936856769464 0.2789911060392175 0
    outer loop
      vertex 26.27830957392775 17.805572809000086 3.3
      vertex 26.250266942194187 17.902096180536233 40
      vertex 26.27830957392775 17.805572809000086 40
    endloop
  endfacet
  facet normal 0.9759167619387487 0.21814324139653693 0
    outer loop
      vertex 26.250266942194187 17.902096180536233 3.3
      vertex 26.228340398834096 18.000189896662842 40
      vertex 26.250266942194187 17.902096180536233 40
    endloop
  endfacet
  facet normal 0.9876883405951385 0.1564344650402258 0
    outer loop
      vertex 26.228340398834096 18.000189896662842 3.3
      vertex 26.212616477896834 18.099466826297114 40
      vertex 26.228340398834096 18.000189896662842 40
    endloop
  endfacet
  facet normal 0.9955619646030784 0.09410831331853078 0
    outer loop
      vertex 26.212616477896834 18.099466826297114 3.3
      vertex 26.203157234514762 18.199535168753098 40
      vertex 26.212616477896834 18.099466826297114 40
    endloop
  endfacet
  facet normal 0.9995065603657312 0.03141075907813844 0
    outer loop
      vertex 26.203157234514762 18.199535168753098 3.3
      vertex 26.199999999999996 18.3 40
      vertex 26.203157234514762 18.199535168753098 40
    endloop
  endfacet
  facet normal 0.9995065603657312 -0.03141075907813844 0
    outer loop
      vertex 26.199999999999996 18.3 3.3
      vertex 26.203157234514762 18.400464831246904 40
      vertex 26.199999999999996 18.3 40
    endloop
  endfacet
  facet normal 0.9955619646030784 -0.09410831331853078 0
    outer loop
      vertex 26.203157234514762 18.400464831246904 3.3
      vertex 26.212616477896834 18.500533173702888 40
      vertex 26.203157234514762 18.400464831246904 40
    endloop
  endfacet
  facet normal 0.9876883405951385 -0.1564344650402258 0
    outer loop
      vertex 26.212616477896834 18.500533173702888 3.3
      vertex 26.228340398834096 18.59981010333716 40
      vertex 26.212616477896834 18.500533173702888 40
    endloop
  endfacet
  facet normal 0.9759167619387487 -0.21814324139653693 0
    outer loop
      vertex 26.228340398834096 18.59981010333716 3.3
      vertex 26.250266942194187 18.697903819463768 40
      vertex 26.228340398834096 18.59981010333716 40
    endloop
  endfacet
  facet normal 0.9602936856769464 -0.2789911060392175 0
    outer loop
      vertex 26.250266942194187 18.697903819463768 3.3
      vertex 26.27830957392775 18.794427190999915 40
      vertex 26.250266942194187 18.697903819463768 40
    endloop
  endfacet
  facet normal 0.9408807689542256 -0.33873792024529076 0
    outer loop
      vertex 26.27830957392775 18.794427190999915 3.3
      vertex 26.312357622578794 18.888999284295487 40
      vertex 26.27830957392775 18.794427190999915 40
    endloop
  endfacet
  facet normal 0.9177546256839743 -0.3971478906347965 0
    outer loop
      vertex 26.312357622578794 18.888999284295487 3.3
      vertex 26.352276716054366 18.981246866504115 40
      vertex 26.312357622578794 18.888999284295487 40
    endloop
  endfacet
  facet normal 0.8910065241883688 -0.453990499739545 0
    outer loop
      vertex 26.352276716054366 18.981246866504115 3.3
      vertex 26.397909311929816 19.070805878562744 40
      vertex 26.352276716054366 18.981246866504115 40
    endloop
  endfacet
  facet normal 0.8607420270039514 -0.5090414157503581 0
    outer loop
      vertex 26.397909311929816 19.070805878562744 3.3
      vertex 26.449075319196773 19.157322871966397 40
      vertex 26.397909311929816 19.070805878562744 40
    endloop
  endfacet
  facet normal 0.8270805742745474 -0.5620833778521517 0
    outer loop
      vertex 26.449075319196773 19.157322871966397 3.3
      vertex 26.505572809000082 19.240456403667956 40
      vertex 26.449075319196773 19.157322871966397 40
    endloop
  endfacet
  facet normal 0.7901550123757003 -0.6129070536529635 0
    outer loop
      vertex 26.505572809000082 19.240456403667956 3.3
      vertex 26.567178811558733 19.319878383597903 40
      vertex 26.505572809000082 19.240456403667956 40
    endloop
  endfacet
  facet normal 0.7501110696304526 -0.6613118653236596 0
    outer loop
      vertex 26.567178811558733 19.319878383597903 3.3
      vertex 26.63365019612574 19.3952753694859 40
      vertex 26.567178811558733 19.319878383597903 40
    endloop
  endfacet
  facet normal 0.7071067811865476 -0.7071067811865476 0
    outer loop
      vertex 26.63365019612574 19.3952753694859 3.3
      vertex 26.704724630514097 19.46634980387426 40
      vertex 26.63365019612574 19.3952753694859 40
    endloop
  endfacet
  facet normal 0.6613118653236596 -0.7501110696304526 0
    outer loop
      vertex 26.704724630514097 19.46634980387426 3.3
      vertex 26.780121616402095 19.532821188441265 40
      vertex 26.704724630514097 19.46634980387426 40
    endloop
  endfacet
  facet normal 0.6129070536529807 -0.7901550123756872 0
    outer loop
      vertex 26.780121616402095 19.532821188441265 3.3
      vertex 26.85954359633204 19.594427190999916 40
      vertex 26.780121616402095 19.532821188441265 40
    endloop
  endfacet
  facet normal 0.5620833778521352 -0.8270805742745586 0
    outer loop
      vertex 26.85954359633204 19.594427190999916 3.3
      vertex 26.9426771280336 19.650924680803225 40
      vertex 26.85954359633204 19.594427190999916 40
    endloop
  endfacet
  facet normal 0.5090414157503581 -0.8607420270039514 0
    outer loop
      vertex 26.9426771280336 19.650924680803225 3.3
      vertex 27.029194121437254 19.702090688070182 40
      vertex 26.9426771280336 19.650924680803225 40
    endloop
  endfacet
  facet normal 0.4539904997395593 -0.8910065241883615 0
    outer loop
      vertex 27.029194121437254 19.702090688070182 3.3
      vertex 27.11875313349588 19.747723283945632 40
      vertex 27.029194121437254 19.702090688070182 40
    endloop
  endfacet
  facet normal 0.39714789063478356 -0.9177546256839798 0
    outer loop
      vertex 27.11875313349588 19.747723283945632 3.3
      vertex 27.21100071570451 19.787642377421204 40
      vertex 27.11875313349588 19.747723283945632 40
    endloop
  endfacet
  facet normal 0.33873792024529076 -0.9408807689542256 0
    outer loop
      vertex 27.21100071570451 19.787642377421204 3.3
      vertex 27.305572809000083 19.821690426072248 40
      vertex 27.21100071570451 19.787642377421204 40
    endloop
  endfacet
  facet normal 0.2789911060392175 -0.9602936856769464 0
    outer loop
      vertex 27.305572809000083 19.821690426072248 3.3
      vertex 27.40209618053623 19.84973305780581 40
      vertex 27.305572809000083 19.821690426072248 40
    endloop
  endfacet
  facet normal 0.21814324139653693 -0.9759167619387487 0
    outer loop
      vertex 27.40209618053623 19.84973305780581 3.3
      vertex 27.50018989666284 19.871659601165902 40
      vertex 27.40209618053623 19.84973305780581 40
    endloop
  endfacet
  facet normal 0.1564344650402258 -0.9876883405951385 0
    outer loop
      vertex 27.50018989666284 19.871659601165902 3.3
      vertex 27.59946682629711 19.887383522103164 40
      vertex 27.50018989666284 19.871659601165902 40
    endloop
  endfacet
  facet normal 0.09410831331853078 -0.9955619646030784 0
    outer loop
      vertex 27.59946682629711 19.887383522103164 3.3
      vertex 27.699535168753094 19.896842765485236 40
      vertex 27.59946682629711 19.887383522103164 40
    endloop
  endfacet
  facet normal 0.03141075907813844 -0.9995065603657312 0
    outer loop
      vertex 27.699535168753094 19.896842765485236 3.3
      vertex 27.799999999999997 19.900000000000002 40
      vertex 27.699535168753094 19.896842765485236 40
    endloop
  endfacet
  facet normal -0.03141075907813844 -0.9995065603657312 0
    outer loop
      vertex 27.799999999999997 19.900000000000002 3.3
      vertex 27.9004648312469 19.896842765485236 40
      vertex 27.799999999999997 19.900000000000002 40
    endloop
  endfacet
  facet normal -0.1564344650402258 -0.9876883405951385 0
    outer loop
      vertex 28.000533173702884 19.887383522103164 3.3
      vertex 28.099810103337155 19.871659601165902 40
      vertex 28.000533173702884 19.887383522103164 40
    endloop
  endfacet
  facet normal -0.09410831331853078 -0.9955619646030784 0
    outer loop
      vertex 27.9004648312469 19.896842765485236 3.3
      vertex 28.000533173702884 19.887383522103164 40
      vertex 27.9004648312469 19.896842765485236 40
    endloop
  endfacet
  facet normal -0.2789911060392175 -0.9602936856769464 0
    outer loop
      vertex 28.197903819463765 19.84973305780581 3.3
      vertex 28.29442719099991 19.821690426072248 40
      vertex 28.197903819463765 19.84973305780581 40
    endloop
  endfacet
  facet normal -0.4539904997395593 -0.8910065241883615 0
    outer loop
      vertex 28.481246866504115 19.747723283945632 3.3
      vertex 28.57080587856274 19.702090688070182 40
      vertex 28.481246866504115 19.747723283945632 40
    endloop
  endfacet
  facet normal -0.39714789063478356 -0.9177546256839798 0
    outer loop
      vertex 28.388999284295483 19.787642377421204 3.3
      vertex 28.481246866504115 19.747723283945632 40
      vertex 28.388999284295483 19.787642377421204 40
    endloop
  endfacet
  facet normal -0.33873792024529076 -0.9408807689542256 0
    outer loop
      vertex 28.29442719099991 19.821690426072248 3.3
      vertex 28.388999284295483 19.787642377421204 40
      vertex 28.29442719099991 19.821690426072248 40
    endloop
  endfacet
  facet normal -0.21814324139653693 -0.9759167619387487 0
    outer loop
      vertex 28.099810103337155 19.871659601165902 3.3
      vertex 28.197903819463765 19.84973305780581 40
      vertex 28.099810103337155 19.871659601165902 40
    endloop
  endfacet
  facet normal -0.8607420270039422 0.5090414157503736 0
    outer loop
      vertex 29.20209068807018 17.529194121437257 3.3
      vertex 29.15092468080322 17.44267712803361 40
      vertex 29.20209068807018 17.529194121437257 40
    endloop
  endfacet
  facet normal -0.8910065241883688 0.453990499739545 0
    outer loop
      vertex 29.24772328394563 17.618753133495886 3.3
      vertex 29.20209068807018 17.529194121437257 40
      vertex 29.24772328394563 17.618753133495886 40
    endloop
  endfacet
  facet normal -0.9177546256839743 0.3971478906347965 0
    outer loop
      vertex 29.2876423774212 17.711000715704515 3.3
      vertex 29.24772328394563 17.618753133495886 40
      vertex 29.2876423774212 17.711000715704515 40
    endloop
  endfacet
  facet normal -0.9408807689542256 0.33873792024529076 0
    outer loop
      vertex 29.321690426072244 17.805572809000086 3.3
      vertex 29.2876423774212 17.711000715704515 40
      vertex 29.321690426072244 17.805572809000086 40
    endloop
  endfacet
  facet normal -0.9602936856769464 0.2789911060392175 0
    outer loop
      vertex 29.349733057805807 17.902096180536233 3.3
      vertex 29.321690426072244 17.805572809000086 40
      vertex 29.349733057805807 17.902096180536233 40
    endloop
  endfacet
  facet normal -0.9759167619387487 0.21814324139653693 0
    outer loop
      vertex 29.3716596011659 18.000189896662842 3.3
      vertex 29.349733057805807 17.902096180536233 40
      vertex 29.3716596011659 18.000189896662842 40
    endloop
  endfacet
  facet normal -0.9876883405951385 0.1564344650402258 0
    outer loop
      vertex 29.38738352210316 18.099466826297114 3.3
      vertex 29.3716596011659 18.000189896662842 40
      vertex 29.38738352210316 18.099466826297114 40
    endloop
  endfacet
  facet normal -0.9955619646030784 0.09410831331853078 0
    outer loop
      vertex 29.396842765485232 18.199535168753098 3.3
      vertex 29.38738352210316 18.099466826297114 40
      vertex 29.396842765485232 18.199535168753098 40
    endloop
  endfacet
  facet normal -0.9995065603657312 0.03141075907813844 0
    outer loop
      vertex 29.4 18.3 3.3
      vertex 29.396842765485232 18.199535168753098 40
      vertex 29.4 18.3 40
    endloop
  endfacet
  facet normal -0.9995065603657312 -0.03141075907813844 0
    outer loop
      vertex 29.396842765485232 18.400464831246904 3.3
      vertex 29.4 18.3 40
      vertex 29.396842765485232 18.400464831246904 40
    endloop
  endfacet
  facet normal -0.9955619646030784 -0.09410831331853078 0
    outer loop
      vertex 29.38738352210316 18.500533173702888 3.3
      vertex 29.396842765485232 18.400464831246904 40
      vertex 29.38738352210316 18.500533173702888 40
    endloop
  endfacet
  facet normal -0.9876883405951385 -0.1564344650402258 0
    outer loop
      vertex 29.3716596011659 18.59981010333716 3.3
      vertex 29.38738352210316 18.500533173702888 40
      vertex 29.3716596011659 18.59981010333716 40
    endloop
  endfacet
  facet normal -0.9759167619387487 -0.21814324139653693 0
    outer loop
      vertex 29.349733057805807 18.697903819463768 3.3
      vertex 29.3716596011659 18.59981010333716 40
      vertex 29.349733057805807 18.697903819463768 40
    endloop
  endfacet
  facet normal -0.9602936856769464 -0.2789911060392175 0
    outer loop
      vertex 29.321690426072244 18.794427190999915 3.3
      vertex 29.349733057805807 18.697903819463768 40
      vertex 29.321690426072244 18.794427190999915 40
    endloop
  endfacet
  facet normal -0.9408807689542256 -0.33873792024529076 0
    outer loop
      vertex 29.2876423774212 18.888999284295487 3.3
      vertex 29.321690426072244 18.794427190999915 40
      vertex 29.2876423774212 18.888999284295487 40
    endloop
  endfacet
  facet normal -0.9177546256839743 -0.3971478906347965 0
    outer loop
      vertex 29.24772328394563 18.981246866504115 3.3
      vertex 29.2876423774212 18.888999284295487 40
      vertex 29.24772328394563 18.981246866504115 40
    endloop
  endfacet
  facet normal -0.8910065241883688 -0.453990499739545 0
    outer loop
      vertex 29.20209068807018 19.070805878562744 3.3
      vertex 29.24772328394563 18.981246866504115 40
      vertex 29.20209068807018 19.070805878562744 40
    endloop
  endfacet
  facet normal -0.7901550123757003 -0.6129070536529635 0
    outer loop
      vertex 29.03282118844126 19.319878383597903 3.3
      vertex 29.094427190999912 19.240456403667956 40
      vertex 29.03282118844126 19.319878383597903 40
    endloop
  endfacet
  facet normal -0.7501110696304526 -0.6613118653236596 0
    outer loop
      vertex 28.966349803874255 19.3952753694859 3.3
      vertex 29.03282118844126 19.319878383597903 40
      vertex 28.966349803874255 19.3952753694859 40
    endloop
  endfacet
  facet normal -0.8607420270039514 -0.5090414157503581 0
    outer loop
      vertex 29.15092468080322 19.157322871966397 3.3
      vertex 29.20209068807018 19.070805878562744 40
      vertex 29.15092468080322 19.157322871966397 40
    endloop
  endfacet
  facet normal -0.8270805742745474 -0.5620833778521517 0
    outer loop
      vertex 29.094427190999912 19.240456403667956 3.3
      vertex 29.15092468080322 19.157322871966397 40
      vertex 29.094427190999912 19.240456403667956 40
    endloop
  endfacet
  facet normal -0.7071067811865476 -0.7071067811865476 0
    outer loop
      vertex 28.895275369485898 19.46634980387426 3.3
      vertex 28.966349803874255 19.3952753694859 40
      vertex 28.895275369485898 19.46634980387426 40
    endloop
  endfacet
  facet normal -0.6613118653236596 -0.7501110696304526 0
    outer loop
      vertex 28.8198783835979 19.532821188441265 3.3
      vertex 28.895275369485898 19.46634980387426 40
      vertex 28.8198783835979 19.532821188441265 40
    endloop
  endfacet
  facet normal -0.6129070536529807 -0.7901550123756872 0
    outer loop
      vertex 28.740456403667956 19.594427190999916 3.3
      vertex 28.8198783835979 19.532821188441265 40
      vertex 28.740456403667956 19.594427190999916 40
    endloop
  endfacet
  facet normal -0.5620833778521352 -0.8270805742745586 0
    outer loop
      vertex 28.657322871966393 19.650924680803225 3.3
      vertex 28.740456403667956 19.594427190999916 40
      vertex 28.657322871966393 19.650924680803225 40
    endloop
  endfacet
  facet normal -0.5090414157503581 -0.8607420270039514 0
    outer loop
      vertex 28.57080587856274 19.702090688070182 3.3
      vertex 28.657322871966393 19.650924680803225 40
      vertex 28.57080587856274 19.702090688070182 40
    endloop
  endfacet
  facet normal 0.3971478906347707 0.9177546256839854 0
    outer loop
      vertex 52.11875313349588 16.85227671605437 3.3
      vertex 52.11875313349588 16.85227671605437 40
      vertex 52.211000715704515 16.812357622578798 3.3
    endloop
  endfacet
  facet normal 0.3387379202453021 0.9408807689542217 0
    outer loop
      vertex 52.211000715704515 16.812357622578798 3.3
      vertex 52.211000715704515 16.812357622578798 40
      vertex 52.30557280900008 16.778309573927753 3.3
    endloop
  endfacet
  facet normal 0.278991106039227 0.9602936856769437 0
    outer loop
      vertex 52.402096180536226 16.75026694219419 3.3
      vertex 52.30557280900008 16.778309573927753 3.3
      vertex 52.30557280900008 16.778309573927753 40
    endloop
  endfacet
  facet normal 0.2181432413965294 0.9759167619387503 0
    outer loop
      vertex 52.402096180536226 16.75026694219419 3.3
      vertex 52.402096180536226 16.75026694219419 40
      vertex 52.50018989666284 16.7283403988341 3.3
    endloop
  endfacet
  facet normal 0.1564344650402258 0.9876883405951385 0
    outer loop
      vertex 52.50018989666284 16.7283403988341 3.3
      vertex 52.50018989666284 16.7283403988341 40
      vertex 52.59946682629711 16.712616477896837 3.3
    endloop
  endfacet
  facet normal 0.09410831331853078 0.9955619646030784 0
    outer loop
      vertex 52.59946682629711 16.712616477896837 3.3
      vertex 52.59946682629711 16.712616477896837 40
      vertex 52.699535168753094 16.703157234514766 3.3
    endloop
  endfacet
  facet normal 0.03141075907813844 0.9995065603657312 0
    outer loop
      vertex 52.699535168753094 16.703157234514766 3.3
      vertex 52.699535168753094 16.703157234514766 40
      vertex 52.8 16.7 3.3
    endloop
  endfacet
  facet normal -0.03141075907813844 0.9995065603657312 0
    outer loop
      vertex 52.8 16.7 3.3
      vertex 52.8 16.7 40
      vertex 52.9004648312469 16.703157234514766 3.3
    endloop
  endfacet
  facet normal -0.09410831331853078 0.9955619646030784 0
    outer loop
      vertex 52.9004648312469 16.703157234514766 3.3
      vertex 52.9004648312469 16.703157234514766 40
      vertex 53.000533173702884 16.712616477896837 3.3
    endloop
  endfacet
  facet normal -0.1564344650402258 0.9876883405951385 0
    outer loop
      vertex 53.000533173702884 16.712616477896837 3.3
      vertex 53.000533173702884 16.712616477896837 40
      vertex 53.099810103337155 16.7283403988341 3.3
    endloop
  endfacet
  facet normal 0.5090414157503736 0.8607420270039422 0
    outer loop
      vertex 52.02919412143725 16.89790931192982 3.3
      vertex 51.9426771280336 16.949075319196776 3.3
      vertex 51.9426771280336 16.949075319196776 40
    endloop
  endfacet
  facet normal 0.5620833778521352 0.8270805742745586 0
    outer loop
      vertex 51.9426771280336 16.949075319196776 3.3
      vertex 51.85954359633204 17.005572809000085 3.3
      vertex 51.85954359633204 17.005572809000085 40
    endloop
  endfacet
  facet normal 0.6613118653236596 0.7501110696304526 0
    outer loop
      vertex 51.78012161640209 17.067178811558737 3.3
      vertex 51.70472463051409 17.133650196125743 3.3
      vertex 51.70472463051409 17.133650196125743 40
    endloop
  endfacet
  facet normal 0.7071067811865476 0.7071067811865476 0
    outer loop
      vertex 51.70472463051409 17.133650196125743 3.3
      vertex 51.633650196125735 17.2047246305141 3.3
      vertex 51.633650196125735 17.2047246305141 40
    endloop
  endfacet
  facet normal 0.6129070536529635 0.7901550123757003 0
    outer loop
      vertex 51.85954359633204 17.005572809000085 3.3
      vertex 51.78012161640209 17.067178811558737 3.3
      vertex 51.78012161640209 17.067178811558737 40
    endloop
  endfacet
  facet normal 0.8270805742745639 0.5620833778521276 0
    outer loop
      vertex 51.50557280900008 17.359543596332045 3.3
      vertex 51.44907531919677 17.442677128033605 3.3
      vertex 51.44907531919677 17.442677128033605 40
    endloop
  endfacet
  facet normal 0.7501110696304703 0.6613118653236398 0
    outer loop
      vertex 51.633650196125735 17.2047246305141 3.3
      vertex 51.56717881155873 17.2801216164021 3.3
      vertex 51.56717881155873 17.2801216164021 40
    endloop
  endfacet
  facet normal 0.7901550123756832 0.6129070536529856 0
    outer loop
      vertex 51.50557280900008 17.359543596332045 3.3
      vertex 51.50557280900008 17.359543596332045 40
      vertex 51.56717881155873 17.2801216164021 3.3
    endloop
  endfacet
  facet normal 0.453990499739545 0.8910065241883688 0
    outer loop
      vertex 52.11875313349588 16.85227671605437 3.3
      vertex 52.02919412143725 16.89790931192982 3.3
      vertex 52.02919412143725 16.89790931192982 40
    endloop
  endfacet
  facet normal -0.21814324139654448 0.975916761938747 0
    outer loop
      vertex 53.099810103337155 16.7283403988341 3.3
      vertex 53.099810103337155 16.7283403988341 40
      vertex 53.19790381946376 16.75026694219419 3.3
    endloop
  endfacet
  facet normal -0.27899110603920807 0.9602936856769493 0
    outer loop
      vertex 53.19790381946376 16.75026694219419 3.3
      vertex 53.19790381946376 16.75026694219419 40
      vertex 53.29442719099991 16.778309573927753 3.3
    endloop
  endfacet
  facet normal -0.3387379202453021 0.9408807689542217 0
    outer loop
      vertex 53.29442719099991 16.778309573927753 3.3
      vertex 53.29442719099991 16.778309573927753 40
      vertex 53.38899928429548 16.812357622578798 3.3
    endloop
  endfacet
  facet normal -0.3971478906347707 0.9177546256839854 0
    outer loop
      vertex 53.38899928429548 16.812357622578798 3.3
      vertex 53.38899928429548 16.812357622578798 40
      vertex 53.481246866504115 16.85227671605437 3.3
    endloop
  endfacet
  facet normal -0.453990499739545 0.8910065241883688 0
    outer loop
      vertex 53.481246866504115 16.85227671605437 3.3
      vertex 53.481246866504115 16.85227671605437 40
      vertex 53.570805878562744 16.89790931192982 3.3
    endloop
  endfacet
  facet normal -0.5090414157503736 0.8607420270039422 0
    outer loop
      vertex 53.570805878562744 16.89790931192982 3.3
      vertex 53.570805878562744 16.89790931192982 40
      vertex 53.65732287196639 16.949075319196776 3.3
    endloop
  endfacet
  facet normal -0.5620833778521352 0.8270805742745586 0
    outer loop
      vertex 53.65732287196639 16.949075319196776 3.3
      vertex 53.65732287196639 16.949075319196776 40
      vertex 53.740456403667956 17.005572809000085 3.3
    endloop
  endfacet
  facet normal -0.6129070536529635 0.7901550123757003 0
    outer loop
      vertex 53.740456403667956 17.005572809000085 3.3
      vertex 53.740456403667956 17.005572809000085 40
      vertex 53.8198783835979 17.067178811558737 3.3
    endloop
  endfacet
  facet normal -0.6613118653236596 0.7501110696304526 0
    outer loop
      vertex 53.8198783835979 17.067178811558737 3.3
      vertex 53.8198783835979 17.067178811558737 40
      vertex 53.8952753694859 17.133650196125743 3.3
    endloop
  endfacet
  facet normal -0.7071067811865476 0.7071067811865476 0
    outer loop
      vertex 53.8952753694859 17.133650196125743 3.3
      vertex 53.8952753694859 17.133650196125743 40
      vertex 53.96634980387426 17.2047246305141 3.3
    endloop
  endfacet
  facet normal -0.7501110696304703 0.6613118653236398 0
    outer loop
      vertex 53.96634980387426 17.2047246305141 3.3
      vertex 53.96634980387426 17.2047246305141 40
      vertex 54.03282118844126 17.2801216164021 3.3
    endloop
  endfacet
  facet normal -0.7901550123756832 0.6129070536529856 0
    outer loop
      vertex 54.03282118844126 17.2801216164021 3.3
      vertex 54.03282118844126 17.2801216164021 40
      vertex 54.094427190999916 17.359543596332045 3.3
    endloop
  endfacet
  facet normal -0.8270805742745752 0.5620833778521112 0
    outer loop
      vertex 54.094427190999916 17.359543596332045 3.3
      vertex 54.094427190999916 17.359543596332045 40
      vertex 54.15092468080322 17.44267712803361 3.3
    endloop
  endfacet
  facet normal -0.8607420270039422 0.5090414157503736 0
    outer loop
      vertex 54.15092468080322 17.44267712803361 3.3
      vertex 54.15092468080322 17.44267712803361 40
      vertex 54.20209068807018 17.529194121437257 3.3
    endloop
  endfacet
  facet normal 0.8607420270039514 0.5090414157503581 0
    outer loop
      vertex 51.44907531919677 17.442677128033605 3.3
      vertex 51.397909311929816 17.529194121437257 3.3
      vertex 51.397909311929816 17.529194121437257 40
    endloop
  endfacet
  facet normal 0.8910065241883545 0.4539904997395731 0
    outer loop
      vertex 51.397909311929816 17.529194121437257 3.3
      vertex 51.35227671605436 17.618753133495886 3.3
      vertex 51.35227671605436 17.618753133495886 40
    endloop
  endfacet
  facet normal 0.9177546256839872 0.39714789063476674 0
    outer loop
      vertex 51.35227671605436 17.618753133495886 3.3
      vertex 51.312357622578794 17.711000715704515 3.3
      vertex 51.312357622578794 17.711000715704515 40
    endloop
  endfacet
  facet normal 0.9408807689542256 0.33873792024529076 0
    outer loop
      vertex 51.312357622578794 17.711000715704515 3.3
      vertex 51.27830957392775 17.805572809000086 3.3
      vertex 51.27830957392775 17.805572809000086 40
    endloop
  endfacet
  facet normal 0.9602936856769464 0.2789911060392175 0
    outer loop
      vertex 51.27830957392775 17.805572809000086 3.3
      vertex 51.25026694219419 17.902096180536233 3.3
      vertex 51.25026694219419 17.902096180536233 40
    endloop
  endfacet
  facet normal 0.9759167619387411 0.21814324139657063 0
    outer loop
      vertex 51.25026694219419 17.902096180536233 3.3
      vertex 51.22834039883409 18.000189896662842 3.3
      vertex 51.22834039883409 18.000189896662842 40
    endloop
  endfacet
  facet normal 0.9876883405951385 0.1564344650402258 0
    outer loop
      vertex 51.22834039883409 18.000189896662842 3.3
      vertex 51.21261647789683 18.099466826297114 3.3
      vertex 51.21261647789683 18.099466826297114 40
    endloop
  endfacet
  facet normal 0.9955619646030817 0.09410831331849574 0
    outer loop
      vertex 51.21261647789683 18.099466826297114 3.3
      vertex 51.20315723451476 18.199535168753098 3.3
      vertex 51.20315723451476 18.199535168753098 40
    endloop
  endfacet
  facet normal 0.9995065603657312 0.03141075907813844 0
    outer loop
      vertex 51.20315723451476 18.199535168753098 3.3
      vertex 51.199999999999996 18.3 3.3
      vertex 51.199999999999996 18.3 40
    endloop
  endfacet
  facet normal 0.9995065603657312 -0.03141075907813844 0
    outer loop
      vertex 51.199999999999996 18.3 3.3
      vertex 51.20315723451476 18.400464831246904 3.3
      vertex 51.20315723451476 18.400464831246904 40
    endloop
  endfacet
  facet normal 0.9955619646030817 -0.09410831331849574 0
    outer loop
      vertex 51.20315723451476 18.400464831246904 3.3
      vertex 51.21261647789683 18.500533173702888 3.3
      vertex 51.21261647789683 18.500533173702888 40
    endloop
  endfacet
  facet normal 0.9876883405951385 -0.1564344650402258 0
    outer loop
      vertex 51.21261647789683 18.500533173702888 3.3
      vertex 51.22834039883409 18.59981010333716 3.3
      vertex 51.22834039883409 18.59981010333716 40
    endloop
  endfacet
  facet normal 0.9759167619387411 -0.21814324139657063 0
    outer loop
      vertex 51.22834039883409 18.59981010333716 3.3
      vertex 51.25026694219419 18.697903819463768 3.3
      vertex 51.25026694219419 18.697903819463768 40
    endloop
  endfacet
  facet normal 0.9602936856769464 -0.2789911060392175 0
    outer loop
      vertex 51.25026694219419 18.697903819463768 3.3
      vertex 51.27830957392775 18.794427190999915 3.3
      vertex 51.27830957392775 18.794427190999915 40
    endloop
  endfacet
  facet normal 0.9408807689542256 -0.33873792024529076 0
    outer loop
      vertex 51.27830957392775 18.794427190999915 3.3
      vertex 51.312357622578794 18.888999284295487 3.3
      vertex 51.312357622578794 18.888999284295487 40
    endloop
  endfacet
  facet normal 0.9177546256839872 -0.39714789063476674 0
    outer loop
      vertex 51.312357622578794 18.888999284295487 3.3
      vertex 51.35227671605436 18.981246866504115 3.3
      vertex 51.35227671605436 18.981246866504115 40
    endloop
  endfacet
  facet normal 0.8910065241883545 -0.4539904997395731 0
    outer loop
      vertex 51.35227671605436 18.981246866504115 3.3
      vertex 51.397909311929816 19.070805878562744 3.3
      vertex 51.397909311929816 19.070805878562744 40
    endloop
  endfacet
  facet normal 0.8607420270039514 -0.5090414157503581 0
    outer loop
      vertex 51.397909311929816 19.070805878562744 3.3
      vertex 51.44907531919677 19.157322871966397 3.3
      vertex 51.44907531919677 19.157322871966397 40
    endloop
  endfacet
  facet normal 0.8270805742745639 -0.5620833778521276 0
    outer loop
      vertex 51.44907531919677 19.157322871966397 3.3
      vertex 51.50557280900008 19.240456403667956 3.3
      vertex 51.50557280900008 19.240456403667956 40
    endloop
  endfacet
  facet normal 0.7901550123756832 -0.6129070536529856 0
    outer loop
      vertex 51.50557280900008 19.240456403667956 3.3
      vertex 51.56717881155873 19.319878383597903 3.3
      vertex 51.56717881155873 19.319878383597903 40
    endloop
  endfacet
  facet normal 0.7501110696304703 -0.6613118653236398 0
    outer loop
      vertex 51.56717881155873 19.319878383597903 3.3
      vertex 51.633650196125735 19.3952753694859 3.3
      vertex 51.633650196125735 19.3952753694859 40
    endloop
  endfacet
  facet normal 0.7071067811865476 -0.7071067811865476 0
    outer loop
      vertex 51.633650196125735 19.3952753694859 3.3
      vertex 51.70472463051409 19.46634980387426 3.3
      vertex 51.70472463051409 19.46634980387426 40
    endloop
  endfacet
  facet normal 0.6613118653236596 -0.7501110696304526 0
    outer loop
      vertex 51.70472463051409 19.46634980387426 3.3
      vertex 51.78012161640209 19.532821188441265 3.3
      vertex 51.78012161640209 19.532821188441265 40
    endloop
  endfacet
  facet normal 0.6129070536529635 -0.7901550123757003 0
    outer loop
      vertex 51.78012161640209 19.532821188441265 3.3
      vertex 51.85954359633204 19.594427190999916 3.3
      vertex 51.85954359633204 19.594427190999916 40
    endloop
  endfacet
  facet normal 0.5620833778521352 -0.8270805742745586 0
    outer loop
      vertex 51.85954359633204 19.594427190999916 3.3
      vertex 51.9426771280336 19.650924680803225 3.3
      vertex 51.9426771280336 19.650924680803225 40
    endloop
  endfacet
  facet normal 0.5090414157503736 -0.8607420270039422 0
    outer loop
      vertex 51.9426771280336 19.650924680803225 3.3
      vertex 52.02919412143725 19.702090688070182 3.3
      vertex 52.02919412143725 19.702090688070182 40
    endloop
  endfacet
  facet normal 0.453990499739545 -0.8910065241883688 0
    outer loop
      vertex 52.02919412143725 19.702090688070182 3.3
      vertex 52.11875313349588 19.747723283945632 3.3
      vertex 52.11875313349588 19.747723283945632 40
    endloop
  endfacet
  facet normal 0.3971478906347707 -0.9177546256839854 0
    outer loop
      vertex 52.11875313349588 19.747723283945632 3.3
      vertex 52.211000715704515 19.787642377421204 3.3
      vertex 52.211000715704515 19.787642377421204 40
    endloop
  endfacet
  facet normal 0.3387379202453021 -0.9408807689542217 0
    outer loop
      vertex 52.211000715704515 19.787642377421204 3.3
      vertex 52.30557280900008 19.821690426072248 3.3
      vertex 52.30557280900008 19.821690426072248 40
    endloop
  endfacet
  facet normal 0.278991106039227 -0.9602936856769437 0
    outer loop
      vertex 52.30557280900008 19.821690426072248 3.3
      vertex 52.402096180536226 19.84973305780581 3.3
      vertex 52.402096180536226 19.84973305780581 40
    endloop
  endfacet
  facet normal 0.2181432413965294 -0.9759167619387503 0
    outer loop
      vertex 52.402096180536226 19.84973305780581 3.3
      vertex 52.50018989666284 19.871659601165902 3.3
      vertex 52.50018989666284 19.871659601165902 40
    endloop
  endfacet
  facet normal 0.1564344650402258 -0.9876883405951385 0
    outer loop
      vertex 52.50018989666284 19.871659601165902 3.3
      vertex 52.59946682629711 19.887383522103164 3.3
      vertex 52.59946682629711 19.887383522103164 40
    endloop
  endfacet
  facet normal 0.09410831331853078 -0.9955619646030784 0
    outer loop
      vertex 52.59946682629711 19.887383522103164 3.3
      vertex 52.699535168753094 19.896842765485236 3.3
      vertex 52.699535168753094 19.896842765485236 40
    endloop
  endfacet
  facet normal 0.03141075907813844 -0.9995065603657312 0
    outer loop
      vertex 52.699535168753094 19.896842765485236 3.3
      vertex 52.8 19.900000000000002 3.3
      vertex 52.8 19.900000000000002 40
    endloop
  endfacet
  facet normal -0.03141075907813844 -0.9995065603657312 0
    outer loop
      vertex 52.8 19.900000000000002 3.3
      vertex 52.9004648312469 19.896842765485236 3.3
      vertex 52.9004648312469 19.896842765485236 40
    endloop
  endfacet
  facet normal -0.09410831331853078 -0.9955619646030784 0
    outer loop
      vertex 52.9004648312469 19.896842765485236 3.3
      vertex 53.000533173702884 19.887383522103164 3.3
      vertex 53.000533173702884 19.887383522103164 40
    endloop
  endfacet
  facet normal -0.8910065241883545 0.4539904997395731 0
    outer loop
      vertex 54.20209068807018 17.529194121437257 3.3
      vertex 54.20209068807018 17.529194121437257 40
      vertex 54.24772328394563 17.618753133495886 3.3
    endloop
  endfacet
  facet normal -0.9177546256839872 0.39714789063476674 0
    outer loop
      vertex 54.24772328394563 17.618753133495886 3.3
      vertex 54.24772328394563 17.618753133495886 40
      vertex 54.2876423774212 17.711000715704515 3.3
    endloop
  endfacet
  facet normal -0.9408807689542256 0.33873792024529076 0
    outer loop
      vertex 54.2876423774212 17.711000715704515 3.3
      vertex 54.2876423774212 17.711000715704515 40
      vertex 54.321690426072244 17.805572809000086 3.3
    endloop
  endfacet
  facet normal -0.9602936856769464 0.2789911060392175 0
    outer loop
      vertex 54.321690426072244 17.805572809000086 3.3
      vertex 54.321690426072244 17.805572809000086 40
      vertex 54.34973305780581 17.902096180536233 3.3
    endloop
  endfacet
  facet normal -0.9759167619387411 0.21814324139657063 0
    outer loop
      vertex 54.34973305780581 17.902096180536233 3.3
      vertex 54.34973305780581 17.902096180536233 40
      vertex 54.3716596011659 18.000189896662842 3.3
    endloop
  endfacet
  facet normal -0.9876883405951385 0.1564344650402258 0
    outer loop
      vertex 54.3716596011659 18.000189896662842 3.3
      vertex 54.3716596011659 18.000189896662842 40
      vertex 54.387383522103164 18.099466826297114 3.3
    endloop
  endfacet
  facet normal -0.9955619646030817 0.09410831331849574 0
    outer loop
      vertex 54.387383522103164 18.099466826297114 3.3
      vertex 54.387383522103164 18.099466826297114 40
      vertex 54.39684276548523 18.199535168753098 3.3
    endloop
  endfacet
  facet normal -0.9995065603657312 0.03141075907813844 0
    outer loop
      vertex 54.39684276548523 18.199535168753098 3.3
      vertex 54.39684276548523 18.199535168753098 40
      vertex 54.4 18.3 3.3
    endloop
  endfacet
  facet normal -0.9995065603657312 -0.03141075907813844 0
    outer loop
      vertex 54.4 18.3 3.3
      vertex 54.4 18.3 40
      vertex 54.39684276548523 18.400464831246904 3.3
    endloop
  endfacet
  facet normal -0.9955619646030817 -0.09410831331849574 0
    outer loop
      vertex 54.39684276548523 18.400464831246904 3.3
      vertex 54.39684276548523 18.400464831246904 40
      vertex 54.387383522103164 18.500533173702888 3.3
    endloop
  endfacet
  facet normal -0.9876883405951385 -0.1564344650402258 0
    outer loop
      vertex 54.387383522103164 18.500533173702888 3.3
      vertex 54.387383522103164 18.500533173702888 40
      vertex 54.3716596011659 18.59981010333716 3.3
    endloop
  endfacet
  facet normal -0.9759167619387411 -0.21814324139657063 0
    outer loop
      vertex 54.3716596011659 18.59981010333716 3.3
      vertex 54.3716596011659 18.59981010333716 40
      vertex 54.34973305780581 18.697903819463768 3.3
    endloop
  endfacet
  facet normal -0.9602936856769464 -0.2789911060392175 0
    outer loop
      vertex 54.34973305780581 18.697903819463768 3.3
      vertex 54.34973305780581 18.697903819463768 40
      vertex 54.321690426072244 18.794427190999915 3.3
    endloop
  endfacet
  facet normal -0.7901550123756832 -0.6129070536529856 0
    outer loop
      vertex 54.03282118844126 19.319878383597903 3.3
      vertex 54.094427190999916 19.240456403667956 3.3
      vertex 54.094427190999916 19.240456403667956 40
    endloop
  endfacet
  facet normal -0.7501110696304703 -0.6613118653236398 0
    outer loop
      vertex 54.03282118844126 19.319878383597903 3.3
      vertex 54.03282118844126 19.319878383597903 40
      vertex 53.96634980387426 19.3952753694859 3.3
    endloop
  endfacet
  facet normal -0.9408807689542256 -0.33873792024529076 0
    outer loop
      vertex 54.321690426072244 18.794427190999915 3.3
      vertex 54.321690426072244 18.794427190999915 40
      vertex 54.2876423774212 18.888999284295487 3.3
    endloop
  endfacet
  facet normal -0.9177546256839872 -0.39714789063476674 0
    outer loop
      vertex 54.2876423774212 18.888999284295487 3.3
      vertex 54.2876423774212 18.888999284295487 40
      vertex 54.24772328394563 18.981246866504115 3.3
    endloop
  endfacet
  facet normal -0.8910065241883545 -0.4539904997395731 0
    outer loop
      vertex 54.24772328394563 18.981246866504115 3.3
      vertex 54.24772328394563 18.981246866504115 40
      vertex 54.20209068807018 19.070805878562744 3.3
    endloop
  endfacet
  facet normal -0.8607420270039514 -0.5090414157503581 0
    outer loop
      vertex 54.20209068807018 19.070805878562744 3.3
      vertex 54.20209068807018 19.070805878562744 40
      vertex 54.15092468080322 19.157322871966397 3.3
    endloop
  endfacet
  facet normal -0.8270805742745639 -0.5620833778521276 0
    outer loop
      vertex 54.15092468080322 19.157322871966397 3.3
      vertex 54.15092468080322 19.157322871966397 40
      vertex 54.094427190999916 19.240456403667956 3.3
    endloop
  endfacet
  facet normal -0.7071067811865476 -0.7071067811865476 0
    outer loop
      vertex 53.96634980387426 19.3952753694859 3.3
      vertex 53.96634980387426 19.3952753694859 40
      vertex 53.8952753694859 19.46634980387426 3.3
    endloop
  endfacet
  facet normal -0.6613118653236596 -0.7501110696304526 0
    outer loop
      vertex 53.8952753694859 19.46634980387426 3.3
      vertex 53.8952753694859 19.46634980387426 40
      vertex 53.8198783835979 19.532821188441265 3.3
    endloop
  endfacet
  facet normal -0.6129070536529635 -0.7901550123757003 0
    outer loop
      vertex 53.8198783835979 19.532821188441265 3.3
      vertex 53.8198783835979 19.532821188441265 40
      vertex 53.740456403667956 19.594427190999916 3.3
    endloop
  endfacet
  facet normal -0.5090414157503736 -0.8607420270039422 0
    outer loop
      vertex 53.65732287196639 19.650924680803225 3.3
      vertex 53.65732287196639 19.650924680803225 40
      vertex 53.570805878562744 19.702090688070182 3.3
    endloop
  endfacet
  facet normal -0.5620833778521352 -0.8270805742745586 0
    outer loop
      vertex 53.740456403667956 19.594427190999916 3.3
      vertex 53.740456403667956 19.594427190999916 40
      vertex 53.65732287196639 19.650924680803225 3.3
    endloop
  endfacet
  facet normal -0.278991106039227 -0.9602936856769437 0
    outer loop
      vertex 53.29442719099991 19.821690426072248 3.3
      vertex 53.29442719099991 19.821690426072248 40
      vertex 53.19790381946377 19.84973305780581 3.3
    endloop
  endfacet
  facet normal -0.453990499739545 -0.8910065241883688 0
    outer loop
      vertex 53.481246866504115 19.747723283945632 3.3
      vertex 53.570805878562744 19.702090688070182 3.3
      vertex 53.570805878562744 19.702090688070182 40
    endloop
  endfacet
  facet normal -0.3971478906347707 -0.9177546256839854 0
    outer loop
      vertex 53.481246866504115 19.747723283945632 3.3
      vertex 53.481246866504115 19.747723283945632 40
      vertex 53.38899928429548 19.787642377421204 3.3
    endloop
  endfacet
  facet normal -0.3387379202453021 -0.9408807689542217 0
    outer loop
      vertex 53.29442719099991 19.821690426072248 3.3
      vertex 53.38899928429548 19.787642377421204 3.3
      vertex 53.38899928429548 19.787642377421204 40
    endloop
  endfacet
  facet normal -0.1564344650402258 -0.9876883405951385 0
    outer loop
      vertex 53.000533173702884 19.887383522103164 3.3
      vertex 53.099810103337155 19.871659601165902 3.3
      vertex 53.099810103337155 19.871659601165902 40
    endloop
  endfacet
  facet normal -0.2181432413965294 -0.9759167619387503 0
    outer loop
      vertex 53.099810103337155 19.871659601165902 3.3
      vertex 53.19790381946377 19.84973305780581 3.3
      vertex 53.19790381946377 19.84973305780581 40
    endloop
  endfacet
  facet normal 0.3387379202453021 0.9408807689542217 0
    outer loop
      vertex 52.30557280900008 16.778309573927753 3.3
      vertex 52.211000715704515 16.812357622578798 40
      vertex 52.30557280900008 16.778309573927753 40
    endloop
  endfacet
  facet normal 0.453990499739545 0.8910065241883688 0
    outer loop
      vertex 52.11875313349588 16.85227671605437 3.3
      vertex 52.02919412143725 16.89790931192982 40
      vertex 52.11875313349588 16.85227671605437 40
    endloop
  endfacet
  facet normal 0.3971478906347707 0.9177546256839854 0
    outer loop
      vertex 52.211000715704515 16.812357622578798 3.3
      vertex 52.11875313349588 16.85227671605437 40
      vertex 52.211000715704515 16.812357622578798 40
    endloop
  endfacet
  facet normal 0.278991106039227 0.9602936856769437 0
    outer loop
      vertex 52.402096180536226 16.75026694219419 3.3
      vertex 52.30557280900008 16.778309573927753 40
      vertex 52.402096180536226 16.75026694219419 40
    endloop
  endfacet
  facet normal 0.2181432413965294 0.9759167619387503 0
    outer loop
      vertex 52.50018989666284 16.7283403988341 3.3
      vertex 52.402096180536226 16.75026694219419 40
      vertex 52.50018989666284 16.7283403988341 40
    endloop
  endfacet
  facet normal 0.09410831331853078 0.9955619646030784 0
    outer loop
      vertex 52.699535168753094 16.703157234514766 3.3
      vertex 52.59946682629711 16.712616477896837 40
      vertex 52.699535168753094 16.703157234514766 40
    endloop
  endfacet
  facet normal 0.1564344650402258 0.9876883405951385 0
    outer loop
      vertex 52.59946682629711 16.712616477896837 3.3
      vertex 52.50018989666284 16.7283403988341 40
      vertex 52.59946682629711 16.712616477896837 40
    endloop
  endfacet
  facet normal 0.03141075907813844 0.9995065603657312 0
    outer loop
      vertex 52.8 16.7 3.3
      vertex 52.699535168753094 16.703157234514766 40
      vertex 52.8 16.7 40
    endloop
  endfacet
  facet normal -0.03141075907813844 0.9995065603657312 0
    outer loop
      vertex 52.9004648312469 16.703157234514766 3.3
      vertex 52.8 16.7 40
      vertex 52.9004648312469 16.703157234514766 40
    endloop
  endfacet
  facet normal -0.09410831331853078 0.9955619646030784 0
    outer loop
      vertex 53.000533173702884 16.712616477896837 3.3
      vertex 52.9004648312469 16.703157234514766 40
      vertex 53.000533173702884 16.712616477896837 40
    endloop
  endfacet
  facet normal 0.5090414157503736 0.8607420270039422 0
    outer loop
      vertex 52.02919412143725 16.89790931192982 3.3
      vertex 51.9426771280336 16.949075319196776 40
      vertex 52.02919412143725 16.89790931192982 40
    endloop
  endfacet
  facet normal 0.6129070536529635 0.7901550123757003 0
    outer loop
      vertex 51.85954359633204 17.005572809000085 3.3
      vertex 51.78012161640209 17.067178811558737 40
      vertex 51.85954359633204 17.005572809000085 40
    endloop
  endfacet
  facet normal 0.5620833778521352 0.8270805742745586 0
    outer loop
      vertex 51.9426771280336 16.949075319196776 3.3
      vertex 51.85954359633204 17.005572809000085 40
      vertex 51.9426771280336 16.949075319196776 40
    endloop
  endfacet
  facet normal 0.6613118653236596 0.7501110696304526 0
    outer loop
      vertex 51.78012161640209 17.067178811558737 3.3
      vertex 51.70472463051409 17.133650196125743 40
      vertex 51.78012161640209 17.067178811558737 40
    endloop
  endfacet
  facet normal 0.7071067811865476 0.7071067811865476 0
    outer loop
      vertex 51.70472463051409 17.133650196125743 3.3
      vertex 51.633650196125735 17.2047246305141 40
      vertex 51.70472463051409 17.133650196125743 40
    endloop
  endfacet
  facet normal 0.8270805742745639 0.5620833778521276 0
    outer loop
      vertex 51.50557280900008 17.359543596332045 3.3
      vertex 51.44907531919677 17.442677128033605 40
      vertex 51.50557280900008 17.359543596332045 40
    endloop
  endfacet
  facet normal 0.8607420270039514 0.5090414157503581 0
    outer loop
      vertex 51.44907531919677 17.442677128033605 3.3
      vertex 51.397909311929816 17.529194121437257 40
      vertex 51.44907531919677 17.442677128033605 40
    endloop
  endfacet
  facet normal 0.7501110696304703 0.6613118653236398 0
    outer loop
      vertex 51.633650196125735 17.2047246305141 3.3
      vertex 51.56717881155873 17.2801216164021 40
      vertex 51.633650196125735 17.2047246305141 40
    endloop
  endfacet
  facet normal 0.7901550123756832 0.6129070536529856 0
    outer loop
      vertex 51.56717881155873 17.2801216164021 3.3
      vertex 51.50557280900008 17.359543596332045 40
      vertex 51.56717881155873 17.2801216164021 40
    endloop
  endfacet
  facet normal -0.1564344650402258 0.9876883405951385 0
    outer loop
      vertex 53.099810103337155 16.7283403988341 3.3
      vertex 53.000533173702884 16.712616477896837 40
      vertex 53.099810103337155 16.7283403988341 40
    endloop
  endfacet
  facet normal -0.21814324139654448 0.975916761938747 0
    outer loop
      vertex 53.19790381946376 16.75026694219419 3.3
      vertex 53.099810103337155 16.7283403988341 40
      vertex 53.19790381946376 16.75026694219419 40
    endloop
  endfacet
  facet normal -0.27899110603920807 0.9602936856769493 0
    outer loop
      vertex 53.29442719099991 16.778309573927753 3.3
      vertex 53.19790381946376 16.75026694219419 40
      vertex 53.29442719099991 16.778309573927753 40
    endloop
  endfacet
  facet normal -0.3387379202453021 0.9408807689542217 0
    outer loop
      vertex 53.38899928429548 16.812357622578798 3.3
      vertex 53.29442719099991 16.778309573927753 40
      vertex 53.38899928429548 16.812357622578798 40
    endloop
  endfacet
  facet normal -0.3971478906347707 0.9177546256839854 0
    outer loop
      vertex 53.481246866504115 16.85227671605437 3.3
      vertex 53.38899928429548 16.812357622578798 40
      vertex 53.481246866504115 16.85227671605437 40
    endloop
  endfacet
  facet normal -0.453990499739545 0.8910065241883688 0
    outer loop
      vertex 53.570805878562744 16.89790931192982 3.3
      vertex 53.481246866504115 16.85227671605437 40
      vertex 53.570805878562744 16.89790931192982 40
    endloop
  endfacet
  facet normal -0.5090414157503736 0.8607420270039422 0
    outer loop
      vertex 53.65732287196639 16.949075319196776 3.3
      vertex 53.570805878562744 16.89790931192982 40
      vertex 53.65732287196639 16.949075319196776 40
    endloop
  endfacet
  facet normal -0.5620833778521352 0.8270805742745586 0
    outer loop
      vertex 53.740456403667956 17.005572809000085 3.3
      vertex 53.65732287196639 16.949075319196776 40
      vertex 53.740456403667956 17.005572809000085 40
    endloop
  endfacet
  facet normal -0.6129070536529635 0.7901550123757003 0
    outer loop
      vertex 53.8198783835979 17.067178811558737 3.3
      vertex 53.740456403667956 17.005572809000085 40
      vertex 53.8198783835979 17.067178811558737 40
    endloop
  endfacet
  facet normal -0.6613118653236596 0.7501110696304526 0
    outer loop
      vertex 53.8952753694859 17.133650196125743 3.3
      vertex 53.8198783835979 17.067178811558737 40
      vertex 53.8952753694859 17.133650196125743 40
    endloop
  endfacet
  facet normal -0.7071067811865476 0.7071067811865476 0
    outer loop
      vertex 53.96634980387426 17.2047246305141 3.3
      vertex 53.8952753694859 17.133650196125743 40
      vertex 53.96634980387426 17.2047246305141 40
    endloop
  endfacet
  facet normal -0.7501110696304703 0.6613118653236398 0
    outer loop
      vertex 54.03282118844126 17.2801216164021 3.3
      vertex 53.96634980387426 17.2047246305141 40
      vertex 54.03282118844126 17.2801216164021 40
    endloop
  endfacet
  facet normal -0.7901550123756832 0.6129070536529856 0
    outer loop
      vertex 54.094427190999916 17.359543596332045 3.3
      vertex 54.03282118844126 17.2801216164021 40
      vertex 54.094427190999916 17.359543596332045 40
    endloop
  endfacet
  facet normal -0.8270805742745752 0.5620833778521112 0
    outer loop
      vertex 54.15092468080322 17.44267712803361 3.3
      vertex 54.094427190999916 17.359543596332045 40
      vertex 54.15092468080322 17.44267712803361 40
    endloop
  endfacet
  facet normal 0.8910065241883545 0.4539904997395731 0
    outer loop
      vertex 51.397909311929816 17.529194121437257 3.3
      vertex 51.35227671605436 17.618753133495886 40
      vertex 51.397909311929816 17.529194121437257 40
    endloop
  endfacet
  facet normal 0.9177546256839872 0.39714789063476674 0
    outer loop
      vertex 51.35227671605436 17.618753133495886 3.3
      vertex 51.312357622578794 17.711000715704515 40
      vertex 51.35227671605436 17.618753133495886 40
    endloop
  endfacet
  facet normal 0.9408807689542256 0.33873792024529076 0
    outer loop
      vertex 51.312357622578794 17.711000715704515 3.3
      vertex 51.27830957392775 17.805572809000086 40
      vertex 51.312357622578794 17.711000715704515 40
    endloop
  endfacet
  facet normal 0.9602936856769464 0.2789911060392175 0
    outer loop
      vertex 51.27830957392775 17.805572809000086 3.3
      vertex 51.25026694219419 17.902096180536233 40
      vertex 51.27830957392775 17.805572809000086 40
    endloop
  endfacet
  facet normal 0.9759167619387411 0.21814324139657063 0
    outer loop
      vertex 51.25026694219419 17.902096180536233 3.3
      vertex 51.22834039883409 18.000189896662842 40
      vertex 51.25026694219419 17.902096180536233 40
    endloop
  endfacet
  facet normal 0.9876883405951385 0.1564344650402258 0
    outer loop
      vertex 51.22834039883409 18.000189896662842 3.3
      vertex 51.21261647789683 18.099466826297114 40
      vertex 51.22834039883409 18.000189896662842 40
    endloop
  endfacet
  facet normal 0.9955619646030817 0.09410831331849574 0
    outer loop
      vertex 51.21261647789683 18.099466826297114 3.3
      vertex 51.20315723451476 18.199535168753098 40
      vertex 51.21261647789683 18.099466826297114 40
    endloop
  endfacet
  facet normal 0.9995065603657312 0.03141075907813844 0
    outer loop
      vertex 51.20315723451476 18.199535168753098 3.3
      vertex 51.199999999999996 18.3 40
      vertex 51.20315723451476 18.199535168753098 40
    endloop
  endfacet
  facet normal 0.9995065603657312 -0.03141075907813844 0
    outer loop
      vertex 51.199999999999996 18.3 3.3
      vertex 51.20315723451476 18.400464831246904 40
      vertex 51.199999999999996 18.3 40
    endloop
  endfacet
  facet normal 0.9955619646030817 -0.09410831331849574 0
    outer loop
      vertex 51.20315723451476 18.400464831246904 3.3
      vertex 51.21261647789683 18.500533173702888 40
      vertex 51.20315723451476 18.400464831246904 40
    endloop
  endfacet
  facet normal 0.9876883405951385 -0.1564344650402258 0
    outer loop
      vertex 51.21261647789683 18.500533173702888 3.3
      vertex 51.22834039883409 18.59981010333716 40
      vertex 51.21261647789683 18.500533173702888 40
    endloop
  endfacet
  facet normal 0.9759167619387411 -0.21814324139657063 0
    outer loop
      vertex 51.22834039883409 18.59981010333716 3.3
      vertex 51.25026694219419 18.697903819463768 40
      vertex 51.22834039883409 18.59981010333716 40
    endloop
  endfacet
  facet normal 0.9602936856769464 -0.2789911060392175 0
    outer loop
      vertex 51.25026694219419 18.697903819463768 3.3
      vertex 51.27830957392775 18.794427190999915 40
      vertex 51.25026694219419 18.697903819463768 40
    endloop
  endfacet
  facet normal 0.9408807689542256 -0.33873792024529076 0
    outer loop
      vertex 51.27830957392775 18.794427190999915 3.3
      vertex 51.312357622578794 18.888999284295487 40
      vertex 51.27830957392775 18.794427190999915 40
    endloop
  endfacet
  facet normal 0.9177546256839872 -0.39714789063476674 0
    outer loop
      vertex 51.312357622578794 18.888999284295487 3.3
      vertex 51.35227671605436 18.981246866504115 40
      vertex 51.312357622578794 18.888999284295487 40
    endloop
  endfacet
  facet normal 0.8910065241883545 -0.4539904997395731 0
    outer loop
      vertex 51.35227671605436 18.981246866504115 3.3
      vertex 51.397909311929816 19.070805878562744 40
      vertex 51.35227671605436 18.981246866504115 40
    endloop
  endfacet
  facet normal 0.8607420270039514 -0.5090414157503581 0
    outer loop
      vertex 51.397909311929816 19.070805878562744 3.3
      vertex 51.44907531919677 19.157322871966397 40
      vertex 51.397909311929816 19.070805878562744 40
    endloop
  endfacet
  facet normal 0.8270805742745639 -0.5620833778521276 0
    outer loop
      vertex 51.44907531919677 19.157322871966397 3.3
      vertex 51.50557280900008 19.240456403667956 40
      vertex 51.44907531919677 19.157322871966397 40
    endloop
  endfacet
  facet normal 0.7901550123756832 -0.6129070536529856 0
    outer loop
      vertex 51.50557280900008 19.240456403667956 3.3
      vertex 51.56717881155873 19.319878383597903 40
      vertex 51.50557280900008 19.240456403667956 40
    endloop
  endfacet
  facet normal 0.7501110696304703 -0.6613118653236398 0
    outer loop
      vertex 51.56717881155873 19.319878383597903 3.3
      vertex 51.633650196125735 19.3952753694859 40
      vertex 51.56717881155873 19.319878383597903 40
    endloop
  endfacet
  facet normal 0.7071067811865476 -0.7071067811865476 0
    outer loop
      vertex 51.633650196125735 19.3952753694859 3.3
      vertex 51.70472463051409 19.46634980387426 40
      vertex 51.633650196125735 19.3952753694859 40
    endloop
  endfacet
  facet normal 0.6613118653236596 -0.7501110696304526 0
    outer loop
      vertex 51.70472463051409 19.46634980387426 3.3
      vertex 51.78012161640209 19.532821188441265 40
      vertex 51.70472463051409 19.46634980387426 40
    endloop
  endfacet
  facet normal 0.6129070536529635 -0.7901550123757003 0
    outer loop
      vertex 51.78012161640209 19.532821188441265 3.3
      vertex 51.85954359633204 19.594427190999916 40
      vertex 51.78012161640209 19.532821188441265 40
    endloop
  endfacet
  facet normal 0.5620833778521352 -0.8270805742745586 0
    outer loop
      vertex 51.85954359633204 19.594427190999916 3.3
      vertex 51.9426771280336 19.650924680803225 40
      vertex 51.85954359633204 19.594427190999916 40
    endloop
  endfacet
  facet normal 0.5090414157503736 -0.8607420270039422 0
    outer loop
      vertex 51.9426771280336 19.650924680803225 3.3
      vertex 52.02919412143725 19.702090688070182 40
      vertex 51.9426771280336 19.650924680803225 40
    endloop
  endfacet
  facet normal 0.453990499739545 -0.8910065241883688 0
    outer loop
      vertex 52.02919412143725 19.702090688070182 3.3
      vertex 52.11875313349588 19.747723283945632 40
      vertex 52.02919412143725 19.702090688070182 40
    endloop
  endfacet
  facet normal 0.3971478906347707 -0.9177546256839854 0
    outer loop
      vertex 52.11875313349588 19.747723283945632 3.3
      vertex 52.211000715704515 19.787642377421204 40
      vertex 52.11875313349588 19.747723283945632 40
    endloop
  endfacet
  facet normal 0.3387379202453021 -0.9408807689542217 0
    outer loop
      vertex 52.211000715704515 19.787642377421204 3.3
      vertex 52.30557280900008 19.821690426072248 40
      vertex 52.211000715704515 19.787642377421204 40
    endloop
  endfacet
  facet normal 0.278991106039227 -0.9602936856769437 0
    outer loop
      vertex 52.30557280900008 19.821690426072248 3.3
      vertex 52.402096180536226 19.84973305780581 40
      vertex 52.30557280900008 19.821690426072248 40
    endloop
  endfacet
  facet normal 0.2181432413965294 -0.9759167619387503 0
    outer loop
      vertex 52.402096180536226 19.84973305780581 3.3
      vertex 52.50018989666284 19.871659601165902 40
      vertex 52.402096180536226 19.84973305780581 40
    endloop
  endfacet
  facet normal 0.1564344650402258 -0.9876883405951385 0
    outer loop
      vertex 52.50018989666284 19.871659601165902 3.3
      vertex 52.59946682629711 19.887383522103164 40
      vertex 52.50018989666284 19.871659601165902 40
    endloop
  endfacet
  facet normal 0.09410831331853078 -0.9955619646030784 0
    outer loop
      vertex 52.59946682629711 19.887383522103164 3.3
      vertex 52.699535168753094 19.896842765485236 40
      vertex 52.59946682629711 19.887383522103164 40
    endloop
  endfacet
  facet normal 0.03141075907813844 -0.9995065603657312 0
    outer loop
      vertex 52.699535168753094 19.896842765485236 3.3
      vertex 52.8 19.900000000000002 40
      vertex 52.699535168753094 19.896842765485236 40
    endloop
  endfacet
  facet normal -0.03141075907813844 -0.9995065603657312 0
    outer loop
      vertex 52.8 19.900000000000002 3.3
      vertex 52.9004648312469 19.896842765485236 40
      vertex 52.8 19.900000000000002 40
    endloop
  endfacet
  facet normal -0.1564344650402258 -0.9876883405951385 0
    outer loop
      vertex 53.000533173702884 19.887383522103164 3.3
      vertex 53.099810103337155 19.871659601165902 40
      vertex 53.000533173702884 19.887383522103164 40
    endloop
  endfacet
  facet normal -0.09410831331853078 -0.9955619646030784 0
    outer loop
      vertex 52.9004648312469 19.896842765485236 3.3
      vertex 53.000533173702884 19.887383522103164 40
      vertex 52.9004648312469 19.896842765485236 40
    endloop
  endfacet
  facet normal -0.8607420270039422 0.5090414157503736 0
    outer loop
      vertex 54.20209068807018 17.529194121437257 3.3
      vertex 54.15092468080322 17.44267712803361 40
      vertex 54.20209068807018 17.529194121437257 40
    endloop
  endfacet
  facet normal -0.8910065241883545 0.4539904997395731 0
    outer loop
      vertex 54.24772328394563 17.618753133495886 3.3
      vertex 54.20209068807018 17.529194121437257 40
      vertex 54.24772328394563 17.618753133495886 40
    endloop
  endfacet
  facet normal -0.9177546256839872 0.39714789063476674 0
    outer loop
      vertex 54.2876423774212 17.711000715704515 3.3
      vertex 54.24772328394563 17.618753133495886 40
      vertex 54.2876423774212 17.711000715704515 40
    endloop
  endfacet
  facet normal -0.9408807689542256 0.33873792024529076 0
    outer loop
      vertex 54.321690426072244 17.805572809000086 3.3
      vertex 54.2876423774212 17.711000715704515 40
      vertex 54.321690426072244 17.805572809000086 40
    endloop
  endfacet
  facet normal -0.9602936856769464 0.2789911060392175 0
    outer loop
      vertex 54.34973305780581 17.902096180536233 3.3
      vertex 54.321690426072244 17.805572809000086 40
      vertex 54.34973305780581 17.902096180536233 40
    endloop
  endfacet
  facet normal -0.9759167619387411 0.21814324139657063 0
    outer loop
      vertex 54.3716596011659 18.000189896662842 3.3
      vertex 54.34973305780581 17.902096180536233 40
      vertex 54.3716596011659 18.000189896662842 40
    endloop
  endfacet
  facet normal -0.9876883405951385 0.1564344650402258 0
    outer loop
      vertex 54.387383522103164 18.099466826297114 3.3
      vertex 54.3716596011659 18.000189896662842 40
      vertex 54.387383522103164 18.099466826297114 40
    endloop
  endfacet
  facet normal -0.9955619646030817 0.09410831331849574 0
    outer loop
      vertex 54.39684276548523 18.199535168753098 3.3
      vertex 54.387383522103164 18.099466826297114 40
      vertex 54.39684276548523 18.199535168753098 40
    endloop
  endfacet
  facet normal -0.9995065603657312 0.03141075907813844 0
    outer loop
      vertex 54.4 18.3 3.3
      vertex 54.39684276548523 18.199535168753098 40
      vertex 54.4 18.3 40
    endloop
  endfacet
  facet normal -0.9995065603657312 -0.03141075907813844 0
    outer loop
      vertex 54.39684276548523 18.400464831246904 3.3
      vertex 54.4 18.3 40
      vertex 54.39684276548523 18.400464831246904 40
    endloop
  endfacet
  facet normal -0.9955619646030817 -0.09410831331849574 0
    outer loop
      vertex 54.387383522103164 18.500533173702888 3.3
      vertex 54.39684276548523 18.400464831246904 40
      vertex 54.387383522103164 18.500533173702888 40
    endloop
  endfacet
  facet normal -0.9876883405951385 -0.1564344650402258 0
    outer loop
      vertex 54.3716596011659 18.59981010333716 3.3
      vertex 54.387383522103164 18.500533173702888 40
      vertex 54.3716596011659 18.59981010333716 40
    endloop
  endfacet
  facet normal -0.9759167619387411 -0.21814324139657063 0
    outer loop
      vertex 54.34973305780581 18.697903819463768 3.3
      vertex 54.3716596011659 18.59981010333716 40
      vertex 54.34973305780581 18.697903819463768 40
    endloop
  endfacet
  facet normal -0.7901550123756832 -0.6129070536529856 0
    outer loop
      vertex 54.03282118844126 19.319878383597903 3.3
      vertex 54.094427190999916 19.240456403667956 40
      vertex 54.03282118844126 19.319878383597903 40
    endloop
  endfacet
  facet normal -0.7501110696304703 -0.6613118653236398 0
    outer loop
      vertex 53.96634980387426 19.3952753694859 3.3
      vertex 54.03282118844126 19.319878383597903 40
      vertex 53.96634980387426 19.3952753694859 40
    endloop
  endfacet
  facet normal -0.9602936856769464 -0.2789911060392175 0
    outer loop
      vertex 54.321690426072244 18.794427190999915 3.3
      vertex 54.34973305780581 18.697903819463768 40
      vertex 54.321690426072244 18.794427190999915 40
    endloop
  endfacet
  facet normal -0.9408807689542256 -0.33873792024529076 0
    outer loop
      vertex 54.2876423774212 18.888999284295487 3.3
      vertex 54.321690426072244 18.794427190999915 40
      vertex 54.2876423774212 18.888999284295487 40
    endloop
  endfacet
  facet normal -0.9177546256839872 -0.39714789063476674 0
    outer loop
      vertex 54.24772328394563 18.981246866504115 3.3
      vertex 54.2876423774212 18.888999284295487 40
      vertex 54.24772328394563 18.981246866504115 40
    endloop
  endfacet
  facet normal -0.8910065241883545 -0.4539904997395731 0
    outer loop
      vertex 54.20209068807018 19.070805878562744 3.3
      vertex 54.24772328394563 18.981246866504115 40
      vertex 54.20209068807018 19.070805878562744 40
    endloop
  endfacet
  facet normal -0.8607420270039514 -0.5090414157503581 0
    outer loop
      vertex 54.15092468080322 19.157322871966397 3.3
      vertex 54.20209068807018 19.070805878562744 40
      vertex 54.15092468080322 19.157322871966397 40
    endloop
  endfacet
  facet normal -0.8270805742745639 -0.5620833778521276 0
    outer loop
      vertex 54.094427190999916 19.240456403667956 3.3
      vertex 54.15092468080322 19.157322871966397 40
      vertex 54.094427190999916 19.240456403667956 40
    endloop
  endfacet
  facet normal -0.7071067811865476 -0.7071067811865476 0
    outer loop
      vertex 53.8952753694859 19.46634980387426 3.3
      vertex 53.96634980387426 19.3952753694859 40
      vertex 53.8952753694859 19.46634980387426 40
    endloop
  endfacet
  facet normal -0.6613118653236596 -0.7501110696304526 0
    outer loop
      vertex 53.8198783835979 19.532821188441265 3.3
      vertex 53.8952753694859 19.46634980387426 40
      vertex 53.8198783835979 19.532821188441265 40
    endloop
  endfacet
  facet normal -0.6129070536529635 -0.7901550123757003 0
    outer loop
      vertex 53.740456403667956 19.594427190999916 3.3
      vertex 53.8198783835979 19.532821188441265 40
      vertex 53.740456403667956 19.594427190999916 40
    endloop
  endfacet
  facet normal -0.5620833778521352 -0.8270805742745586 0
    outer loop
      vertex 53.65732287196639 19.650924680803225 3.3
      vertex 53.740456403667956 19.594427190999916 40
      vertex 53.65732287196639 19.650924680803225 40
    endloop
  endfacet
  facet normal -0.5090414157503736 -0.8607420270039422 0
    outer loop
      vertex 53.570805878562744 19.702090688070182 3.3
      vertex 53.65732287196639 19.650924680803225 40
      vertex 53.570805878562744 19.702090688070182 40
    endloop
  endfacet
  facet normal -0.278991106039227 -0.9602936856769437 0
    outer loop
      vertex 53.19790381946377 19.84973305780581 3.3
      vertex 53.29442719099991 19.821690426072248 40
      vertex 53.19790381946377 19.84973305780581 40
    endloop
  endfacet
  facet normal -0.453990499739545 -0.8910065241883688 0
    outer loop
      vertex 53.481246866504115 19.747723283945632 3.3
      vertex 53.570805878562744 19.702090688070182 40
      vertex 53.481246866504115 19.747723283945632 40
    endloop
  endfacet
  facet normal -0.3971478906347707 -0.9177546256839854 0
    outer loop
      vertex 53.38899928429548 19.787642377421204 3.3
      vertex 53.481246866504115 19.747723283945632 40
      vertex 53.38899928429548 19.787642377421204 40
    endloop
  endfacet
  facet normal -0.3387379202453021 -0.9408807689542217 0
    outer loop
      vertex 53.29442719099991 19.821690426072248 3.3
      vertex 53.38899928429548 19.787642377421204 40
      vertex 53.29442719099991 19.821690426072248 40
    endloop
  endfacet
  facet normal -0.2181432413965294 -0.9759167619387503 0
    outer loop
      vertex 53.099810103337155 19.871659601165902 3.3
      vertex 53.19790381946377 19.84973305780581 40
      vertex 53.099810103337155 19.871659601165902 40
    endloop
  endfacet
  facet normal 0.3971478906347965 0.9177546256839743 0
    outer loop
      vertex 77.11875313349589 16.85227671605437 3.3
      vertex 77.11875313349589 16.85227671605437 40
      vertex 77.21100071570451 16.812357622578798 3.3
    endloop
  endfacet
  facet normal 0.3387379202453021 0.9408807689542217 0
    outer loop
      vertex 77.21100071570451 16.812357622578798 3.3
      vertex 77.21100071570451 16.812357622578798 40
      vertex 77.30557280900008 16.778309573927753 3.3
    endloop
  endfacet
  facet normal 0.27899110603920807 0.9602936856769493 0
    outer loop
      vertex 77.40209618053623 16.75026694219419 3.3
      vertex 77.30557280900008 16.778309573927753 3.3
      vertex 77.30557280900008 16.778309573927753 40
    endloop
  endfacet
  facet normal 0.21814324139655952 0.9759167619387437 0
    outer loop
      vertex 77.40209618053623 16.75026694219419 3.3
      vertex 77.40209618053623 16.75026694219419 40
      vertex 77.50018989666283 16.7283403988341 3.3
    endloop
  endfacet
  facet normal 0.15643446504020395 0.987688340595142 0
    outer loop
      vertex 77.50018989666283 16.7283403988341 3.3
      vertex 77.50018989666283 16.7283403988341 40
      vertex 77.59946682629712 16.712616477896837 3.3
    endloop
  endfacet
  facet normal 0.8270805742745639 0.5620833778521276 0
    outer loop
      vertex 76.50557280900009 17.359543596332045 3.3
      vertex 76.44907531919678 17.442677128033605 3.3
      vertex 76.44907531919678 17.442677128033605 40
    endloop
  endfacet
  facet normal 0.5090414157503736 0.8607420270039422 0
    outer loop
      vertex 77.02919412143726 16.89790931192982 3.3
      vertex 76.94267712803361 16.949075319196776 3.3
      vertex 76.94267712803361 16.949075319196776 40
    endloop
  endfacet
  facet normal 0.5620833778521352 0.8270805742745586 0
    outer loop
      vertex 76.94267712803361 16.949075319196776 3.3
      vertex 76.85954359633205 17.005572809000085 3.3
      vertex 76.85954359633205 17.005572809000085 40
    endloop
  endfacet
  facet normal 0.6613118653236245 0.7501110696304836 0
    outer loop
      vertex 76.7047246305141 17.133650196125743 3.3
      vertex 76.7047246305141 17.133650196125743 40
      vertex 76.7801216164021 17.067178811558737 3.3
    endloop
  endfacet
  facet normal 0.7071067811865829 0.7071067811865122 0
    outer loop
      vertex 76.7047246305141 17.133650196125743 3.3
      vertex 76.63365019612574 17.2047246305141 3.3
      vertex 76.63365019612574 17.2047246305141 40
    endloop
  endfacet
  facet normal 0.6129070536529635 0.7901550123757003 0
    outer loop
      vertex 76.85954359633205 17.005572809000085 3.3
      vertex 76.7801216164021 17.067178811558737 3.3
      vertex 76.7801216164021 17.067178811558737 40
    endloop
  endfacet
  facet normal 0.453990499739545 0.8910065241883688 0
    outer loop
      vertex 77.11875313349589 16.85227671605437 3.3
      vertex 77.02919412143726 16.89790931192982 3.3
      vertex 77.02919412143726 16.89790931192982 40
    endloop
  endfacet
  facet normal 0.7501110696304352 0.6613118653236796 0
    outer loop
      vertex 76.63365019612574 17.2047246305141 3.3
      vertex 76.56717881155873 17.2801216164021 3.3
      vertex 76.56717881155873 17.2801216164021 40
    endloop
  endfacet
  facet normal 0.7901550123757174 0.6129070536529415 0
    outer loop
      vertex 76.50557280900009 17.359543596332045 3.3
      vertex 76.50557280900009 17.359543596332045 40
      vertex 76.56717881155873 17.2801216164021 3.3
    endloop
  endfacet
  facet normal 0.09410831331853078 0.9955619646030784 0
    outer loop
      vertex 77.59946682629712 16.712616477896837 3.3
      vertex 77.59946682629712 16.712616477896837 40
      vertex 77.6995351687531 16.703157234514766 3.3
    endloop
  endfacet
  facet normal 0.03141075907814066 0.9995065603657312 0
    outer loop
      vertex 77.6995351687531 16.703157234514766 3.3
      vertex 77.6995351687531 16.703157234514766 40
      vertex 77.8 16.7 3.3
    endloop
  endfacet
  facet normal -0.03141075907814066 0.9995065603657312 0
    outer loop
      vertex 77.8 16.7 3.3
      vertex 77.8 16.7 40
      vertex 77.9004648312469 16.703157234514766 3.3
    endloop
  endfacet
  facet normal -0.09410831331853078 0.9955619646030784 0
    outer loop
      vertex 77.9004648312469 16.703157234514766 3.3
      vertex 77.9004648312469 16.703157234514766 40
      vertex 78.00053317370288 16.712616477896837 3.3
    endloop
  endfacet
  facet normal -0.15643446504020395 0.987688340595142 0
    outer loop
      vertex 78.00053317370288 16.712616477896837 3.3
      vertex 78.00053317370288 16.712616477896837 40
      vertex 78.09981010333716 16.7283403988341 3.3
    endloop
  endfacet
  facet normal -0.21814324139655952 0.9759167619387437 0
    outer loop
      vertex 78.09981010333716 16.7283403988341 3.3
      vertex 78.09981010333716 16.7283403988341 40
      vertex 78.19790381946376 16.75026694219419 3.3
    endloop
  endfacet
  facet normal -0.27899110603920807 0.9602936856769493 0
    outer loop
      vertex 78.19790381946376 16.75026694219419 3.3
      vertex 78.19790381946376 16.75026694219419 40
      vertex 78.29442719099991 16.778309573927753 3.3
    endloop
  endfacet
  facet normal -0.3387379202453021 0.9408807689542217 0
    outer loop
      vertex 78.29442719099991 16.778309573927753 3.3
      vertex 78.29442719099991 16.778309573927753 40
      vertex 78.38899928429548 16.812357622578798 3.3
    endloop
  endfacet
  facet normal -0.3971478906347965 0.9177546256839743 0
    outer loop
      vertex 78.38899928429548 16.812357622578798 3.3
      vertex 78.38899928429548 16.812357622578798 40
      vertex 78.48124686650411 16.85227671605437 3.3
    endloop
  endfacet
  facet normal -0.453990499739545 0.8910065241883688 0
    outer loop
      vertex 78.48124686650411 16.85227671605437 3.3
      vertex 78.48124686650411 16.85227671605437 40
      vertex 78.57080587856274 16.89790931192982 3.3
    endloop
  endfacet
  facet normal -0.5090414157503736 0.8607420270039422 0
    outer loop
      vertex 78.57080587856274 16.89790931192982 3.3
      vertex 78.57080587856274 16.89790931192982 40
      vertex 78.65732287196639 16.949075319196776 3.3
    endloop
  endfacet
  facet normal -0.5620833778521352 0.8270805742745586 0
    outer loop
      vertex 78.65732287196639 16.949075319196776 3.3
      vertex 78.65732287196639 16.949075319196776 40
      vertex 78.74045640366795 17.005572809000085 3.3
    endloop
  endfacet
  facet normal -0.6129070536529635 0.7901550123757003 0
    outer loop
      vertex 78.74045640366795 17.005572809000085 3.3
      vertex 78.74045640366795 17.005572809000085 40
      vertex 78.8198783835979 17.067178811558737 3.3
    endloop
  endfacet
  facet normal -0.6613118653236245 0.7501110696304836 0
    outer loop
      vertex 78.8198783835979 17.067178811558737 3.3
      vertex 78.8198783835979 17.067178811558737 40
      vertex 78.8952753694859 17.133650196125743 3.3
    endloop
  endfacet
  facet normal -0.7071067811865829 0.7071067811865122 0
    outer loop
      vertex 78.8952753694859 17.133650196125743 3.3
      vertex 78.8952753694859 17.133650196125743 40
      vertex 78.96634980387425 17.2047246305141 3.3
    endloop
  endfacet
  facet normal -0.7501110696304352 0.6613118653236796 0
    outer loop
      vertex 78.96634980387425 17.2047246305141 3.3
      vertex 78.96634980387425 17.2047246305141 40
      vertex 79.03282118844126 17.2801216164021 3.3
    endloop
  endfacet
  facet normal -0.7901550123757174 0.6129070536529415 0
    outer loop
      vertex 79.03282118844126 17.2801216164021 3.3
      vertex 79.03282118844126 17.2801216164021 40
      vertex 79.09442719099991 17.359543596332045 3.3
    endloop
  endfacet
  facet normal -0.8270805742745094 0.5620833778522077 0
    outer loop
      vertex 79.09442719099991 17.359543596332045 3.3
      vertex 79.09442719099991 17.359543596332045 40
      vertex 79.15092468080323 17.44267712803361 3.3
    endloop
  endfacet
  facet normal -0.8607420270040042 0.509041415750269 0
    outer loop
      vertex 79.15092468080323 17.44267712803361 3.3
      vertex 79.15092468080323 17.44267712803361 40
      vertex 79.20209068807017 17.529194121437257 3.3
    endloop
  endfacet
  facet normal 0.8607420270039514 0.5090414157503581 0
    outer loop
      vertex 76.44907531919678 17.442677128033605 3.3
      vertex 76.39790931192982 17.529194121437257 3.3
      vertex 76.39790931192982 17.529194121437257 40
    endloop
  endfacet
  facet normal 0.8910065241883258 0.4539904997396292 0
    outer loop
      vertex 76.39790931192982 17.529194121437257 3.3
      vertex 76.35227671605436 17.618753133495886 3.3
      vertex 76.35227671605436 17.618753133495886 40
    endloop
  endfacet
  facet normal 0.9177546256840129 0.3971478906347071 0
    outer loop
      vertex 76.35227671605436 17.618753133495886 3.3
      vertex 76.3123576225788 17.711000715704515 3.3
      vertex 76.3123576225788 17.711000715704515 40
    endloop
  endfacet
  facet normal 0.9408807689542256 0.33873792024529076 0
    outer loop
      vertex 76.3123576225788 17.711000715704515 3.3
      vertex 76.27830957392776 17.805572809000086 3.3
      vertex 76.27830957392776 17.805572809000086 40
    endloop
  endfacet
  facet normal 0.9602936856769276 0.2789911060392828 0
    outer loop
      vertex 76.27830957392776 17.805572809000086 3.3
      vertex 76.25026694219419 17.902096180536233 3.3
      vertex 76.25026694219419 17.902096180536233 40
    endloop
  endfacet
  facet normal 0.9759167619387411 0.21814324139657063 0
    outer loop
      vertex 76.25026694219419 17.902096180536233 3.3
      vertex 76.22834039883409 18.000189896662842 3.3
      vertex 76.22834039883409 18.000189896662842 40
    endloop
  endfacet
  facet normal 0.9876883405951385 0.1564344650402258 0
    outer loop
      vertex 76.22834039883409 18.000189896662842 3.3
      vertex 76.21261647789683 18.099466826297114 3.3
      vertex 76.21261647789683 18.099466826297114 40
    endloop
  endfacet
  facet normal 0.9955619646030817 0.09410831331849574 0
    outer loop
      vertex 76.21261647789683 18.099466826297114 3.3
      vertex 76.20315723451476 18.199535168753098 3.3
      vertex 76.20315723451476 18.199535168753098 40
    endloop
  endfacet
  facet normal 0.9995065603657335 0.03141075907806782 0
    outer loop
      vertex 76.20315723451476 18.199535168753098 3.3
      vertex 76.2 18.3 3.3
      vertex 76.2 18.3 40
    endloop
  endfacet
  facet normal 0.9995065603657335 -0.03141075907806782 0
    outer loop
      vertex 76.2 18.3 3.3
      vertex 76.20315723451476 18.400464831246904 3.3
      vertex 76.20315723451476 18.400464831246904 40
    endloop
  endfacet
  facet normal 0.9955619646030817 -0.09410831331849574 0
    outer loop
      vertex 76.20315723451476 18.400464831246904 3.3
      vertex 76.21261647789683 18.500533173702888 3.3
      vertex 76.21261647789683 18.500533173702888 40
    endloop
  endfacet
  facet normal 0.9876883405951385 -0.1564344650402258 0
    outer loop
      vertex 76.21261647789683 18.500533173702888 3.3
      vertex 76.22834039883409 18.59981010333716 3.3
      vertex 76.22834039883409 18.59981010333716 40
    endloop
  endfacet
  facet normal 0.9759167619387411 -0.21814324139657063 0
    outer loop
      vertex 76.22834039883409 18.59981010333716 3.3
      vertex 76.25026694219419 18.697903819463768 3.3
      vertex 76.25026694219419 18.697903819463768 40
    endloop
  endfacet
  facet normal 0.9602936856769276 -0.2789911060392828 0
    outer loop
      vertex 76.25026694219419 18.697903819463768 3.3
      vertex 76.27830957392776 18.794427190999915 3.3
      vertex 76.27830957392776 18.794427190999915 40
    endloop
  endfacet
  facet normal 0.9408807689542256 -0.33873792024529076 0
    outer loop
      vertex 76.27830957392776 18.794427190999915 3.3
      vertex 76.3123576225788 18.888999284295487 3.3
      vertex 76.3123576225788 18.888999284295487 40
    endloop
  endfacet
  facet normal 0.9177546256840129 -0.3971478906347071 0
    outer loop
      vertex 76.3123576225788 18.888999284295487 3.3
      vertex 76.35227671605436 18.981246866504115 3.3
      vertex 76.35227671605436 18.981246866504115 40
    endloop
  endfacet
  facet normal 0.8910065241883258 -0.4539904997396292 0
    outer loop
      vertex 76.35227671605436 18.981246866504115 3.3
      vertex 76.39790931192982 19.070805878562744 3.3
      vertex 76.39790931192982 19.070805878562744 40
    endloop
  endfacet
  facet normal 0.8607420270039514 -0.5090414157503581 0
    outer loop
      vertex 76.39790931192982 19.070805878562744 3.3
      vertex 76.44907531919678 19.157322871966397 3.3
      vertex 76.44907531919678 19.157322871966397 40
    endloop
  endfacet
  facet normal 0.8270805742745639 -0.5620833778521276 0
    outer loop
      vertex 76.44907531919678 19.157322871966397 3.3
      vertex 76.50557280900009 19.240456403667956 3.3
      vertex 76.50557280900009 19.240456403667956 40
    endloop
  endfacet
  facet normal 0.7901550123757174 -0.6129070536529415 0
    outer loop
      vertex 76.50557280900009 19.240456403667956 3.3
      vertex 76.56717881155873 19.319878383597903 3.3
      vertex 76.56717881155873 19.319878383597903 40
    endloop
  endfacet
  facet normal 0.7501110696304352 -0.6613118653236796 0
    outer loop
      vertex 76.56717881155873 19.319878383597903 3.3
      vertex 76.63365019612574 19.3952753694859 3.3
      vertex 76.63365019612574 19.3952753694859 40
    endloop
  endfacet
  facet normal 0.7071067811865829 -0.7071067811865122 0
    outer loop
      vertex 76.63365019612574 19.3952753694859 3.3
      vertex 76.7047246305141 19.46634980387426 3.3
      vertex 76.7047246305141 19.46634980387426 40
    endloop
  endfacet
  facet normal 0.6613118653236245 -0.7501110696304836 0
    outer loop
      vertex 76.7047246305141 19.46634980387426 3.3
      vertex 76.7801216164021 19.532821188441265 3.3
      vertex 76.7801216164021 19.532821188441265 40
    endloop
  endfacet
  facet normal 0.6129070536529635 -0.7901550123757003 0
    outer loop
      vertex 76.7801216164021 19.532821188441265 3.3
      vertex 76.85954359633205 19.594427190999916 3.3
      vertex 76.85954359633205 19.594427190999916 40
    endloop
  endfacet
  facet normal 0.5620833778521352 -0.8270805742745586 0
    outer loop
      vertex 76.85954359633205 19.594427190999916 3.3
      vertex 76.94267712803361 19.650924680803225 3.3
      vertex 76.94267712803361 19.650924680803225 40
    endloop
  endfacet
  facet normal 0.5090414157503736 -0.8607420270039422 0
    outer loop
      vertex 76.94267712803361 19.650924680803225 3.3
      vertex 77.02919412143726 19.702090688070182 3.3
      vertex 77.02919412143726 19.702090688070182 40
    endloop
  endfacet
  facet normal 0.453990499739545 -0.8910065241883688 0
    outer loop
      vertex 77.02919412143726 19.702090688070182 3.3
      vertex 77.11875313349589 19.747723283945632 3.3
      vertex 77.11875313349589 19.747723283945632 40
    endloop
  endfacet
  facet normal 0.3971478906347965 -0.9177546256839743 0
    outer loop
      vertex 77.11875313349589 19.747723283945632 3.3
      vertex 77.21100071570451 19.787642377421204 3.3
      vertex 77.21100071570451 19.787642377421204 40
    endloop
  endfacet
  facet normal 0.3387379202453021 -0.9408807689542217 0
    outer loop
      vertex 77.21100071570451 19.787642377421204 3.3
      vertex 77.30557280900008 19.821690426072248 3.3
      vertex 77.30557280900008 19.821690426072248 40
    endloop
  endfacet
  facet normal 0.27899110603920807 -0.9602936856769493 0
    outer loop
      vertex 77.30557280900008 19.821690426072248 3.3
      vertex 77.40209618053623 19.84973305780581 3.3
      vertex 77.40209618053623 19.84973305780581 40
    endloop
  endfacet
  facet normal 0.21814324139655952 -0.9759167619387437 0
    outer loop
      vertex 77.40209618053623 19.84973305780581 3.3
      vertex 77.50018989666283 19.871659601165902 3.3
      vertex 77.50018989666283 19.871659601165902 40
    endloop
  endfacet
  facet normal -0.8910065241883258 0.4539904997396292 0
    outer loop
      vertex 79.20209068807017 17.529194121437257 3.3
      vertex 79.20209068807017 17.529194121437257 40
      vertex 79.24772328394563 17.618753133495886 3.3
    endloop
  endfacet
  facet normal -0.9177546256840129 0.3971478906347071 0
    outer loop
      vertex 79.24772328394563 17.618753133495886 3.3
      vertex 79.24772328394563 17.618753133495886 40
      vertex 79.2876423774212 17.711000715704515 3.3
    endloop
  endfacet
  facet normal -0.9408807689542256 0.33873792024529076 0
    outer loop
      vertex 79.2876423774212 17.711000715704515 3.3
      vertex 79.2876423774212 17.711000715704515 40
      vertex 79.32169042607224 17.805572809000086 3.3
    endloop
  endfacet
  facet normal -0.9602936856769276 0.2789911060392828 0
    outer loop
      vertex 79.32169042607224 17.805572809000086 3.3
      vertex 79.32169042607224 17.805572809000086 40
      vertex 79.3497330578058 17.902096180536233 3.3
    endloop
  endfacet
  facet normal -0.9759167619387411 0.21814324139657063 0
    outer loop
      vertex 79.3497330578058 17.902096180536233 3.3
      vertex 79.3497330578058 17.902096180536233 40
      vertex 79.3716596011659 18.000189896662842 3.3
    endloop
  endfacet
  facet normal -0.9876883405951385 0.1564344650402258 0
    outer loop
      vertex 79.3716596011659 18.000189896662842 3.3
      vertex 79.3716596011659 18.000189896662842 40
      vertex 79.38738352210316 18.099466826297114 3.3
    endloop
  endfacet
  facet normal -0.9955619646030817 0.09410831331849574 0
    outer loop
      vertex 79.38738352210316 18.099466826297114 3.3
      vertex 79.38738352210316 18.099466826297114 40
      vertex 79.39684276548523 18.199535168753098 3.3
    endloop
  endfacet
  facet normal -0.9995065603657335 0.03141075907806782 0
    outer loop
      vertex 79.39684276548523 18.199535168753098 3.3
      vertex 79.39684276548523 18.199535168753098 40
      vertex 79.39999999999999 18.3 3.3
    endloop
  endfacet
  facet normal -0.9995065603657335 -0.03141075907806782 0
    outer loop
      vertex 79.39999999999999 18.3 3.3
      vertex 79.39999999999999 18.3 40
      vertex 79.39684276548523 18.400464831246904 3.3
    endloop
  endfacet
  facet normal -0.9955619646030817 -0.09410831331849574 0
    outer loop
      vertex 79.39684276548523 18.400464831246904 3.3
      vertex 79.39684276548523 18.400464831246904 40
      vertex 79.38738352210316 18.500533173702888 3.3
    endloop
  endfacet
  facet normal -0.9876883405951385 -0.1564344650402258 0
    outer loop
      vertex 79.38738352210316 18.500533173702888 3.3
      vertex 79.38738352210316 18.500533173702888 40
      vertex 79.3716596011659 18.59981010333716 3.3
    endloop
  endfacet
  facet normal -0.9759167619387411 -0.21814324139657063 0
    outer loop
      vertex 79.3716596011659 18.59981010333716 3.3
      vertex 79.3716596011659 18.59981010333716 40
      vertex 79.3497330578058 18.697903819463768 3.3
    endloop
  endfacet
  facet normal -0.9602936856769276 -0.2789911060392828 0
    outer loop
      vertex 79.3497330578058 18.697903819463768 3.3
      vertex 79.3497330578058 18.697903819463768 40
      vertex 79.32169042607224 18.794427190999915 3.3
    endloop
  endfacet
  facet normal -0.9408807689542256 -0.33873792024529076 0
    outer loop
      vertex 79.32169042607224 18.794427190999915 3.3
      vertex 79.32169042607224 18.794427190999915 40
      vertex 79.2876423774212 18.888999284295487 3.3
    endloop
  endfacet
  facet normal -0.9177546256840129 -0.3971478906347071 0
    outer loop
      vertex 79.2876423774212 18.888999284295487 3.3
      vertex 79.2876423774212 18.888999284295487 40
      vertex 79.24772328394563 18.981246866504115 3.3
    endloop
  endfacet
  facet normal -0.8910065241883831 -0.453990499739517 0
    outer loop
      vertex 79.24772328394563 18.981246866504115 3.3
      vertex 79.24772328394563 18.981246866504115 40
      vertex 79.20209068807019 19.070805878562744 3.3
    endloop
  endfacet
  facet normal -0.7901550123757174 -0.6129070536529415 0
    outer loop
      vertex 79.03282118844126 19.319878383597903 3.3
      vertex 79.09442719099991 19.240456403667956 3.3
      vertex 79.09442719099991 19.240456403667956 40
    endloop
  endfacet
  facet normal -0.7501110696304352 -0.6613118653236796 0
    outer loop
      vertex 79.03282118844126 19.319878383597903 3.3
      vertex 79.03282118844126 19.319878383597903 40
      vertex 78.96634980387425 19.3952753694859 3.3
    endloop
  endfacet
  facet normal -0.8607420270038895 -0.5090414157504629 0
    outer loop
      vertex 79.20209068807019 19.070805878562744 3.3
      vertex 79.20209068807019 19.070805878562744 40
      vertex 79.15092468080321 19.157322871966397 3.3
    endloop
  endfacet
  facet normal -0.8270805742745639 -0.5620833778521276 0
    outer loop
      vertex 79.15092468080321 19.157322871966397 3.3
      vertex 79.15092468080321 19.157322871966397 40
      vertex 79.09442719099991 19.240456403667956 3.3
    endloop
  endfacet
  facet normal 0.1564344650402258 -0.9876883405951385 0
    outer loop
      vertex 77.50018989666283 19.871659601165902 3.3
      vertex 77.5994668262971 19.887383522103164 3.3
      vertex 77.5994668262971 19.887383522103164 40
    endloop
  endfacet
  facet normal 0.09410831331851753 -0.9955619646030797 0
    outer loop
      vertex 77.5994668262971 19.887383522103164 3.3
      vertex 77.6995351687531 19.896842765485236 3.3
      vertex 77.6995351687531 19.896842765485236 40
    endloop
  endfacet
  facet normal 0.03141075907814066 -0.9995065603657312 0
    outer loop
      vertex 77.6995351687531 19.896842765485236 3.3
      vertex 77.8 19.900000000000002 3.3
      vertex 77.8 19.900000000000002 40
    endloop
  endfacet
  facet normal -0.03141075907814066 -0.9995065603657312 0
    outer loop
      vertex 77.8 19.900000000000002 3.3
      vertex 77.9004648312469 19.896842765485236 3.3
      vertex 77.9004648312469 19.896842765485236 40
    endloop
  endfacet
  facet normal -0.09410831331851753 -0.9955619646030797 0
    outer loop
      vertex 77.9004648312469 19.896842765485236 3.3
      vertex 78.00053317370289 19.887383522103164 3.3
      vertex 78.00053317370289 19.887383522103164 40
    endloop
  endfacet
  facet normal -0.27899110603920807 -0.9602936856769493 0
    outer loop
      vertex 78.29442719099991 19.821690426072248 3.3
      vertex 78.29442719099991 19.821690426072248 40
      vertex 78.19790381946376 19.84973305780581 3.3
    endloop
  endfacet
  facet normal -0.453990499739545 -0.8910065241883688 0
    outer loop
      vertex 78.48124686650411 19.747723283945632 3.3
      vertex 78.57080587856274 19.702090688070182 3.3
      vertex 78.57080587856274 19.702090688070182 40
    endloop
  endfacet
  facet normal -0.3971478906347965 -0.9177546256839743 0
    outer loop
      vertex 78.48124686650411 19.747723283945632 3.3
      vertex 78.48124686650411 19.747723283945632 40
      vertex 78.38899928429548 19.787642377421204 3.3
    endloop
  endfacet
  facet normal -0.3387379202453021 -0.9408807689542217 0
    outer loop
      vertex 78.29442719099991 19.821690426072248 3.3
      vertex 78.38899928429548 19.787642377421204 3.3
      vertex 78.38899928429548 19.787642377421204 40
    endloop
  endfacet
  facet normal -0.1564344650402258 -0.9876883405951385 0
    outer loop
      vertex 78.00053317370289 19.887383522103164 3.3
      vertex 78.09981010333716 19.871659601165902 3.3
      vertex 78.09981010333716 19.871659601165902 40
    endloop
  endfacet
  facet normal -0.21814324139655952 -0.9759167619387437 0
    outer loop
      vertex 78.09981010333716 19.871659601165902 3.3
      vertex 78.19790381946376 19.84973305780581 3.3
      vertex 78.19790381946376 19.84973305780581 40
    endloop
  endfacet
  facet normal -0.7071067811865829 -0.7071067811865122 0
    outer loop
      vertex 78.96634980387425 19.3952753694859 3.3
      vertex 78.96634980387425 19.3952753694859 40
      vertex 78.8952753694859 19.46634980387426 3.3
    endloop
  endfacet
  facet normal -0.6613118653236245 -0.7501110696304836 0
    outer loop
      vertex 78.8952753694859 19.46634980387426 3.3
      vertex 78.8952753694859 19.46634980387426 40
      vertex 78.8198783835979 19.532821188441265 3.3
    endloop
  endfacet
  facet normal -0.6129070536529635 -0.7901550123757003 0
    outer loop
      vertex 78.74045640366795 19.594427190999916 3.3
      vertex 78.8198783835979 19.532821188441265 3.3
      vertex 78.8198783835979 19.532821188441265 40
    endloop
  endfacet
  facet normal -0.5090414157503736 -0.8607420270039422 0
    outer loop
      vertex 78.65732287196639 19.650924680803225 3.3
      vertex 78.65732287196639 19.650924680803225 40
      vertex 78.57080587856274 19.702090688070182 3.3
    endloop
  endfacet
  facet normal -0.5620833778521352 -0.8270805742745586 0
    outer loop
      vertex 78.74045640366795 19.594427190999916 3.3
      vertex 78.74045640366795 19.594427190999916 40
      vertex 78.65732287196639 19.650924680803225 3.3
    endloop
  endfacet
  facet normal 0.3387379202453021 0.9408807689542217 0
    outer loop
      vertex 77.30557280900008 16.778309573927753 3.3
      vertex 77.21100071570451 16.812357622578798 40
      vertex 77.30557280900008 16.778309573927753 40
    endloop
  endfacet
  facet normal 0.453990499739545 0.8910065241883688 0
    outer loop
      vertex 77.11875313349589 16.85227671605437 3.3
      vertex 77.02919412143726 16.89790931192982 40
      vertex 77.11875313349589 16.85227671605437 40
    endloop
  endfacet
  facet normal 0.3971478906347965 0.9177546256839743 0
    outer loop
      vertex 77.21100071570451 16.812357622578798 3.3
      vertex 77.11875313349589 16.85227671605437 40
      vertex 77.21100071570451 16.812357622578798 40
    endloop
  endfacet
  facet normal 0.27899110603920807 0.9602936856769493 0
    outer loop
      vertex 77.40209618053623 16.75026694219419 3.3
      vertex 77.30557280900008 16.778309573927753 40
      vertex 77.40209618053623 16.75026694219419 40
    endloop
  endfacet
  facet normal 0.21814324139655952 0.9759167619387437 0
    outer loop
      vertex 77.50018989666283 16.7283403988341 3.3
      vertex 77.40209618053623 16.75026694219419 40
      vertex 77.50018989666283 16.7283403988341 40
    endloop
  endfacet
  facet normal 0.8270805742745639 0.5620833778521276 0
    outer loop
      vertex 76.50557280900009 17.359543596332045 3.3
      vertex 76.44907531919678 17.442677128033605 40
      vertex 76.50557280900009 17.359543596332045 40
    endloop
  endfacet
  facet normal 0.8607420270039514 0.5090414157503581 0
    outer loop
      vertex 76.44907531919678 17.442677128033605 3.3
      vertex 76.39790931192982 17.529194121437257 40
      vertex 76.44907531919678 17.442677128033605 40
    endloop
  endfacet
  facet normal 0.5090414157503736 0.8607420270039422 0
    outer loop
      vertex 77.02919412143726 16.89790931192982 3.3
      vertex 76.94267712803361 16.949075319196776 40
      vertex 77.02919412143726 16.89790931192982 40
    endloop
  endfacet
  facet normal 0.6129070536529635 0.7901550123757003 0
    outer loop
      vertex 76.85954359633205 17.005572809000085 3.3
      vertex 76.7801216164021 17.067178811558737 40
      vertex 76.85954359633205 17.005572809000085 40
    endloop
  endfacet
  facet normal 0.5620833778521352 0.8270805742745586 0
    outer loop
      vertex 76.94267712803361 16.949075319196776 3.3
      vertex 76.85954359633205 17.005572809000085 40
      vertex 76.94267712803361 16.949075319196776 40
    endloop
  endfacet
  facet normal 0.6613118653236245 0.7501110696304836 0
    outer loop
      vertex 76.7801216164021 17.067178811558737 3.3
      vertex 76.7047246305141 17.133650196125743 40
      vertex 76.7801216164021 17.067178811558737 40
    endloop
  endfacet
  facet normal 0.7071067811865829 0.7071067811865122 0
    outer loop
      vertex 76.7047246305141 17.133650196125743 3.3
      vertex 76.63365019612574 17.2047246305141 40
      vertex 76.7047246305141 17.133650196125743 40
    endloop
  endfacet
  facet normal 0.7501110696304352 0.6613118653236796 0
    outer loop
      vertex 76.63365019612574 17.2047246305141 3.3
      vertex 76.56717881155873 17.2801216164021 40
      vertex 76.63365019612574 17.2047246305141 40
    endloop
  endfacet
  facet normal 0.7901550123757174 0.6129070536529415 0
    outer loop
      vertex 76.56717881155873 17.2801216164021 3.3
      vertex 76.50557280900009 17.359543596332045 40
      vertex 76.56717881155873 17.2801216164021 40
    endloop
  endfacet
  facet normal 0.09410831331853078 0.9955619646030784 0
    outer loop
      vertex 77.6995351687531 16.703157234514766 3.3
      vertex 77.59946682629712 16.712616477896837 40
      vertex 77.6995351687531 16.703157234514766 40
    endloop
  endfacet
  facet normal 0.15643446504020395 0.987688340595142 0
    outer loop
      vertex 77.59946682629712 16.712616477896837 3.3
      vertex 77.50018989666283 16.7283403988341 40
      vertex 77.59946682629712 16.712616477896837 40
    endloop
  endfacet
  facet normal 0.03141075907814066 0.9995065603657312 0
    outer loop
      vertex 77.8 16.7 3.3
      vertex 77.6995351687531 16.703157234514766 40
      vertex 77.8 16.7 40
    endloop
  endfacet
  facet normal -0.03141075907814066 0.9995065603657312 0
    outer loop
      vertex 77.9004648312469 16.703157234514766 3.3
      vertex 77.8 16.7 40
      vertex 77.9004648312469 16.703157234514766 40
    endloop
  endfacet
  facet normal -0.09410831331853078 0.9955619646030784 0
    outer loop
      vertex 78.00053317370288 16.712616477896837 3.3
      vertex 77.9004648312469 16.703157234514766 40
      vertex 78.00053317370288 16.712616477896837 40
    endloop
  endfacet
  facet normal -0.15643446504020395 0.987688340595142 0
    outer loop
      vertex 78.09981010333716 16.7283403988341 3.3
      vertex 78.00053317370288 16.712616477896837 40
      vertex 78.09981010333716 16.7283403988341 40
    endloop
  endfacet
  facet normal -0.21814324139655952 0.9759167619387437 0
    outer loop
      vertex 78.19790381946376 16.75026694219419 3.3
      vertex 78.09981010333716 16.7283403988341 40
      vertex 78.19790381946376 16.75026694219419 40
    endloop
  endfacet
  facet normal -0.27899110603920807 0.9602936856769493 0
    outer loop
      vertex 78.29442719099991 16.778309573927753 3.3
      vertex 78.19790381946376 16.75026694219419 40
      vertex 78.29442719099991 16.778309573927753 40
    endloop
  endfacet
  facet normal -0.3387379202453021 0.9408807689542217 0
    outer loop
      vertex 78.38899928429548 16.812357622578798 3.3
      vertex 78.29442719099991 16.778309573927753 40
      vertex 78.38899928429548 16.812357622578798 40
    endloop
  endfacet
  facet normal -0.3971478906347965 0.9177546256839743 0
    outer loop
      vertex 78.48124686650411 16.85227671605437 3.3
      vertex 78.38899928429548 16.812357622578798 40
      vertex 78.48124686650411 16.85227671605437 40
    endloop
  endfacet
  facet normal -0.453990499739545 0.8910065241883688 0
    outer loop
      vertex 78.57080587856274 16.89790931192982 3.3
      vertex 78.48124686650411 16.85227671605437 40
      vertex 78.57080587856274 16.89790931192982 40
    endloop
  endfacet
  facet normal -0.5090414157503736 0.8607420270039422 0
    outer loop
      vertex 78.65732287196639 16.949075319196776 3.3
      vertex 78.57080587856274 16.89790931192982 40
      vertex 78.65732287196639 16.949075319196776 40
    endloop
  endfacet
  facet normal -0.5620833778521352 0.8270805742745586 0
    outer loop
      vertex 78.74045640366795 17.005572809000085 3.3
      vertex 78.65732287196639 16.949075319196776 40
      vertex 78.74045640366795 17.005572809000085 40
    endloop
  endfacet
  facet normal -0.6129070536529635 0.7901550123757003 0
    outer loop
      vertex 78.8198783835979 17.067178811558737 3.3
      vertex 78.74045640366795 17.005572809000085 40
      vertex 78.8198783835979 17.067178811558737 40
    endloop
  endfacet
  facet normal -0.6613118653236245 0.7501110696304836 0
    outer loop
      vertex 78.8952753694859 17.133650196125743 3.3
      vertex 78.8198783835979 17.067178811558737 40
      vertex 78.8952753694859 17.133650196125743 40
    endloop
  endfacet
  facet normal -0.7071067811865829 0.7071067811865122 0
    outer loop
      vertex 78.96634980387425 17.2047246305141 3.3
      vertex 78.8952753694859 17.133650196125743 40
      vertex 78.96634980387425 17.2047246305141 40
    endloop
  endfacet
  facet normal -0.7501110696304352 0.6613118653236796 0
    outer loop
      vertex 79.03282118844126 17.2801216164021 3.3
      vertex 78.96634980387425 17.2047246305141 40
      vertex 79.03282118844126 17.2801216164021 40
    endloop
  endfacet
  facet normal -0.7901550123757174 0.6129070536529415 0
    outer loop
      vertex 79.09442719099991 17.359543596332045 3.3
      vertex 79.03282118844126 17.2801216164021 40
      vertex 79.09442719099991 17.359543596332045 40
    endloop
  endfacet
  facet normal -0.8270805742745094 0.5620833778522077 0
    outer loop
      vertex 79.15092468080323 17.44267712803361 3.3
      vertex 79.09442719099991 17.359543596332045 40
      vertex 79.15092468080323 17.44267712803361 40
    endloop
  endfacet
  facet normal 0.8910065241883258 0.4539904997396292 0
    outer loop
      vertex 76.39790931192982 17.529194121437257 3.3
      vertex 76.35227671605436 17.618753133495886 40
      vertex 76.39790931192982 17.529194121437257 40
    endloop
  endfacet
  facet normal 0.9177546256840129 0.3971478906347071 0
    outer loop
      vertex 76.35227671605436 17.618753133495886 3.3
      vertex 76.3123576225788 17.711000715704515 40
      vertex 76.35227671605436 17.618753133495886 40
    endloop
  endfacet
  facet normal 0.9408807689542256 0.33873792024529076 0
    outer loop
      vertex 76.3123576225788 17.711000715704515 3.3
      vertex 76.27830957392776 17.805572809000086 40
      vertex 76.3123576225788 17.711000715704515 40
    endloop
  endfacet
  facet normal 0.9759167619387411 0.21814324139657063 0
    outer loop
      vertex 76.25026694219419 17.902096180536233 3.3
      vertex 76.22834039883409 18.000189896662842 40
      vertex 76.25026694219419 17.902096180536233 40
    endloop
  endfacet
  facet normal 0.9602936856769276 0.2789911060392828 0
    outer loop
      vertex 76.27830957392776 17.805572809000086 3.3
      vertex 76.25026694219419 17.902096180536233 40
      vertex 76.27830957392776 17.805572809000086 40
    endloop
  endfacet
  facet normal 0.9876883405951385 0.1564344650402258 0
    outer loop
      vertex 76.22834039883409 18.000189896662842 3.3
      vertex 76.21261647789683 18.099466826297114 40
      vertex 76.22834039883409 18.000189896662842 40
    endloop
  endfacet
  facet normal 0.9955619646030817 0.09410831331849574 0
    outer loop
      vertex 76.21261647789683 18.099466826297114 3.3
      vertex 76.20315723451476 18.199535168753098 40
      vertex 76.21261647789683 18.099466826297114 40
    endloop
  endfacet
  facet normal 0.9995065603657335 0.03141075907806782 0
    outer loop
      vertex 76.20315723451476 18.199535168753098 3.3
      vertex 76.2 18.3 40
      vertex 76.20315723451476 18.199535168753098 40
    endloop
  endfacet
  facet normal 0.9995065603657335 -0.03141075907806782 0
    outer loop
      vertex 76.2 18.3 3.3
      vertex 76.20315723451476 18.400464831246904 40
      vertex 76.2 18.3 40
    endloop
  endfacet
  facet normal 0.9955619646030817 -0.09410831331849574 0
    outer loop
      vertex 76.20315723451476 18.400464831246904 3.3
      vertex 76.21261647789683 18.500533173702888 40
      vertex 76.20315723451476 18.400464831246904 40
    endloop
  endfacet
  facet normal 0.9876883405951385 -0.1564344650402258 0
    outer loop
      vertex 76.21261647789683 18.500533173702888 3.3
      vertex 76.22834039883409 18.59981010333716 40
      vertex 76.21261647789683 18.500533173702888 40
    endloop
  endfacet
  facet normal 0.9759167619387411 -0.21814324139657063 0
    outer loop
      vertex 76.22834039883409 18.59981010333716 3.3
      vertex 76.25026694219419 18.697903819463768 40
      vertex 76.22834039883409 18.59981010333716 40
    endloop
  endfacet
  facet normal 0.9602936856769276 -0.2789911060392828 0
    outer loop
      vertex 76.25026694219419 18.697903819463768 3.3
      vertex 76.27830957392776 18.794427190999915 40
      vertex 76.25026694219419 18.697903819463768 40
    endloop
  endfacet
  facet normal 0.9408807689542256 -0.33873792024529076 0
    outer loop
      vertex 76.27830957392776 18.794427190999915 3.3
      vertex 76.3123576225788 18.888999284295487 40
      vertex 76.27830957392776 18.794427190999915 40
    endloop
  endfacet
  facet normal 0.9177546256840129 -0.3971478906347071 0
    outer loop
      vertex 76.3123576225788 18.888999284295487 3.3
      vertex 76.35227671605436 18.981246866504115 40
      vertex 76.3123576225788 18.888999284295487 40
    endloop
  endfacet
  facet normal 0.8910065241883258 -0.4539904997396292 0
    outer loop
      vertex 76.35227671605436 18.981246866504115 3.3
      vertex 76.39790931192982 19.070805878562744 40
      vertex 76.35227671605436 18.981246866504115 40
    endloop
  endfacet
  facet normal 0.8607420270039514 -0.5090414157503581 0
    outer loop
      vertex 76.39790931192982 19.070805878562744 3.3
      vertex 76.44907531919678 19.157322871966397 40
      vertex 76.39790931192982 19.070805878562744 40
    endloop
  endfacet
  facet normal 0.8270805742745639 -0.5620833778521276 0
    outer loop
      vertex 76.44907531919678 19.157322871966397 3.3
      vertex 76.50557280900009 19.240456403667956 40
      vertex 76.44907531919678 19.157322871966397 40
    endloop
  endfacet
  facet normal 0.7901550123757174 -0.6129070536529415 0
    outer loop
      vertex 76.50557280900009 19.240456403667956 3.3
      vertex 76.56717881155873 19.319878383597903 40
      vertex 76.50557280900009 19.240456403667956 40
    endloop
  endfacet
  facet normal 0.7501110696304352 -0.6613118653236796 0
    outer loop
      vertex 76.56717881155873 19.319878383597903 3.3
      vertex 76.63365019612574 19.3952753694859 40
      vertex 76.56717881155873 19.319878383597903 40
    endloop
  endfacet
  facet normal 0.7071067811865829 -0.7071067811865122 0
    outer loop
      vertex 76.63365019612574 19.3952753694859 3.3
      vertex 76.7047246305141 19.46634980387426 40
      vertex 76.63365019612574 19.3952753694859 40
    endloop
  endfacet
  facet normal 0.6613118653236245 -0.7501110696304836 0
    outer loop
      vertex 76.7047246305141 19.46634980387426 3.3
      vertex 76.7801216164021 19.532821188441265 40
      vertex 76.7047246305141 19.46634980387426 40
    endloop
  endfacet
  facet normal 0.6129070536529635 -0.7901550123757003 0
    outer loop
      vertex 76.7801216164021 19.532821188441265 3.3
      vertex 76.85954359633205 19.594427190999916 40
      vertex 76.7801216164021 19.532821188441265 40
    endloop
  endfacet
  facet normal 0.5620833778521352 -0.8270805742745586 0
    outer loop
      vertex 76.85954359633205 19.594427190999916 3.3
      vertex 76.94267712803361 19.650924680803225 40
      vertex 76.85954359633205 19.594427190999916 40
    endloop
  endfacet
  facet normal 0.5090414157503736 -0.8607420270039422 0
    outer loop
      vertex 76.94267712803361 19.650924680803225 3.3
      vertex 77.02919412143726 19.702090688070182 40
      vertex 76.94267712803361 19.650924680803225 40
    endloop
  endfacet
  facet normal 0.453990499739545 -0.8910065241883688 0
    outer loop
      vertex 77.02919412143726 19.702090688070182 3.3
      vertex 77.11875313349589 19.747723283945632 40
      vertex 77.02919412143726 19.702090688070182 40
    endloop
  endfacet
  facet normal 0.3971478906347965 -0.9177546256839743 0
    outer loop
      vertex 77.11875313349589 19.747723283945632 3.3
      vertex 77.21100071570451 19.787642377421204 40
      vertex 77.11875313349589 19.747723283945632 40
    endloop
  endfacet
  facet normal 0.3387379202453021 -0.9408807689542217 0
    outer loop
      vertex 77.21100071570451 19.787642377421204 3.3
      vertex 77.30557280900008 19.821690426072248 40
      vertex 77.21100071570451 19.787642377421204 40
    endloop
  endfacet
  facet normal 0.27899110603920807 -0.9602936856769493 0
    outer loop
      vertex 77.30557280900008 19.821690426072248 3.3
      vertex 77.40209618053623 19.84973305780581 40
      vertex 77.30557280900008 19.821690426072248 40
    endloop
  endfacet
  facet normal 0.21814324139655952 -0.9759167619387437 0
    outer loop
      vertex 77.40209618053623 19.84973305780581 3.3
      vertex 77.50018989666283 19.871659601165902 40
      vertex 77.40209618053623 19.84973305780581 40
    endloop
  endfacet
  facet normal 0.1564344650402258 -0.9876883405951385 0
    outer loop
      vertex 77.50018989666283 19.871659601165902 3.3
      vertex 77.5994668262971 19.887383522103164 40
      vertex 77.50018989666283 19.871659601165902 40
    endloop
  endfacet
  facet normal -0.8607420270040042 0.509041415750269 0
    outer loop
      vertex 79.20209068807017 17.529194121437257 3.3
      vertex 79.15092468080323 17.44267712803361 40
      vertex 79.20209068807017 17.529194121437257 40
    endloop
  endfacet
  facet normal -0.8910065241883258 0.4539904997396292 0
    outer loop
      vertex 79.24772328394563 17.618753133495886 3.3
      vertex 79.20209068807017 17.529194121437257 40
      vertex 79.24772328394563 17.618753133495886 40
    endloop
  endfacet
  facet normal -0.9177546256840129 0.3971478906347071 0
    outer loop
      vertex 79.2876423774212 17.711000715704515 3.3
      vertex 79.24772328394563 17.618753133495886 40
      vertex 79.2876423774212 17.711000715704515 40
    endloop
  endfacet
  facet normal -0.9408807689542256 0.33873792024529076 0
    outer loop
      vertex 79.32169042607224 17.805572809000086 3.3
      vertex 79.2876423774212 17.711000715704515 40
      vertex 79.32169042607224 17.805572809000086 40
    endloop
  endfacet
  facet normal -0.9602936856769276 0.2789911060392828 0
    outer loop
      vertex 79.3497330578058 17.902096180536233 3.3
      vertex 79.32169042607224 17.805572809000086 40
      vertex 79.3497330578058 17.902096180536233 40
    endloop
  endfacet
  facet normal -0.9759167619387411 0.21814324139657063 0
    outer loop
      vertex 79.3716596011659 18.000189896662842 3.3
      vertex 79.3497330578058 17.902096180536233 40
      vertex 79.3716596011659 18.000189896662842 40
    endloop
  endfacet
  facet normal -0.9876883405951385 0.1564344650402258 0
    outer loop
      vertex 79.38738352210316 18.099466826297114 3.3
      vertex 79.3716596011659 18.000189896662842 40
      vertex 79.38738352210316 18.099466826297114 40
    endloop
  endfacet
  facet normal -0.9955619646030817 0.09410831331849574 0
    outer loop
      vertex 79.39684276548523 18.199535168753098 3.3
      vertex 79.38738352210316 18.099466826297114 40
      vertex 79.39684276548523 18.199535168753098 40
    endloop
  endfacet
  facet normal -0.9995065603657335 0.03141075907806782 0
    outer loop
      vertex 79.39999999999999 18.3 3.3
      vertex 79.39684276548523 18.199535168753098 40
      vertex 79.39999999999999 18.3 40
    endloop
  endfacet
  facet normal -0.9995065603657335 -0.03141075907806782 0
    outer loop
      vertex 79.39684276548523 18.400464831246904 3.3
      vertex 79.39999999999999 18.3 40
      vertex 79.39684276548523 18.400464831246904 40
    endloop
  endfacet
  facet normal -0.9955619646030817 -0.09410831331849574 0
    outer loop
      vertex 79.38738352210316 18.500533173702888 3.3
      vertex 79.39684276548523 18.400464831246904 40
      vertex 79.38738352210316 18.500533173702888 40
    endloop
  endfacet
  facet normal -0.9876883405951385 -0.1564344650402258 0
    outer loop
      vertex 79.3716596011659 18.59981010333716 3.3
      vertex 79.38738352210316 18.500533173702888 40
      vertex 79.3716596011659 18.59981010333716 40
    endloop
  endfacet
  facet normal -0.9759167619387411 -0.21814324139657063 0
    outer loop
      vertex 79.3497330578058 18.697903819463768 3.3
      vertex 79.3716596011659 18.59981010333716 40
      vertex 79.3497330578058 18.697903819463768 40
    endloop
  endfacet
  facet normal -0.9408807689542256 -0.33873792024529076 0
    outer loop
      vertex 79.2876423774212 18.888999284295487 3.3
      vertex 79.32169042607224 18.794427190999915 40
      vertex 79.2876423774212 18.888999284295487 40
    endloop
  endfacet
  facet normal -0.9602936856769276 -0.2789911060392828 0
    outer loop
      vertex 79.32169042607224 18.794427190999915 3.3
      vertex 79.3497330578058 18.697903819463768 40
      vertex 79.32169042607224 18.794427190999915 40
    endloop
  endfacet
  facet normal -0.9177546256840129 -0.3971478906347071 0
    outer loop
      vertex 79.24772328394563 18.981246866504115 3.3
      vertex 79.2876423774212 18.888999284295487 40
      vertex 79.24772328394563 18.981246866504115 40
    endloop
  endfacet
  facet normal -0.8910065241883831 -0.453990499739517 0
    outer loop
      vertex 79.20209068807019 19.070805878562744 3.3
      vertex 79.24772328394563 18.981246866504115 40
      vertex 79.20209068807019 19.070805878562744 40
    endloop
  endfacet
  facet normal -0.7901550123757174 -0.6129070536529415 0
    outer loop
      vertex 79.03282118844126 19.319878383597903 3.3
      vertex 79.09442719099991 19.240456403667956 40
      vertex 79.03282118844126 19.319878383597903 40
    endloop
  endfacet
  facet normal -0.7501110696304352 -0.6613118653236796 0
    outer loop
      vertex 78.96634980387425 19.3952753694859 3.3
      vertex 79.03282118844126 19.319878383597903 40
      vertex 78.96634980387425 19.3952753694859 40
    endloop
  endfacet
  facet normal -0.8607420270038895 -0.5090414157504629 0
    outer loop
      vertex 79.15092468080321 19.157322871966397 3.3
      vertex 79.20209068807019 19.070805878562744 40
      vertex 79.15092468080321 19.157322871966397 40
    endloop
  endfacet
  facet normal -0.8270805742745639 -0.5620833778521276 0
    outer loop
      vertex 79.09442719099991 19.240456403667956 3.3
      vertex 79.15092468080321 19.157322871966397 40
      vertex 79.09442719099991 19.240456403667956 40
    endloop
  endfacet
  facet normal 0.09410831331851753 -0.9955619646030797 0
    outer loop
      vertex 77.5994668262971 19.887383522103164 3.3
      vertex 77.6995351687531 19.896842765485236 40
      vertex 77.5994668262971 19.887383522103164 40
    endloop
  endfacet
  facet normal 0.03141075907814066 -0.9995065603657312 0
    outer loop
      vertex 77.6995351687531 19.896842765485236 3.3
      vertex 77.8 19.900000000000002 40
      vertex 77.6995351687531 19.896842765485236 40
    endloop
  endfacet
  facet normal -0.03141075907814066 -0.9995065603657312 0
    outer loop
      vertex 77.8 19.900000000000002 3.3
      vertex 77.9004648312469 19.896842765485236 40
      vertex 77.8 19.900000000000002 40
    endloop
  endfacet
  facet normal -0.1564344650402258 -0.9876883405951385 0
    outer loop
      vertex 78.00053317370289 19.887383522103164 3.3
      vertex 78.09981010333716 19.871659601165902 40
      vertex 78.00053317370289 19.887383522103164 40
    endloop
  endfacet
  facet normal -0.09410831331851753 -0.9955619646030797 0
    outer loop
      vertex 77.9004648312469 19.896842765485236 3.3
      vertex 78.00053317370289 19.887383522103164 40
      vertex 77.9004648312469 19.896842765485236 40
    endloop
  endfacet
  facet normal -0.27899110603920807 -0.9602936856769493 0
    outer loop
      vertex 78.19790381946376 19.84973305780581 3.3
      vertex 78.29442719099991 19.821690426072248 40
      vertex 78.19790381946376 19.84973305780581 40
    endloop
  endfacet
  facet normal -0.453990499739545 -0.8910065241883688 0
    outer loop
      vertex 78.48124686650411 19.747723283945632 3.3
      vertex 78.57080587856274 19.702090688070182 40
      vertex 78.48124686650411 19.747723283945632 40
    endloop
  endfacet
  facet normal -0.3971478906347965 -0.9177546256839743 0
    outer loop
      vertex 78.38899928429548 19.787642377421204 3.3
      vertex 78.48124686650411 19.747723283945632 40
      vertex 78.38899928429548 19.787642377421204 40
    endloop
  endfacet
  facet normal -0.3387379202453021 -0.9408807689542217 0
    outer loop
      vertex 78.29442719099991 19.821690426072248 3.3
      vertex 78.38899928429548 19.787642377421204 40
      vertex 78.29442719099991 19.821690426072248 40
    endloop
  endfacet
  facet normal -0.21814324139655952 -0.9759167619387437 0
    outer loop
      vertex 78.09981010333716 19.871659601165902 3.3
      vertex 78.19790381946376 19.84973305780581 40
      vertex 78.09981010333716 19.871659601165902 40
    endloop
  endfacet
  facet normal -0.7071067811865829 -0.7071067811865122 0
    outer loop
      vertex 78.8952753694859 19.46634980387426 3.3
      vertex 78.96634980387425 19.3952753694859 40
      vertex 78.8952753694859 19.46634980387426 40
    endloop
  endfacet
  facet normal -0.6613118653236245 -0.7501110696304836 0
    outer loop
      vertex 78.8198783835979 19.532821188441265 3.3
      vertex 78.8952753694859 19.46634980387426 40
      vertex 78.8198783835979 19.532821188441265 40
    endloop
  endfacet
  facet normal -0.6129070536529635 -0.7901550123757003 0
    outer loop
      vertex 78.74045640366795 19.594427190999916 3.3
      vertex 78.8198783835979 19.532821188441265 40
      vertex 78.74045640366795 19.594427190999916 40
    endloop
  endfacet
  facet normal -0.5620833778521352 -0.8270805742745586 0
    outer loop
      vertex 78.65732287196639 19.650924680803225 3.3
      vertex 78.74045640366795 19.594427190999916 40
      vertex 78.65732287196639 19.650924680803225 40
    endloop
  endfacet
  facet normal -0.5090414157503736 -0.8607420270039422 0
    outer loop
      vertex 78.57080587856274 19.702090688070182 3.3
      vertex 78.65732287196639 19.650924680803225 40
      vertex 78.57080587856274 19.702090688070182 40
    endloop
  endfacet
  facet normal 0.5090414157503736 0.8607420270039422 0
    outer loop
      vertex 102.02919412143726 16.89790931192982 3.3
      vertex 101.94267712803361 16.949075319196776 3.3
      vertex 101.94267712803361 16.949075319196776 40
    endloop
  endfacet
  facet normal 0.5620833778521352 0.8270805742745586 0
    outer loop
      vertex 101.94267712803361 16.949075319196776 3.3
      vertex 101.85954359633205 17.005572809000085 3.3
      vertex 101.85954359633205 17.005572809000085 40
    endloop
  endfacet
  facet normal 0.6613118653236245 0.7501110696304836 0
    outer loop
      vertex 101.7047246305141 17.133650196125743 3.3
      vertex 101.7047246305141 17.133650196125743 40
      vertex 101.7801216164021 17.067178811558737 3.3
    endloop
  endfacet
  facet normal 0.7071067811865829 0.7071067811865122 0
    outer loop
      vertex 101.7047246305141 17.133650196125743 3.3
      vertex 101.63365019612574 17.2047246305141 3.3
      vertex 101.63365019612574 17.2047246305141 40
    endloop
  endfacet
  facet normal 0.6129070536529635 0.7901550123757003 0
    outer loop
      vertex 101.85954359633205 17.005572809000085 3.3
      vertex 101.7801216164021 17.067178811558737 3.3
      vertex 101.7801216164021 17.067178811558737 40
    endloop
  endfacet
  facet normal 0.8270805742745639 0.5620833778521276 0
    outer loop
      vertex 101.50557280900009 17.359543596332045 3.3
      vertex 101.44907531919678 17.442677128033605 3.3
      vertex 101.44907531919678 17.442677128033605 40
    endloop
  endfacet
  facet normal 0.7501110696304352 0.6613118653236796 0
    outer loop
      vertex 101.63365019612574 17.2047246305141 3.3
      vertex 101.56717881155873 17.2801216164021 3.3
      vertex 101.56717881155873 17.2801216164021 40
    endloop
  endfacet
  facet normal 0.7901550123757174 0.6129070536529415 0
    outer loop
      vertex 101.50557280900009 17.359543596332045 3.3
      vertex 101.50557280900009 17.359543596332045 40
      vertex 101.56717881155873 17.2801216164021 3.3
    endloop
  endfacet
  facet normal 0.3971478906347965 0.9177546256839743 0
    outer loop
      vertex 102.11875313349589 16.85227671605437 3.3
      vertex 102.11875313349589 16.85227671605437 40
      vertex 102.21100071570451 16.812357622578798 3.3
    endloop
  endfacet
  facet normal 0.3387379202453021 0.9408807689542217 0
    outer loop
      vertex 102.21100071570451 16.812357622578798 3.3
      vertex 102.21100071570451 16.812357622578798 40
      vertex 102.30557280900008 16.778309573927753 3.3
    endloop
  endfacet
  facet normal 0.27899110603920807 0.9602936856769493 0
    outer loop
      vertex 102.40209618053623 16.75026694219419 3.3
      vertex 102.30557280900008 16.778309573927753 3.3
      vertex 102.30557280900008 16.778309573927753 40
    endloop
  endfacet
  facet normal 0.21814324139655952 0.9759167619387437 0
    outer loop
      vertex 102.40209618053623 16.75026694219419 3.3
      vertex 102.40209618053623 16.75026694219419 40
      vertex 102.50018989666283 16.7283403988341 3.3
    endloop
  endfacet
  facet normal 0.15643446504020395 0.987688340595142 0
    outer loop
      vertex 102.50018989666283 16.7283403988341 3.3
      vertex 102.50018989666283 16.7283403988341 40
      vertex 102.59946682629712 16.712616477896837 3.3
    endloop
  endfacet
  facet normal 0.09410831331853078 0.9955619646030784 0
    outer loop
      vertex 102.59946682629712 16.712616477896837 3.3
      vertex 102.59946682629712 16.712616477896837 40
      vertex 102.6995351687531 16.703157234514766 3.3
    endloop
  endfacet
  facet normal 0.03141075907814066 0.9995065603657312 0
    outer loop
      vertex 102.6995351687531 16.703157234514766 3.3
      vertex 102.6995351687531 16.703157234514766 40
      vertex 102.8 16.7 3.3
    endloop
  endfacet
  facet normal -0.03141075907814066 0.9995065603657312 0
    outer loop
      vertex 102.8 16.7 3.3
      vertex 102.8 16.7 40
      vertex 102.9004648312469 16.703157234514766 3.3
    endloop
  endfacet
  facet normal -0.09410831331853078 0.9955619646030784 0
    outer loop
      vertex 102.9004648312469 16.703157234514766 3.3
      vertex 102.9004648312469 16.703157234514766 40
      vertex 103.00053317370288 16.712616477896837 3.3
    endloop
  endfacet
  facet normal -0.15643446504020395 0.987688340595142 0
    outer loop
      vertex 103.00053317370288 16.712616477896837 3.3
      vertex 103.00053317370288 16.712616477896837 40
      vertex 103.09981010333716 16.7283403988341 3.3
    endloop
  endfacet
  facet normal -0.21814324139655952 0.9759167619387437 0
    outer loop
      vertex 103.09981010333716 16.7283403988341 3.3
      vertex 103.09981010333716 16.7283403988341 40
      vertex 103.19790381946376 16.75026694219419 3.3
    endloop
  endfacet
  facet normal -0.27899110603920807 0.9602936856769493 0
    outer loop
      vertex 103.19790381946376 16.75026694219419 3.3
      vertex 103.19790381946376 16.75026694219419 40
      vertex 103.29442719099991 16.778309573927753 3.3
    endloop
  endfacet
  facet normal -0.3387379202453021 0.9408807689542217 0
    outer loop
      vertex 103.29442719099991 16.778309573927753 3.3
      vertex 103.29442719099991 16.778309573927753 40
      vertex 103.38899928429548 16.812357622578798 3.3
    endloop
  endfacet
  facet normal -0.3971478906347965 0.9177546256839743 0
    outer loop
      vertex 103.38899928429548 16.812357622578798 3.3
      vertex 103.38899928429548 16.812357622578798 40
      vertex 103.48124686650411 16.85227671605437 3.3
    endloop
  endfacet
  facet normal -0.453990499739545 0.8910065241883688 0
    outer loop
      vertex 103.48124686650411 16.85227671605437 3.3
      vertex 103.48124686650411 16.85227671605437 40
      vertex 103.57080587856274 16.89790931192982 3.3
    endloop
  endfacet
  facet normal 0.453990499739545 0.8910065241883688 0
    outer loop
      vertex 102.02919412143726 16.89790931192982 3.3
      vertex 102.02919412143726 16.89790931192982 40
      vertex 102.11875313349589 16.85227671605437 3.3
    endloop
  endfacet
  facet normal -0.5090414157503736 0.8607420270039422 0
    outer loop
      vertex 103.57080587856274 16.89790931192982 3.3
      vertex 103.57080587856274 16.89790931192982 40
      vertex 103.65732287196639 16.949075319196776 3.3
    endloop
  endfacet
  facet normal -0.5620833778521352 0.8270805742745586 0
    outer loop
      vertex 103.65732287196639 16.949075319196776 3.3
      vertex 103.65732287196639 16.949075319196776 40
      vertex 103.74045640366795 17.005572809000085 3.3
    endloop
  endfacet
  facet normal -0.6129070536529635 0.7901550123757003 0
    outer loop
      vertex 103.74045640366795 17.005572809000085 3.3
      vertex 103.74045640366795 17.005572809000085 40
      vertex 103.8198783835979 17.067178811558737 3.3
    endloop
  endfacet
  facet normal -0.6613118653236245 0.7501110696304836 0
    outer loop
      vertex 103.8198783835979 17.067178811558737 3.3
      vertex 103.8198783835979 17.067178811558737 40
      vertex 103.8952753694859 17.133650196125743 3.3
    endloop
  endfacet
  facet normal -0.7071067811865829 0.7071067811865122 0
    outer loop
      vertex 103.8952753694859 17.133650196125743 3.3
      vertex 103.8952753694859 17.133650196125743 40
      vertex 103.96634980387425 17.2047246305141 3.3
    endloop
  endfacet
  facet normal -0.7501110696304352 0.6613118653236796 0
    outer loop
      vertex 103.96634980387425 17.2047246305141 3.3
      vertex 103.96634980387425 17.2047246305141 40
      vertex 104.03282118844126 17.2801216164021 3.3
    endloop
  endfacet
  facet normal -0.7901550123757174 0.6129070536529415 0
    outer loop
      vertex 104.03282118844126 17.2801216164021 3.3
      vertex 104.03282118844126 17.2801216164021 40
      vertex 104.09442719099991 17.359543596332045 3.3
    endloop
  endfacet
  facet normal -0.8270805742745094 0.5620833778522077 0
    outer loop
      vertex 104.09442719099991 17.359543596332045 3.3
      vertex 104.09442719099991 17.359543596332045 40
      vertex 104.15092468080323 17.44267712803361 3.3
    endloop
  endfacet
  facet normal -0.8607420270040042 0.509041415750269 0
    outer loop
      vertex 104.15092468080323 17.44267712803361 3.3
      vertex 104.15092468080323 17.44267712803361 40
      vertex 104.20209068807017 17.529194121437257 3.3
    endloop
  endfacet
  facet normal 0.8607420270039514 0.5090414157503581 0
    outer loop
      vertex 101.44907531919678 17.442677128033605 3.3
      vertex 101.39790931192982 17.529194121437257 3.3
      vertex 101.39790931192982 17.529194121437257 40
    endloop
  endfacet
  facet normal 0.8910065241883258 0.4539904997396292 0
    outer loop
      vertex 101.39790931192982 17.529194121437257 3.3
      vertex 101.35227671605436 17.618753133495886 3.3
      vertex 101.35227671605436 17.618753133495886 40
    endloop
  endfacet
  facet normal 0.9177546256840129 0.3971478906347071 0
    outer loop
      vertex 101.35227671605436 17.618753133495886 3.3
      vertex 101.3123576225788 17.711000715704515 3.3
      vertex 101.3123576225788 17.711000715704515 40
    endloop
  endfacet
  facet normal 0.9408807689542256 0.33873792024529076 0
    outer loop
      vertex 101.3123576225788 17.711000715704515 3.3
      vertex 101.27830957392776 17.805572809000086 3.3
      vertex 101.27830957392776 17.805572809000086 40
    endloop
  endfacet
  facet normal 0.9602936856769276 0.2789911060392828 0
    outer loop
      vertex 101.27830957392776 17.805572809000086 3.3
      vertex 101.25026694219419 17.902096180536233 3.3
      vertex 101.25026694219419 17.902096180536233 40
    endloop
  endfacet
  facet normal 0.9759167619387411 0.21814324139657063 0
    outer loop
      vertex 101.25026694219419 17.902096180536233 3.3
      vertex 101.22834039883409 18.000189896662842 3.3
      vertex 101.22834039883409 18.000189896662842 40
    endloop
  endfacet
  facet normal 0.9876883405951385 0.1564344650402258 0
    outer loop
      vertex 101.22834039883409 18.000189896662842 3.3
      vertex 101.21261647789683 18.099466826297114 3.3
      vertex 101.21261647789683 18.099466826297114 40
    endloop
  endfacet
  facet normal 0.9955619646030817 0.09410831331849574 0
    outer loop
      vertex 101.21261647789683 18.099466826297114 3.3
      vertex 101.20315723451476 18.199535168753098 3.3
      vertex 101.20315723451476 18.199535168753098 40
    endloop
  endfacet
  facet normal 0.9995065603657335 0.03141075907806782 0
    outer loop
      vertex 101.20315723451476 18.199535168753098 3.3
      vertex 101.2 18.3 3.3
      vertex 101.2 18.3 40
    endloop
  endfacet
  facet normal 0.9995065603657335 -0.03141075907806782 0
    outer loop
      vertex 101.2 18.3 3.3
      vertex 101.20315723451476 18.400464831246904 3.3
      vertex 101.20315723451476 18.400464831246904 40
    endloop
  endfacet
  facet normal 0.9955619646030817 -0.09410831331849574 0
    outer loop
      vertex 101.20315723451476 18.400464831246904 3.3
      vertex 101.21261647789683 18.500533173702888 3.3
      vertex 101.21261647789683 18.500533173702888 40
    endloop
  endfacet
  facet normal 0.9876883405951385 -0.1564344650402258 0
    outer loop
      vertex 101.21261647789683 18.500533173702888 3.3
      vertex 101.22834039883409 18.59981010333716 3.3
      vertex 101.22834039883409 18.59981010333716 40
    endloop
  endfacet
  facet normal 0.9759167619387411 -0.21814324139657063 0
    outer loop
      vertex 101.22834039883409 18.59981010333716 3.3
      vertex 101.25026694219419 18.697903819463768 3.3
      vertex 101.25026694219419 18.697903819463768 40
    endloop
  endfacet
  facet normal 0.9602936856769276 -0.2789911060392828 0
    outer loop
      vertex 101.25026694219419 18.697903819463768 3.3
      vertex 101.27830957392776 18.794427190999915 3.3
      vertex 101.27830957392776 18.794427190999915 40
    endloop
  endfacet
  facet normal 0.9408807689542256 -0.33873792024529076 0
    outer loop
      vertex 101.27830957392776 18.794427190999915 3.3
      vertex 101.3123576225788 18.888999284295487 3.3
      vertex 101.3123576225788 18.888999284295487 40
    endloop
  endfacet
  facet normal 0.9177546256840129 -0.3971478906347071 0
    outer loop
      vertex 101.3123576225788 18.888999284295487 3.3
      vertex 101.35227671605436 18.981246866504115 3.3
      vertex 101.35227671605436 18.981246866504115 40
    endloop
  endfacet
  facet normal 0.8910065241883258 -0.4539904997396292 0
    outer loop
      vertex 101.35227671605436 18.981246866504115 3.3
      vertex 101.39790931192982 19.070805878562744 3.3
      vertex 101.39790931192982 19.070805878562744 40
    endloop
  endfacet
  facet normal 0.8607420270039514 -0.5090414157503581 0
    outer loop
      vertex 101.39790931192982 19.070805878562744 3.3
      vertex 101.44907531919678 19.157322871966397 3.3
      vertex 101.44907531919678 19.157322871966397 40
    endloop
  endfacet
  facet normal 0.8270805742745639 -0.5620833778521276 0
    outer loop
      vertex 101.44907531919678 19.157322871966397 3.3
      vertex 101.50557280900009 19.240456403667956 3.3
      vertex 101.50557280900009 19.240456403667956 40
    endloop
  endfacet
  facet normal 0.7901550123757174 -0.6129070536529415 0
    outer loop
      vertex 101.50557280900009 19.240456403667956 3.3
      vertex 101.56717881155873 19.319878383597903 3.3
      vertex 101.56717881155873 19.319878383597903 40
    endloop
  endfacet
  facet normal 0.7501110696304352 -0.6613118653236796 0
    outer loop
      vertex 101.56717881155873 19.319878383597903 3.3
      vertex 101.63365019612574 19.3952753694859 3.3
      vertex 101.63365019612574 19.3952753694859 40
    endloop
  endfacet
  facet normal 0.7071067811865829 -0.7071067811865122 0
    outer loop
      vertex 101.63365019612574 19.3952753694859 3.3
      vertex 101.7047246305141 19.46634980387426 3.3
      vertex 101.7047246305141 19.46634980387426 40
    endloop
  endfacet
  facet normal 0.6613118653236245 -0.7501110696304836 0
    outer loop
      vertex 101.7047246305141 19.46634980387426 3.3
      vertex 101.7801216164021 19.532821188441265 3.3
      vertex 101.7801216164021 19.532821188441265 40
    endloop
  endfacet
  facet normal 0.6129070536529635 -0.7901550123757003 0
    outer loop
      vertex 101.7801216164021 19.532821188441265 3.3
      vertex 101.85954359633205 19.594427190999916 3.3
      vertex 101.85954359633205 19.594427190999916 40
    endloop
  endfacet
  facet normal 0.5620833778521352 -0.8270805742745586 0
    outer loop
      vertex 101.85954359633205 19.594427190999916 3.3
      vertex 101.94267712803361 19.650924680803225 3.3
      vertex 101.94267712803361 19.650924680803225 40
    endloop
  endfacet
  facet normal 0.5090414157503736 -0.8607420270039422 0
    outer loop
      vertex 101.94267712803361 19.650924680803225 3.3
      vertex 102.02919412143726 19.702090688070182 3.3
      vertex 102.02919412143726 19.702090688070182 40
    endloop
  endfacet
  facet normal -0.8910065241883258 0.4539904997396292 0
    outer loop
      vertex 104.20209068807017 17.529194121437257 3.3
      vertex 104.20209068807017 17.529194121437257 40
      vertex 104.24772328394563 17.618753133495886 3.3
    endloop
  endfacet
  facet normal -0.9177546256840129 0.3971478906347071 0
    outer loop
      vertex 104.24772328394563 17.618753133495886 3.3
      vertex 104.24772328394563 17.618753133495886 40
      vertex 104.2876423774212 17.711000715704515 3.3
    endloop
  endfacet
  facet normal -0.9408807689542256 0.33873792024529076 0
    outer loop
      vertex 104.2876423774212 17.711000715704515 3.3
      vertex 104.2876423774212 17.711000715704515 40
      vertex 104.32169042607224 17.805572809000086 3.3
    endloop
  endfacet
  facet normal -0.9602936856769276 0.2789911060392828 0
    outer loop
      vertex 104.32169042607224 17.805572809000086 3.3
      vertex 104.32169042607224 17.805572809000086 40
      vertex 104.3497330578058 17.902096180536233 3.3
    endloop
  endfacet
  facet normal -0.9759167619387411 0.21814324139657063 0
    outer loop
      vertex 104.3497330578058 17.902096180536233 3.3
      vertex 104.3497330578058 17.902096180536233 40
      vertex 104.3716596011659 18.000189896662842 3.3
    endloop
  endfacet
  facet normal -0.9876883405951385 0.1564344650402258 0
    outer loop
      vertex 104.3716596011659 18.000189896662842 3.3
      vertex 104.3716596011659 18.000189896662842 40
      vertex 104.38738352210316 18.099466826297114 3.3
    endloop
  endfacet
  facet normal -0.9955619646030817 0.09410831331849574 0
    outer loop
      vertex 104.38738352210316 18.099466826297114 3.3
      vertex 104.38738352210316 18.099466826297114 40
      vertex 104.39684276548523 18.199535168753098 3.3
    endloop
  endfacet
  facet normal -0.9995065603657335 0.03141075907806782 0
    outer loop
      vertex 104.39684276548523 18.199535168753098 3.3
      vertex 104.39684276548523 18.199535168753098 40
      vertex 104.39999999999999 18.3 3.3
    endloop
  endfacet
  facet normal -0.9995065603657335 -0.03141075907806782 0
    outer loop
      vertex 104.39999999999999 18.3 3.3
      vertex 104.39999999999999 18.3 40
      vertex 104.39684276548523 18.400464831246904 3.3
    endloop
  endfacet
  facet normal -0.9955619646030817 -0.09410831331849574 0
    outer loop
      vertex 104.39684276548523 18.400464831246904 3.3
      vertex 104.39684276548523 18.400464831246904 40
      vertex 104.38738352210316 18.500533173702888 3.3
    endloop
  endfacet
  facet normal -0.9876883405951385 -0.1564344650402258 0
    outer loop
      vertex 104.38738352210316 18.500533173702888 3.3
      vertex 104.38738352210316 18.500533173702888 40
      vertex 104.3716596011659 18.59981010333716 3.3
    endloop
  endfacet
  facet normal -0.9759167619387411 -0.21814324139657063 0
    outer loop
      vertex 104.3716596011659 18.59981010333716 3.3
      vertex 104.3716596011659 18.59981010333716 40
      vertex 104.3497330578058 18.697903819463768 3.3
    endloop
  endfacet
  facet normal -0.9602936856769276 -0.2789911060392828 0
    outer loop
      vertex 104.3497330578058 18.697903819463768 3.3
      vertex 104.3497330578058 18.697903819463768 40
      vertex 104.32169042607224 18.794427190999915 3.3
    endloop
  endfacet
  facet normal -0.7501110696304352 -0.6613118653236796 0
    outer loop
      vertex 104.03282118844126 19.319878383597903 3.3
      vertex 104.03282118844126 19.319878383597903 40
      vertex 103.96634980387425 19.3952753694859 3.3
    endloop
  endfacet
  facet normal 0.453990499739545 -0.8910065241883688 0
    outer loop
      vertex 102.02919412143726 19.702090688070182 3.3
      vertex 102.11875313349589 19.747723283945632 3.3
      vertex 102.11875313349589 19.747723283945632 40
    endloop
  endfacet
  facet normal 0.3971478906347965 -0.9177546256839743 0
    outer loop
      vertex 102.11875313349589 19.747723283945632 3.3
      vertex 102.21100071570451 19.787642377421204 3.3
      vertex 102.21100071570451 19.787642377421204 40
    endloop
  endfacet
  facet normal 0.3387379202453021 -0.9408807689542217 0
    outer loop
      vertex 102.21100071570451 19.787642377421204 3.3
      vertex 102.30557280900008 19.821690426072248 3.3
      vertex 102.30557280900008 19.821690426072248 40
    endloop
  endfacet
  facet normal 0.27899110603920807 -0.9602936856769493 0
    outer loop
      vertex 102.30557280900008 19.821690426072248 3.3
      vertex 102.40209618053623 19.84973305780581 3.3
      vertex 102.40209618053623 19.84973305780581 40
    endloop
  endfacet
  facet normal 0.21814324139655952 -0.9759167619387437 0
    outer loop
      vertex 102.40209618053623 19.84973305780581 3.3
      vertex 102.50018989666283 19.871659601165902 3.3
      vertex 102.50018989666283 19.871659601165902 40
    endloop
  endfacet
  facet normal 0.1564344650402258 -0.9876883405951385 0
    outer loop
      vertex 102.50018989666283 19.871659601165902 3.3
      vertex 102.5994668262971 19.887383522103164 3.3
      vertex 102.5994668262971 19.887383522103164 40
    endloop
  endfacet
  facet normal 0.09410831331851753 -0.9955619646030797 0
    outer loop
      vertex 102.5994668262971 19.887383522103164 3.3
      vertex 102.6995351687531 19.896842765485236 3.3
      vertex 102.6995351687531 19.896842765485236 40
    endloop
  endfacet
  facet normal 0.03141075907814066 -0.9995065603657312 0
    outer loop
      vertex 102.6995351687531 19.896842765485236 3.3
      vertex 102.8 19.900000000000002 3.3
      vertex 102.8 19.900000000000002 40
    endloop
  endfacet
  facet normal -0.03141075907814066 -0.9995065603657312 0
    outer loop
      vertex 102.8 19.900000000000002 3.3
      vertex 102.9004648312469 19.896842765485236 3.3
      vertex 102.9004648312469 19.896842765485236 40
    endloop
  endfacet
  facet normal -0.09410831331851753 -0.9955619646030797 0
    outer loop
      vertex 102.9004648312469 19.896842765485236 3.3
      vertex 103.00053317370289 19.887383522103164 3.3
      vertex 103.00053317370289 19.887383522103164 40
    endloop
  endfacet
  facet normal -0.7071067811865829 -0.7071067811865122 0
    outer loop
      vertex 103.96634980387425 19.3952753694859 3.3
      vertex 103.96634980387425 19.3952753694859 40
      vertex 103.8952753694859 19.46634980387426 3.3
    endloop
  endfacet
  facet normal -0.6613118653236245 -0.7501110696304836 0
    outer loop
      vertex 103.8952753694859 19.46634980387426 3.3
      vertex 103.8952753694859 19.46634980387426 40
      vertex 103.8198783835979 19.532821188441265 3.3
    endloop
  endfacet
  facet normal -0.6129070536529635 -0.7901550123757003 0
    outer loop
      vertex 103.74045640366795 19.594427190999916 3.3
      vertex 103.8198783835979 19.532821188441265 3.3
      vertex 103.8198783835979 19.532821188441265 40
    endloop
  endfacet
  facet normal -0.5090414157503736 -0.8607420270039422 0
    outer loop
      vertex 103.65732287196639 19.650924680803225 3.3
      vertex 103.65732287196639 19.650924680803225 40
      vertex 103.57080587856274 19.702090688070182 3.3
    endloop
  endfacet
  facet normal -0.5620833778521352 -0.8270805742745586 0
    outer loop
      vertex 103.74045640366795 19.594427190999916 3.3
      vertex 103.74045640366795 19.594427190999916 40
      vertex 103.65732287196639 19.650924680803225 3.3
    endloop
  endfacet
  facet normal -0.27899110603920807 -0.9602936856769493 0
    outer loop
      vertex 103.29442719099991 19.821690426072248 3.3
      vertex 103.29442719099991 19.821690426072248 40
      vertex 103.19790381946376 19.84973305780581 3.3
    endloop
  endfacet
  facet normal -0.453990499739545 -0.8910065241883688 0
    outer loop
      vertex 103.48124686650411 19.747723283945632 3.3
      vertex 103.57080587856274 19.702090688070182 3.3
      vertex 103.57080587856274 19.702090688070182 40
    endloop
  endfacet
  facet normal -0.3971478906347965 -0.9177546256839743 0
    outer loop
      vertex 103.48124686650411 19.747723283945632 3.3
      vertex 103.48124686650411 19.747723283945632 40
      vertex 103.38899928429548 19.787642377421204 3.3
    endloop
  endfacet
  facet normal -0.3387379202453021 -0.9408807689542217 0
    outer loop
      vertex 103.29442719099991 19.821690426072248 3.3
      vertex 103.38899928429548 19.787642377421204 3.3
      vertex 103.38899928429548 19.787642377421204 40
    endloop
  endfacet
  facet normal -0.1564344650402258 -0.9876883405951385 0
    outer loop
      vertex 103.00053317370289 19.887383522103164 3.3
      vertex 103.09981010333716 19.871659601165902 3.3
      vertex 103.09981010333716 19.871659601165902 40
    endloop
  endfacet
  facet normal -0.21814324139655952 -0.9759167619387437 0
    outer loop
      vertex 103.09981010333716 19.871659601165902 3.3
      vertex 103.19790381946376 19.84973305780581 3.3
      vertex 103.19790381946376 19.84973305780581 40
    endloop
  endfacet
  facet normal -0.9408807689542256 -0.33873792024529076 0
    outer loop
      vertex 104.32169042607224 18.794427190999915 3.3
      vertex 104.32169042607224 18.794427190999915 40
      vertex 104.2876423774212 18.888999284295487 3.3
    endloop
  endfacet
  facet normal -0.9177546256840129 -0.3971478906347071 0
    outer loop
      vertex 104.2876423774212 18.888999284295487 3.3
      vertex 104.2876423774212 18.888999284295487 40
      vertex 104.24772328394563 18.981246866504115 3.3
    endloop
  endfacet
  facet normal -0.8910065241883831 -0.453990499739517 0
    outer loop
      vertex 104.24772328394563 18.981246866504115 3.3
      vertex 104.24772328394563 18.981246866504115 40
      vertex 104.20209068807019 19.070805878562744 3.3
    endloop
  endfacet
  facet normal -0.8607420270038895 -0.5090414157504629 0
    outer loop
      vertex 104.20209068807019 19.070805878562744 3.3
      vertex 104.20209068807019 19.070805878562744 40
      vertex 104.15092468080321 19.157322871966397 3.3
    endloop
  endfacet
  facet normal -0.8270805742745639 -0.5620833778521276 0
    outer loop
      vertex 104.15092468080321 19.157322871966397 3.3
      vertex 104.15092468080321 19.157322871966397 40
      vertex 104.09442719099991 19.240456403667956 3.3
    endloop
  endfacet
  facet normal -0.7901550123757174 -0.6129070536529415 0
    outer loop
      vertex 104.03282118844126 19.319878383597903 3.3
      vertex 104.09442719099991 19.240456403667956 3.3
      vertex 104.09442719099991 19.240456403667956 40
    endloop
  endfacet
  facet normal 0.5090414157503736 0.8607420270039422 0
    outer loop
      vertex 102.02919412143726 16.89790931192982 3.3
      vertex 101.94267712803361 16.949075319196776 40
      vertex 102.02919412143726 16.89790931192982 40
    endloop
  endfacet
  facet normal 0.6129070536529635 0.7901550123757003 0
    outer loop
      vertex 101.85954359633205 17.005572809000085 3.3
      vertex 101.7801216164021 17.067178811558737 40
      vertex 101.85954359633205 17.005572809000085 40
    endloop
  endfacet
  facet normal 0.5620833778521352 0.8270805742745586 0
    outer loop
      vertex 101.94267712803361 16.949075319196776 3.3
      vertex 101.85954359633205 17.005572809000085 40
      vertex 101.94267712803361 16.949075319196776 40
    endloop
  endfacet
  facet normal 0.6613118653236245 0.7501110696304836 0
    outer loop
      vertex 101.7801216164021 17.067178811558737 3.3
      vertex 101.7047246305141 17.133650196125743 40
      vertex 101.7801216164021 17.067178811558737 40
    endloop
  endfacet
  facet normal 0.7071067811865829 0.7071067811865122 0
    outer loop
      vertex 101.7047246305141 17.133650196125743 3.3
      vertex 101.63365019612574 17.2047246305141 40
      vertex 101.7047246305141 17.133650196125743 40
    endloop
  endfacet
  facet normal 0.8270805742745639 0.5620833778521276 0
    outer loop
      vertex 101.50557280900009 17.359543596332045 3.3
      vertex 101.44907531919678 17.442677128033605 40
      vertex 101.50557280900009 17.359543596332045 40
    endloop
  endfacet
  facet normal 0.8607420270039514 0.5090414157503581 0
    outer loop
      vertex 101.44907531919678 17.442677128033605 3.3
      vertex 101.39790931192982 17.529194121437257 40
      vertex 101.44907531919678 17.442677128033605 40
    endloop
  endfacet
  facet normal 0.7501110696304352 0.6613118653236796 0
    outer loop
      vertex 101.63365019612574 17.2047246305141 3.3
      vertex 101.56717881155873 17.2801216164021 40
      vertex 101.63365019612574 17.2047246305141 40
    endloop
  endfacet
  facet normal 0.7901550123757174 0.6129070536529415 0
    outer loop
      vertex 101.56717881155873 17.2801216164021 3.3
      vertex 101.50557280900009 17.359543596332045 40
      vertex 101.56717881155873 17.2801216164021 40
    endloop
  endfacet
  facet normal 0.3387379202453021 0.9408807689542217 0
    outer loop
      vertex 102.30557280900008 16.778309573927753 3.3
      vertex 102.21100071570451 16.812357622578798 40
      vertex 102.30557280900008 16.778309573927753 40
    endloop
  endfacet
  facet normal 0.453990499739545 0.8910065241883688 0
    outer loop
      vertex 102.11875313349589 16.85227671605437 3.3
      vertex 102.02919412143726 16.89790931192982 40
      vertex 102.11875313349589 16.85227671605437 40
    endloop
  endfacet
  facet normal 0.3971478906347965 0.9177546256839743 0
    outer loop
      vertex 102.21100071570451 16.812357622578798 3.3
      vertex 102.11875313349589 16.85227671605437 40
      vertex 102.21100071570451 16.812357622578798 40
    endloop
  endfacet
  facet normal 0.27899110603920807 0.9602936856769493 0
    outer loop
      vertex 102.40209618053623 16.75026694219419 3.3
      vertex 102.30557280900008 16.778309573927753 40
      vertex 102.40209618053623 16.75026694219419 40
    endloop
  endfacet
  facet normal 0.21814324139655952 0.9759167619387437 0
    outer loop
      vertex 102.50018989666283 16.7283403988341 3.3
      vertex 102.40209618053623 16.75026694219419 40
      vertex 102.50018989666283 16.7283403988341 40
    endloop
  endfacet
  facet normal 0.09410831331853078 0.9955619646030784 0
    outer loop
      vertex 102.6995351687531 16.703157234514766 3.3
      vertex 102.59946682629712 16.712616477896837 40
      vertex 102.6995351687531 16.703157234514766 40
    endloop
  endfacet
  facet normal 0.15643446504020395 0.987688340595142 0
    outer loop
      vertex 102.59946682629712 16.712616477896837 3.3
      vertex 102.50018989666283 16.7283403988341 40
      vertex 102.59946682629712 16.712616477896837 40
    endloop
  endfacet
  facet normal 0.03141075907814066 0.9995065603657312 0
    outer loop
      vertex 102.8 16.7 3.3
      vertex 102.6995351687531 16.703157234514766 40
      vertex 102.8 16.7 40
    endloop
  endfacet
  facet normal -0.03141075907814066 0.9995065603657312 0
    outer loop
      vertex 102.9004648312469 16.703157234514766 3.3
      vertex 102.8 16.7 40
      vertex 102.9004648312469 16.703157234514766 40
    endloop
  endfacet
  facet normal -0.09410831331853078 0.9955619646030784 0
    outer loop
      vertex 103.00053317370288 16.712616477896837 3.3
      vertex 102.9004648312469 16.703157234514766 40
      vertex 103.00053317370288 16.712616477896837 40
    endloop
  endfacet
  facet normal -0.15643446504020395 0.987688340595142 0
    outer loop
      vertex 103.09981010333716 16.7283403988341 3.3
      vertex 103.00053317370288 16.712616477896837 40
      vertex 103.09981010333716 16.7283403988341 40
    endloop
  endfacet
  facet normal -0.21814324139655952 0.9759167619387437 0
    outer loop
      vertex 103.19790381946376 16.75026694219419 3.3
      vertex 103.09981010333716 16.7283403988341 40
      vertex 103.19790381946376 16.75026694219419 40
    endloop
  endfacet
  facet normal -0.27899110603920807 0.9602936856769493 0
    outer loop
      vertex 103.29442719099991 16.778309573927753 3.3
      vertex 103.19790381946376 16.75026694219419 40
      vertex 103.29442719099991 16.778309573927753 40
    endloop
  endfacet
  facet normal -0.3387379202453021 0.9408807689542217 0
    outer loop
      vertex 103.38899928429548 16.812357622578798 3.3
      vertex 103.29442719099991 16.778309573927753 40
      vertex 103.38899928429548 16.812357622578798 40
    endloop
  endfacet
  facet normal -0.3971478906347965 0.9177546256839743 0
    outer loop
      vertex 103.48124686650411 16.85227671605437 3.3
      vertex 103.38899928429548 16.812357622578798 40
      vertex 103.48124686650411 16.85227671605437 40
    endloop
  endfacet
  facet normal -0.453990499739545 0.8910065241883688 0
    outer loop
      vertex 103.57080587856274 16.89790931192982 3.3
      vertex 103.48124686650411 16.85227671605437 40
      vertex 103.57080587856274 16.89790931192982 40
    endloop
  endfacet
  facet normal -0.5090414157503736 0.8607420270039422 0
    outer loop
      vertex 103.65732287196639 16.949075319196776 3.3
      vertex 103.57080587856274 16.89790931192982 40
      vertex 103.65732287196639 16.949075319196776 40
    endloop
  endfacet
  facet normal -0.5620833778521352 0.8270805742745586 0
    outer loop
      vertex 103.74045640366795 17.005572809000085 3.3
      vertex 103.65732287196639 16.949075319196776 40
      vertex 103.74045640366795 17.005572809000085 40
    endloop
  endfacet
  facet normal -0.6129070536529635 0.7901550123757003 0
    outer loop
      vertex 103.8198783835979 17.067178811558737 3.3
      vertex 103.74045640366795 17.005572809000085 40
      vertex 103.8198783835979 17.067178811558737 40
    endloop
  endfacet
  facet normal -0.6613118653236245 0.7501110696304836 0
    outer loop
      vertex 103.8952753694859 17.133650196125743 3.3
      vertex 103.8198783835979 17.067178811558737 40
      vertex 103.8952753694859 17.133650196125743 40
    endloop
  endfacet
  facet normal -0.7071067811865829 0.7071067811865122 0
    outer loop
      vertex 103.96634980387425 17.2047246305141 3.3
      vertex 103.8952753694859 17.133650196125743 40
      vertex 103.96634980387425 17.2047246305141 40
    endloop
  endfacet
  facet normal -0.7501110696304352 0.6613118653236796 0
    outer loop
      vertex 104.03282118844126 17.2801216164021 3.3
      vertex 103.96634980387425 17.2047246305141 40
      vertex 104.03282118844126 17.2801216164021 40
    endloop
  endfacet
  facet normal -0.7901550123757174 0.6129070536529415 0
    outer loop
      vertex 104.09442719099991 17.359543596332045 3.3
      vertex 104.03282118844126 17.2801216164021 40
      vertex 104.09442719099991 17.359543596332045 40
    endloop
  endfacet
  facet normal -0.8270805742745094 0.5620833778522077 0
    outer loop
      vertex 104.15092468080323 17.44267712803361 3.3
      vertex 104.09442719099991 17.359543596332045 40
      vertex 104.15092468080323 17.44267712803361 40
    endloop
  endfacet
  facet normal 0.8910065241883258 0.4539904997396292 0
    outer loop
      vertex 101.39790931192982 17.529194121437257 3.3
      vertex 101.35227671605436 17.618753133495886 40
      vertex 101.39790931192982 17.529194121437257 40
    endloop
  endfacet
  facet normal 0.9177546256840129 0.3971478906347071 0
    outer loop
      vertex 101.35227671605436 17.618753133495886 3.3
      vertex 101.3123576225788 17.711000715704515 40
      vertex 101.35227671605436 17.618753133495886 40
    endloop
  endfacet
  facet normal 0.9408807689542256 0.33873792024529076 0
    outer loop
      vertex 101.3123576225788 17.711000715704515 3.3
      vertex 101.27830957392776 17.805572809000086 40
      vertex 101.3123576225788 17.711000715704515 40
    endloop
  endfacet
  facet normal 0.9759167619387411 0.21814324139657063 0
    outer loop
      vertex 101.25026694219419 17.902096180536233 3.3
      vertex 101.22834039883409 18.000189896662842 40
      vertex 101.25026694219419 17.902096180536233 40
    endloop
  endfacet
  facet normal 0.9602936856769276 0.2789911060392828 0
    outer loop
      vertex 101.27830957392776 17.805572809000086 3.3
      vertex 101.25026694219419 17.902096180536233 40
      vertex 101.27830957392776 17.805572809000086 40
    endloop
  endfacet
  facet normal 0.9876883405951385 0.1564344650402258 0
    outer loop
      vertex 101.22834039883409 18.000189896662842 3.3
      vertex 101.21261647789683 18.099466826297114 40
      vertex 101.22834039883409 18.000189896662842 40
    endloop
  endfacet
  facet normal 0.9955619646030817 0.09410831331849574 0
    outer loop
      vertex 101.21261647789683 18.099466826297114 3.3
      vertex 101.20315723451476 18.199535168753098 40
      vertex 101.21261647789683 18.099466826297114 40
    endloop
  endfacet
  facet normal 0.9995065603657335 0.03141075907806782 0
    outer loop
      vertex 101.20315723451476 18.199535168753098 3.3
      vertex 101.2 18.3 40
      vertex 101.20315723451476 18.199535168753098 40
    endloop
  endfacet
  facet normal 0.9995065603657335 -0.03141075907806782 0
    outer loop
      vertex 101.2 18.3 3.3
      vertex 101.20315723451476 18.400464831246904 40
      vertex 101.2 18.3 40
    endloop
  endfacet
  facet normal 0.9955619646030817 -0.09410831331849574 0
    outer loop
      vertex 101.20315723451476 18.400464831246904 3.3
      vertex 101.21261647789683 18.500533173702888 40
      vertex 101.20315723451476 18.400464831246904 40
    endloop
  endfacet
  facet normal 0.9876883405951385 -0.1564344650402258 0
    outer loop
      vertex 101.21261647789683 18.500533173702888 3.3
      vertex 101.22834039883409 18.59981010333716 40
      vertex 101.21261647789683 18.500533173702888 40
    endloop
  endfacet
  facet normal 0.9759167619387411 -0.21814324139657063 0
    outer loop
      vertex 101.22834039883409 18.59981010333716 3.3
      vertex 101.25026694219419 18.697903819463768 40
      vertex 101.22834039883409 18.59981010333716 40
    endloop
  endfacet
  facet normal 0.9602936856769276 -0.2789911060392828 0
    outer loop
      vertex 101.25026694219419 18.697903819463768 3.3
      vertex 101.27830957392776 18.794427190999915 40
      vertex 101.25026694219419 18.697903819463768 40
    endloop
  endfacet
  facet normal 0.9408807689542256 -0.33873792024529076 0
    outer loop
      vertex 101.27830957392776 18.794427190999915 3.3
      vertex 101.3123576225788 18.888999284295487 40
      vertex 101.27830957392776 18.794427190999915 40
    endloop
  endfacet
  facet normal 0.9177546256840129 -0.3971478906347071 0
    outer loop
      vertex 101.3123576225788 18.888999284295487 3.3
      vertex 101.35227671605436 18.981246866504115 40
      vertex 101.3123576225788 18.888999284295487 40
    endloop
  endfacet
  facet normal 0.8910065241883258 -0.4539904997396292 0
    outer loop
      vertex 101.35227671605436 18.981246866504115 3.3
      vertex 101.39790931192982 19.070805878562744 40
      vertex 101.35227671605436 18.981246866504115 40
    endloop
  endfacet
  facet normal 0.8607420270039514 -0.5090414157503581 0
    outer loop
      vertex 101.39790931192982 19.070805878562744 3.3
      vertex 101.44907531919678 19.157322871966397 40
      vertex 101.39790931192982 19.070805878562744 40
    endloop
  endfacet
  facet normal 0.8270805742745639 -0.5620833778521276 0
    outer loop
      vertex 101.44907531919678 19.157322871966397 3.3
      vertex 101.50557280900009 19.240456403667956 40
      vertex 101.44907531919678 19.157322871966397 40
    endloop
  endfacet
  facet normal 0.7901550123757174 -0.6129070536529415 0
    outer loop
      vertex 101.50557280900009 19.240456403667956 3.3
      vertex 101.56717881155873 19.319878383597903 40
      vertex 101.50557280900009 19.240456403667956 40
    endloop
  endfacet
  facet normal 0.7501110696304352 -0.6613118653236796 0
    outer loop
      vertex 101.56717881155873 19.319878383597903 3.3
      vertex 101.63365019612574 19.3952753694859 40
      vertex 101.56717881155873 19.319878383597903 40
    endloop
  endfacet
  facet normal 0.7071067811865829 -0.7071067811865122 0
    outer loop
      vertex 101.63365019612574 19.3952753694859 3.3
      vertex 101.7047246305141 19.46634980387426 40
      vertex 101.63365019612574 19.3952753694859 40
    endloop
  endfacet
  facet normal 0.6613118653236245 -0.7501110696304836 0
    outer loop
      vertex 101.7047246305141 19.46634980387426 3.3
      vertex 101.7801216164021 19.532821188441265 40
      vertex 101.7047246305141 19.46634980387426 40
    endloop
  endfacet
  facet normal 0.6129070536529635 -0.7901550123757003 0
    outer loop
      vertex 101.7801216164021 19.532821188441265 3.3
      vertex 101.85954359633205 19.594427190999916 40
      vertex 101.7801216164021 19.532821188441265 40
    endloop
  endfacet
  facet normal 0.5620833778521352 -0.8270805742745586 0
    outer loop
      vertex 101.85954359633205 19.594427190999916 3.3
      vertex 101.94267712803361 19.650924680803225 40
      vertex 101.85954359633205 19.594427190999916 40
    endloop
  endfacet
  facet normal 0.5090414157503736 -0.8607420270039422 0
    outer loop
      vertex 101.94267712803361 19.650924680803225 3.3
      vertex 102.02919412143726 19.702090688070182 40
      vertex 101.94267712803361 19.650924680803225 40
    endloop
  endfacet
  facet normal -0.8607420270040042 0.509041415750269 0
    outer loop
      vertex 104.20209068807017 17.529194121437257 3.3
      vertex 104.15092468080323 17.44267712803361 40
      vertex 104.20209068807017 17.529194121437257 40
    endloop
  endfacet
  facet normal -0.8910065241883258 0.4539904997396292 0
    outer loop
      vertex 104.24772328394563 17.618753133495886 3.3
      vertex 104.20209068807017 17.529194121437257 40
      vertex 104.24772328394563 17.618753133495886 40
    endloop
  endfacet
  facet normal -0.9177546256840129 0.3971478906347071 0
    outer loop
      vertex 104.2876423774212 17.711000715704515 3.3
      vertex 104.24772328394563 17.618753133495886 40
      vertex 104.2876423774212 17.711000715704515 40
    endloop
  endfacet
  facet normal -0.9408807689542256 0.33873792024529076 0
    outer loop
      vertex 104.32169042607224 17.805572809000086 3.3
      vertex 104.2876423774212 17.711000715704515 40
      vertex 104.32169042607224 17.805572809000086 40
    endloop
  endfacet
  facet normal -0.9602936856769276 0.2789911060392828 0
    outer loop
      vertex 104.3497330578058 17.902096180536233 3.3
      vertex 104.32169042607224 17.805572809000086 40
      vertex 104.3497330578058 17.902096180536233 40
    endloop
  endfacet
  facet normal -0.9759167619387411 0.21814324139657063 0
    outer loop
      vertex 104.3716596011659 18.000189896662842 3.3
      vertex 104.3497330578058 17.902096180536233 40
      vertex 104.3716596011659 18.000189896662842 40
    endloop
  endfacet
  facet normal -0.9876883405951385 0.1564344650402258 0
    outer loop
      vertex 104.38738352210316 18.099466826297114 3.3
      vertex 104.3716596011659 18.000189896662842 40
      vertex 104.38738352210316 18.099466826297114 40
    endloop
  endfacet
  facet normal -0.9955619646030817 0.09410831331849574 0
    outer loop
      vertex 104.39684276548523 18.199535168753098 3.3
      vertex 104.38738352210316 18.099466826297114 40
      vertex 104.39684276548523 18.199535168753098 40
    endloop
  endfacet
  facet normal -0.9995065603657335 0.03141075907806782 0
    outer loop
      vertex 104.39999999999999 18.3 3.3
      vertex 104.39684276548523 18.199535168753098 40
      vertex 104.39999999999999 18.3 40
    endloop
  endfacet
  facet normal -0.9995065603657335 -0.03141075907806782 0
    outer loop
      vertex 104.39684276548523 18.400464831246904 3.3
      vertex 104.39999999999999 18.3 40
      vertex 104.39684276548523 18.400464831246904 40
    endloop
  endfacet
  facet normal -0.9955619646030817 -0.09410831331849574 0
    outer loop
      vertex 104.38738352210316 18.500533173702888 3.3
      vertex 104.39684276548523 18.400464831246904 40
      vertex 104.38738352210316 18.500533173702888 40
    endloop
  endfacet
  facet normal -0.9876883405951385 -0.1564344650402258 0
    outer loop
      vertex 104.3716596011659 18.59981010333716 3.3
      vertex 104.38738352210316 18.500533173702888 40
      vertex 104.3716596011659 18.59981010333716 40
    endloop
  endfacet
  facet normal -0.9759167619387411 -0.21814324139657063 0
    outer loop
      vertex 104.3497330578058 18.697903819463768 3.3
      vertex 104.3716596011659 18.59981010333716 40
      vertex 104.3497330578058 18.697903819463768 40
    endloop
  endfacet
  facet normal -0.7901550123757174 -0.6129070536529415 0
    outer loop
      vertex 104.03282118844126 19.319878383597903 3.3
      vertex 104.09442719099991 19.240456403667956 40
      vertex 104.03282118844126 19.319878383597903 40
    endloop
  endfacet
  facet normal -0.7501110696304352 -0.6613118653236796 0
    outer loop
      vertex 103.96634980387425 19.3952753694859 3.3
      vertex 104.03282118844126 19.319878383597903 40
      vertex 103.96634980387425 19.3952753694859 40
    endloop
  endfacet
  facet normal 0.453990499739545 -0.8910065241883688 0
    outer loop
      vertex 102.02919412143726 19.702090688070182 3.3
      vertex 102.11875313349589 19.747723283945632 40
      vertex 102.02919412143726 19.702090688070182 40
    endloop
  endfacet
  facet normal 0.3971478906347965 -0.9177546256839743 0
    outer loop
      vertex 102.11875313349589 19.747723283945632 3.3
      vertex 102.21100071570451 19.787642377421204 40
      vertex 102.11875313349589 19.747723283945632 40
    endloop
  endfacet
  facet normal 0.3387379202453021 -0.9408807689542217 0
    outer loop
      vertex 102.21100071570451 19.787642377421204 3.3
      vertex 102.30557280900008 19.821690426072248 40
      vertex 102.21100071570451 19.787642377421204 40
    endloop
  endfacet
  facet normal 0.27899110603920807 -0.9602936856769493 0
    outer loop
      vertex 102.30557280900008 19.821690426072248 3.3
      vertex 102.40209618053623 19.84973305780581 40
      vertex 102.30557280900008 19.821690426072248 40
    endloop
  endfacet
  facet normal 0.21814324139655952 -0.9759167619387437 0
    outer loop
      vertex 102.40209618053623 19.84973305780581 3.3
      vertex 102.50018989666283 19.871659601165902 40
      vertex 102.40209618053623 19.84973305780581 40
    endloop
  endfacet
  facet normal 0.1564344650402258 -0.9876883405951385 0
    outer loop
      vertex 102.50018989666283 19.871659601165902 3.3
      vertex 102.5994668262971 19.887383522103164 40
      vertex 102.50018989666283 19.871659601165902 40
    endloop
  endfacet
  facet normal 0.09410831331851753 -0.9955619646030797 0
    outer loop
      vertex 102.5994668262971 19.887383522103164 3.3
      vertex 102.6995351687531 19.896842765485236 40
      vertex 102.5994668262971 19.887383522103164 40
    endloop
  endfacet
  facet normal 0.03141075907814066 -0.9995065603657312 0
    outer loop
      vertex 102.6995351687531 19.896842765485236 3.3
      vertex 102.8 19.900000000000002 40
      vertex 102.6995351687531 19.896842765485236 40
    endloop
  endfacet
  facet normal -0.03141075907814066 -0.9995065603657312 0
    outer loop
      vertex 102.8 19.900000000000002 3.3
      vertex 102.9004648312469 19.896842765485236 40
      vertex 102.8 19.900000000000002 40
    endloop
  endfacet
  facet normal -0.1564344650402258 -0.9876883405951385 0
    outer loop
      vertex 103.00053317370289 19.887383522103164 3.3
      vertex 103.09981010333716 19.871659601165902 40
      vertex 103.00053317370289 19.887383522103164 40
    endloop
  endfacet
  facet normal -0.09410831331851753 -0.9955619646030797 0
    outer loop
      vertex 102.9004648312469 19.896842765485236 3.3
      vertex 103.00053317370289 19.887383522103164 40
      vertex 102.9004648312469 19.896842765485236 40
    endloop
  endfacet
  facet normal -0.7071067811865829 -0.7071067811865122 0
    outer loop
      vertex 103.8952753694859 19.46634980387426 3.3
      vertex 103.96634980387425 19.3952753694859 40
      vertex 103.8952753694859 19.46634980387426 40
    endloop
  endfacet
  facet normal -0.6613118653236245 -0.7501110696304836 0
    outer loop
      vertex 103.8198783835979 19.532821188441265 3.3
      vertex 103.8952753694859 19.46634980387426 40
      vertex 103.8198783835979 19.532821188441265 40
    endloop
  endfacet
  facet normal -0.6129070536529635 -0.7901550123757003 0
    outer loop
      vertex 103.74045640366795 19.594427190999916 3.3
      vertex 103.8198783835979 19.532821188441265 40
      vertex 103.74045640366795 19.594427190999916 40
    endloop
  endfacet
  facet normal -0.5620833778521352 -0.8270805742745586 0
    outer loop
      vertex 103.65732287196639 19.650924680803225 3.3
      vertex 103.74045640366795 19.594427190999916 40
      vertex 103.65732287196639 19.650924680803225 40
    endloop
  endfacet
  facet normal -0.5090414157503736 -0.8607420270039422 0
    outer loop
      vertex 103.57080587856274 19.702090688070182 3.3
      vertex 103.65732287196639 19.650924680803225 40
      vertex 103.57080587856274 19.702090688070182 40
    endloop
  endfacet
  facet normal -0.27899110603920807 -0.9602936856769493 0
    outer loop
      vertex 103.19790381946376 19.84973305780581 3.3
      vertex 103.29442719099991 19.821690426072248 40
      vertex 103.19790381946376 19.84973305780581 40
    endloop
  endfacet
  facet normal -0.453990499739545 -0.8910065241883688 0
    outer loop
      vertex 103.48124686650411 19.747723283945632 3.3
      vertex 103.57080587856274 19.702090688070182 40
      vertex 103.48124686650411 19.747723283945632 40
    endloop
  endfacet
  facet normal -0.3971478906347965 -0.9177546256839743 0
    outer loop
      vertex 103.38899928429548 19.787642377421204 3.3
      vertex 103.48124686650411 19.747723283945632 40
      vertex 103.38899928429548 19.787642377421204 40
    endloop
  endfacet
  facet normal -0.3387379202453021 -0.9408807689542217 0
    outer loop
      vertex 103.29442719099991 19.821690426072248 3.3
      vertex 103.38899928429548 19.787642377421204 40
      vertex 103.29442719099991 19.821690426072248 40
    endloop
  endfacet
  facet normal -0.21814324139655952 -0.9759167619387437 0
    outer loop
      vertex 103.09981010333716 19.871659601165902 3.3
      vertex 103.19790381946376 19.84973305780581 40
      vertex 103.09981010333716 19.871659601165902 40
    endloop
  endfacet
  facet normal -0.9408807689542256 -0.33873792024529076 0
    outer loop
      vertex 104.2876423774212 18.888999284295487 3.3
      vertex 104.32169042607224 18.794427190999915 40
      vertex 104.2876423774212 18.888999284295487 40
    endloop
  endfacet
  facet normal -0.9602936856769276 -0.2789911060392828 0
    outer loop
      vertex 104.32169042607224 18.794427190999915 3.3
      vertex 104.3497330578058 18.697903819463768 40
      vertex 104.32169042607224 18.794427190999915 40
    endloop
  endfacet
  facet normal -0.9177546256840129 -0.3971478906347071 0
    outer loop
      vertex 104.24772328394563 18.981246866504115 3.3
      vertex 104.2876423774212 18.888999284295487 40
      vertex 104.24772328394563 18.981246866504115 40
    endloop
  endfacet
  facet normal -0.8910065241883831 -0.453990499739517 0
    outer loop
      vertex 104.20209068807019 19.070805878562744 3.3
      vertex 104.24772328394563 18.981246866504115 40
      vertex 104.20209068807019 19.070805878562744 40
    endloop
  endfacet
  facet normal -0.8607420270038895 -0.5090414157504629 0
    outer loop
      vertex 104.15092468080321 19.157322871966397 3.3
      vertex 104.20209068807019 19.070805878562744 40
      vertex 104.15092468080321 19.157322871966397 40
    endloop
  endfacet
  facet normal -0.8270805742745639 -0.5620833778521276 0
    outer loop
      vertex 104.09442719099991 19.240456403667956 3.3
      vertex 104.15092468080321 19.157322871966397 40
      vertex 104.09442719099991 19.240456403667956 40
    endloop
  endfacet
endsolid OpenSCAD_Model
